2010-03-18,4640.0,4820.0,4628.0,4628.0,20853,VND
2010-03-19,4399.0,4941.0,4399.0,4579.0,94612,VND
2010-03-22,4700.0,4977.0,4652.0,4977.0,256033,VND
2010-03-23,5061.0,5182.0,4941.0,5182.0,227842,VND
2010-03-24,5459.0,5459.0,5423.0,5459.0,154469,VND
2010-03-25,5543.0,5543.0,5086.0,5086.0,108901,VND
2010-03-26,5387.0,5387.0,4881.0,5182.0,31280,VND
2010-03-29,4941.0,4941.0,4760.0,4760.0,61015,VND
2010-03-30,4941.0,4941.0,4471.0,4471.0,74145,VND
2010-03-31,4820.0,4820.0,4507.0,4507.0,2703,VND
2010-04-01,4857.0,4893.0,4591.0,4881.0,70670,VND
2010-04-02,4941.0,5037.0,4579.0,4579.0,27418,VND
2010-04-05,4591.0,4591.0,4555.0,4555.0,47113,VND
2010-04-06,4579.0,4579.0,4278.0,4567.0,51747,VND
2010-04-07,4700.0,4700.0,4411.0,4640.0,23557,VND
2010-04-08,4760.0,4760.0,4591.0,4591.0,42093,VND
2010-04-09,4579.0,4700.0,4579.0,4616.0,37845,VND
2010-04-12,4531.0,4591.0,4483.0,4483.0,47885,VND
2010-04-13,4582.0,4582.0,4458.0,4458.0,42865,VND
2010-04-14,4681.0,4681.0,4594.0,4644.0,11971,VND
2010-04-15,4421.0,4706.0,4421.0,4706.0,5406,VND
2010-04-16,4706.0,4706.0,4458.0,4458.0,20853,VND
2010-04-19,4334.0,4347.0,4235.0,4272.0,59471,VND
2010-04-20,4334.0,4582.0,4334.0,4582.0,32439,VND
2010-04-21,4594.0,4817.0,4594.0,4656.0,19309,VND
2010-04-22,4892.0,4892.0,4458.0,4458.0,2703,VND
2010-04-26,4706.0,4706.0,4694.0,4706.0,3089,VND
2010-04-27,4582.0,4644.0,4582.0,4644.0,9268,VND
2010-04-28,4582.0,4582.0,4409.0,4409.0,18150,VND
2010-04-29,4582.0,4755.0,4520.0,4755.0,89206,VND
2010-05-04,4978.0,4978.0,4855.0,4978.0,102722,VND
2010-05-05,4954.0,5139.0,4892.0,5139.0,89978,VND
2010-05-06,5201.0,5337.0,4991.0,5337.0,210078,VND
2010-05-07,5560.0,5560.0,5077.0,5189.0,67580,VND
2010-05-10,5139.0,5139.0,4954.0,5077.0,33983,VND
2010-05-11,5300.0,5300.0,5040.0,5065.0,52133,VND
2010-05-12,4966.0,4966.0,4904.0,4904.0,47499,VND
2010-05-13,4817.0,4817.0,4793.0,4793.0,4248,VND
2010-05-14,4817.0,5139.0,4817.0,5065.0,33211,VND
2010-05-17,5077.0,5077.0,5077.0,5077.0,40162,VND
2010-05-19,5077.0,5077.0,4731.0,4731.0,44796,VND
2010-05-20,4731.0,4731.0,4446.0,4458.0,23557,VND
2010-05-21,4446.0,4458.0,4322.0,4334.0,31280,VND
2010-05-24,4656.0,4669.0,4656.0,4669.0,11585,VND
2010-05-25,4830.0,4830.0,4830.0,4830.0,386,VND
2010-05-26,4495.0,4892.0,4495.0,4706.0,22012,VND
2010-05-28,4582.0,4954.0,4582.0,4954.0,18536,VND
2010-05-31,4830.0,4830.0,4830.0,4830.0,386,VND
2010-06-01,4830.0,4954.0,4830.0,4954.0,66036,VND
2010-06-02,4718.0,5015.0,4706.0,4991.0,231704,VND
2010-06-03,4966.0,4966.0,4830.0,4830.0,3862,VND
2010-06-04,4855.0,4954.0,4830.0,4830.0,79938,VND
2010-06-07,4916.0,4954.0,4916.0,4929.0,53678,VND
2010-06-08,4731.0,5176.0,4706.0,5127.0,208920,VND
2010-06-09,5077.0,5176.0,5028.0,5176.0,70284,VND
2010-06-10,5201.0,5201.0,5127.0,5176.0,25101,VND
2010-06-11,5449.0,5449.0,5139.0,5139.0,23170,VND
2010-06-14,4954.0,5015.0,4830.0,5015.0,131685,VND
2010-06-15,4805.0,5139.0,4805.0,5127.0,94999,VND
2010-06-16,4594.0,5139.0,4594.0,5139.0,134388,VND
2010-06-17,5127.0,5127.0,5077.0,5077.0,19309,VND
2010-06-18,5189.0,5474.0,5139.0,5474.0,354507,VND
2010-06-21,5808.0,5808.0,5808.0,5808.0,188453,VND
2010-06-22,6192.0,6204.0,6192.0,6204.0,487737,VND
2010-06-23,6254.0,6638.0,6192.0,6638.0,309711,VND
2010-06-24,6687.0,6786.0,5920.0,6353.0,225525,VND
2010-06-25,6229.0,6675.0,6204.0,6675.0,143270,VND
2010-06-28,6824.0,6885.0,6824.0,6885.0,125506,VND
2010-06-29,7307.0,7356.0,7307.0,7356.0,105039,VND
2010-06-30,7678.0,7851.0,7678.0,7851.0,175323,VND
2010-07-01,7864.0,7864.0,7307.0,7307.0,116624,VND
2010-07-02,7257.0,7257.0,7245.0,7245.0,1931,VND
2010-07-05,7245.0,7245.0,7183.0,7183.0,16219,VND
2010-07-06,7183.0,7183.0,6811.0,6811.0,49044,VND
2010-07-07,7022.0,7059.0,6935.0,6935.0,121645,VND
2010-07-08,7009.0,7492.0,6935.0,7492.0,184591,VND
2010-07-09,7430.0,7728.0,7430.0,7728.0,117397,VND
2010-07-12,7207.0,7430.0,7207.0,7430.0,30894,VND
2010-07-13,7344.0,7814.0,7344.0,7814.0,85344,VND
2010-07-14,8198.0,8198.0,7790.0,7790.0,53678,VND
2010-07-15,7455.0,7963.0,7455.0,7963.0,13516,VND
2010-07-16,7443.0,7889.0,7356.0,7356.0,54837,VND
2010-07-19,7678.0,7678.0,7443.0,7492.0,40162,VND
2010-07-20,7517.0,7517.0,7430.0,7430.0,41321,VND
2010-07-21,7418.0,7418.0,7406.0,7406.0,38617,VND
2010-07-22,7678.0,7926.0,7183.0,7926.0,44410,VND
2010-07-23,7678.0,8050.0,7678.0,8050.0,98860,VND
2010-07-26,7975.0,7975.0,7926.0,7975.0,38617,VND
2010-07-27,7975.0,7975.0,7975.0,7975.0,40548,VND
2010-07-28,7988.0,8037.0,7926.0,7975.0,36686,VND
2010-07-29,7678.0,8000.0,7666.0,8000.0,44410,VND
2010-07-30,8124.0,8124.0,8099.0,8099.0,40548,VND
2010-08-02,8421.0,8669.0,8421.0,8669.0,15061,VND
2010-08-03,8545.0,8545.0,8495.0,8495.0,9654,VND
2010-08-04,8669.0,8669.0,8533.0,8533.0,1545,VND
2010-08-05,8545.0,8557.0,8545.0,8557.0,11585,VND
2010-08-09,7988.0,7988.0,7950.0,7950.0,3862,VND
2010-08-10,8297.0,8533.0,8297.0,8533.0,42865,VND
2010-08-11,8495.0,8644.0,8495.0,8619.0,69897,VND
2010-08-13,8483.0,8533.0,8421.0,8421.0,65649,VND
2010-08-16,8520.0,8533.0,7926.0,7926.0,11971,VND
2010-08-17,8396.0,8409.0,7926.0,7926.0,22012,VND
2010-08-18,7827.0,7827.0,7827.0,7827.0,386,VND
2010-08-19,7678.0,7678.0,7678.0,7678.0,1159,VND
2010-08-20,7430.0,7430.0,7183.0,7183.0,2317,VND
2010-08-23,7430.0,7430.0,6786.0,6786.0,1159,VND
2010-08-25,6972.0,6985.0,6972.0,6985.0,7723,VND
2010-08-26,6972.0,7455.0,6972.0,6985.0,30122,VND
2010-08-30,7059.0,7604.0,7059.0,7604.0,10041,VND
2010-08-31,7542.0,8062.0,7542.0,8062.0,9654,VND
2010-09-01,7864.0,7864.0,7864.0,7864.0,3862,VND
2010-09-06,8409.0,8409.0,8409.0,8409.0,1931,VND
2010-09-07,8706.0,8706.0,8669.0,8669.0,1545,VND
2010-09-09,9288.0,9288.0,8916.0,8916.0,39003,VND
2010-09-10,8669.0,8669.0,8669.0,8669.0,3862,VND
2010-09-13,9259.0,9259.0,9259.0,9259.0,2250,VND
2010-09-16,9890.0,9890.0,9756.0,9756.0,500,VND
2010-09-21,9163.0,9163.0,9163.0,9163.0,250,VND
2010-09-22,8532.0,8532.0,8532.0,8532.0,750,VND
2010-09-27,7939.0,7939.0,7939.0,7939.0,250,VND
2010-09-30,7384.0,7384.0,7384.0,7384.0,500,VND
2010-10-05,6867.0,6867.0,6867.0,6867.0,250,VND
2010-10-11,6389.0,6389.0,6389.0,6389.0,250,VND
2010-10-12,6313.0,6313.0,6313.0,6313.0,500,VND
2010-10-14,5930.0,5930.0,5930.0,5930.0,500,VND
2010-10-20,6332.0,6332.0,6332.0,6332.0,750,VND
2010-10-21,6657.0,6657.0,6600.0,6600.0,1250,VND
2010-10-28,6179.0,6179.0,6179.0,6179.0,250,VND
2010-11-02,6542.0,6542.0,6542.0,6542.0,1250,VND
2010-11-09,6102.0,6102.0,6102.0,6102.0,250,VND
2010-11-15,5739.0,5739.0,5739.0,5739.0,500,VND
2010-11-18,5337.0,6121.0,5337.0,6121.0,2750,VND
2010-11-19,6313.0,6313.0,6313.0,6313.0,250,VND
2010-11-22,6695.0,6753.0,6695.0,6753.0,229000,VND
2010-11-23,7193.0,7193.0,6887.0,6963.0,149500,VND
2010-11-24,6982.0,7040.0,6906.0,7040.0,78750,VND
2010-11-25,6963.0,7078.0,6963.0,7078.0,73750,VND
2010-11-26,6542.0,6867.0,6542.0,6695.0,135000,VND
2010-11-29,6982.0,6982.0,6600.0,6734.0,76500,VND
2010-11-30,6695.0,6695.0,6676.0,6676.0,18500,VND
2010-12-01,6619.0,6695.0,6619.0,6695.0,50000,VND
2010-12-02,6657.0,6829.0,6619.0,6829.0,55000,VND
2010-12-03,6695.0,6695.0,6294.0,6676.0,50500,VND
2010-12-06,6676.0,6714.0,6638.0,6695.0,181000,VND
2010-12-07,6657.0,6695.0,6619.0,6676.0,183250,VND
2010-12-08,6676.0,6695.0,6600.0,6600.0,202750,VND
2010-12-09,6638.0,6887.0,6638.0,6887.0,164250,VND
2010-12-10,6695.0,6887.0,6695.0,6887.0,5000,VND
2010-12-13,6887.0,6887.0,6370.0,6370.0,6500,VND
2010-12-14,6370.0,6370.0,6370.0,6370.0,5000,VND
2010-12-15,6657.0,6695.0,6657.0,6695.0,6500,VND
2010-12-16,6676.0,6676.0,6638.0,6676.0,6750,VND
2010-12-17,6542.0,6600.0,6542.0,6542.0,24750,VND
2010-12-20,6504.0,6523.0,6504.0,6504.0,53750,VND
2010-12-21,6408.0,6408.0,6408.0,6408.0,33750,VND
2010-12-22,6466.0,6485.0,6408.0,6408.0,26250,VND
2010-12-23,6466.0,6466.0,6408.0,6427.0,12250,VND
2010-12-24,6427.0,6466.0,6389.0,6466.0,103250,VND
2010-12-27,6427.0,6447.0,6389.0,6389.0,124000,VND
2010-12-28,6408.0,6408.0,6408.0,6408.0,250,VND
2010-12-29,6408.0,6427.0,6408.0,6427.0,1250,VND
2010-12-30,6408.0,6408.0,6408.0,6408.0,1000,VND
2010-12-31,6408.0,6408.0,6408.0,6408.0,250,VND
2011-01-05,6389.0,6389.0,6389.0,6389.0,1250,VND
2011-01-06,6389.0,6389.0,6389.0,6389.0,1250,VND
2011-01-07,6370.0,6370.0,6370.0,6370.0,750,VND
2011-01-14,5930.0,5930.0,5930.0,5930.0,250,VND
2011-01-19,5528.0,6313.0,5528.0,6313.0,500,VND
2011-01-20,5528.0,5528.0,5528.0,5528.0,250,VND
2011-01-21,5892.0,5892.0,5146.0,5146.0,3000,VND
2011-01-24,6179.0,6179.0,5777.0,5777.0,750,VND
2011-01-25,6370.0,6370.0,6370.0,6370.0,2000,VND
2011-01-27,5930.0,6447.0,5930.0,5930.0,13000,VND
2011-02-10,5701.0,5701.0,5701.0,5701.0,250,VND
2011-02-11,5318.0,5318.0,5318.0,5318.0,3500,VND
2011-02-14,4955.0,4955.0,4955.0,4955.0,25750,VND
2011-02-15,5069.0,5069.0,4610.0,5069.0,1500,VND
2011-02-16,4648.0,4955.0,4648.0,4955.0,1500,VND
2011-02-17,5108.0,5108.0,5108.0,5108.0,1250,VND
2011-02-18,5337.0,5337.0,5146.0,5146.0,750,VND
2011-02-23,5184.0,5567.0,5184.0,5567.0,3750,VND
2011-02-25,5528.0,5528.0,5528.0,5528.0,250,VND
2011-03-02,5528.0,5911.0,5528.0,5911.0,3750,VND
2011-03-04,5834.0,6007.0,5834.0,5834.0,2000,VND
2011-03-07,6351.0,6351.0,6351.0,6351.0,2000,VND
2011-03-14,5911.0,6332.0,5911.0,6332.0,750,VND
2011-03-15,5777.0,5777.0,5777.0,5777.0,2500,VND
2011-03-17,6102.0,6102.0,6102.0,6102.0,250,VND
2011-03-18,6504.0,6504.0,5681.0,5681.0,11500,VND
2011-03-24,5452.0,5452.0,5452.0,5452.0,500,VND
2011-03-25,5548.0,5815.0,5088.0,5088.0,4500,VND
2011-03-29,5720.0,5720.0,5720.0,5720.0,10000,VND
2011-04-01,5892.0,5892.0,5892.0,5892.0,2500,VND
2011-04-08,5490.0,5490.0,5490.0,5490.0,1500,VND
2011-04-18,5107.0,5450.0,5107.0,5450.0,500,VND
2011-04-19,5430.0,5430.0,4925.0,4925.0,10250,VND
2011-04-21,5430.0,5430.0,5046.0,5046.0,2750,VND
2011-04-26,5732.0,5732.0,5732.0,5732.0,10000,VND
2011-05-09,6035.0,6035.0,6035.0,6035.0,10000,VND
2011-05-20,5631.0,6055.0,5631.0,6055.0,11000,VND
2011-05-27,5551.0,6055.0,5551.0,6055.0,500,VND
2011-05-31,6217.0,6217.0,6217.0,6217.0,250,VND
2011-06-01,6055.0,6055.0,6055.0,6055.0,12250,VND
2011-06-14,5631.0,5631.0,5631.0,5631.0,250,VND
2011-06-16,5248.0,5248.0,5248.0,5248.0,1500,VND
2011-06-17,4945.0,4945.0,4945.0,4945.0,500,VND
2011-06-20,4642.0,4642.0,4642.0,4642.0,1500,VND
2011-06-21,4319.0,4340.0,4319.0,4340.0,500,VND
2011-06-22,4037.0,4340.0,4037.0,4340.0,1250,VND
2011-07-19,3936.0,3936.0,3936.0,3936.0,250,VND
2011-07-20,3674.0,3674.0,3674.0,3674.0,250,VND
2011-08-02,3431.0,3431.0,3431.0,3431.0,250,VND
2011-08-16,3391.0,3391.0,3391.0,3391.0,250,VND
2011-08-30,3229.0,3229.0,3229.0,3229.0,2000,VND
2011-09-06,3028.0,3028.0,3028.0,3028.0,5000,VND
2011-09-07,2826.0,2826.0,2826.0,2826.0,17500,VND
2011-09-08,2987.0,3007.0,2644.0,2644.0,9250,VND
2011-09-09,2664.0,2664.0,2543.0,2543.0,5500,VND
2011-09-12,2725.0,2725.0,2725.0,2725.0,5500,VND
2011-09-13,2826.0,2907.0,2826.0,2907.0,3000,VND
2011-09-14,2987.0,2987.0,2886.0,2886.0,6500,VND
2011-09-15,2907.0,2907.0,2826.0,2826.0,7500,VND
2011-09-16,2826.0,2826.0,2826.0,2826.0,5000,VND
2011-09-19,2826.0,2826.0,2826.0,2826.0,4750,VND
2011-09-20,2826.0,2826.0,2826.0,2826.0,250,VND
2011-09-21,2826.0,2826.0,2826.0,2826.0,1000,VND
2011-09-26,2826.0,2826.0,2826.0,2826.0,7500,VND
2011-09-27,2826.0,2826.0,2826.0,2826.0,2500,VND
2011-10-10,3007.0,3007.0,3007.0,3007.0,250,VND
2011-10-13,3209.0,3209.0,3209.0,3209.0,250,VND
2011-10-14,3431.0,3431.0,3431.0,3431.0,250,VND
2011-10-17,3633.0,3633.0,3633.0,3633.0,250,VND
2011-10-18,3835.0,3835.0,3835.0,3835.0,250,VND
2011-10-31,3573.0,3573.0,3573.0,3573.0,250,VND
2011-11-02,3330.0,3330.0,3330.0,3330.0,250,VND
2011-11-04,3532.0,3532.0,3108.0,3108.0,11500,VND
2011-11-07,3734.0,3734.0,3290.0,3694.0,6000,VND
2011-11-08,3916.0,3916.0,3452.0,3896.0,3000,VND
2011-11-09,4037.0,4037.0,4037.0,4037.0,2000,VND
2011-11-14,4259.0,4259.0,4259.0,4259.0,500,VND
2011-11-23,3976.0,3976.0,3976.0,3976.0,250,VND
2011-11-25,3714.0,3714.0,3714.0,3714.0,250,VND
2011-12-02,3896.0,3896.0,3896.0,3896.0,1500,VND
2011-12-13,3633.0,3633.0,3633.0,3633.0,250,VND
2011-12-26,3391.0,3391.0,3391.0,3391.0,250,VND
2011-12-29,3169.0,3169.0,3169.0,3169.0,250,VND
2011-12-30,2967.0,2967.0,2967.0,2967.0,250,VND
2012-01-05,2765.0,2765.0,2765.0,2765.0,250,VND
2012-01-06,2584.0,2584.0,2584.0,2584.0,2500,VND
2012-01-09,2422.0,2422.0,2422.0,2422.0,3250,VND
2012-01-16,2584.0,2584.0,2584.0,2584.0,750,VND
2012-01-19,2745.0,2745.0,2745.0,2745.0,250,VND
2012-01-30,2624.0,2624.0,2624.0,2624.0,1500,VND
2012-01-31,2462.0,2462.0,2442.0,2442.0,750,VND
2012-02-02,2462.0,2584.0,2462.0,2584.0,10500,VND
2012-02-03,2483.0,2604.0,2301.0,2604.0,6500,VND
2012-02-07,2685.0,2685.0,2685.0,2685.0,250,VND
2012-02-08,2866.0,2866.0,2866.0,2866.0,250,VND
2012-02-09,2826.0,2826.0,2685.0,2725.0,4000,VND
2012-02-10,2563.0,2563.0,2563.0,2563.0,250,VND
2012-02-13,2402.0,2402.0,2402.0,2402.0,15750,VND
2012-02-14,2422.0,2442.0,2240.0,2240.0,44750,VND
2012-02-15,2563.0,2563.0,2402.0,2402.0,8250,VND
2012-02-16,2543.0,2543.0,2402.0,2402.0,19750,VND
2012-02-17,2563.0,2563.0,2503.0,2503.0,4750,VND
2012-02-20,2664.0,2685.0,2402.0,2644.0,58250,VND
2012-02-21,2644.0,2644.0,2644.0,2644.0,250,VND
2012-02-22,2806.0,2806.0,2806.0,2806.0,250,VND
2012-02-23,2967.0,2967.0,2967.0,2967.0,1000,VND
2012-02-27,2765.0,2765.0,2765.0,2765.0,5000,VND
2012-02-28,2624.0,2624.0,2584.0,2584.0,24500,VND
2012-02-29,2745.0,2745.0,2725.0,2725.0,500,VND
2012-03-01,2563.0,2563.0,2563.0,2563.0,3750,VND
2012-03-02,2705.0,2705.0,2705.0,2705.0,250,VND
2012-03-05,2725.0,2725.0,2543.0,2584.0,14750,VND
2012-03-06,2624.0,2644.0,2624.0,2644.0,2000,VND
2012-03-07,2644.0,2644.0,2644.0,2644.0,750,VND
2012-03-08,2584.0,2584.0,2584.0,2584.0,5000,VND
2012-03-09,2523.0,2523.0,2523.0,2523.0,500,VND
2012-03-12,2523.0,2523.0,2523.0,2523.0,5500,VND
2012-03-13,2543.0,2604.0,2543.0,2604.0,5500,VND
2012-03-16,2624.0,2624.0,2624.0,2624.0,2500,VND
2012-03-19,2644.0,2644.0,2644.0,2644.0,2000,VND
2012-03-20,2826.0,2826.0,2826.0,2826.0,1500,VND
2012-03-21,3007.0,3007.0,3007.0,3007.0,500,VND
2012-03-22,3209.0,3209.0,3209.0,3209.0,500,VND
2012-03-23,3330.0,3330.0,3330.0,3330.0,250,VND
2012-03-26,3552.0,3552.0,3310.0,3310.0,2000,VND
2012-03-27,3472.0,3472.0,3472.0,3472.0,250,VND
2012-03-28,3229.0,3229.0,3229.0,3229.0,1500,VND
2012-03-29,3007.0,3391.0,3007.0,3391.0,1750,VND
2012-04-03,3391.0,3391.0,3391.0,3391.0,250,VND
2012-04-05,3169.0,3613.0,3169.0,3613.0,1750,VND
2012-04-09,3371.0,3593.0,3371.0,3593.0,3000,VND
2012-04-10,3351.0,3351.0,3351.0,3351.0,250,VND
2012-04-11,3573.0,3573.0,3573.0,3573.0,250,VND
2012-04-12,3815.0,3815.0,3330.0,3330.0,1000,VND
2012-04-13,3532.0,3532.0,3129.0,3532.0,2750,VND
2012-04-16,3774.0,3774.0,3290.0,3290.0,750,VND
2012-04-17,3512.0,3512.0,3088.0,3472.0,1750,VND
2012-04-18,3189.0,3189.0,3007.0,3007.0,1750,VND
2012-04-19,3209.0,3209.0,3209.0,3209.0,250,VND
2012-04-20,3411.0,3411.0,3028.0,3028.0,4500,VND
2012-04-23,3229.0,3229.0,3229.0,3229.0,250,VND
2012-04-24,3452.0,3452.0,3028.0,3028.0,1500,VND
2012-04-25,3229.0,3229.0,2927.0,3229.0,1750,VND
2012-04-27,3452.0,3452.0,3229.0,3452.0,1000,VND
2012-05-02,3270.0,3310.0,3229.0,3310.0,4250,VND
2012-05-03,3270.0,3532.0,3229.0,3532.0,2000,VND
2012-05-04,3774.0,3774.0,3290.0,3734.0,40750,VND
2012-05-07,3754.0,3754.0,3512.0,3532.0,13250,VND
2012-05-08,3552.0,3613.0,3532.0,3613.0,15500,VND
2012-05-09,3633.0,3653.0,3613.0,3653.0,32250,VND
2012-05-10,3855.0,3855.0,3532.0,3774.0,15500,VND
2012-05-11,3552.0,3815.0,3512.0,3815.0,2000,VND
2012-05-14,3896.0,3896.0,3896.0,3896.0,250,VND
2012-05-17,3807.0,3807.0,3807.0,3807.0,500,VND
2012-05-23,3785.0,3785.0,3719.0,3719.0,3250,VND
2012-05-25,3586.0,3586.0,3541.0,3541.0,2000,VND
2012-05-30,3785.0,3785.0,3785.0,3785.0,250,VND
2012-05-31,3873.0,3873.0,3873.0,3873.0,750,VND
2012-06-07,3851.0,3851.0,3851.0,3851.0,250,VND
2012-06-28,3608.0,3608.0,3608.0,3608.0,2500,VND
2012-07-04,3364.0,3785.0,3364.0,3785.0,1500,VND
2012-07-10,3851.0,3851.0,3851.0,3851.0,250,VND
2012-07-13,3652.0,3652.0,3586.0,3608.0,1750,VND
2012-07-23,3364.0,3364.0,3364.0,3364.0,250,VND
2012-07-30,3364.0,3364.0,3364.0,3364.0,250,VND
2012-08-03,3586.0,3586.0,3586.0,3586.0,250,VND
2012-08-10,3807.0,3807.0,3807.0,3807.0,250,VND
2012-08-21,4073.0,4073.0,4073.0,4073.0,250,VND
2012-08-29,4205.0,4205.0,4205.0,4205.0,250,VND
2012-09-04,3918.0,3918.0,3918.0,3918.0,250,VND
2012-09-05,4183.0,4183.0,4183.0,4183.0,250,VND
2012-09-14,3896.0,3896.0,3896.0,3896.0,3250,VND
2012-09-17,3630.0,3652.0,3630.0,3630.0,2000,VND
2012-09-18,3386.0,3386.0,3386.0,3386.0,500,VND
2012-09-19,3165.0,3608.0,3165.0,3608.0,500,VND
2012-09-20,3431.0,3431.0,3364.0,3364.0,7750,VND
2012-09-21,3143.0,3143.0,3143.0,3143.0,250,VND
2012-09-24,2944.0,2944.0,2944.0,2944.0,250,VND
2012-09-27,3143.0,3143.0,3143.0,3143.0,250,VND
2012-09-28,3342.0,3342.0,3342.0,3342.0,4000,VND
2012-10-01,3564.0,3564.0,3564.0,3564.0,7750,VND
2012-10-02,3431.0,3541.0,3431.0,3541.0,3750,VND
2012-10-03,3409.0,3785.0,3409.0,3785.0,5500,VND
2012-10-04,3984.0,3984.0,3984.0,3984.0,250,VND
2012-10-08,3719.0,3719.0,3719.0,3719.0,2750,VND
2012-10-09,3475.0,3696.0,3475.0,3696.0,1500,VND
2012-10-10,3453.0,3453.0,3453.0,3453.0,1000,VND
2012-10-12,3232.0,3232.0,3232.0,3232.0,1000,VND
2012-10-26,3320.0,3320.0,3320.0,3320.0,2500,VND
2012-11-05,3364.0,3364.0,3364.0,3364.0,250,VND
2012-11-21,3386.0,3386.0,3386.0,3386.0,5000,VND
2012-11-26,3409.0,3409.0,3409.0,3409.0,3750,VND
2012-11-28,3409.0,3409.0,3409.0,3409.0,1000,VND
2012-11-29,3409.0,3409.0,3409.0,3409.0,5000,VND
2012-12-05,3431.0,3431.0,3431.0,3431.0,5000,VND
2012-12-06,3453.0,3453.0,3431.0,3431.0,7250,VND
2012-12-07,3431.0,3431.0,3431.0,3431.0,2250,VND
2012-12-10,3630.0,3630.0,3630.0,3630.0,250,VND
2012-12-14,3386.0,3386.0,3386.0,3386.0,1250,VND
2012-12-17,3165.0,3586.0,3165.0,3586.0,2000,VND
2012-12-18,3431.0,3431.0,3386.0,3386.0,7750,VND
2012-12-20,3320.0,3364.0,3320.0,3320.0,36000,VND
2012-12-21,3320.0,3541.0,3276.0,3541.0,43750,VND
2012-12-24,3630.0,3719.0,3608.0,3719.0,29750,VND
2012-12-25,3719.0,3719.0,3719.0,3719.0,250,VND
2012-12-28,3763.0,3763.0,3763.0,3763.0,1750,VND
2013-01-03,3829.0,4006.0,3829.0,4006.0,1750,VND
2013-01-04,4228.0,4272.0,4228.0,4272.0,4500,VND
2013-01-07,4560.0,4560.0,4560.0,4560.0,2500,VND
2013-01-08,4870.0,4870.0,4870.0,4870.0,1250,VND
2013-01-09,5204.0,5204.0,5204.0,5204.0,1250,VND
2013-01-10,5562.0,5562.0,5562.0,5562.0,1250,VND
2013-01-11,5944.0,5944.0,5944.0,5944.0,250,VND
2013-01-14,6350.0,6350.0,6350.0,6350.0,1750,VND
2013-01-15,6971.0,6971.0,6971.0,6971.0,250,VND
2013-01-16,7663.0,7663.0,7663.0,7663.0,1250,VND
2013-01-17,8427.0,8427.0,8427.0,8427.0,500,VND
2013-01-18,8427.0,8427.0,8427.0,8427.0,250,VND
2013-01-21,8427.0,8427.0,7591.0,7591.0,10500,VND
2013-01-22,7591.0,7591.0,7591.0,7591.0,2500,VND
2013-01-23,7162.0,7400.0,7162.0,7400.0,2750,VND
2013-01-24,8140.0,8140.0,8140.0,8140.0,500,VND
2013-01-25,7639.0,7639.0,7639.0,7639.0,2500,VND
2013-01-28,6923.0,6923.0,6923.0,6923.0,1250,VND
2013-01-29,6827.0,6827.0,6827.0,6827.0,1750,VND
2013-01-30,6326.0,6326.0,6326.0,6326.0,105000,VND
2013-01-31,6947.0,6947.0,6947.0,6947.0,250,VND
2013-02-01,6923.0,6923.0,6923.0,6923.0,1250,VND
2013-02-04,6923.0,6923.0,6302.0,6302.0,2750,VND
2013-02-05,5729.0,5729.0,5729.0,5729.0,1000,VND
2013-02-19,5729.0,5729.0,5729.0,5729.0,250,VND
2013-02-20,6302.0,6302.0,6302.0,6302.0,1250,VND
2013-02-21,6923.0,6923.0,6923.0,6923.0,250,VND
2013-02-28,6231.0,6231.0,6231.0,6231.0,250,VND
2013-03-01,5610.0,5610.0,5610.0,5610.0,250,VND
2013-03-04,5061.0,6159.0,5061.0,5061.0,5500,VND
2013-03-05,5658.0,5658.0,5634.0,5634.0,50000,VND
2013-03-06,5085.0,6183.0,5085.0,6183.0,38000,VND
2013-03-07,6780.0,6780.0,6756.0,6780.0,6250,VND
2013-03-08,7162.0,7400.0,7162.0,7400.0,14500,VND
2013-03-11,7639.0,8140.0,7639.0,8140.0,34250,VND
2013-03-12,7639.0,7639.0,7639.0,7639.0,250,VND
2013-03-13,6875.0,6875.0,6875.0,6875.0,5000,VND
2013-03-14,7281.0,7400.0,7281.0,7400.0,500,VND
2013-03-15,6636.0,6684.0,6636.0,6684.0,3500,VND
2013-03-18,7162.0,7162.0,7162.0,7162.0,250,VND
2013-03-19,6446.0,6446.0,6446.0,6446.0,250,VND
2013-03-21,7042.0,7090.0,7042.0,7090.0,8750,VND
2013-03-25,7090.0,7090.0,7090.0,7090.0,10000,VND
2013-03-26,7090.0,7090.0,7090.0,7090.0,2500,VND
2013-04-01,7782.0,7782.0,7782.0,7782.0,500,VND
2013-04-02,7281.0,8355.0,7281.0,8355.0,78750,VND
2013-04-22,8110.0,8110.0,7520.0,7520.0,750,VND
2013-04-24,6783.0,8060.0,6783.0,8060.0,500,VND
2013-04-26,7274.0,7274.0,7274.0,7274.0,250,VND
2013-05-02,6561.0,7249.0,6561.0,7249.0,500,VND
2013-05-03,6537.0,6537.0,6537.0,6537.0,750,VND
2013-05-06,5922.0,5922.0,5922.0,5922.0,250,VND
2013-05-09,6389.0,6389.0,6389.0,6389.0,750,VND
2013-05-16,7028.0,7028.0,7028.0,7028.0,5000,VND
2013-05-17,7028.0,7028.0,7028.0,7028.0,4500,VND
2013-05-30,7716.0,7716.0,7716.0,7716.0,750,VND
2013-06-12,8478.0,8478.0,8478.0,8478.0,250,VND
2013-06-14,9314.0,9314.0,9314.0,9314.0,250,VND
2013-06-25,10223.0,10223.0,8601.0,8601.0,750,VND
2013-07-03,9461.0,9461.0,9461.0,9461.0,250,VND
2013-07-16,8601.0,8601.0,8601.0,8601.0,250,VND
2013-07-31,8601.0,8601.0,8601.0,8601.0,19500,VND
2013-09-18,7741.0,7741.0,7741.0,7741.0,750,VND
2013-09-19,6979.0,6979.0,6979.0,6979.0,2500,VND
2013-09-20,6291.0,6291.0,6291.0,6291.0,750,VND
2013-09-25,6512.0,6512.0,6512.0,6512.0,1250,VND
2013-10-22,6561.0,6561.0,6561.0,6561.0,12500,VND
2013-10-25,7200.0,7200.0,7200.0,7200.0,250,VND
2013-10-29,7864.0,7864.0,7864.0,7864.0,2500,VND
2013-11-01,7864.0,7864.0,7864.0,7864.0,1250,VND
2013-11-04,7864.0,7864.0,7864.0,7864.0,2250,VND
2013-11-05,7864.0,7864.0,7864.0,7864.0,6500,VND
2013-11-06,8110.0,8110.0,7864.0,7864.0,2000,VND
2013-11-07,7864.0,8650.0,7495.0,8650.0,20235,VND
2013-11-08,8650.0,9510.0,8650.0,8650.0,11250,VND
2013-11-11,7987.0,8478.0,7987.0,8478.0,500,VND
2013-11-14,8110.0,8110.0,7864.0,7864.0,2750,VND
2013-11-22,8601.0,8601.0,8601.0,8601.0,2500,VND
2013-11-25,8355.0,8478.0,8355.0,8478.0,1250,VND
2013-11-26,7741.0,9314.0,7643.0,8601.0,1250,VND
2013-12-12,8527.0,8527.0,8527.0,8527.0,4000,VND
2013-12-23,8331.0,8331.0,8331.0,8331.0,500,VND
2013-12-27,8110.0,8110.0,8110.0,8110.0,250,VND
2014-01-06,8110.0,8110.0,8060.0,8060.0,14750,VND
2014-01-08,8060.0,8060.0,7987.0,7987.0,2750,VND
2014-01-10,8601.0,8601.0,8601.0,8601.0,1250,VND
2014-01-17,8478.0,8478.0,8478.0,8478.0,1750,VND
2014-01-21,9314.0,9314.0,9314.0,9314.0,250,VND
2014-01-22,8847.0,8847.0,8847.0,8847.0,3750,VND
2014-02-24,9338.0,9338.0,9338.0,9338.0,1250,VND
2014-02-27,9584.0,9584.0,9584.0,9584.0,500,VND
2014-02-28,9559.0,9559.0,9559.0,9559.0,250,VND
2014-03-13,9338.0,9338.0,9338.0,9338.0,1000,VND
2014-03-20,9584.0,9584.0,9584.0,9584.0,12500,VND
2014-03-21,9830.0,9830.0,9830.0,9830.0,500,VND
2014-03-24,9461.0,9461.0,9461.0,9461.0,5000,VND
2014-03-25,9584.0,9584.0,9584.0,9584.0,250,VND
2014-03-26,9584.0,9584.0,9584.0,9584.0,18000,VND
2014-03-27,9584.0,9584.0,9461.0,9461.0,5250,VND
2014-03-28,9584.0,9584.0,9461.0,9461.0,42750,VND
2014-03-31,10395.0,10395.0,10395.0,10395.0,65000,VND
2014-04-01,11402.0,11427.0,11402.0,11427.0,20250,VND
2014-04-02,12557.0,12557.0,11550.0,12140.0,24500,VND
2014-04-03,10936.0,11058.0,10936.0,11058.0,34250,VND
2014-04-04,10813.0,10936.0,10813.0,10936.0,3500,VND
2014-04-07,11058.0,11058.0,10075.0,10936.0,9250,VND
2014-04-08,11074.0,11074.0,10243.0,10243.0,5500,VND
2014-04-10,10797.0,10797.0,10797.0,10797.0,750,VND
2014-04-11,10797.0,10936.0,10520.0,10520.0,2500,VND
2014-04-14,9690.0,9690.0,9690.0,9690.0,2250,VND
2014-04-15,9136.0,9690.0,9136.0,9690.0,1000,VND
2014-04-16,9413.0,9413.0,9136.0,9136.0,4500,VND
2014-04-17,9690.0,9690.0,9690.0,9690.0,11250,VND
2014-04-18,10105.0,10105.0,10105.0,10105.0,3000,VND
2014-04-21,10797.0,10797.0,10797.0,10797.0,2250,VND
2014-04-25,10991.0,10991.0,10991.0,10991.0,250,VND
2014-05-06,9967.0,9967.0,9911.0,9911.0,750,VND
2014-05-14,8942.0,8942.0,8942.0,8942.0,9250,VND
2014-05-15,8942.0,8942.0,8942.0,8942.0,2750,VND
2014-05-28,9136.0,9136.0,9136.0,9136.0,500,VND
2014-05-29,8306.0,8333.0,8306.0,8306.0,10000,VND
2014-06-04,7752.0,7752.0,7752.0,7752.0,250,VND
2014-06-06,7475.0,7475.0,7475.0,7475.0,250,VND
2014-06-09,8167.0,8167.0,7641.0,8167.0,2750,VND
2014-06-13,8167.0,8167.0,8167.0,8167.0,750,VND
2014-06-16,7530.0,7530.0,7530.0,7530.0,250,VND
2014-06-17,7752.0,7752.0,7752.0,7752.0,1250,VND
2014-06-23,7752.0,7752.0,7752.0,7752.0,2750,VND
2014-06-25,7503.0,7503.0,7503.0,7503.0,250,VND
2014-06-26,7890.0,7890.0,7890.0,7890.0,2500,VND
2014-06-27,7890.0,7890.0,7890.0,7890.0,250,VND
2014-07-03,8444.0,8444.0,8444.0,8444.0,2500,VND
2014-07-04,9136.0,9136.0,9136.0,9136.0,250,VND
2014-07-14,8306.0,8306.0,8306.0,8306.0,2500,VND
2014-07-15,8306.0,8306.0,8306.0,8306.0,0,VND
2014-07-16,8306.0,8306.0,8306.0,8306.0,0,VND
2014-07-17,8306.0,8306.0,8306.0,8306.0,0,VND
2014-07-18,8306.0,8306.0,8306.0,8306.0,0,VND
2014-07-21,8306.0,8306.0,8306.0,8306.0,25,VND
2014-07-22,8582.0,8582.0,8582.0,8582.0,500,VND
2014-07-23,7973.0,7973.0,7973.0,7973.0,250,VND
2014-07-24,8306.0,8306.0,8306.0,8306.0,250,VND
2014-07-25,8306.0,8306.0,8306.0,8306.0,0,VND
2014-07-28,8306.0,8306.0,8306.0,8306.0,0,VND
2014-07-29,8306.0,8306.0,8306.0,8306.0,0,VND
2014-07-30,8582.0,9136.0,8582.0,9136.0,750,VND
2014-07-31,8998.0,8998.0,8998.0,8998.0,750,VND
2014-08-01,8998.0,8998.0,8998.0,8998.0,0,VND
2014-08-14,9274.0,9274.0,9274.0,9274.0,250,VND
2014-08-15,9413.0,10188.0,9413.0,10188.0,3750,VND
2014-08-19,10382.0,10382.0,10382.0,10382.0,250,VND
2014-08-20,9358.0,10354.0,9358.0,10354.0,500,VND
2014-08-21,9828.0,10105.0,9828.0,10105.0,660,VND
2014-08-25,10105.0,11074.0,9441.0,11074.0,3250,VND
2014-08-26,9967.0,9967.0,9967.0,9967.0,250,VND
2014-08-27,8970.0,10825.0,8970.0,10825.0,500,VND
2014-08-29,9745.0,10742.0,9745.0,10742.0,500,VND
2014-09-03,9690.0,10437.0,9690.0,10437.0,500,VND
2014-09-04,9690.0,9690.0,9690.0,9690.0,250,VND
2014-09-09,9690.0,9690.0,9025.0,9025.0,1500,VND
2014-09-11,9911.0,9911.0,9911.0,9911.0,250,VND
2014-09-15,9911.0,10520.0,9911.0,10520.0,1500,VND
2014-09-23,9967.0,9967.0,9967.0,9967.0,2500,VND
2014-09-25,9967.0,9967.0,9967.0,9967.0,250,VND
2014-09-30,9690.0,9690.0,9690.0,9690.0,5000,VND
2014-10-08,10520.0,10520.0,9967.0,9967.0,1750,VND
2014-10-10,10797.0,10797.0,10797.0,10797.0,17500,VND
2014-10-14,11046.0,11046.0,11046.0,11046.0,2500,VND
2014-10-15,11074.0,11074.0,11074.0,11074.0,7750,VND
2014-10-21,11074.0,11074.0,11074.0,11074.0,3250,VND
2014-10-24,10520.0,10520.0,10520.0,10520.0,250,VND
2014-11-07,10797.0,11074.0,10797.0,11074.0,2500,VND
2014-11-10,11074.0,11074.0,11074.0,11074.0,4500,VND
2014-11-13,11074.0,11074.0,11074.0,11074.0,1320,VND
2014-11-14,11074.0,11074.0,11074.0,11074.0,3000,VND
2014-11-18,11074.0,11212.0,11074.0,11212.0,6750,VND
2014-11-20,11074.0,11074.0,11074.0,11074.0,500,VND
2014-11-25,11074.0,11074.0,11074.0,11074.0,4000,VND
2014-11-27,11628.0,11711.0,11628.0,11711.0,1000,VND
2014-12-01,11711.0,11711.0,11711.0,11711.0,1500,VND
2014-12-02,11711.0,11711.0,11711.0,11711.0,1000,VND
2014-12-12,12154.0,12154.0,12154.0,12154.0,250,VND
2014-12-15,10963.0,10963.0,10963.0,10963.0,1250,VND
2014-12-16,10963.0,10963.0,10963.0,10963.0,250,VND
2014-12-23,10963.0,10963.0,10963.0,10963.0,1250,VND
2015-01-29,10797.0,10797.0,10797.0,10797.0,250,VND
2015-01-30,10797.0,11628.0,10797.0,11628.0,1750,VND
2015-02-03,11628.0,11628.0,11628.0,11628.0,1250,VND
2015-03-05,11074.0,12707.0,11074.0,12707.0,1000,VND
2015-03-20,12597.0,12597.0,12597.0,12597.0,1250,VND
2015-03-30,12569.0,12569.0,12569.0,12569.0,250,VND
2015-04-06,11351.0,11351.0,11351.0,11351.0,250,VND
2015-04-13,11628.0,11628.0,11628.0,11628.0,3000,VND
2015-05-04,12154.0,12154.0,12154.0,12154.0,1250,VND
2015-05-11,12458.0,12458.0,12043.0,12320.0,4250,VND
2015-05-12,12735.0,13289.0,12735.0,13289.0,2000,VND
2015-05-14,12735.0,12735.0,11960.0,11960.0,750,VND
2015-05-15,11655.0,11960.0,11628.0,11628.0,1750,VND
2015-05-22,12571.0,12571.0,12571.0,12571.0,500,VND
2015-05-29,12728.0,12728.0,12728.0,12728.0,500,VND
2015-06-01,12728.0,12728.0,12728.0,12728.0,500,VND
2015-06-08,11785.0,11785.0,11785.0,11785.0,750,VND
2015-06-09,11785.0,11785.0,11785.0,11785.0,1250,VND
2015-06-11,11785.0,11785.0,11785.0,11785.0,500,VND
2015-06-12,11628.0,11628.0,11628.0,11628.0,250,VND
2015-06-16,12790.0,12790.0,12790.0,12790.0,1250,VND
2015-06-24,12885.0,12885.0,12885.0,12885.0,500,VND
2015-06-30,12571.0,12571.0,12571.0,12571.0,3000,VND
2015-07-03,12413.0,12413.0,12413.0,12413.0,500,VND
2015-07-06,11251.0,11313.0,11251.0,11313.0,2000,VND
2015-07-29,12445.0,12445.0,12445.0,12445.0,1250,VND
2015-07-30,12445.0,12445.0,12445.0,12445.0,250,VND
2015-08-04,12728.0,13513.0,12665.0,13513.0,2750,VND
2015-08-06,13482.0,13482.0,13482.0,13482.0,7525,VND
2015-08-10,13482.0,13482.0,13419.0,13419.0,7000,VND
2015-08-11,13419.0,13419.0,13419.0,13419.0,3000,VND
2015-08-12,13419.0,13419.0,13419.0,13419.0,9075,VND
2015-08-13,13419.0,13419.0,13419.0,13419.0,6000,VND
2015-08-14,13513.0,13985.0,13513.0,13985.0,2000,VND
2015-08-17,13513.0,13513.0,13513.0,13513.0,500,VND
2015-08-24,13199.0,13199.0,13199.0,13199.0,1500,VND
2015-08-27,14142.0,14142.0,14142.0,14142.0,2250,VND
2015-09-28,14142.0,14142.0,14142.0,14142.0,3500,VND
2015-10-21,14362.0,14362.0,14362.0,14362.0,5000,VND
2015-10-27,12948.0,12948.0,12948.0,12948.0,500,VND
2015-10-28,12979.0,12979.0,12979.0,12979.0,500,VND
2015-10-29,13985.0,14268.0,13985.0,14268.0,11750,VND
2015-10-30,14707.0,14707.0,14613.0,14613.0,1000,VND
2015-11-04,14142.0,14142.0,14142.0,14142.0,3325,VND
2015-11-05,13828.0,13828.0,13828.0,13828.0,250,VND
2015-11-10,13828.0,13828.0,13828.0,13828.0,2500,VND
2015-12-14,12445.0,12445.0,12445.0,12445.0,3000,VND
2015-12-16,13670.0,13670.0,13670.0,13670.0,250,VND
2015-12-30,13670.0,13670.0,13670.0,13670.0,3250,VND
2016-01-12,13670.0,13670.0,13670.0,13670.0,2500,VND
2016-01-18,12885.0,12885.0,12571.0,12571.0,5000,VND
2016-01-19,13513.0,13513.0,13513.0,13513.0,2500,VND
2016-01-26,13513.0,13513.0,13513.0,13513.0,250,VND
2016-02-22,14456.0,14456.0,14456.0,14456.0,8000,VND
2016-02-24,15085.0,15085.0,15085.0,15085.0,250,VND
2016-02-25,15085.0,16593.0,15085.0,16593.0,500,VND
2016-02-26,16593.0,16593.0,16593.0,16593.0,250,VND
2016-02-29,18227.0,18227.0,15085.0,16593.0,750,VND
2016-03-01,18227.0,18227.0,18227.0,18227.0,500,VND
2016-03-02,17002.0,17002.0,16405.0,16405.0,2750,VND
2016-03-09,18039.0,18039.0,18039.0,18039.0,250,VND
2016-03-10,16279.0,16279.0,16247.0,16247.0,1500,VND
2016-03-14,16247.0,17819.0,16216.0,16216.0,3250,VND
2016-03-15,17819.0,17819.0,17819.0,17819.0,250,VND
2016-03-17,19579.0,19579.0,18856.0,18856.0,750,VND
2016-03-18,20113.0,20113.0,20113.0,20113.0,250,VND
2016-03-25,18102.0,18102.0,18102.0,18102.0,250,VND
2016-03-28,19799.0,19799.0,19799.0,19799.0,250,VND
2016-03-29,17819.0,17819.0,17819.0,17819.0,2750,VND
2016-03-30,19453.0,19453.0,19453.0,19453.0,250,VND
2016-04-05,17599.0,17599.0,17599.0,17599.0,250,VND
2016-04-12,17599.0,17599.0,17599.0,17599.0,250,VND
2016-04-15,17599.0,17599.0,17599.0,17599.0,7500,VND
2016-04-22,15839.0,15839.0,15839.0,15839.0,12750,VND
2016-04-25,17410.0,17410.0,17410.0,17410.0,18500,VND
2016-04-26,18227.0,18227.0,18227.0,18227.0,5250,VND
2016-04-27,18227.0,18541.0,18227.0,18541.0,4750,VND
2016-04-28,16970.0,18856.0,16750.0,16750.0,11500,VND
2016-04-29,18227.0,18416.0,16656.0,16656.0,3500,VND
2016-05-04,18227.0,18322.0,18227.0,18322.0,15500,VND
2016-05-05,20113.0,20144.0,20113.0,20144.0,36250,VND
2016-05-06,18227.0,20144.0,18227.0,19044.0,11000,VND
2016-05-09,20207.0,20930.0,20207.0,20930.0,12250,VND
2016-05-10,20113.0,20427.0,20113.0,20427.0,25250,VND
2016-05-11,20427.0,20427.0,19641.0,19641.0,2750,VND
2016-05-12,20427.0,20427.0,18227.0,18227.0,7000,VND
2016-05-13,19799.0,20050.0,19484.0,20050.0,8275,VND
2016-05-16,20113.0,21967.0,20113.0,21967.0,9000,VND
2016-05-17,22941.0,22941.0,21967.0,22627.0,12250,VND
2016-05-18,22941.0,22941.0,20741.0,21998.0,28000,VND
2016-05-19,21998.0,21998.0,21998.0,21998.0,4000,VND
2016-05-20,23570.0,23570.0,20741.0,20741.0,1000,VND
2016-05-23,20741.0,21056.0,20741.0,21056.0,8025,VND
2016-05-24,20741.0,22156.0,20741.0,22156.0,6000,VND
2016-05-25,21283.0,22679.0,20237.0,20237.0,10750,VND
2016-05-27,20237.0,21911.0,20237.0,20237.0,10500,VND
2016-05-30,20585.0,20585.0,20237.0,20237.0,20000,VND
2016-05-31,20585.0,20585.0,20237.0,20585.0,3275,VND
2016-06-01,18666.0,20934.0,18666.0,20934.0,500,VND
2016-06-02,20237.0,21283.0,20237.0,21283.0,500,VND
2016-06-03,20237.0,21632.0,20237.0,20237.0,13500,VND
2016-06-06,21283.0,21807.0,20585.0,20585.0,6750,VND
2016-06-07,21632.0,21807.0,21632.0,21807.0,12250,VND
2016-06-08,21632.0,21632.0,21632.0,21632.0,25000,VND
2016-06-09,20585.0,20585.0,20585.0,20585.0,250,VND
2016-06-10,19539.0,20585.0,19539.0,20585.0,1000,VND
2016-06-13,20934.0,21807.0,20585.0,20585.0,15500,VND
2016-06-15,20585.0,20585.0,20585.0,20585.0,1750,VND
2016-06-17,21632.0,21632.0,21632.0,21632.0,28500,VND
2016-06-22,22679.0,22679.0,22679.0,22679.0,500,VND
2016-06-23,21632.0,23726.0,21632.0,23726.0,14000,VND
2016-06-24,22679.0,22679.0,21353.0,22679.0,20250,VND
2016-06-27,22714.0,22714.0,22714.0,22714.0,5250,VND
2016-06-28,22749.0,22749.0,22749.0,22749.0,2500,VND
2016-06-29,22784.0,25017.0,22784.0,25017.0,2000,VND
2016-07-01,23028.0,23028.0,23028.0,23028.0,750,VND
2016-07-04,25051.0,25121.0,25051.0,25121.0,750,VND
2016-07-08,23726.0,23726.0,23726.0,23726.0,2000,VND
2016-07-11,24075.0,24075.0,23726.0,23726.0,6000,VND
2016-07-12,24772.0,24772.0,24772.0,24772.0,250,VND
2016-07-13,24598.0,24598.0,24598.0,24598.0,250,VND
2016-07-14,25819.0,25819.0,25819.0,25819.0,250,VND
2016-07-15,25819.0,26517.0,25819.0,26517.0,1500,VND
2016-07-20,26517.0,29134.0,26517.0,29134.0,1750,VND
2016-08-04,26342.0,26342.0,26342.0,26342.0,750,VND
2016-08-09,26342.0,26342.0,26342.0,26342.0,250,VND
2016-08-19,26342.0,26342.0,26342.0,26342.0,500,VND
2016-09-06,26377.0,26447.0,26377.0,26447.0,1000,VND
2016-09-22,26517.0,26517.0,26517.0,26517.0,25500,VND
2016-09-23,26517.0,26517.0,26517.0,26517.0,500,VND
2016-09-26,26517.0,26517.0,26517.0,26517.0,100000,VND
2016-09-27,26691.0,26691.0,26691.0,26691.0,1500,VND
2016-09-29,26691.0,26691.0,26691.0,26691.0,2500,VND
2016-10-28,27215.0,27215.0,27215.0,27215.0,750,VND
2016-11-28,26168.0,26168.0,26168.0,26168.0,250,VND
2016-12-21,26168.0,26168.0,26168.0,26168.0,250,VND
2016-12-26,24423.0,24423.0,24423.0,24423.0,2250,VND
2016-12-27,24423.0,24423.0,24423.0,24423.0,250,VND
2017-01-04,21981.0,22679.0,21981.0,22679.0,2680,VND
2017-01-05,23028.0,23063.0,23028.0,23063.0,2750,VND
2017-01-06,23063.0,23063.0,23063.0,23063.0,250,VND
2017-01-10,23063.0,23063.0,23063.0,23063.0,750,VND
2017-01-13,23063.0,23063.0,23063.0,23063.0,2500,VND
2017-01-16,23063.0,23063.0,23063.0,23063.0,2500,VND
2017-01-17,23028.0,23028.0,23028.0,23028.0,4750,VND
2017-01-18,23028.0,23028.0,23028.0,23028.0,250,VND
2017-01-19,23028.0,23028.0,23028.0,23028.0,250,VND
2017-01-23,24423.0,24423.0,24423.0,24423.0,25000,VND
2017-02-06,24389.0,24389.0,24389.0,24389.0,273,VND
2017-02-14,24423.0,24423.0,24423.0,24423.0,1000,VND
2017-02-15,24423.0,24423.0,24423.0,24423.0,6080,VND
2017-02-16,24423.0,24423.0,24423.0,24423.0,758,VND
2017-02-21,23726.0,23726.0,23726.0,23726.0,500,VND
2017-02-24,23028.0,23028.0,23028.0,23028.0,250,VND
2017-02-27,23028.0,23028.0,23028.0,23028.0,1250,VND
2017-03-01,22679.0,22679.0,22679.0,22679.0,1000,VND
2017-03-09,23726.0,23726.0,23726.0,23726.0,250,VND
2017-03-10,23377.0,23377.0,23377.0,23377.0,8000,VND
2017-03-14,23377.0,23377.0,23377.0,23377.0,0,VND
2017-03-16,23726.0,23900.0,23726.0,23900.0,12500,VND
2017-03-17,24423.0,24423.0,24423.0,24423.0,10000,VND
2017-03-20,24423.0,24423.0,24423.0,24423.0,7500,VND
2017-03-21,24423.0,24423.0,24423.0,24423.0,2250,VND
2017-03-22,24423.0,24423.0,24423.0,24423.0,30000,VND
2017-03-23,24423.0,24423.0,24423.0,24423.0,25300,VND
2017-03-24,24423.0,24423.0,24423.0,24423.0,10250,VND
2017-03-27,24423.0,24423.0,24423.0,24423.0,9518,VND
2017-03-28,23028.0,23028.0,22679.0,22679.0,2750,VND
2017-03-30,24423.0,24423.0,24423.0,24423.0,250,VND
2017-04-13,26866.0,26866.0,24423.0,26866.0,22968,VND
2017-04-14,26866.0,26866.0,24772.0,24772.0,5750,VND
2017-04-17,26168.0,26168.0,26168.0,26168.0,250,VND
2017-04-18,25470.0,25470.0,24772.0,24772.0,12500,VND
2017-04-19,25470.0,26168.0,25470.0,25819.0,30500,VND
2017-04-20,27180.0,27180.0,26517.0,26517.0,1500,VND
2017-04-21,26691.0,26691.0,26656.0,26656.0,7575,VND
2017-04-24,25993.0,25993.0,25819.0,25819.0,4500,VND
2017-04-25,25819.0,25819.0,24772.0,25714.0,7000,VND
2017-04-26,25505.0,26517.0,25505.0,26517.0,1800,VND
2017-04-27,26168.0,26168.0,25470.0,25470.0,4250,VND
2017-04-28,25296.0,25296.0,25296.0,25296.0,1500,VND
2017-05-03,22784.0,26168.0,22784.0,26168.0,2500,VND
2017-05-04,25993.0,25993.0,25993.0,25993.0,1500,VND
2017-05-05,24075.0,25993.0,24075.0,25993.0,3250,VND
2017-05-10,25121.0,25121.0,25121.0,25121.0,1500,VND
2017-05-11,24493.0,26168.0,24493.0,26168.0,1750,VND
2017-05-15,25993.0,25993.0,25645.0,25645.0,1500,VND
2017-05-16,25645.0,25819.0,25645.0,25819.0,2750,VND
2017-05-17,25819.0,26168.0,25470.0,26168.0,3500,VND
2017-05-19,26168.0,26866.0,26168.0,26866.0,1000,VND
2017-05-22,26866.0,26866.0,26866.0,26866.0,250,VND
2017-05-24,26691.0,26691.0,26691.0,26691.0,250,VND
2017-05-25,26796.0,26796.0,26796.0,26796.0,250,VND
2017-05-26,26691.0,26691.0,26691.0,26691.0,250,VND
2017-05-30,27145.0,27215.0,27145.0,27215.0,3750,VND
2017-06-02,26866.0,27215.0,26866.0,27215.0,1250,VND
2017-06-05,25993.0,25993.0,25993.0,25993.0,1250,VND
2017-06-07,25993.0,25993.0,25993.0,25993.0,0,VND
2017-06-08,26168.0,26168.0,25993.0,25993.0,1000,VND
2017-06-09,26168.0,26377.0,26168.0,26377.0,3500,VND
2017-06-12,26377.0,26377.0,26377.0,26377.0,268,VND
2017-06-13,27564.0,27912.0,27215.0,27912.0,7800,VND
2017-06-14,27564.0,27912.0,27389.0,27912.0,6000,VND
2017-06-15,28087.0,28087.0,28017.0,28017.0,2750,VND
2017-06-16,28087.0,28261.0,28087.0,28261.0,7000,VND
2017-06-19,30704.0,30704.0,28610.0,28610.0,5000,VND
2017-06-20,28610.0,28785.0,28610.0,28785.0,1500,VND
2017-06-21,28785.0,29483.0,28785.0,29134.0,10855,VND
2017-06-22,28959.0,28959.0,28261.0,28261.0,3250,VND
2017-06-23,28575.0,29308.0,27947.0,27947.0,9000,VND
2017-06-26,27738.0,27947.0,27564.0,27947.0,2750,VND
2017-06-27,27564.0,27564.0,27564.0,27564.0,500,VND
2017-06-28,27912.0,28261.0,27912.0,27912.0,19280,VND
2017-06-29,28610.0,30704.0,27912.0,30704.0,105250,VND
2017-06-30,33146.0,33774.0,32413.0,33774.0,42750,VND
2017-07-03,37124.0,37124.0,33774.0,34891.0,48780,VND
2017-07-04,34891.0,38031.0,32972.0,34193.0,47200,VND
2017-07-05,34891.0,35239.0,34123.0,35239.0,70500,VND
2017-07-06,35790.0,38727.0,35790.0,38727.0,7750,VND
2017-07-07,42581.0,42581.0,42214.0,42581.0,5000,VND
2017-07-10,46711.0,46802.0,38360.0,40379.0,11330,VND
2017-07-11,36708.0,38084.0,36341.0,37625.0,12900,VND
2017-07-12,37625.0,37625.0,37625.0,37625.0,800,VND
2017-07-13,37625.0,37625.0,36249.0,36249.0,3800,VND
2017-07-14,36249.0,39002.0,35974.0,39002.0,3900,VND
2017-07-17,38084.0,38084.0,37625.0,37625.0,2500,VND
2017-07-19,34046.0,36249.0,34046.0,36249.0,550,VND
2017-07-21,35331.0,35423.0,35331.0,35331.0,786,VND
2017-07-24,35331.0,35331.0,32119.0,32119.0,420,VND
2017-07-25,32578.0,33037.0,32119.0,32119.0,1700,VND
2017-07-26,34414.0,35331.0,34414.0,35331.0,1003,VND
2017-07-27,35790.0,35790.0,33037.0,33037.0,2103,VND
2017-07-28,34872.0,34872.0,33129.0,33129.0,1110,VND
2017-07-31,33221.0,33404.0,33221.0,33221.0,1200,VND
2017-08-01,33221.0,33312.0,33037.0,33221.0,1400,VND
2017-08-03,33037.0,33129.0,32853.0,32853.0,3600,VND
2017-08-04,32853.0,32853.0,32853.0,32853.0,300,VND
2017-08-07,32853.0,32853.0,32853.0,32853.0,1320,VND
2017-08-09,32670.0,32670.0,32119.0,32119.0,2500,VND
2017-08-10,32119.0,32119.0,32119.0,32119.0,500,VND
2017-08-11,32119.0,32119.0,31202.0,31202.0,1100,VND
2017-08-14,32119.0,32119.0,31202.0,32119.0,400,VND
2017-08-16,30284.0,30467.0,30284.0,30467.0,2300,VND
2017-08-21,32119.0,32119.0,32119.0,32119.0,100,VND
2017-08-22,32028.0,32028.0,32028.0,32028.0,100,VND
2017-08-25,32119.0,32119.0,32119.0,32119.0,100,VND
2017-08-31,29550.0,29550.0,29366.0,29366.0,900,VND
2017-09-05,31202.0,31202.0,31018.0,31018.0,350,VND
2017-09-06,29366.0,29458.0,29366.0,29458.0,1500,VND
2017-09-07,29825.0,29825.0,29825.0,29825.0,950,VND
2017-09-08,32119.0,32119.0,28449.0,28449.0,6100,VND
2017-09-11,30284.0,30284.0,26613.0,26613.0,1230,VND
2017-09-12,29274.0,29274.0,29274.0,29274.0,100,VND
2017-09-13,30284.0,31202.0,29825.0,31202.0,1903,VND
2017-09-14,28632.0,29825.0,28081.0,29825.0,1400,VND
2017-09-15,30284.0,30284.0,30284.0,30284.0,330,VND
2017-09-18,32119.0,32119.0,32119.0,32119.0,100,VND
2017-09-19,29274.0,30284.0,28907.0,30284.0,3600,VND
2017-09-20,30743.0,31110.0,30284.0,31110.0,500,VND
2017-09-21,31110.0,31569.0,31018.0,31110.0,900,VND
2017-09-22,31018.0,31110.0,31018.0,31110.0,500,VND
2017-09-25,31569.0,31569.0,30284.0,30284.0,600,VND
2017-09-27,31936.0,31936.0,31936.0,31936.0,300,VND
2017-09-28,30743.0,31018.0,30743.0,30743.0,650,VND
2017-09-29,31202.0,31202.0,31202.0,31202.0,300,VND
2017-10-02,31202.0,31202.0,31202.0,31202.0,1110,VND
2017-10-04,31202.0,31202.0,30284.0,30284.0,700,VND
2017-10-05,31936.0,31936.0,31936.0,31936.0,100,VND
2017-10-10,28816.0,30284.0,28816.0,28816.0,13080,VND
2017-10-11,26613.0,27531.0,25971.0,25971.0,25930,VND
2017-10-12,28449.0,28449.0,26705.0,27072.0,3870,VND
2017-10-13,27072.0,27531.0,26338.0,26338.0,9125,VND
2017-10-16,26338.0,26980.0,25879.0,26154.0,5300,VND
2017-10-17,26246.0,26521.0,25971.0,26521.0,2050,VND
2017-10-18,25971.0,26063.0,25695.0,25695.0,1400,VND
2017-10-19,25604.0,25604.0,23126.0,23309.0,11248,VND
2017-10-20,23401.0,24778.0,23401.0,23585.0,2350,VND
2017-10-23,24778.0,24778.0,23585.0,24686.0,2800,VND
2017-10-24,23860.0,24686.0,23860.0,24502.0,4730,VND
2017-10-25,24135.0,24778.0,24135.0,24778.0,3300,VND
2017-10-26,24961.0,26154.0,24778.0,25237.0,3400,VND
2017-10-27,24778.0,24778.0,24594.0,24778.0,2500,VND
2017-10-30,25604.0,25604.0,24135.0,25420.0,3700,VND
2017-10-31,27531.0,27898.0,25420.0,27072.0,3200,VND
2017-11-01,26980.0,27439.0,26613.0,27072.0,2950,VND
2017-11-02,24961.0,27072.0,24961.0,27072.0,2590,VND
2017-11-03,27072.0,27072.0,27072.0,27072.0,220,VND
2017-11-06,25879.0,27256.0,25879.0,27256.0,200,VND
2017-11-09,27256.0,27256.0,27256.0,27256.0,330,VND
2017-11-10,24778.0,26521.0,24778.0,26521.0,620,VND
2017-11-13,25787.0,25787.0,24778.0,24778.0,2600,VND
2017-11-14,24502.0,24778.0,24502.0,24778.0,2450,VND
2017-11-15,25787.0,25787.0,25787.0,25787.0,100,VND
2017-11-16,24778.0,24778.0,23952.0,24778.0,3300,VND
2017-11-17,23860.0,24778.0,23860.0,24778.0,1200,VND
2017-11-21,24686.0,24686.0,24594.0,24686.0,630,VND
2017-11-23,24686.0,24686.0,24686.0,24686.0,1805,VND
2017-11-24,24319.0,24411.0,23860.0,24411.0,1720,VND
2017-11-27,26430.0,26430.0,23401.0,23493.0,4730,VND
2017-11-28,25695.0,25695.0,22667.0,24319.0,3120,VND
2017-11-29,23401.0,24778.0,23126.0,24319.0,2900,VND
2017-11-30,23860.0,24319.0,23309.0,24319.0,1850,VND
2017-12-01,24686.0,24778.0,24319.0,24319.0,1120,VND
2017-12-04,23677.0,23860.0,23677.0,23677.0,3660,VND
2017-12-05,24227.0,24227.0,23768.0,23768.0,450,VND
2017-12-06,23493.0,23860.0,23309.0,23309.0,4000,VND
2017-12-07,23768.0,23860.0,23126.0,23860.0,550,VND
2017-12-08,23126.0,23860.0,22942.0,22942.0,2255,VND
2017-12-11,23126.0,23126.0,22942.0,22942.0,500,VND
2017-12-12,23218.0,23218.0,22942.0,22942.0,1200,VND
2017-12-13,22942.0,22942.0,22484.0,22575.0,1730,VND
2017-12-14,23034.0,23493.0,23034.0,23493.0,1000,VND
2017-12-15,23218.0,24227.0,22759.0,24227.0,8100,VND
2017-12-18,22851.0,22851.0,22851.0,22851.0,100,VND
2017-12-19,24135.0,24961.0,24135.0,24961.0,4310,VND
2017-12-20,23677.0,24594.0,23585.0,23585.0,600,VND
2017-12-21,23401.0,23860.0,23401.0,23860.0,11405,VND
2017-12-22,24594.0,24594.0,23585.0,23860.0,2500,VND
2017-12-25,24227.0,24227.0,24227.0,24227.0,100,VND
2017-12-26,24227.0,24594.0,24044.0,24044.0,3300,VND
2017-12-28,23218.0,23218.0,22025.0,22025.0,1600,VND
2017-12-29,24044.0,24044.0,24044.0,24044.0,1000,VND
2018-01-02,24686.0,24686.0,24044.0,24044.0,6100,VND
2018-01-03,24044.0,24594.0,24044.0,24594.0,4700,VND
2018-01-04,24594.0,24594.0,24594.0,24594.0,350,VND
2018-01-05,24411.0,24411.0,24411.0,24411.0,100,VND
2018-01-08,23401.0,23677.0,23401.0,23677.0,200,VND
2018-01-09,23677.0,23677.0,23677.0,23677.0,2000,VND
2018-01-10,23768.0,23768.0,23768.0,23768.0,550,VND
2018-01-11,23768.0,23768.0,23126.0,23126.0,240,VND
2018-01-12,23218.0,23218.0,22942.0,22942.0,2700,VND
2018-01-15,22942.0,23860.0,22942.0,23860.0,1975,VND
2018-01-16,23218.0,23860.0,23126.0,23860.0,1285,VND
2018-01-17,22942.0,23860.0,22942.0,23860.0,500,VND
2018-01-18,23034.0,23860.0,23034.0,23860.0,1400,VND
2018-01-19,24135.0,24135.0,23126.0,23126.0,400,VND
2018-01-22,23677.0,23677.0,23677.0,23677.0,600,VND
2018-01-23,23493.0,23493.0,23401.0,23401.0,200,VND
2018-01-24,23401.0,23493.0,23401.0,23493.0,400,VND
2018-01-25,22942.0,22942.0,22851.0,22851.0,1700,VND
2018-01-26,22667.0,22667.0,22025.0,22025.0,6750,VND
2018-01-29,21107.0,22025.0,21107.0,21658.0,2050,VND
2018-01-30,22484.0,22942.0,21658.0,21658.0,3800,VND
2018-01-31,22484.0,22484.0,22484.0,22484.0,200,VND
2018-02-01,21291.0,21291.0,21291.0,21291.0,410,VND
2018-02-02,21291.0,22208.0,21291.0,22208.0,800,VND
2018-02-05,22116.0,22116.0,22025.0,22025.0,3900,VND
2018-02-06,21566.0,21566.0,21566.0,21566.0,900,VND
2018-02-07,20832.0,21107.0,20648.0,21107.0,3020,VND
2018-02-08,21107.0,21107.0,21107.0,21107.0,800,VND
2018-02-09,21566.0,22300.0,21107.0,22300.0,3000,VND
2018-02-12,23768.0,23768.0,23768.0,23768.0,100,VND
2018-02-13,21658.0,22025.0,21658.0,22025.0,8800,VND
2018-02-21,21566.0,21566.0,21566.0,21566.0,2820,VND
2018-02-22,22484.0,22484.0,22484.0,22484.0,450,VND
2018-02-23,22484.0,22484.0,22484.0,22484.0,1000,VND
2018-02-26,22484.0,22484.0,22392.0,22392.0,1900,VND
2018-02-27,22484.0,22484.0,21107.0,21107.0,8420,VND
2018-02-28,21107.0,21107.0,21107.0,21107.0,750,VND
2018-03-01,22851.0,22851.0,22575.0,22667.0,1400,VND
2018-03-02,22667.0,22667.0,22667.0,22667.0,1000,VND
2018-03-05,21566.0,21658.0,21566.0,21658.0,6010,VND
2018-03-06,21566.0,22484.0,21566.0,21566.0,3400,VND
2018-03-07,21566.0,22392.0,21382.0,21382.0,5100,VND
2018-03-08,22116.0,22116.0,21382.0,21382.0,3300,VND
2018-03-09,22025.0,22025.0,22025.0,22025.0,1000,VND
2018-03-12,21658.0,22116.0,21658.0,22116.0,4520,VND
2018-03-13,22392.0,22484.0,22116.0,22484.0,4800,VND
2018-03-14,22392.0,22851.0,22392.0,22575.0,7500,VND
2018-03-15,23126.0,23126.0,22667.0,22667.0,740,VND
2018-03-16,23034.0,23034.0,22942.0,22942.0,7000,VND
2018-03-19,22942.0,23401.0,22392.0,22392.0,16800,VND
2018-03-20,22942.0,22942.0,22942.0,22942.0,1380,VND
2018-03-21,22667.0,25237.0,22484.0,24961.0,26670,VND
2018-03-22,24961.0,25053.0,24870.0,24870.0,4100,VND
2018-03-23,22942.0,22942.0,22759.0,22942.0,800,VND
2018-03-27,24594.0,24594.0,22942.0,24502.0,3310,VND
2018-03-28,24686.0,24686.0,24686.0,24686.0,200,VND
2018-03-29,23860.0,23860.0,23126.0,23126.0,5300,VND
2018-03-30,22942.0,24686.0,22942.0,24686.0,600,VND
2018-04-02,22392.0,24870.0,22392.0,24870.0,350,VND
2018-04-03,24778.0,24778.0,24778.0,24778.0,3200,VND
2018-04-05,24778.0,24778.0,24778.0,24778.0,4066,VND
2018-04-06,25237.0,25420.0,24778.0,24778.0,900,VND
2018-04-09,25053.0,25145.0,25053.0,25145.0,1800,VND
2018-04-10,25145.0,25145.0,25145.0,25145.0,700,VND
2018-04-11,24778.0,24778.0,24778.0,24778.0,200,VND
2018-04-12,24411.0,24502.0,24411.0,24502.0,1400,VND
2018-04-13,24502.0,24502.0,23585.0,23677.0,1100,VND
2018-04-16,24594.0,24594.0,23677.0,23677.0,1100,VND
2018-04-17,23677.0,23677.0,23677.0,23677.0,2500,VND
2018-04-19,23677.0,23677.0,23677.0,23677.0,1300,VND
2018-04-20,22942.0,22942.0,22942.0,22942.0,1200,VND
2018-04-23,22942.0,22942.0,22942.0,22942.0,200,VND
2018-04-24,21107.0,21107.0,21107.0,21107.0,100,VND
2018-05-02,23218.0,23218.0,22942.0,22942.0,720,VND
2018-05-03,22942.0,22942.0,22942.0,22942.0,1200,VND
2018-05-07,22942.0,22942.0,22942.0,22942.0,1100,VND
2018-05-09,22025.0,22025.0,22025.0,22025.0,210,VND
2018-05-10,22025.0,22025.0,22025.0,22025.0,900,VND
2018-05-14,22942.0,22942.0,22300.0,22392.0,2519,VND
2018-05-16,22942.0,22942.0,22300.0,22300.0,3000,VND
2018-05-17,22000.0,24000.0,22000.0,23500.0,3619,VND
2018-05-24,23500.0,23500.0,23500.0,23500.0,200,VND
2018-05-28,21500.0,21500.0,21500.0,21500.0,1300,VND
2018-05-29,19500.0,20000.0,19500.0,19700.0,2700,VND
2018-05-30,18500.0,21500.0,18200.0,21500.0,800,VND
2018-06-01,23200.0,23200.0,23200.0,23200.0,100,VND
2018-06-05,22400.0,22400.0,22000.0,22000.0,3000,VND
2018-06-07,21000.0,21000.0,21000.0,21000.0,100,VND
2018-06-08,21000.0,21000.0,21000.0,21000.0,2700,VND
2018-06-11,21000.0,21000.0,21000.0,21000.0,600,VND
2018-06-12,21000.0,21000.0,20500.0,20500.0,1620,VND
2018-06-13,20500.0,20600.0,20500.0,20600.0,3350,VND
2018-06-14,21500.0,21500.0,21500.0,21500.0,200,VND
2018-06-15,21000.0,21000.0,21000.0,21000.0,3100,VND
2018-06-18,21000.0,21000.0,21000.0,21000.0,4900,VND
2018-06-20,20000.0,20300.0,20000.0,20300.0,500,VND
2018-06-21,20300.0,20300.0,20300.0,20300.0,700,VND
2018-06-22,20300.0,20300.0,20000.0,20000.0,1900,VND
2018-06-25,20000.0,20000.0,19900.0,20000.0,5500,VND
2018-06-26,19100.0,19900.0,19100.0,19900.0,1100,VND
2018-06-27,19900.0,19900.0,19500.0,19500.0,1200,VND
2018-06-28,19300.0,19300.0,19300.0,19300.0,200,VND
2018-07-02,19000.0,19000.0,18500.0,18500.0,1300,VND
2018-07-03,18600.0,18600.0,18600.0,18600.0,600,VND
2018-07-05,19900.0,19900.0,19900.0,19900.0,100,VND
2018-07-06,20000.0,20000.0,19800.0,19900.0,520,VND
2018-07-09,19900.0,19900.0,18700.0,18700.0,466,VND
2018-07-10,18100.0,18100.0,18000.0,18000.0,2000,VND
2018-07-11,18100.0,18100.0,18000.0,18000.0,1201,VND
2018-07-12,18000.0,18000.0,17200.0,17200.0,3050,VND
2018-07-18,17500.0,18000.0,17500.0,18000.0,700,VND
2018-07-19,18200.0,18200.0,18200.0,18200.0,8100,VND
2018-07-20,19000.0,19100.0,19000.0,19100.0,347,VND
2018-07-23,21000.0,21000.0,21000.0,21000.0,400,VND
2018-07-24,22000.0,22000.0,21000.0,21200.0,5973,VND
2018-07-26,21200.0,21200.0,21200.0,21200.0,100,VND
2018-07-27,21200.0,21200.0,20500.0,20500.0,2000,VND
2018-07-31,22200.0,22200.0,22200.0,22200.0,100,VND
2018-08-01,21000.0,21000.0,21000.0,21000.0,1200,VND
2018-08-02,20000.0,20000.0,20000.0,20000.0,900,VND
2018-08-03,22000.0,22000.0,22000.0,22000.0,1000,VND
2018-08-06,22000.0,22000.0,22000.0,22000.0,100,VND
2018-08-08,20500.0,22000.0,20500.0,22000.0,1400,VND
2018-08-09,21000.0,21000.0,21000.0,21000.0,1000,VND
2018-08-10,22000.0,22000.0,22000.0,22000.0,1000,VND
2018-08-13,21000.0,21000.0,21000.0,21000.0,100,VND
2018-08-14,21000.0,21000.0,21000.0,21000.0,100,VND
2018-08-15,21000.0,21000.0,20500.0,20500.0,1166,VND
2018-08-17,21000.0,22500.0,21000.0,21000.0,5590,VND
2018-08-21,21900.0,21900.0,21900.0,21900.0,140,VND
2018-08-23,21000.0,21000.0,21000.0,21000.0,100,VND
2018-08-28,20200.0,20200.0,20200.0,20200.0,500,VND
2018-09-06,21700.0,21700.0,21700.0,21700.0,100,VND
2018-09-10,21700.0,21700.0,21700.0,21700.0,2900,VND
2018-09-11,21700.0,21700.0,21700.0,21700.0,1500,VND
2018-09-20,21400.0,21700.0,21400.0,21700.0,200,VND
2018-09-21,21000.0,21000.0,21000.0,21000.0,400,VND
2018-09-24,21000.0,21000.0,20200.0,20200.0,1100,VND
2018-09-25,20200.0,20200.0,20200.0,20200.0,1000,VND
2018-09-26,20200.0,20200.0,20200.0,20200.0,1600,VND
2018-09-27,20200.0,20400.0,20200.0,20200.0,1700,VND
2018-09-28,20200.0,20300.0,20200.0,20300.0,2100,VND
2018-10-03,20300.0,20300.0,20300.0,20300.0,1600,VND
2018-10-04,20200.0,20200.0,20200.0,20200.0,3600,VND
2018-10-05,20100.0,21400.0,20100.0,20100.0,7900,VND
2018-10-09,20000.0,20100.0,20000.0,20000.0,800,VND
2018-10-10,19600.0,19600.0,19500.0,19500.0,5700,VND
2018-10-11,18500.0,18500.0,17600.0,18000.0,2500,VND
2018-10-12,18000.0,18000.0,18000.0,18000.0,3400,VND
2018-10-15,19500.0,19500.0,19500.0,19500.0,100,VND
2018-10-17,19300.0,19500.0,19300.0,19500.0,1000,VND
2018-10-18,19500.0,19500.0,19200.0,19200.0,1300,VND
2018-10-19,19200.0,19200.0,19200.0,19200.0,2000,VND
2018-10-22,19200.0,19200.0,19200.0,19200.0,1100,VND
2018-10-23,19300.0,19300.0,19300.0,19300.0,3300,VND
2018-10-25,19000.0,19500.0,19000.0,19500.0,6420,VND
2018-10-26,19500.0,19500.0,19500.0,19500.0,100,VND
2018-10-29,19100.0,19100.0,19000.0,19000.0,200,VND
2018-10-30,19200.0,19200.0,18600.0,18600.0,2600,VND
2018-11-01,19000.0,19000.0,19000.0,19000.0,700,VND
2018-11-05,17900.0,17900.0,17900.0,17900.0,600,VND
2018-11-06,18500.0,18600.0,18500.0,18600.0,1300,VND
2018-11-07,20000.0,20000.0,20000.0,20000.0,200,VND
2018-11-08,20000.0,20000.0,19200.0,19200.0,1500,VND
2018-11-09,19500.0,19500.0,19300.0,19300.0,1300,VND
2018-11-13,19000.0,19200.0,19000.0,19200.0,800,VND
2018-11-14,19200.0,19200.0,19200.0,19200.0,700,VND
2018-11-15,19500.0,19500.0,19500.0,19500.0,200,VND
2018-11-16,19500.0,19500.0,19300.0,19300.0,800,VND
2018-11-19,19300.0,19300.0,19300.0,19300.0,300,VND
2018-11-20,19500.0,19500.0,19200.0,19200.0,2200,VND
2018-11-21,19500.0,19500.0,19500.0,19500.0,200,VND
2018-11-22,19500.0,19500.0,19500.0,19500.0,100,VND
2018-11-23,19500.0,19500.0,19500.0,19500.0,800,VND
2018-11-26,19500.0,19500.0,19500.0,19500.0,600,VND
2018-11-27,19500.0,19500.0,19500.0,19500.0,1400,VND
2018-11-28,19500.0,19500.0,19000.0,19000.0,1200,VND
2018-11-30,18700.0,18700.0,17800.0,18200.0,600,VND
2018-12-05,19500.0,19500.0,19300.0,19300.0,200,VND
2018-12-07,19200.0,19200.0,19200.0,19200.0,300,VND
2018-12-10,19200.0,19200.0,19200.0,19200.0,1200,VND
2018-12-20,20000.0,20000.0,20000.0,20000.0,200,VND
2018-12-26,18500.0,18500.0,18500.0,18500.0,1200,VND
2019-01-02,18800.0,18800.0,18800.0,18800.0,100,VND
2019-01-07,18800.0,18900.0,18800.0,18800.0,3100,VND
2019-01-08,18800.0,18800.0,18800.0,18800.0,500,VND
2019-01-15,18500.0,18500.0,18500.0,18500.0,200,VND
2019-01-16,18600.0,18600.0,18600.0,18600.0,1000,VND
2019-01-22,17100.0,20400.0,17100.0,20400.0,800,VND
2019-01-25,19100.0,19100.0,19100.0,19100.0,100,VND
2019-01-31,19000.0,19000.0,19000.0,19000.0,100,VND
2019-02-12,19200.0,19300.0,19200.0,19300.0,300,VND
2019-02-13,19000.0,19300.0,19000.0,19300.0,700,VND
2019-02-14,19600.0,19600.0,19400.0,19400.0,400,VND
2019-02-15,19400.0,19400.0,19400.0,19400.0,200,VND
2019-02-19,18500.0,18500.0,18500.0,18500.0,2100,VND
2019-02-20,19000.0,19000.0,19000.0,19000.0,200,VND
2019-02-22,19000.0,19000.0,19000.0,19000.0,1200,VND
2019-02-25,19000.0,19000.0,19000.0,19000.0,2700,VND
2019-02-26,20000.0,20000.0,20000.0,20000.0,1000,VND
2019-02-27,20000.0,20000.0,20000.0,20000.0,500,VND
2019-02-28,19500.0,19500.0,19500.0,19500.0,100,VND
2019-03-01,19500.0,19500.0,19500.0,19500.0,800,VND
2019-03-04,20000.0,20000.0,20000.0,20000.0,3735,VND
2019-03-05,20200.0,21000.0,20200.0,21000.0,5000,VND
2019-03-06,19800.0,19800.0,19500.0,19600.0,4500,VND
2019-03-12,19500.0,19500.0,19500.0,19500.0,200,VND
2019-03-15,19500.0,19500.0,19500.0,19500.0,340,VND
2019-03-18,19500.0,19500.0,19500.0,19500.0,100,VND
2019-03-19,19800.0,19800.0,19500.0,19500.0,500,VND
2019-03-20,19900.0,19900.0,19900.0,19900.0,500,VND
2019-03-21,19800.0,19800.0,19800.0,19800.0,300,VND
2019-04-09,18600.0,19000.0,18600.0,19000.0,2200,VND
2019-04-16,19000.0,19000.0,19000.0,19000.0,600,VND
2019-04-23,19200.0,19200.0,19200.0,19200.0,100,VND
2019-05-03,19500.0,20000.0,19500.0,20000.0,700,VND
2019-05-06,19800.0,19800.0,19800.0,19800.0,2000,VND
2019-05-07,19800.0,19800.0,19800.0,19800.0,2100,VND
2019-05-13,20000.0,20000.0,20000.0,20000.0,100,VND
2019-05-14,19800.0,19800.0,19800.0,19800.0,104,VND
2019-05-20,20000.0,20000.0,20000.0,20000.0,1206,VND
2019-05-22,20900.0,21000.0,20900.0,21000.0,700,VND
2019-05-24,19800.0,19800.0,19800.0,19800.0,2000,VND
2019-05-27,18694.0,18694.0,18694.0,18694.0,300,VND
2019-05-28,18694.0,18788.0,18318.0,18318.0,2800,VND
2019-05-29,18788.0,18788.0,18600.0,18600.0,2500,VND
2019-05-30,19000.0,19000.0,19000.0,19000.0,200,VND
2019-06-04,19200.0,19200.0,19000.0,19000.0,1100,VND
2019-06-05,19000.0,19000.0,19000.0,19000.0,1200,VND
2019-06-06,17500.0,17500.0,17500.0,17500.0,100,VND
2019-06-07,18500.0,19000.0,17500.0,19000.0,14800,VND
2019-06-11,18700.0,18700.0,18700.0,18700.0,100,VND
2019-06-14,20500.0,20500.0,20500.0,20500.0,100,VND
2019-06-18,19000.0,19000.0,19000.0,19000.0,300,VND
2019-06-19,19000.0,19000.0,19000.0,19000.0,1200,VND
2019-06-20,19000.0,19000.0,19000.0,19000.0,1100,VND
2019-06-21,19000.0,19000.0,19000.0,19000.0,1000,VND
2019-06-25,19000.0,19000.0,19000.0,19000.0,900,VND
2019-06-28,19000.0,19000.0,19000.0,19000.0,200,VND
2019-07-19,17900.0,17900.0,17900.0,17900.0,100,VND
2019-08-01,17400.0,17400.0,16700.0,16700.0,500,VND
2019-08-05,18300.0,18300.0,18300.0,18300.0,150,VND
2019-08-07,16500.0,16500.0,16500.0,16500.0,150,VND
2019-08-08,18100.0,18100.0,18100.0,18100.0,100,VND
2019-08-12,19400.0,19400.0,19400.0,19400.0,100,VND
2019-08-16,18200.0,18200.0,18100.0,18100.0,200,VND
2019-08-19,18200.0,18500.0,18200.0,18500.0,400,VND
2019-08-21,17000.0,17000.0,17000.0,17000.0,1000,VND
2019-08-22,18000.0,18000.0,17000.0,17000.0,800,VND
2019-08-30,18500.0,18500.0,18500.0,18500.0,100,VND
2019-09-05,18500.0,18500.0,18500.0,18500.0,100,VND
2019-09-06,17200.0,17200.0,17100.0,17100.0,200,VND
2019-09-09,17200.0,17200.0,17200.0,17200.0,100,VND
2019-09-10,18500.0,18500.0,18500.0,18500.0,1200,VND
2019-09-12,18300.0,18300.0,18300.0,18300.0,100,VND
2019-09-13,18500.0,18500.0,18500.0,18500.0,1700,VND
2019-09-19,18700.0,18700.0,18700.0,18700.0,1000,VND
2019-10-01,17300.0,17300.0,17300.0,17300.0,100,VND
2019-10-07,17300.0,17300.0,17300.0,17300.0,500,VND
2019-10-09,17400.0,17400.0,17400.0,17400.0,100,VND
2019-10-11,18000.0,18000.0,18000.0,18000.0,100,VND
2019-10-14,17800.0,17800.0,17800.0,17800.0,100,VND
2019-10-15,17300.0,17300.0,17300.0,17300.0,500,VND
2019-10-17,17200.0,17300.0,17200.0,17300.0,4500,VND
2019-10-18,17300.0,17300.0,17300.0,17300.0,2500,VND
2019-10-21,17000.0,17000.0,17000.0,17000.0,1300,VND
2019-10-22,16600.0,16600.0,16600.0,16600.0,100,VND
2019-10-23,16800.0,16800.0,16800.0,16800.0,2337,VND
2019-10-24,17000.0,17000.0,17000.0,17000.0,1000,VND
2019-10-29,17900.0,17900.0,17900.0,17900.0,100,VND
2019-10-30,17400.0,17400.0,17300.0,17300.0,500,VND
2019-10-31,17100.0,17100.0,17100.0,17100.0,100,VND
2019-11-04,17500.0,17500.0,17500.0,17500.0,100,VND
2019-11-11,17500.0,17500.0,17500.0,17500.0,100,VND
2019-11-12,17700.0,17700.0,17700.0,17700.0,200,VND
2019-11-22,16000.0,17700.0,16000.0,17700.0,200,VND
2019-11-26,16000.0,16000.0,16000.0,16000.0,100,VND
2019-11-29,17400.0,17400.0,17400.0,17400.0,100,VND
2019-12-02,15700.0,17000.0,15700.0,17000.0,200,VND
2019-12-06,17000.0,17000.0,17000.0,17000.0,400,VND
2019-12-09,17000.0,17000.0,17000.0,17000.0,500,VND
2019-12-17,17000.0,17000.0,17000.0,17000.0,100,VND
2019-12-18,17200.0,17200.0,17200.0,17200.0,100,VND
2019-12-19,15500.0,17000.0,15500.0,17000.0,200,VND
2019-12-20,17200.0,17200.0,17200.0,17200.0,100,VND
2019-12-26,17900.0,17900.0,17900.0,17900.0,100,VND
2019-12-30,16200.0,16200.0,16200.0,16200.0,100,VND
2019-12-31,17000.0,17000.0,16000.0,16000.0,500,VND
2020-01-02,17000.0,17000.0,17000.0,17000.0,2200,VND
2020-01-03,17000.0,17000.0,17000.0,17000.0,3100,VND
2020-01-06,17000.0,17000.0,17000.0,17000.0,1000,VND
2020-01-09,17000.0,17000.0,17000.0,17000.0,700,VND
2020-01-14,15300.0,15600.0,15300.0,15600.0,1100,VND
2020-01-17,16700.0,16700.0,16700.0,16700.0,150,VND
2020-01-20,15100.0,16900.0,15100.0,15700.0,300,VND
2020-01-21,16000.0,17200.0,16000.0,17200.0,2000,VND
2020-01-22,17200.0,17200.0,17200.0,17200.0,2300,VND
2020-01-30,15500.0,17000.0,15500.0,17000.0,600,VND
2020-01-31,17000.0,17500.0,17000.0,17500.0,6000,VND
2020-02-03,17000.0,17500.0,17000.0,17500.0,9000,VND
2020-02-04,17000.0,17000.0,17000.0,17000.0,4030,VND
2020-02-05,15600.0,17200.0,15600.0,17200.0,300,VND
2020-02-06,15800.0,15800.0,15800.0,15800.0,100,VND
2020-02-11,16900.0,16900.0,16900.0,16900.0,100,VND
2020-02-12,16900.0,17000.0,16900.0,17000.0,5100,VND
2020-02-13,17000.0,17000.0,17000.0,17000.0,10000,VND
2020-02-14,17000.0,17000.0,17000.0,17000.0,7400,VND
2020-02-17,17000.0,17000.0,17000.0,17000.0,2700,VND
2020-02-18,16800.0,17000.0,16800.0,16900.0,30520,VND
2020-02-19,17000.0,17200.0,17000.0,17200.0,1400,VND
2020-02-20,17400.0,17400.0,17400.0,17400.0,200,VND
2020-02-21,17000.0,17000.0,17000.0,17000.0,100,VND
2020-02-24,15900.0,17400.0,15900.0,17400.0,400,VND
2020-02-27,17200.0,17200.0,17200.0,17200.0,735,VND
2020-02-28,17200.0,17200.0,17200.0,17200.0,200,VND
2020-03-02,17500.0,17500.0,17500.0,17500.0,9000,VND
2020-03-03,18500.0,18500.0,18000.0,18000.0,34500,VND
2020-03-04,19500.0,19500.0,19000.0,19000.0,16100,VND
2020-03-05,20800.0,20800.0,20800.0,20800.0,100,VND
2020-03-06,19000.0,19000.0,19000.0,19000.0,6900,VND
2020-03-09,19000.0,19000.0,19000.0,19000.0,1000,VND
2020-03-10,17100.0,17200.0,17100.0,17100.0,400,VND
2020-03-11,15800.0,15800.0,15800.0,15800.0,100,VND
2020-03-13,14500.0,14500.0,14500.0,14500.0,100,VND
2020-03-16,13500.0,14600.0,13500.0,14600.0,200,VND
2020-03-17,13500.0,16000.0,13500.0,16000.0,200,VND
2020-03-18,14500.0,17600.0,14500.0,17600.0,500,VND
2020-03-19,15900.0,19000.0,15900.0,19000.0,200,VND
2020-03-20,19500.0,19500.0,19500.0,19500.0,200,VND
2020-03-25,19200.0,19200.0,19200.0,19200.0,100,VND
2020-04-03,19100.0,19200.0,19100.0,19200.0,1200,VND
2020-04-09,19000.0,19000.0,19000.0,19000.0,600,VND
2020-04-20,18000.0,18000.0,18000.0,18000.0,1100,VND
2020-05-07,18000.0,18000.0,18000.0,18000.0,100,VND
2020-05-08,16500.0,16500.0,16200.0,16200.0,1100,VND
2020-05-12,14600.0,14600.0,14600.0,16200.0,0,VND
2020-05-13,16900.0,16900.0,16900.0,16900.0,450,VND
2020-05-14,17000.0,17000.0,17000.0,17000.0,400,VND
2020-05-15,17000.0,17000.0,17000.0,17000.0,100,VND
2020-05-20,18600.0,18600.0,18600.0,18600.0,100,VND
2020-05-22,17000.0,17000.0,17000.0,17000.0,150,VND
2020-05-25,17500.0,17500.0,17500.0,17500.0,210,VND
2020-05-26,17500.0,17500.0,17500.0,17500.0,1000,VND
2020-05-27,17300.0,17300.0,17300.0,17300.0,300,VND
2020-06-08,17300.0,19000.0,17300.0,19000.0,4500,VND
2020-06-09,17800.0,20900.0,17800.0,20900.0,9400,VND
2020-06-10,22900.0,22900.0,20900.0,22900.0,2910,VND
2020-06-11,22900.0,22900.0,22900.0,22900.0,45900,VND
2020-06-12,22900.0,22900.0,21000.0,22900.0,15200,VND
2020-06-15,22900.0,22900.0,22800.0,22900.0,3800,VND
2020-06-16,23900.0,24500.0,23900.0,24500.0,700,VND
2020-06-17,23000.0,23000.0,22100.0,22100.0,2500,VND
2020-06-18,23000.0,23900.0,22000.0,22100.0,1300,VND
2020-06-19,22100.0,22100.0,20300.0,21900.0,1000,VND
2020-06-23,21000.0,21000.0,21000.0,21000.0,5100,VND
2020-06-24,21000.0,21000.0,21000.0,21000.0,2800,VND
2020-06-25,18900.0,21000.0,18900.0,21000.0,6200,VND
2020-06-26,20000.0,20900.0,20000.0,20900.0,400,VND
2020-06-29,21000.0,21000.0,21000.0,21000.0,600,VND
2020-06-30,21000.0,21000.0,21000.0,21000.0,30900,VND
2020-07-10,19900.0,19900.0,19900.0,19900.0,4816,VND
2020-07-15,18000.0,18000.0,18000.0,18000.0,100,VND
2020-07-16,16600.0,16600.0,16500.0,16500.0,5300,VND
2020-07-20,18100.0,18100.0,18100.0,18100.0,200,VND
2020-07-21,18900.0,18900.0,18900.0,18900.0,100,VND
2020-07-22,17100.0,17100.0,17100.0,17100.0,200,VND
2020-07-28,17100.0,17100.0,17000.0,17000.0,700,VND
2020-07-30,17000.0,17000.0,17000.0,17000.0,100,VND
2020-08-05,17000.0,18400.0,17000.0,17000.0,2600,VND
2020-08-10,17000.0,17000.0,17000.0,17000.0,1300,VND
2020-08-12,17000.0,17000.0,16900.0,16900.0,1600,VND
2020-08-13,16200.0,16300.0,16100.0,16200.0,21000,VND
2020-08-14,17000.0,17000.0,17000.0,17000.0,1600,VND
2020-08-18,17900.0,17900.0,17900.0,17900.0,800,VND
2020-08-24,17100.0,17900.0,17000.0,17900.0,3000,VND
2020-08-25,17000.0,17000.0,17000.0,17000.0,1900,VND
2020-08-27,16500.0,16800.0,16500.0,16800.0,3600,VND
2020-08-28,16800.0,16800.0,16800.0,16800.0,500,VND
2020-09-04,16800.0,16800.0,16800.0,16800.0,100,VND
2020-09-07,16200.0,17900.0,16200.0,17900.0,3411,VND
2020-09-09,17900.0,17900.0,17900.0,17900.0,3200,VND
2020-09-10,17900.0,17900.0,17900.0,17900.0,200,VND
2020-09-11,19600.0,19600.0,17600.0,17600.0,600,VND
2020-09-14,19300.0,19300.0,19200.0,19200.0,200,VND
2020-09-21,19100.0,19100.0,19100.0,19100.0,1829,VND
2020-09-22,17400.0,17400.0,17400.0,17400.0,1000,VND
2020-09-23,19100.0,19100.0,19100.0,19100.0,100,VND
2020-09-24,18800.0,18800.0,18800.0,18800.0,500,VND
2020-09-25,18800.0,18800.0,18800.0,18800.0,100,VND
2020-09-28,17300.0,18800.0,17200.0,18800.0,500,VND
2020-09-29,20600.0,20600.0,20600.0,20600.0,100,VND
2020-09-30,22600.0,22600.0,18600.0,18600.0,300,VND
2020-10-01,17200.0,17400.0,17200.0,17400.0,500,VND
2020-10-02,19100.0,19100.0,19100.0,19100.0,100,VND
2020-10-05,17300.0,17300.0,17300.0,17300.0,200,VND
2020-10-06,18800.0,18800.0,17400.0,17500.0,4100,VND
2020-10-07,17800.0,17800.0,17600.0,17600.0,3200,VND
2020-10-08,17800.0,17800.0,17800.0,17800.0,3200,VND
2020-10-09,17400.0,17800.0,17400.0,17800.0,622,VND
2020-10-12,17800.0,17800.0,17800.0,17800.0,2500,VND
2020-10-13,17800.0,18000.0,17800.0,18000.0,2100,VND
2020-10-14,17600.0,18000.0,17600.0,18000.0,700,VND
2020-10-20,18000.0,18000.0,18000.0,18000.0,200,VND
2020-10-22,18000.0,18000.0,18000.0,18000.0,1000,VND
2020-10-26,17700.0,17700.0,17700.0,17700.0,420,VND
2020-10-27,16800.0,17600.0,16800.0,17600.0,3700,VND
2020-10-28,17000.0,17000.0,17000.0,17000.0,3700,VND
2020-11-06,17800.0,17800.0,17800.0,17800.0,100,VND
2020-11-10,17500.0,18000.0,17500.0,18000.0,700,VND
2020-11-12,17000.0,17000.0,17000.0,17000.0,1000,VND
2020-11-13,18700.0,18700.0,18700.0,18700.0,100,VND
2020-11-16,18000.0,18000.0,18000.0,18000.0,100,VND
2020-11-17,18000.0,18000.0,18000.0,18000.0,8000,VND
2020-11-18,17300.0,17500.0,17300.0,17500.0,200,VND
2020-11-20,18500.0,18500.0,18000.0,18000.0,800,VND
2020-11-23,18000.0,18000.0,18000.0,18000.0,1600,VND
2020-11-25,18000.0,18200.0,17400.0,18200.0,7700,VND
2020-11-26,18000.0,18200.0,18000.0,18200.0,9200,VND
2020-11-27,18100.0,18100.0,18100.0,18100.0,2000,VND
2020-12-01,19400.0,19400.0,19400.0,19400.0,200,VND
2020-12-04,18200.0,18200.0,18200.0,18200.0,100,VND
2020-12-07,19400.0,19400.0,19400.0,19400.0,1000,VND
2020-12-08,18300.0,18300.0,18300.0,18300.0,1120,VND
2020-12-09,18100.0,18500.0,18100.0,18500.0,15200,VND
2020-12-10,17800.0,18000.0,17800.0,17900.0,700,VND
2020-12-11,17900.0,18000.0,17900.0,18000.0,8900,VND
2020-12-14,18000.0,18500.0,18000.0,18000.0,3700,VND
2020-12-15,18100.0,18300.0,18000.0,18300.0,9900,VND
2020-12-16,18300.0,18300.0,18300.0,18300.0,500,VND
2020-12-17,18500.0,18500.0,18500.0,18500.0,600,VND
2020-12-18,18500.0,18500.0,17600.0,18500.0,7500,VND
2020-12-22,18500.0,18900.0,18500.0,18800.0,3200,VND
2020-12-23,18800.0,18800.0,18000.0,18000.0,5710,VND
2020-12-24,18500.0,18800.0,18500.0,18800.0,600,VND
2020-12-25,18700.0,18700.0,18700.0,18700.0,700,VND
2020-12-28,18000.0,19200.0,18000.0,19400.0,14900,VND
2020-12-29,19400.0,20000.0,19400.0,20000.0,2610,VND
2020-12-30,19900.0,22000.0,19900.0,22000.0,3510,VND
2020-12-31,22000.0,22500.0,22000.0,22500.0,2700,VND
2021-01-04,22500.0,24000.0,22500.0,23900.0,16595,VND
2021-01-05,23000.0,23500.0,23000.0,23000.0,9100,VND
2021-01-06,22000.0,22000.0,20700.0,21000.0,1800,VND
2021-01-07,22500.0,22500.0,22000.0,22000.0,1210,VND
2021-01-08,22000.0,22800.0,22000.0,22400.0,5700,VND
2021-01-12,22000.0,22000.0,22000.0,22000.0,200,VND
2021-01-13,19800.0,22200.0,19800.0,22000.0,5400,VND
2021-01-15,22000.0,22100.0,22000.0,22100.0,1700,VND
2021-01-19,21900.0,21900.0,20100.0,20100.0,2200,VND
2021-01-22,21000.0,21000.0,21000.0,21000.0,500,VND
2021-01-25,19000.0,22900.0,18900.0,22900.0,1400,VND
2021-01-26,22800.0,22800.0,22800.0,22800.0,1000,VND
2021-01-27,22800.0,22800.0,22800.0,22800.0,100,VND
2021-02-04,23500.0,23500.0,23500.0,23500.0,100,VND
2021-02-09,23400.0,23500.0,21200.0,21300.0,1700,VND
2021-02-17,22500.0,22500.0,22500.0,22500.0,100,VND
2021-02-18,22500.0,22500.0,22500.0,22500.0,1000,VND
2021-02-19,22500.0,22500.0,22500.0,22500.0,100,VND
2021-02-22,22400.0,22400.0,22200.0,22200.0,600,VND
2021-02-26,22400.0,22400.0,22400.0,22400.0,100,VND
2021-03-01,22400.0,22500.0,20300.0,20300.0,3520,VND
2021-03-03,20600.0,20600.0,20600.0,20600.0,100,VND
2021-03-04,21000.0,21000.0,21000.0,21000.0,1100,VND
2021-03-09,20000.0,21800.0,20000.0,21800.0,500,VND
2021-03-10,21700.0,21800.0,21700.0,21700.0,2700,VND
2021-03-12,22000.0,22000.0,22000.0,22000.0,100,VND
2021-03-15,22000.0,22000.0,22000.0,22000.0,400,VND
2021-03-16,21500.0,21500.0,21500.0,21500.0,1900,VND
2021-03-17,21000.0,21500.0,21000.0,21500.0,275,VND
2021-03-18,20400.0,20400.0,20100.0,20100.0,1000,VND
2021-03-19,20300.0,20500.0,20300.0,20500.0,900,VND
2021-03-22,21900.0,21900.0,21000.0,21000.0,5600,VND
2021-03-23,21400.0,23000.0,21400.0,23000.0,8600,VND
2021-03-25,22700.0,23300.0,22700.0,23000.0,1450,VND
2021-03-26,21400.0,22800.0,21400.0,22800.0,300,VND
2021-03-30,23000.0,23000.0,23000.0,23000.0,100,VND
2021-03-31,24000.0,24000.0,23000.0,23000.0,5400,VND
2021-04-01,23000.0,23000.0,23000.0,23000.0,185,VND
2021-04-02,22300.0,22300.0,22000.0,22000.0,700,VND
2021-04-06,21500.0,21500.0,21500.0,21500.0,110,VND
2021-04-07,21500.0,21500.0,21500.0,21500.0,500,VND
2021-04-09,22600.0,22600.0,21500.0,21500.0,1656,VND
2021-04-13,21500.0,22000.0,21500.0,21500.0,700,VND
2021-04-15,21500.0,21500.0,21500.0,21500.0,3500,VND
2021-04-16,21500.0,21500.0,21100.0,21100.0,8000,VND
2021-04-19,21200.0,21500.0,21200.0,21500.0,2000,VND
2021-04-20,21500.0,21500.0,21500.0,21500.0,100,VND
2021-04-26,23600.0,23600.0,21500.0,21500.0,5800,VND
2021-04-29,20500.0,20500.0,20500.0,20500.0,9400,VND
2021-05-04,20000.0,20500.0,20000.0,20500.0,3500,VND
2021-05-05,20500.0,20500.0,20500.0,20500.0,3100,VND
2021-05-10,20500.0,20500.0,20500.0,20500.0,400,VND
2021-05-12,19700.0,19700.0,19700.0,19700.0,100,VND
2021-05-14,21000.0,21600.0,21000.0,21600.0,11600,VND
2021-05-17,22300.0,22300.0,21000.0,21500.0,8100,VND
2021-05-18,21000.0,22100.0,21000.0,22100.0,3400,VND
2021-05-19,21900.0,21900.0,21900.0,21900.0,700,VND
2021-05-21,20100.0,20100.0,20100.0,20100.0,3000,VND
2021-05-24,21500.0,22000.0,21100.0,22000.0,4900,VND
2021-05-25,22200.0,22500.0,22200.0,22500.0,10000,VND
2021-05-26,22000.0,22000.0,21900.0,21900.0,1900,VND
2021-05-31,21900.0,21900.0,21500.0,21500.0,3820,VND
2021-06-01,22000.0,22000.0,22000.0,22000.0,200,VND
2021-06-02,20600.0,21000.0,20600.0,21000.0,9500,VND
2021-06-03,21000.0,21800.0,21000.0,21800.0,13000,VND
2021-06-04,21800.0,22000.0,21500.0,21500.0,3700,VND
2021-06-07,21900.0,22500.0,21700.0,22000.0,8300,VND
2021-06-08,23000.0,23000.0,22000.0,22000.0,16000,VND
2021-06-09,20000.0,20900.0,20000.0,20500.0,1100,VND
2021-06-10,21000.0,21000.0,20500.0,20500.0,6500,VND
2021-06-11,19100.0,20600.0,18900.0,20500.0,6700,VND
2021-06-14,19200.0,19600.0,19200.0,19600.0,300,VND
2021-06-15,19500.0,19600.0,19500.0,19600.0,300,VND
2021-06-16,19600.0,19600.0,19600.0,19600.0,1500,VND
2021-06-17,19000.0,19000.0,18800.0,18800.0,6000,VND
2021-06-21,19000.0,19000.0,19000.0,19000.0,2200,VND
2021-06-23,19700.0,19700.0,19000.0,19000.0,14700,VND
2021-06-25,19000.0,19500.0,19000.0,19500.0,10800,VND
2021-06-28,19500.0,21400.0,19500.0,21400.0,12500,VND
2021-06-29,21200.0,21800.0,21200.0,21800.0,16000,VND
2021-06-30,21700.0,22400.0,21700.0,22400.0,9200,VND
2021-07-01,21500.0,21500.0,21500.0,21500.0,100,VND
2021-07-02,20000.0,20000.0,19800.0,19800.0,7100,VND
2021-07-05,19500.0,19500.0,19500.0,19500.0,3000,VND
2021-07-06,19500.0,19500.0,19000.0,19000.0,33400,VND
2021-07-08,19100.0,19100.0,19100.0,19100.0,100,VND
2021-07-09,19000.0,19000.0,18900.0,18900.0,6220,VND
2021-07-12,18500.0,18600.0,18500.0,18600.0,11500,VND
2021-07-14,18500.0,18600.0,18500.0,18600.0,319,VND
2021-07-22,19000.0,19000.0,19000.0,19000.0,200,VND
2021-07-23,19000.0,19000.0,19000.0,19000.0,13100,VND
2021-07-27,19000.0,19000.0,19000.0,19000.0,300,VND
2021-07-29,18500.0,18500.0,18500.0,18500.0,700,VND
2021-07-30,18500.0,18500.0,18500.0,18500.0,5000,VND
2021-08-05,19900.0,19900.0,19500.0,19700.0,1000,VND
2021-08-09,19700.0,19700.0,19700.0,19700.0,1100,VND
2021-08-10,19700.0,19700.0,19700.0,19700.0,100,VND
2021-08-13,19900.0,19900.0,19900.0,19900.0,2000,VND
2021-08-17,19900.0,19900.0,19900.0,19900.0,4300,VND
2021-08-19,19900.0,19900.0,19900.0,19900.0,13000,VND
2021-08-20,20000.0,20500.0,19900.0,19900.0,71300,VND
2021-08-23,20500.0,20500.0,19800.0,19800.0,4200,VND
2021-08-24,19800.0,19800.0,19800.0,19800.0,500,VND
2021-08-25,20900.0,20900.0,20900.0,20900.0,100,VND
2021-08-31,19500.0,20900.0,19500.0,20800.0,5100,VND
2021-09-06,20500.0,21000.0,20500.0,20800.0,17500,VND
2021-09-07,20900.0,21000.0,20900.0,20900.0,3370,VND
2021-09-08,21000.0,21000.0,21000.0,21000.0,100,VND
2021-09-10,19800.0,19800.0,19700.0,19700.0,900,VND
2021-09-13,19900.0,20000.0,19900.0,20000.0,1100,VND
2021-09-14,21000.0,21000.0,21000.0,21000.0,100,VND
2021-09-17,21000.0,21000.0,21000.0,21000.0,2400,VND
2021-09-20,21000.0,21000.0,20900.0,20900.0,2800,VND
2021-09-21,19800.0,20900.0,19800.0,20900.0,3500,VND
2021-09-22,20100.0,20900.0,19800.0,20900.0,5600,VND
2021-09-23,20200.0,20900.0,20200.0,20900.0,14300,VND
2021-09-24,20900.0,20900.0,20900.0,20900.0,3000,VND
2021-09-27,20800.0,20900.0,20800.0,20900.0,11200,VND
2021-09-28,20900.0,20900.0,20000.0,20100.0,9701,VND
2021-09-29,21000.0,22100.0,21000.0,22100.0,8700,VND
2021-09-30,19900.0,24300.0,19900.0,24300.0,800,VND
2021-10-01,23900.0,23900.0,23900.0,23900.0,400,VND
