2017-07-12,26058.0,26058.0,26058.0,26058.0,9000,VND
2017-07-13,29904.0,29904.0,26058.0,26058.0,1600,VND
2017-07-17,25000.0,25000.0,25000.0,25000.0,100,VND
2017-07-18,21250.0,24519.0,21250.0,24038.0,3600,VND
2017-07-19,23462.0,23462.0,21154.0,21154.0,5100,VND
2017-07-20,23462.0,23462.0,23462.0,23462.0,6100,VND
2017-07-21,21154.0,25000.0,21154.0,21154.0,1500,VND
2017-07-24,19712.0,23077.0,19712.0,23077.0,1100,VND
2017-07-25,19712.0,24038.0,19712.0,24038.0,300,VND
2017-07-26,21154.0,24327.0,21154.0,24327.0,2300,VND
2017-07-27,21635.0,21635.0,21635.0,21635.0,100,VND
2017-07-28,23077.0,23077.0,22212.0,22212.0,10100,VND
2017-07-31,23077.0,23077.0,23077.0,23077.0,1000,VND
2017-08-01,22115.0,22115.0,21635.0,21635.0,14700,VND
2017-08-02,21635.0,22019.0,21635.0,22019.0,10800,VND
2017-08-03,18750.0,21731.0,18750.0,21731.0,800,VND
2017-08-04,17019.0,22885.0,17019.0,22885.0,22600,VND
2017-08-07,19327.0,21346.0,19327.0,21346.0,4000,VND
2017-08-08,19712.0,22308.0,16635.0,22308.0,10400,VND
2017-08-09,18462.0,22981.0,18462.0,21154.0,9600,VND
2017-08-10,18365.0,21250.0,18365.0,21250.0,1600,VND
2017-08-11,18462.0,21250.0,18462.0,21154.0,3900,VND
2017-08-14,21154.0,21154.0,20673.0,20673.0,2500,VND
2017-08-16,21154.0,22596.0,21154.0,21154.0,8200,VND
2017-08-17,19231.0,22596.0,19231.0,22596.0,5500,VND
2017-08-18,21731.0,21731.0,21731.0,21731.0,200,VND
2017-08-21,19904.0,24808.0,19904.0,24423.0,1500,VND
2017-08-22,20385.0,22692.0,20385.0,22692.0,5200,VND
2017-08-23,21250.0,21250.0,21250.0,21250.0,200,VND
2017-08-24,19808.0,22692.0,19808.0,22692.0,3400,VND
2017-08-25,20865.0,23077.0,20865.0,23077.0,15000,VND
2017-08-28,23558.0,23558.0,21731.0,23173.0,8700,VND
2017-08-29,26442.0,26538.0,25481.0,25962.0,47200,VND
2017-08-30,25962.0,26635.0,23173.0,23365.0,15800,VND
2017-08-31,22212.0,24615.0,22212.0,22981.0,2100,VND
2017-09-01,21346.0,24038.0,21346.0,23942.0,3700,VND
2017-09-05,25865.0,25865.0,22981.0,23942.0,2200,VND
2017-09-06,21250.0,25769.0,21250.0,24038.0,10300,VND
2017-09-07,24038.0,24038.0,24038.0,24038.0,300,VND
2017-09-12,25865.0,25865.0,22788.0,24038.0,3600,VND
2017-09-13,22981.0,23269.0,22596.0,23269.0,13800,VND
2017-09-14,23558.0,23558.0,22596.0,22596.0,7200,VND
2017-09-15,22692.0,22692.0,22692.0,22692.0,300,VND
2017-09-18,23942.0,23942.0,23942.0,23942.0,200,VND
2017-09-19,23269.0,23269.0,22692.0,22692.0,5300,VND
2017-09-20,23077.0,23365.0,23077.0,23365.0,1600,VND
2017-09-21,25865.0,25865.0,25865.0,25865.0,1600,VND
2017-09-22,22981.0,23077.0,22788.0,22788.0,5700,VND
2017-09-25,22788.0,24423.0,22788.0,24423.0,3000,VND
2017-09-26,23942.0,23942.0,23077.0,23077.0,1100,VND
2017-09-27,23077.0,23077.0,23077.0,23077.0,100,VND
2017-09-28,25288.0,25288.0,25288.0,25288.0,1500,VND
2017-09-29,23173.0,23173.0,23173.0,23173.0,100,VND
2017-10-02,23558.0,23654.0,23558.0,23654.0,300,VND
2017-10-03,23173.0,23173.0,23173.0,23173.0,4100,VND
2017-10-04,22115.0,23365.0,22115.0,23173.0,6800,VND
2017-10-05,23654.0,24231.0,23365.0,23750.0,10900,VND
2017-10-06,23173.0,24038.0,23173.0,24038.0,600,VND
2017-10-09,24038.0,24038.0,22596.0,24038.0,800,VND
2017-10-10,23173.0,23750.0,23077.0,23558.0,7600,VND
2017-10-11,24904.0,24904.0,24904.0,24904.0,100,VND
2017-10-12,23269.0,24423.0,23269.0,24423.0,300,VND
2017-10-13,24038.0,24038.0,23173.0,23173.0,2100,VND
2017-10-16,23558.0,24038.0,23558.0,24038.0,7800,VND
2017-10-17,26442.0,26442.0,23750.0,23750.0,2700,VND
2017-10-18,23269.0,23942.0,23269.0,23846.0,11150,VND
2017-10-19,24327.0,24327.0,23846.0,24135.0,3700,VND
2017-10-20,25769.0,25769.0,24135.0,25769.0,13800,VND
2017-10-23,28942.0,28942.0,25288.0,28942.0,44750,VND
2017-10-24,33269.0,33269.0,27404.0,27404.0,5600,VND
2017-10-25,27404.0,28365.0,27115.0,28365.0,16000,VND
2017-10-26,28846.0,28846.0,27692.0,27885.0,9300,VND
2017-10-27,28750.0,28750.0,28750.0,28750.0,100,VND
2017-10-30,27885.0,27885.0,26923.0,26923.0,3100,VND
2017-10-31,27308.0,27308.0,25000.0,25000.0,3700,VND
2017-11-01,25577.0,25577.0,25577.0,25577.0,800,VND
2017-11-02,25577.0,25769.0,25577.0,25769.0,4800,VND
2017-11-03,25481.0,25962.0,25481.0,25962.0,1700,VND
2017-11-06,25000.0,25577.0,25000.0,25577.0,1200,VND
2017-11-07,26346.0,26346.0,24423.0,24423.0,1600,VND
2017-11-08,25000.0,25000.0,25000.0,25000.0,2100,VND
2017-11-09,26400.0,26400.0,26400.0,26400.0,300,VND
2017-11-10,26400.0,27400.0,26400.0,27400.0,3200,VND
2017-11-13,26000.0,26000.0,25000.0,25000.0,6800,VND
2017-11-14,25900.0,25900.0,25900.0,25900.0,200,VND
2017-11-16,25500.0,25800.0,25500.0,25800.0,1500,VND
2017-11-21,25000.0,25500.0,25000.0,25000.0,1200,VND
2017-11-22,25500.0,25500.0,25000.0,25000.0,2100,VND
2017-11-23,25500.0,25500.0,25000.0,25000.0,5100,VND
2017-11-24,24000.0,24000.0,24000.0,24000.0,1000,VND
2017-11-27,25000.0,25000.0,25000.0,25000.0,300,VND
2017-11-28,25200.0,25300.0,25200.0,25300.0,3800,VND
2017-11-30,24600.0,24600.0,24500.0,24500.0,400,VND
2017-12-01,24600.0,25500.0,24600.0,25500.0,1300,VND
2017-12-04,25200.0,25200.0,25200.0,25200.0,5400,VND
2017-12-05,25200.0,25200.0,24500.0,24500.0,2000,VND
2017-12-06,25000.0,25000.0,24800.0,24800.0,1300,VND
2017-12-07,25500.0,25500.0,25500.0,25500.0,100,VND
2017-12-08,25000.0,25000.0,25000.0,25000.0,6200,VND
2017-12-11,24800.0,24800.0,24700.0,24700.0,3100,VND
2017-12-12,24800.0,24800.0,24600.0,24600.0,1100,VND
2017-12-13,25000.0,25500.0,25000.0,25500.0,500,VND
2017-12-14,25200.0,25200.0,25200.0,25200.0,200,VND
2017-12-15,25200.0,25200.0,25000.0,25000.0,1500,VND
2017-12-19,25000.0,26500.0,25000.0,26500.0,3100,VND
2017-12-22,25000.0,25000.0,25000.0,25000.0,900,VND
2017-12-27,24800.0,25000.0,24500.0,24500.0,4100,VND
2017-12-28,24500.0,24500.0,24500.0,24500.0,5000,VND
2017-12-29,26000.0,26000.0,26000.0,26000.0,100,VND
2018-01-02,25000.0,25000.0,25000.0,25000.0,1000,VND
2018-01-03,25000.0,25000.0,25000.0,25000.0,1100,VND
2018-01-04,25800.0,25800.0,24500.0,25000.0,5300,VND
2018-01-08,26000.0,26000.0,24500.0,24500.0,2200,VND
2018-01-09,24500.0,24500.0,24500.0,24500.0,6800,VND
2018-01-11,24200.0,24200.0,24200.0,24200.0,2200,VND
2018-01-12,24400.0,24500.0,24400.0,24500.0,3000,VND
2018-01-15,24200.0,24200.0,24200.0,24200.0,3600,VND
2018-01-16,24500.0,24500.0,24400.0,24500.0,4500,VND
2018-01-18,25000.0,25000.0,25000.0,25000.0,1000,VND
2018-01-19,24600.0,24600.0,24500.0,24500.0,1200,VND
2018-01-22,24600.0,25000.0,24600.0,25000.0,5200,VND
2018-01-23,25000.0,25000.0,24800.0,24800.0,3200,VND
2018-01-24,25000.0,25100.0,25000.0,25100.0,800,VND
2018-01-25,25500.0,25500.0,25500.0,25500.0,1400,VND
2018-01-26,25000.0,25000.0,24500.0,25000.0,8700,VND
2018-01-29,24500.0,24500.0,24500.0,24500.0,5000,VND
2018-01-30,24500.0,24500.0,24500.0,24500.0,3000,VND
2018-01-31,26000.0,26000.0,24500.0,24500.0,11600,VND
2018-02-01,26000.0,26500.0,25500.0,26500.0,4700,VND
2018-02-05,26000.0,26000.0,24500.0,24500.0,2700,VND
2018-02-06,24500.0,24500.0,24400.0,24400.0,13500,VND
2018-02-07,25000.0,25000.0,25000.0,25000.0,200,VND
2018-02-08,26800.0,26800.0,24500.0,24500.0,34200,VND
2018-02-09,24300.0,24500.0,24300.0,24500.0,1900,VND
2018-02-12,28000.0,28000.0,27000.0,27800.0,40900,VND
2018-02-13,27000.0,27600.0,27000.0,27000.0,4300,VND
2018-02-21,27500.0,28500.0,27100.0,28500.0,40900,VND
2018-02-22,28100.0,29300.0,28100.0,29200.0,49374,VND
2018-02-23,29500.0,33000.0,29500.0,32900.0,36200,VND
2018-02-26,32100.0,32100.0,31000.0,31000.0,23400,VND
2018-02-27,31000.0,31000.0,28900.0,29000.0,34700,VND
2018-02-28,28500.0,29500.0,28500.0,28600.0,8800,VND
2018-03-01,28300.0,29000.0,28200.0,29000.0,5300,VND
2018-03-02,28500.0,28500.0,27100.0,27300.0,4800,VND
2018-03-05,28000.0,29800.0,28000.0,29400.0,8700,VND
2018-03-06,29200.0,29500.0,27500.0,29400.0,10600,VND
2018-03-07,29500.0,30000.0,28000.0,28000.0,16554,VND
2018-03-08,29700.0,29700.0,29700.0,29700.0,800,VND
2018-03-09,28300.0,28300.0,28000.0,28300.0,11300,VND
2018-03-12,28000.0,28300.0,28000.0,28300.0,2200,VND
2018-03-13,28000.0,28100.0,27400.0,27900.0,8020,VND
2018-03-14,27800.0,27800.0,27800.0,27800.0,3200,VND
2018-03-15,27800.0,27800.0,27800.0,27800.0,7200,VND
2018-03-16,28500.0,28500.0,28500.0,28500.0,100,VND
2018-03-19,28000.0,28000.0,28000.0,28000.0,2700,VND
2018-03-20,28500.0,28500.0,28500.0,28500.0,2000,VND
2018-03-21,28400.0,28400.0,27000.0,27000.0,10600,VND
2018-03-22,27500.0,27500.0,27500.0,27500.0,2000,VND
2018-03-23,27900.0,28000.0,27900.0,28000.0,1000,VND
2018-03-26,28900.0,28900.0,28000.0,28000.0,1900,VND
2018-03-27,28000.0,28000.0,27800.0,28000.0,8700,VND
2018-03-28,28000.0,28100.0,28000.0,28000.0,6400,VND
2018-03-29,28400.0,28400.0,27600.0,28000.0,7200,VND
2018-03-30,28400.0,28400.0,27900.0,27900.0,8700,VND
2018-04-02,28400.0,28400.0,27800.0,28000.0,15400,VND
2018-04-03,28000.0,28100.0,27700.0,28000.0,28300,VND
2018-04-04,29100.0,29100.0,28000.0,28000.0,12000,VND
2018-04-05,28300.0,28300.0,27500.0,28100.0,9000,VND
2018-04-06,28800.0,28800.0,28000.0,28100.0,7300,VND
2018-04-09,28300.0,28300.0,28000.0,28200.0,700,VND
2018-04-10,28000.0,28000.0,27800.0,28000.0,14600,VND
2018-04-11,28500.0,28500.0,27600.0,28000.0,3400,VND
2018-04-12,28400.0,28400.0,27800.0,27800.0,8900,VND
2018-04-13,28000.0,28500.0,27700.0,28000.0,10300,VND
2018-04-16,27800.0,28100.0,27500.0,28100.0,2700,VND
2018-04-17,27500.0,27600.0,27500.0,27600.0,2700,VND
2018-04-18,27500.0,27500.0,27500.0,27500.0,7500,VND
2018-04-19,27900.0,27900.0,27500.0,27500.0,25100,VND
2018-04-20,28000.0,28000.0,27100.0,27900.0,11700,VND
2018-04-23,26000.0,27900.0,26000.0,27000.0,12000,VND
2018-04-24,27000.0,27000.0,27000.0,27000.0,1600,VND
2018-04-26,27000.0,27000.0,25500.0,25500.0,3000,VND
2018-04-27,27500.0,27500.0,27500.0,27500.0,100,VND
2018-05-03,27300.0,27300.0,27000.0,27000.0,5600,VND
2018-05-04,27000.0,27300.0,27000.0,27300.0,200,VND
2018-05-07,27000.0,27000.0,27000.0,27000.0,1000,VND
2018-05-08,27000.0,27000.0,27000.0,27000.0,300,VND
2018-05-09,26500.0,26500.0,26500.0,26500.0,8000,VND
2018-05-10,26500.0,27000.0,26500.0,26500.0,4700,VND
2018-05-11,26600.0,26600.0,26300.0,26300.0,6200,VND
2018-05-14,27000.0,30400.0,27000.0,30400.0,4700,VND
2018-05-15,29000.0,29000.0,27000.0,28500.0,700,VND
2018-05-16,26500.0,27800.0,25500.0,27800.0,1100,VND
2018-05-17,26500.0,27000.0,26500.0,27000.0,1100,VND
2018-05-18,26500.0,27100.0,26500.0,27100.0,1300,VND
2018-05-21,26900.0,27000.0,26500.0,27000.0,6000,VND
2018-05-22,26500.0,26900.0,26300.0,26300.0,8000,VND
2018-05-23,26500.0,26500.0,26500.0,26500.0,2200,VND
2018-05-24,26500.0,26600.0,26300.0,26500.0,5200,VND
2018-05-25,26500.0,26500.0,26400.0,26400.0,7300,VND
2018-05-28,26000.0,26100.0,26000.0,26000.0,10500,VND
2018-05-29,26000.0,26000.0,25600.0,26000.0,7300,VND
2018-05-30,25700.0,27900.0,25700.0,27900.0,3300,VND
2018-06-01,26000.0,26000.0,26000.0,26000.0,1000,VND
2018-06-05,27700.0,27700.0,27700.0,27700.0,100,VND
2018-06-07,26300.0,26300.0,26200.0,26200.0,3700,VND
2018-06-08,27600.0,27600.0,27600.0,27600.0,100,VND
2018-06-11,26300.0,26300.0,26200.0,26200.0,3500,VND
2018-06-12,26300.0,26300.0,26000.0,26200.0,3400,VND
2018-06-13,26100.0,26100.0,26000.0,26000.0,3400,VND
2018-06-14,26100.0,26100.0,26100.0,26100.0,100,VND
2018-06-15,26100.0,26100.0,26100.0,26100.0,3100,VND
2018-06-18,26500.0,26900.0,26500.0,26500.0,4100,VND
2018-06-19,26700.0,26700.0,26200.0,26600.0,3700,VND
2018-06-20,26400.0,26400.0,25100.0,26400.0,34000,VND
2018-06-21,23000.0,23000.0,23000.0,23000.0,600,VND
2018-06-22,23100.0,23100.0,23100.0,23100.0,200,VND
2018-06-26,22000.0,22000.0,22000.0,22000.0,500,VND
2018-06-27,22500.0,22800.0,22500.0,22800.0,2700,VND
2018-06-28,22500.0,23400.0,22500.0,23400.0,5300,VND
2018-06-29,23400.0,23400.0,22900.0,22900.0,5200,VND
2018-07-02,23000.0,23800.0,22900.0,23800.0,12900,VND
2018-07-03,23000.0,23000.0,22600.0,22600.0,8800,VND
2018-07-04,22900.0,22900.0,22900.0,22900.0,3300,VND
2018-07-05,22900.0,22900.0,22600.0,22600.0,4300,VND
2018-07-06,22900.0,22900.0,22800.0,22800.0,4100,VND
2018-07-09,22900.0,22900.0,22900.0,22900.0,12100,VND
2018-07-10,23000.0,23000.0,23000.0,23000.0,4200,VND
2018-07-11,23000.0,23500.0,23000.0,23500.0,3500,VND
2018-07-16,25000.0,25000.0,25000.0,25000.0,300,VND
2018-07-17,21400.0,21400.0,21400.0,21400.0,100,VND
2018-07-18,22800.0,22800.0,22700.0,22700.0,1000,VND
2018-07-19,23100.0,23100.0,22900.0,22900.0,7000,VND
2018-07-24,23500.0,23500.0,23500.0,23500.0,600,VND
2018-07-27,25500.0,25500.0,25500.0,25500.0,100,VND
2018-08-01,23600.0,23800.0,23600.0,23800.0,3500,VND
2018-08-03,23800.0,23800.0,23800.0,23800.0,1300,VND
2018-08-06,20300.0,20300.0,20300.0,20300.0,0,VND
2018-08-07,24000.0,24000.0,24000.0,24000.0,1000,VND
2018-08-10,23600.0,24000.0,23600.0,24000.0,4300,VND
2018-08-13,24000.0,24100.0,24000.0,24100.0,600,VND
2018-08-14,24100.0,24100.0,24100.0,24100.0,1000,VND
2018-08-15,24000.0,24000.0,23600.0,23800.0,2500,VND
2018-08-16,24000.0,24000.0,24000.0,24000.0,2300,VND
2018-08-20,24500.0,24500.0,24500.0,24500.0,6400,VND
2018-08-22,24500.0,24500.0,24500.0,24500.0,1000,VND
2018-08-23,24500.0,24500.0,24500.0,24500.0,750,VND
2018-08-27,24600.0,25000.0,24600.0,25000.0,1110,VND
2018-08-28,24500.0,25400.0,24500.0,25400.0,420,VND
2018-08-29,25000.0,25000.0,25000.0,25000.0,5000,VND
2018-08-30,24600.0,24600.0,24600.0,24600.0,1000,VND
2018-08-31,24600.0,24800.0,24600.0,24800.0,810,VND
2018-09-05,24000.0,24500.0,24000.0,24500.0,3300,VND
2018-09-06,24700.0,24700.0,24700.0,24700.0,900,VND
2018-09-21,24700.0,24700.0,24700.0,24700.0,300,VND
2018-09-25,25000.0,25500.0,25000.0,25500.0,4300,VND
2018-09-27,26000.0,26000.0,26000.0,26000.0,200,VND
2018-09-28,26000.0,26000.0,26000.0,26000.0,1300,VND
2018-10-03,25000.0,26000.0,22100.0,26000.0,16700,VND
2018-10-04,25900.0,25900.0,25900.0,25900.0,1200,VND
2018-10-05,29700.0,29700.0,29700.0,29700.0,100,VND
2018-10-08,26000.0,26000.0,25800.0,25800.0,2690,VND
2018-10-09,25500.0,25500.0,25500.0,25500.0,100,VND
2018-10-11,25500.0,25500.0,25500.0,25500.0,200,VND
2018-10-12,25900.0,25900.0,25900.0,25900.0,100,VND
2018-10-15,25200.0,25200.0,25200.0,25200.0,8700,VND
2018-10-16,26000.0,26000.0,26000.0,26000.0,1000,VND
2018-10-17,26100.0,26100.0,26100.0,26100.0,300,VND
2018-10-19,26100.0,26100.0,26100.0,26100.0,5150,VND
2018-10-22,26100.0,26100.0,26100.0,26100.0,1000,VND
2018-10-23,26100.0,26100.0,26100.0,26100.0,2080,VND
2018-10-24,26000.0,26100.0,26000.0,26000.0,4500,VND
2018-10-26,26000.0,26100.0,26000.0,26100.0,1100,VND
2018-10-29,25000.0,25000.0,25000.0,25000.0,100,VND
2018-10-30,21500.0,21500.0,21500.0,21500.0,100,VND
2018-10-31,24700.0,24700.0,24700.0,24700.0,5000,VND
2018-11-05,24700.0,24700.0,24700.0,24700.0,100,VND
2018-11-12,26100.0,28300.0,26100.0,28300.0,5400,VND
2018-11-14,24100.0,24100.0,24000.0,24000.0,500,VND
2018-11-15,26400.0,26400.0,26400.0,26400.0,100,VND
2018-11-19,26000.0,26000.0,26000.0,26000.0,100,VND
2018-11-20,26000.0,26000.0,26000.0,26000.0,3000,VND
2018-11-22,26000.0,26000.0,26000.0,26000.0,1000,VND
2018-11-23,26000.0,26000.0,26000.0,26000.0,1000,VND
2018-12-03,22100.0,22100.0,22100.0,22100.0,100,VND
2018-12-06,25000.0,25000.0,25000.0,25000.0,100,VND
2018-12-12,21600.0,28700.0,21600.0,25000.0,17800,VND
2018-12-13,25000.0,25000.0,25000.0,25000.0,620,VND
2018-12-17,25500.0,25500.0,25500.0,25500.0,800,VND
2018-12-20,21700.0,21700.0,21700.0,21700.0,100,VND
2018-12-21,24400.0,24400.0,24400.0,24400.0,100,VND
2018-12-25,25100.0,25100.0,25000.0,25000.0,15200,VND
2019-01-02,25000.0,25000.0,25000.0,25000.0,0,VND
2019-01-03,25000.0,25000.0,25000.0,25000.0,1600,VND
2019-01-07,25000.0,25000.0,25000.0,25000.0,220,VND
2019-01-15,26000.0,26000.0,26000.0,26000.0,800,VND
2019-01-23,26000.0,26500.0,26000.0,26500.0,400,VND
2019-01-31,30100.0,30100.0,30100.0,30100.0,100,VND
2019-02-13,26500.0,26500.0,26000.0,26000.0,6100,VND
2019-02-18,27500.0,27500.0,26500.0,26500.0,230,VND
2019-02-19,26000.0,26000.0,26000.0,26000.0,100,VND
2019-02-20,29500.0,29500.0,29500.0,29500.0,200,VND
2019-02-27,27500.0,27500.0,27500.0,27500.0,100,VND
2019-03-04,28000.0,28000.0,27000.0,27000.0,340,VND
2019-03-08,27000.0,27000.0,27000.0,27000.0,500,VND
2019-03-11,26500.0,27000.0,26500.0,26500.0,2300,VND
2019-03-12,26500.0,26500.0,26500.0,26500.0,8000,VND
2019-03-13,26500.0,26800.0,26500.0,26800.0,5936,VND
2019-03-14,26600.0,27000.0,26600.0,27000.0,6250,VND
2019-03-27,27000.0,27000.0,27000.0,27000.0,2500,VND
2019-03-29,27000.0,27000.0,27000.0,27000.0,6500,VND
2019-04-03,26500.0,26500.0,26500.0,26500.0,1500,VND
2019-04-04,26500.0,26500.0,26500.0,26500.0,1600,VND
2019-04-05,26500.0,26500.0,26500.0,26500.0,1400,VND
2019-04-08,26600.0,26600.0,26600.0,26600.0,100,VND
2019-04-09,26500.0,26500.0,26500.0,26500.0,1400,VND
2019-04-10,26500.0,27000.0,26500.0,27000.0,2500,VND
2019-04-11,26500.0,26500.0,26500.0,26500.0,1500,VND
2019-04-12,26500.0,26600.0,26500.0,26600.0,1500,VND
2019-04-16,26500.0,26500.0,26500.0,26500.0,1400,VND
2019-04-17,20588.0,20588.0,20588.0,20588.0,1650,VND
2019-04-18,20821.0,20976.0,20821.0,20976.0,12170,VND
2019-04-24,27000.0,27000.0,27000.0,20976.0,0,VND
2019-05-06,27000.0,27000.0,27000.0,20976.0,0,VND
2019-05-15,19888.0,19888.0,19888.0,19888.0,220,VND
2019-05-23,19888.0,19888.0,19888.0,19888.0,1210,VND
2019-05-24,22799.0,22799.0,22799.0,22799.0,110,VND
2019-05-28,26114.0,26114.0,26114.0,26114.0,110,VND
2019-05-29,22233.0,22233.0,22233.0,22233.0,110,VND
2019-06-03,22233.0,22233.0,22233.0,22233.0,110,VND
2019-06-07,22314.0,22314.0,22314.0,22314.0,227,VND
2019-06-13,20050.0,22071.0,19969.0,22071.0,1650,VND
2019-06-18,21020.0,21020.0,20293.0,20293.0,440,VND
2019-06-19,20697.0,20697.0,20697.0,20697.0,110,VND
2019-06-21,21020.0,21020.0,21020.0,21020.0,220,VND
2019-06-26,21020.0,21425.0,21020.0,21020.0,9148,VND
2019-07-01,21182.0,21182.0,21182.0,21182.0,220,VND
2019-07-02,21182.0,21182.0,21182.0,21182.0,330,VND
2019-07-05,21182.0,21182.0,21182.0,21182.0,220,VND
2019-07-08,21182.0,21182.0,21182.0,21182.0,4528,VND
2019-07-17,21829.0,21829.0,21829.0,21829.0,110,VND
2019-07-22,21425.0,21425.0,21182.0,21425.0,4180,VND
2019-07-23,21425.0,21425.0,21425.0,21425.0,4400,VND
2019-07-24,21425.0,21425.0,21425.0,21425.0,4400,VND
2019-07-26,21425.0,21425.0,21425.0,21425.0,5390,VND
2019-07-30,21667.0,21667.0,21667.0,21667.0,330,VND
2019-08-01,21667.0,21667.0,21667.0,21667.0,1100,VND
2019-08-12,21020.0,21020.0,21020.0,21020.0,2209,VND
2019-08-16,21020.0,21020.0,21020.0,21020.0,2860,VND
2019-08-19,21020.0,21020.0,21020.0,21020.0,2200,VND
2019-08-20,21020.0,21020.0,21020.0,21020.0,1650,VND
2019-08-22,21020.0,21020.0,21020.0,21020.0,1210,VND
2019-08-26,21020.0,21020.0,21020.0,21020.0,2420,VND
2019-08-27,24173.0,24173.0,21182.0,21182.0,550,VND
2019-08-28,21182.0,21182.0,21182.0,21182.0,1210,VND
2019-08-29,21182.0,21182.0,21182.0,21182.0,330,VND
2019-08-30,21182.0,21182.0,21182.0,21182.0,550,VND
2019-09-03,21020.0,21020.0,21020.0,21020.0,2255,VND
2019-09-04,21101.0,21101.0,21101.0,21101.0,1100,VND
2019-09-10,21020.0,21020.0,21020.0,21020.0,1100,VND
2019-09-13,21020.0,21020.0,21020.0,21020.0,2200,VND
2019-09-16,21344.0,21425.0,21344.0,21425.0,660,VND
2019-09-20,26500.0,26500.0,26500.0,21425.0,0,VND
2019-10-10,21425.0,21425.0,21425.0,21425.0,330,VND
2019-10-14,21425.0,21425.0,21425.0,21425.0,2262,VND
2019-10-15,21425.0,21425.0,21425.0,21425.0,1100,VND
2019-10-16,26500.0,26500.0,26500.0,21425.0,0,VND
2019-10-18,21425.0,21425.0,21425.0,21425.0,110,VND
2019-10-22,22071.0,22071.0,22071.0,22071.0,330,VND
2019-10-23,22239.0,22239.0,22239.0,22239.0,220,VND
2019-10-28,22239.0,22239.0,22239.0,22239.0,1760,VND
2019-10-29,22239.0,22239.0,22239.0,22239.0,2200,VND
2019-11-04,25512.0,25512.0,25512.0,25512.0,110,VND
2019-11-06,26771.0,26771.0,25176.0,25176.0,6622,VND
2019-11-12,25176.0,25176.0,25176.0,25176.0,4400,VND
2019-11-25,22239.0,22239.0,22239.0,22239.0,110,VND
2019-12-26,22659.0,22659.0,22659.0,22659.0,2200,VND
2020-01-03,22659.0,22659.0,22659.0,22659.0,110,VND
2020-01-20,23498.0,23498.0,23498.0,23498.0,550,VND
2020-02-04,25512.0,25512.0,25512.0,25512.0,110,VND
2020-02-10,23918.0,23918.0,23918.0,23918.0,1100,VND
2020-02-17,27442.0,27442.0,27442.0,27442.0,110,VND
2020-02-28,28533.0,28533.0,28533.0,28533.0,440,VND
2020-03-04,26855.0,26855.0,26855.0,26855.0,110,VND
2020-03-05,24757.0,24757.0,24757.0,24757.0,2200,VND
2020-03-12,24337.0,24337.0,24337.0,24337.0,2310,VND
2020-03-13,29000.0,29000.0,29000.0,24337.0,0,VND
2020-03-19,24337.0,24757.0,23918.0,23918.0,4400,VND
2020-03-20,24337.0,24337.0,24337.0,24337.0,1100,VND
2020-03-23,24337.0,24337.0,24337.0,24337.0,5060,VND
2020-03-25,23918.0,23918.0,23498.0,23498.0,16500,VND
2020-03-26,23498.0,23498.0,22659.0,22659.0,7150,VND
2020-03-30,19722.0,19722.0,19722.0,19722.0,3850,VND
2020-04-22,20141.0,20141.0,20141.0,20141.0,1100,VND
2020-04-27,23162.0,23162.0,21820.0,22239.0,3300,VND
2020-05-05,19470.0,19470.0,19470.0,19470.0,110,VND
2020-05-06,22323.0,22323.0,22323.0,22323.0,990,VND
2020-05-08,19470.0,19470.0,19470.0,19470.0,110,VND
2020-05-12,22290.0,22290.0,22290.0,22290.0,100,VND
2020-05-13,23059.0,23059.0,23059.0,23059.0,100,VND
2020-05-14,23539.0,23539.0,23539.0,23539.0,200,VND
2020-05-15,24020.0,24020.0,24020.0,24020.0,200,VND
2020-05-20,22386.0,22386.0,22386.0,22386.0,100,VND
2020-05-21,24500.0,24500.0,24500.0,24500.0,200,VND
2020-05-22,24500.0,24500.0,24500.0,24500.0,200,VND
2020-05-27,24500.0,24500.0,24500.0,24500.0,5100,VND
2020-06-05,26422.0,26422.0,26422.0,26422.0,300,VND
2020-06-08,22482.0,27190.0,22482.0,27190.0,222,VND
2020-06-11,24020.0,24020.0,24020.0,24020.0,200,VND
2020-06-16,22675.0,22675.0,22675.0,22675.0,100,VND
2020-06-24,24980.0,24980.0,24980.0,24980.0,1000,VND
2020-07-16,24020.0,24020.0,24020.0,24020.0,3000,VND
2020-07-21,24980.0,24980.0,24980.0,24980.0,1000,VND
2020-07-22,24884.0,24884.0,24884.0,24884.0,2026,VND
2020-07-23,24116.0,24116.0,24020.0,24020.0,9000,VND
2020-07-28,24116.0,24116.0,24116.0,24116.0,3600,VND
2020-08-04,24020.0,24020.0,24020.0,24020.0,306,VND
2020-08-05,24020.0,24020.0,24020.0,24020.0,200,VND
2020-08-10,24020.0,24020.0,24020.0,24020.0,100,VND
2020-08-14,24020.0,24020.0,23539.0,23539.0,18500,VND
2020-08-20,24020.0,24020.0,24020.0,24020.0,100,VND
2020-08-24,24020.0,24020.0,23539.0,23539.0,4600,VND
2020-08-25,24020.0,24020.0,24020.0,24020.0,900,VND
2020-08-26,24020.0,24020.0,24020.0,24020.0,101,VND
2020-08-27,24020.0,24020.0,24020.0,24020.0,100,VND
2020-08-31,23539.0,23539.0,23059.0,23059.0,10000,VND
2020-09-01,24020.0,24020.0,24020.0,24020.0,100,VND
2020-09-07,25000.0,25000.0,25000.0,24020.0,0,VND
2020-09-09,25000.0,25000.0,25000.0,24020.0,0,VND
2020-09-11,25000.0,25000.0,25000.0,24020.0,0,VND
2020-09-18,23539.0,23539.0,23539.0,23539.0,2000,VND
2020-09-21,24500.0,24500.0,24500.0,23539.0,6,VND
2020-09-23,23539.0,23539.0,23539.0,23539.0,3000,VND
2020-10-01,23539.0,23539.0,23539.0,23539.0,1000,VND
2020-10-20,20273.0,20273.0,20273.0,20273.0,100,VND
2020-10-22,23251.0,23251.0,23251.0,23251.0,5000,VND
2020-11-09,23539.0,23539.0,23539.0,23539.0,5000,VND
2020-11-10,24020.0,24020.0,24020.0,24020.0,2000,VND
2020-11-13,24500.0,24500.0,24500.0,24500.0,4000,VND
2020-11-18,26000.0,26000.0,26000.0,26000.0,1200,VND
2020-11-19,25500.0,25500.0,25500.0,25500.0,1000,VND
2020-12-04,29300.0,29300.0,29300.0,29300.0,100,VND
2020-12-09,25000.0,25000.0,25000.0,25000.0,1000,VND
2020-12-10,26000.0,26000.0,26000.0,26000.0,28300,VND
2020-12-11,25700.0,26000.0,25700.0,26000.0,23000,VND
2020-12-14,26000.0,26100.0,26000.0,26100.0,18000,VND
2020-12-15,26100.0,26100.0,26100.0,26100.0,10600,VND
2020-12-16,26100.0,26100.0,26100.0,26100.0,5000,VND
2020-12-17,26200.0,26200.0,26100.0,26100.0,15600,VND
2020-12-18,26300.0,26300.0,26300.0,26300.0,400,VND
2020-12-21,26500.0,26500.0,26500.0,26500.0,400,VND
2020-12-22,26500.0,26500.0,26500.0,26500.0,0,VND
2020-12-23,26300.0,26300.0,26300.0,26300.0,10000,VND
2020-12-24,26300.0,26300.0,26300.0,26300.0,10011,VND
2020-12-25,26300.0,26300.0,26300.0,26300.0,19000,VND
2020-12-28,27500.0,30000.0,27500.0,30000.0,200,VND
2020-12-29,30000.0,30000.0,26500.0,26500.0,5100,VND
2020-12-30,27500.0,27500.0,26300.0,26300.0,49000,VND
2020-12-31,27500.0,27500.0,26300.0,26300.0,41750,VND
2021-01-04,26300.0,26600.0,26300.0,26600.0,2100,VND
2021-01-05,26600.0,26600.0,26600.0,26600.0,2100,VND
2021-01-06,26600.0,26600.0,26600.0,26600.0,200,VND
2021-01-07,26600.0,26600.0,26600.0,26600.0,1152,VND
2021-01-08,26600.0,26600.0,26600.0,26600.0,800,VND
2021-01-11,26600.0,26600.0,26600.0,26600.0,10000,VND
2021-01-12,26600.0,26600.0,26000.0,26600.0,6200,VND
2021-01-15,26600.0,26600.0,26600.0,26600.0,16700,VND
2021-01-18,26600.0,30000.0,26600.0,27000.0,44122,VND
2021-01-19,26700.0,26800.0,26700.0,26700.0,2700,VND
2021-01-20,26800.0,27000.0,26800.0,27000.0,13300,VND
2021-01-21,27000.0,30000.0,23000.0,30000.0,5000,VND
2021-01-22,23000.0,26500.0,23000.0,25800.0,1300,VND
2021-01-25,25600.0,29400.0,25600.0,29400.0,44022,VND
2021-01-26,28600.0,32000.0,28600.0,31000.0,9000,VND
2021-01-27,29600.0,31000.0,29600.0,31000.0,300,VND
2021-01-28,26500.0,28900.0,25800.0,28000.0,23800,VND
2021-01-29,29000.0,29000.0,29000.0,29000.0,100,VND
2021-02-01,29300.0,29300.0,29300.0,29300.0,100,VND
2021-02-02,33500.0,33500.0,29000.0,29000.0,300,VND
2021-02-04,30000.0,35000.0,30000.0,35000.0,300,VND
2021-02-08,34000.0,34000.0,34000.0,34000.0,100,VND
2021-02-09,28900.0,39100.0,28900.0,34000.0,14100,VND
2021-02-17,33500.0,33500.0,29300.0,33100.0,300,VND
2021-02-18,33000.0,33000.0,33000.0,33000.0,100,VND
2021-02-19,30000.0,34000.0,30000.0,34000.0,202,VND
2021-02-22,32000.0,33000.0,29000.0,31900.0,1000,VND
2021-02-26,28700.0,29900.0,28600.0,29900.0,1840,VND
2021-03-01,30000.0,33000.0,30000.0,33000.0,300,VND
2021-03-02,29800.0,29800.0,29600.0,29600.0,5100,VND
2021-03-03,30000.0,34000.0,30000.0,31500.0,1320,VND
2021-03-15,31500.0,31500.0,31500.0,31500.0,0,VND
2021-03-18,31900.0,36800.0,31900.0,34000.0,1301,VND
2021-03-19,30000.0,34300.0,30000.0,34300.0,600,VND
2021-03-22,32100.0,36800.0,32100.0,34000.0,700,VND
2021-03-23,34000.0,34000.0,34000.0,34000.0,100,VND
2021-03-24,34000.0,34000.0,34000.0,34000.0,1010,VND
2021-03-26,31000.0,33300.0,31000.0,33300.0,3631,VND
2021-03-29,34000.0,36100.0,32000.0,34000.0,4400,VND
2021-03-30,33800.0,33800.0,33800.0,33800.0,2610,VND
2021-03-31,33800.0,38800.0,33800.0,38800.0,1700,VND
2021-04-01,34000.0,34000.0,34000.0,34000.0,1700,VND
2021-04-02,33900.0,33900.0,33900.0,33900.0,400,VND
2021-04-05,33800.0,33800.0,32000.0,32000.0,5600,VND
2021-04-06,30500.0,31000.0,30500.0,31000.0,15300,VND
2021-04-07,33800.0,34000.0,33800.0,34000.0,2000,VND
2021-04-09,30300.0,30300.0,30300.0,30300.0,1100,VND
2021-04-12,33800.0,33800.0,33800.0,33800.0,100,VND
2021-04-13,33700.0,33700.0,33700.0,33700.0,200,VND
2021-04-16,33600.0,36000.0,33600.0,36000.0,2000,VND
2021-04-19,35500.0,35500.0,35500.0,35500.0,300,VND
2021-04-20,35900.0,36000.0,35900.0,36000.0,300,VND
2021-04-22,32000.0,34000.0,32000.0,32000.0,1100,VND
2021-04-23,34000.0,35000.0,34000.0,35000.0,9300,VND
2021-04-26,38000.0,38000.0,29400.0,29400.0,2400,VND
2021-04-27,33900.0,35000.0,27000.0,27000.0,4700,VND
2021-04-28,31500.0,33000.0,31500.0,33000.0,12800,VND
2021-04-29,32900.0,37100.0,32900.0,37000.0,3600,VND
2021-05-04,37000.0,39900.0,37000.0,37500.0,1400,VND
2021-05-05,35000.0,35000.0,34900.0,34900.0,500,VND
2021-05-06,34800.0,40100.0,34800.0,40100.0,3802,VND
2021-05-07,39000.0,39800.0,39000.0,39800.0,2500,VND
2021-05-10,40000.0,45000.0,39000.0,39000.0,2800,VND
2021-05-11,35400.0,38200.0,35400.0,37000.0,16500,VND
2021-05-12,39000.0,39000.0,30100.0,30500.0,27000,VND
2021-05-13,35800.0,35800.0,35800.0,35800.0,110,VND
2021-05-14,31100.0,31100.0,31100.0,31100.0,5000,VND
2021-05-17,33900.0,33900.0,31000.0,31100.0,7800,VND
2021-05-18,31100.0,31100.0,28600.0,31100.0,2210,VND
2021-05-19,33900.0,33900.0,31000.0,32900.0,2600,VND
2021-05-20,32900.0,32900.0,31500.0,31500.0,1100,VND
2021-05-21,32500.0,32500.0,31900.0,32000.0,800,VND
2021-05-24,33000.0,33000.0,31000.0,31000.0,2510,VND
2021-05-25,33000.0,33000.0,31000.0,31000.0,1000,VND
2021-05-26,31000.0,32000.0,31000.0,32000.0,2600,VND
2021-05-27,33000.0,33000.0,32000.0,32000.0,1400,VND
2021-05-28,31800.0,31800.0,31700.0,31800.0,6000,VND
2021-05-31,33900.0,36500.0,32800.0,36000.0,8300,VND
2021-06-01,36000.0,36000.0,32900.0,32900.0,8900,VND
2021-06-02,33100.0,34000.0,33100.0,33400.0,4100,VND
2021-06-03,31000.0,33900.0,29100.0,29100.0,18800,VND
2021-06-04,33000.0,33000.0,30000.0,30200.0,2300,VND
2021-06-07,31000.0,31000.0,27800.0,27900.0,4500,VND
2021-06-08,30400.0,31000.0,28000.0,28000.0,900,VND
2021-06-09,30600.0,30600.0,27500.0,28000.0,2800,VND
2021-06-10,28000.0,28000.0,28000.0,28000.0,1100,VND
2021-06-11,27900.0,30000.0,27900.0,28100.0,1900,VND
2021-06-14,30000.0,30000.0,28000.0,28000.0,4316,VND
2021-06-15,30000.0,30000.0,27500.0,28500.0,1900,VND
2021-06-16,29800.0,29800.0,27000.0,27000.0,5434,VND
2021-06-17,28500.0,28500.0,27500.0,27500.0,5700,VND
2021-06-18,28200.0,28200.0,28200.0,28200.0,130,VND
2021-06-21,28300.0,28300.0,28200.0,28200.0,6000,VND
2021-06-22,29000.0,29000.0,28300.0,28300.0,2600,VND
2021-06-23,29500.0,29500.0,28900.0,28900.0,500,VND
2021-06-24,29700.0,29700.0,29000.0,29000.0,520,VND
2021-06-28,28500.0,30000.0,28500.0,30000.0,1216,VND
2021-06-29,30000.0,31000.0,28000.0,30400.0,1700,VND
2021-06-30,30400.0,30900.0,30400.0,30900.0,400,VND
2021-07-02,28300.0,28500.0,28000.0,28100.0,2600,VND
2021-07-05,29800.0,29800.0,29800.0,29800.0,100,VND
2021-07-07,27500.0,27500.0,27500.0,27500.0,900,VND
2021-07-08,29200.0,29800.0,28100.0,28100.0,19800,VND
2021-07-12,27200.0,27200.0,27200.0,27200.0,2700,VND
2021-07-13,27300.0,27300.0,27200.0,27200.0,5800,VND
2021-07-14,28500.0,28500.0,27000.0,27100.0,1100,VND
2021-07-15,27000.0,27300.0,27000.0,27300.0,1400,VND
2021-07-16,27900.0,27900.0,27900.0,27900.0,100,VND
2021-07-19,29300.0,29300.0,28100.0,28100.0,400,VND
2021-07-20,24600.0,28500.0,24600.0,27000.0,1570,VND
2021-07-21,27900.0,27900.0,27900.0,27900.0,230,VND
2021-07-22,27000.0,27000.0,27000.0,27000.0,1050,VND
2021-07-23,27100.0,27100.0,27100.0,27100.0,400,VND
2021-07-26,27000.0,27100.0,27000.0,27000.0,2100,VND
2021-07-27,26900.0,27000.0,26900.0,27000.0,565,VND
2021-07-29,27000.0,27000.0,27000.0,27000.0,1910,VND
2021-07-30,27000.0,27000.0,27000.0,27000.0,586,VND
2021-08-02,27000.0,27000.0,27000.0,27000.0,1000,VND
2021-08-03,27000.0,27000.0,27000.0,27000.0,4210,VND
2021-08-04,27000.0,27000.0,26000.0,27000.0,11400,VND
2021-08-05,27000.0,27000.0,27000.0,27000.0,1000,VND
2021-08-10,27000.0,27000.0,27000.0,27000.0,3400,VND
2021-08-11,27100.0,27100.0,27100.0,27100.0,2700,VND
2021-08-16,24600.0,27900.0,24500.0,27900.0,2100,VND
2021-08-17,27900.0,27900.0,27900.0,27900.0,1500,VND
2021-08-18,27700.0,27700.0,27600.0,27600.0,600,VND
2021-08-19,27100.0,27100.0,27000.0,27100.0,1400,VND
2021-08-20,26800.0,26800.0,26800.0,26800.0,1000,VND
2021-08-23,25800.0,27400.0,25800.0,27000.0,1800,VND
2021-08-24,27000.0,27000.0,27000.0,27000.0,1000,VND
2021-08-25,27600.0,27600.0,27600.0,27600.0,100,VND
2021-08-26,27400.0,27600.0,27400.0,27600.0,200,VND
2021-08-31,28500.0,28500.0,28500.0,28500.0,100,VND
2021-09-01,28000.0,28500.0,28000.0,28400.0,5600,VND
2021-09-06,28100.0,28100.0,28100.0,28100.0,100,VND
2021-09-07,28600.0,28600.0,27500.0,27500.0,1750,VND
2021-09-09,28300.0,28300.0,28300.0,28300.0,100,VND
2021-09-10,28300.0,28300.0,28300.0,28300.0,1000,VND
2021-09-13,27600.0,27600.0,27600.0,27600.0,1100,VND
2021-09-14,27600.0,27700.0,27600.0,27700.0,2180,VND
2021-09-15,27700.0,30000.0,27700.0,30000.0,3300,VND
2021-09-16,27700.0,28500.0,27700.0,28500.0,300,VND
2021-09-17,28300.0,28400.0,28300.0,28400.0,1000,VND
2021-09-20,28400.0,28600.0,28400.0,28600.0,330,VND
2021-09-21,29000.0,32000.0,29000.0,29300.0,2900,VND
2021-09-22,32000.0,32000.0,31000.0,31000.0,2395,VND
2021-09-23,31400.0,31400.0,31400.0,31400.0,800,VND
2021-09-27,31300.0,31300.0,31000.0,31000.0,310,VND
2021-09-28,31000.0,31000.0,31000.0,31000.0,230,VND
2021-09-29,35600.0,35600.0,28200.0,31800.0,300,VND
2021-09-30,36000.0,36000.0,31000.0,34900.0,1200,VND
2021-10-01,31700.0,31700.0,31700.0,31700.0,500,VND
