2015-04-15,19844.0,21545.0,19655.0,21545.0,1831200,VND
2015-04-16,21545.0,23624.0,21545.0,23624.0,2070365,VND
2015-04-17,23151.0,23151.0,21261.0,21261.0,72279,VND
2015-04-21,19183.0,19183.0,19183.0,19183.0,106,VND
2015-04-22,17293.0,17293.0,17293.0,17293.0,106,VND
2015-04-23,15592.0,15592.0,15592.0,15592.0,212,VND
2015-04-24,14080.0,15497.0,14080.0,15403.0,298427,VND
2015-04-27,15403.0,15592.0,15025.0,15119.0,93444,VND
2015-05-04,15214.0,15497.0,14930.0,15025.0,257790,VND
2015-05-05,15119.0,15308.0,14836.0,15308.0,230593,VND
2015-05-06,15308.0,16820.0,15308.0,16820.0,1274348,VND
2015-05-07,17009.0,18427.0,16537.0,18143.0,1054337,VND
2015-05-08,18143.0,18238.0,16348.0,16915.0,952004,VND
2015-05-11,16820.0,16820.0,15308.0,15497.0,1024812,VND
2015-05-12,15308.0,15497.0,14647.0,15214.0,397903,VND
2015-05-13,15119.0,15497.0,14930.0,15497.0,336736,VND
2015-05-14,15497.0,15970.0,15119.0,15781.0,307846,VND
2015-05-15,15497.0,15592.0,15214.0,15308.0,222974,VND
2015-05-18,15119.0,15308.0,14836.0,15308.0,132599,VND
2015-05-19,15308.0,16820.0,14741.0,16820.0,1283025,VND
2015-05-20,17009.0,17009.0,15497.0,15497.0,129107,VND
2015-05-21,15592.0,15875.0,15119.0,15781.0,290067,VND
2015-05-22,15781.0,16253.0,15686.0,16253.0,338535,VND
2015-05-25,16159.0,16537.0,15970.0,16159.0,454943,VND
2015-05-26,16159.0,17009.0,16064.0,17009.0,886710,VND
2015-05-27,17009.0,17387.0,16064.0,16442.0,431661,VND
2015-05-28,16348.0,16537.0,15970.0,16159.0,382558,VND
2015-05-29,15970.0,16253.0,15403.0,16064.0,858772,VND
2015-06-01,15970.0,16442.0,15970.0,16159.0,577488,VND
2015-06-02,16064.0,16348.0,15875.0,16064.0,415152,VND
2015-06-03,15970.0,16159.0,15592.0,15781.0,423830,VND
2015-06-04,15875.0,16159.0,15875.0,16064.0,511136,VND
2015-06-05,15970.0,16348.0,15970.0,16159.0,607331,VND
2015-06-08,16159.0,16726.0,15970.0,16348.0,656963,VND
2015-06-09,16348.0,16537.0,16159.0,16253.0,509443,VND
2015-06-10,16253.0,16631.0,16064.0,16159.0,518015,VND
2015-06-11,16064.0,16726.0,16064.0,16348.0,631248,VND
2015-06-12,16253.0,16442.0,15970.0,16348.0,556112,VND
2015-06-15,16253.0,16631.0,16253.0,16348.0,577277,VND
2015-06-16,16348.0,17009.0,16064.0,16726.0,1001424,VND
2015-06-17,16726.0,18332.0,16442.0,18332.0,2333447,VND
2015-06-18,18332.0,20128.0,18049.0,20128.0,2376835,VND
2015-06-19,20222.0,21167.0,19372.0,19561.0,1189899,VND
2015-06-22,19561.0,19750.0,18238.0,18427.0,1832682,VND
2015-06-23,18427.0,18994.0,18427.0,18616.0,1099101,VND
2015-06-24,18616.0,18710.0,18427.0,18521.0,663419,VND
2015-06-25,18521.0,19561.0,18427.0,19088.0,1557007,VND
2015-06-26,19088.0,20978.0,18899.0,20978.0,2594200,VND
2015-06-29,21450.0,23057.0,21167.0,23057.0,2060947,VND
2015-06-30,23057.0,25325.0,22490.0,25041.0,2601714,VND
2015-07-01,25041.0,25514.0,23624.0,24096.0,1308635,VND
2015-07-02,24096.0,24285.0,23529.0,23907.0,1772150,VND
2015-07-03,23907.0,24002.0,23529.0,23624.0,726490,VND
2015-07-06,23624.0,24096.0,23529.0,23718.0,923643,VND
2015-07-07,23718.0,24002.0,23529.0,23718.0,685430,VND
2015-07-08,23718.0,24569.0,23529.0,23718.0,832739,VND
2015-07-09,23718.0,24285.0,23529.0,23624.0,892742,VND
2015-07-10,23624.0,24474.0,23529.0,24002.0,695695,VND
2015-07-13,24002.0,24191.0,23813.0,24096.0,715379,VND
2015-07-14,24096.0,24947.0,24002.0,24569.0,1241648,VND
2015-07-15,24569.0,27026.0,24285.0,27026.0,2981733,VND
2015-07-16,27026.0,29672.0,26459.0,29672.0,2891358,VND
2015-07-17,29672.0,30239.0,26742.0,26931.0,1689077,VND
2015-07-20,24285.0,27026.0,24285.0,26837.0,2776855,VND
2015-07-21,26837.0,28821.0,26553.0,28727.0,1692887,VND
2015-07-22,28727.0,31561.0,28349.0,31561.0,3066287,VND
2015-07-23,31561.0,34680.0,31183.0,34680.0,2840773,VND
2015-07-24,34680.0,37326.0,34302.0,37231.0,1732360,VND
2015-07-27,37231.0,38365.0,33546.0,33546.0,3167138,VND
2015-07-28,30239.0,30900.0,30239.0,30239.0,1883584,VND
2015-07-29,27215.0,27404.0,27215.0,27215.0,1624100,VND
2015-07-30,24569.0,24569.0,24569.0,24569.0,595055,VND
2015-07-31,22112.0,24569.0,22112.0,24474.0,3317199,VND
2015-08-03,24474.0,24474.0,22112.0,22112.0,575160,VND
2015-08-04,19939.0,22395.0,19939.0,22301.0,3019935,VND
2015-08-05,20411.0,22112.0,20128.0,20128.0,3307357,VND
2015-08-06,18427.0,19655.0,18143.0,18143.0,660773,VND
2015-08-07,16631.0,17765.0,16348.0,16348.0,2040205,VND
2015-08-10,15025.0,16253.0,14741.0,15592.0,3167562,VND
2015-08-11,14458.0,15214.0,14080.0,14080.0,3120893,VND
2015-08-12,13229.0,13229.0,12757.0,12757.0,2387206,VND
2015-08-13,11528.0,12662.0,11528.0,12662.0,2957287,VND
2015-08-14,12662.0,13891.0,12190.0,13796.0,2738546,VND
2015-08-17,13796.0,13796.0,12473.0,12473.0,1667277,VND
2015-08-18,12473.0,12473.0,11245.0,12190.0,2603513,VND
2015-08-19,11056.0,11339.0,11056.0,11056.0,1458166,VND
2015-08-20,10017.0,11056.0,10017.0,10017.0,323085,VND
2015-08-21,9166.0,10017.0,9072.0,9450.0,1062380,VND
2015-08-24,9639.0,10394.0,8505.0,10394.0,257155,VND
2015-08-25,10206.0,10206.0,9355.0,9450.0,633787,VND
2015-08-26,9261.0,9639.0,8788.0,9639.0,847343,VND
2015-08-27,9639.0,9828.0,9355.0,9450.0,525846,VND
2015-08-28,9450.0,9733.0,9166.0,9261.0,870519,VND
2015-08-31,9261.0,9450.0,9072.0,9072.0,420444,VND
2015-09-01,9072.0,9922.0,9072.0,9922.0,2138305,VND
2015-09-03,10017.0,10867.0,9828.0,10867.0,3223543,VND
2015-09-04,10867.0,11717.0,9828.0,9828.0,2564781,VND
2015-09-07,9450.0,9544.0,8883.0,9450.0,2076080,VND
2015-09-08,9450.0,9639.0,8883.0,9072.0,818453,VND
2015-09-09,9072.0,9639.0,8977.0,8977.0,914119,VND
2015-09-10,8977.0,9261.0,8788.0,9072.0,703421,VND
2015-09-11,8788.0,9261.0,8694.0,9261.0,704796,VND
2015-09-14,9166.0,9261.0,8883.0,8883.0,207947,VND
2015-09-15,8883.0,9355.0,8883.0,8977.0,1234028,VND
2015-09-16,9166.0,9166.0,8977.0,9072.0,80745,VND
2015-09-17,8977.0,9072.0,8788.0,9072.0,169003,VND
2015-09-18,9072.0,9166.0,8221.0,8221.0,2803417,VND
2015-09-21,8127.0,8316.0,7465.0,8127.0,629343,VND
2015-09-22,8221.0,8221.0,8032.0,8127.0,144451,VND
2015-09-23,7749.0,8316.0,7749.0,8221.0,728607,VND
2015-09-24,8127.0,8316.0,8032.0,8221.0,578018,VND
2015-09-25,8127.0,8221.0,8032.0,8221.0,115032,VND
2015-09-28,8127.0,8221.0,8032.0,8127.0,161913,VND
2015-09-29,7938.0,7938.0,7749.0,7843.0,98523,VND
2015-09-30,7843.0,7938.0,7749.0,7843.0,147309,VND
2015-10-01,7938.0,8221.0,7749.0,8127.0,167945,VND
2015-10-02,8127.0,8127.0,7938.0,7938.0,104873,VND
2015-10-05,7938.0,7938.0,7843.0,7843.0,911367,VND
2015-10-06,7843.0,8127.0,7749.0,7843.0,867238,VND
2015-10-07,7938.0,8032.0,7938.0,7938.0,1135082,VND
2015-10-08,7938.0,8032.0,7843.0,8032.0,1070105,VND
2015-10-09,7938.0,8221.0,7843.0,8032.0,722998,VND
2015-10-12,8032.0,8127.0,7843.0,7938.0,762894,VND
2015-10-13,7938.0,8032.0,7843.0,7938.0,696754,VND
2015-10-14,7938.0,8032.0,7843.0,7938.0,725855,VND
2015-10-15,7938.0,8032.0,7843.0,7938.0,846073,VND
2015-10-16,7938.0,8694.0,7938.0,8694.0,613575,VND
2015-10-19,9072.0,9261.0,8788.0,9072.0,744375,VND
2015-10-20,9166.0,9261.0,8599.0,8599.0,682890,VND
2015-10-21,8505.0,8599.0,8316.0,8316.0,672520,VND
2015-10-22,8316.0,8410.0,8127.0,8410.0,597066,VND
2015-10-23,8410.0,8599.0,7938.0,7938.0,761201,VND
2015-10-26,8032.0,8032.0,7843.0,7938.0,689134,VND
2015-10-27,7938.0,8032.0,7749.0,7843.0,587119,VND
2015-10-28,7843.0,7938.0,7560.0,7938.0,367425,VND
2015-10-29,7843.0,8032.0,7749.0,7938.0,228688,VND
2015-10-30,7843.0,8032.0,7843.0,7938.0,263505,VND
2015-11-02,7843.0,8505.0,7843.0,8221.0,2227833,VND
2015-11-03,8221.0,8505.0,8127.0,8221.0,791255,VND
2015-11-04,8221.0,8316.0,8127.0,8221.0,1218790,VND
2015-11-05,8221.0,8316.0,8127.0,8221.0,1101937,VND
2015-11-06,8221.0,8316.0,8032.0,8221.0,1094445,VND
2015-11-09,8221.0,8316.0,8221.0,8221.0,989657,VND
2015-11-10,8221.0,8410.0,8221.0,8316.0,968619,VND
2015-11-11,8316.0,8977.0,8316.0,8788.0,1623889,VND
2015-11-12,8883.0,8883.0,8694.0,8788.0,1190005,VND
2015-11-13,8788.0,8977.0,8694.0,8694.0,993784,VND
2015-11-16,8694.0,8694.0,8316.0,8410.0,1094762,VND
2015-11-17,8505.0,8505.0,8221.0,8410.0,1013489,VND
2015-11-18,8505.0,8505.0,8221.0,8316.0,979730,VND
2015-11-19,8316.0,8316.0,8032.0,8032.0,1211064,VND
2015-11-20,8127.0,8316.0,8127.0,8221.0,1086508,VND
2015-11-23,8221.0,8316.0,8127.0,8316.0,1054760,VND
2015-11-24,8316.0,8410.0,8221.0,8316.0,1097514,VND
2015-11-25,8316.0,8410.0,8316.0,8410.0,1017722,VND
2015-11-26,8410.0,8883.0,8316.0,8599.0,1105768,VND
2015-11-27,8694.0,8788.0,8410.0,8410.0,2199261,VND
2015-11-30,8410.0,8410.0,8032.0,8032.0,882583,VND
2015-12-01,8127.0,8221.0,8127.0,8221.0,880784,VND
2015-12-02,8127.0,8410.0,8127.0,8221.0,945125,VND
2015-12-03,8127.0,8316.0,7938.0,8127.0,1131801,VND
2015-12-04,8127.0,8316.0,8032.0,8316.0,1118996,VND
2015-12-07,8221.0,8316.0,8127.0,8127.0,928934,VND
2015-12-08,8032.0,8032.0,7749.0,8032.0,1365887,VND
2015-12-09,8032.0,8127.0,7938.0,7938.0,946713,VND
2015-12-10,8032.0,8221.0,8032.0,8127.0,999625,VND
2015-12-11,8221.0,8221.0,8032.0,8221.0,990292,VND
2015-12-14,8221.0,8505.0,8221.0,8410.0,962481,VND
2015-12-15,8410.0,8505.0,8410.0,8410.0,868931,VND
2015-12-16,8410.0,8505.0,8316.0,8410.0,1400492,VND
2015-12-17,8410.0,8599.0,8410.0,8599.0,1441234,VND
2015-12-18,8599.0,8694.0,8410.0,8694.0,1381337,VND
2015-12-21,8599.0,8883.0,8599.0,8788.0,1169581,VND
2015-12-22,8788.0,8977.0,8599.0,8694.0,1038040,VND
2015-12-23,8599.0,8694.0,8505.0,8505.0,929887,VND
2015-12-24,8505.0,8599.0,8410.0,8505.0,994969,VND
2015-12-25,8505.0,8599.0,8410.0,8599.0,870519,VND
2015-12-28,8599.0,8977.0,8599.0,8883.0,793160,VND
2015-12-29,8883.0,9072.0,8883.0,8977.0,952861,VND
2015-12-30,8977.0,9450.0,8977.0,9261.0,1069999,VND
2015-12-31,9355.0,9828.0,9355.0,9544.0,1665891,VND
2016-01-04,9544.0,9639.0,8977.0,8977.0,1125240,VND
2016-01-05,8977.0,8977.0,8599.0,8694.0,1036876,VND
2016-01-06,8599.0,8788.0,8599.0,8694.0,935707,VND
2016-01-07,8599.0,8694.0,8316.0,8599.0,949306,VND
2016-01-08,8505.0,8505.0,8410.0,8505.0,1197868,VND
2016-01-11,8410.0,9261.0,8410.0,9261.0,914658,VND
2016-01-12,9166.0,9639.0,9072.0,9544.0,1108096,VND
2016-01-13,9544.0,9733.0,9450.0,9544.0,884911,VND
2016-01-14,9544.0,10111.0,9450.0,10111.0,1324721,VND
2016-01-15,10111.0,10678.0,10111.0,10394.0,1350129,VND
2016-01-18,10394.0,10394.0,9733.0,9922.0,1073174,VND
2016-01-19,9828.0,10583.0,9733.0,10111.0,1391221,VND
2016-01-20,10111.0,10111.0,9733.0,9828.0,937929,VND
2016-01-21,9733.0,9733.0,9355.0,9544.0,1280380,VND
2016-01-22,9544.0,9922.0,9261.0,9544.0,990450,VND
2016-01-25,10206.0,10489.0,9544.0,10394.0,1251490,VND
2016-01-26,10489.0,11056.0,9733.0,10772.0,1243976,VND
2016-01-27,10678.0,11528.0,10678.0,10961.0,1479183,VND
2016-01-28,10961.0,11434.0,10772.0,10961.0,1287798,VND
2016-01-29,10961.0,11339.0,10394.0,10394.0,1116986,VND
2016-02-01,10300.0,10583.0,9922.0,10111.0,866180,VND
2016-02-02,10111.0,10206.0,9828.0,9922.0,830622,VND
2016-02-03,9922.0,10017.0,9639.0,9922.0,778027,VND
2016-02-04,9922.0,10394.0,9828.0,9828.0,741412,VND
2016-02-05,9922.0,10017.0,9450.0,9733.0,555487,VND
2016-02-15,9733.0,9922.0,9544.0,9828.0,926606,VND
2016-02-16,9828.0,10111.0,9828.0,9922.0,793901,VND
2016-02-17,9922.0,10017.0,9733.0,9922.0,891366,VND
2016-02-18,9922.0,10206.0,9828.0,10017.0,875281,VND
2016-02-19,10017.0,10017.0,9828.0,9828.0,876656,VND
2016-02-22,9828.0,10017.0,9828.0,9922.0,1084497,VND
2016-02-23,9922.0,10017.0,9922.0,9922.0,900150,VND
2016-02-24,9922.0,10206.0,9828.0,10206.0,880043,VND
2016-02-25,10206.0,10772.0,10206.0,10583.0,864592,VND
2016-02-26,10678.0,10961.0,10489.0,10867.0,1183878,VND
2016-02-29,10867.0,10961.0,10678.0,10867.0,733263,VND
2016-03-01,10017.0,11339.0,10017.0,11245.0,916658,VND
2016-03-02,11245.0,11528.0,11056.0,11150.0,1239320,VND
2016-03-03,11150.0,11150.0,10772.0,10772.0,904171,VND
2016-03-04,10772.0,10867.0,10678.0,10867.0,1025129,VND
2016-03-07,10867.0,11245.0,10867.0,11056.0,1547271,VND
2016-03-08,11056.0,11056.0,10867.0,11056.0,1234875,VND
2016-03-09,11056.0,11056.0,10867.0,10867.0,1158787,VND
2016-03-10,10867.0,10961.0,10678.0,10678.0,925124,VND
2016-03-11,10772.0,10867.0,10583.0,10583.0,749349,VND
2016-03-14,10678.0,10678.0,10678.0,10678.0,725432,VND
2016-03-15,10678.0,10772.0,10583.0,10583.0,1142617,VND
2016-03-16,10678.0,10867.0,10489.0,10489.0,1080053,VND
2016-03-17,10583.0,10867.0,10583.0,10583.0,939517,VND
2016-03-18,10678.0,10772.0,10489.0,10583.0,932109,VND
2016-03-21,10489.0,10678.0,10394.0,10394.0,1116774,VND
2016-03-22,10394.0,10394.0,10206.0,10300.0,753476,VND
2016-03-23,10300.0,10394.0,10111.0,10394.0,901525,VND
2016-03-24,10394.0,10489.0,10206.0,10206.0,602252,VND
2016-03-25,10206.0,10489.0,10111.0,10111.0,900150,VND
2016-03-28,10206.0,10300.0,10206.0,10206.0,595161,VND
2016-03-29,10300.0,10394.0,10111.0,10206.0,747232,VND
2016-03-30,10206.0,10300.0,10111.0,10206.0,794854,VND
2016-03-31,10206.0,10394.0,10111.0,10206.0,927241,VND
2016-04-01,10206.0,10583.0,10206.0,10583.0,724691,VND
2016-04-04,10489.0,11150.0,10489.0,11150.0,1143442,VND
2016-04-05,11150.0,11717.0,10961.0,11623.0,1282285,VND
2016-04-06,11623.0,11812.0,11528.0,11528.0,744375,VND
2016-04-07,11434.0,11717.0,11150.0,11528.0,1072010,VND
2016-04-08,11434.0,11434.0,10961.0,11056.0,820781,VND
2016-04-11,11150.0,11150.0,10772.0,10867.0,712098,VND
2016-04-12,10867.0,10867.0,10394.0,10394.0,664054,VND
2016-04-13,10394.0,10489.0,10300.0,10394.0,644582,VND
2016-04-14,10489.0,10489.0,10206.0,10300.0,615903,VND
2016-04-15,10800.0,11000.0,10500.0,11000.0,520860,VND
2016-04-19,11000.0,11100.0,10900.0,11100.0,572200,VND
2016-04-20,11100.0,11100.0,11000.0,11100.0,587200,VND
2016-04-21,11000.0,11200.0,11000.0,11200.0,512200,VND
2016-04-22,11200.0,11300.0,11100.0,11200.0,583100,VND
2016-04-25,11200.0,11300.0,11200.0,11300.0,594600,VND
2016-04-26,11300.0,11400.0,11200.0,11400.0,524400,VND
2016-04-27,11400.0,11400.0,11200.0,11400.0,478200,VND
2016-04-28,11400.0,11500.0,11400.0,11500.0,842300,VND
2016-04-29,11500.0,11500.0,11300.0,11500.0,621800,VND
2016-05-04,11500.0,11600.0,11400.0,11600.0,559600,VND
2016-05-05,11500.0,11700.0,11500.0,11700.0,467700,VND
2016-05-06,11600.0,11800.0,11600.0,11600.0,664500,VND
2016-05-09,11600.0,11700.0,11600.0,11700.0,501200,VND
2016-05-10,11600.0,11700.0,11500.0,11600.0,388500,VND
2016-05-11,11500.0,11700.0,11500.0,11500.0,427300,VND
2016-05-12,11500.0,11600.0,11500.0,11500.0,460300,VND
2016-05-13,11500.0,11600.0,11400.0,11500.0,501300,VND
2016-05-16,11500.0,11600.0,11500.0,11600.0,408900,VND
2016-05-17,11600.0,11700.0,11600.0,11700.0,1186900,VND
2016-05-18,11700.0,11800.0,11500.0,11600.0,448600,VND
2016-05-19,11600.0,11700.0,11600.0,11600.0,539100,VND
2016-05-20,11600.0,11700.0,11600.0,11700.0,542100,VND
2016-05-23,11700.0,11800.0,11600.0,11600.0,501610,VND
2016-05-24,11600.0,11700.0,11500.0,11600.0,475800,VND
2016-05-25,11600.0,11700.0,11600.0,11700.0,404000,VND
2016-05-26,11600.0,11700.0,11600.0,11600.0,398400,VND
2016-05-27,11600.0,11700.0,11600.0,11700.0,433500,VND
2016-05-30,11600.0,11700.0,11600.0,11600.0,417100,VND
2016-05-31,11600.0,11700.0,11500.0,11700.0,574700,VND
2016-06-01,11700.0,11700.0,11600.0,11700.0,607500,VND
2016-06-02,11700.0,11700.0,11600.0,11600.0,594100,VND
2016-06-03,11700.0,11800.0,11600.0,11700.0,404300,VND
2016-06-06,11700.0,11700.0,11600.0,11700.0,423500,VND
2016-06-07,11600.0,11800.0,11600.0,11700.0,334800,VND
2016-06-08,11800.0,11800.0,11700.0,11700.0,347200,VND
2016-06-09,11700.0,11700.0,11600.0,11700.0,362500,VND
2016-06-10,11700.0,11800.0,11600.0,11700.0,382600,VND
2016-06-13,11800.0,11800.0,11700.0,11800.0,348000,VND
2016-06-14,11800.0,11800.0,11700.0,11700.0,370300,VND
2016-06-15,11700.0,11800.0,11600.0,11700.0,385000,VND
2016-06-16,11800.0,11800.0,11600.0,11800.0,376200,VND
2016-06-17,11800.0,11800.0,11700.0,11800.0,392100,VND
2016-06-20,11800.0,12000.0,11700.0,11700.0,433800,VND
2016-06-21,11700.0,11800.0,11600.0,11800.0,368400,VND
2016-06-22,11800.0,11800.0,11600.0,11600.0,318200,VND
2016-06-23,11700.0,11700.0,11600.0,11700.0,310800,VND
2016-06-24,11700.0,11800.0,11700.0,11800.0,766200,VND
2016-06-27,11700.0,11800.0,11700.0,11800.0,311400,VND
2016-06-28,11800.0,12000.0,11600.0,12000.0,411800,VND
2016-06-29,12000.0,12000.0,11600.0,11700.0,1230900,VND
2016-06-30,11800.0,12000.0,11800.0,11900.0,1917300,VND
2016-07-01,11900.0,12100.0,11800.0,12100.0,442600,VND
2016-07-04,12100.0,13200.0,12100.0,12800.0,312700,VND
2016-07-05,12700.0,13500.0,12700.0,13000.0,1432550,VND
2016-07-06,13000.0,13300.0,13000.0,13100.0,1169000,VND
2016-07-07,13100.0,13100.0,12600.0,12900.0,1557400,VND
2016-07-08,12600.0,13000.0,12200.0,12200.0,702300,VND
2016-07-11,12500.0,12600.0,11900.0,12200.0,1089200,VND
2016-07-12,12300.0,12400.0,12000.0,12100.0,979100,VND
2016-07-13,12100.0,12200.0,11700.0,11900.0,896400,VND
2016-07-14,12000.0,12200.0,11800.0,12000.0,947000,VND
2016-07-15,12000.0,12000.0,11600.0,12000.0,1431000,VND
2016-07-18,12000.0,12000.0,11700.0,11700.0,827400,VND
2016-07-19,11700.0,11800.0,11600.0,11700.0,843700,VND
2016-07-20,11700.0,11700.0,11300.0,11400.0,601700,VND
2016-07-21,11400.0,11400.0,10500.0,10600.0,195000,VND
2016-07-22,10400.0,11500.0,10400.0,11300.0,836500,VND
2016-07-25,11600.0,11900.0,11300.0,11400.0,1029000,VND
2016-07-26,11500.0,11500.0,11300.0,11500.0,1190400,VND
2016-07-27,11400.0,11700.0,11400.0,11700.0,844300,VND
2016-07-28,11700.0,11800.0,11400.0,11500.0,1246600,VND
2016-07-29,11400.0,11700.0,11400.0,11500.0,764100,VND
2016-08-01,11500.0,11600.0,11200.0,11300.0,929400,VND
2016-08-02,11200.0,11300.0,11100.0,11300.0,725000,VND
2016-08-03,11300.0,11300.0,11000.0,11200.0,783200,VND
2016-08-04,11200.0,11500.0,11200.0,11500.0,1364300,VND
2016-08-05,11500.0,11500.0,11100.0,11500.0,1071000,VND
2016-08-08,11500.0,11800.0,11200.0,11500.0,788800,VND
2016-08-09,11400.0,11800.0,11200.0,11800.0,623400,VND
2016-08-10,11600.0,11900.0,11500.0,11700.0,517500,VND
2016-08-11,11600.0,11600.0,11300.0,11500.0,1143300,VND
2016-08-12,11500.0,11600.0,11300.0,11400.0,1462600,VND
2016-08-15,11500.0,11600.0,11300.0,11300.0,1160300,VND
2016-08-16,11600.0,11600.0,11400.0,11400.0,603600,VND
2016-08-17,11400.0,11400.0,11100.0,11400.0,541100,VND
2016-08-18,11300.0,11300.0,11200.0,11200.0,565400,VND
2016-08-19,11300.0,11700.0,11300.0,11700.0,606400,VND
2016-08-22,11700.0,11800.0,11500.0,11600.0,613050,VND
2016-08-23,11600.0,11600.0,11200.0,11500.0,527300,VND
2016-08-24,11500.0,11600.0,11300.0,11500.0,470900,VND
2016-08-25,11600.0,11600.0,11300.0,11500.0,738500,VND
2016-08-26,11500.0,11600.0,11500.0,11500.0,554000,VND
2016-08-29,11500.0,12300.0,11500.0,12200.0,818500,VND
2016-08-30,12200.0,12400.0,12100.0,12400.0,815900,VND
2016-08-31,12400.0,12700.0,12300.0,12500.0,709450,VND
2016-09-01,12400.0,12400.0,12000.0,12100.0,741500,VND
2016-09-05,12000.0,12400.0,12000.0,12300.0,721600,VND
2016-09-06,12300.0,12600.0,12200.0,12500.0,642100,VND
2016-09-07,12500.0,12600.0,12000.0,12600.0,628000,VND
2016-09-08,12500.0,13100.0,12400.0,12700.0,745600,VND
2016-09-09,12600.0,12800.0,12500.0,12700.0,689100,VND
2016-09-12,12600.0,12700.0,12400.0,12500.0,519200,VND
2016-09-13,12400.0,12700.0,12400.0,12600.0,538010,VND
2016-09-14,12500.0,12700.0,12300.0,12400.0,523900,VND
2016-09-15,12300.0,12500.0,12100.0,12200.0,452300,VND
2016-09-16,12100.0,12300.0,12100.0,12200.0,408700,VND
2016-09-19,12200.0,12500.0,12100.0,12400.0,406200,VND
2016-09-20,12300.0,12400.0,12000.0,12400.0,420500,VND
2016-09-21,12500.0,12600.0,12300.0,12600.0,438000,VND
2016-09-22,12500.0,12700.0,12400.0,12600.0,468300,VND
2016-09-23,12500.0,12600.0,12000.0,12500.0,497300,VND
2016-09-26,12500.0,12500.0,12200.0,12400.0,445810,VND
2016-09-27,12400.0,12400.0,12000.0,12400.0,579700,VND
2016-09-28,12400.0,12500.0,12300.0,12500.0,564200,VND
2016-09-29,12400.0,12600.0,12400.0,12500.0,542210,VND
2016-09-30,12400.0,12500.0,12300.0,12500.0,467800,VND
2016-10-03,12400.0,12500.0,12300.0,12500.0,529900,VND
2016-10-04,12400.0,12500.0,12400.0,12500.0,506700,VND
2016-10-05,12400.0,12500.0,12400.0,12500.0,472200,VND
2016-10-06,12400.0,12500.0,11500.0,12500.0,542400,VND
2016-10-07,12400.0,12500.0,12300.0,12500.0,413100,VND
2016-10-10,12400.0,12700.0,12300.0,12600.0,385200,VND
2016-10-11,12600.0,12700.0,11400.0,11400.0,403100,VND
2016-10-12,11500.0,12000.0,10300.0,10300.0,143720,VND
2016-10-13,9300.0,9300.0,9300.0,9300.0,15500,VND
2016-10-14,8400.0,8400.0,8400.0,8400.0,30200,VND
2016-10-17,7600.0,7600.0,7600.0,7600.0,8900,VND
2016-10-18,6900.0,6900.0,6900.0,6900.0,1000,VND
2016-10-19,6300.0,6300.0,6300.0,6300.0,12100,VND
2016-10-20,5700.0,5700.0,5700.0,5700.0,13220,VND
2016-10-21,5200.0,5200.0,5200.0,5200.0,112600,VND
2016-10-24,4700.0,4700.0,4700.0,4700.0,53300,VND
2016-10-25,4300.0,4300.0,4300.0,4300.0,479100,VND
2016-10-26,3900.0,3900.0,3900.0,3900.0,115800,VND
2016-10-27,3600.0,3600.0,3600.0,3600.0,58200,VND
2016-10-28,3300.0,3300.0,3300.0,3300.0,3055600,VND
2016-10-31,3000.0,3600.0,3000.0,3000.0,7257520,VND
2016-11-01,3000.0,3300.0,2700.0,3300.0,1904300,VND
2016-11-02,3300.0,3300.0,3000.0,3000.0,822800,VND
2016-11-03,2900.0,2900.0,2700.0,2700.0,1172200,VND
2016-11-04,2500.0,2600.0,2500.0,2500.0,2603400,VND
2016-11-07,2600.0,2700.0,2500.0,2700.0,1655500,VND
2016-11-08,2900.0,2900.0,2900.0,2900.0,124200,VND
2016-11-09,3100.0,3100.0,2900.0,3100.0,3307820,VND
2016-11-10,3300.0,3400.0,3000.0,3000.0,1402300,VND
2016-11-11,3100.0,3100.0,2800.0,2800.0,715340,VND
2016-11-14,2700.0,2900.0,2600.0,2700.0,1094161,VND
2016-11-15,2600.0,2800.0,2500.0,2600.0,733150,VND
2016-11-16,2600.0,2800.0,2500.0,2700.0,705600,VND
2016-11-17,2700.0,2800.0,2600.0,2600.0,533250,VND
2016-11-18,2600.0,2600.0,2400.0,2400.0,1216700,VND
2016-11-21,2400.0,2600.0,2400.0,2500.0,808905,VND
2016-11-22,2600.0,2600.0,2500.0,2500.0,121900,VND
2016-11-23,2500.0,2600.0,2400.0,2500.0,655300,VND
2016-11-24,2500.0,2500.0,2400.0,2400.0,282700,VND
2016-11-25,2400.0,2600.0,2400.0,2600.0,1073320,VND
2016-11-28,2700.0,2700.0,2500.0,2500.0,899850,VND
2016-11-29,2600.0,2700.0,2500.0,2600.0,730725,VND
2016-11-30,2600.0,2600.0,2500.0,2500.0,547600,VND
2016-12-01,2500.0,2600.0,2500.0,2500.0,304700,VND
2016-12-02,2500.0,2600.0,2400.0,2500.0,901100,VND
2016-12-05,2600.0,2600.0,2500.0,2500.0,548505,VND
2016-12-06,2500.0,2700.0,2500.0,2600.0,1269116,VND
2016-12-07,2600.0,2600.0,2500.0,2500.0,229600,VND
2016-12-08,2500.0,2600.0,2500.0,2500.0,318810,VND
2016-12-09,2500.0,2600.0,2400.0,2500.0,834100,VND
2016-12-12,2500.0,2500.0,2400.0,2400.0,546400,VND
2016-12-13,2400.0,2400.0,2300.0,2400.0,181930,VND
2016-12-14,2300.0,2500.0,2300.0,2400.0,387900,VND
2016-12-15,2400.0,2400.0,2300.0,2300.0,305500,VND
2016-12-16,2300.0,2400.0,2200.0,2400.0,786200,VND
2016-12-19,2300.0,2400.0,2300.0,2300.0,698310,VND
2016-12-20,2300.0,2300.0,2200.0,2300.0,390100,VND
2016-12-21,2300.0,2300.0,2200.0,2300.0,571700,VND
2016-12-22,2300.0,2300.0,2200.0,2300.0,200800,VND
2016-12-23,2300.0,2300.0,2100.0,2300.0,692100,VND
2016-12-26,2200.0,2300.0,2100.0,2300.0,304400,VND
2016-12-27,2200.0,2300.0,2100.0,2300.0,697800,VND
2016-12-28,2200.0,2200.0,2100.0,2200.0,517350,VND
2016-12-29,2200.0,2200.0,2100.0,2200.0,182800,VND
2016-12-30,2100.0,2200.0,2100.0,2100.0,319100,VND
2017-01-03,2100.0,2200.0,2000.0,2200.0,158400,VND
2017-01-04,2100.0,2200.0,2100.0,2100.0,173100,VND
2017-01-05,2100.0,2200.0,2100.0,2100.0,86700,VND
2017-01-06,2100.0,2200.0,2100.0,2100.0,89200,VND
2017-01-09,2100.0,2200.0,2000.0,2100.0,201800,VND
2017-01-10,2000.0,2100.0,2000.0,2100.0,26900,VND
2017-01-11,2000.0,2100.0,2000.0,2000.0,126200,VND
2017-01-12,2000.0,2100.0,1900.0,1900.0,209600,VND
2017-01-13,1900.0,2000.0,1900.0,1900.0,81500,VND
2017-01-16,2000.0,2000.0,2000.0,2000.0,202800,VND
2017-01-17,2100.0,2200.0,2000.0,2000.0,255790,VND
2017-01-18,2000.0,2100.0,2000.0,2000.0,91300,VND
2017-01-19,2000.0,2000.0,1900.0,1900.0,59000,VND
2017-01-20,1900.0,2000.0,1900.0,2000.0,257500,VND
2017-01-23,2100.0,2100.0,2000.0,2000.0,205800,VND
2017-01-24,2000.0,2100.0,2000.0,2000.0,42300,VND
2017-01-25,2000.0,2100.0,2000.0,2100.0,169000,VND
2017-02-02,2100.0,2100.0,2000.0,2000.0,81710,VND
2017-02-03,2000.0,2100.0,1900.0,2000.0,122294,VND
2017-02-06,2000.0,2100.0,1900.0,2000.0,337000,VND
2017-02-07,2100.0,2100.0,2000.0,2000.0,112400,VND
2017-02-08,2000.0,2200.0,2000.0,2100.0,283320,VND
2017-02-09,2200.0,2300.0,2100.0,2300.0,475100,VND
2017-02-10,2500.0,2500.0,2400.0,2400.0,1634490,VND
2017-02-13,2400.0,2400.0,2200.0,2300.0,887700,VND
2017-02-14,2300.0,2400.0,2200.0,2400.0,625200,VND
2017-02-15,2400.0,2400.0,2200.0,2300.0,1082420,VND
2017-02-16,2300.0,2500.0,2300.0,2500.0,2403230,VND
2017-02-17,2700.0,2700.0,2500.0,2600.0,1325410,VND
2017-02-20,2600.0,2800.0,2500.0,2700.0,2171110,VND
2017-02-21,2700.0,2800.0,2500.0,2700.0,1508600,VND
2017-02-22,2700.0,2700.0,2500.0,2500.0,1000600,VND
2017-02-23,2500.0,2500.0,2400.0,2400.0,1247110,VND
2017-02-24,2400.0,2600.0,2400.0,2500.0,1016249,VND
2017-02-27,2500.0,2600.0,2400.0,2600.0,775336,VND
2017-02-28,2500.0,2600.0,2500.0,2500.0,703901,VND
2017-03-01,2500.0,2600.0,2500.0,2600.0,1625708,VND
2017-03-02,2700.0,2800.0,2600.0,2800.0,1045932,VND
2017-03-03,3000.0,3000.0,2800.0,2900.0,3539774,VND
2017-03-06,2900.0,2900.0,2700.0,2700.0,2153916,VND
2017-03-07,2700.0,2800.0,2600.0,2800.0,910900,VND
2017-03-08,2700.0,2800.0,2600.0,2700.0,1156500,VND
2017-03-09,2700.0,2800.0,2600.0,2600.0,808100,VND
2017-03-10,2600.0,2700.0,2600.0,2600.0,362800,VND
2017-03-13,2600.0,2600.0,2500.0,2500.0,406100,VND
2017-03-14,2500.0,2600.0,2500.0,2500.0,509100,VND
2017-03-15,2600.0,2700.0,2600.0,2600.0,313150,VND
2017-03-16,2600.0,2700.0,2500.0,2600.0,470000,VND
2017-03-17,2600.0,2600.0,2500.0,2600.0,399920,VND
2017-03-20,2500.0,2700.0,2500.0,2600.0,481830,VND
2017-03-21,2600.0,2700.0,2500.0,2600.0,422851,VND
2017-03-22,2500.0,2600.0,2500.0,2500.0,371210,VND
2017-03-23,2500.0,2600.0,2500.0,2600.0,815600,VND
2017-03-24,2600.0,2600.0,2500.0,2500.0,484700,VND
2017-03-27,2600.0,2600.0,2500.0,2600.0,430300,VND
2017-03-28,2500.0,2600.0,2500.0,2500.0,421800,VND
2017-03-29,2500.0,2600.0,2500.0,2600.0,142100,VND
2017-03-30,2600.0,2600.0,2500.0,2500.0,277350,VND
2017-03-31,2500.0,2500.0,2400.0,2500.0,514700,VND
2017-04-03,2500.0,2600.0,2500.0,2500.0,185310,VND
2017-04-04,2600.0,2600.0,2500.0,2500.0,309100,VND
2017-04-05,2500.0,2500.0,2400.0,2500.0,193820,VND
2017-04-07,2500.0,2500.0,2300.0,2400.0,453816,VND
2017-04-10,2400.0,2500.0,2400.0,2400.0,130900,VND
2017-04-11,2400.0,2500.0,2400.0,2400.0,372300,VND
2017-04-12,2400.0,2600.0,2300.0,2600.0,600700,VND
2017-04-13,2600.0,2600.0,2400.0,2400.0,229811,VND
2017-04-14,2400.0,2500.0,2300.0,2400.0,219800,VND
2017-04-17,2400.0,2500.0,2300.0,2300.0,275706,VND
2017-04-18,2300.0,2300.0,2200.0,2300.0,800500,VND
2017-04-19,2300.0,2400.0,2300.0,2300.0,93700,VND
2017-04-20,2300.0,2400.0,2300.0,2300.0,272200,VND
2017-04-21,2300.0,2400.0,2300.0,2400.0,349100,VND
2017-04-24,2400.0,2500.0,2300.0,2400.0,257800,VND
2017-04-25,2400.0,2500.0,2300.0,2400.0,188404,VND
2017-04-26,2400.0,2400.0,2300.0,2400.0,79200,VND
2017-04-27,2300.0,2500.0,2300.0,2400.0,262800,VND
2017-04-28,2400.0,2400.0,2300.0,2300.0,95800,VND
2017-05-03,2400.0,2400.0,2300.0,2400.0,222100,VND
2017-05-04,2400.0,2400.0,2300.0,2300.0,157326,VND
2017-05-05,2300.0,2400.0,2300.0,2300.0,163400,VND
2017-05-08,2300.0,2400.0,2300.0,2400.0,448500,VND
2017-05-09,2400.0,2500.0,2300.0,2400.0,736210,VND
2017-05-10,2400.0,2500.0,2400.0,2400.0,264601,VND
2017-05-11,2400.0,2500.0,2400.0,2500.0,303400,VND
2017-05-12,2500.0,2500.0,2300.0,2400.0,228520,VND
2017-05-15,2400.0,2500.0,2300.0,2500.0,856600,VND
2017-05-16,2600.0,2700.0,2500.0,2600.0,1585750,VND
2017-05-17,2600.0,2600.0,2500.0,2600.0,443900,VND
2017-05-18,2600.0,2600.0,2400.0,2500.0,516200,VND
2017-05-19,2500.0,2500.0,2400.0,2400.0,526260,VND
2017-05-22,2400.0,2600.0,2400.0,2600.0,1638880,VND
2017-05-23,2800.0,2800.0,2700.0,2800.0,2279330,VND
2017-05-24,3000.0,3000.0,2800.0,2800.0,3000975,VND
2017-05-25,2800.0,2900.0,2700.0,2800.0,1737780,VND
2017-05-26,2800.0,2800.0,2700.0,2800.0,1364560,VND
2017-05-29,2800.0,3000.0,2700.0,2900.0,1725410,VND
2017-05-30,3100.0,3100.0,2700.0,2800.0,898840,VND
2017-05-31,2700.0,2800.0,2600.0,2600.0,618110,VND
2017-06-01,2600.0,2800.0,2600.0,2700.0,587320,VND
2017-06-02,2700.0,2800.0,2600.0,2800.0,432100,VND
2017-06-05,2800.0,2800.0,2700.0,2700.0,480380,VND
2017-06-06,2700.0,2900.0,2700.0,2800.0,978660,VND
2017-06-07,2900.0,2900.0,2800.0,2800.0,559215,VND
2017-06-08,2800.0,2900.0,2700.0,2800.0,711700,VND
2017-06-09,2800.0,2800.0,2700.0,2800.0,581930,VND
2017-06-12,2800.0,2800.0,2700.0,2700.0,346100,VND
2017-06-13,2700.0,2800.0,2700.0,2700.0,393100,VND
2017-06-14,2700.0,2800.0,2700.0,2700.0,369301,VND
2017-06-15,2700.0,2800.0,2600.0,2700.0,341510,VND
2017-06-16,2700.0,2700.0,2600.0,2700.0,189700,VND
2017-06-19,2700.0,2700.0,2600.0,2700.0,341010,VND
2017-06-20,2600.0,2700.0,2600.0,2600.0,503700,VND
2017-06-21,2600.0,2700.0,2600.0,2600.0,178900,VND
2017-06-22,2600.0,2700.0,2600.0,2700.0,417000,VND
2017-06-23,2600.0,2700.0,2600.0,2700.0,719900,VND
2017-06-26,2600.0,2700.0,2600.0,2700.0,290600,VND
2017-06-27,2600.0,2700.0,2600.0,2600.0,340500,VND
2017-06-28,2600.0,2700.0,2500.0,2600.0,333900,VND
2017-06-29,2600.0,2700.0,2500.0,2600.0,370605,VND
2017-06-30,2600.0,2700.0,2500.0,2600.0,121010,VND
2017-07-03,2600.0,2700.0,2600.0,2700.0,123300,VND
2017-07-04,2700.0,2700.0,2600.0,2700.0,102310,VND
2017-07-05,2700.0,2900.0,2600.0,2900.0,2677170,VND
2017-07-06,3100.0,3100.0,3000.0,3100.0,3667910,VND
2017-07-07,3400.0,3400.0,3100.0,3100.0,2460540,VND
2017-07-10,3000.0,3100.0,2900.0,3000.0,1290870,VND
2017-07-11,2900.0,3000.0,2700.0,2800.0,1627300,VND
2017-07-12,2900.0,3000.0,2800.0,3000.0,1068815,VND
2017-07-13,3000.0,3100.0,2900.0,3000.0,513770,VND
2017-07-14,2900.0,3100.0,2900.0,3000.0,523000,VND
2017-07-17,3000.0,3000.0,2800.0,2900.0,1044315,VND
2017-07-18,2800.0,2900.0,2700.0,2800.0,619489,VND
2017-07-19,2900.0,3000.0,2900.0,3000.0,755340,VND
2017-07-20,3100.0,3100.0,2900.0,2900.0,679020,VND
2017-07-21,3000.0,3100.0,2800.0,3100.0,1695200,VND
2017-07-24,3100.0,3100.0,2900.0,3000.0,439610,VND
2017-07-25,2900.0,3100.0,2900.0,3100.0,714540,VND
2017-07-26,3100.0,3400.0,3100.0,3400.0,3307969,VND
2017-07-27,3700.0,3700.0,3600.0,3700.0,5111231,VND
2017-07-28,3800.0,4000.0,3700.0,3900.0,3376686,VND
2017-07-31,3800.0,4100.0,3600.0,3900.0,2784674,VND
2017-08-01,3900.0,3900.0,3600.0,3600.0,2466326,VND
2017-08-02,3500.0,3500.0,3300.0,3500.0,2599340,VND
2017-08-03,3500.0,3800.0,3400.0,3700.0,2736920,VND
2017-08-04,3800.0,3900.0,3600.0,3700.0,1009360,VND
2017-08-07,3700.0,4000.0,3700.0,3900.0,2096320,VND
2017-08-08,4000.0,4200.0,3900.0,4200.0,3030650,VND
2017-08-09,4200.0,4200.0,3800.0,3900.0,3031380,VND
2017-08-10,3900.0,3900.0,3600.0,3600.0,1905910,VND
2017-08-11,3600.0,3700.0,3500.0,3600.0,1049410,VND
2017-08-14,3600.0,3800.0,3500.0,3800.0,653445,VND
2017-08-15,3800.0,3800.0,3600.0,3600.0,872720,VND
2017-08-16,3600.0,3700.0,3600.0,3700.0,559900,VND
2017-08-17,3700.0,3700.0,3500.0,3500.0,1155800,VND
2017-08-18,3400.0,3600.0,3300.0,3600.0,906100,VND
2017-08-21,3600.0,3600.0,3400.0,3500.0,231310,VND
2017-08-22,3500.0,3500.0,3300.0,3300.0,866700,VND
2017-08-23,3300.0,3500.0,3300.0,3300.0,709200,VND
2017-08-24,3400.0,3400.0,3200.0,3400.0,735176,VND
2017-08-25,3400.0,3400.0,3300.0,3300.0,477900,VND
2017-08-28,3400.0,3600.0,3300.0,3500.0,500100,VND
2017-08-29,3600.0,3600.0,3300.0,3300.0,386124,VND
2017-08-30,3600.0,3600.0,3400.0,3400.0,389800,VND
2017-08-31,3400.0,3500.0,3300.0,3400.0,326306,VND
2017-09-01,3400.0,3500.0,3300.0,3400.0,476110,VND
2017-09-05,3400.0,3400.0,3300.0,3300.0,324010,VND
2017-09-06,3300.0,3400.0,3200.0,3300.0,534900,VND
2017-09-07,3300.0,3400.0,3200.0,3300.0,497950,VND
2017-09-08,3300.0,3400.0,3300.0,3300.0,126300,VND
2017-09-11,3300.0,3400.0,3200.0,3300.0,526910,VND
2017-09-12,3300.0,3400.0,3200.0,3300.0,316820,VND
2017-09-13,3300.0,3400.0,3200.0,3400.0,505500,VND
2017-09-14,3400.0,3500.0,3300.0,3400.0,584600,VND
2017-09-15,3400.0,3500.0,3300.0,3500.0,589590,VND
2017-09-18,3400.0,3600.0,3300.0,3500.0,689642,VND
2017-09-19,3500.0,3800.0,3500.0,3800.0,2188676,VND
2017-09-20,3800.0,3900.0,3500.0,3600.0,862210,VND
2017-09-21,3600.0,3800.0,3500.0,3600.0,527110,VND
2017-09-22,3600.0,3700.0,3600.0,3600.0,630340,VND
2017-09-25,3600.0,3600.0,3500.0,3500.0,693056,VND
2017-09-26,3400.0,3600.0,3400.0,3500.0,363700,VND
2017-09-27,3500.0,3600.0,3400.0,3500.0,321650,VND
2017-09-28,3500.0,3600.0,3400.0,3500.0,255310,VND
2017-09-29,3500.0,3500.0,3300.0,3500.0,730900,VND
2017-10-02,3500.0,3500.0,3300.0,3400.0,236200,VND
2017-10-03,3400.0,3400.0,3300.0,3300.0,651300,VND
2017-10-04,3400.0,3400.0,3300.0,3300.0,221110,VND
2017-10-05,3400.0,3500.0,3300.0,3300.0,343500,VND
2017-10-06,3400.0,3600.0,3400.0,3400.0,639800,VND
2017-10-09,3500.0,3500.0,3400.0,3500.0,342610,VND
2017-10-10,3500.0,3500.0,3300.0,3400.0,232106,VND
2017-10-11,3400.0,3500.0,3300.0,3400.0,217710,VND
2017-10-12,3400.0,3400.0,3300.0,3300.0,282800,VND
2017-10-13,3300.0,3500.0,3300.0,3400.0,463600,VND
2017-10-16,3400.0,3500.0,3300.0,3400.0,150906,VND
2017-10-17,3400.0,3400.0,3300.0,3300.0,114354,VND
2017-10-18,3300.0,3400.0,3300.0,3300.0,277880,VND
2017-10-19,3300.0,3400.0,3200.0,3300.0,403100,VND
2017-10-20,3300.0,3600.0,3300.0,3400.0,1308042,VND
2017-10-23,3500.0,3500.0,3300.0,3400.0,374405,VND
2017-10-24,3400.0,3500.0,3300.0,3400.0,353000,VND
2017-10-25,3500.0,3500.0,3300.0,3400.0,525900,VND
2017-10-26,3400.0,3500.0,3300.0,3300.0,623900,VND
2017-10-27,3400.0,3500.0,3300.0,3400.0,391100,VND
2017-10-30,3400.0,3400.0,3300.0,3300.0,723011,VND
2017-10-31,3300.0,3300.0,3100.0,3200.0,694500,VND
2017-11-01,3200.0,3200.0,2900.0,2900.0,850400,VND
2017-11-02,2800.0,3000.0,2700.0,2700.0,1768911,VND
2017-11-03,2700.0,2900.0,2600.0,2800.0,948605,VND
2017-11-06,2900.0,3000.0,2800.0,2900.0,228000,VND
2017-11-07,2900.0,3000.0,2900.0,2900.0,214300,VND
2017-11-08,2900.0,2900.0,2800.0,2900.0,126000,VND
2017-11-09,2900.0,2900.0,2800.0,2800.0,181200,VND
2017-11-10,2800.0,2900.0,2700.0,2800.0,221300,VND
2017-11-13,2900.0,2900.0,2700.0,2700.0,264610,VND
2017-11-14,2700.0,2800.0,2700.0,2800.0,210310,VND
2017-11-15,2800.0,2800.0,2700.0,2800.0,184501,VND
2017-11-16,2800.0,2900.0,2700.0,2800.0,258110,VND
2017-11-17,2800.0,2900.0,2700.0,2900.0,320650,VND
2017-11-20,2900.0,2900.0,2700.0,2800.0,167801,VND
2017-11-21,2800.0,2900.0,2700.0,2800.0,67300,VND
2017-11-22,2800.0,2900.0,2800.0,2800.0,194000,VND
2017-11-23,2800.0,2800.0,2700.0,2700.0,180110,VND
2017-11-24,2800.0,2900.0,2700.0,2900.0,321700,VND
2017-11-27,2900.0,3100.0,2900.0,3100.0,605730,VND
2017-11-28,3100.0,3200.0,2900.0,3000.0,445500,VND
2017-11-29,2900.0,3100.0,2900.0,3000.0,274442,VND
2017-11-30,3000.0,3100.0,2900.0,2900.0,136629,VND
2017-12-01,3000.0,3100.0,2900.0,3000.0,355200,VND
2017-12-04,3100.0,3200.0,3000.0,3100.0,387919,VND
2017-12-05,3100.0,3100.0,2900.0,3000.0,663300,VND
2017-12-06,2900.0,3000.0,2800.0,3000.0,318000,VND
2017-12-07,3000.0,3000.0,2900.0,2900.0,158000,VND
2017-12-08,3000.0,3000.0,2900.0,2900.0,280600,VND
2017-12-11,2900.0,3000.0,2800.0,2900.0,268101,VND
2017-12-12,3000.0,3000.0,2800.0,2900.0,357600,VND
2017-12-13,2900.0,3000.0,2800.0,2900.0,189800,VND
2017-12-14,2800.0,3000.0,2800.0,3000.0,163700,VND
2017-12-15,2900.0,3000.0,2800.0,3000.0,205315,VND
2017-12-18,3000.0,3000.0,2900.0,2900.0,134300,VND
2017-12-19,2900.0,2900.0,2800.0,2800.0,439104,VND
2017-12-20,2900.0,2900.0,2800.0,2800.0,190400,VND
2017-12-21,2800.0,2900.0,2800.0,2800.0,244200,VND
2017-12-22,2800.0,2900.0,2700.0,2800.0,147900,VND
2017-12-25,2900.0,2900.0,2700.0,2800.0,188000,VND
2017-12-26,2700.0,2900.0,2700.0,2800.0,288100,VND
2017-12-27,2800.0,2800.0,2700.0,2700.0,116900,VND
2017-12-28,2600.0,2800.0,2600.0,2800.0,323000,VND
2017-12-29,2700.0,2900.0,2700.0,2900.0,210500,VND
2018-01-02,2900.0,2900.0,2700.0,2700.0,335640,VND
2018-01-03,2800.0,2800.0,2700.0,2800.0,141500,VND
2018-01-04,2800.0,2900.0,2700.0,2800.0,203300,VND
2018-01-05,2800.0,2900.0,2700.0,2800.0,136522,VND
2018-01-08,2700.0,2900.0,2700.0,2900.0,240100,VND
2018-01-09,2900.0,2900.0,2700.0,2800.0,236000,VND
2018-01-10,2800.0,2900.0,2700.0,2800.0,359960,VND
2018-01-11,2900.0,2900.0,2800.0,2900.0,525100,VND
2018-01-12,2900.0,2900.0,2800.0,2900.0,257408,VND
2018-01-15,2800.0,2900.0,2800.0,2900.0,362429,VND
2018-01-16,2900.0,2900.0,2700.0,2900.0,125126,VND
2018-01-17,2800.0,2900.0,2700.0,2700.0,85016,VND
2018-01-18,2800.0,2800.0,2700.0,2700.0,119170,VND
2018-01-19,2800.0,2800.0,2700.0,2800.0,104310,VND
2018-01-22,2800.0,2900.0,2800.0,2800.0,477710,VND
2018-01-23,2800.0,3000.0,2800.0,3000.0,635893,VND
2018-01-24,3000.0,3100.0,2900.0,3000.0,447500,VND
2018-01-25,3000.0,3000.0,2800.0,2900.0,454650,VND
2018-01-26,2900.0,2900.0,2700.0,2900.0,776700,VND
2018-01-29,2800.0,2900.0,2700.0,2800.0,286703,VND
2018-01-30,2700.0,2900.0,2700.0,2800.0,302432,VND
2018-01-31,2800.0,2900.0,2700.0,2800.0,277700,VND
2018-02-01,2800.0,2800.0,2700.0,2700.0,435000,VND
2018-02-02,2700.0,2800.0,2600.0,2700.0,75410,VND
2018-02-05,2700.0,2800.0,2600.0,2700.0,268000,VND
2018-02-06,2600.0,2700.0,2500.0,2500.0,865030,VND
2018-02-07,2500.0,2700.0,2500.0,2600.0,299700,VND
2018-02-08,2700.0,2700.0,2500.0,2600.0,35100,VND
2018-02-09,2600.0,2600.0,2400.0,2600.0,383750,VND
2018-02-12,2600.0,2700.0,2500.0,2700.0,48790,VND
2018-02-13,2600.0,2700.0,2600.0,2700.0,83800,VND
2018-02-21,2700.0,2800.0,2600.0,2700.0,111500,VND
2018-02-22,2700.0,2800.0,2700.0,2700.0,181500,VND
2018-02-23,2700.0,2800.0,2700.0,2700.0,165700,VND
2018-02-26,2700.0,2800.0,2600.0,2700.0,100500,VND
2018-02-27,2700.0,2700.0,2600.0,2700.0,98620,VND
2018-02-28,2600.0,2700.0,2600.0,2600.0,26310,VND
2018-03-01,2600.0,2800.0,2600.0,2700.0,287000,VND
2018-03-02,2700.0,2800.0,2600.0,2700.0,137810,VND
2018-03-05,2600.0,2800.0,2600.0,2700.0,95600,VND
2018-03-06,2600.0,2700.0,2600.0,2700.0,56500,VND
2018-03-07,2600.0,2900.0,2600.0,2800.0,460300,VND
2018-03-08,2800.0,2800.0,2700.0,2800.0,229700,VND
2018-03-09,2800.0,2900.0,2700.0,2700.0,217266,VND
2018-03-12,2800.0,2900.0,2700.0,2800.0,981219,VND
2018-03-13,2900.0,3000.0,2800.0,2900.0,610300,VND
2018-03-14,2900.0,3000.0,2900.0,2900.0,294896,VND
2018-03-15,2900.0,2900.0,2800.0,2900.0,969300,VND
2018-03-16,2900.0,2900.0,2700.0,2800.0,459600,VND
2018-03-19,2800.0,2900.0,2700.0,2800.0,91220,VND
2018-03-20,2800.0,2800.0,2700.0,2700.0,293100,VND
2018-03-21,2700.0,2800.0,2600.0,2800.0,251500,VND
2018-03-22,2800.0,2800.0,2600.0,2700.0,295819,VND
2018-03-23,2700.0,2700.0,2500.0,2500.0,1242600,VND
2018-03-26,2600.0,2700.0,2600.0,2700.0,539800,VND
2018-03-27,2700.0,2800.0,2600.0,2700.0,141504,VND
2018-03-28,2600.0,2700.0,2600.0,2600.0,447900,VND
2018-03-29,2700.0,2700.0,2500.0,2600.0,116201,VND
2018-03-30,2700.0,2700.0,2500.0,2500.0,947900,VND
2018-04-02,2600.0,2600.0,2500.0,2600.0,198100,VND
2018-04-03,2500.0,2600.0,2500.0,2600.0,155967,VND
2018-04-04,2600.0,2600.0,2400.0,2500.0,471400,VND
2018-04-05,2500.0,2600.0,2400.0,2500.0,176000,VND
2018-04-06,2600.0,2700.0,2600.0,2700.0,1799050,VND
2018-04-09,2700.0,2700.0,2600.0,2700.0,207600,VND
2018-04-10,2700.0,2800.0,2600.0,2700.0,351900,VND
2018-04-11,2700.0,2700.0,2500.0,2500.0,506300,VND
2018-04-12,2600.0,2600.0,2500.0,2600.0,118500,VND
2018-04-13,2600.0,2600.0,2500.0,2500.0,185940,VND
2018-04-16,2500.0,2600.0,2400.0,2500.0,582410,VND
2018-04-17,2500.0,2600.0,2400.0,2500.0,277200,VND
2018-04-18,2500.0,2600.0,2400.0,2600.0,198200,VND
2018-04-19,2600.0,2600.0,2400.0,2500.0,274800,VND
2018-04-20,2500.0,2600.0,2500.0,2500.0,255500,VND
2018-04-23,2600.0,2600.0,2400.0,2500.0,248500,VND
2018-04-24,2400.0,2500.0,2400.0,2400.0,370200,VND
2018-04-26,2400.0,2400.0,2200.0,2200.0,963000,VND
2018-04-27,2200.0,2300.0,2100.0,2200.0,304600,VND
2018-05-02,2300.0,2300.0,2100.0,2200.0,151700,VND
2018-05-03,2100.0,2200.0,2000.0,2000.0,1056900,VND
2018-05-04,2100.0,2100.0,2000.0,2000.0,140830,VND
2018-05-07,2000.0,2100.0,2000.0,2000.0,148110,VND
2018-05-08,2000.0,2200.0,2000.0,2100.0,494600,VND
2018-05-09,2100.0,2200.0,2000.0,2100.0,241880,VND
2018-05-10,2000.0,2200.0,2000.0,2100.0,205200,VND
2018-05-11,2100.0,2100.0,2000.0,2000.0,275700,VND
2018-05-14,2100.0,2100.0,2000.0,2100.0,29600,VND
2018-05-15,2000.0,2100.0,2000.0,2100.0,183600,VND
2018-05-16,2100.0,2100.0,2000.0,2000.0,255500,VND
2018-05-17,2000.0,2100.0,1900.0,2000.0,210600,VND
2018-05-18,2000.0,2100.0,1900.0,2000.0,263100,VND
2018-05-21,2100.0,2100.0,1900.0,2000.0,127968,VND
2018-05-22,2000.0,2000.0,1900.0,1900.0,458700,VND
2018-05-23,2000.0,2000.0,1800.0,1900.0,94512,VND
2018-05-24,1900.0,2000.0,1800.0,1900.0,94900,VND
2018-05-25,1900.0,1900.0,1800.0,1800.0,387000,VND
2018-05-28,1800.0,1900.0,1700.0,1700.0,292600,VND
2018-05-29,1700.0,1800.0,1700.0,1700.0,202515,VND
2018-05-30,1700.0,1800.0,1600.0,1700.0,227766,VND
2018-05-31,1700.0,1800.0,1700.0,1800.0,412660,VND
2018-06-01,1900.0,1900.0,1900.0,1900.0,511812,VND
2018-06-04,2000.0,2000.0,2000.0,2000.0,777600,VND
2018-06-05,2100.0,2100.0,1900.0,2000.0,595679,VND
2018-06-06,2000.0,2000.0,1800.0,2000.0,409900,VND
2018-06-07,1900.0,2000.0,1800.0,1900.0,205500,VND
2018-06-08,1900.0,2000.0,1800.0,1900.0,131500,VND
2018-06-11,1900.0,1900.0,1800.0,1800.0,556300,VND
2018-06-12,1800.0,1900.0,1800.0,1900.0,224100,VND
2018-06-13,1800.0,1900.0,1800.0,1800.0,389900,VND
2018-06-14,1800.0,1900.0,1700.0,1900.0,237000,VND
2018-06-15,1800.0,1900.0,1800.0,1800.0,212300,VND
2018-06-18,1800.0,1900.0,1700.0,1800.0,243000,VND
2018-06-19,1700.0,1800.0,1700.0,1700.0,750500,VND
2018-06-20,1700.0,1800.0,1700.0,1800.0,306410,VND
2018-06-21,1900.0,1900.0,1700.0,1800.0,272530,VND
2018-06-22,1800.0,1800.0,1700.0,1800.0,138870,VND
2018-06-25,1800.0,1800.0,1700.0,1800.0,152700,VND
2018-06-26,1800.0,1800.0,1700.0,1800.0,169000,VND
2018-06-27,1800.0,1800.0,1700.0,1700.0,1138603,VND
2018-06-28,1700.0,1800.0,1600.0,1700.0,175900,VND
2018-06-29,1700.0,1800.0,1700.0,1800.0,210900,VND
2018-07-02,1800.0,1800.0,1700.0,1700.0,301420,VND
2018-07-03,1600.0,1700.0,1600.0,1600.0,271500,VND
2018-07-04,1600.0,1700.0,1500.0,1600.0,275300,VND
2018-07-05,1600.0,1700.0,1500.0,1500.0,290200,VND
2018-07-06,1500.0,1600.0,1500.0,1600.0,347700,VND
2018-07-09,1600.0,1600.0,1500.0,1600.0,146900,VND
2018-07-10,1600.0,1600.0,1500.0,1600.0,121500,VND
2018-07-11,1600.0,1600.0,1500.0,1500.0,181600,VND
2018-07-12,1600.0,1600.0,1400.0,1500.0,41800,VND
2018-07-13,1500.0,1500.0,1400.0,1400.0,226300,VND
2018-07-16,1400.0,1500.0,1400.0,1500.0,222700,VND
2018-07-17,1500.0,1600.0,1500.0,1600.0,123900,VND
2018-07-18,1600.0,1700.0,1500.0,1700.0,233800,VND
2018-07-19,1700.0,1700.0,1600.0,1600.0,339500,VND
2018-07-20,1600.0,1700.0,1500.0,1700.0,179100,VND
2018-07-23,1700.0,1700.0,1600.0,1700.0,427000,VND
2018-07-24,1600.0,1700.0,1600.0,1600.0,203300,VND
2018-07-25,1600.0,1700.0,1500.0,1600.0,236600,VND
2018-07-26,1700.0,1700.0,1500.0,1600.0,209900,VND
2018-07-27,1600.0,1700.0,1600.0,1700.0,37900,VND
2018-07-30,1600.0,1700.0,1600.0,1600.0,237100,VND
2018-07-31,1600.0,1700.0,1500.0,1600.0,177900,VND
2018-08-01,1600.0,1700.0,1600.0,1600.0,213600,VND
2018-08-02,1700.0,1700.0,1500.0,1700.0,255700,VND
2018-08-03,1700.0,1700.0,1600.0,1600.0,310419,VND
2018-08-06,1600.0,1600.0,1500.0,1600.0,57300,VND
2018-08-07,1600.0,1600.0,1600.0,1600.0,45000,VND
2018-08-08,1600.0,1600.0,1500.0,1600.0,11919,VND
2018-08-09,1600.0,1600.0,1500.0,1600.0,100300,VND
2018-08-10,1600.0,1600.0,1500.0,1500.0,183000,VND
2018-08-13,1600.0,1600.0,1500.0,1600.0,53300,VND
2018-08-14,1500.0,1600.0,1500.0,1500.0,365150,VND
2018-08-15,1600.0,1600.0,1400.0,1500.0,258800,VND
2018-08-16,1500.0,1600.0,1400.0,1500.0,260100,VND
2018-08-17,1500.0,1600.0,1400.0,1500.0,98670,VND
2018-08-20,1500.0,1600.0,1500.0,1500.0,86400,VND
2018-08-21,1500.0,1600.0,1400.0,1500.0,90200,VND
2018-08-22,1500.0,1600.0,1400.0,1600.0,36500,VND
2018-08-23,1600.0,1600.0,1500.0,1500.0,63500,VND
2018-08-24,1500.0,1600.0,1500.0,1600.0,52900,VND
2018-08-27,1600.0,1600.0,1500.0,1500.0,147100,VND
2018-08-28,1600.0,1600.0,1400.0,1500.0,51800,VND
2018-08-29,1500.0,1600.0,1500.0,1500.0,99400,VND
2018-08-30,1600.0,1600.0,1500.0,1500.0,8450,VND
2018-08-31,1600.0,1600.0,1500.0,1500.0,59800,VND
2018-09-04,1600.0,1600.0,1500.0,1600.0,169900,VND
2018-09-05,1600.0,1600.0,1500.0,1500.0,194500,VND
2018-09-06,1500.0,1500.0,1500.0,1500.0,79300,VND
2018-09-07,1600.0,1600.0,1400.0,1500.0,86400,VND
2018-09-10,1500.0,1600.0,1500.0,1600.0,289800,VND
2018-09-11,1600.0,1700.0,1500.0,1600.0,539700,VND
2018-09-12,1600.0,1700.0,1500.0,1600.0,183770,VND
2018-09-13,1600.0,1700.0,1600.0,1600.0,300000,VND
2018-09-14,1600.0,1700.0,1600.0,1600.0,121400,VND
2018-09-17,1700.0,1700.0,1500.0,1600.0,327900,VND
2018-09-18,1600.0,1600.0,1500.0,1600.0,86700,VND
2018-09-19,1600.0,1600.0,1500.0,1600.0,83050,VND
2018-09-20,1600.0,1600.0,1500.0,1600.0,72800,VND
2018-09-21,1600.0,1600.0,1500.0,1500.0,64000,VND
2018-09-24,1500.0,1600.0,1500.0,1600.0,53600,VND
2018-09-25,1600.0,1600.0,1500.0,1500.0,376200,VND
2018-09-26,1600.0,1600.0,1500.0,1600.0,327100,VND
2018-09-27,1700.0,1700.0,1500.0,1600.0,57200,VND
2018-09-28,1500.0,1700.0,1500.0,1600.0,20500,VND
2018-10-01,1600.0,1700.0,1500.0,1600.0,155000,VND
2018-10-02,1600.0,1600.0,1500.0,1500.0,64200,VND
2018-10-03,1600.0,1600.0,1500.0,1500.0,37900,VND
2018-10-04,1600.0,1600.0,1500.0,1600.0,39800,VND
2018-10-05,1500.0,1600.0,1500.0,1600.0,43140,VND
2018-10-08,1600.0,1600.0,1500.0,1500.0,43900,VND
2018-10-09,1500.0,1600.0,1500.0,1600.0,41000,VND
2018-10-10,1600.0,1700.0,1600.0,1600.0,641300,VND
2018-10-11,1600.0,1600.0,1500.0,1500.0,847400,VND
2018-10-12,1500.0,1600.0,1400.0,1600.0,148600,VND
2018-10-15,1600.0,1600.0,1500.0,1500.0,187800,VND
2018-10-16,1500.0,1600.0,1400.0,1600.0,118800,VND
2018-10-17,1600.0,1600.0,1500.0,1500.0,33220,VND
2018-10-18,1600.0,1600.0,1500.0,1500.0,233800,VND
2018-10-19,1500.0,1600.0,1400.0,1500.0,117200,VND
2018-10-22,1500.0,1500.0,1500.0,1500.0,335400,VND
2018-10-23,1500.0,1500.0,1400.0,1400.0,638700,VND
2018-10-24,1500.0,1500.0,1300.0,1400.0,311200,VND
2018-10-25,1400.0,1400.0,1300.0,1400.0,107200,VND
2018-10-26,1300.0,1500.0,1300.0,1400.0,369200,VND
2018-10-29,1400.0,1500.0,1400.0,1500.0,93800,VND
2018-10-30,1400.0,1400.0,1400.0,1400.0,111700,VND
2018-10-31,1400.0,1500.0,1300.0,1400.0,69170,VND
2018-11-01,1300.0,1500.0,1300.0,1400.0,44700,VND
2018-11-02,1300.0,1400.0,1300.0,1400.0,44600,VND
2018-11-05,1300.0,1400.0,1300.0,1400.0,61800,VND
2018-11-06,1300.0,1400.0,1300.0,1400.0,32600,VND
2018-11-07,1400.0,1400.0,1300.0,1400.0,34900,VND
2018-11-08,1400.0,1400.0,1300.0,1400.0,127310,VND
2018-11-09,1400.0,1400.0,1300.0,1400.0,32640,VND
2018-11-12,1300.0,1400.0,1300.0,1400.0,160800,VND
2018-11-13,1400.0,1400.0,1300.0,1300.0,52200,VND
2018-11-14,1400.0,1400.0,1300.0,1300.0,108100,VND
2018-11-15,1300.0,1400.0,1200.0,1200.0,438410,VND
2018-11-16,1300.0,1300.0,1200.0,1200.0,142000,VND
2018-11-19,1200.0,1300.0,1200.0,1200.0,166400,VND
2018-11-20,1300.0,1300.0,1200.0,1300.0,72400,VND
2018-11-21,1300.0,1300.0,1200.0,1300.0,222600,VND
2018-11-22,1200.0,1300.0,1200.0,1300.0,20300,VND
2018-11-23,1200.0,1300.0,1200.0,1300.0,21800,VND
2018-11-26,1200.0,1300.0,1200.0,1300.0,30900,VND
2018-11-27,1200.0,1300.0,1200.0,1200.0,42600,VND
2018-11-28,1300.0,1300.0,1300.0,1300.0,210400,VND
2018-11-29,1300.0,1300.0,1200.0,1200.0,75900,VND
2018-11-30,1300.0,1300.0,1200.0,1200.0,28400,VND
2018-12-03,1300.0,1300.0,1200.0,1200.0,70500,VND
2018-12-04,1200.0,1300.0,1200.0,1200.0,227900,VND
2018-12-05,1300.0,1300.0,1200.0,1300.0,58050,VND
2018-12-06,1300.0,1300.0,1200.0,1200.0,240500,VND
2018-12-07,1200.0,1300.0,1200.0,1300.0,27500,VND
2018-12-10,1200.0,1300.0,1200.0,1300.0,112150,VND
2018-12-11,1300.0,1300.0,1300.0,1300.0,18100,VND
2018-12-12,1300.0,1300.0,1200.0,1200.0,14200,VND
2018-12-13,1200.0,1300.0,1200.0,1200.0,158200,VND
2018-12-14,1300.0,1300.0,1100.0,1200.0,104300,VND
2018-12-17,1100.0,1200.0,1100.0,1100.0,492390,VND
2018-12-18,1100.0,1200.0,1100.0,1100.0,69800,VND
2018-12-19,1200.0,1200.0,1100.0,1200.0,7400,VND
2018-12-20,1100.0,1200.0,1100.0,1100.0,47300,VND
2018-12-21,1200.0,1200.0,1100.0,1100.0,220800,VND
2018-12-24,1200.0,1200.0,1100.0,1100.0,299000,VND
2018-12-25,1100.0,1200.0,1000.0,1100.0,337300,VND
2018-12-26,1200.0,1200.0,1000.0,1100.0,183000,VND
2018-12-27,1100.0,1200.0,1100.0,1100.0,71500,VND
2018-12-28,1100.0,1100.0,1000.0,1100.0,418300,VND
2019-01-02,1100.0,1200.0,1100.0,1100.0,32400,VND
2019-01-03,1100.0,1100.0,1000.0,1100.0,127881,VND
2019-01-04,1100.0,1200.0,1000.0,1100.0,72800,VND
2019-01-07,1100.0,1200.0,1000.0,1100.0,41800,VND
2019-01-08,1100.0,1200.0,1100.0,1100.0,101400,VND
2019-01-09,1100.0,1100.0,1000.0,1100.0,118500,VND
2019-01-10,1100.0,1200.0,1000.0,1200.0,43500,VND
2019-01-11,1200.0,1200.0,1100.0,1100.0,114709,VND
2019-01-14,1000.0,1200.0,1000.0,1100.0,224100,VND
2019-01-15,1100.0,1100.0,1000.0,1000.0,235100,VND
2019-01-16,1100.0,1100.0,1000.0,1100.0,236000,VND
2019-01-17,1000.0,1100.0,1000.0,1100.0,275300,VND
2019-01-18,1000.0,1200.0,1000.0,1100.0,181309,VND
2019-01-21,1100.0,1200.0,1100.0,1200.0,67100,VND
2019-01-22,1200.0,1200.0,1100.0,1200.0,57500,VND
2019-01-23,1200.0,1200.0,1100.0,1100.0,233400,VND
2019-01-24,1100.0,1200.0,1000.0,1100.0,147200,VND
2019-01-25,1000.0,1100.0,1000.0,1100.0,30500,VND
2019-01-28,1100.0,1200.0,1000.0,1100.0,113600,VND
2019-01-29,1200.0,1200.0,1000.0,1100.0,44000,VND
2019-01-30,1200.0,1200.0,1100.0,1100.0,29900,VND
2019-01-31,1200.0,1200.0,1100.0,1200.0,31800,VND
2019-02-01,1100.0,1200.0,1100.0,1200.0,38600,VND
2019-02-11,1100.0,1300.0,1100.0,1300.0,187600,VND
2019-02-12,1300.0,1300.0,1200.0,1200.0,170300,VND
2019-02-13,1200.0,1300.0,1100.0,1300.0,299700,VND
2019-02-14,1200.0,1300.0,1200.0,1200.0,167200,VND
2019-02-15,1200.0,1200.0,1200.0,1200.0,136500,VND
2019-02-18,1200.0,1300.0,1100.0,1200.0,407900,VND
2019-02-19,1100.0,1200.0,1100.0,1200.0,46700,VND
2019-02-20,1100.0,1200.0,1100.0,1100.0,34900,VND
2019-02-21,1200.0,1200.0,1100.0,1100.0,22000,VND
2019-02-22,1100.0,1200.0,1100.0,1100.0,71500,VND
2019-02-25,1200.0,1200.0,1100.0,1200.0,313640,VND
2019-02-26,1100.0,1200.0,1100.0,1100.0,224300,VND
2019-02-27,1100.0,1200.0,1000.0,1100.0,360820,VND
2019-02-28,1200.0,1200.0,1100.0,1100.0,64500,VND
2019-03-01,1200.0,1200.0,1100.0,1200.0,98800,VND
2019-03-04,1200.0,1200.0,1100.0,1200.0,92109,VND
2019-03-05,1200.0,1300.0,1100.0,1300.0,1450310,VND
2019-03-06,1300.0,1400.0,1300.0,1400.0,692990,VND
2019-03-07,1500.0,1500.0,1300.0,1300.0,491410,VND
2019-03-08,1400.0,1400.0,1200.0,1300.0,887900,VND
2019-03-11,1300.0,1300.0,1200.0,1300.0,147500,VND
2019-03-12,1300.0,1300.0,1200.0,1200.0,182300,VND
2019-03-13,1200.0,1300.0,1200.0,1200.0,96300,VND
2019-03-14,1300.0,1300.0,1200.0,1300.0,70200,VND
2019-03-15,1300.0,1300.0,1200.0,1300.0,49100,VND
2019-03-18,1300.0,1400.0,1300.0,1300.0,547900,VND
2019-03-19,1400.0,1400.0,1300.0,1300.0,162430,VND
2019-03-20,1300.0,1400.0,1200.0,1300.0,123947,VND
2019-03-21,1300.0,1300.0,1200.0,1300.0,8700,VND
2019-03-22,1300.0,1300.0,1200.0,1300.0,365900,VND
2019-03-25,1300.0,1300.0,1200.0,1300.0,51900,VND
2019-03-26,1200.0,1300.0,1200.0,1200.0,79900,VND
2019-03-27,1300.0,1300.0,1200.0,1300.0,123700,VND
2019-03-28,1300.0,1300.0,1200.0,1200.0,38400,VND
2019-03-29,1200.0,1300.0,1200.0,1300.0,129300,VND
2019-04-01,1300.0,1300.0,1200.0,1200.0,874900,VND
2019-04-02,1200.0,1300.0,1200.0,1300.0,15530,VND
2019-04-03,1200.0,1300.0,1200.0,1200.0,22800,VND
2019-04-04,1200.0,1300.0,1200.0,1200.0,117300,VND
2019-04-05,1200.0,1300.0,1200.0,1300.0,89900,VND
2019-04-08,1300.0,1300.0,1200.0,1200.0,135000,VND
2019-04-09,1300.0,1300.0,1200.0,1200.0,54700,VND
2019-04-10,1200.0,1300.0,1200.0,1200.0,137619,VND
2019-04-11,1200.0,1300.0,1100.0,1200.0,401400,VND
2019-04-12,1200.0,1300.0,1100.0,1200.0,425600,VND
2019-04-16,1200.0,1300.0,1100.0,1200.0,88210,VND
2019-04-17,1200.0,1300.0,1200.0,1200.0,125870,VND
2019-04-18,1200.0,1300.0,1100.0,1200.0,271100,VND
2019-04-19,1200.0,1300.0,1100.0,1200.0,363700,VND
2019-04-22,1300.0,1300.0,1200.0,1300.0,1574060,VND
2019-04-23,1400.0,1400.0,1400.0,1400.0,545020,VND
2019-04-24,1500.0,1500.0,1500.0,1500.0,383600,VND
2019-04-25,1600.0,1600.0,1500.0,1600.0,4484614,VND
2019-04-26,1600.0,1600.0,1500.0,1500.0,620010,VND
2019-05-02,1500.0,1600.0,1400.0,1600.0,908710,VND
2019-05-03,1500.0,1600.0,1500.0,1500.0,688475,VND
2019-05-06,1400.0,1500.0,1400.0,1500.0,1084207,VND
2019-05-07,1500.0,1500.0,1400.0,1400.0,270500,VND
2019-05-08,1400.0,1500.0,1300.0,1300.0,1503400,VND
2019-05-09,1400.0,1400.0,1200.0,1300.0,246700,VND
2019-05-10,1300.0,1300.0,1200.0,1300.0,370800,VND
2019-05-13,1300.0,1300.0,1200.0,1300.0,142200,VND
2019-05-14,1200.0,1300.0,1200.0,1200.0,156400,VND
2019-05-15,1300.0,1300.0,1200.0,1300.0,318000,VND
2019-05-16,1400.0,1400.0,1300.0,1300.0,933400,VND
2019-05-17,1300.0,1300.0,1300.0,1300.0,457455,VND
2019-05-20,1200.0,1300.0,1200.0,1300.0,156800,VND
2019-05-21,1300.0,1300.0,1200.0,1300.0,143500,VND
2019-05-22,1300.0,1400.0,1300.0,1300.0,164900,VND
2019-05-23,1300.0,1400.0,1200.0,1300.0,178400,VND
2019-05-24,1400.0,1400.0,1300.0,1300.0,163500,VND
2019-05-27,1300.0,1300.0,1200.0,1300.0,54300,VND
2019-05-28,1200.0,1300.0,1200.0,1300.0,142900,VND
2019-05-29,1300.0,1400.0,1200.0,1300.0,169100,VND
2019-05-30,1300.0,1400.0,1200.0,1300.0,127400,VND
2019-05-31,1300.0,1400.0,1300.0,1300.0,297700,VND
2019-06-03,1300.0,1300.0,1200.0,1300.0,89200,VND
2019-06-04,1300.0,1300.0,1200.0,1200.0,38300,VND
2019-06-05,1200.0,1300.0,1200.0,1300.0,85900,VND
2019-06-06,1200.0,1300.0,1200.0,1300.0,116000,VND
2019-06-07,1300.0,1300.0,1200.0,1200.0,168800,VND
2019-06-10,1200.0,1300.0,1200.0,1200.0,472000,VND
2019-06-11,1200.0,1300.0,1200.0,1200.0,74200,VND
2019-06-12,1200.0,1300.0,1100.0,1200.0,120865,VND
2019-06-13,1300.0,1300.0,1200.0,1200.0,42200,VND
2019-06-14,1300.0,1300.0,1200.0,1200.0,36400,VND
2019-06-17,1300.0,1300.0,1200.0,1200.0,3900,VND
2019-06-18,1300.0,1300.0,1200.0,1200.0,71500,VND
2019-06-19,1300.0,1300.0,1200.0,1200.0,42900,VND
2019-06-20,1300.0,1300.0,1200.0,1300.0,47500,VND
2019-06-21,1300.0,1300.0,1200.0,1200.0,59900,VND
2019-06-24,1200.0,1300.0,1200.0,1300.0,41200,VND
2019-06-25,1200.0,1300.0,1200.0,1200.0,50100,VND
2019-06-26,1200.0,1300.0,1200.0,1200.0,193100,VND
2019-06-27,1200.0,1300.0,1200.0,1300.0,276100,VND
2019-06-28,1200.0,1300.0,1200.0,1200.0,57000,VND
2019-07-01,1200.0,1300.0,1200.0,1300.0,205400,VND
2019-07-02,1300.0,1300.0,1200.0,1300.0,37615,VND
2019-07-03,1200.0,1300.0,1200.0,1200.0,43100,VND
2019-07-04,1200.0,1300.0,1200.0,1200.0,180300,VND
2019-07-05,1300.0,1300.0,1200.0,1200.0,36600,VND
2019-07-08,1300.0,1300.0,1200.0,1200.0,62700,VND
2019-07-09,1200.0,1300.0,1100.0,1200.0,113900,VND
2019-07-10,1200.0,1300.0,1200.0,1200.0,242500,VND
2019-07-11,1200.0,1300.0,1200.0,1200.0,137400,VND
2019-07-12,1200.0,1200.0,1200.0,1200.0,64100,VND
2019-07-15,1300.0,1300.0,1200.0,1200.0,35900,VND
2019-07-16,1200.0,1300.0,1200.0,1200.0,44800,VND
2019-07-17,1200.0,1300.0,1200.0,1300.0,22800,VND
2019-07-18,1300.0,1300.0,1200.0,1200.0,104200,VND
2019-07-19,1200.0,1300.0,1200.0,1200.0,53000,VND
2019-07-22,1200.0,1200.0,1100.0,1200.0,96200,VND
2019-07-23,1200.0,1300.0,1200.0,1200.0,69100,VND
2019-07-24,1200.0,1300.0,1100.0,1200.0,112200,VND
2019-07-25,1200.0,1300.0,1100.0,1200.0,107900,VND
2019-07-26,1200.0,1300.0,1200.0,1200.0,87200,VND
2019-07-29,1200.0,1300.0,1200.0,1200.0,276200,VND
2019-07-30,1200.0,1300.0,1100.0,1200.0,78910,VND
2019-07-31,1200.0,1200.0,1100.0,1200.0,9400,VND
2019-08-01,1100.0,1200.0,1100.0,1100.0,19600,VND
2019-08-02,1100.0,1200.0,1100.0,1200.0,131000,VND
2019-08-05,1100.0,1200.0,1100.0,1200.0,187600,VND
2019-08-06,1100.0,1200.0,1100.0,1200.0,13800,VND
2019-08-07,1100.0,1200.0,1100.0,1200.0,46400,VND
2019-08-08,1100.0,1200.0,1100.0,1200.0,132600,VND
2019-08-09,1200.0,1300.0,1200.0,1200.0,574100,VND
2019-08-12,1300.0,1300.0,1300.0,1300.0,100,VND
2019-08-13,1200.0,1300.0,1200.0,1200.0,147300,VND
2019-08-14,1200.0,1200.0,1100.0,1200.0,121400,VND
2019-08-15,1200.0,1200.0,1100.0,1200.0,90700,VND
2019-08-16,1100.0,1200.0,1100.0,1100.0,18800,VND
2019-08-19,1100.0,1200.0,1100.0,1200.0,65900,VND
2019-08-20,1100.0,1200.0,1100.0,1200.0,153500,VND
2019-08-21,1100.0,1200.0,1100.0,1200.0,113700,VND
2019-08-22,1100.0,1200.0,1100.0,1200.0,22300,VND
2019-08-23,1200.0,1200.0,1100.0,1200.0,117700,VND
2019-08-26,1100.0,1200.0,1100.0,1200.0,65100,VND
2019-08-27,1100.0,1300.0,1100.0,1200.0,178200,VND
2019-08-28,1200.0,1300.0,1100.0,1300.0,66000,VND
2019-08-29,1300.0,1300.0,1200.0,1200.0,125800,VND
2019-08-30,1200.0,1300.0,1200.0,1200.0,93900,VND
2019-09-03,1200.0,1300.0,1100.0,1200.0,56600,VND
2019-09-04,1200.0,1200.0,1100.0,1200.0,64400,VND
2019-09-05,1200.0,1200.0,1100.0,1100.0,30300,VND
2019-09-06,1100.0,1200.0,1100.0,1100.0,33300,VND
2019-09-09,1200.0,1200.0,1100.0,1200.0,28200,VND
2019-09-10,1100.0,1200.0,1100.0,1200.0,18500,VND
2019-09-11,1100.0,1200.0,1100.0,1200.0,14500,VND
2019-09-12,1100.0,1200.0,1100.0,1200.0,13300,VND
2019-09-13,1100.0,1200.0,1100.0,1200.0,34500,VND
2019-09-16,1100.0,1300.0,1100.0,1300.0,222700,VND
2019-09-17,1200.0,1300.0,1200.0,1200.0,237500,VND
2019-09-18,1200.0,1300.0,1100.0,1200.0,88100,VND
2019-09-19,1200.0,1300.0,1100.0,1300.0,316400,VND
2019-09-20,1200.0,1300.0,1200.0,1200.0,45800,VND
2019-09-23,1100.0,1300.0,1100.0,1200.0,42800,VND
2019-09-24,1200.0,1200.0,1100.0,1200.0,79100,VND
2019-09-25,1100.0,1300.0,1100.0,1300.0,662000,VND
2019-09-26,1300.0,1400.0,1200.0,1300.0,128406,VND
2019-09-27,1300.0,1300.0,1200.0,1300.0,13200,VND
2019-09-30,1300.0,1300.0,1200.0,1200.0,79700,VND
2019-10-01,1300.0,1300.0,1200.0,1200.0,94100,VND
2019-10-02,1200.0,1300.0,1200.0,1200.0,33800,VND
2019-10-03,1200.0,1300.0,1200.0,1200.0,91910,VND
2019-10-04,1200.0,1300.0,1100.0,1300.0,108200,VND
2019-10-07,1200.0,1300.0,1200.0,1200.0,85900,VND
2019-10-08,1200.0,1300.0,1100.0,1200.0,28600,VND
2019-10-09,1200.0,1300.0,1100.0,1200.0,500500,VND
2019-10-10,1100.0,1200.0,1100.0,1200.0,11200,VND
2019-10-11,1100.0,1200.0,1100.0,1200.0,345600,VND
2019-10-14,1100.0,1200.0,1100.0,1200.0,507300,VND
2019-10-15,1200.0,1300.0,1100.0,1200.0,282000,VND
2019-10-16,1200.0,1300.0,1100.0,1200.0,461300,VND
2019-10-17,1300.0,1300.0,1100.0,1200.0,377400,VND
2019-10-18,1200.0,1300.0,1200.0,1200.0,108200,VND
2019-10-21,1200.0,1300.0,1100.0,1200.0,419000,VND
2019-10-22,1100.0,1200.0,1100.0,1200.0,119100,VND
2019-10-23,1200.0,1200.0,1100.0,1200.0,76800,VND
2019-10-24,1100.0,1200.0,1100.0,1200.0,405616,VND
2019-10-25,1200.0,1200.0,1100.0,1100.0,161400,VND
2019-10-28,1200.0,1200.0,1100.0,1200.0,102700,VND
2019-10-29,1100.0,1200.0,1100.0,1200.0,34000,VND
2019-10-30,1100.0,1200.0,1100.0,1200.0,71700,VND
2019-10-31,1100.0,1200.0,1100.0,1100.0,791300,VND
2019-11-01,1100.0,1200.0,1000.0,1100.0,489400,VND
2019-11-04,1200.0,1200.0,1100.0,1100.0,50400,VND
2019-11-05,1100.0,1200.0,1100.0,1100.0,310300,VND
2019-11-06,1100.0,1200.0,1000.0,1100.0,240400,VND
2019-11-07,1200.0,1200.0,1000.0,1100.0,98000,VND
2019-11-08,1200.0,1200.0,1100.0,1200.0,149200,VND
2019-11-11,1100.0,1200.0,1100.0,1100.0,208500,VND
2019-11-12,1200.0,1200.0,1100.0,1100.0,42700,VND
2019-11-13,1100.0,1200.0,1000.0,1100.0,354400,VND
2019-11-14,1200.0,1200.0,1000.0,1100.0,255284,VND
2019-11-15,1200.0,1200.0,1000.0,1100.0,584800,VND
2019-11-18,1200.0,1200.0,1000.0,1100.0,50400,VND
2019-11-19,1100.0,1200.0,1000.0,1100.0,102600,VND
2019-11-20,1200.0,1200.0,1000.0,1100.0,95000,VND
2019-11-21,1100.0,1100.0,1000.0,1100.0,259630,VND
2019-11-22,1000.0,1100.0,1000.0,1100.0,464300,VND
2019-11-25,1100.0,1100.0,1000.0,1100.0,19400,VND
2019-11-26,1000.0,1100.0,1000.0,1000.0,35600,VND
2019-11-27,1000.0,1100.0,1000.0,1000.0,42400,VND
2019-11-28,1000.0,1100.0,1000.0,1100.0,523500,VND
2019-11-29,1200.0,1200.0,1100.0,1100.0,431008,VND
2019-12-02,1100.0,1200.0,1100.0,1100.0,141400,VND
2019-12-03,1100.0,1200.0,1000.0,1100.0,37710,VND
2019-12-04,1100.0,1100.0,1000.0,1100.0,551300,VND
2019-12-05,1000.0,1100.0,1000.0,1100.0,32612,VND
2019-12-06,1000.0,1100.0,1000.0,1100.0,30000,VND
2019-12-09,1000.0,1100.0,1000.0,1000.0,18300,VND
2019-12-10,1000.0,1100.0,1000.0,1000.0,37200,VND
2019-12-11,1000.0,1100.0,1000.0,1100.0,515970,VND
2019-12-12,1200.0,1200.0,1100.0,1200.0,811573,VND
2019-12-13,1300.0,1300.0,1200.0,1300.0,968700,VND
2019-12-16,1300.0,1400.0,1200.0,1400.0,1133400,VND
2019-12-17,1400.0,1500.0,1300.0,1300.0,1468410,VND
2019-12-18,1200.0,1300.0,1200.0,1200.0,294700,VND
2019-12-19,1200.0,1300.0,1100.0,1300.0,415913,VND
2019-12-20,1300.0,1300.0,1200.0,1200.0,554700,VND
2019-12-23,1200.0,1300.0,1100.0,1300.0,220300,VND
2019-12-24,1200.0,1300.0,1200.0,1200.0,470560,VND
2019-12-25,1200.0,1300.0,1100.0,1200.0,189203,VND
2019-12-26,1100.0,1200.0,1100.0,1200.0,107400,VND
2019-12-27,1100.0,1200.0,1100.0,1100.0,253000,VND
2019-12-30,1100.0,1200.0,1100.0,1100.0,95500,VND
2019-12-31,1100.0,1200.0,1100.0,1200.0,361650,VND
2020-01-02,1200.0,1200.0,1100.0,1200.0,43500,VND
2020-01-03,1100.0,1200.0,1100.0,1100.0,73900,VND
2020-01-06,1100.0,1200.0,1100.0,1100.0,54800,VND
2020-01-07,1100.0,1200.0,1100.0,1100.0,61500,VND
2020-01-08,1100.0,1200.0,1000.0,1100.0,230000,VND
2020-01-09,1100.0,1100.0,1000.0,1000.0,105900,VND
2020-01-10,1000.0,1100.0,1000.0,1100.0,296700,VND
2020-01-13,1100.0,1100.0,1000.0,1000.0,52408,VND
2020-01-14,1000.0,1100.0,1000.0,1000.0,138500,VND
2020-01-15,1000.0,1100.0,1000.0,1100.0,174810,VND
2020-01-16,1000.0,1200.0,1000.0,1100.0,640000,VND
2020-01-17,1100.0,1200.0,1000.0,1100.0,308300,VND
2020-01-20,1100.0,1100.0,1000.0,1100.0,41300,VND
2020-01-21,1000.0,1100.0,1000.0,1000.0,340350,VND
2020-01-22,1000.0,1100.0,1000.0,1100.0,111800,VND
2020-01-30,1000.0,1100.0,1000.0,1100.0,577900,VND
2020-01-31,1100.0,1100.0,1000.0,1100.0,145700,VND
2020-02-03,1100.0,1100.0,1000.0,1000.0,784700,VND
2020-02-04,1000.0,1100.0,900.0,1000.0,175500,VND
2020-02-05,1100.0,1100.0,900.0,1000.0,90330,VND
2020-02-06,900.0,1100.0,900.0,1000.0,77850,VND
2020-02-07,1100.0,1100.0,1000.0,1000.0,177190,VND
2020-02-10,1000.0,1100.0,1000.0,1100.0,101300,VND
2020-02-11,1100.0,1100.0,1000.0,1000.0,40810,VND
2020-02-12,1000.0,1100.0,1000.0,1000.0,8600,VND
2020-02-13,1000.0,1100.0,1000.0,1000.0,107500,VND
2020-02-14,1100.0,1100.0,1000.0,1000.0,88800,VND
2020-02-17,1000.0,1100.0,1000.0,1000.0,689600,VND
2020-02-18,1100.0,1100.0,1000.0,1000.0,28200,VND
2020-02-19,1000.0,1100.0,1000.0,1100.0,395600,VND
2020-02-20,1100.0,1200.0,1000.0,1100.0,337100,VND
2020-02-21,1100.0,1100.0,1000.0,1000.0,37700,VND
2020-02-24,1000.0,1100.0,1000.0,1100.0,9600,VND
2020-02-25,1100.0,1100.0,1000.0,1000.0,48500,VND
2020-02-26,1000.0,1100.0,1000.0,1100.0,3100,VND
2020-02-27,1100.0,1100.0,1000.0,1100.0,183600,VND
2020-02-28,1100.0,1100.0,1000.0,1000.0,267500,VND
2020-03-02,1100.0,1100.0,1000.0,1000.0,34800,VND
2020-03-03,1100.0,1100.0,1000.0,1100.0,59900,VND
2020-03-04,1100.0,1100.0,1100.0,1100.0,69300,VND
2020-03-05,1000.0,1100.0,1000.0,1000.0,40800,VND
2020-03-06,1100.0,1100.0,1000.0,1000.0,69600,VND
2020-03-09,1000.0,1000.0,900.0,1000.0,355800,VND
2020-03-10,900.0,1100.0,900.0,1000.0,464335,VND
2020-03-11,1000.0,1100.0,900.0,1000.0,127101,VND
2020-03-12,900.0,1000.0,900.0,900.0,142010,VND
2020-03-13,900.0,1000.0,800.0,800.0,1237500,VND
2020-03-16,900.0,900.0,800.0,900.0,250245,VND
2020-03-17,1000.0,1000.0,800.0,900.0,459700,VND
2020-03-18,900.0,1000.0,800.0,900.0,464000,VND
2020-03-19,900.0,1000.0,800.0,900.0,739400,VND
2020-03-20,900.0,900.0,800.0,900.0,357600,VND
2020-03-23,900.0,900.0,800.0,800.0,471400,VND
2020-03-24,800.0,900.0,800.0,900.0,391100,VND
2020-03-25,800.0,900.0,800.0,800.0,40100,VND
2020-03-26,800.0,900.0,800.0,800.0,279800,VND
2020-03-27,900.0,900.0,700.0,800.0,326500,VND
2020-03-30,700.0,800.0,700.0,700.0,437900,VND
2020-03-31,700.0,800.0,600.0,700.0,682300,VND
2020-04-01,700.0,800.0,600.0,700.0,385100,VND
2020-04-03,700.0,800.0,700.0,800.0,142550,VND
2020-04-06,700.0,800.0,700.0,800.0,164800,VND
2020-04-07,700.0,800.0,700.0,700.0,184900,VND
2020-04-08,700.0,800.0,700.0,800.0,68150,VND
2020-04-09,800.0,800.0,700.0,700.0,187355,VND
2020-04-10,700.0,800.0,700.0,800.0,48050,VND
2020-04-13,700.0,800.0,700.0,700.0,237350,VND
2020-04-14,800.0,800.0,700.0,800.0,150500,VND
2020-04-15,800.0,800.0,700.0,700.0,109200,VND
2020-04-16,800.0,800.0,700.0,800.0,578430,VND
2020-04-17,800.0,900.0,800.0,800.0,118420,VND
2020-04-20,800.0,900.0,700.0,800.0,416500,VND
2020-04-21,800.0,800.0,700.0,700.0,242100,VND
2020-04-22,800.0,800.0,700.0,800.0,76350,VND
2020-04-23,800.0,900.0,700.0,700.0,224200,VND
2020-04-24,700.0,800.0,700.0,800.0,366050,VND
2020-04-27,900.0,900.0,800.0,900.0,1084900,VND
2020-04-28,1000.0,1000.0,800.0,900.0,585200,VND
2020-04-29,900.0,1000.0,900.0,900.0,496700,VND
2020-05-04,900.0,900.0,800.0,900.0,377700,VND
2020-05-05,800.0,1000.0,800.0,1000.0,307000,VND
2020-05-06,900.0,1000.0,900.0,900.0,567300,VND
2020-05-07,900.0,900.0,800.0,900.0,973600,VND
2020-05-08,900.0,900.0,800.0,900.0,57000,VND
2020-05-11,900.0,900.0,800.0,800.0,183900,VND
2020-05-12,800.0,900.0,800.0,800.0,184880,VND
2020-05-13,800.0,900.0,800.0,900.0,155500,VND
2020-05-14,800.0,900.0,800.0,800.0,484300,VND
2020-05-15,800.0,900.0,800.0,900.0,879080,VND
2020-05-18,800.0,1000.0,800.0,900.0,303100,VND
2020-05-19,900.0,1000.0,900.0,900.0,154010,VND
2020-05-20,900.0,1000.0,800.0,900.0,139800,VND
2020-05-21,800.0,900.0,800.0,900.0,221200,VND
2020-05-22,800.0,900.0,800.0,900.0,628300,VND
2020-05-25,900.0,900.0,800.0,800.0,498550,VND
2020-05-26,900.0,900.0,800.0,800.0,161700,VND
2020-05-27,800.0,900.0,800.0,900.0,479800,VND
2020-05-28,800.0,900.0,800.0,800.0,441200,VND
2020-05-29,800.0,900.0,800.0,900.0,363600,VND
2020-06-01,900.0,1000.0,800.0,900.0,530340,VND
2020-06-02,900.0,1000.0,900.0,900.0,389800,VND
2020-06-03,1000.0,1000.0,800.0,900.0,562300,VND
2020-06-04,900.0,1000.0,800.0,1000.0,198510,VND
2020-06-05,1000.0,1000.0,900.0,900.0,149732,VND
2020-06-08,900.0,1000.0,900.0,900.0,175830,VND
2020-06-09,900.0,1000.0,900.0,900.0,266400,VND
2020-06-10,1000.0,1000.0,900.0,1000.0,1295110,VND
2020-06-11,1100.0,1100.0,1000.0,1100.0,1951035,VND
2020-06-12,1000.0,1100.0,1000.0,1000.0,362019,VND
2020-06-15,1100.0,1100.0,900.0,900.0,719988,VND
2020-06-16,900.0,1000.0,900.0,1000.0,670700,VND
2020-06-17,1100.0,1100.0,900.0,1000.0,594300,VND
2020-06-18,1100.0,1100.0,1000.0,1000.0,436840,VND
2020-06-19,1000.0,1100.0,1000.0,1100.0,331530,VND
2020-06-22,1000.0,1100.0,1000.0,1000.0,237200,VND
2020-06-23,1000.0,1100.0,1000.0,1100.0,653330,VND
2020-06-24,1000.0,1100.0,1000.0,1000.0,578200,VND
2020-06-25,1000.0,1100.0,1000.0,1100.0,1007600,VND
2020-06-26,1200.0,1200.0,1100.0,1200.0,1202319,VND
2020-06-29,1300.0,1300.0,1100.0,1200.0,738210,VND
2020-06-30,1100.0,1200.0,1100.0,1100.0,262830,VND
2020-07-01,1100.0,1200.0,1000.0,1100.0,337500,VND
2020-07-02,1200.0,1200.0,1000.0,1100.0,243500,VND
2020-07-03,1200.0,1200.0,1100.0,1200.0,452900,VND
2020-07-06,1200.0,1300.0,1200.0,1300.0,618879,VND
2020-07-07,1200.0,1300.0,1200.0,1300.0,634500,VND
2020-07-08,1200.0,1300.0,1200.0,1300.0,297500,VND
2020-07-09,1200.0,1300.0,1200.0,1300.0,392079,VND
2020-07-10,1300.0,1300.0,1200.0,1200.0,169300,VND
2020-07-13,1100.0,1200.0,1100.0,1200.0,174020,VND
2020-07-14,1200.0,1300.0,1100.0,1200.0,154300,VND
2020-07-15,1300.0,1300.0,1200.0,1300.0,46600,VND
2020-07-16,1300.0,1300.0,1200.0,1200.0,265079,VND
2020-07-17,1200.0,1300.0,1200.0,1300.0,127701,VND
2020-07-20,1200.0,1200.0,1200.0,1200.0,40803,VND
2020-07-21,1100.0,1200.0,1100.0,1100.0,303558,VND
2020-07-22,1000.0,1100.0,1000.0,1000.0,749000,VND
2020-07-23,900.0,1100.0,900.0,1100.0,776830,VND
2020-07-24,1000.0,1000.0,1000.0,1000.0,760500,VND
2020-07-27,900.0,1000.0,900.0,900.0,998100,VND
2020-07-28,900.0,1000.0,900.0,1000.0,838450,VND
2020-07-29,1000.0,1100.0,900.0,1100.0,549300,VND
2020-07-30,1000.0,1100.0,1000.0,1000.0,146040,VND
2020-07-31,1000.0,1100.0,1000.0,1000.0,317200,VND
2020-08-03,1000.0,1100.0,1000.0,1000.0,103700,VND
2020-08-04,1000.0,1100.0,1000.0,1000.0,31100,VND
2020-08-05,1000.0,1100.0,1000.0,1100.0,109010,VND
2020-08-06,1000.0,1100.0,1000.0,1000.0,123910,VND
2020-08-07,1000.0,1000.0,900.0,900.0,82350,VND
2020-08-10,1000.0,1000.0,1000.0,1000.0,99006,VND
2020-08-11,1100.0,1100.0,1000.0,1100.0,522965,VND
2020-08-12,1100.0,1100.0,1000.0,1100.0,31300,VND
2020-08-13,1000.0,1100.0,1000.0,1000.0,37000,VND
2020-08-14,1000.0,1100.0,1000.0,1100.0,927208,VND
2020-08-17,1100.0,1200.0,1000.0,1100.0,73000,VND
2020-08-18,1100.0,1200.0,1100.0,1100.0,4301,VND
2020-08-19,1100.0,1100.0,1100.0,1100.0,159010,VND
2020-08-20,1100.0,1100.0,1000.0,1100.0,14630,VND
2020-08-21,1100.0,1100.0,1000.0,1100.0,42400,VND
2020-08-24,1100.0,1100.0,1000.0,1100.0,232000,VND
2020-08-25,1100.0,1200.0,1100.0,1100.0,68701,VND
2020-08-26,1000.0,1200.0,1000.0,1100.0,64223,VND
2020-08-27,1200.0,1200.0,1000.0,1100.0,13700,VND
2020-08-28,1100.0,1200.0,1100.0,1100.0,60200,VND
2020-08-31,1200.0,1200.0,1100.0,1100.0,59801,VND
2020-09-01,1100.0,1100.0,1000.0,1100.0,79000,VND
2020-09-03,1100.0,1200.0,1000.0,1100.0,253120,VND
2020-09-04,1100.0,1200.0,1000.0,1200.0,115100,VND
2020-09-07,1100.0,1200.0,1100.0,1100.0,27771,VND
2020-09-08,1200.0,1200.0,1000.0,1000.0,57200,VND
2020-09-09,1000.0,1100.0,1000.0,1100.0,187900,VND
2020-09-10,1200.0,1200.0,1100.0,1100.0,58400,VND
2020-09-11,1100.0,1200.0,1100.0,1100.0,227000,VND
2020-09-14,1100.0,1200.0,1100.0,1100.0,37900,VND
2020-09-15,1200.0,1200.0,1100.0,1200.0,948557,VND
2020-09-16,1200.0,1200.0,1100.0,1200.0,130760,VND
2020-09-17,1100.0,1200.0,1100.0,1200.0,52900,VND
2020-09-18,1100.0,1200.0,1100.0,1200.0,86300,VND
2020-09-21,1100.0,1200.0,1100.0,1100.0,132210,VND
2020-09-22,1100.0,1200.0,1100.0,1100.0,80723,VND
2020-09-23,1100.0,1200.0,1100.0,1200.0,863600,VND
2020-09-24,1200.0,1300.0,1100.0,1200.0,349700,VND
2020-09-25,1200.0,1300.0,1100.0,1200.0,236910,VND
2020-09-28,1100.0,1200.0,1100.0,1200.0,61200,VND
2020-09-29,1200.0,1300.0,1100.0,1200.0,315400,VND
2020-09-30,1200.0,1300.0,1100.0,1200.0,375760,VND
2020-10-01,1200.0,1300.0,1100.0,1200.0,309240,VND
2020-10-02,1200.0,1300.0,1100.0,1200.0,596700,VND
2020-10-05,1300.0,1300.0,1100.0,1200.0,171800,VND
2020-10-06,1200.0,1200.0,1200.0,1200.0,45700,VND
2020-10-07,1300.0,1300.0,1200.0,1200.0,38401,VND
2020-10-08,1200.0,1300.0,1100.0,1200.0,555800,VND
2020-10-09,1200.0,1300.0,1100.0,1200.0,96101,VND
2020-10-12,1100.0,1200.0,1100.0,1200.0,5002,VND
2020-10-13,1100.0,1200.0,1100.0,1200.0,35699,VND
2020-10-14,1100.0,1300.0,1100.0,1200.0,415800,VND
2020-10-15,1100.0,1200.0,1100.0,1100.0,32202,VND
2020-10-16,1200.0,1200.0,1100.0,1200.0,377701,VND
2020-10-19,1200.0,1200.0,1100.0,1200.0,6304,VND
2020-10-20,1100.0,1200.0,1100.0,1200.0,90200,VND
2020-10-21,1200.0,1200.0,1100.0,1100.0,93700,VND
2020-10-22,1200.0,1200.0,1200.0,1200.0,727940,VND
2020-10-23,1200.0,1200.0,1100.0,1100.0,12451,VND
2020-10-26,1100.0,1200.0,1100.0,1100.0,43100,VND
2020-10-27,1200.0,1200.0,1100.0,1100.0,498500,VND
2020-10-28,1100.0,1200.0,1100.0,1200.0,241310,VND
2020-10-29,1200.0,1200.0,1100.0,1200.0,345215,VND
2020-10-30,1100.0,1200.0,1100.0,1200.0,570910,VND
2020-11-02,1100.0,1200.0,1100.0,1200.0,444500,VND
2020-11-03,1100.0,1200.0,1100.0,1100.0,57612,VND
2020-11-04,1100.0,1200.0,1100.0,1200.0,35702,VND
2020-11-05,1100.0,1200.0,1100.0,1200.0,54636,VND
2020-11-06,1100.0,1200.0,1100.0,1200.0,1312,VND
2020-11-09,1100.0,1200.0,1100.0,1200.0,74000,VND
2020-11-10,1100.0,1200.0,1100.0,1100.0,28405,VND
2020-11-11,1100.0,1200.0,1100.0,1200.0,600,VND
2020-11-12,1100.0,1200.0,1100.0,1100.0,5000,VND
2020-11-13,1100.0,1200.0,1100.0,1200.0,96300,VND
2020-11-16,1200.0,1200.0,1100.0,1100.0,84101,VND
2020-11-17,1200.0,1200.0,1100.0,1100.0,152100,VND
2020-11-18,1100.0,1200.0,1100.0,1100.0,210649,VND
2020-11-19,1200.0,1200.0,1100.0,1100.0,21731,VND
2020-11-20,1200.0,1200.0,1100.0,1200.0,15800,VND
2020-11-23,1200.0,1200.0,1100.0,1100.0,38501,VND
2020-11-25,1200.0,1200.0,1100.0,1200.0,94201,VND
2020-11-26,1100.0,1200.0,1100.0,1100.0,12400,VND
2020-11-27,1200.0,1200.0,1100.0,1100.0,53800,VND
2020-11-30,1100.0,1200.0,1100.0,1100.0,36800,VND
2020-12-01,1200.0,1200.0,1000.0,1100.0,556100,VND
2020-12-02,1100.0,1200.0,1000.0,1100.0,149300,VND
2020-12-03,1200.0,1200.0,1100.0,1100.0,128200,VND
2020-12-04,1100.0,1100.0,1100.0,1100.0,167810,VND
2020-12-07,1200.0,1200.0,1100.0,1100.0,125300,VND
2020-12-08,1100.0,1200.0,1100.0,1100.0,223400,VND
2020-12-09,1100.0,1200.0,1100.0,1200.0,270200,VND
2020-12-10,1100.0,1200.0,1100.0,1100.0,986110,VND
2020-12-11,1100.0,1200.0,1000.0,1200.0,253800,VND
2020-12-14,1200.0,1200.0,1100.0,1100.0,83130,VND
2020-12-15,1100.0,1200.0,1100.0,1100.0,104622,VND
2020-12-16,1200.0,1200.0,1100.0,1200.0,1576300,VND
2020-12-17,1300.0,1300.0,1300.0,1300.0,1516720,VND
2020-12-18,1300.0,1400.0,1300.0,1300.0,234340,VND
2020-12-21,1300.0,1400.0,1300.0,1300.0,582410,VND
2020-12-22,1300.0,1400.0,1200.0,1400.0,726801,VND
2020-12-23,1300.0,1400.0,1300.0,1300.0,553600,VND
2020-12-24,1300.0,1300.0,1200.0,1300.0,272210,VND
2020-12-25,1200.0,1300.0,1200.0,1300.0,217600,VND
2020-12-28,1300.0,1400.0,1200.0,1300.0,621200,VND
2020-12-29,1300.0,1400.0,1200.0,1400.0,562301,VND
2020-12-30,1400.0,1400.0,1300.0,1400.0,581210,VND
2020-12-31,1400.0,1400.0,1300.0,1400.0,551978,VND
2021-01-04,1400.0,1500.0,1300.0,1500.0,246900,VND
2021-01-05,1500.0,1500.0,1400.0,1400.0,919209,VND
2021-01-06,1400.0,1500.0,1300.0,1500.0,410557,VND
2021-01-07,1500.0,1600.0,1400.0,1500.0,1232620,VND
2021-01-08,1600.0,1600.0,1400.0,1500.0,738300,VND
2021-01-11,1600.0,1600.0,1500.0,1600.0,210830,VND
2021-01-12,1600.0,1600.0,1500.0,1500.0,1081800,VND
2021-01-13,1600.0,1600.0,1500.0,1600.0,434200,VND
2021-01-14,1600.0,1600.0,1500.0,1600.0,766600,VND
2021-01-15,1600.0,1600.0,1500.0,1500.0,637805,VND
2021-01-18,1500.0,1600.0,1500.0,1600.0,723718,VND
2021-01-19,1700.0,1700.0,1500.0,1700.0,2237020,VND
2021-01-20,1800.0,1800.0,1700.0,1800.0,1913525,VND
2021-01-21,1900.0,1900.0,1900.0,1900.0,484200,VND
2021-01-22,2000.0,2000.0,2000.0,2000.0,100920,VND
2021-01-25,2200.0,2200.0,2200.0,2200.0,182050,VND
2021-01-26,2400.0,2400.0,2400.0,2400.0,4222961,VND
2021-01-27,2600.0,2600.0,2400.0,2500.0,3355350,VND
2021-01-28,2500.0,2500.0,2300.0,2300.0,722980,VND
2021-01-29,2100.0,2200.0,2100.0,2100.0,1936725,VND
2021-02-01,1900.0,2100.0,1900.0,1900.0,1317500,VND
2021-02-02,1800.0,1800.0,1800.0,1800.0,245300,VND
2021-02-03,1700.0,1900.0,1700.0,1900.0,1006429,VND
2021-02-04,2000.0,2000.0,1900.0,1900.0,296300,VND
2021-02-05,2000.0,2000.0,1800.0,2000.0,763600,VND
2021-02-08,2000.0,2000.0,1800.0,1800.0,1040600,VND
2021-02-09,1800.0,1900.0,1700.0,1900.0,285920,VND
2021-02-17,1900.0,2000.0,1800.0,2000.0,548051,VND
2021-02-18,2000.0,2000.0,1800.0,1900.0,595405,VND
2021-02-19,1900.0,1900.0,1800.0,1900.0,394660,VND
2021-02-22,1800.0,2000.0,1800.0,1900.0,592456,VND
2021-02-23,1900.0,2000.0,1800.0,1900.0,367500,VND
2021-02-24,1800.0,2000.0,1800.0,1800.0,254530,VND
2021-02-25,1900.0,1900.0,1800.0,1900.0,803601,VND
2021-02-26,1900.0,2000.0,1900.0,1900.0,175001,VND
2021-03-01,2000.0,2000.0,1900.0,2000.0,797301,VND
2021-03-02,2100.0,2200.0,2100.0,2200.0,1069383,VND
2021-03-03,2300.0,2400.0,2300.0,2400.0,761231,VND
2021-03-04,2600.0,2600.0,2400.0,2600.0,2668031,VND
2021-03-05,2800.0,2800.0,2700.0,2800.0,2008538,VND
2021-03-08,3000.0,3000.0,3000.0,3000.0,1734800,VND
2021-03-09,3200.0,3300.0,2700.0,2800.0,2349077,VND
2021-03-10,2800.0,2800.0,2600.0,2600.0,1785100,VND
2021-03-11,2600.0,2800.0,2400.0,2800.0,790922,VND
2021-03-12,3000.0,3000.0,2700.0,2800.0,1248540,VND
2021-03-15,2800.0,2800.0,2600.0,2800.0,723315,VND
2021-03-16,2700.0,2900.0,2600.0,2800.0,1147701,VND
2021-03-17,2800.0,3000.0,2800.0,3000.0,901301,VND
2021-03-18,2900.0,3000.0,2800.0,2800.0,229218,VND
2021-03-19,2800.0,2800.0,2700.0,2700.0,470100,VND
2021-03-22,2700.0,2800.0,2600.0,2700.0,619707,VND
2021-03-23,2700.0,2900.0,2700.0,2900.0,1054239,VND
2021-03-24,2900.0,3100.0,2800.0,3100.0,932058,VND
2021-03-25,3100.0,3100.0,2900.0,3000.0,1239215,VND
2021-03-26,3000.0,3300.0,2900.0,3300.0,2474510,VND
2021-03-29,3500.0,3600.0,3400.0,3600.0,1041044,VND
2021-03-30,3800.0,3900.0,3600.0,3700.0,2063613,VND
2021-03-31,3700.0,3700.0,3400.0,3400.0,1909602,VND
2021-04-01,3200.0,3600.0,3100.0,3500.0,1195160,VND
2021-04-02,3500.0,3600.0,3300.0,3600.0,879256,VND
2021-04-05,3600.0,3900.0,3600.0,3900.0,1654933,VND
2021-04-06,4000.0,4100.0,3800.0,4000.0,961813,VND
2021-04-07,4000.0,4100.0,3800.0,4000.0,1362683,VND
2021-04-08,4000.0,4200.0,3800.0,4000.0,1314149,VND
2021-04-09,4000.0,4400.0,3900.0,4400.0,2556920,VND
2021-04-12,4400.0,4800.0,4400.0,4800.0,2014360,VND
2021-04-13,4800.0,5100.0,4400.0,4600.0,3243300,VND
2021-04-14,4600.0,5000.0,4300.0,5000.0,2484273,VND
2021-04-15,5000.0,5100.0,4700.0,4700.0,1429420,VND
2021-04-16,4700.0,4800.0,4300.0,4300.0,2057765,VND
2021-04-19,4300.0,4300.0,3900.0,3900.0,1962955,VND
2021-04-20,3600.0,4200.0,3600.0,4100.0,930810,VND
2021-04-22,4200.0,4200.0,3700.0,3700.0,817863,VND
2021-04-23,3700.0,3700.0,3400.0,3400.0,1768502,VND
2021-04-26,3400.0,3600.0,3100.0,3100.0,1086500,VND
2021-04-27,3100.0,3400.0,3000.0,3400.0,1169510,VND
2021-04-28,3400.0,3600.0,3400.0,3600.0,707560,VND
2021-04-29,3500.0,3500.0,3400.0,3500.0,557100,VND
2021-05-04,3400.0,3400.0,3200.0,3300.0,876800,VND
2021-05-05,3200.0,3600.0,3200.0,3600.0,897712,VND
2021-05-06,3700.0,3700.0,3400.0,3400.0,567628,VND
2021-05-07,3400.0,3500.0,3300.0,3400.0,881310,VND
2021-05-10,3400.0,3500.0,3200.0,3500.0,880188,VND
2021-05-11,3500.0,3600.0,3400.0,3500.0,576195,VND
2021-05-12,3500.0,3800.0,3400.0,3800.0,1476255,VND
2021-05-13,4000.0,4100.0,3900.0,4000.0,1579584,VND
2021-05-14,4000.0,4000.0,3700.0,3700.0,468041,VND
2021-05-17,3700.0,3800.0,3600.0,3700.0,244900,VND
2021-05-18,3600.0,4000.0,3500.0,4000.0,1729044,VND
2021-05-19,4100.0,4100.0,3800.0,4000.0,364510,VND
2021-05-20,4000.0,4000.0,3800.0,3800.0,279973,VND
2021-05-21,3700.0,3800.0,3600.0,3600.0,532184,VND
2021-05-24,3700.0,3700.0,3500.0,3700.0,271208,VND
2021-05-25,3700.0,3700.0,3400.0,3500.0,1758180,VND
2021-05-26,3500.0,3500.0,3200.0,3200.0,1602701,VND
2021-05-27,3200.0,3500.0,3200.0,3500.0,746976,VND
2021-05-28,3500.0,3500.0,3300.0,3400.0,415550,VND
2021-05-31,3400.0,3400.0,3200.0,3200.0,693503,VND
2021-06-01,3300.0,3500.0,3200.0,3400.0,749381,VND
2021-06-02,3400.0,3400.0,3200.0,3200.0,738140,VND
2021-06-03,3300.0,3500.0,3200.0,3500.0,902552,VND
2021-06-04,3500.0,3600.0,3300.0,3400.0,830390,VND
2021-06-07,3400.0,3500.0,3200.0,3400.0,714000,VND
2021-06-08,3400.0,3500.0,3300.0,3300.0,417448,VND
2021-06-09,3300.0,3400.0,3300.0,3300.0,326335,VND
2021-06-10,3300.0,3400.0,3200.0,3400.0,555158,VND
2021-06-11,3300.0,3400.0,3300.0,3300.0,388800,VND
2021-06-14,3300.0,3400.0,3200.0,3300.0,745100,VND
2021-06-15,3300.0,3400.0,3200.0,3300.0,291930,VND
2021-06-16,3200.0,3300.0,3200.0,3300.0,298300,VND
2021-06-17,3300.0,3400.0,3200.0,3400.0,419736,VND
2021-06-18,3400.0,3700.0,3300.0,3600.0,2368850,VND
2021-06-21,3600.0,3700.0,3500.0,3700.0,580700,VND
2021-06-22,3700.0,3700.0,3500.0,3500.0,1188401,VND
2021-06-23,3500.0,3600.0,3300.0,3300.0,362054,VND
2021-06-24,3400.0,3600.0,3300.0,3600.0,1399788,VND
2021-06-25,3600.0,3800.0,3600.0,3700.0,1195560,VND
2021-06-28,3700.0,3800.0,3600.0,3800.0,825700,VND
2021-06-29,3600.0,3900.0,3600.0,3800.0,1109810,VND
2021-06-30,3700.0,3800.0,3600.0,3700.0,375100,VND
2021-07-01,3700.0,3700.0,3500.0,3600.0,352471,VND
2021-07-02,3600.0,3700.0,3500.0,3500.0,388565,VND
2021-07-05,3600.0,3600.0,3400.0,3500.0,403100,VND
2021-07-06,3500.0,3600.0,3400.0,3400.0,197809,VND
2021-07-07,3300.0,3400.0,3200.0,3200.0,351800,VND
2021-07-08,3200.0,3500.0,3200.0,3300.0,640700,VND
2021-07-09,3300.0,3300.0,3200.0,3300.0,527440,VND
2021-07-12,3300.0,3300.0,3000.0,3000.0,407600,VND
2021-07-13,3000.0,3100.0,2900.0,3100.0,178700,VND
2021-07-14,3100.0,3200.0,2900.0,3000.0,371700,VND
2021-07-15,3000.0,3100.0,2900.0,3100.0,172505,VND
2021-07-16,3100.0,3300.0,3000.0,3100.0,319100,VND
2021-07-19,3000.0,3100.0,2900.0,3000.0,504700,VND
2021-07-20,3100.0,3100.0,2900.0,3000.0,151000,VND
2021-07-21,3000.0,3100.0,2900.0,2900.0,190400,VND
2021-07-22,2900.0,3100.0,2900.0,3000.0,128100,VND
2021-07-23,3000.0,3100.0,2900.0,3000.0,399600,VND
2021-07-26,3000.0,3000.0,2900.0,2900.0,64800,VND
2021-07-27,2900.0,3000.0,2900.0,2900.0,315700,VND
2021-07-28,2900.0,3000.0,2900.0,2900.0,53717,VND
2021-07-29,2900.0,3000.0,2800.0,2900.0,57800,VND
2021-07-30,2900.0,3000.0,2800.0,3000.0,266600,VND
2021-08-02,2900.0,3000.0,2900.0,2900.0,110320,VND
2021-08-03,2800.0,3000.0,2800.0,2900.0,279700,VND
2021-08-04,3000.0,3000.0,2800.0,2900.0,253922,VND
2021-08-05,3000.0,3100.0,2900.0,3100.0,649962,VND
2021-08-06,3200.0,3300.0,3100.0,3100.0,165155,VND
2021-08-09,3100.0,3200.0,3000.0,3000.0,99000,VND
2021-08-10,3000.0,3100.0,3000.0,3100.0,309503,VND
2021-08-11,3100.0,3200.0,3000.0,3100.0,500301,VND
2021-08-12,3100.0,3200.0,3000.0,3200.0,360545,VND
2021-08-13,3200.0,3200.0,2900.0,3000.0,1042200,VND
2021-08-16,3000.0,3100.0,3000.0,3100.0,201605,VND
2021-08-17,3100.0,3100.0,3000.0,3100.0,197305,VND
2021-08-18,3000.0,3100.0,2900.0,3000.0,426432,VND
2021-08-19,3000.0,3100.0,2900.0,3000.0,406465,VND
2021-08-20,3100.0,3100.0,2900.0,2900.0,282346,VND
2021-08-23,2900.0,3100.0,2900.0,3100.0,596951,VND
2021-08-24,3300.0,3400.0,3200.0,3400.0,2705783,VND
2021-08-25,3400.0,3600.0,3300.0,3500.0,968654,VND
2021-08-26,3500.0,3500.0,3300.0,3400.0,728169,VND
2021-08-27,3400.0,3500.0,3300.0,3400.0,709105,VND
2021-08-30,3400.0,3700.0,3300.0,3700.0,1724271,VND
2021-08-31,4000.0,4000.0,3800.0,4000.0,581374,VND
2021-09-01,4400.0,4400.0,4400.0,4400.0,961545,VND
2021-09-06,4400.0,4800.0,4300.0,4800.0,3266246,VND
2021-09-07,5100.0,5200.0,4900.0,5200.0,4227343,VND
2021-09-08,5600.0,5700.0,5300.0,5700.0,4738995,VND
2021-09-09,6200.0,6200.0,5200.0,5200.0,3367611,VND
2021-09-10,4800.0,5700.0,4700.0,5700.0,6128062,VND
2021-09-13,6000.0,6200.0,5800.0,6200.0,2021809,VND
2021-09-14,6800.0,6800.0,6600.0,6800.0,928500,VND
2021-09-15,7400.0,7400.0,6200.0,6500.0,6217584,VND
2021-09-16,6500.0,7000.0,5900.0,5900.0,3484032,VND
2021-09-17,5900.0,6400.0,5400.0,6000.0,2777384,VND
2021-09-20,6600.0,6600.0,5500.0,6400.0,2744314,VND
2021-09-21,6400.0,6400.0,5800.0,6100.0,1698107,VND
2021-09-22,6200.0,6700.0,6000.0,6700.0,4072925,VND
2021-09-23,6900.0,7000.0,6100.0,6100.0,2665645,VND
2021-09-24,5900.0,6100.0,5500.0,5500.0,1849470,VND
2021-09-27,5200.0,5200.0,5000.0,5000.0,694070,VND
2021-09-28,4500.0,5400.0,4500.0,4700.0,3201745,VND
2021-09-29,4700.0,5100.0,4600.0,4800.0,1216046,VND
2021-09-30,4800.0,5200.0,4700.0,5200.0,951826,VND
2021-10-01,5200.0,5200.0,4700.0,4800.0,1264552,VND
