2015-12-23,4233.0,4233.0,4233.0,4233.0,900,VND
2015-12-24,4267.0,4267.0,4267.0,4267.0,1500,VND
2015-12-25,4267.0,4267.0,4267.0,4267.0,600,VND
2015-12-28,4267.0,4267.0,4267.0,4267.0,600,VND
2015-12-29,4333.0,4333.0,4333.0,4333.0,300,VND
2015-12-30,4300.0,4300.0,4300.0,4300.0,300,VND
2016-01-04,4267.0,4267.0,4267.0,4267.0,600,VND
2016-01-05,4300.0,4300.0,4300.0,4300.0,900,VND
2016-01-08,4200.0,4200.0,4200.0,4200.0,600,VND
2016-01-12,4200.0,4200.0,4200.0,4200.0,900,VND
2016-01-18,4167.0,4167.0,4167.0,4167.0,300,VND
2016-01-20,4200.0,4200.0,4200.0,4200.0,1500,VND
2016-01-21,4167.0,4167.0,4167.0,4167.0,1500,VND
2016-01-22,4167.0,4167.0,4167.0,4167.0,1500,VND
2016-01-26,4100.0,4100.0,4100.0,4100.0,1500,VND
2016-01-27,4167.0,4167.0,4167.0,4167.0,1500,VND
2016-01-28,4200.0,4200.0,4200.0,4200.0,1500,VND
2016-02-01,4233.0,4233.0,4233.0,4233.0,1500,VND
2016-02-19,4000.0,4000.0,4000.0,4000.0,300,VND
2016-02-22,3833.0,3833.0,3833.0,3833.0,300,VND
2016-02-23,3933.0,3933.0,3867.0,3867.0,600,VND
2016-02-25,3867.0,3867.0,3867.0,3867.0,600,VND
2016-03-08,3867.0,3867.0,3867.0,3867.0,300,VND
2016-03-10,3867.0,3867.0,3867.0,3867.0,600,VND
2016-03-14,3967.0,3967.0,3967.0,3967.0,600,VND
2016-03-15,4133.0,4133.0,4133.0,4133.0,600,VND
2016-03-16,4300.0,4300.0,4300.0,4300.0,2400,VND
2016-03-17,4933.0,4933.0,4933.0,4933.0,2006999,VND
2016-03-18,4933.0,5000.0,4933.0,5000.0,2771863,VND
2016-03-22,4267.0,4267.0,4267.0,4267.0,300,VND
2016-04-06,3733.0,3733.0,3733.0,3733.0,1500,VND
2016-04-08,3267.0,3267.0,3267.0,3267.0,1800,VND
2016-05-27,3333.0,3333.0,3333.0,3333.0,600,VND
2016-05-30,3833.0,3833.0,3833.0,3833.0,600,VND
2016-06-21,4400.0,4400.0,4400.0,4400.0,3000,VND
2016-06-24,5033.0,5033.0,5033.0,5033.0,300,VND
2016-06-30,4333.0,5067.0,4333.0,5067.0,600,VND
2016-07-01,4367.0,4367.0,4367.0,4367.0,300,VND
2016-07-07,5000.0,5000.0,5000.0,5000.0,1500,VND
2016-07-12,5200.0,5200.0,5200.0,5200.0,900,VND
2016-07-13,5333.0,5333.0,5333.0,5333.0,300,VND
2016-07-15,5200.0,5200.0,5000.0,5000.0,9000,VND
2016-07-19,5067.0,5067.0,5067.0,5067.0,600,VND
2016-07-21,5167.0,5167.0,5167.0,5167.0,1200,VND
2016-08-05,5400.0,5400.0,5400.0,5400.0,300,VND
2016-08-09,5500.0,5733.0,5500.0,5733.0,600,VND
2016-08-11,5667.0,5667.0,5667.0,5667.0,300,VND
2016-08-15,6000.0,6000.0,6000.0,6000.0,1500,VND
2016-08-18,6333.0,6900.0,6333.0,6900.0,2700,VND
2016-08-22,7200.0,7200.0,7200.0,7200.0,600,VND
2016-08-23,7267.0,7267.0,7000.0,7000.0,1200,VND
2016-08-25,7000.0,7000.0,7000.0,7000.0,900,VND
2016-08-26,7067.0,7067.0,7000.0,7000.0,1800,VND
2016-08-29,7000.0,7000.0,7000.0,7000.0,2700,VND
2016-09-01,7133.0,7167.0,7133.0,7167.0,900,VND
2016-09-06,7167.0,7167.0,7167.0,7167.0,2700,VND
2016-09-14,7000.0,7000.0,7000.0,7000.0,300,VND
2016-09-19,7000.0,7000.0,7000.0,7000.0,300,VND
2016-09-20,7000.0,7000.0,7000.0,7000.0,4500,VND
2016-09-23,7000.0,7000.0,7000.0,7000.0,1800,VND
2016-09-30,7500.0,7500.0,7500.0,7500.0,200,VND
2016-10-07,7000.0,7000.0,7000.0,7000.0,400,VND
2016-11-01,8050.0,8050.0,8050.0,8050.0,200,VND
2016-11-02,9250.0,9250.0,9250.0,9250.0,208,VND
2016-11-03,10600.0,10600.0,10600.0,10600.0,200,VND
2016-11-04,12150.0,12150.0,12150.0,12150.0,200,VND
2016-11-10,10500.0,11500.0,10500.0,11500.0,400,VND
2016-11-11,10000.0,10000.0,9350.0,9350.0,1200,VND
2016-11-14,11000.0,11000.0,11000.0,11000.0,200,VND
2016-11-15,9750.0,9750.0,9750.0,9750.0,400,VND
2016-11-16,10950.0,10950.0,10000.0,10000.0,4000,VND
2016-11-17,11750.0,11750.0,9550.0,10000.0,5800,VND
2016-11-18,11000.0,11000.0,10000.0,10000.0,4110,VND
2016-11-21,10500.0,10500.0,10000.0,10500.0,11460,VND
2016-11-22,10200.0,10200.0,10200.0,10200.0,1800,VND
2016-11-24,10100.0,10100.0,10000.0,10000.0,8800,VND
2016-12-01,8600.0,10100.0,8600.0,10100.0,2800,VND
2016-12-02,10000.0,10000.0,10000.0,10000.0,200,VND
2016-12-05,10000.0,10050.0,10000.0,10050.0,1000,VND
2016-12-06,11000.0,11000.0,11000.0,11000.0,600,VND
2016-12-07,10100.0,10100.0,10000.0,10000.0,6000,VND
2016-12-08,10050.0,10100.0,10050.0,10050.0,2600,VND
2016-12-14,10000.0,10000.0,10000.0,10000.0,16200,VND
2016-12-16,8550.0,8550.0,8550.0,8550.0,2000,VND
2016-12-19,9800.0,9800.0,9800.0,9800.0,200,VND
2016-12-20,10250.0,10250.0,10250.0,10250.0,2000,VND
2016-12-21,10500.0,10500.0,10500.0,10500.0,1600,VND
2016-12-22,11000.0,11000.0,11000.0,11000.0,600,VND
2016-12-23,10300.0,10750.0,10300.0,10500.0,1200,VND
2016-12-26,9050.0,11850.0,9050.0,11850.0,2200,VND
2016-12-27,11000.0,11000.0,11000.0,11000.0,4600,VND
2016-12-28,10100.0,10100.0,10100.0,10100.0,800,VND
2017-01-04,11600.0,11600.0,11600.0,11600.0,600,VND
2017-01-05,11500.0,11500.0,11500.0,11500.0,400,VND
2017-01-09,11000.0,12500.0,11000.0,12500.0,1200,VND
2017-01-10,11250.0,11250.0,11250.0,11250.0,800,VND
2017-01-11,12000.0,12000.0,12000.0,12000.0,600,VND
2017-01-13,11550.0,11550.0,11550.0,11550.0,400,VND
2017-01-16,12000.0,12000.0,12000.0,12000.0,200,VND
2017-01-17,12000.0,12000.0,11750.0,11750.0,1400,VND
2017-01-18,12000.0,12000.0,12000.0,12000.0,3600,VND
2017-01-19,11500.0,11500.0,11500.0,11500.0,800,VND
2017-01-20,11050.0,11050.0,11050.0,11050.0,1200,VND
2017-01-23,12700.0,12700.0,12700.0,12700.0,200,VND
2017-01-24,11500.0,11500.0,11500.0,11500.0,200,VND
2017-01-25,12000.0,12000.0,12000.0,12000.0,3600,VND
2017-02-02,13800.0,13800.0,13800.0,13800.0,27600,VND
2017-02-03,15850.0,15850.0,15850.0,15850.0,1068,VND
2017-02-06,18200.0,18200.0,18200.0,18200.0,4200,VND
2017-02-07,20900.0,20900.0,20550.0,20900.0,46404,VND
2017-02-08,23850.0,23850.0,20850.0,23500.0,20268,VND
2017-02-09,23500.0,25550.0,23500.0,25550.0,26812,VND
2017-02-10,28450.0,28450.0,28250.0,28450.0,23414,VND
2017-02-13,32650.0,32650.0,30300.0,32650.0,36858,VND
2017-02-14,33100.0,36500.0,32650.0,34050.0,22522,VND
2017-02-15,34950.0,34950.0,30000.0,32000.0,20414,VND
2017-02-16,31100.0,31500.0,30100.0,31250.0,9400,VND
2017-02-17,31100.0,31100.0,29100.0,29100.0,9800,VND
2017-02-20,28500.0,30500.0,28500.0,29950.0,25400,VND
2017-02-21,30500.0,32500.0,30500.0,32500.0,17800,VND
2017-02-22,32500.0,35000.0,31800.0,32150.0,16400,VND
2017-02-23,34500.0,34500.0,32000.0,32750.0,6800,VND
2017-02-24,30600.0,31000.0,30200.0,30250.0,4000,VND
2017-02-27,30000.0,31000.0,30000.0,31000.0,13124,VND
2017-02-28,31550.0,31550.0,30500.0,30500.0,7458,VND
2017-03-01,30100.0,30100.0,30000.0,30000.0,1016,VND
2017-03-02,30050.0,30100.0,30050.0,30050.0,2200,VND
2017-03-03,29750.0,30050.0,29750.0,30050.0,7020,VND
2017-03-06,30050.0,31400.0,30050.0,30400.0,13200,VND
2017-03-07,31000.0,31050.0,30450.0,30450.0,12600,VND
2017-03-08,30500.0,30750.0,30500.0,30600.0,842,VND
2017-03-09,30600.0,35150.0,30550.0,33500.0,54000,VND
2017-03-10,33600.0,35750.0,33600.0,34500.0,12800,VND
2017-03-13,35250.0,35250.0,33000.0,33000.0,22800,VND
2017-03-14,34000.0,34250.0,34000.0,34250.0,2400,VND
2017-03-15,34250.0,36000.0,34000.0,34050.0,16400,VND
2017-03-16,35450.0,35450.0,34250.0,34250.0,10000,VND
2017-03-17,33600.0,34500.0,31250.0,33000.0,13200,VND
2017-03-20,31400.0,32500.0,31250.0,32500.0,19400,VND
2017-03-21,32500.0,34500.0,32500.0,34250.0,11400,VND
2017-03-22,33500.0,33500.0,33200.0,33200.0,8820,VND
2017-03-23,33200.0,33200.0,32500.0,32500.0,4000,VND
2017-03-24,33000.0,33000.0,32000.0,32000.0,2000,VND
2017-03-27,31900.0,32250.0,31750.0,32000.0,5020,VND
2017-03-28,32500.0,32500.0,31750.0,32400.0,10200,VND
2017-03-29,32500.0,33500.0,32250.0,33000.0,15620,VND
2017-03-30,32500.0,33000.0,32500.0,33000.0,2440,VND
2017-03-31,33000.0,35500.0,33000.0,35000.0,31280,VND
2017-04-03,33500.0,33500.0,32500.0,32500.0,6400,VND
2017-04-04,32000.0,32000.0,31550.0,31550.0,7200,VND
2017-04-05,31200.0,31950.0,31000.0,31200.0,17200,VND
2017-04-07,31500.0,31500.0,31000.0,31000.0,7000,VND
2017-04-10,31000.0,31000.0,29000.0,29750.0,10420,VND
2017-04-11,30500.0,34200.0,30500.0,33850.0,75612,VND
2017-04-12,34200.0,34500.0,33000.0,33000.0,23800,VND
2017-04-13,33000.0,33750.0,33000.0,33200.0,13200,VND
2017-04-14,32500.0,32800.0,31000.0,32000.0,28400,VND
2017-04-17,31750.0,32100.0,31750.0,32050.0,5200,VND
2017-04-18,32100.0,32100.0,31800.0,31800.0,4020,VND
2017-04-19,32300.0,32300.0,32000.0,32000.0,15600,VND
2017-04-20,32100.0,32150.0,31750.0,31750.0,1600,VND
2017-04-21,31850.0,31950.0,31850.0,31850.0,2300,VND
2017-04-25,31750.0,31750.0,30950.0,31000.0,1800,VND
2017-04-26,31000.0,31500.0,30800.0,31500.0,4400,VND
2017-04-27,31250.0,31250.0,31250.0,31250.0,1000,VND
2017-04-28,31000.0,31000.0,30300.0,30300.0,4200,VND
2017-05-03,31000.0,31050.0,30850.0,30850.0,7600,VND
2017-05-04,30850.0,30850.0,30850.0,30850.0,400,VND
2017-05-05,30500.0,30500.0,30500.0,30500.0,2000,VND
2017-05-08,30500.0,30500.0,29750.0,30000.0,9400,VND
2017-05-09,30150.0,30500.0,30050.0,30050.0,9000,VND
2017-05-10,29750.0,29950.0,29750.0,29950.0,3600,VND
2017-05-11,29750.0,29750.0,29750.0,29750.0,200,VND
2017-05-12,29500.0,29500.0,29250.0,29500.0,10400,VND
2017-05-15,29350.0,29400.0,29250.0,29350.0,7600,VND
2017-05-16,29300.0,29450.0,29250.0,29350.0,19800,VND
2017-05-17,29350.0,29600.0,29350.0,29600.0,8400,VND
2017-05-18,29750.0,29800.0,29750.0,29800.0,11900,VND
2017-05-19,29750.0,30000.0,29750.0,30000.0,2400,VND
2017-05-22,29500.0,30000.0,29500.0,30000.0,11000,VND
2017-05-23,30000.0,30000.0,30000.0,30000.0,5800,VND
2017-05-24,29750.0,29750.0,29550.0,29550.0,3000,VND
2017-05-25,29500.0,29500.0,29500.0,29500.0,4000,VND
2017-05-26,29250.0,29250.0,28500.0,28500.0,21800,VND
2017-05-29,30000.0,30000.0,29750.0,30000.0,3400,VND
2017-05-30,28500.0,28500.0,28500.0,28500.0,9000,VND
2017-05-31,28750.0,28750.0,27000.0,27500.0,2200,VND
2017-06-01,27350.0,27500.0,27350.0,27500.0,4400,VND
2017-06-02,29200.0,29200.0,28500.0,28500.0,1200,VND
2017-06-05,27500.0,27600.0,27500.0,27550.0,1860,VND
2017-06-06,29250.0,31250.0,28500.0,28500.0,8400,VND
2017-06-07,30000.0,30000.0,28500.0,28500.0,2000,VND
2017-06-08,29000.0,29000.0,29000.0,29000.0,600,VND
2017-06-12,27750.0,27750.0,27550.0,27550.0,1600,VND
2017-06-13,30000.0,30000.0,28500.0,28750.0,2200,VND
2017-06-14,29500.0,30000.0,29500.0,29900.0,12996,VND
2017-06-15,29800.0,29850.0,29750.0,29750.0,1440,VND
2017-06-16,29750.0,32000.0,29700.0,32000.0,29420,VND
2017-06-19,32500.0,35250.0,32000.0,35050.0,65718,VND
2017-06-20,35250.0,36750.0,35000.0,36300.0,39108,VND
2017-06-21,37500.0,37500.0,36000.0,37300.0,56590,VND
2017-06-22,38000.0,38000.0,35000.0,35700.0,24740,VND
2017-06-23,38000.0,38000.0,34000.0,34100.0,9310,VND
2017-06-26,35800.0,36000.0,34000.0,34400.0,9820,VND
2017-06-27,35100.0,35100.0,32100.0,33000.0,15874,VND
2017-06-28,31500.0,31500.0,28700.0,28800.0,16910,VND
2017-06-29,29300.0,31000.0,29300.0,31000.0,3510,VND
2017-06-30,30800.0,30800.0,28500.0,29000.0,5830,VND
2017-07-03,30000.0,31200.0,29200.0,31100.0,4200,VND
2017-07-04,31600.0,34400.0,31600.0,34400.0,1700,VND
2017-07-05,33000.0,33900.0,32000.0,32000.0,1700,VND
2017-07-06,32200.0,32200.0,31700.0,31700.0,5308,VND
2017-07-07,32000.0,33000.0,30500.0,32000.0,9000,VND
2017-07-10,32500.0,32500.0,31500.0,31500.0,1600,VND
2017-07-11,30500.0,31000.0,30000.0,30500.0,6000,VND
2017-07-12,31500.0,31500.0,30500.0,30500.0,1200,VND
2017-07-13,30700.0,30700.0,30000.0,30100.0,2100,VND
2017-07-14,30200.0,30900.0,28500.0,29500.0,5700,VND
2017-07-17,29100.0,29500.0,29100.0,29300.0,1000,VND
2017-07-18,29300.0,29300.0,29300.0,29300.0,100,VND
2017-07-19,29000.0,29000.0,29000.0,29000.0,930,VND
2017-07-20,30000.0,30000.0,30000.0,30000.0,4900,VND
2017-07-21,30000.0,30000.0,30000.0,30000.0,600,VND
2017-07-24,30000.0,30000.0,30000.0,30000.0,3900,VND
2017-07-25,29000.0,29000.0,28000.0,28000.0,500,VND
2017-07-26,30000.0,30000.0,30000.0,30000.0,100,VND
2017-07-27,29000.0,29000.0,27000.0,27000.0,1900,VND
2017-07-28,28700.0,28700.0,27800.0,27800.0,1500,VND
2017-07-31,28000.0,30000.0,27900.0,29000.0,4300,VND
2017-08-01,28100.0,30000.0,28000.0,29200.0,4200,VND
2017-08-02,29500.0,33000.0,29500.0,32000.0,15900,VND
2017-08-03,32300.0,32300.0,31000.0,31000.0,10400,VND
2017-08-04,31000.0,31000.0,30000.0,30000.0,1900,VND
2017-08-07,29300.0,30300.0,28000.0,30200.0,14320,VND
2017-08-08,29500.0,30500.0,29500.0,30500.0,19600,VND
2017-08-09,29600.0,29800.0,29200.0,29200.0,6900,VND
2017-08-10,29000.0,29300.0,28800.0,28800.0,1800,VND
2017-08-11,29200.0,32500.0,29200.0,32200.0,76600,VND
2017-08-14,32000.0,33500.0,32000.0,33200.0,27310,VND
2017-08-15,32700.0,32700.0,31300.0,31600.0,3600,VND
2017-08-16,32500.0,32500.0,31900.0,31900.0,2820,VND
2017-08-17,31900.0,31900.0,31300.0,31300.0,3800,VND
2017-08-18,30300.0,30600.0,30200.0,30300.0,6300,VND
2017-08-21,31000.0,31000.0,30300.0,30300.0,2402,VND
2017-08-22,30300.0,30600.0,30300.0,30600.0,4400,VND
2017-08-23,30500.0,31000.0,30500.0,30700.0,6200,VND
2017-08-24,30000.0,31500.0,30000.0,31500.0,34100,VND
2017-08-25,31000.0,31000.0,31000.0,31000.0,700,VND
2017-08-28,30300.0,31000.0,30100.0,30300.0,13700,VND
2017-08-29,30000.0,30500.0,30000.0,30300.0,7100,VND
2017-08-30,30000.0,30100.0,29800.0,30000.0,10200,VND
2017-08-31,30000.0,30500.0,30000.0,30300.0,8264,VND
2017-09-01,30500.0,31000.0,30300.0,31000.0,4300,VND
2017-09-05,30400.0,30800.0,30100.0,30200.0,6300,VND
2017-09-06,30100.0,30200.0,29100.0,30000.0,16400,VND
2017-09-07,30000.0,30000.0,29600.0,29600.0,23106,VND
2017-09-08,30000.0,30000.0,30000.0,30000.0,1400,VND
2017-09-11,30600.0,30600.0,30000.0,30000.0,4600,VND
2017-09-12,29700.0,30300.0,29700.0,29900.0,9600,VND
2017-09-13,30200.0,30200.0,29500.0,30000.0,4800,VND
2017-09-14,29800.0,31300.0,29700.0,31000.0,16300,VND
2017-09-15,30500.0,32000.0,30500.0,31800.0,13310,VND
2017-09-18,31500.0,31500.0,31500.0,31500.0,3500,VND
2017-09-19,31000.0,31000.0,30100.0,30300.0,6900,VND
2017-09-20,30000.0,30400.0,30000.0,30400.0,6900,VND
2017-09-21,30800.0,31000.0,30800.0,30900.0,6202,VND
2017-09-22,30900.0,31000.0,30900.0,31000.0,21200,VND
2017-09-25,31200.0,31200.0,31000.0,31000.0,12400,VND
2017-09-26,31100.0,31500.0,31100.0,31500.0,3710,VND
2017-09-27,31000.0,31000.0,30800.0,30800.0,3000,VND
2017-09-28,30500.0,31200.0,30400.0,30400.0,42100,VND
2017-09-29,31500.0,31500.0,30400.0,30500.0,7000,VND
2017-10-02,30900.0,30900.0,30400.0,30400.0,2200,VND
2017-10-03,30200.0,30400.0,29400.0,30000.0,11400,VND
2017-10-04,29500.0,30000.0,29000.0,29900.0,12500,VND
2017-10-05,30000.0,30500.0,30000.0,30500.0,5810,VND
2017-10-06,30700.0,30700.0,30000.0,30000.0,10500,VND
2017-10-09,30500.0,30500.0,30200.0,30200.0,1400,VND
2017-10-10,30000.0,30000.0,29700.0,29700.0,600,VND
2017-10-11,30500.0,30500.0,29600.0,29900.0,13700,VND
2017-10-12,29900.0,29900.0,29900.0,29900.0,600,VND
2017-10-13,30000.0,30000.0,29900.0,29900.0,7810,VND
2017-10-16,29900.0,29900.0,29000.0,29500.0,10600,VND
2017-10-17,29200.0,29800.0,29200.0,29800.0,4800,VND
2017-10-18,29500.0,29500.0,29500.0,29500.0,5800,VND
2017-10-19,29000.0,29500.0,29000.0,29500.0,7100,VND
2017-10-20,29500.0,29500.0,27100.0,28000.0,12000,VND
2017-10-23,26100.0,26300.0,26100.0,26200.0,4800,VND
2017-10-24,26100.0,28000.0,26100.0,28000.0,6300,VND
2017-10-25,28000.0,29700.0,28000.0,29700.0,16200,VND
2017-10-26,30300.0,30300.0,29500.0,30000.0,16300,VND
2017-10-27,29700.0,30200.0,29500.0,30200.0,2240,VND
2017-10-30,28900.0,29000.0,27900.0,27900.0,28300,VND
2017-10-31,30000.0,30000.0,28000.0,28700.0,9400,VND
2017-11-01,28900.0,28900.0,28000.0,28700.0,6000,VND
2017-11-02,28800.0,28800.0,28000.0,28600.0,8200,VND
2017-11-03,29800.0,29800.0,28300.0,28800.0,1390,VND
2017-11-06,29700.0,29700.0,29000.0,29000.0,5730,VND
2017-11-07,29700.0,29900.0,29600.0,29900.0,7200,VND
2017-11-08,29800.0,29900.0,28100.0,29100.0,1910,VND
2017-11-09,29800.0,29800.0,29000.0,29400.0,8900,VND
2017-11-10,29000.0,29500.0,28500.0,29500.0,14300,VND
2017-11-13,29500.0,29500.0,29100.0,29300.0,4800,VND
2017-11-14,29400.0,29400.0,29000.0,29000.0,2100,VND
2017-11-15,29400.0,29400.0,28200.0,29300.0,5810,VND
2017-11-16,29200.0,29500.0,29200.0,29200.0,12700,VND
2017-11-17,29000.0,29400.0,29000.0,29400.0,5400,VND
2017-11-20,29300.0,29300.0,29000.0,29300.0,600,VND
2017-11-21,29300.0,29300.0,28700.0,29300.0,5500,VND
2017-11-22,29200.0,29400.0,28100.0,29400.0,18600,VND
2017-11-23,29300.0,29300.0,29000.0,29000.0,4300,VND
2017-11-24,28900.0,29000.0,28900.0,29000.0,17500,VND
2017-11-27,29400.0,29400.0,28200.0,28200.0,3600,VND
2017-11-28,28600.0,29000.0,28600.0,29000.0,3400,VND
2017-11-29,28300.0,29000.0,28300.0,29000.0,6100,VND
2017-11-30,28300.0,29000.0,28200.0,28500.0,7000,VND
2017-12-01,28800.0,29000.0,28600.0,29000.0,11700,VND
2017-12-04,28900.0,29000.0,28600.0,28900.0,13700,VND
2017-12-05,29300.0,29600.0,28500.0,29000.0,15814,VND
2017-12-06,29000.0,29000.0,28500.0,28500.0,4400,VND
2017-12-07,29000.0,29000.0,28500.0,28700.0,17300,VND
2017-12-08,28600.0,29000.0,28500.0,29000.0,15400,VND
2017-12-11,28800.0,29000.0,28700.0,28800.0,14116,VND
2017-12-12,29000.0,29000.0,28800.0,28900.0,13200,VND
2017-12-13,29000.0,29000.0,28600.0,28900.0,12620,VND
2017-12-14,28900.0,29100.0,28200.0,28800.0,23100,VND
2017-12-15,28900.0,29100.0,28700.0,29000.0,22800,VND
2017-12-18,29000.0,29500.0,28800.0,29000.0,29700,VND
2017-12-19,29300.0,29800.0,29200.0,29400.0,9300,VND
2017-12-20,30000.0,33000.0,29900.0,31000.0,8000,VND
2017-12-21,30100.0,30100.0,29600.0,30000.0,1300,VND
2017-12-22,30000.0,30000.0,30000.0,30000.0,7400,VND
2017-12-25,29000.0,29900.0,29000.0,29600.0,13200,VND
2017-12-26,29400.0,29400.0,29400.0,29400.0,4900,VND
2017-12-27,29500.0,29500.0,29000.0,29000.0,6900,VND
2017-12-28,29000.0,29000.0,29000.0,29000.0,6000,VND
2017-12-29,29000.0,30000.0,29000.0,30000.0,8000,VND
2018-01-02,30000.0,30200.0,29700.0,30200.0,14500,VND
2018-01-03,30900.0,33000.0,30700.0,33000.0,12000,VND
2018-01-04,33000.0,34200.0,32500.0,33500.0,61500,VND
2018-01-05,34000.0,34000.0,33300.0,33500.0,9102,VND
2018-01-15,34800.0,34800.0,34800.0,34800.0,50830,VND
2018-01-16,37200.0,37200.0,37000.0,37200.0,121620,VND
2018-01-17,37200.0,38900.0,36200.0,36200.0,51880,VND
2018-01-18,35000.0,37000.0,33700.0,37000.0,37780,VND
2018-01-19,37000.0,37000.0,35100.0,36000.0,19480,VND
2018-01-22,36000.0,36200.0,33600.0,35500.0,30300,VND
2018-01-25,33200.0,35000.0,33100.0,35000.0,29730,VND
2018-01-26,35000.0,35000.0,32600.0,34300.0,16340,VND
2018-01-29,34900.0,34900.0,33000.0,34000.0,11510,VND
2018-01-30,34000.0,34500.0,32000.0,34400.0,30180,VND
2018-01-31,34400.0,34400.0,33500.0,34000.0,8780,VND
2018-02-01,34000.0,34500.0,32300.0,34300.0,1140,VND
2018-02-02,34200.0,34200.0,32300.0,32900.0,4430,VND
2018-02-05,33200.0,33500.0,30600.0,31800.0,36590,VND
2018-02-06,29600.0,31300.0,29600.0,31300.0,7550,VND
2018-02-07,32950.0,32950.0,29600.0,30000.0,5120,VND
2018-02-08,31750.0,31750.0,29200.0,30000.0,5510,VND
2018-02-09,29200.0,29500.0,28800.0,29500.0,7600,VND
2018-02-12,31000.0,31000.0,30800.0,30800.0,2040,VND
2018-02-13,29000.0,30200.0,29000.0,30200.0,2060,VND
2018-02-21,30700.0,30700.0,30000.0,30000.0,230,VND
2018-02-22,30200.0,32100.0,30200.0,32100.0,16740,VND
2018-02-23,32100.0,32500.0,32000.0,32500.0,2840,VND
2018-02-26,33000.0,33000.0,30250.0,31900.0,6110,VND
2018-02-27,30500.0,31400.0,30500.0,31400.0,2600,VND
2018-02-28,31500.0,31500.0,29700.0,30900.0,6800,VND
2018-03-01,30700.0,30700.0,29000.0,30700.0,9930,VND
2018-03-02,30600.0,30600.0,29500.0,30600.0,4700,VND
2018-03-05,30000.0,31000.0,30000.0,30700.0,6270,VND
2018-03-06,30800.0,30800.0,29500.0,30500.0,2310,VND
2018-03-07,30500.0,30500.0,30100.0,30100.0,1500,VND
2018-03-08,30000.0,30300.0,29600.0,30300.0,3750,VND
2018-03-09,29600.0,30500.0,29000.0,30450.0,240,VND
2018-03-12,29500.0,30000.0,29500.0,30000.0,3070,VND
2018-03-13,30000.0,30000.0,27900.0,29800.0,31660,VND
2018-03-14,29900.0,29900.0,29000.0,29000.0,13250,VND
2018-03-15,29100.0,30000.0,29100.0,30000.0,17620,VND
2018-03-16,29800.0,29800.0,29400.0,29400.0,12780,VND
2018-03-19,29500.0,29900.0,28000.0,29400.0,12720,VND
2018-03-20,29350.0,29350.0,29000.0,29300.0,270,VND
2018-03-21,28800.0,29000.0,28800.0,29000.0,2460,VND
2018-03-22,27950.0,28950.0,27950.0,28200.0,240,VND
2018-03-23,28000.0,28900.0,28000.0,28800.0,560,VND
2018-03-26,28050.0,29200.0,28050.0,29200.0,430,VND
2018-03-27,28200.0,29100.0,28200.0,29000.0,4640,VND
2018-03-28,27000.0,29150.0,27000.0,29150.0,270,VND
2018-03-30,27450.0,29300.0,27450.0,28950.0,4360,VND
2018-04-02,28200.0,29500.0,28200.0,29000.0,1310,VND
2018-04-03,29150.0,29150.0,29100.0,29100.0,2310,VND
2018-04-04,28200.0,29500.0,28200.0,29200.0,1530,VND
2018-04-05,28600.0,29000.0,28500.0,29000.0,710,VND
2018-04-06,28000.0,29150.0,27900.0,29000.0,3000,VND
2018-04-09,28500.0,29000.0,28500.0,29000.0,3550,VND
2018-04-10,29000.0,29400.0,28650.0,29000.0,4250,VND
2018-04-11,29400.0,29400.0,29000.0,29000.0,1010,VND
2018-04-12,28000.0,30000.0,27600.0,29000.0,10620,VND
2018-04-13,29900.0,29900.0,28500.0,28500.0,2780,VND
2018-04-16,29700.0,29700.0,29500.0,29500.0,30,VND
2018-04-17,28000.0,29450.0,28000.0,29450.0,90,VND
2018-04-18,29450.0,29700.0,29450.0,29700.0,200,VND
2018-04-20,28050.0,29400.0,28000.0,29400.0,110,VND
2018-04-23,28150.0,29250.0,28150.0,29250.0,110,VND
2018-04-24,29000.0,29700.0,27300.0,29000.0,3210,VND
2018-04-26,29000.0,29000.0,27000.0,27000.0,3280,VND
2018-04-27,28650.0,28650.0,26000.0,28500.0,1210,VND
2018-05-02,28500.0,28500.0,27000.0,27750.0,1040,VND
2018-05-03,27000.0,27900.0,26100.0,26100.0,6510,VND
2018-05-04,27750.0,27750.0,24400.0,26000.0,12950,VND
2018-05-07,27450.0,27450.0,27200.0,27200.0,2010,VND
2018-05-08,25500.0,27450.0,25500.0,27200.0,7610,VND
2018-05-09,25600.0,27200.0,25600.0,27200.0,4380,VND
2018-05-10,25400.0,26900.0,25400.0,26900.0,460,VND
2018-05-11,26500.0,26500.0,26500.0,26500.0,100,VND
2018-05-14,26100.0,27000.0,26000.0,27000.0,2000,VND
2018-05-15,27850.0,27850.0,26050.0,26750.0,120,VND
2018-05-16,27150.0,27150.0,27150.0,27150.0,10,VND
2018-05-17,25600.0,26900.0,25600.0,26900.0,1130,VND
2018-05-18,25450.0,26950.0,25400.0,26950.0,720,VND
2018-05-21,25600.0,25600.0,25500.0,25600.0,690,VND
2018-05-22,26500.0,26500.0,25000.0,26000.0,110,VND
2018-05-23,27000.0,27000.0,24500.0,24500.0,110,VND
2018-05-24,24100.0,25900.0,24100.0,25550.0,1090,VND
2018-05-25,24500.0,24500.0,24500.0,24500.0,50,VND
2018-05-28,26000.0,26000.0,23000.0,25650.0,3850,VND
2018-05-29,24000.0,26400.0,24000.0,26400.0,320,VND
2018-05-31,26850.0,26850.0,26850.0,26850.0,10,VND
2018-06-01,25000.0,26100.0,25000.0,26000.0,4150,VND
2018-06-04,24200.0,25950.0,24200.0,24300.0,1170,VND
2018-06-05,25950.0,25950.0,25950.0,25950.0,10,VND
2018-06-06,24550.0,25900.0,24500.0,25800.0,2150,VND
2018-06-07,25500.0,26500.0,25000.0,26500.0,580,VND
2018-06-08,27000.0,27000.0,24650.0,26950.0,680,VND
2018-06-11,25500.0,25500.0,25500.0,25500.0,0,VND
2018-06-12,26900.0,26900.0,26900.0,26900.0,50,VND
2018-06-13,25050.0,25050.0,25050.0,25050.0,70,VND
2018-06-14,25050.0,25050.0,25050.0,25050.0,200,VND
2018-06-15,23550.0,24100.0,23550.0,24100.0,1500,VND
2018-06-18,25700.0,25700.0,24200.0,24200.0,320,VND
2018-06-19,24300.0,24950.0,24000.0,24950.0,220,VND
2018-06-20,25600.0,25600.0,24000.0,24100.0,1170,VND
2018-06-21,24100.0,24100.0,24100.0,24100.0,1040,VND
2018-06-22,24000.0,24100.0,24000.0,24100.0,7200,VND
2018-06-25,23500.0,24000.0,23500.0,24000.0,3350,VND
2018-06-26,24000.0,24000.0,23000.0,23000.0,4280,VND
2018-06-27,24500.0,24550.0,24000.0,24450.0,590,VND
2018-06-28,23500.0,23500.0,23000.0,23100.0,10830,VND
2018-06-29,24600.0,24600.0,22000.0,23200.0,1910,VND
2018-07-02,23000.0,23000.0,22000.0,23000.0,5720,VND
2018-07-03,23000.0,23700.0,22900.0,23700.0,6560,VND
2018-07-04,23000.0,23000.0,22150.0,23000.0,4000,VND
2018-07-05,23900.0,24400.0,23000.0,23000.0,220,VND
2018-07-06,23650.0,23650.0,23500.0,23500.0,260,VND
2018-07-09,19735.0,19735.0,19483.0,19693.0,1115,VND
2018-07-10,19315.0,19651.0,19231.0,19651.0,4243,VND
2018-07-11,20071.0,20071.0,20071.0,20071.0,149,VND
2018-07-12,20071.0,21331.0,20071.0,21331.0,69,VND
2018-07-13,21331.0,21835.0,19903.0,21835.0,586,VND
2018-07-16,22255.0,22255.0,20995.0,21415.0,4025,VND
2018-07-17,21415.0,21415.0,20995.0,21079.0,655,VND
2018-07-18,21415.0,21415.0,19693.0,21331.0,724,VND
2018-07-19,20100.0,22500.0,20100.0,22500.0,8610,VND
2018-07-20,21000.0,22500.0,21000.0,22500.0,20,VND
2018-07-25,22500.0,24000.0,22000.0,23000.0,650,VND
2018-07-26,22000.0,22000.0,22000.0,22000.0,400,VND
2018-07-27,21500.0,23500.0,21500.0,23500.0,9430,VND
2018-07-30,23500.0,23500.0,22800.0,22800.0,500,VND
2018-07-31,22000.0,22500.0,22000.0,22500.0,700,VND
2018-08-02,21100.0,21100.0,21100.0,21100.0,110,VND
2018-08-03,22300.0,22300.0,22300.0,22300.0,50,VND
2018-08-06,23500.0,23500.0,23500.0,23500.0,460,VND
2018-08-07,22000.0,22000.0,22000.0,22000.0,1820,VND
2018-08-08,22900.0,22900.0,22900.0,22900.0,10,VND
2018-08-09,22750.0,23000.0,21600.0,23000.0,1020,VND
2018-08-10,21400.0,22500.0,21400.0,22500.0,1650,VND
2018-08-13,21500.0,22400.0,21050.0,22400.0,40,VND
2018-08-14,21500.0,22200.0,21500.0,22200.0,20,VND
2018-08-15,21500.0,22100.0,21050.0,21050.0,880,VND
2018-08-16,22000.0,22100.0,21000.0,22000.0,8200,VND
2018-08-17,21900.0,22000.0,20800.0,21000.0,800,VND
2018-08-20,21000.0,21850.0,21000.0,21850.0,1100,VND
2018-08-21,21000.0,21900.0,21000.0,21900.0,3050,VND
2018-08-23,21000.0,21900.0,21000.0,21900.0,20,VND
2018-08-24,21800.0,21900.0,21800.0,21900.0,1100,VND
2018-08-27,21000.0,21900.0,20800.0,21900.0,110,VND
2018-08-28,21050.0,21100.0,21000.0,21000.0,1720,VND
2018-08-29,21000.0,21900.0,20800.0,20800.0,3380,VND
2018-08-30,20800.0,21000.0,20600.0,20600.0,3760,VND
2018-08-31,20600.0,21900.0,19200.0,21800.0,1340,VND
2018-09-04,21500.0,21500.0,21000.0,21500.0,2470,VND
2018-09-05,21000.0,21500.0,21000.0,21500.0,1640,VND
2018-09-06,20250.0,21400.0,20250.0,21400.0,510,VND
2018-09-07,20500.0,21300.0,20500.0,21300.0,510,VND
2018-09-10,21400.0,21400.0,21400.0,21400.0,1000,VND
2018-09-11,20800.0,21500.0,20800.0,20800.0,4300,VND
2018-09-12,21000.0,21500.0,20950.0,21500.0,980,VND
2018-09-13,21500.0,21500.0,21000.0,21000.0,740,VND
2018-09-14,21000.0,21200.0,21000.0,21000.0,3630,VND
2018-09-17,21100.0,21100.0,20650.0,20650.0,1590,VND
2018-09-18,20700.0,21400.0,20650.0,21400.0,1090,VND
2018-09-20,20100.0,21500.0,20100.0,21500.0,12100,VND
2018-09-21,21500.0,21600.0,21500.0,21600.0,3950,VND
2018-09-24,21500.0,21800.0,21500.0,21800.0,3790,VND
2018-09-25,21650.0,21650.0,21000.0,21500.0,10130,VND
2018-09-26,21500.0,21500.0,21200.0,21500.0,9200,VND
2018-09-27,21500.0,21600.0,21500.0,21500.0,6280,VND
2018-09-28,21500.0,21500.0,21200.0,21500.0,1900,VND
2018-10-01,21500.0,21500.0,21200.0,21200.0,10000,VND
2018-10-02,21200.0,21200.0,21200.0,21200.0,1060,VND
2018-10-03,21200.0,21200.0,21200.0,21200.0,100,VND
2018-10-05,21000.0,21000.0,20800.0,20800.0,4000,VND
2018-10-08,21400.0,21400.0,21400.0,21400.0,10,VND
2018-10-09,21200.0,21200.0,21200.0,21200.0,30,VND
2018-10-10,20900.0,20900.0,20300.0,20300.0,6620,VND
2018-10-11,18900.0,21000.0,18900.0,21000.0,1630,VND
2018-10-12,20000.0,20800.0,20000.0,20800.0,6820,VND
2018-10-15,20100.0,20500.0,20100.0,20500.0,700,VND
2018-10-16,20900.0,20900.0,20500.0,20900.0,5020,VND
2018-10-17,20900.0,20900.0,20900.0,20900.0,100,VND
2018-10-18,20900.0,20900.0,20800.0,20800.0,2710,VND
2018-10-19,21500.0,21500.0,21500.0,21500.0,500,VND
2018-10-22,21500.0,21500.0,21500.0,21500.0,200,VND
2018-10-23,20600.0,21300.0,20600.0,21300.0,1140,VND
2018-10-24,20500.0,20900.0,20500.0,20900.0,360,VND
2018-10-25,21400.0,21400.0,20100.0,21300.0,30,VND
2018-10-26,21000.0,21250.0,20600.0,20600.0,1070,VND
2018-10-29,20700.0,20700.0,20700.0,20700.0,1100,VND
2018-10-30,21300.0,21300.0,21300.0,21300.0,10,VND
2018-10-31,20500.0,21000.0,20500.0,21000.0,1100,VND
2018-11-01,20600.0,20600.0,20500.0,20500.0,1230,VND
2018-11-02,21000.0,21000.0,21000.0,21000.0,10,VND
2018-11-05,20500.0,20500.0,20500.0,20500.0,4000,VND
2018-11-06,20500.0,20500.0,20500.0,20500.0,2300,VND
2018-11-07,19100.0,20500.0,19100.0,20500.0,110,VND
2018-11-08,20500.0,20500.0,20300.0,20300.0,990,VND
2018-11-09,20500.0,20500.0,20300.0,20300.0,1090,VND
2018-11-12,20000.0,20000.0,20000.0,20000.0,500,VND
2018-11-13,20300.0,20300.0,20300.0,20300.0,10,VND
2018-11-15,20000.0,20300.0,20000.0,20300.0,1510,VND
2018-11-16,20100.0,20400.0,20100.0,20400.0,1330,VND
2018-11-19,20400.0,20400.0,20400.0,20400.0,2000,VND
2018-11-20,20400.0,20500.0,20200.0,20500.0,8560,VND
2018-11-21,20500.0,21200.0,20500.0,20600.0,8150,VND
2018-11-22,20600.0,21300.0,20600.0,21300.0,80,VND
2018-11-23,21300.0,21300.0,21300.0,21300.0,1120,VND
2018-11-26,21300.0,21800.0,21000.0,21000.0,12000,VND
2018-11-27,21000.0,21800.0,21000.0,21800.0,770,VND
2018-11-28,21200.0,21200.0,21000.0,21000.0,4380,VND
2018-11-29,21050.0,21450.0,21050.0,21450.0,390,VND
2018-11-30,21450.0,22500.0,21450.0,22500.0,14820,VND
2018-12-03,22000.0,22500.0,21000.0,22500.0,5520,VND
2018-12-05,21400.0,21400.0,21400.0,21400.0,400,VND
2018-12-06,21300.0,21300.0,21000.0,21000.0,1250,VND
2018-12-07,21500.0,21500.0,21500.0,21500.0,10,VND
2018-12-12,21500.0,21500.0,21000.0,21000.0,7270,VND
2018-12-13,20450.0,21000.0,20000.0,21000.0,7700,VND
2018-12-18,20400.0,20500.0,20400.0,20500.0,2840,VND
2018-12-19,20500.0,20500.0,20500.0,20500.0,610,VND
2018-12-20,20500.0,20500.0,20500.0,20500.0,20,VND
2018-12-21,20500.0,20500.0,20500.0,20500.0,1950,VND
2018-12-24,20400.0,20500.0,20400.0,20500.0,11310,VND
2018-12-26,20500.0,20500.0,20000.0,20000.0,810,VND
2018-12-27,20000.0,20000.0,20000.0,20000.0,500,VND
2018-12-28,19500.0,19500.0,19500.0,19500.0,300,VND
2019-01-02,20500.0,20500.0,19500.0,19500.0,1060,VND
2019-01-03,20000.0,20000.0,20000.0,20000.0,10,VND
2019-01-07,20000.0,20000.0,20000.0,20000.0,600,VND
2019-01-08,20000.0,20000.0,20000.0,20000.0,140,VND
2019-01-10,18750.0,18750.0,18750.0,18750.0,10,VND
2019-01-11,18550.0,20000.0,18500.0,20000.0,580,VND
2019-01-15,19950.0,19950.0,19950.0,19950.0,10,VND
2019-01-16,19950.0,19950.0,19950.0,19950.0,20,VND
2019-01-21,20500.0,20500.0,20500.0,20500.0,10,VND
2019-01-22,19250.0,19250.0,19250.0,19250.0,20,VND
2019-01-23,20500.0,20500.0,20500.0,20500.0,1240,VND
2019-01-25,20000.0,20000.0,20000.0,20000.0,100,VND
2019-01-30,20000.0,20000.0,20000.0,20000.0,100,VND
2019-02-13,19600.0,19600.0,19600.0,19600.0,70,VND
2019-02-14,19600.0,19600.0,19600.0,19600.0,50,VND
2019-02-18,19000.0,19000.0,19000.0,19000.0,200,VND
2019-02-19,18600.0,19000.0,18600.0,19000.0,1690,VND
2019-02-20,19000.0,19000.0,19000.0,19000.0,510,VND
2019-02-25,19000.0,19000.0,18900.0,19000.0,1040,VND
2019-02-26,20100.0,20100.0,20100.0,20100.0,70,VND
2019-02-28,19000.0,19000.0,18800.0,18800.0,2000,VND
2019-03-01,20000.0,20000.0,20000.0,20000.0,10,VND
2019-03-06,19000.0,19000.0,19000.0,19000.0,1410,VND
2019-03-08,18000.0,19000.0,18000.0,19000.0,20,VND
2019-03-11,18950.0,18950.0,18700.0,18700.0,3180,VND
2019-03-12,18700.0,18700.0,18000.0,18000.0,3400,VND
2019-03-13,18950.0,18950.0,18700.0,18700.0,670,VND
2019-03-15,18000.0,18000.0,17400.0,17400.0,20120,VND
2019-03-18,17400.0,17500.0,17400.0,17500.0,250,VND
2019-03-19,18400.0,18700.0,18400.0,18700.0,720,VND
2019-03-20,19500.0,19500.0,18600.0,19500.0,2210,VND
2019-03-21,19500.0,19500.0,18200.0,18200.0,5420,VND
2019-03-25,17500.0,18500.0,17500.0,18500.0,3430,VND
2019-03-26,18500.0,18500.0,18300.0,18300.0,6800,VND
2019-03-27,18300.0,18950.0,18000.0,18000.0,2230,VND
2019-03-29,18600.0,18600.0,18500.0,18500.0,520,VND
2019-04-01,17550.0,17950.0,17250.0,17500.0,27600,VND
2019-04-02,17500.0,17500.0,17000.0,17000.0,4250,VND
2019-04-03,16800.0,17100.0,16800.0,17100.0,7080,VND
2019-04-04,17300.0,17300.0,17100.0,17300.0,240,VND
2019-04-05,18350.0,18350.0,17500.0,18300.0,2030,VND
2019-04-09,17100.0,18200.0,17100.0,17350.0,5610,VND
2019-04-10,17000.0,17500.0,17000.0,17500.0,2010,VND
2019-04-12,16800.0,16800.0,16800.0,16800.0,10,VND
2019-04-16,17300.0,17700.0,17300.0,17700.0,630,VND
2019-04-17,17300.0,17300.0,17300.0,17300.0,160,VND
2019-04-18,17250.0,17250.0,16800.0,17250.0,2380,VND
2019-04-19,16100.0,17400.0,16100.0,17300.0,40,VND
2019-04-23,16200.0,17200.0,16150.0,17200.0,2810,VND
2019-04-24,16600.0,17150.0,16600.0,17150.0,1010,VND
2019-04-25,17150.0,17150.0,16800.0,16800.0,110,VND
2019-04-26,16400.0,17200.0,16400.0,17200.0,990,VND
2019-05-02,16800.0,16800.0,16500.0,16500.0,2480,VND
2019-05-03,16700.0,16700.0,16500.0,16500.0,2510,VND
2019-05-06,16700.0,16700.0,16450.0,16450.0,8790,VND
2019-05-08,16000.0,16700.0,16000.0,16700.0,530,VND
2019-05-09,16700.0,16900.0,16700.0,16900.0,3100,VND
2019-05-10,16900.0,17000.0,16900.0,17000.0,2200,VND
2019-05-13,17000.0,17000.0,16800.0,16800.0,1040,VND
2019-05-14,16800.0,17000.0,16250.0,16250.0,5960,VND
2019-05-15,16950.0,16950.0,16900.0,16950.0,4090,VND
2019-05-16,16900.0,16900.0,16900.0,16900.0,7150,VND
2019-05-17,16850.0,17000.0,16850.0,17000.0,3390,VND
2019-05-20,17400.0,17400.0,17400.0,17400.0,8200,VND
2019-05-21,17200.0,17200.0,17050.0,17050.0,1920,VND
2019-05-22,17350.0,17400.0,17100.0,17400.0,4630,VND
2019-05-23,17000.0,17400.0,17000.0,17100.0,2610,VND
2019-05-24,18000.0,18000.0,17000.0,18000.0,1750,VND
2019-05-27,18000.0,18000.0,18000.0,18000.0,1350,VND
2019-05-28,18000.0,18100.0,18000.0,18100.0,1410,VND
2019-05-29,18200.0,18600.0,18200.0,18600.0,11780,VND
2019-05-30,18500.0,18600.0,18200.0,18500.0,1060,VND
2019-05-31,18500.0,18500.0,18250.0,18250.0,6420,VND
2019-06-03,17200.0,17200.0,17200.0,17200.0,0,VND
2019-06-04,17500.0,17500.0,17500.0,17500.0,440,VND
2019-06-06,17500.0,17500.0,17100.0,17100.0,1000,VND
2019-06-07,18200.0,18200.0,18200.0,18200.0,10,VND
2019-06-10,17200.0,17200.0,17200.0,17200.0,300,VND
2019-06-11,17900.0,17900.0,17900.0,17900.0,5750,VND
2019-06-12,18400.0,18400.0,18400.0,18400.0,10,VND
2019-06-13,18000.0,18000.0,17900.0,17900.0,7310,VND
2019-06-14,18200.0,18200.0,18200.0,18200.0,90,VND
2019-06-19,18000.0,18200.0,18000.0,18200.0,2540,VND
2019-06-24,17500.0,18200.0,17500.0,18200.0,120,VND
2019-07-03,17900.0,17900.0,17900.0,17900.0,600,VND
2019-07-04,17900.0,17900.0,16700.0,17900.0,3150,VND
2019-07-05,17800.0,17800.0,17800.0,17800.0,1000,VND
2019-07-08,17050.0,17500.0,16800.0,17500.0,1100,VND
2019-07-09,17600.0,18400.0,17600.0,18400.0,1000,VND
2019-07-10,18400.0,18400.0,17400.0,17550.0,1380,VND
2019-07-11,17300.0,17300.0,17300.0,17300.0,20,VND
2019-07-17,16900.0,16900.0,16900.0,16900.0,20,VND
2019-07-18,17850.0,17850.0,17800.0,17800.0,570,VND
2019-07-24,18000.0,18000.0,18000.0,18000.0,10,VND
2019-07-31,17500.0,17500.0,17500.0,17500.0,180,VND
2019-08-05,17800.0,18700.0,16600.0,18700.0,1300,VND
2019-08-06,18500.0,18500.0,18500.0,18500.0,20,VND
2019-08-15,18500.0,18500.0,18500.0,18500.0,100,VND
2019-08-23,17900.0,17900.0,17700.0,17700.0,200,VND
2019-08-26,17700.0,18600.0,17650.0,18600.0,870,VND
2019-08-27,18600.0,18600.0,18600.0,18600.0,10,VND
2019-08-29,17400.0,17400.0,17400.0,17400.0,20,VND
2019-09-03,18500.0,18600.0,18500.0,18600.0,100,VND
2019-09-09,17059.0,17609.0,17059.0,17609.0,3150,VND
2019-09-10,16692.0,17150.0,16692.0,17150.0,3400,VND
2019-09-11,16967.0,17059.0,16967.0,17059.0,2980,VND
2019-09-12,17059.0,17059.0,17059.0,17059.0,80,VND
2019-09-13,17976.0,17976.0,17976.0,17976.0,20,VND
2019-09-16,17976.0,17976.0,17976.0,17976.0,10,VND
2019-09-17,17609.0,17609.0,17242.0,17242.0,1070,VND
2019-09-18,17242.0,17242.0,16600.0,16600.0,9220,VND
2019-09-20,16100.0,17750.0,16100.0,17750.0,4970,VND
2019-09-23,16600.0,17750.0,16600.0,17750.0,30,VND
2019-09-26,16550.0,17350.0,16550.0,17350.0,570,VND
2019-09-27,16800.0,16800.0,16800.0,16800.0,400,VND
2019-10-02,15700.0,17500.0,15700.0,17300.0,30,VND
2019-10-04,17000.0,17500.0,17000.0,17500.0,4500,VND
2019-10-10,16450.0,16450.0,16400.0,16400.0,500,VND
2019-10-11,16500.0,17400.0,16500.0,17400.0,20,VND
2019-10-15,16500.0,16500.0,16500.0,16500.0,20,VND
2019-10-16,16300.0,16300.0,16300.0,16300.0,20,VND
2019-10-17,17000.0,17000.0,17000.0,17000.0,20,VND
2019-10-18,16300.0,16300.0,16300.0,16300.0,10,VND
2019-10-22,17000.0,17300.0,16000.0,16000.0,110,VND
2019-10-23,16000.0,16000.0,16000.0,16000.0,600,VND
2019-10-24,16000.0,16100.0,15900.0,16000.0,700,VND
2019-10-29,16000.0,17000.0,16000.0,17000.0,510,VND
2019-10-31,17900.0,17900.0,17900.0,17900.0,10,VND
2019-11-04,18400.0,18400.0,18400.0,18400.0,10,VND
2019-11-07,17200.0,17200.0,17200.0,17200.0,10,VND
2019-11-08,16100.0,18000.0,16100.0,18000.0,20,VND
2019-11-12,17000.0,17000.0,16900.0,16900.0,10140,VND
2019-11-13,17000.0,17000.0,17000.0,17000.0,10560,VND
2019-11-15,16100.0,16150.0,16100.0,16150.0,560,VND
2019-11-18,16000.0,17200.0,16000.0,17200.0,190,VND
2019-11-20,16200.0,16200.0,16200.0,16200.0,100,VND
2019-11-21,17000.0,17000.0,17000.0,17000.0,100,VND
2019-11-26,16900.0,17300.0,16900.0,17300.0,500,VND
2019-11-27,17000.0,17900.0,17000.0,17800.0,150,VND
2019-12-02,16600.0,17800.0,16600.0,17800.0,610,VND
2019-12-03,16600.0,17300.0,16600.0,17300.0,250,VND
2019-12-04,17300.0,17300.0,17300.0,17300.0,400,VND
2019-12-12,17000.0,17300.0,17000.0,17300.0,13500,VND
2019-12-19,17300.0,17300.0,17300.0,17300.0,100,VND
2019-12-25,17300.0,18000.0,17300.0,18000.0,1260,VND
2020-01-06,18000.0,18000.0,18000.0,18000.0,20,VND
2020-01-07,16750.0,17900.0,16750.0,17900.0,20,VND
2020-01-09,17000.0,17000.0,16800.0,16800.0,2300,VND
2020-01-10,16900.0,16900.0,16900.0,16900.0,10,VND
2020-01-16,15800.0,16750.0,15800.0,15800.0,320,VND
2020-01-17,16000.0,16000.0,16000.0,16000.0,20,VND
2020-01-20,15000.0,17000.0,15000.0,16000.0,3000,VND
2020-01-22,16950.0,16950.0,16950.0,16950.0,10,VND
2020-01-30,15800.0,15800.0,15800.0,15800.0,1280,VND
2020-01-31,15800.0,15800.0,15800.0,15800.0,900,VND
2020-02-03,16500.0,16500.0,16500.0,16500.0,100,VND
2020-02-07,16900.0,16900.0,16900.0,16900.0,10,VND
2020-02-11,16700.0,16800.0,16700.0,16800.0,510,VND
2020-02-12,15650.0,17000.0,15650.0,17000.0,1010,VND
2020-02-13,16000.0,16000.0,16000.0,16000.0,500,VND
2020-02-18,15900.0,15900.0,14900.0,14900.0,13110,VND
2020-02-19,15700.0,15700.0,14400.0,14800.0,6120,VND
2020-02-20,15500.0,15500.0,15500.0,15500.0,10,VND
2020-02-21,15750.0,15750.0,15750.0,15750.0,10,VND
2020-02-24,15750.0,15750.0,14650.0,15350.0,5820,VND
2020-02-26,14300.0,15700.0,14300.0,15650.0,1030,VND
2020-02-27,15500.0,15500.0,15500.0,15500.0,10,VND
2020-02-28,15400.0,16550.0,15400.0,16400.0,330,VND
2020-03-02,15300.0,16900.0,15300.0,15300.0,1930,VND
2020-03-03,15000.0,15000.0,15000.0,15000.0,10720,VND
2020-03-04,14000.0,14900.0,14000.0,14900.0,160,VND
2020-03-06,14000.0,14900.0,14000.0,14900.0,3500,VND
2020-03-10,13900.0,15900.0,13900.0,15900.0,2040,VND
2020-03-11,16000.0,16000.0,16000.0,16000.0,10,VND
2020-03-12,15800.0,15800.0,15500.0,15800.0,60670,VND
2020-03-13,14700.0,14700.0,14700.0,14700.0,6700,VND
2020-03-16,13700.0,13900.0,13700.0,13900.0,30,VND
2020-03-17,13300.0,13300.0,13300.0,13300.0,70,VND
2020-03-18,13300.0,13350.0,13300.0,13350.0,4510,VND
2020-03-19,13350.0,14200.0,13350.0,13700.0,8450,VND
2020-03-20,14100.0,14650.0,14100.0,14650.0,3060,VND
2020-03-23,13650.0,15650.0,13650.0,15600.0,13470,VND
2020-03-24,16000.0,16000.0,15000.0,15800.0,6580,VND
2020-03-25,15900.0,16000.0,15800.0,15800.0,5330,VND
2020-03-26,14700.0,14700.0,14700.0,14700.0,3960,VND
2020-03-27,14000.0,15700.0,14000.0,15700.0,10030,VND
2020-03-30,15700.0,15700.0,14700.0,14700.0,4010,VND
2020-03-31,14550.0,14550.0,14000.0,14000.0,30,VND
2020-04-01,14000.0,14950.0,13500.0,13500.0,2640,VND
2020-04-03,14400.0,14400.0,14400.0,14400.0,10,VND
2020-04-06,15400.0,15400.0,15400.0,15400.0,10,VND
2020-04-08,14400.0,14400.0,14400.0,14400.0,2290,VND
2020-04-13,14400.0,14400.0,14000.0,14000.0,14120,VND
2020-04-14,14900.0,14900.0,14900.0,14900.0,10,VND
2020-04-20,15400.0,15400.0,15400.0,15400.0,10,VND
2020-04-24,16000.0,16000.0,15300.0,15900.0,3520,VND
2020-04-27,14900.0,14900.0,14900.0,14900.0,10000,VND
2020-04-28,14900.0,15500.0,14900.0,15500.0,600,VND
2020-04-29,15900.0,15900.0,14500.0,14500.0,2170,VND
2020-05-04,14500.0,14500.0,14500.0,14500.0,10,VND
2020-05-05,14500.0,15500.0,14500.0,15500.0,200,VND
2020-05-07,15900.0,15900.0,15300.0,15300.0,160,VND
2020-05-08,15750.0,15750.0,15300.0,15300.0,560,VND
2020-05-11,15700.0,15700.0,15700.0,15700.0,10,VND
2020-05-12,15200.0,15200.0,15200.0,15200.0,40,VND
2020-05-13,15200.0,15700.0,15200.0,15700.0,1030,VND
2020-05-14,15800.0,15800.0,15700.0,15700.0,120,VND
2020-05-18,14700.0,14700.0,14700.0,14700.0,300,VND
2020-05-19,14700.0,14700.0,14700.0,14700.0,630,VND
2020-05-20,14500.0,14500.0,14500.0,14500.0,30,VND
2020-05-21,14600.0,14600.0,14500.0,14500.0,370,VND
2020-05-22,14800.0,14800.0,14600.0,14600.0,1100,VND
2020-05-25,14500.0,15450.0,14500.0,15000.0,4470,VND
2020-05-27,15500.0,16000.0,15000.0,15400.0,1920,VND
2020-05-28,15500.0,15500.0,15500.0,15500.0,1030,VND
2020-05-29,15500.0,15500.0,15500.0,15500.0,760,VND
2020-06-01,15500.0,15500.0,15500.0,15500.0,180,VND
2020-06-03,15900.0,15900.0,15900.0,15900.0,10,VND
2020-06-04,16400.0,16400.0,16400.0,16400.0,10,VND
2020-06-05,15600.0,15600.0,15600.0,15600.0,1000,VND
2020-06-08,15400.0,15800.0,15400.0,15800.0,1110,VND
2020-06-09,16500.0,16500.0,16500.0,16500.0,10,VND
2020-06-10,16900.0,17650.0,16900.0,17650.0,2350,VND
2020-06-11,18500.0,18500.0,16500.0,16500.0,290,VND
2020-06-15,16000.0,16000.0,15500.0,15500.0,1070,VND
2020-06-16,15500.0,15500.0,15000.0,15000.0,9110,VND
2020-06-17,15000.0,15000.0,15000.0,15000.0,1000,VND
2020-06-19,15200.0,15900.0,15150.0,15900.0,1560,VND
2020-06-22,16900.0,16900.0,16900.0,16900.0,20,VND
2020-06-24,16900.0,16900.0,16900.0,16900.0,100,VND
2020-06-26,15750.0,16900.0,15750.0,16900.0,7280,VND
2020-07-03,15750.0,16000.0,15750.0,15750.0,840,VND
2020-07-06,16400.0,16400.0,14650.0,14650.0,30,VND
2020-07-07,15000.0,15600.0,15000.0,15600.0,30,VND
2020-07-08,14550.0,14550.0,14550.0,14550.0,10,VND
2020-07-09,15550.0,15550.0,15550.0,15550.0,20,VND
2020-07-16,15000.0,15500.0,15000.0,15500.0,8960,VND
2020-07-21,15000.0,16200.0,15000.0,16200.0,3210,VND
2020-07-22,16500.0,16500.0,16500.0,16500.0,20,VND
2020-07-23,16700.0,17650.0,16700.0,17650.0,7760,VND
2020-07-24,18850.0,18850.0,18850.0,18850.0,10,VND
2020-07-27,20100.0,20100.0,20100.0,20100.0,1150,VND
2020-07-28,20000.0,20000.0,18700.0,18700.0,12110,VND
2020-07-29,17400.0,17400.0,17400.0,17400.0,2430,VND
2020-07-31,16800.0,16800.0,16350.0,16700.0,10140,VND
2020-08-03,17500.0,17500.0,17500.0,17500.0,10,VND
2020-08-04,18500.0,18500.0,16700.0,17000.0,53200,VND
2020-08-05,17000.0,18000.0,17000.0,18000.0,2910,VND
2020-08-06,19000.0,19000.0,19000.0,19000.0,10,VND
2020-08-10,18100.0,18100.0,17700.0,17700.0,250,VND
2020-08-11,17700.0,17700.0,17700.0,17700.0,10,VND
2020-08-12,17100.0,18000.0,17000.0,18000.0,2510,VND
2020-08-13,17000.0,17950.0,17000.0,17950.0,110,VND
2020-08-14,17950.0,17950.0,17900.0,17900.0,290,VND
2020-08-18,17850.0,17900.0,16800.0,16800.0,210,VND
2020-08-19,17950.0,17950.0,17000.0,17800.0,2120,VND
2020-08-20,17100.0,17700.0,17000.0,17700.0,1420,VND
2020-08-21,17600.0,18400.0,17600.0,18000.0,3550,VND
2020-08-24,17800.0,19000.0,17800.0,18900.0,7680,VND
2020-08-25,18500.0,18900.0,18300.0,18500.0,13380,VND
2020-08-26,19300.0,19750.0,18700.0,19750.0,20410,VND
2020-08-27,21100.0,21100.0,21100.0,21100.0,7540,VND
2020-08-28,22550.0,22550.0,22550.0,22550.0,13660,VND
2020-08-31,24100.0,24100.0,22600.0,24100.0,107300,VND
2020-09-01,24500.0,24500.0,24100.0,24100.0,17940,VND
2020-09-03,24200.0,24200.0,24000.0,24000.0,33400,VND
2020-09-04,23600.0,24000.0,23600.0,24000.0,34930,VND
2020-09-07,24000.0,24050.0,23850.0,23900.0,40920,VND
2020-09-08,24000.0,24000.0,23850.0,23850.0,5720,VND
2020-09-09,24000.0,24100.0,24000.0,24000.0,10760,VND
2020-09-10,23800.0,24000.0,23800.0,23900.0,31040,VND
2020-09-11,23900.0,25550.0,23900.0,25550.0,63770,VND
2020-09-14,26500.0,26500.0,25500.0,25550.0,4820,VND
2020-09-15,25400.0,25400.0,25000.0,25000.0,5150,VND
2020-09-16,25000.0,25000.0,24000.0,24000.0,20990,VND
2020-09-17,24000.0,24000.0,23800.0,23800.0,37020,VND
2020-09-18,23800.0,24000.0,23800.0,24000.0,4590,VND
2020-09-21,23950.0,23950.0,23800.0,23950.0,5390,VND
2020-09-22,23950.0,24000.0,23800.0,23800.0,4050,VND
2020-09-23,23850.0,24100.0,23850.0,23900.0,1370,VND
2020-09-24,23950.0,23950.0,23800.0,23800.0,3010,VND
2020-09-25,23800.0,23800.0,23500.0,23500.0,3790,VND
2020-09-28,23300.0,24700.0,23300.0,24500.0,34680,VND
2020-09-29,24700.0,24700.0,24400.0,24700.0,7770,VND
2020-09-30,24600.0,24600.0,24400.0,24400.0,6560,VND
2020-10-01,25000.0,25000.0,24300.0,24500.0,2580,VND
2020-10-02,24500.0,24600.0,23500.0,24600.0,15070,VND
2020-10-05,25000.0,26000.0,25000.0,26000.0,28020,VND
2020-10-06,26800.0,27800.0,26300.0,27800.0,39470,VND
2020-10-07,27900.0,29500.0,27900.0,28700.0,42780,VND
2020-10-08,29000.0,29500.0,29000.0,29200.0,89800,VND
2020-10-09,29000.0,29100.0,27700.0,27700.0,34720,VND
2020-10-12,29500.0,29500.0,28250.0,28650.0,61380,VND
2020-10-13,28650.0,29000.0,28100.0,28500.0,48140,VND
2020-10-14,21000.0,21100.0,19400.0,19400.0,57390,VND
2020-10-15,18300.0,18600.0,18050.0,18200.0,14880,VND
2020-10-16,17000.0,18200.0,17000.0,17900.0,12290,VND
2020-10-19,17900.0,17900.0,17000.0,17000.0,6480,VND
2020-10-20,16300.0,17200.0,16300.0,17200.0,16550,VND
2020-10-21,17850.0,18400.0,17500.0,18400.0,13070,VND
2020-10-22,19600.0,19650.0,19000.0,19500.0,38930,VND
2020-10-23,19500.0,20200.0,19500.0,19900.0,18760,VND
2020-10-26,19900.0,19900.0,18550.0,18550.0,9910,VND
2020-10-27,17500.0,18500.0,17500.0,17600.0,8540,VND
2020-10-28,17600.0,17900.0,17300.0,17500.0,4340,VND
2020-10-29,17500.0,17500.0,17400.0,17500.0,14740,VND
2020-10-30,17600.0,18600.0,17600.0,18200.0,6900,VND
2020-11-02,18200.0,18200.0,17050.0,18000.0,8450,VND
2020-11-03,17200.0,17950.0,17200.0,17950.0,6430,VND
2020-11-04,18000.0,18450.0,18000.0,18450.0,3420,VND
2020-11-05,18000.0,18400.0,18000.0,18400.0,2560,VND
2020-11-06,18400.0,18400.0,17350.0,18000.0,17530,VND
2020-11-09,18000.0,18200.0,17500.0,18000.0,8260,VND
2020-11-10,18000.0,18000.0,17600.0,17600.0,10930,VND
2020-11-11,17600.0,18000.0,17600.0,18000.0,1160,VND
2020-11-12,17800.0,18000.0,17800.0,17850.0,10290,VND
2020-11-13,18000.0,18000.0,17800.0,17850.0,7200,VND
2020-11-16,17800.0,17900.0,17500.0,17500.0,11860,VND
2020-11-17,17500.0,18000.0,17500.0,17800.0,14430,VND
2020-11-18,18000.0,18000.0,17500.0,18000.0,39600,VND
2020-11-19,18000.0,18100.0,17700.0,17700.0,26360,VND
2020-11-20,17600.0,18000.0,17500.0,18000.0,3920,VND
2020-11-23,18000.0,18000.0,17500.0,17800.0,16510,VND
2020-11-24,17800.0,17900.0,17500.0,17800.0,7700,VND
2020-11-25,17850.0,17850.0,17500.0,17500.0,2700,VND
2020-11-26,17900.0,17900.0,17500.0,17500.0,5180,VND
2020-11-27,18000.0,18200.0,17800.0,17800.0,44690,VND
2020-11-30,18000.0,18100.0,17700.0,18000.0,44460,VND
2020-12-01,18300.0,18300.0,17900.0,18300.0,13050,VND
2020-12-02,18200.0,18300.0,18000.0,18300.0,23490,VND
2020-12-03,18000.0,19550.0,18000.0,19550.0,70490,VND
2020-12-04,20450.0,20500.0,19550.0,20200.0,26720,VND
2020-12-07,20200.0,21100.0,20200.0,20600.0,55390,VND
2020-12-08,20600.0,20750.0,19700.0,19800.0,45650,VND
2020-12-09,20200.0,20500.0,20000.0,20100.0,22090,VND
2020-12-10,20100.0,20100.0,19750.0,20000.0,27580,VND
2020-12-11,19800.0,20500.0,19750.0,20500.0,16980,VND
2020-12-14,20500.0,20500.0,19950.0,20300.0,41640,VND
2020-12-15,20000.0,20200.0,20000.0,20000.0,22800,VND
2020-12-16,20000.0,20000.0,19800.0,19800.0,37220,VND
2020-12-17,19900.0,21000.0,19900.0,20300.0,67160,VND
2020-12-18,20000.0,20300.0,20000.0,20100.0,16910,VND
2020-12-21,20200.0,20500.0,20100.0,20500.0,19110,VND
2020-12-22,20300.0,20600.0,19700.0,20500.0,16510,VND
2020-12-23,20500.0,20600.0,20000.0,20200.0,30570,VND
2020-12-24,20200.0,20200.0,19300.0,19700.0,30590,VND
2020-12-25,19700.0,20500.0,19700.0,20000.0,21500,VND
2020-12-28,19900.0,20000.0,19800.0,19900.0,10380,VND
2020-12-29,19700.0,20100.0,19700.0,19900.0,15380,VND
2020-12-30,19900.0,20400.0,19900.0,20200.0,5080,VND
2020-12-31,19900.0,20500.0,19800.0,20200.0,8480,VND
2021-01-04,20300.0,21600.0,20150.0,20800.0,50300,VND
2021-01-05,20800.0,20800.0,20500.0,20500.0,19300,VND
2021-01-06,20500.0,20500.0,20300.0,20400.0,16300,VND
2021-01-07,20400.0,20400.0,20000.0,20350.0,17500,VND
2021-01-08,20100.0,20800.0,20100.0,20350.0,34800,VND
2021-01-11,20350.0,20350.0,20000.0,20300.0,53700,VND
2021-01-12,20350.0,20700.0,20000.0,20500.0,41500,VND
2021-01-13,20500.0,20600.0,20200.0,20200.0,45400,VND
2021-01-14,20400.0,21600.0,20400.0,21600.0,125500,VND
2021-01-15,23000.0,23100.0,22800.0,23000.0,180800,VND
2021-01-18,23500.0,23800.0,23500.0,23600.0,100600,VND
2021-01-19,23000.0,23000.0,21950.0,21950.0,69900,VND
2021-01-20,21850.0,21900.0,20450.0,20800.0,36000,VND
2021-01-21,20800.0,22000.0,20800.0,22000.0,39600,VND
2021-01-22,22000.0,22900.0,21100.0,21700.0,22400,VND
2021-01-25,21700.0,21700.0,20500.0,21450.0,105300,VND
2021-01-26,21450.0,21450.0,20500.0,20650.0,22700,VND
2021-01-27,20500.0,21500.0,20500.0,20500.0,39200,VND
2021-01-28,20100.0,20500.0,19100.0,19100.0,32200,VND
2021-01-29,17800.0,20100.0,17800.0,19900.0,46500,VND
2021-02-01,19900.0,20000.0,18600.0,18600.0,43300,VND
2021-02-02,18600.0,19000.0,18400.0,19000.0,10700,VND
2021-02-03,19000.0,19500.0,19000.0,19500.0,18500,VND
2021-02-04,19500.0,19500.0,19100.0,19200.0,16600,VND
2021-02-05,19200.0,19500.0,19100.0,19400.0,20200,VND
2021-02-08,20000.0,20400.0,19300.0,19400.0,84600,VND
2021-02-09,19400.0,20750.0,19400.0,20700.0,40900,VND
2021-02-17,21800.0,21800.0,21150.0,21700.0,59000,VND
2021-02-18,22600.0,22600.0,22000.0,22200.0,67400,VND
2021-02-19,22200.0,23750.0,22200.0,23700.0,162200,VND
2021-02-22,25350.0,25350.0,24100.0,24800.0,158400,VND
2021-02-23,24800.0,26300.0,24800.0,25700.0,74900,VND
2021-02-24,26000.0,26000.0,24500.0,24950.0,59000,VND
2021-02-25,25550.0,25550.0,23250.0,24600.0,63300,VND
2021-02-26,25000.0,25000.0,23800.0,25000.0,46000,VND
2021-03-01,25500.0,26000.0,25000.0,25200.0,87500,VND
2021-03-02,26400.0,26400.0,25100.0,26100.0,68000,VND
2021-03-03,26400.0,26400.0,25500.0,25500.0,36300,VND
2021-03-04,25400.0,26000.0,25000.0,25100.0,25200,VND
2021-03-05,25000.0,25500.0,24500.0,25300.0,32600,VND
2021-03-08,24500.0,26100.0,24500.0,26000.0,69900,VND
2021-03-09,26000.0,27800.0,25600.0,27800.0,168000,VND
2021-03-10,29700.0,29700.0,29700.0,29700.0,57400,VND
2021-03-11,31750.0,31750.0,31750.0,31750.0,29300,VND
2021-03-12,33950.0,33950.0,29550.0,33800.0,246200,VND
2021-03-15,36000.0,36150.0,36000.0,36150.0,115100,VND
2021-03-16,38650.0,38650.0,38000.0,38650.0,75700,VND
2021-03-17,41350.0,41350.0,41100.0,41350.0,64800,VND
2021-03-18,44150.0,44200.0,44000.0,44200.0,203200,VND
2021-03-19,44000.0,44000.0,41150.0,41150.0,307900,VND
2021-03-22,38300.0,38300.0,38300.0,38300.0,23400,VND
2021-03-23,35650.0,35650.0,35650.0,35650.0,13800,VND
2021-03-24,33200.0,33200.0,33200.0,33200.0,28500,VND
2021-03-25,30900.0,35500.0,30900.0,35500.0,413100,VND
2021-03-26,35500.0,37950.0,35500.0,37950.0,137000,VND
2021-03-29,39950.0,40500.0,37100.0,38500.0,105800,VND
2021-03-30,36950.0,37100.0,36100.0,36500.0,100100,VND
2021-03-31,36500.0,38000.0,34500.0,37300.0,41700,VND
2021-04-01,35600.0,37000.0,35600.0,35750.0,57600,VND
2021-04-02,36500.0,36900.0,35500.0,35700.0,71000,VND
2021-04-05,35700.0,36050.0,35000.0,35250.0,52000,VND
2021-04-06,35250.0,35250.0,33500.0,34000.0,86900,VND
2021-04-07,34000.0,34000.0,32400.0,33000.0,106600,VND
2021-04-08,32600.0,33000.0,32400.0,32700.0,75600,VND
2021-04-09,33000.0,33900.0,33000.0,33400.0,130300,VND
2021-04-12,34000.0,34000.0,33300.0,33400.0,144600,VND
2021-04-13,33500.0,33500.0,31200.0,32400.0,122500,VND
2021-04-14,32400.0,32400.0,30300.0,31500.0,106100,VND
2021-04-15,31500.0,32000.0,29800.0,30100.0,141500,VND
2021-04-16,29100.0,30300.0,28000.0,28600.0,127400,VND
2021-04-19,28600.0,30600.0,27000.0,30600.0,103100,VND
2021-04-20,32000.0,32600.0,30600.0,31500.0,123300,VND
2021-04-22,31500.0,31500.0,29400.0,29500.0,37000,VND
2021-04-23,29000.0,29500.0,27600.0,29000.0,41900,VND
2021-04-26,30000.0,30000.0,27000.0,27000.0,68000,VND
2021-04-27,27000.0,28500.0,27000.0,28100.0,37900,VND
2021-04-28,29000.0,29200.0,28300.0,28500.0,25100,VND
2021-04-29,29300.0,29300.0,28550.0,29000.0,24600,VND
2021-05-04,27200.0,28750.0,27200.0,28400.0,32300,VND
2021-05-05,28100.0,29000.0,27550.0,27600.0,78300,VND
2021-05-06,28700.0,28700.0,27500.0,27500.0,34400,VND
2021-05-07,27500.0,27850.0,27050.0,27050.0,35400,VND
2021-05-10,25650.0,26800.0,25650.0,25850.0,54900,VND
2021-05-11,25850.0,26900.0,25850.0,26200.0,26700,VND
2021-05-12,26100.0,27500.0,26000.0,27400.0,45800,VND
2021-05-13,27350.0,29300.0,27100.0,29300.0,45900,VND
2021-05-14,30900.0,30900.0,29400.0,29700.0,44500,VND
2021-05-17,29300.0,29300.0,27700.0,28600.0,23400,VND
2021-05-18,28600.0,28600.0,27000.0,27900.0,24700,VND
2021-05-19,27500.0,27500.0,26050.0,26750.0,83700,VND
2021-05-20,26750.0,26900.0,26000.0,26650.0,34900,VND
2021-05-21,27000.0,27600.0,26050.0,27600.0,51000,VND
2021-05-24,27400.0,28000.0,27400.0,27950.0,24400,VND
2021-05-25,27950.0,28500.0,27750.0,27900.0,31100,VND
2021-05-26,26650.0,28000.0,26600.0,27900.0,27000,VND
2021-05-27,27900.0,27900.0,27000.0,27000.0,30400,VND
2021-05-28,27000.0,27000.0,26250.0,26700.0,52500,VND
2021-05-31,26700.0,26700.0,26000.0,26200.0,57000,VND
2021-06-01,24600.0,26000.0,24600.0,25800.0,33000,VND
2021-06-02,25800.0,27600.0,25800.0,27600.0,42900,VND
2021-06-03,29400.0,29400.0,28000.0,28500.0,36700,VND
2021-06-04,28500.0,28500.0,26900.0,27000.0,39800,VND
2021-06-07,27200.0,27200.0,26800.0,27100.0,43800,VND
2021-06-08,28500.0,28500.0,26300.0,26600.0,32700,VND
2021-06-09,26600.0,26900.0,26300.0,26300.0,21000,VND
2021-06-10,27800.0,27800.0,26300.0,27000.0,32300,VND
2021-06-11,26000.0,27150.0,26000.0,26700.0,21300,VND
2021-06-14,27000.0,27500.0,26500.0,26500.0,35600,VND
2021-06-15,26500.0,26750.0,26250.0,26300.0,22100,VND
2021-06-16,26100.0,26700.0,25500.0,26000.0,136000,VND
2021-06-17,26000.0,26500.0,25800.0,26000.0,41300,VND
2021-06-18,26100.0,26500.0,25900.0,26100.0,73300,VND
2021-06-21,26100.0,27000.0,25700.0,26900.0,391800,VND
2021-06-22,27600.0,27600.0,25950.0,26200.0,269200,VND
2021-06-23,26200.0,26200.0,25800.0,26200.0,64700,VND
2021-06-24,25800.0,26000.0,25600.0,25700.0,85300,VND
2021-06-25,25550.0,25600.0,24700.0,24900.0,141300,VND
2021-06-28,24900.0,25300.0,24800.0,24900.0,52500,VND
2021-06-29,24900.0,25500.0,23500.0,24200.0,88000,VND
2021-06-30,23900.0,24000.0,23600.0,23600.0,110000,VND
2021-07-01,23600.0,24400.0,23500.0,23800.0,44800,VND
2021-07-02,23800.0,24000.0,23600.0,23900.0,43200,VND
2021-07-05,23900.0,24150.0,23000.0,23100.0,45100,VND
2021-07-06,23100.0,23100.0,21800.0,21900.0,52900,VND
2021-07-07,21500.0,21500.0,20500.0,21000.0,82600,VND
2021-07-08,21000.0,21900.0,20800.0,21300.0,43400,VND
2021-07-09,21050.0,21050.0,20500.0,20600.0,32600,VND
2021-07-12,21000.0,21000.0,19200.0,19200.0,89800,VND
2021-07-13,19150.0,19800.0,19050.0,19700.0,13300,VND
2021-07-14,20000.0,20800.0,20000.0,20800.0,44100,VND
2021-07-15,21600.0,21600.0,20800.0,21300.0,19100,VND
2021-07-16,21500.0,21700.0,21000.0,21000.0,19300,VND
2021-07-19,21000.0,21000.0,20300.0,20900.0,22500,VND
2021-07-20,20150.0,20900.0,20150.0,20700.0,15300,VND
2021-07-21,21150.0,21150.0,20600.0,20600.0,8400,VND
2021-07-22,20500.0,21000.0,20400.0,20800.0,24900,VND
2021-07-23,20800.0,21000.0,20700.0,21000.0,15300,VND
2021-07-26,21000.0,21500.0,20800.0,21500.0,19600,VND
2021-07-27,21900.0,21900.0,21250.0,21450.0,13100,VND
2021-07-28,21750.0,21750.0,20700.0,21000.0,39900,VND
2021-07-29,20900.0,21000.0,20500.0,20650.0,17600,VND
2021-07-30,20650.0,21150.0,20650.0,21000.0,42400,VND
2021-08-02,21000.0,21000.0,20600.0,20650.0,21700,VND
2021-08-03,20900.0,21000.0,20400.0,21000.0,45900,VND
2021-08-04,21450.0,21450.0,20400.0,20400.0,28000,VND
2021-08-05,20400.0,20650.0,20000.0,20600.0,38500,VND
2021-08-06,20600.0,22000.0,20100.0,22000.0,125600,VND
2021-08-09,23100.0,23500.0,23050.0,23500.0,20000,VND
2021-08-10,25100.0,25100.0,23900.0,24500.0,101200,VND
2021-08-11,24200.0,24200.0,22850.0,23000.0,77200,VND
2021-08-12,21600.0,23800.0,21500.0,23500.0,63800,VND
2021-08-13,22800.0,23350.0,22500.0,23350.0,29500,VND
2021-08-16,23000.0,24000.0,21850.0,23600.0,86200,VND
2021-08-17,23800.0,23800.0,23000.0,23500.0,47200,VND
2021-08-18,23450.0,23450.0,22900.0,22900.0,32300,VND
2021-08-19,22900.0,23000.0,22200.0,22850.0,42900,VND
2021-08-20,22600.0,22950.0,22000.0,22500.0,77300,VND
2021-08-23,22100.0,22600.0,21200.0,22200.0,36400,VND
2021-08-24,22200.0,22200.0,21450.0,21600.0,33600,VND
2021-08-25,21900.0,22500.0,21600.0,22100.0,17400,VND
2021-08-26,22100.0,23000.0,22100.0,22800.0,32100,VND
2021-08-27,23000.0,23000.0,22500.0,22800.0,10400,VND
2021-08-30,23000.0,23500.0,22550.0,23100.0,67800,VND
2021-08-31,23200.0,23200.0,22750.0,22800.0,33200,VND
2021-09-01,22800.0,23500.0,22800.0,23450.0,53500,VND
2021-09-06,23450.0,25050.0,23450.0,25050.0,199900,VND
2021-09-07,26750.0,26750.0,24900.0,24900.0,95900,VND
2021-09-08,24900.0,25500.0,24000.0,25500.0,82100,VND
2021-09-09,25500.0,26850.0,25500.0,26800.0,132400,VND
2021-09-10,27000.0,27350.0,26100.0,26450.0,63300,VND
2021-09-13,26450.0,26450.0,25400.0,25550.0,36800,VND
2021-09-14,25350.0,25900.0,24550.0,24600.0,56000,VND
2021-09-15,24600.0,26000.0,24000.0,25700.0,44700,VND
2021-09-16,25700.0,25800.0,25150.0,25700.0,26700,VND
2021-09-17,26000.0,26000.0,24900.0,25000.0,169300,VND
2021-09-20,24750.0,24750.0,23300.0,23500.0,206900,VND
2021-09-21,22300.0,23900.0,22300.0,23450.0,53700,VND
2021-09-22,23700.0,24300.0,23400.0,23550.0,64800,VND
2021-09-23,23600.0,23800.0,23300.0,23400.0,90600,VND
2021-09-24,23400.0,23400.0,22400.0,22450.0,108400,VND
2021-09-27,22450.0,23000.0,22000.0,22300.0,117400,VND
2021-09-28,21400.0,22300.0,21400.0,21700.0,34600,VND
2021-09-29,21650.0,22400.0,21600.0,22150.0,32000,VND
2021-09-30,22500.0,22500.0,22150.0,22150.0,9400,VND
2021-10-01,22150.0,22500.0,21700.0,22100.0,19300,VND
