2017-07-06,12375.0,12375.0,12333.0,12375.0,320436,VND
2017-07-07,13208.0,13208.0,13167.0,13167.0,312972,VND
2017-07-10,13167.0,13167.0,12250.0,12250.0,206820,VND
2017-07-11,11417.0,11500.0,11417.0,11417.0,162408,VND
2017-07-12,10625.0,11500.0,10625.0,11500.0,212496,VND
2017-07-13,10917.0,11625.0,10917.0,11625.0,178800,VND
2017-07-14,11625.0,11625.0,11208.0,11417.0,195840,VND
2017-07-17,11250.0,11292.0,11000.0,11292.0,129516,VND
2017-07-18,10833.0,11292.0,10667.0,11292.0,102228,VND
2017-07-19,11292.0,11458.0,11083.0,11458.0,155352,VND
2017-07-20,11417.0,11500.0,11250.0,11292.0,115884,VND
2017-07-21,11292.0,11375.0,11083.0,11375.0,94584,VND
2017-07-24,10875.0,11125.0,10875.0,11083.0,93768,VND
2017-07-25,11083.0,11458.0,11000.0,11417.0,162984,VND
2017-07-26,11333.0,11542.0,11083.0,11542.0,121800,VND
2017-07-27,11542.0,11542.0,11417.0,11417.0,157380,VND
2017-07-28,11417.0,11625.0,11417.0,11625.0,129780,VND
2017-07-31,11625.0,12250.0,11542.0,11792.0,184056,VND
2017-08-01,11625.0,11708.0,11625.0,11667.0,127116,VND
2017-08-02,11625.0,11625.0,11458.0,11458.0,131580,VND
2017-08-03,11250.0,11500.0,11250.0,11458.0,133056,VND
2017-08-04,11333.0,11458.0,11292.0,11458.0,122820,VND
2017-08-07,11417.0,11583.0,11375.0,11583.0,129300,VND
2017-08-08,11500.0,11583.0,11458.0,11583.0,104388,VND
2017-08-09,11417.0,11500.0,11250.0,11500.0,127128,VND
2017-08-10,11417.0,11625.0,11417.0,11542.0,124128,VND
2017-08-11,11542.0,11667.0,11458.0,11583.0,141996,VND
2017-08-14,11417.0,11625.0,11375.0,11542.0,136320,VND
2017-08-15,11542.0,11542.0,11375.0,11458.0,127428,VND
2017-08-16,11417.0,11542.0,11333.0,11500.0,133020,VND
2017-08-17,11417.0,11500.0,11417.0,11458.0,119904,VND
2017-08-18,11375.0,11542.0,11333.0,11542.0,134736,VND
2017-08-21,11458.0,11583.0,11458.0,11542.0,141756,VND
2017-08-22,11458.0,11583.0,11417.0,11417.0,124272,VND
2017-08-23,11375.0,11583.0,11292.0,11583.0,127128,VND
2017-08-24,11500.0,11583.0,11458.0,11583.0,123984,VND
2017-08-25,11583.0,11667.0,11500.0,11583.0,121860,VND
2017-08-28,11542.0,11667.0,11500.0,11583.0,137832,VND
2017-08-29,11458.0,11583.0,11458.0,11500.0,137664,VND
2017-08-30,11500.0,11583.0,11417.0,11542.0,121332,VND
2017-08-31,11542.0,11625.0,11500.0,11542.0,135024,VND
2017-09-01,11583.0,11667.0,11458.0,11667.0,120072,VND
2017-09-05,11500.0,11542.0,11458.0,11500.0,139968,VND
2017-09-06,11500.0,11583.0,11417.0,11542.0,127224,VND
2017-09-07,11542.0,11625.0,11500.0,11542.0,109440,VND
2017-09-08,11458.0,11583.0,10750.0,11250.0,175848,VND
2017-09-11,11250.0,11417.0,11250.0,11375.0,125196,VND
2017-09-12,11333.0,11542.0,11333.0,11417.0,105828,VND
2017-09-13,11333.0,11458.0,11250.0,11458.0,106944,VND
2017-09-14,11375.0,11500.0,11292.0,11458.0,108108,VND
2017-09-15,11333.0,11500.0,11250.0,11417.0,122652,VND
2017-09-18,11292.0,11500.0,11292.0,11417.0,123804,VND
2017-09-19,11375.0,11500.0,11333.0,11458.0,129480,VND
2017-09-20,11417.0,11500.0,11333.0,11458.0,128040,VND
2017-09-21,11458.0,11583.0,11375.0,11500.0,132540,VND
2017-09-22,11375.0,11583.0,11375.0,11500.0,115716,VND
2017-09-25,11333.0,11500.0,11292.0,11417.0,122700,VND
2017-09-26,11375.0,11458.0,11292.0,11458.0,132468,VND
2017-09-27,11292.0,11458.0,11250.0,11417.0,112272,VND
2017-09-28,11375.0,11500.0,11333.0,11333.0,118932,VND
2017-09-29,11333.0,11500.0,11333.0,11500.0,112800,VND
2017-10-02,11333.0,11417.0,11292.0,11333.0,128664,VND
2017-10-03,11375.0,11417.0,11292.0,11333.0,120012,VND
2017-10-04,11250.0,11375.0,11250.0,11333.0,116076,VND
2017-10-05,11333.0,11417.0,11292.0,11417.0,123276,VND
2017-10-06,11417.0,11417.0,11250.0,11333.0,114816,VND
2017-10-09,11333.0,11417.0,11333.0,11375.0,151944,VND
2017-10-10,11375.0,11458.0,11333.0,11417.0,148536,VND
2017-10-11,11417.0,11500.0,11375.0,11458.0,143352,VND
2017-10-12,11417.0,11500.0,11417.0,11500.0,161448,VND
2017-10-13,11500.0,11583.0,11417.0,11583.0,143244,VND
2017-10-16,11583.0,11667.0,11500.0,11542.0,159036,VND
2017-10-17,11500.0,11625.0,11458.0,11542.0,175692,VND
2017-10-18,11458.0,11542.0,11333.0,11500.0,153372,VND
2017-10-19,11500.0,11625.0,11417.0,11583.0,138816,VND
2017-10-20,11583.0,11667.0,11500.0,11583.0,118344,VND
2017-10-23,11583.0,11667.0,11500.0,11625.0,109272,VND
2017-10-24,11583.0,11750.0,11542.0,11750.0,142380,VND
2017-10-25,11833.0,12292.0,11833.0,12083.0,207996,VND
2017-10-26,12083.0,12292.0,12000.0,12125.0,156312,VND
2017-10-27,12000.0,12250.0,11833.0,12167.0,206076,VND
2017-10-30,12083.0,12208.0,11958.0,12167.0,146268,VND
2017-10-31,12000.0,12167.0,11875.0,12000.0,146772,VND
2017-11-01,11917.0,12167.0,11917.0,12083.0,163968,VND
2017-11-02,12083.0,12250.0,12000.0,12000.0,205080,VND
2017-11-03,11917.0,12167.0,11833.0,12167.0,167316,VND
2017-11-06,12333.0,12625.0,12250.0,12500.0,164256,VND
2017-11-07,12500.0,12542.0,12333.0,12333.0,153600,VND
2017-11-08,12250.0,12417.0,12167.0,12333.0,153504,VND
2017-11-09,12333.0,12583.0,12333.0,12417.0,163824,VND
2017-11-10,12417.0,12500.0,12375.0,12458.0,145380,VND
2017-11-13,12375.0,12458.0,12250.0,12292.0,126756,VND
2017-11-14,12250.0,12333.0,12167.0,12292.0,145776,VND
2017-11-15,12250.0,12333.0,12167.0,12292.0,156720,VND
2017-11-16,12292.0,12417.0,12292.0,12333.0,132852,VND
2017-11-17,12333.0,12458.0,12333.0,12333.0,154752,VND
2017-11-20,12292.0,12458.0,12250.0,12417.0,163392,VND
2017-11-21,12333.0,12458.0,12292.0,12417.0,172176,VND
2017-11-22,12417.0,12750.0,12417.0,12750.0,252636,VND
2017-11-23,12833.0,13042.0,12833.0,13042.0,228348,VND
2017-11-24,13292.0,13333.0,13083.0,13167.0,268308,VND
2017-11-27,13125.0,13375.0,13042.0,13208.0,249108,VND
2017-11-28,13167.0,13250.0,13083.0,13125.0,220152,VND
2017-11-29,13125.0,13167.0,13000.0,13042.0,246792,VND
2017-11-30,13000.0,13417.0,12958.0,13417.0,286188,VND
2017-12-01,13500.0,13750.0,13458.0,13667.0,271080,VND
2017-12-04,13750.0,13958.0,13708.0,13875.0,255060,VND
2017-12-05,14000.0,14167.0,13833.0,14000.0,248952,VND
2017-12-06,14000.0,14000.0,13750.0,13750.0,257772,VND
2017-12-07,13625.0,13750.0,13500.0,13583.0,248892,VND
2017-12-08,13458.0,13625.0,13417.0,13500.0,254532,VND
2017-12-11,13417.0,13500.0,13292.0,13417.0,201732,VND
2017-12-12,13333.0,13500.0,13167.0,13500.0,257532,VND
2017-12-13,13583.0,13583.0,13333.0,13500.0,211176,VND
2017-12-14,13417.0,13500.0,13208.0,13500.0,173160,VND
2017-12-15,13500.0,13625.0,13375.0,13625.0,199212,VND
2017-12-18,13583.0,13792.0,13583.0,13750.0,204192,VND
2017-12-19,13750.0,13875.0,13667.0,13708.0,191796,VND
2017-12-20,13667.0,13875.0,13625.0,13833.0,211008,VND
2017-12-21,13833.0,13958.0,13750.0,13875.0,197760,VND
2017-12-22,13833.0,14042.0,13833.0,14000.0,208572,VND
2017-12-25,13833.0,14000.0,13708.0,13917.0,176748,VND
2017-12-26,13917.0,14000.0,13833.0,13833.0,154032,VND
2017-12-27,13833.0,13875.0,13625.0,13667.0,144420,VND
2017-12-28,13625.0,13667.0,13500.0,13625.0,128448,VND
2017-12-29,13667.0,13667.0,13583.0,13625.0,135012,VND
2018-01-02,13625.0,13750.0,13625.0,13750.0,180672,VND
2018-01-03,13792.0,13917.0,13750.0,13833.0,172752,VND
2018-01-04,13792.0,13833.0,13708.0,13750.0,158700,VND
2018-01-05,13708.0,13875.0,13708.0,13833.0,138948,VND
2018-01-08,13750.0,13875.0,13667.0,13875.0,268644,VND
2018-01-09,13875.0,14083.0,13833.0,14000.0,246888,VND
2018-01-10,14042.0,14208.0,14042.0,14125.0,270828,VND
2018-01-11,14167.0,14208.0,13958.0,14083.0,248304,VND
2018-01-12,14000.0,14083.0,13875.0,13958.0,228696,VND
2018-01-15,13917.0,14000.0,13750.0,13958.0,204600,VND
2018-01-16,13833.0,14000.0,13750.0,13917.0,204744,VND
2018-01-17,13917.0,13958.0,13833.0,13833.0,194352,VND
2018-01-18,13750.0,13750.0,13583.0,13708.0,171036,VND
2018-01-19,13667.0,13750.0,13625.0,13708.0,187212,VND
2018-01-22,13708.0,14000.0,13708.0,13958.0,214080,VND
2018-01-25,14000.0,14125.0,14000.0,14042.0,200316,VND
2018-01-26,14083.0,14125.0,13917.0,14042.0,193740,VND
2018-01-29,13958.0,14125.0,13917.0,13917.0,209580,VND
2018-01-30,13792.0,13917.0,13750.0,13833.0,212688,VND
2018-01-31,13833.0,13833.0,13458.0,13458.0,190884,VND
2018-02-01,13458.0,13500.0,13250.0,13250.0,200664,VND
2018-02-02,13167.0,13250.0,13042.0,13125.0,203304,VND
2018-02-05,13083.0,13083.0,12875.0,12917.0,170868,VND
2018-02-06,12750.0,12792.0,12583.0,12750.0,158748,VND
2018-02-07,12750.0,12833.0,12708.0,12833.0,169068,VND
2018-02-08,12792.0,12875.0,12750.0,12750.0,159492,VND
2018-02-09,12708.0,12792.0,12583.0,12750.0,176724,VND
2018-02-12,12750.0,12833.0,12708.0,12833.0,161052,VND
2018-02-13,12833.0,12958.0,12792.0,12917.0,175800,VND
2018-02-21,12917.0,13000.0,12875.0,12958.0,157620,VND
2018-02-22,12917.0,13042.0,12917.0,13000.0,160440,VND
2018-02-23,12917.0,13042.0,12917.0,13042.0,159312,VND
2018-02-26,12917.0,13042.0,12917.0,12917.0,151884,VND
2018-02-27,12917.0,13000.0,12875.0,12917.0,150300,VND
2018-02-28,12833.0,12958.0,12833.0,12917.0,145260,VND
2018-03-01,12917.0,12917.0,12792.0,12833.0,147612,VND
2018-03-02,12875.0,12875.0,12750.0,12875.0,153960,VND
2018-03-05,12833.0,12917.0,12833.0,12833.0,145884,VND
2018-03-06,12833.0,12917.0,12792.0,12917.0,150096,VND
2018-03-07,12917.0,13042.0,12875.0,12958.0,184644,VND
2018-03-08,12917.0,13042.0,12917.0,13000.0,152328,VND
2018-03-09,13000.0,13042.0,12917.0,12917.0,150828,VND
2018-03-12,12833.0,12917.0,12792.0,12792.0,151128,VND
2018-03-13,12750.0,12833.0,12667.0,12708.0,138648,VND
2018-03-14,12667.0,12750.0,12667.0,12708.0,122508,VND
2018-03-15,12708.0,12750.0,12625.0,12750.0,123348,VND
2018-03-16,12750.0,12792.0,12708.0,12792.0,124596,VND
2018-03-19,12792.0,12833.0,12708.0,12750.0,131328,VND
2018-03-20,12708.0,12792.0,12667.0,12750.0,122376,VND
2018-03-21,12750.0,12792.0,12708.0,12750.0,120804,VND
2018-03-22,12667.0,12750.0,12583.0,12667.0,140472,VND
2018-03-23,12583.0,12667.0,12542.0,12625.0,117828,VND
2018-03-26,12625.0,12708.0,12583.0,12667.0,132756,VND
2018-03-27,12667.0,12708.0,12625.0,12667.0,129996,VND
2018-03-28,12667.0,12708.0,12625.0,12625.0,122736,VND
2018-03-29,12625.0,12667.0,12583.0,12625.0,119208,VND
2018-03-30,12625.0,12667.0,12542.0,12625.0,118716,VND
2018-04-02,12667.0,12667.0,12583.0,12667.0,115704,VND
2018-04-03,12583.0,12708.0,12542.0,12625.0,121248,VND
2018-04-04,12625.0,12667.0,12500.0,12583.0,116808,VND
2018-04-05,12625.0,12625.0,12500.0,12583.0,115836,VND
2018-04-06,12583.0,12667.0,12542.0,12583.0,115392,VND
2018-04-09,12583.0,12667.0,12542.0,12667.0,119676,VND
2018-04-10,12667.0,12667.0,12583.0,12625.0,116460,VND
2018-04-11,12583.0,12667.0,12500.0,12542.0,113256,VND
2018-04-12,12542.0,12542.0,12458.0,12542.0,113004,VND
2018-04-13,12542.0,12583.0,12375.0,12375.0,111072,VND
2018-04-16,12375.0,12375.0,12250.0,12375.0,111360,VND
2018-04-17,12375.0,12375.0,12250.0,12375.0,116232,VND
2018-04-18,12333.0,12417.0,12292.0,12292.0,110976,VND
2018-04-19,12292.0,12333.0,12250.0,12333.0,115896,VND
2018-04-20,12292.0,12375.0,12250.0,12375.0,112800,VND
2018-04-23,12375.0,12417.0,12292.0,12417.0,122052,VND
2018-04-24,12458.0,12500.0,12375.0,12417.0,111636,VND
2018-04-26,12417.0,12417.0,12333.0,12375.0,110628,VND
2018-04-27,12333.0,12417.0,12292.0,12417.0,113820,VND
2018-05-02,12417.0,12417.0,12333.0,12375.0,109068,VND
2018-05-03,12333.0,12375.0,12292.0,12375.0,109572,VND
2018-05-04,12375.0,12417.0,12292.0,12375.0,111216,VND
2018-05-07,12375.0,12417.0,12375.0,12417.0,113868,VND
2018-05-08,12333.0,12458.0,12333.0,12417.0,109704,VND
2018-05-09,12417.0,12458.0,12375.0,12375.0,110796,VND
2018-05-10,12375.0,12417.0,12292.0,12292.0,182508,VND
2018-05-11,12292.0,12375.0,12250.0,12333.0,180948,VND
2018-05-14,12083.0,12917.0,12083.0,12708.0,468924,VND
2018-05-15,12750.0,13167.0,12708.0,13000.0,551460,VND
2018-05-16,13042.0,13208.0,13000.0,13167.0,593916,VND
2018-05-17,13167.0,13667.0,13042.0,13500.0,608616,VND
2018-05-18,13500.0,14333.0,13500.0,14333.0,510144,VND
2018-05-21,14333.0,14917.0,13917.0,13917.0,697668,VND
2018-05-22,13792.0,14000.0,13083.0,13083.0,208260,VND
2018-05-23,13083.0,13083.0,12708.0,12917.0,392196,VND
2018-05-24,12875.0,12958.0,12625.0,12750.0,378624,VND
2018-05-25,12708.0,13625.0,12375.0,13500.0,575700,VND
2018-05-28,13500.0,14333.0,13458.0,14167.0,489036,VND
2018-05-29,14250.0,15125.0,14208.0,15125.0,846960,VND
2018-05-30,15125.0,15583.0,15000.0,15500.0,1042668,VND
2018-05-31,15583.0,15958.0,15292.0,15417.0,554088,VND
2018-06-01,15417.0,16417.0,14708.0,16417.0,1060680,VND
2018-06-04,16417.0,17542.0,16417.0,17250.0,939708,VND
2018-06-05,17250.0,17667.0,17208.0,17667.0,560664,VND
2018-06-06,17667.0,18250.0,16500.0,16500.0,593064,VND
2018-06-07,16417.0,16417.0,15833.0,16125.0,495312,VND
2018-06-08,15833.0,16333.0,15500.0,15500.0,482712,VND
2018-06-11,15417.0,15833.0,15333.0,15583.0,535464,VND
2018-06-12,15542.0,15542.0,15000.0,15250.0,532020,VND
2018-06-13,15250.0,15583.0,15083.0,15292.0,612000,VND
2018-06-14,15292.0,15417.0,15000.0,15083.0,730272,VND
2018-06-15,15083.0,15500.0,14917.0,14958.0,641532,VND
2018-06-18,15167.0,15333.0,14542.0,14667.0,629292,VND
2018-06-19,14625.0,14750.0,14458.0,14750.0,503676,VND
2018-06-20,14792.0,15750.0,14708.0,15750.0,1166076,VND
2018-06-21,15792.0,16833.0,15792.0,16833.0,1628737,VND
2018-06-22,16875.0,18000.0,16875.0,18000.0,1276873,VND
2018-06-25,17917.0,19167.0,17333.0,19167.0,1143576,VND
2018-06-26,18917.0,20083.0,18167.0,19917.0,1005912,VND
2018-06-27,19417.0,20083.0,18750.0,19833.0,586476,VND
2018-06-28,19750.0,19917.0,19167.0,19917.0,453132,VND
2018-06-29,19792.0,20667.0,19167.0,20667.0,501756,VND
2018-07-02,20708.0,20833.0,19250.0,19250.0,329340,VND
2018-07-03,19083.0,19083.0,17917.0,17917.0,117744,VND
2018-07-04,16750.0,17083.0,16667.0,16667.0,55188,VND
2018-07-05,15833.0,15833.0,15500.0,15583.0,325572,VND
2018-07-06,15583.0,15792.0,14625.0,15667.0,392112,VND
2018-07-09,15500.0,16167.0,15500.0,15833.0,371232,VND
2018-07-10,15833.0,15917.0,15500.0,15750.0,267192,VND
2018-07-11,15667.0,15750.0,15083.0,15500.0,249276,VND
2018-07-12,15250.0,15333.0,14750.0,14917.0,239376,VND
2018-07-13,14917.0,15250.0,14833.0,15250.0,431616,VND
2018-07-16,15250.0,16250.0,15250.0,16000.0,696612,VND
2018-07-17,16083.0,16583.0,15750.0,16583.0,507504,VND
2018-07-18,16667.0,17250.0,16583.0,16750.0,495768,VND
2018-07-19,16500.0,16500.0,15583.0,15583.0,502308,VND
2018-07-20,15800.0,16000.0,15150.0,15400.0,115180,VND
2018-07-23,15400.0,15700.0,15200.0,15400.0,217260,VND
2018-07-24,15400.0,16450.0,15300.0,16450.0,291870,VND
2018-07-25,16800.0,17600.0,16450.0,17600.0,159090,VND
2018-07-26,18800.0,18800.0,18700.0,18800.0,280480,VND
2018-07-27,19300.0,20100.0,18800.0,18800.0,361700,VND
2018-07-30,20100.0,20100.0,20000.0,20100.0,470340,VND
2018-07-31,20600.0,21400.0,19200.0,21400.0,605370,VND
2018-08-01,21200.0,21700.0,19950.0,20200.0,441540,VND
2018-08-02,20100.0,20900.0,19800.0,20900.0,380840,VND
2018-08-03,20900.0,22000.0,20900.0,22000.0,457720,VND
2018-08-06,22500.0,22700.0,22100.0,22300.0,470090,VND
2018-08-07,22100.0,22700.0,21800.0,22700.0,351500,VND
2018-08-08,22800.0,23800.0,22800.0,23400.0,705240,VND
2018-08-09,23500.0,24000.0,23300.0,24000.0,364870,VND
2018-08-10,24100.0,25100.0,23600.0,25100.0,610810,VND
2018-08-13,24800.0,26000.0,24400.0,26000.0,196550,VND
2018-08-14,26300.0,26400.0,25000.0,26400.0,489950,VND
2018-08-15,26600.0,26600.0,25000.0,25000.0,229830,VND
2018-08-16,24800.0,25200.0,23900.0,25200.0,265130,VND
2018-08-17,25200.0,25400.0,24100.0,24800.0,208420,VND
2018-08-20,24500.0,24600.0,23100.0,23600.0,324670,VND
2018-08-21,23600.0,25000.0,23000.0,25000.0,208190,VND
2018-08-22,25000.0,26200.0,24900.0,25900.0,182100,VND
2018-08-23,26100.0,27700.0,26100.0,27700.0,203070,VND
2018-08-24,28000.0,28300.0,27500.0,28000.0,117240,VND
2018-08-27,28100.0,28800.0,27400.0,27500.0,100010,VND
2018-08-28,27600.0,27900.0,25600.0,25600.0,406880,VND
2018-08-29,23850.0,23850.0,23850.0,23850.0,150840,VND
2018-08-30,22200.0,23850.0,22200.0,23850.0,161610,VND
2018-08-31,23600.0,24400.0,23500.0,24000.0,174880,VND
2018-09-04,23700.0,24400.0,23500.0,23600.0,134380,VND
2018-09-05,23100.0,23700.0,22500.0,22500.0,122160,VND
2018-09-06,21200.0,21900.0,20950.0,20950.0,121130,VND
2018-09-07,19500.0,21000.0,19500.0,20900.0,559120,VND
2018-09-10,19700.0,20000.0,19450.0,19450.0,465040,VND
2018-09-11,18100.0,19600.0,18100.0,19600.0,706950,VND
2018-09-12,19600.0,20950.0,19300.0,20950.0,1074080,VND
2018-09-13,21200.0,21500.0,20500.0,21150.0,1064330,VND
2018-09-14,20800.0,22600.0,20800.0,22600.0,1574320,VND
2018-09-17,22800.0,23000.0,21900.0,22800.0,1765590,VND
2018-09-18,23050.0,23050.0,21300.0,23000.0,1782090,VND
2018-09-19,23200.0,23450.0,22000.0,23200.0,1888070,VND
2018-09-20,22900.0,23200.0,22150.0,22700.0,1587990,VND
2018-09-21,22450.0,22500.0,21150.0,21150.0,1923680,VND
2018-09-24,20300.0,21900.0,19800.0,21800.0,2392590,VND
2018-09-25,22100.0,23300.0,21700.0,23300.0,1481820,VND
2018-09-26,23500.0,24900.0,22900.0,24900.0,1843080,VND
2018-09-27,24900.0,24950.0,23500.0,23500.0,1462750,VND
2018-09-28,21900.0,23500.0,21900.0,21900.0,2553590,VND
2018-10-01,21300.0,22000.0,20950.0,21900.0,1550900,VND
2018-10-02,21900.0,22100.0,20950.0,21600.0,1226410,VND
2018-10-03,21650.0,21750.0,20100.0,20500.0,2918600,VND
2018-10-04,20500.0,20600.0,19100.0,19100.0,2601470,VND
2018-10-05,17800.0,18300.0,17800.0,17800.0,2489860,VND
2018-10-08,16600.0,18400.0,16600.0,18400.0,2107860,VND
2018-10-09,18500.0,19000.0,18450.0,18750.0,1235710,VND
2018-10-10,18600.0,18600.0,17450.0,17450.0,1308480,VND
2018-10-11,16250.0,16250.0,16250.0,16250.0,408280,VND
2018-10-12,15150.0,15800.0,15150.0,15150.0,2742540,VND
2018-10-15,14100.0,14100.0,14100.0,14100.0,659600,VND
2018-10-16,13150.0,13500.0,13150.0,13150.0,1875990,VND
2018-10-17,12250.0,13500.0,12250.0,13150.0,675180,VND
2018-10-18,13200.0,13300.0,12250.0,12500.0,536900,VND
2018-10-19,12100.0,12200.0,11650.0,11900.0,691370,VND
2018-10-22,12000.0,12000.0,11100.0,11300.0,404740,VND
2018-10-23,11200.0,11200.0,10550.0,10600.0,642580,VND
2018-10-24,10300.0,10600.0,9910.0,10600.0,597160,VND
2018-10-25,10000.0,10900.0,9860.0,10900.0,451320,VND
2018-10-26,10400.0,10600.0,10150.0,10500.0,1092230,VND
2018-10-29,10400.0,10500.0,10100.0,10500.0,570170,VND
2018-10-30,10500.0,10800.0,10350.0,10400.0,458240,VND
2018-10-31,10200.0,10700.0,10100.0,10500.0,182040,VND
2018-11-01,10300.0,10500.0,10100.0,10300.0,246290,VND
2018-11-02,10300.0,11000.0,10000.0,11000.0,854580,VND
2018-11-05,11100.0,11400.0,10900.0,11000.0,402690,VND
2018-11-06,11000.0,11750.0,10700.0,11750.0,417170,VND
2018-11-07,11800.0,12550.0,11750.0,12550.0,718000,VND
2018-11-08,12600.0,13000.0,12000.0,12100.0,600980,VND
2018-11-09,11900.0,12100.0,11600.0,11900.0,436210,VND
2018-11-12,11700.0,12000.0,11100.0,12000.0,424240,VND
2018-11-13,11800.0,12700.0,11250.0,12550.0,678400,VND
2018-11-14,12400.0,13000.0,12400.0,12600.0,522000,VND
2018-11-15,12600.0,12800.0,12450.0,12500.0,395150,VND
2018-11-16,12600.0,12800.0,12400.0,12600.0,433050,VND
2018-11-19,12600.0,12850.0,12500.0,12700.0,407380,VND
2018-11-20,12700.0,12850.0,12450.0,12600.0,331040,VND
2018-11-21,12500.0,12600.0,12300.0,12400.0,341470,VND
2018-11-22,12400.0,12500.0,12200.0,12400.0,373980,VND
2018-11-23,12400.0,12500.0,12100.0,12100.0,331490,VND
2018-11-26,12100.0,12200.0,11700.0,11900.0,306510,VND
2018-11-27,11750.0,12000.0,11750.0,11900.0,262020,VND
2018-11-28,11900.0,11900.0,11700.0,11800.0,213490,VND
2018-11-29,11800.0,11950.0,11400.0,11400.0,219570,VND
2018-11-30,11450.0,11550.0,11200.0,11500.0,219340,VND
2018-12-03,11500.0,11600.0,11200.0,11400.0,202110,VND
2018-12-04,11400.0,11400.0,11100.0,11150.0,215850,VND
2018-12-05,11050.0,11150.0,10900.0,11000.0,194290,VND
2018-12-06,11000.0,11400.0,11000.0,11200.0,194630,VND
2018-12-07,11250.0,11400.0,11100.0,11250.0,196590,VND
2018-12-10,11250.0,11300.0,11150.0,11200.0,197310,VND
2018-12-11,11200.0,11250.0,11000.0,11000.0,196690,VND
2018-12-12,11100.0,11300.0,11000.0,11300.0,184010,VND
2018-12-13,11300.0,11500.0,11000.0,11300.0,192030,VND
2018-12-14,11350.0,11350.0,11000.0,11200.0,220620,VND
2018-12-17,11150.0,11200.0,10450.0,10450.0,214540,VND
2018-12-18,10200.0,10350.0,9800.0,9890.0,173780,VND
2018-12-19,9950.0,10000.0,9200.0,9200.0,297070,VND
2018-12-20,8560.0,9400.0,8560.0,9200.0,586720,VND
2018-12-21,9150.0,9200.0,9000.0,9200.0,120760,VND
2018-12-24,9200.0,9300.0,9150.0,9200.0,109660,VND
2018-12-25,9200.0,9200.0,8700.0,9150.0,190520,VND
2018-12-26,9100.0,9150.0,8510.0,9050.0,179420,VND
2018-12-27,8500.0,8900.0,8420.0,8650.0,536560,VND
2018-12-28,8700.0,8800.0,8060.0,8650.0,181720,VND
2019-01-02,8050.0,8660.0,8050.0,8050.0,54630,VND
2019-01-03,7490.0,7490.0,7490.0,7490.0,47230,VND
2019-01-04,6970.0,6970.0,6970.0,6970.0,156180,VND
2019-01-07,6490.0,6490.0,6490.0,6490.0,118030,VND
2019-01-08,6040.0,6040.0,6040.0,6040.0,69940,VND
2019-01-09,5620.0,5620.0,5620.0,5620.0,28090,VND
2019-01-10,5230.0,6010.0,5230.0,6010.0,3876010,VND
2019-01-11,6430.0,6430.0,6420.0,6430.0,2155830,VND
2019-01-14,6500.0,6880.0,6430.0,6880.0,1743720,VND
2019-01-15,6400.0,6440.0,6400.0,6400.0,3162540,VND
2019-01-16,5960.0,5960.0,5960.0,5960.0,479550,VND
2019-01-17,5550.0,5550.0,5550.0,5550.0,784710,VND
2019-01-18,5170.0,5750.0,5170.0,5400.0,4606240,VND
2019-01-21,5450.0,5630.0,5200.0,5390.0,2662310,VND
2019-01-22,5400.0,5400.0,5020.0,5100.0,1479630,VND
2019-01-23,4800.0,5170.0,4750.0,5170.0,2156310,VND
2019-01-24,5170.0,5190.0,4900.0,4900.0,815140,VND
2019-01-25,4800.0,4970.0,4600.0,4600.0,432230,VND
2019-01-28,4370.0,4600.0,4280.0,4280.0,802690,VND
2019-01-29,4030.0,4290.0,3990.0,4110.0,1226270,VND
2019-01-30,4100.0,4330.0,4000.0,4300.0,520320,VND
2019-01-31,4300.0,4500.0,4200.0,4250.0,513060,VND
2019-02-01,4160.0,4480.0,4110.0,4480.0,238530,VND
2019-02-11,4380.0,4480.0,4170.0,4400.0,333930,VND
2019-02-12,4400.0,4470.0,4250.0,4400.0,339500,VND
2019-02-13,4270.0,4380.0,4200.0,4240.0,287720,VND
2019-02-14,4240.0,4290.0,4150.0,4170.0,349370,VND
2019-02-15,4150.0,4400.0,4150.0,4270.0,228260,VND
2019-02-18,4300.0,4380.0,4270.0,4300.0,441990,VND
2019-02-19,4360.0,4360.0,4160.0,4160.0,365390,VND
2019-02-20,4140.0,4230.0,4140.0,4150.0,292530,VND
2019-02-21,4200.0,4200.0,4060.0,4070.0,337950,VND
2019-02-22,4050.0,4110.0,3950.0,3950.0,707060,VND
2019-02-25,3980.0,4090.0,3960.0,4000.0,319150,VND
2019-02-26,4070.0,4070.0,4000.0,4000.0,381300,VND
2019-02-27,4060.0,4060.0,4000.0,4000.0,222300,VND
2019-02-28,4000.0,4050.0,3970.0,3970.0,572550,VND
2019-03-01,3980.0,4020.0,3980.0,4010.0,286720,VND
2019-03-04,4020.0,4180.0,4000.0,4110.0,479980,VND
2019-03-05,4160.0,4390.0,4160.0,4390.0,1284520,VND
2019-03-06,4690.0,4690.0,4450.0,4590.0,846760,VND
2019-03-07,4590.0,4600.0,4380.0,4410.0,572940,VND
2019-03-08,4230.0,4480.0,4230.0,4480.0,520520,VND
2019-03-11,4480.0,4480.0,4300.0,4400.0,197900,VND
2019-03-12,4500.0,4500.0,4250.0,4260.0,297450,VND
2019-03-13,4260.0,4260.0,4100.0,4120.0,436440,VND
2019-03-14,4120.0,4120.0,4000.0,4060.0,653290,VND
2019-03-15,4060.0,4200.0,4030.0,4130.0,233880,VND
2019-03-18,4180.0,4200.0,4070.0,4080.0,208150,VND
2019-03-19,4080.0,4120.0,4050.0,4060.0,473800,VND
2019-03-20,4070.0,4100.0,4010.0,4040.0,267950,VND
2019-03-21,4070.0,4130.0,4000.0,4100.0,774990,VND
2019-03-22,4120.0,4120.0,4030.0,4070.0,134110,VND
2019-03-25,4010.0,4080.0,4010.0,4030.0,243900,VND
2019-03-26,4010.0,4070.0,4000.0,4030.0,176150,VND
2019-03-27,4050.0,4050.0,4000.0,4030.0,138080,VND
2019-03-28,4030.0,4040.0,4010.0,4020.0,168330,VND
2019-03-29,4060.0,4060.0,4010.0,4010.0,131740,VND
2019-04-01,4050.0,4060.0,4000.0,4000.0,326990,VND
2019-04-02,4000.0,4020.0,4000.0,4010.0,305620,VND
2019-04-03,4010.0,4200.0,4010.0,4190.0,625150,VND
2019-04-04,4200.0,4250.0,4110.0,4170.0,296300,VND
2019-04-05,4180.0,4200.0,4050.0,4110.0,279540,VND
2019-04-08,4100.0,4100.0,4000.0,4040.0,432210,VND
2019-04-09,4050.0,4190.0,4020.0,4160.0,1695050,VND
2019-04-10,4170.0,4180.0,4080.0,4130.0,900040,VND
2019-04-11,4150.0,4170.0,4090.0,4120.0,433450,VND
2019-04-12,4180.0,4180.0,4070.0,4140.0,597320,VND
2019-04-16,4130.0,4130.0,4020.0,4110.0,555170,VND
2019-04-17,4130.0,4130.0,4040.0,4040.0,454010,VND
2019-04-18,4030.0,4120.0,4020.0,4050.0,408440,VND
2019-04-19,4050.0,4070.0,4030.0,4060.0,324870,VND
2019-04-22,4020.0,4050.0,4000.0,4000.0,370080,VND
2019-04-23,4020.0,4060.0,3980.0,4060.0,608270,VND
2019-04-24,4070.0,4070.0,4020.0,4060.0,271890,VND
2019-04-25,4000.0,4060.0,4000.0,4030.0,130780,VND
2019-04-26,4010.0,4060.0,4010.0,4040.0,305930,VND
2019-05-02,4060.0,4320.0,4060.0,4320.0,2483250,VND
2019-05-03,4360.0,4420.0,4160.0,4160.0,2368410,VND
2019-05-06,4160.0,4180.0,4060.0,4140.0,950700,VND
2019-05-07,4210.0,4210.0,4050.0,4140.0,619800,VND
2019-05-08,4020.0,4100.0,4000.0,4040.0,771690,VND
2019-05-09,4100.0,4100.0,4040.0,4080.0,378740,VND
2019-05-10,4030.0,4100.0,4030.0,4040.0,395340,VND
2019-05-13,4040.0,4090.0,4000.0,4050.0,1127260,VND
2019-05-14,4050.0,4070.0,4000.0,4050.0,1077890,VND
2019-05-15,4080.0,4080.0,4010.0,4060.0,355770,VND
2019-05-16,4060.0,4080.0,4010.0,4010.0,688600,VND
2019-05-17,4050.0,4080.0,4020.0,4040.0,969640,VND
2019-05-20,4040.0,4100.0,4020.0,4050.0,717100,VND
2019-05-21,4050.0,4080.0,4020.0,4050.0,491360,VND
2019-05-22,4050.0,4060.0,4010.0,4050.0,868060,VND
2019-05-23,4050.0,4050.0,4000.0,4000.0,648740,VND
2019-05-24,4000.0,4030.0,3810.0,3810.0,578410,VND
2019-05-27,3810.0,3890.0,3610.0,3830.0,797700,VND
2019-05-28,3830.0,3860.0,3650.0,3650.0,831220,VND
2019-05-29,3700.0,3700.0,3500.0,3500.0,668510,VND
2019-05-30,3400.0,3500.0,3290.0,3290.0,1181320,VND
2019-05-31,3220.0,3300.0,3100.0,3170.0,710320,VND
2019-06-03,3250.0,3260.0,3140.0,3180.0,368670,VND
2019-06-04,3200.0,3300.0,3200.0,3230.0,153750,VND
2019-06-05,3300.0,3300.0,3190.0,3190.0,270890,VND
2019-06-06,3190.0,3220.0,3080.0,3090.0,271070,VND
2019-06-07,3130.0,3130.0,3050.0,3090.0,218690,VND
2019-06-10,3060.0,3200.0,3060.0,3090.0,208910,VND
2019-06-11,3080.0,3110.0,2990.0,3000.0,327220,VND
2019-06-12,2910.0,3000.0,2840.0,2910.0,668460,VND
2019-06-13,2910.0,2910.0,2850.0,2910.0,377940,VND
2019-06-14,2900.0,2990.0,2840.0,2950.0,273170,VND
2019-06-17,2950.0,3150.0,2950.0,3130.0,862460,VND
2019-06-18,3100.0,3200.0,3100.0,3140.0,585130,VND
2019-06-19,3140.0,3150.0,3000.0,3020.0,192640,VND
2019-06-20,3020.0,3100.0,3000.0,3000.0,135640,VND
2019-06-21,2990.0,2990.0,2880.0,2920.0,627730,VND
2019-06-24,2900.0,2950.0,2800.0,2860.0,850620,VND
2019-06-25,2800.0,2950.0,2800.0,2950.0,551980,VND
2019-06-26,2750.0,2950.0,2750.0,2850.0,304820,VND
2019-06-27,2820.0,2880.0,2800.0,2810.0,488440,VND
2019-06-28,2810.0,2850.0,2680.0,2680.0,362070,VND
2019-07-01,2730.0,2860.0,2700.0,2860.0,959430,VND
2019-07-02,2890.0,3060.0,2870.0,3060.0,2673680,VND
2019-07-03,3220.0,3270.0,3200.0,3270.0,2703600,VND
2019-07-04,3400.0,3490.0,3380.0,3490.0,1202420,VND
2019-07-05,3710.0,3730.0,3650.0,3730.0,2480830,VND
2019-07-08,3990.0,3990.0,3970.0,3990.0,1334980,VND
2019-07-09,4260.0,4260.0,3990.0,4040.0,5361980,VND
2019-07-10,3770.0,3980.0,3760.0,3760.0,1087720,VND
2019-07-11,3500.0,3950.0,3500.0,3800.0,2690300,VND
2019-07-12,3600.0,3790.0,3540.0,3540.0,2113920,VND
2019-07-15,3550.0,3580.0,3330.0,3370.0,638500,VND
2019-07-16,3300.0,3300.0,3140.0,3180.0,1835710,VND
2019-07-17,3150.0,3400.0,3050.0,3400.0,1681770,VND
2019-07-18,3580.0,3630.0,3420.0,3630.0,2231500,VND
2019-07-19,3460.0,3600.0,3380.0,3380.0,866410,VND
2019-07-22,3250.0,3360.0,3160.0,3170.0,995990,VND
2019-07-23,3170.0,3350.0,3060.0,3220.0,472520,VND
2019-07-24,3220.0,3270.0,3200.0,3200.0,271660,VND
2019-07-25,3200.0,3200.0,3140.0,3170.0,290600,VND
2019-07-26,3170.0,3190.0,3070.0,3080.0,660770,VND
2019-07-29,3100.0,3200.0,3070.0,3100.0,231060,VND
2019-07-30,3080.0,3130.0,3000.0,3020.0,555480,VND
2019-07-31,3020.0,3070.0,2900.0,2940.0,524710,VND
2019-08-01,2850.0,3100.0,2850.0,3040.0,351730,VND
2019-08-02,3050.0,3050.0,2940.0,2950.0,481970,VND
2019-08-05,2910.0,3010.0,2910.0,2960.0,374070,VND
2019-08-06,2920.0,2950.0,2890.0,2890.0,869180,VND
2019-08-07,2890.0,2940.0,2880.0,2880.0,750900,VND
2019-08-08,2900.0,2900.0,2860.0,2870.0,309650,VND
2019-08-09,2870.0,3050.0,2860.0,2900.0,462030,VND
2019-08-12,2950.0,2990.0,2880.0,2920.0,206870,VND
2019-08-13,2920.0,2970.0,2890.0,2970.0,450620,VND
2019-08-14,2970.0,3000.0,2930.0,2930.0,340440,VND
2019-08-15,2920.0,2930.0,2890.0,2890.0,465630,VND
2019-08-16,2890.0,3000.0,2890.0,2950.0,544190,VND
2019-08-19,2980.0,2980.0,2920.0,2940.0,218960,VND
2019-08-20,2940.0,2960.0,2910.0,2910.0,567320,VND
2019-08-21,2900.0,2930.0,2850.0,2850.0,694780,VND
2019-08-22,2870.0,2890.0,2840.0,2850.0,293660,VND
2019-08-23,2830.0,2900.0,2830.0,2850.0,128540,VND
2019-08-26,2820.0,2850.0,2800.0,2820.0,290490,VND
2019-08-27,2840.0,2840.0,2750.0,2770.0,548180,VND
2019-08-28,2740.0,2770.0,2700.0,2710.0,828260,VND
2019-08-29,2720.0,2790.0,2700.0,2710.0,340580,VND
2019-08-30,2710.0,2740.0,2710.0,2710.0,336280,VND
2019-09-03,2710.0,2840.0,2690.0,2690.0,459590,VND
2019-09-04,2690.0,2750.0,2690.0,2690.0,173380,VND
2019-09-05,2720.0,2740.0,2650.0,2650.0,354750,VND
2019-09-06,2650.0,2690.0,2620.0,2630.0,356760,VND
2019-09-09,2650.0,2650.0,2530.0,2530.0,362250,VND
2019-09-10,2580.0,2580.0,2400.0,2440.0,804410,VND
2019-09-11,2440.0,2470.0,2370.0,2450.0,494060,VND
2019-09-12,2450.0,2530.0,2450.0,2480.0,190820,VND
2019-09-13,2440.0,2520.0,2420.0,2420.0,177830,VND
2019-09-16,2440.0,2440.0,2350.0,2370.0,297800,VND
2019-09-17,2370.0,2410.0,2350.0,2380.0,355000,VND
2019-09-18,2380.0,2400.0,2370.0,2390.0,70450,VND
2019-09-19,2380.0,2550.0,2380.0,2550.0,405820,VND
2019-09-20,2720.0,2720.0,2720.0,2720.0,170300,VND
2019-09-23,2910.0,2910.0,2550.0,2560.0,3128550,VND
2019-09-24,2560.0,2580.0,2500.0,2530.0,344870,VND
2019-09-25,2550.0,2700.0,2530.0,2680.0,535880,VND
2019-09-26,2690.0,2690.0,2580.0,2580.0,298890,VND
2019-09-27,2580.0,2660.0,2580.0,2580.0,332280,VND
2019-09-30,2580.0,2650.0,2580.0,2580.0,440510,VND
2019-10-01,2570.0,2620.0,2530.0,2530.0,286320,VND
2019-10-02,2510.0,2600.0,2500.0,2500.0,329260,VND
2019-10-03,2470.0,2500.0,2380.0,2390.0,756520,VND
2019-10-04,2400.0,2450.0,2400.0,2430.0,276720,VND
2019-10-07,2460.0,2510.0,2420.0,2420.0,269120,VND
2019-10-08,2420.0,2460.0,2390.0,2390.0,333270,VND
2019-10-09,2390.0,2430.0,2370.0,2400.0,357750,VND
2019-10-10,2400.0,2430.0,2380.0,2410.0,332100,VND
2019-10-11,2400.0,2420.0,2400.0,2420.0,90870,VND
2019-10-14,2430.0,2450.0,2400.0,2430.0,288020,VND
2019-10-15,2490.0,2490.0,2400.0,2410.0,215000,VND
2019-10-16,2410.0,2430.0,2390.0,2390.0,116690,VND
2019-10-17,2420.0,2420.0,2390.0,2410.0,187520,VND
2019-10-18,2400.0,2430.0,2370.0,2370.0,537830,VND
2019-10-21,2360.0,2420.0,2360.0,2410.0,297120,VND
2019-10-22,2400.0,2420.0,2380.0,2420.0,260680,VND
2019-10-23,2420.0,2420.0,2370.0,2380.0,286570,VND
2019-10-24,2400.0,2400.0,2370.0,2400.0,180140,VND
2019-10-25,2400.0,2410.0,2370.0,2370.0,1295650,VND
2019-10-28,2420.0,2420.0,2370.0,2380.0,286840,VND
2019-10-29,2390.0,2400.0,2380.0,2380.0,395650,VND
2019-10-30,2390.0,2390.0,2260.0,2340.0,272570,VND
2019-10-31,2330.0,2370.0,2190.0,2250.0,1162520,VND
2019-11-01,2180.0,2210.0,2160.0,2200.0,653980,VND
2019-11-04,2190.0,2190.0,2130.0,2140.0,1031480,VND
2019-11-05,2120.0,2250.0,2120.0,2220.0,298920,VND
2019-11-06,2220.0,2280.0,2220.0,2250.0,406790,VND
2019-11-07,2260.0,2260.0,2150.0,2200.0,186970,VND
2019-11-08,2200.0,2230.0,2180.0,2220.0,204580,VND
2019-11-11,2230.0,2230.0,2190.0,2210.0,873430,VND
2019-11-12,2210.0,2240.0,2200.0,2210.0,457650,VND
2019-11-13,2230.0,2230.0,2190.0,2220.0,652210,VND
2019-11-14,2230.0,2230.0,2190.0,2200.0,475680,VND
2019-11-15,2210.0,2350.0,2180.0,2350.0,913460,VND
2019-11-18,2490.0,2510.0,2410.0,2510.0,1058690,VND
2019-11-19,2670.0,2670.0,2350.0,2420.0,1036780,VND
2019-11-20,2400.0,2460.0,2360.0,2410.0,657200,VND
2019-11-21,2340.0,2400.0,2300.0,2300.0,789070,VND
2019-11-22,2280.0,2300.0,2200.0,2200.0,629780,VND
2019-11-25,2330.0,2330.0,2240.0,2240.0,306240,VND
2019-11-26,2300.0,2300.0,2230.0,2230.0,245850,VND
2019-11-27,2250.0,2270.0,2200.0,2230.0,299690,VND
2019-11-28,2230.0,2240.0,2200.0,2210.0,189060,VND
2019-11-29,2230.0,2240.0,2180.0,2190.0,606890,VND
2019-12-02,2180.0,2340.0,2180.0,2240.0,265940,VND
2019-12-03,2290.0,2290.0,2190.0,2200.0,439030,VND
2019-12-04,2190.0,2250.0,2190.0,2200.0,69100,VND
2019-12-05,2230.0,2230.0,2150.0,2180.0,462950,VND
2019-12-06,2210.0,2210.0,2160.0,2170.0,298310,VND
2019-12-09,2170.0,2200.0,2150.0,2200.0,159600,VND
2019-12-10,2180.0,2280.0,2180.0,2230.0,414380,VND
2019-12-11,2250.0,2250.0,2210.0,2250.0,173190,VND
2019-12-12,2250.0,2260.0,2210.0,2230.0,124850,VND
2019-12-13,2230.0,2250.0,2190.0,2220.0,296690,VND
2019-12-16,2220.0,2230.0,2190.0,2190.0,245500,VND
2019-12-17,2190.0,2340.0,2190.0,2340.0,1324190,VND
2019-12-18,2290.0,2330.0,2220.0,2260.0,232170,VND
2019-12-19,2260.0,2270.0,2220.0,2240.0,201570,VND
2019-12-20,2220.0,2240.0,2200.0,2240.0,508070,VND
2019-12-23,2250.0,2270.0,2210.0,2240.0,284370,VND
2019-12-24,2240.0,2250.0,2200.0,2230.0,204210,VND
2019-12-25,2230.0,2240.0,2200.0,2200.0,292570,VND
2019-12-26,2210.0,2270.0,2200.0,2250.0,404120,VND
2019-12-27,2260.0,2260.0,2210.0,2220.0,191360,VND
2019-12-30,2220.0,2240.0,2190.0,2220.0,276450,VND
2019-12-31,2220.0,2220.0,2120.0,2180.0,933130,VND
2020-01-02,2190.0,2210.0,2100.0,2150.0,646120,VND
2020-01-03,2180.0,2180.0,2100.0,2150.0,581300,VND
2020-01-06,2100.0,2140.0,2080.0,2100.0,225640,VND
2020-01-07,2080.0,2140.0,2070.0,2100.0,1570280,VND
2020-01-08,2100.0,2100.0,1960.0,1960.0,868860,VND
2020-01-09,2000.0,2000.0,1900.0,1900.0,428570,VND
2020-01-10,1880.0,1950.0,1800.0,1810.0,549590,VND
2020-01-13,1810.0,1840.0,1800.0,1800.0,161930,VND
2020-01-14,1800.0,1820.0,1780.0,1780.0,285760,VND
2020-01-15,1770.0,1780.0,1660.0,1670.0,670380,VND
2020-01-16,1670.0,1670.0,1560.0,1570.0,1358540,VND
2020-01-17,1630.0,1640.0,1580.0,1590.0,189450,VND
2020-01-20,1600.0,1640.0,1570.0,1580.0,157980,VND
2020-01-21,1560.0,1610.0,1530.0,1560.0,291110,VND
2020-01-22,1600.0,1660.0,1580.0,1660.0,660160,VND
2020-01-30,1720.0,1770.0,1700.0,1770.0,843070,VND
2020-01-31,1860.0,1890.0,1850.0,1890.0,1611390,VND
2020-02-03,1950.0,1980.0,1760.0,1760.0,1174900,VND
2020-02-04,1690.0,1750.0,1640.0,1640.0,649340,VND
2020-02-05,1560.0,1700.0,1540.0,1700.0,900870,VND
2020-02-06,1660.0,1810.0,1650.0,1790.0,740030,VND
2020-02-07,1790.0,1800.0,1670.0,1760.0,199000,VND
2020-02-10,1700.0,1780.0,1650.0,1650.0,474720,VND
2020-02-11,1650.0,1730.0,1650.0,1680.0,240490,VND
2020-02-12,1680.0,1730.0,1670.0,1720.0,301450,VND
2020-02-13,1700.0,1730.0,1690.0,1720.0,195230,VND
2020-02-14,1700.0,1730.0,1690.0,1720.0,193260,VND
2020-02-17,1720.0,1800.0,1720.0,1800.0,336990,VND
2020-02-18,1800.0,1830.0,1720.0,1730.0,266780,VND
2020-02-19,1720.0,1790.0,1720.0,1760.0,85560,VND
2020-02-20,1770.0,1800.0,1720.0,1780.0,637090,VND
2020-02-21,1780.0,1790.0,1730.0,1750.0,72760,VND
2020-02-24,1750.0,1750.0,1630.0,1630.0,780640,VND
2020-02-25,1530.0,1640.0,1530.0,1640.0,387230,VND
2020-02-26,1590.0,1660.0,1590.0,1600.0,189630,VND
2020-02-27,1620.0,1620.0,1590.0,1610.0,166110,VND
2020-02-28,1590.0,1610.0,1550.0,1600.0,448830,VND
2020-03-02,1590.0,1600.0,1550.0,1560.0,157870,VND
2020-03-03,1560.0,1650.0,1560.0,1630.0,217140,VND
2020-03-04,1640.0,1650.0,1580.0,1650.0,540600,VND
2020-03-05,1670.0,1670.0,1610.0,1610.0,303860,VND
2020-03-06,1620.0,1650.0,1590.0,1620.0,352430,VND
2020-03-09,1560.0,1560.0,1510.0,1510.0,743350,VND
2020-03-10,1450.0,1540.0,1420.0,1520.0,659230,VND
2020-03-11,1540.0,1540.0,1420.0,1450.0,403280,VND
2020-03-12,1400.0,1400.0,1350.0,1350.0,808450,VND
2020-03-13,1290.0,1300.0,1260.0,1290.0,611240,VND
2020-03-16,1300.0,1380.0,1300.0,1320.0,727190,VND
2020-03-17,1320.0,1410.0,1320.0,1410.0,521440,VND
2020-03-18,1480.0,1500.0,1470.0,1500.0,901850,VND
2020-03-19,1550.0,1550.0,1400.0,1400.0,954720,VND
2020-03-20,1400.0,1480.0,1350.0,1360.0,212930,VND
2020-03-23,1280.0,1340.0,1270.0,1270.0,907580,VND
2020-03-24,1260.0,1290.0,1240.0,1260.0,351430,VND
2020-03-25,1290.0,1340.0,1260.0,1330.0,507640,VND
2020-03-26,1260.0,1330.0,1250.0,1250.0,275620,VND
2020-03-27,1250.0,1260.0,1200.0,1240.0,155430,VND
2020-03-30,1200.0,1200.0,1160.0,1170.0,699790,VND
2020-03-31,1170.0,1240.0,1140.0,1160.0,410740,VND
2020-04-01,1200.0,1240.0,1150.0,1230.0,327200,VND
2020-04-03,1230.0,1300.0,1220.0,1290.0,262880,VND
2020-04-06,1270.0,1310.0,1250.0,1270.0,264980,VND
2020-04-07,1280.0,1290.0,1220.0,1270.0,373410,VND
2020-04-08,1270.0,1290.0,1250.0,1290.0,420710,VND
2020-04-09,1270.0,1310.0,1270.0,1280.0,368170,VND
2020-04-10,1260.0,1300.0,1250.0,1290.0,199820,VND
2020-04-13,1290.0,1300.0,1220.0,1290.0,316840,VND
2020-04-14,1290.0,1290.0,1230.0,1270.0,532900,VND
2020-04-15,1290.0,1290.0,1240.0,1270.0,495280,VND
2020-04-16,1270.0,1290.0,1240.0,1270.0,478030,VND
2020-04-17,1280.0,1350.0,1280.0,1350.0,463030,VND
2020-04-20,1440.0,1440.0,1440.0,1440.0,179580,VND
2020-04-21,1540.0,1540.0,1470.0,1540.0,2832280,VND
2020-04-22,1630.0,1640.0,1540.0,1640.0,1942160,VND
2020-04-23,1730.0,1750.0,1660.0,1660.0,1213760,VND
2020-04-24,1560.0,1640.0,1550.0,1550.0,1042560,VND
2020-04-27,1550.0,1650.0,1520.0,1580.0,900370,VND
2020-04-28,1580.0,1620.0,1550.0,1620.0,771500,VND
2020-04-29,1610.0,1730.0,1610.0,1730.0,2260210,VND
2020-05-04,1800.0,1850.0,1730.0,1850.0,2350680,VND
2020-05-05,1870.0,1900.0,1800.0,1860.0,759790,VND
2020-05-06,1810.0,1830.0,1760.0,1820.0,985600,VND
2020-05-07,1770.0,1840.0,1770.0,1810.0,413290,VND
2020-05-08,1850.0,1850.0,1800.0,1830.0,595210,VND
2020-05-11,1850.0,1950.0,1840.0,1940.0,838640,VND
2020-05-12,1950.0,2060.0,1920.0,2000.0,1005330,VND
2020-05-13,1950.0,2100.0,1930.0,2030.0,433630,VND
2020-05-14,2000.0,2080.0,1960.0,1960.0,1244460,VND
2020-05-15,1960.0,1970.0,1830.0,1830.0,1562690,VND
2020-05-18,1770.0,1950.0,1770.0,1950.0,699000,VND
2020-05-19,2040.0,2040.0,1910.0,1950.0,216480,VND
2020-05-20,1920.0,1940.0,1880.0,1900.0,326610,VND
2020-05-21,1890.0,1960.0,1850.0,1860.0,432540,VND
2020-05-22,1910.0,1910.0,1820.0,1830.0,173490,VND
2020-05-25,1830.0,1930.0,1770.0,1910.0,784300,VND
2020-05-26,1930.0,1930.0,1880.0,1880.0,356120,VND
2020-05-27,1900.0,1930.0,1870.0,1870.0,850270,VND
2020-05-28,1870.0,1910.0,1870.0,1910.0,394840,VND
2020-05-29,1910.0,1920.0,1860.0,1920.0,495860,VND
2020-06-01,1990.0,2050.0,1990.0,2050.0,2788380,VND
2020-06-02,2170.0,2180.0,1970.0,2000.0,954160,VND
2020-06-03,2000.0,2140.0,1930.0,2100.0,1705610,VND
2020-06-04,2130.0,2220.0,2060.0,2200.0,2023400,VND
2020-06-05,2200.0,2350.0,2190.0,2350.0,3747300,VND
2020-06-08,2510.0,2510.0,2510.0,2510.0,536690,VND
2020-06-09,2680.0,2680.0,2680.0,2680.0,285240,VND
2020-06-10,2860.0,2860.0,2860.0,2860.0,202070,VND
2020-06-11,3060.0,3060.0,2680.0,2980.0,10278910,VND
2020-06-12,2780.0,3180.0,2780.0,3180.0,4047290,VND
2020-06-15,3400.0,3400.0,3390.0,3400.0,1780020,VND
2020-06-16,3630.0,3630.0,3340.0,3510.0,7578580,VND
2020-06-17,3270.0,3400.0,3270.0,3270.0,1419160,VND
2020-06-18,3050.0,3050.0,3050.0,3050.0,468970,VND
2020-06-19,2840.0,3260.0,2840.0,3110.0,8766940,VND
2020-06-22,3240.0,3320.0,2900.0,3320.0,7237170,VND
2020-06-23,3520.0,3520.0,3090.0,3180.0,3824110,VND
2020-06-24,3030.0,3100.0,2960.0,2960.0,3423680,VND
2020-06-25,2760.0,2940.0,2760.0,2940.0,3841360,VND
2020-06-26,2950.0,2980.0,2740.0,2780.0,5176280,VND
2020-06-29,2730.0,2730.0,2590.0,2590.0,2485280,VND
2020-06-30,2410.0,2500.0,2410.0,2410.0,2567080,VND
2020-07-01,2250.0,2430.0,2250.0,2300.0,5975750,VND
2020-07-02,2310.0,2360.0,2270.0,2300.0,1990430,VND
2020-07-03,2280.0,2280.0,2140.0,2160.0,4044930,VND
2020-07-06,2140.0,2200.0,2050.0,2150.0,1664350,VND
2020-07-07,2190.0,2300.0,2160.0,2300.0,1334990,VND
2020-07-08,2460.0,2460.0,2460.0,2460.0,980610,VND
2020-07-09,2630.0,2630.0,2460.0,2630.0,4611350,VND
2020-07-10,2630.0,2780.0,2610.0,2690.0,4212730,VND
2020-07-13,2680.0,2700.0,2510.0,2510.0,4392010,VND
2020-07-14,2450.0,2450.0,2340.0,2380.0,4321850,VND
2020-07-15,2470.0,2540.0,2370.0,2420.0,7775390,VND
2020-07-16,2430.0,2430.0,2300.0,2420.0,3797390,VND
2020-07-17,2410.0,2430.0,2320.0,2400.0,3567890,VND
2020-07-20,2380.0,2380.0,2240.0,2240.0,6323900,VND
2020-07-21,2300.0,2300.0,2130.0,2130.0,2310990,VND
2020-07-22,2130.0,2220.0,2080.0,2110.0,2657200,VND
2020-07-23,2110.0,2130.0,2070.0,2090.0,1205200,VND
2020-07-24,2090.0,2090.0,1950.0,1950.0,3981030,VND
2020-07-27,1820.0,1820.0,1820.0,1820.0,537720,VND
2020-07-28,1700.0,1880.0,1700.0,1790.0,3884970,VND
2020-07-29,1710.0,1710.0,1670.0,1670.0,2301530,VND
2020-07-30,1650.0,1720.0,1610.0,1620.0,1454090,VND
2020-07-31,1510.0,1590.0,1510.0,1520.0,3166430,VND
2020-08-03,1460.0,1620.0,1460.0,1620.0,1233660,VND
2020-08-04,1730.0,1730.0,1720.0,1730.0,1041400,VND
2020-08-05,1820.0,1850.0,1730.0,1850.0,3895440,VND
2020-08-06,1800.0,1960.0,1800.0,1890.0,1836910,VND
2020-08-07,1850.0,1910.0,1800.0,1850.0,1352060,VND
2020-08-10,1880.0,1970.0,1830.0,1960.0,2435880,VND
2020-08-11,1980.0,2040.0,1950.0,1960.0,1582270,VND
2020-08-12,1960.0,2020.0,1940.0,1980.0,1066370,VND
2020-08-13,1980.0,2000.0,1950.0,1980.0,1038110,VND
2020-08-14,1980.0,1980.0,1850.0,1850.0,2858670,VND
2020-08-17,1850.0,1870.0,1750.0,1860.0,1520870,VND
2020-08-18,1860.0,1870.0,1840.0,1870.0,481870,VND
2020-08-19,1860.0,1920.0,1850.0,1910.0,1020930,VND
2020-08-20,1920.0,1930.0,1860.0,1880.0,1023520,VND
2020-08-21,1880.0,1920.0,1860.0,1880.0,1704150,VND
2020-08-24,1880.0,1960.0,1880.0,1940.0,1402630,VND
2020-08-25,1990.0,1990.0,1930.0,1940.0,889020,VND
2020-08-26,1910.0,1940.0,1880.0,1890.0,1285510,VND
2020-08-27,1870.0,1920.0,1830.0,1900.0,1201030,VND
2020-08-28,1920.0,2030.0,1900.0,2030.0,2718510,VND
2020-08-31,2170.0,2170.0,2030.0,2120.0,2937540,VND
2020-09-01,2100.0,2140.0,2000.0,2080.0,1492230,VND
2020-09-03,2050.0,2220.0,2030.0,2220.0,3109260,VND
2020-09-04,2280.0,2370.0,2220.0,2370.0,4750790,VND
2020-09-07,2510.0,2530.0,2460.0,2530.0,3853340,VND
2020-09-08,2540.0,2540.0,2360.0,2400.0,3384690,VND
2020-09-09,2250.0,2400.0,2250.0,2390.0,2375950,VND
2020-09-10,2390.0,2550.0,2370.0,2550.0,2162030,VND
2020-09-11,2560.0,2700.0,2500.0,2550.0,2523480,VND
2020-09-14,2550.0,2630.0,2450.0,2490.0,2128780,VND
2020-09-15,2510.0,2520.0,2360.0,2400.0,2998720,VND
2020-09-16,2350.0,2470.0,2350.0,2420.0,1175040,VND
2020-09-17,2400.0,2460.0,2260.0,2320.0,2354120,VND
2020-09-18,2350.0,2440.0,2250.0,2430.0,1872190,VND
2020-09-21,2500.0,2550.0,2430.0,2470.0,2069090,VND
2020-09-22,2450.0,2460.0,2320.0,2430.0,2004150,VND
2020-09-23,2430.0,2460.0,2360.0,2390.0,1654200,VND
2020-09-24,2390.0,2490.0,2350.0,2400.0,1675070,VND
2020-09-25,2400.0,2440.0,2360.0,2400.0,1241570,VND
2020-09-28,2360.0,2410.0,2360.0,2370.0,838520,VND
2020-09-29,2350.0,2380.0,2260.0,2270.0,2189300,VND
2020-09-30,2270.0,2350.0,2220.0,2300.0,1840880,VND
2020-10-01,2350.0,2360.0,2280.0,2300.0,764240,VND
2020-10-02,2300.0,2330.0,2210.0,2280.0,1751520,VND
2020-10-05,2260.0,2390.0,2260.0,2340.0,1583210,VND
2020-10-06,2380.0,2380.0,2300.0,2360.0,1712840,VND
2020-10-07,2360.0,2450.0,2330.0,2440.0,3026640,VND
2020-10-08,2470.0,2480.0,2400.0,2430.0,1724330,VND
2020-10-09,2450.0,2450.0,2370.0,2370.0,998350,VND
2020-10-12,2350.0,2370.0,2300.0,2300.0,1684440,VND
2020-10-13,2300.0,2350.0,2280.0,2290.0,824060,VND
2020-10-14,2290.0,2320.0,2280.0,2300.0,921340,VND
2020-10-15,2320.0,2320.0,2240.0,2240.0,1412840,VND
2020-10-16,2240.0,2260.0,2160.0,2190.0,1953730,VND
2020-10-19,2160.0,2200.0,2140.0,2140.0,1433960,VND
2020-10-20,2140.0,2240.0,2140.0,2160.0,963730,VND
2020-10-21,2140.0,2200.0,2130.0,2130.0,859750,VND
2020-10-22,2130.0,2150.0,2050.0,2090.0,1497660,VND
2020-10-23,2100.0,2190.0,2090.0,2140.0,861660,VND
2020-10-26,2190.0,2190.0,2100.0,2100.0,677670,VND
2020-10-27,2100.0,2140.0,2060.0,2060.0,607360,VND
2020-10-28,2060.0,2070.0,1950.0,1950.0,1573560,VND
2020-10-29,1930.0,1980.0,1910.0,1980.0,790300,VND
2020-10-30,1980.0,2000.0,1960.0,1970.0,479140,VND
2020-11-02,1970.0,2100.0,1960.0,2100.0,804260,VND
2020-11-03,2200.0,2200.0,2120.0,2140.0,590500,VND
2020-11-04,2110.0,2170.0,2100.0,2150.0,424360,VND
2020-11-05,2050.0,2140.0,2050.0,2060.0,491350,VND
2020-11-06,2100.0,2100.0,2000.0,2030.0,948770,VND
2020-11-09,2040.0,2110.0,2040.0,2040.0,788050,VND
2020-11-10,2040.0,2090.0,2040.0,2060.0,464980,VND
2020-11-11,2080.0,2080.0,2000.0,2020.0,812590,VND
2020-11-12,2060.0,2060.0,1990.0,1990.0,614350,VND
2020-11-13,2000.0,2090.0,1990.0,2060.0,865310,VND
2020-11-16,2000.0,2070.0,2000.0,2030.0,390960,VND
2020-11-17,2020.0,2040.0,2010.0,2020.0,548990,VND
2020-11-18,2020.0,2040.0,2000.0,2000.0,726700,VND
2020-11-19,1990.0,2050.0,1990.0,2020.0,782520,VND
2020-11-20,2040.0,2150.0,2010.0,2120.0,1488190,VND
2020-11-23,2150.0,2160.0,2070.0,2070.0,520910,VND
2020-11-24,2070.0,2130.0,2050.0,2090.0,711130,VND
2020-11-25,2090.0,2100.0,2050.0,2070.0,674490,VND
2020-11-26,2100.0,2100.0,2050.0,2070.0,397550,VND
2020-11-27,2060.0,2090.0,2050.0,2050.0,505710,VND
2020-11-30,2080.0,2080.0,2030.0,2040.0,447520,VND
2020-12-01,1980.0,2040.0,1980.0,2020.0,874720,VND
2020-12-02,2020.0,2060.0,2020.0,2020.0,263250,VND
2020-12-03,2050.0,2130.0,2020.0,2100.0,1195070,VND
2020-12-04,2120.0,2120.0,2060.0,2070.0,832480,VND
2020-12-07,2080.0,2210.0,2080.0,2210.0,4862460,VND
2020-12-08,2340.0,2360.0,2200.0,2290.0,4243410,VND
2020-12-09,2340.0,2340.0,2200.0,2270.0,2270550,VND
2020-12-10,2210.0,2240.0,2160.0,2180.0,2135150,VND
2020-12-11,2150.0,2190.0,2110.0,2140.0,1535540,VND
2020-12-14,2150.0,2180.0,2120.0,2150.0,1086640,VND
2020-12-15,2150.0,2240.0,2130.0,2160.0,1619640,VND
2020-12-16,2210.0,2250.0,2170.0,2220.0,2678270,VND
2020-12-17,2250.0,2370.0,2250.0,2370.0,6587980,VND
2020-12-18,2480.0,2480.0,2370.0,2370.0,3711140,VND
2020-12-21,2370.0,2500.0,2310.0,2430.0,2757310,VND
2020-12-22,2400.0,2600.0,2390.0,2600.0,4930880,VND
2020-12-23,2680.0,2780.0,2580.0,2580.0,3913140,VND
2020-12-24,2580.0,2610.0,2400.0,2470.0,3499750,VND
2020-12-25,2470.0,2500.0,2310.0,2400.0,3115100,VND
2020-12-28,2490.0,2490.0,2380.0,2470.0,1933870,VND
2020-12-29,2470.0,2470.0,2390.0,2460.0,1962740,VND
2020-12-30,2450.0,2630.0,2430.0,2520.0,3265920,VND
2020-12-31,2590.0,2600.0,2500.0,2500.0,1755480,VND
2021-01-04,2530.0,2550.0,2420.0,2500.0,2361600,VND
2021-01-05,2500.0,2600.0,2480.0,2520.0,2211100,VND
2021-01-06,2560.0,2590.0,2510.0,2520.0,1486300,VND
2021-01-07,2520.0,2600.0,2500.0,2590.0,2922600,VND
2021-01-08,2640.0,2770.0,2630.0,2740.0,6361900,VND
2021-01-11,2740.0,2850.0,2650.0,2700.0,3801200,VND
2021-01-12,2700.0,2740.0,2640.0,2700.0,3629400,VND
2021-01-13,2710.0,2880.0,2700.0,2860.0,7401800,VND
2021-01-14,2920.0,2970.0,2840.0,2900.0,2947000,VND
2021-01-15,2950.0,3100.0,2930.0,3090.0,3679200,VND
2021-01-18,3100.0,3300.0,2900.0,3290.0,6146800,VND
2021-01-19,3290.0,3300.0,3060.0,3060.0,3885200,VND
2021-01-20,2850.0,3020.0,2850.0,2910.0,5417200,VND
2021-01-21,3000.0,3050.0,2830.0,3000.0,3106000,VND
2021-01-22,3000.0,3050.0,2910.0,3000.0,4197700,VND
2021-01-25,2980.0,3020.0,2900.0,3000.0,3079500,VND
2021-01-26,2960.0,2980.0,2790.0,2790.0,3108700,VND
2021-01-27,2700.0,2790.0,2600.0,2600.0,4199200,VND
2021-01-28,2420.0,2500.0,2420.0,2420.0,1223700,VND
2021-01-29,2260.0,2410.0,2260.0,2300.0,3028200,VND
2021-02-01,2140.0,2350.0,2140.0,2140.0,1970800,VND
2021-02-02,2060.0,2280.0,2010.0,2280.0,1999500,VND
2021-02-03,2300.0,2430.0,2200.0,2430.0,1489300,VND
2021-02-04,2490.0,2490.0,2300.0,2380.0,927900,VND
2021-02-05,2350.0,2470.0,2330.0,2440.0,1431300,VND
2021-02-08,2440.0,2480.0,2300.0,2350.0,883600,VND
2021-02-09,2350.0,2460.0,2280.0,2390.0,914900,VND
2021-02-17,2400.0,2550.0,2400.0,2540.0,1286500,VND
2021-02-18,2550.0,2550.0,2460.0,2520.0,664600,VND
2021-02-19,2500.0,2500.0,2460.0,2490.0,701400,VND
2021-02-22,2490.0,2510.0,2450.0,2450.0,940100,VND
2021-02-23,2450.0,2550.0,2420.0,2550.0,1284700,VND
2021-02-24,2600.0,2610.0,2470.0,2490.0,1740500,VND
2021-02-25,2540.0,2550.0,2480.0,2550.0,1219700,VND
2021-02-26,2520.0,2560.0,2510.0,2550.0,625500,VND
2021-03-01,2560.0,2650.0,2550.0,2600.0,926500,VND
2021-03-02,2650.0,2650.0,2540.0,2600.0,782600,VND
2021-03-03,2600.0,2780.0,2590.0,2780.0,4369000,VND
2021-03-04,2800.0,2850.0,2650.0,2800.0,1612600,VND
2021-03-05,2750.0,2800.0,2650.0,2770.0,1095100,VND
2021-03-08,2790.0,2810.0,2700.0,2790.0,1902100,VND
2021-03-09,2820.0,2900.0,2730.0,2840.0,1975100,VND
2021-03-10,2850.0,2870.0,2780.0,2780.0,1026100,VND
2021-03-11,2770.0,2810.0,2760.0,2800.0,1368800,VND
2021-03-12,2800.0,2860.0,2790.0,2850.0,1838700,VND
2021-03-15,2820.0,2990.0,2820.0,2990.0,2759700,VND
2021-03-16,3000.0,3000.0,2880.0,2970.0,2016100,VND
2021-03-17,2920.0,2960.0,2890.0,2890.0,1633700,VND
2021-03-18,2900.0,2920.0,2880.0,2910.0,1464500,VND
2021-03-19,2890.0,2910.0,2820.0,2840.0,959500,VND
2021-03-22,2850.0,2860.0,2810.0,2850.0,1271000,VND
2021-03-23,2850.0,2990.0,2840.0,2940.0,1779200,VND
2021-03-24,2900.0,2960.0,2740.0,2880.0,2132200,VND
2021-03-25,2880.0,2900.0,2810.0,2870.0,1056600,VND
2021-03-26,2820.0,2880.0,2700.0,2810.0,1223200,VND
2021-03-29,2860.0,3000.0,2860.0,3000.0,4871700,VND
2021-03-30,3150.0,3150.0,3020.0,3090.0,2560600,VND
2021-03-31,3130.0,3200.0,3050.0,3120.0,3198800,VND
2021-04-01,3130.0,3150.0,3060.0,3130.0,1595300,VND
2021-04-02,3160.0,3300.0,3150.0,3190.0,2379200,VND
2021-04-05,3220.0,3410.0,3170.0,3410.0,4968800,VND
2021-04-06,3410.0,3640.0,3410.0,3640.0,3959100,VND
2021-04-07,3640.0,3890.0,3640.0,3880.0,3581800,VND
2021-04-08,3790.0,3870.0,3610.0,3700.0,4862900,VND
2021-04-09,3650.0,3950.0,3500.0,3860.0,4767500,VND
2021-04-12,4000.0,4130.0,3900.0,4130.0,3979800,VND
2021-04-13,4410.0,4410.0,4130.0,4300.0,7883500,VND
2021-04-14,4150.0,4600.0,4010.0,4580.0,5762500,VND
2021-04-15,4860.0,4900.0,4600.0,4900.0,5051900,VND
2021-04-16,5000.0,5100.0,4560.0,4600.0,4505400,VND
2021-04-19,4300.0,4500.0,4280.0,4280.0,5648500,VND
2021-04-20,3990.0,4140.0,3990.0,4000.0,5147900,VND
2021-04-22,3860.0,4200.0,3720.0,3840.0,3255300,VND
2021-04-23,3700.0,4100.0,3700.0,4100.0,2323600,VND
2021-04-26,4100.0,4300.0,4060.0,4140.0,2798900,VND
2021-04-27,4050.0,4120.0,3900.0,4000.0,1473400,VND
2021-04-28,3900.0,4200.0,3900.0,4030.0,1254600,VND
2021-04-29,4000.0,4140.0,3910.0,3920.0,1636800,VND
2021-05-04,3650.0,3760.0,3650.0,3650.0,2864400,VND
2021-05-05,3460.0,3890.0,3460.0,3780.0,1619100,VND
2021-05-06,3700.0,3840.0,3650.0,3650.0,1260400,VND
2021-05-07,3650.0,3650.0,3400.0,3400.0,1965600,VND
2021-05-10,3390.0,3570.0,3240.0,3480.0,1782700,VND
2021-05-11,3500.0,3500.0,3440.0,3440.0,1079200,VND
2021-05-12,3440.0,3670.0,3410.0,3660.0,971200,VND
2021-05-13,3610.0,3640.0,3550.0,3560.0,1240500,VND
2021-05-14,3560.0,3630.0,3500.0,3550.0,1132200,VND
2021-05-17,3550.0,3590.0,3510.0,3570.0,676800,VND
2021-05-18,3570.0,3790.0,3570.0,3700.0,1852100,VND
2021-05-19,3700.0,3900.0,3500.0,3660.0,1273400,VND
2021-05-20,3670.0,3820.0,3550.0,3700.0,2591600,VND
2021-05-21,3700.0,3860.0,3620.0,3740.0,2001300,VND
2021-05-24,3890.0,3890.0,3760.0,3830.0,1043700,VND
2021-05-25,3810.0,3870.0,3750.0,3800.0,1482200,VND
2021-05-26,3720.0,3790.0,3680.0,3690.0,1616500,VND
2021-05-27,3630.0,3810.0,3630.0,3680.0,1838900,VND
2021-05-28,3650.0,3820.0,3650.0,3790.0,1466500,VND
2021-05-31,3800.0,3820.0,3700.0,3750.0,1571900,VND
2021-06-01,3700.0,3740.0,3660.0,3700.0,849100,VND
2021-06-02,3630.0,3690.0,3630.0,3690.0,1205500,VND
2021-06-03,3790.0,3940.0,3710.0,3940.0,1706000,VND
2021-06-04,4200.0,4200.0,3940.0,4030.0,1495600,VND
2021-06-07,4100.0,4100.0,3850.0,3900.0,1221000,VND
2021-06-08,3800.0,4100.0,3800.0,3850.0,2027000,VND
2021-06-09,3900.0,3950.0,3800.0,3880.0,1177100,VND
2021-06-10,3880.0,3990.0,3840.0,3900.0,898500,VND
2021-06-11,3900.0,4080.0,3820.0,3980.0,1483200,VND
2021-06-14,3980.0,4250.0,3980.0,4200.0,4163600,VND
2021-06-15,4200.0,4400.0,4200.0,4200.0,1732100,VND
2021-06-16,4200.0,4350.0,4200.0,4250.0,1970300,VND
2021-06-17,4160.0,4320.0,4100.0,4300.0,1438500,VND
2021-06-18,4400.0,4450.0,4280.0,4300.0,1240900,VND
2021-06-21,4280.0,4280.0,4130.0,4150.0,1356600,VND
2021-06-22,4150.0,4250.0,4140.0,4160.0,1148100,VND
2021-06-23,4160.0,4180.0,3990.0,4000.0,1690200,VND
2021-06-24,4000.0,4010.0,3930.0,3950.0,1003000,VND
2021-06-25,3950.0,4070.0,3920.0,3940.0,916500,VND
2021-06-28,3940.0,4000.0,3910.0,3910.0,1016400,VND
2021-06-29,3900.0,3930.0,3810.0,3830.0,1858000,VND
2021-06-30,3830.0,3830.0,3650.0,3670.0,1866300,VND
2021-07-01,3670.0,3760.0,3660.0,3740.0,1139400,VND
2021-07-02,3740.0,3890.0,3740.0,3740.0,814700,VND
2021-07-05,3760.0,3770.0,3640.0,3670.0,1109900,VND
2021-07-06,3670.0,3700.0,3630.0,3630.0,1005800,VND
2021-07-07,3600.0,3620.0,3450.0,3540.0,822100,VND
2021-07-08,3650.0,3650.0,3530.0,3600.0,979300,VND
2021-07-09,3600.0,3650.0,3350.0,3500.0,996100,VND
2021-07-12,3490.0,3490.0,3260.0,3260.0,929100,VND
2021-07-13,3260.0,3450.0,3040.0,3450.0,1136800,VND
2021-07-14,3560.0,3560.0,3210.0,3250.0,841000,VND
2021-07-15,3300.0,3350.0,3220.0,3350.0,270500,VND
2021-07-16,3290.0,3310.0,3200.0,3200.0,326500,VND
2021-07-19,3030.0,3190.0,2980.0,2980.0,1132300,VND
2021-07-20,3000.0,3080.0,2900.0,3080.0,449000,VND
2021-07-21,3080.0,3100.0,3010.0,3070.0,238400,VND
2021-07-22,3070.0,3220.0,3040.0,3190.0,534900,VND
2021-07-23,3100.0,3200.0,3100.0,3110.0,298900,VND
2021-07-26,3150.0,3270.0,3150.0,3180.0,801000,VND
2021-07-27,3400.0,3400.0,3400.0,3400.0,471700,VND
2021-07-28,3630.0,3630.0,3630.0,3630.0,422000,VND
2021-07-29,3880.0,3880.0,3630.0,3650.0,4250400,VND
2021-07-30,3500.0,3650.0,3500.0,3580.0,796900,VND
2021-08-02,3680.0,3680.0,3580.0,3590.0,628200,VND
2021-08-03,3540.0,3780.0,3440.0,3730.0,2071700,VND
2021-08-04,3800.0,3800.0,3650.0,3680.0,811300,VND
2021-08-05,3680.0,3930.0,3500.0,3930.0,2618400,VND
2021-08-06,3970.0,4170.0,3890.0,3900.0,1493900,VND
2021-08-09,3880.0,3930.0,3760.0,3850.0,961700,VND
2021-08-10,3850.0,4110.0,3810.0,4110.0,3265300,VND
2021-08-11,4390.0,4390.0,4300.0,4320.0,4642900,VND
2021-08-12,4440.0,4440.0,4180.0,4350.0,1590500,VND
2021-08-13,4290.0,4450.0,4060.0,4220.0,2600300,VND
2021-08-16,4200.0,4420.0,4200.0,4290.0,1575400,VND
2021-08-17,4300.0,4330.0,4200.0,4290.0,866300,VND
2021-08-18,4290.0,4290.0,4160.0,4180.0,1477100,VND
2021-08-19,4170.0,4200.0,4000.0,4060.0,1586500,VND
2021-08-20,4100.0,4270.0,3850.0,4140.0,3269700,VND
2021-08-23,4140.0,4140.0,3860.0,4000.0,2877300,VND
2021-08-24,4000.0,4080.0,3770.0,3850.0,1092500,VND
2021-08-25,3700.0,3850.0,3680.0,3800.0,1199800,VND
2021-08-26,3860.0,3870.0,3750.0,3750.0,898400,VND
2021-08-27,3750.0,3950.0,3750.0,3940.0,1362000,VND
2021-08-30,3950.0,4210.0,3900.0,4210.0,2092700,VND
2021-08-31,4450.0,4500.0,4280.0,4500.0,5275800,VND
2021-09-01,4650.0,4800.0,4500.0,4670.0,2680100,VND
2021-09-06,4490.0,4990.0,4420.0,4870.0,4256400,VND
2021-09-07,4800.0,4900.0,4530.0,4530.0,2980600,VND
2021-09-08,4500.0,4840.0,4460.0,4840.0,4220400,VND
2021-09-09,5170.0,5170.0,4900.0,5170.0,5295400,VND
2021-09-10,5530.0,5530.0,5520.0,5530.0,2609400,VND
2021-09-13,5910.0,5910.0,5600.0,5910.0,14500800,VND
2021-09-14,6320.0,6320.0,6320.0,6320.0,3390400,VND
2021-09-15,6760.0,6760.0,6760.0,6760.0,1768200,VND
2021-09-16,7230.0,7230.0,6290.0,6770.0,13908000,VND
2021-09-17,6300.0,6770.0,6300.0,6410.0,6671700,VND
2021-09-20,6850.0,6850.0,6800.0,6850.0,3694200,VND
2021-09-21,6900.0,7320.0,6800.0,7320.0,8965100,VND
2021-09-22,7830.0,7830.0,7830.0,7830.0,1673300,VND
2021-09-23,8370.0,8370.0,7300.0,8000.0,11408300,VND
2021-09-24,7470.0,8000.0,7440.0,7440.0,8470800,VND
2021-09-27,6920.0,7750.0,6920.0,6930.0,4340900,VND
2021-09-28,6450.0,7410.0,6450.0,7410.0,6218500,VND
2021-09-29,7450.0,7600.0,7300.0,7350.0,2585300,VND
2021-09-30,7350.0,7700.0,7000.0,7450.0,2097500,VND
2021-10-01,7350.0,7560.0,7350.0,7440.0,2599700,VND
