2009-06-01,19796.0,19796.0,19796.0,19796.0,5900,VND
2009-06-02,21141.0,21141.0,21141.0,21141.0,26400,VND
2009-06-03,22583.0,22583.0,22583.0,22583.0,70100,VND
2009-06-04,24120.0,24120.0,24120.0,24120.0,31000,VND
2009-06-05,25754.0,25754.0,25754.0,25754.0,21800,VND
2009-06-08,26907.0,27483.0,25946.0,27483.0,81800,VND
2009-06-09,29117.0,29117.0,25946.0,25946.0,20700,VND
2009-06-10,26715.0,26715.0,24889.0,24985.0,9400,VND
2009-06-11,23928.0,25465.0,23928.0,24024.0,86300,VND
2009-06-12,24985.0,25754.0,24505.0,24697.0,35100,VND
2009-06-15,23447.0,23447.0,23447.0,23447.0,3700,VND
2009-06-16,21814.0,22006.0,21814.0,21814.0,8800,VND
2009-06-17,20372.0,21141.0,20372.0,21141.0,20200,VND
2009-06-18,19411.0,21814.0,19411.0,21622.0,10300,VND
2009-06-19,22967.0,22967.0,22583.0,22583.0,7200,VND
2009-06-22,21237.0,21237.0,21237.0,21237.0,7100,VND
2009-06-23,19796.0,19796.0,19796.0,19796.0,1500,VND
2009-06-24,18450.0,21141.0,18450.0,20853.0,22400,VND
2009-06-25,19604.0,19604.0,18258.0,18258.0,22400,VND
2009-06-26,18450.0,19700.0,17393.0,19219.0,4500,VND
2009-06-30,17393.0,17393.0,17105.0,17105.0,12200,VND
2009-07-01,16336.0,16432.0,16048.0,16048.0,7400,VND
2009-07-02,17297.0,17297.0,17201.0,17297.0,6100,VND
2009-07-03,16240.0,17778.0,16240.0,17778.0,9900,VND
2009-07-06,18258.0,18450.0,18258.0,18450.0,10100,VND
2009-07-07,19604.0,19604.0,19219.0,19219.0,1000,VND
2009-07-08,20180.0,20180.0,18258.0,18258.0,1700,VND
2009-07-09,17778.0,18450.0,17778.0,17778.0,3500,VND
2009-07-10,17297.0,17297.0,16625.0,17297.0,8800,VND
2009-07-13,17297.0,17297.0,16432.0,16432.0,500,VND
2009-07-14,16336.0,17682.0,16336.0,17682.0,200,VND
2009-07-15,17297.0,17297.0,17201.0,17201.0,5100,VND
2009-07-16,18066.0,18066.0,17297.0,17297.0,5100,VND
2009-07-17,18066.0,18066.0,18066.0,18066.0,200,VND
2009-07-20,17682.0,17778.0,17682.0,17778.0,2000,VND
2009-07-21,18066.0,18066.0,16817.0,16817.0,600,VND
2009-07-22,17009.0,17009.0,16336.0,16336.0,3500,VND
2009-07-23,17201.0,17297.0,17201.0,17297.0,1100,VND
2009-07-24,18066.0,18450.0,18066.0,18450.0,20100,VND
2009-07-27,19219.0,19219.0,17297.0,17297.0,2200,VND
2009-07-28,17297.0,17297.0,17297.0,17297.0,3200,VND
2009-07-29,16336.0,16721.0,16336.0,16529.0,8300,VND
2009-07-30,15375.0,16336.0,15375.0,15856.0,6900,VND
2009-07-31,16721.0,16721.0,15087.0,16336.0,12900,VND
2009-08-03,16336.0,16336.0,15471.0,15471.0,3000,VND
2009-08-04,16529.0,16529.0,15087.0,15952.0,10300,VND
2009-08-05,15087.0,15856.0,15087.0,15375.0,12600,VND
2009-08-06,15375.0,16336.0,15375.0,15568.0,10800,VND
2009-08-07,16048.0,17201.0,16048.0,16336.0,5400,VND
2009-08-10,17201.0,17297.0,16817.0,17105.0,18800,VND
2009-08-11,17009.0,17297.0,17009.0,17297.0,6900,VND
2009-08-12,17297.0,17297.0,16817.0,17105.0,8600,VND
2009-08-13,17778.0,17778.0,17201.0,17201.0,4000,VND
2009-08-14,16529.0,17009.0,16529.0,16625.0,11100,VND
2009-08-17,16336.0,16817.0,15952.0,16336.0,31900,VND
2009-08-18,15568.0,16529.0,15568.0,16336.0,4500,VND
2009-08-19,16529.0,16817.0,16432.0,16432.0,4500,VND
2009-08-20,16529.0,17297.0,16529.0,17201.0,8300,VND
2009-08-21,17297.0,17393.0,16625.0,16721.0,11800,VND
2009-08-24,16721.0,17105.0,16240.0,16336.0,17500,VND
2009-08-25,16144.0,16336.0,16048.0,16336.0,1600,VND
2009-08-26,16336.0,17297.0,16336.0,17297.0,29300,VND
2009-08-27,18354.0,18354.0,17874.0,18354.0,39900,VND
2009-08-28,19508.0,19508.0,19219.0,19508.0,65200,VND
2009-08-31,20853.0,20853.0,20180.0,20853.0,80100,VND
2009-09-01,21910.0,21910.0,19315.0,19700.0,20800,VND
2009-09-03,19219.0,19700.0,18450.0,18835.0,28500,VND
2009-09-04,18835.0,19219.0,17874.0,18258.0,16900,VND
2009-09-07,17778.0,17970.0,17682.0,17970.0,21800,VND
2009-09-08,17778.0,18931.0,16913.0,18931.0,24400,VND
2009-09-09,19411.0,19700.0,19027.0,19508.0,26000,VND
2009-09-10,19219.0,19411.0,18258.0,18354.0,12200,VND
2009-09-11,19123.0,19315.0,19123.0,19219.0,12900,VND
2009-09-14,19411.0,19411.0,18066.0,18835.0,21600,VND
2009-09-15,18450.0,18739.0,18066.0,18739.0,35200,VND
2009-09-16,18931.0,19700.0,18931.0,19700.0,41600,VND
2009-09-17,20949.0,20949.0,20949.0,20949.0,53400,VND
2009-09-18,22390.0,22390.0,21045.0,22102.0,117800,VND
2009-09-21,22102.0,22102.0,20468.0,21526.0,38500,VND
2009-09-22,21141.0,21141.0,20084.0,20372.0,50200,VND
2009-09-23,20180.0,21141.0,19988.0,20180.0,41900,VND
2009-09-24,19892.0,19892.0,19219.0,19315.0,22400,VND
2009-09-25,18354.0,20853.0,18258.0,20661.0,36300,VND
2009-09-28,20661.0,21237.0,20661.0,21237.0,29600,VND
2009-09-29,22583.0,22583.0,21718.0,22583.0,84300,VND
2009-09-30,23928.0,24024.0,23255.0,24024.0,89200,VND
2009-10-01,25273.0,25465.0,22871.0,23255.0,64200,VND
2009-10-02,22294.0,22294.0,22294.0,22294.0,11400,VND
2009-10-05,21141.0,22198.0,20757.0,22198.0,40800,VND
2009-10-06,20757.0,22679.0,20757.0,22679.0,22300,VND
2009-10-07,22679.0,23255.0,22679.0,23255.0,49900,VND
2009-10-08,24505.0,24505.0,23063.0,23640.0,53900,VND
2009-10-09,24505.0,25369.0,23063.0,24985.0,36200,VND
2009-10-12,25465.0,26234.0,25465.0,26234.0,101400,VND
2009-10-13,27964.0,27964.0,25946.0,26234.0,45800,VND
2009-10-14,24985.0,28060.0,24793.0,28060.0,82300,VND
2009-10-15,28348.0,28733.0,27387.0,27676.0,64200,VND
2009-10-16,26907.0,29790.0,26715.0,26907.0,80300,VND
2009-10-19,26907.0,27868.0,26619.0,26907.0,12600,VND
2009-10-20,28348.0,28348.0,25946.0,27868.0,59000,VND
2009-10-21,27772.0,27772.0,25946.0,27483.0,27000,VND
2009-10-22,26907.0,27772.0,26619.0,27099.0,50300,VND
2009-10-23,27099.0,27483.0,25273.0,26042.0,53900,VND
2009-10-26,25946.0,26138.0,24793.0,25177.0,39800,VND
2009-10-27,24120.0,25081.0,23544.0,24985.0,27300,VND
2009-10-28,25465.0,26234.0,25465.0,26234.0,18100,VND
2009-10-29,27195.0,27964.0,26907.0,27964.0,110700,VND
2009-10-30,29886.0,29886.0,29886.0,29886.0,64800,VND
2009-11-02,31904.0,31904.0,31904.0,31904.0,115800,VND
2009-11-03,34114.0,34114.0,34114.0,34114.0,88300,VND
2009-11-04,36420.0,36420.0,36420.0,36420.0,32600,VND
2009-11-05,38919.0,38919.0,38919.0,38919.0,15600,VND
2009-11-06,41610.0,41610.0,36228.0,41610.0,629500,VND
2009-11-09,37381.0,40360.0,37285.0,37285.0,59800,VND
2009-11-10,39303.0,39303.0,34787.0,34787.0,158600,VND
2009-11-11,32865.0,36228.0,32865.0,35171.0,82700,VND
2009-11-12,34306.0,36324.0,34306.0,34306.0,83900,VND
2009-11-13,33634.0,36517.0,33634.0,36517.0,71600,VND
2009-11-16,36517.0,38342.0,36517.0,37862.0,165900,VND
2009-11-17,38823.0,40360.0,36036.0,40264.0,124400,VND
2009-11-18,41129.0,41417.0,37574.0,41417.0,71000,VND
2009-11-19,42282.0,42282.0,38823.0,38919.0,56000,VND
2009-11-20,39399.0,39399.0,37381.0,37574.0,56600,VND
2009-11-23,35652.0,38727.0,35267.0,37381.0,65500,VND
2009-11-24,37477.0,37477.0,34114.0,36420.0,18900,VND
2009-11-25,37958.0,38535.0,34306.0,34306.0,64400,VND
2009-11-26,36420.0,36420.0,32673.0,32673.0,94700,VND
2009-11-27,32480.0,36036.0,32480.0,32480.0,86800,VND
2009-11-30,33538.0,35556.0,33538.0,33730.0,53500,VND
2009-12-01,35556.0,35556.0,33153.0,33153.0,48900,VND
2009-12-02,34595.0,34595.0,32384.0,32384.0,32300,VND
2009-12-03,33634.0,33634.0,31904.0,32288.0,19300,VND
2009-12-04,32673.0,33153.0,32673.0,33153.0,7800,VND
2009-12-07,30751.0,32192.0,30751.0,30847.0,5100,VND
2009-12-08,33153.0,33153.0,30943.0,31039.0,13500,VND
2009-12-09,30559.0,30559.0,29021.0,29021.0,24400,VND
2009-12-10,32096.0,32096.0,28156.0,28156.0,22900,VND
2009-12-11,32096.0,32096.0,28156.0,28156.0,3800,VND
2009-12-14,31039.0,31039.0,29213.0,29213.0,5300,VND
2009-12-15,31231.0,31231.0,30559.0,30559.0,5100,VND
2009-12-16,28444.0,28444.0,28444.0,28444.0,600,VND
2009-12-17,30174.0,30174.0,26907.0,26907.0,2500,VND
2009-12-18,30270.0,30943.0,28829.0,29502.0,65900,VND
2009-12-21,31135.0,31231.0,30366.0,30366.0,29900,VND
2009-12-22,31520.0,31520.0,31423.0,31520.0,1100,VND
2009-12-23,32673.0,32673.0,29309.0,30559.0,45200,VND
2009-12-24,29502.0,30270.0,29502.0,30270.0,9300,VND
2009-12-25,30751.0,30751.0,29790.0,30174.0,13100,VND
2009-12-28,30270.0,30751.0,28252.0,30751.0,85500,VND
2009-12-29,30270.0,31231.0,30270.0,31231.0,54200,VND
2009-12-30,33153.0,33153.0,31904.0,33153.0,81400,VND
2009-12-31,35267.0,35267.0,30847.0,30943.0,10600,VND
2010-01-04,32673.0,33538.0,31712.0,33538.0,58600,VND
2010-01-05,34595.0,35363.0,33153.0,33153.0,64500,VND
2010-01-06,31616.0,31904.0,31616.0,31616.0,42700,VND
2010-01-07,31520.0,31520.0,29790.0,30366.0,26300,VND
2010-01-08,30270.0,31231.0,28925.0,30751.0,17200,VND
2010-01-11,30174.0,30751.0,30174.0,30655.0,2400,VND
2010-01-12,30751.0,30751.0,28252.0,28252.0,35000,VND
2010-01-13,26907.0,28637.0,26715.0,27868.0,10800,VND
2010-01-14,28637.0,28733.0,28637.0,28733.0,13000,VND
2010-01-15,30655.0,30655.0,27868.0,28348.0,2800,VND
2010-01-18,27483.0,27676.0,27483.0,27483.0,28500,VND
2010-01-19,28829.0,28829.0,28829.0,28829.0,100,VND
2010-01-20,28829.0,28829.0,26811.0,26907.0,9900,VND
2010-01-22,28541.0,28541.0,26907.0,26907.0,900,VND
2010-01-25,27099.0,27099.0,27099.0,27099.0,900,VND
2010-01-26,26907.0,28829.0,26907.0,27868.0,10000,VND
2010-01-27,27003.0,27003.0,26907.0,26907.0,1700,VND
2010-01-28,28637.0,28637.0,25177.0,25177.0,18500,VND
2010-01-29,25946.0,26907.0,24024.0,25946.0,2500,VND
2010-02-01,25658.0,25658.0,25658.0,25658.0,2000,VND
2010-02-02,27387.0,27387.0,25658.0,25658.0,2600,VND
2010-02-03,27868.0,27868.0,27868.0,27868.0,1000,VND
2010-02-04,28252.0,28252.0,25946.0,27868.0,136300,VND
2010-02-05,29309.0,29309.0,26138.0,26138.0,4500,VND
2010-02-08,27195.0,27195.0,25465.0,25465.0,1800,VND
2010-02-09,25465.0,25465.0,25465.0,25465.0,1700,VND
2010-02-10,24024.0,24024.0,23736.0,23736.0,2500,VND
2010-02-11,25562.0,25562.0,25465.0,25562.0,224600,VND
2010-02-12,27291.0,27291.0,26907.0,27291.0,14900,VND
2010-02-22,26907.0,26907.0,25946.0,25946.0,1500,VND
2010-02-23,25946.0,25946.0,25946.0,25946.0,800,VND
2010-02-24,26907.0,26907.0,25946.0,25946.0,400,VND
2010-02-25,26907.0,26907.0,25946.0,26042.0,70500,VND
2010-02-26,26907.0,27772.0,26138.0,26619.0,24600,VND
2010-03-01,25946.0,27291.0,25946.0,27099.0,4300,VND
2010-03-02,27099.0,27099.0,26426.0,26907.0,10300,VND
2010-03-03,26907.0,27387.0,26715.0,27387.0,12100,VND
2010-03-04,28156.0,28156.0,27003.0,27099.0,55800,VND
2010-03-05,28444.0,29021.0,26907.0,29021.0,37600,VND
2010-03-08,30078.0,30078.0,29790.0,30078.0,30100,VND
2010-03-09,31712.0,31712.0,28060.0,29790.0,3100,VND
2010-03-10,30462.0,30462.0,28829.0,28925.0,7700,VND
2010-03-11,29309.0,29598.0,28156.0,28156.0,7400,VND
2010-03-12,27099.0,29790.0,26907.0,29213.0,7900,VND
2010-03-15,28541.0,28829.0,27868.0,28541.0,5300,VND
2010-03-16,27868.0,27868.0,26523.0,26907.0,25400,VND
2010-03-17,27099.0,27099.0,25946.0,26523.0,8300,VND
2010-03-18,26907.0,28348.0,26715.0,28348.0,23400,VND
2010-03-19,29309.0,29598.0,29309.0,29598.0,66900,VND
2010-03-22,31616.0,31616.0,31520.0,31616.0,50600,VND
2010-03-23,33826.0,33826.0,31712.0,33826.0,209300,VND
2010-03-24,34595.0,34595.0,31327.0,33153.0,30200,VND
2010-03-25,31904.0,31904.0,30943.0,30943.0,79100,VND
2010-03-26,30751.0,30751.0,28829.0,29405.0,80100,VND
2010-03-29,28829.0,30462.0,28829.0,29886.0,38000,VND
2010-03-30,29886.0,31135.0,27676.0,29790.0,81900,VND
2010-03-31,30751.0,30751.0,28829.0,28925.0,25400,VND
2010-04-01,31231.0,31231.0,29405.0,29598.0,10900,VND
2010-04-02,29790.0,29790.0,28829.0,29213.0,76000,VND
2010-04-05,29790.0,31327.0,29790.0,31327.0,29800,VND
2010-04-06,33249.0,33249.0,30751.0,31039.0,38700,VND
2010-04-07,30462.0,31520.0,29598.0,31520.0,29200,VND
2010-04-08,30751.0,31231.0,30462.0,30655.0,60700,VND
2010-04-09,30751.0,30751.0,29790.0,30366.0,62200,VND
2010-04-12,31135.0,32384.0,31039.0,32384.0,160000,VND
2010-04-13,32384.0,32384.0,30655.0,30751.0,49600,VND
2010-04-14,31039.0,31039.0,30270.0,31039.0,22800,VND
2010-04-15,30751.0,31135.0,30559.0,30751.0,30800,VND
2010-04-16,30751.0,32673.0,30751.0,32673.0,70400,VND
2010-04-19,31423.0,32480.0,31135.0,31712.0,35800,VND
2010-04-20,31712.0,32865.0,30943.0,32000.0,113300,VND
2010-04-21,34000.0,34000.0,33800.0,34000.0,83900,VND
2010-04-22,36300.0,36300.0,34200.0,35900.0,162800,VND
2010-04-26,35900.0,35900.0,34500.0,34800.0,23000,VND
2010-04-27,34900.0,37400.0,33600.0,37400.0,94000,VND
2010-04-28,36500.0,38000.0,36200.0,38000.0,136400,VND
2010-04-29,40400.0,40400.0,40000.0,40400.0,160000,VND
2010-05-04,40000.0,42000.0,40000.0,40300.0,46800,VND
2010-05-05,40300.0,42500.0,39000.0,42500.0,51400,VND
2010-05-06,40000.0,42000.0,40000.0,42000.0,74100,VND
2010-05-07,42000.0,42000.0,39100.0,39500.0,112600,VND
2010-05-10,38500.0,38500.0,37200.0,38000.0,76700,VND
2010-05-11,39000.0,39000.0,36000.0,37000.0,25800,VND
2010-05-12,35200.0,38400.0,34900.0,34900.0,63100,VND
2010-05-13,33500.0,36800.0,33300.0,36400.0,56100,VND
2010-05-14,36500.0,38600.0,36500.0,37900.0,36300,VND
2010-05-17,38000.0,38200.0,35600.0,35800.0,42000,VND
2010-05-18,38000.0,38000.0,34100.0,36600.0,45400,VND
2010-05-19,36600.0,36600.0,33100.0,35600.0,81200,VND
2010-05-20,32800.0,35000.0,32700.0,34000.0,50400,VND
2010-05-21,32000.0,34700.0,30800.0,30800.0,29000,VND
2010-05-24,32000.0,32300.0,31000.0,32300.0,9600,VND
2010-05-25,33000.0,33000.0,30000.0,32600.0,37100,VND
2010-05-26,30300.0,33400.0,30300.0,33400.0,49700,VND
2010-05-27,34000.0,34000.0,33000.0,33400.0,33600,VND
2010-05-28,36000.0,36000.0,34500.0,35900.0,54400,VND
2010-05-31,37400.0,37400.0,34200.0,35000.0,4300,VND
2010-06-01,34900.0,34900.0,33100.0,33800.0,6200,VND
2010-06-02,35400.0,35400.0,33400.0,34500.0,8500,VND
2010-06-03,35400.0,35500.0,34700.0,35300.0,102700,VND
2010-06-04,36000.0,36900.0,34200.0,35500.0,71700,VND
2010-06-07,33800.0,36300.0,33800.0,36300.0,48400,VND
2010-06-08,34600.0,36000.0,34600.0,35500.0,22400,VND
2010-06-09,35500.0,35500.0,34000.0,34500.0,13200,VND
2010-06-10,33100.0,33900.0,32700.0,33800.0,67000,VND
2010-06-11,35500.0,35500.0,34000.0,34100.0,32000,VND
2010-06-14,36000.0,36700.0,35300.0,35500.0,72500,VND
2010-06-15,36200.0,36200.0,35000.0,35200.0,26200,VND
2010-06-16,35800.0,35800.0,34200.0,34500.0,16600,VND
2010-06-17,34100.0,35300.0,34100.0,34300.0,13400,VND
2010-06-18,34300.0,34500.0,34100.0,34400.0,65200,VND
2010-06-21,35000.0,35000.0,34100.0,34200.0,23500,VND
2010-06-22,33500.0,34200.0,33100.0,33200.0,15200,VND
2010-06-23,33500.0,33500.0,32500.0,32500.0,17600,VND
2010-06-24,33100.0,33200.0,32600.0,33100.0,9200,VND
2010-06-25,32500.0,32500.0,32000.0,32000.0,14000,VND
2010-06-28,32100.0,32100.0,31800.0,32100.0,3800,VND
2010-06-29,34000.0,34100.0,32500.0,32500.0,45000,VND
2010-06-30,33900.0,34400.0,31500.0,32600.0,47200,VND
2010-07-01,32000.0,32700.0,31500.0,32700.0,17900,VND
2010-07-02,32700.0,32700.0,32700.0,32700.0,100,VND
2010-07-05,31500.0,32000.0,31500.0,32000.0,6300,VND
2010-07-06,31900.0,31900.0,31900.0,31900.0,200,VND
2010-07-07,30400.0,32000.0,29700.0,32000.0,32300,VND
2010-07-08,31900.0,31900.0,30500.0,31000.0,25600,VND
2010-07-09,32300.0,32400.0,31000.0,31900.0,43300,VND
2010-07-12,33700.0,33700.0,30600.0,32500.0,27000,VND
2010-07-13,31400.0,33500.0,31400.0,32000.0,38800,VND
2010-07-14,31000.0,33500.0,31000.0,32200.0,93600,VND
2010-07-15,33000.0,33000.0,31500.0,31600.0,11200,VND
2010-07-16,33400.0,33400.0,31000.0,31500.0,16700,VND
2010-07-19,32500.0,32500.0,31200.0,31300.0,500,VND
2010-07-20,31000.0,31800.0,31000.0,31800.0,62400,VND
2010-07-21,31900.0,33800.0,31800.0,32000.0,31300,VND
2010-07-22,33000.0,33000.0,31500.0,33000.0,50600,VND
2010-07-23,31300.0,31300.0,31000.0,31000.0,3800,VND
2010-07-26,31000.0,31900.0,30500.0,31000.0,50000,VND
2010-07-27,32000.0,32500.0,32000.0,32500.0,16000,VND
2010-07-28,32500.0,34000.0,30700.0,31000.0,55000,VND
2010-07-29,31500.0,32900.0,31400.0,31500.0,17900,VND
2010-07-30,32900.0,32900.0,31500.0,31500.0,15500,VND
2010-08-02,31000.0,32100.0,30700.0,31900.0,20200,VND
2010-08-03,32000.0,32300.0,31000.0,31000.0,52400,VND
2010-08-04,30500.0,30500.0,30100.0,30100.0,26100,VND
2010-08-05,30100.0,30100.0,29000.0,29800.0,44400,VND
2010-08-06,30900.0,31300.0,29000.0,29000.0,17400,VND
2010-08-09,31300.0,31300.0,29000.0,29000.0,34800,VND
2010-08-10,29900.0,32500.0,28900.0,30000.0,68200,VND
2010-08-11,31500.0,32100.0,29600.0,29700.0,47400,VND
2010-08-12,31500.0,31900.0,29600.0,29600.0,40800,VND
2010-08-13,30500.0,31400.0,29500.0,29500.0,61600,VND
2010-08-16,30800.0,30900.0,30000.0,30500.0,6800,VND
2010-08-17,31000.0,31000.0,28700.0,29000.0,53400,VND
2010-08-18,30200.0,30200.0,28400.0,28400.0,51000,VND
2010-08-19,27800.0,28500.0,27800.0,28500.0,21300,VND
2010-08-20,28200.0,28200.0,26400.0,27900.0,35900,VND
2010-08-23,25900.0,28000.0,25800.0,28000.0,91900,VND
2010-08-24,25600.0,26200.0,25500.0,26200.0,56800,VND
2010-08-25,26600.0,27500.0,24200.0,24200.0,56300,VND
2010-08-26,25000.0,25000.0,24700.0,24700.0,17600,VND
2010-08-27,26000.0,26200.0,23000.0,23000.0,59600,VND
2010-08-30,24000.0,25900.0,24000.0,25900.0,26300,VND
2010-08-31,24700.0,25700.0,24600.0,25700.0,69800,VND
2010-09-01,25600.0,25600.0,24600.0,24600.0,35500,VND
2010-09-06,25300.0,26300.0,24300.0,24300.0,70200,VND
2010-09-07,25400.0,25700.0,23700.0,23700.0,93900,VND
2010-09-08,24900.0,26100.0,22800.0,22900.0,289800,VND
2010-09-09,25000.0,25200.0,25000.0,25200.0,44600,VND
2010-09-10,26900.0,26900.0,26000.0,26900.0,191600,VND
2010-09-13,28500.0,28700.0,27400.0,28700.0,109200,VND
2010-09-14,26600.0,28600.0,26600.0,26600.0,74100,VND
2010-09-15,25800.0,25800.0,24900.0,24900.0,48400,VND
2010-09-16,24900.0,25500.0,24400.0,24700.0,35500,VND
2010-09-17,26000.0,26000.0,24800.0,25500.0,55400,VND
2010-09-20,25600.0,25600.0,24000.0,24600.0,72300,VND
2010-09-21,24500.0,24800.0,24300.0,24500.0,40200,VND
2010-09-22,25200.0,25200.0,24200.0,24300.0,47300,VND
2010-09-23,24100.0,24800.0,23700.0,24300.0,20800,VND
2010-09-24,24000.0,24300.0,23700.0,23900.0,10800,VND
2010-09-27,23700.0,23900.0,23600.0,23600.0,23700,VND
2010-09-28,23500.0,24400.0,23500.0,23900.0,10400,VND
2010-09-29,23600.0,24400.0,22900.0,23500.0,16000,VND
2010-09-30,24200.0,24200.0,23100.0,23900.0,5700,VND
2010-10-01,24400.0,24400.0,22800.0,22800.0,40000,VND
2010-10-04,21600.0,21600.0,21500.0,21500.0,46300,VND
2010-10-05,22000.0,22000.0,20000.0,20800.0,12900,VND
2010-10-06,21500.0,21600.0,21000.0,21300.0,14500,VND
2010-10-07,21200.0,21700.0,21000.0,21000.0,11800,VND
2010-10-08,20500.0,21100.0,20100.0,21100.0,3000,VND
2010-10-11,21000.0,21000.0,21000.0,21000.0,300,VND
2010-10-12,21400.0,21400.0,20000.0,20000.0,2000,VND
2010-10-13,20400.0,20400.0,19200.0,20300.0,400,VND
2010-10-14,20100.0,20800.0,19900.0,19900.0,14300,VND
2010-10-15,20500.0,20500.0,20000.0,20100.0,1600,VND
2010-10-18,19000.0,19200.0,18700.0,18900.0,11900,VND
2010-10-19,18000.0,18000.0,17500.0,17900.0,9000,VND
2010-10-20,17400.0,18700.0,16800.0,17500.0,23900,VND
2010-10-21,17800.0,18000.0,17700.0,18000.0,15800,VND
2010-10-22,18400.0,18500.0,17400.0,17400.0,32900,VND
2010-10-25,17600.0,17600.0,17200.0,17600.0,12400,VND
2010-10-26,17000.0,18700.0,17000.0,17800.0,43300,VND
2010-10-27,17600.0,17700.0,17100.0,17700.0,17200,VND
2010-10-28,17500.0,18200.0,17300.0,18000.0,50000,VND
2010-10-29,17600.0,17900.0,17500.0,17700.0,37100,VND
2010-11-01,17700.0,17800.0,17500.0,17500.0,16000,VND
2010-11-02,17100.0,17600.0,17100.0,17600.0,7800,VND
2010-11-03,17100.0,17100.0,16400.0,16600.0,19300,VND
2010-11-04,16300.0,16300.0,16300.0,16300.0,9500,VND
2010-11-05,17200.0,17200.0,16400.0,16500.0,12500,VND
2010-11-08,17200.0,17200.0,17200.0,17200.0,100,VND
2010-11-09,16000.0,16000.0,16000.0,16000.0,1400,VND
2010-11-10,16000.0,16000.0,15700.0,15700.0,1200,VND
2010-11-11,15000.0,15500.0,14900.0,14900.0,14100,VND
2010-11-12,14100.0,14200.0,14100.0,14200.0,13900,VND
2010-11-15,14800.0,14800.0,13400.0,13500.0,8000,VND
2010-11-16,12700.0,12700.0,12500.0,12500.0,7800,VND
2010-11-17,13000.0,13000.0,12500.0,13000.0,20700,VND
2010-11-18,12500.0,13300.0,12500.0,13100.0,8600,VND
2010-11-19,12800.0,13400.0,12800.0,12800.0,17400,VND
2010-11-22,13000.0,13000.0,13000.0,13000.0,23800,VND
2010-11-23,13400.0,13500.0,13200.0,13500.0,7500,VND
2010-11-24,13500.0,13500.0,13400.0,13400.0,4000,VND
2010-11-25,14000.0,14100.0,13400.0,13800.0,27500,VND
2010-11-26,14100.0,14300.0,13800.0,14300.0,25900,VND
2010-11-29,14500.0,15000.0,14400.0,15000.0,28300,VND
2010-11-30,15600.0,15700.0,15600.0,15700.0,11700,VND
2010-12-01,16500.0,16700.0,15600.0,15800.0,59900,VND
2010-12-02,16300.0,16700.0,15200.0,16400.0,14500,VND
2010-12-03,17000.0,17100.0,16500.0,17000.0,18000,VND
2010-12-06,17800.0,17800.0,16300.0,16700.0,8300,VND
2010-12-07,17000.0,17300.0,16000.0,16000.0,16900,VND
2010-12-08,16000.0,16000.0,15600.0,15600.0,8400,VND
2010-12-09,16300.0,16500.0,16000.0,16100.0,6400,VND
2010-12-10,16700.0,17000.0,16000.0,17000.0,23700,VND
2010-12-13,17200.0,17500.0,16900.0,16900.0,44300,VND
2010-12-14,17000.0,17400.0,15900.0,15900.0,21200,VND
2010-12-15,15300.0,16800.0,15300.0,15800.0,6000,VND
2010-12-16,15700.0,16300.0,15600.0,15600.0,14700,VND
2010-12-17,16800.0,16800.0,16000.0,16000.0,7400,VND
2010-12-20,16800.0,16800.0,15600.0,15600.0,11000,VND
2010-12-21,16700.0,16700.0,15600.0,16000.0,30500,VND
2010-12-22,16700.0,16700.0,15700.0,15700.0,11500,VND
2010-12-23,16100.0,16100.0,16100.0,16100.0,6000,VND
2010-12-24,16400.0,16400.0,15400.0,15400.0,4000,VND
2010-12-27,16100.0,16100.0,15400.0,15400.0,9600,VND
2010-12-28,16100.0,16100.0,15000.0,16000.0,26000,VND
2010-12-29,15800.0,15800.0,15400.0,15500.0,18200,VND
2010-12-30,15000.0,15700.0,15000.0,15700.0,7800,VND
2010-12-31,15300.0,15800.0,15300.0,15500.0,18700,VND
2011-01-04,15100.0,15900.0,15100.0,15900.0,11800,VND
2011-01-05,14800.0,16300.0,14800.0,16300.0,23500,VND
2011-01-06,16000.0,16500.0,16000.0,16400.0,35100,VND
2011-01-07,16500.0,16500.0,16000.0,16000.0,3100,VND
2011-01-10,15100.0,16100.0,15100.0,16100.0,10300,VND
2011-01-11,15500.0,15900.0,15500.0,15900.0,31400,VND
2011-01-13,15900.0,16000.0,15900.0,16000.0,3000,VND
2011-01-14,16000.0,16400.0,16000.0,16400.0,4700,VND
2011-01-18,16100.0,16100.0,15800.0,15800.0,4700,VND
2011-01-19,15900.0,15900.0,15800.0,15800.0,6300,VND
2011-01-20,16400.0,16400.0,16000.0,16300.0,7900,VND
2011-01-21,15300.0,16100.0,15300.0,16000.0,16900,VND
2011-01-24,15800.0,16100.0,15700.0,15700.0,6200,VND
2011-01-25,15600.0,15700.0,15500.0,15600.0,10200,VND
2011-01-26,15700.0,15700.0,15700.0,15700.0,15600,VND
2011-01-27,15800.0,15800.0,15600.0,15600.0,1500,VND
2011-01-28,15900.0,16700.0,15900.0,16700.0,12200,VND
2011-02-08,17400.0,17400.0,17200.0,17200.0,2000,VND
2011-02-09,16900.0,16900.0,16800.0,16800.0,4600,VND
2011-02-10,17000.0,17000.0,17000.0,17000.0,4800,VND
2011-02-11,16800.0,16800.0,16800.0,16800.0,100,VND
2011-02-14,16900.0,16900.0,16800.0,16800.0,200,VND
2011-02-15,16700.0,16700.0,16700.0,16700.0,1600,VND
2011-02-16,16700.0,17000.0,16700.0,17000.0,6800,VND
2011-02-17,16000.0,16000.0,16000.0,16000.0,100,VND
2011-02-21,16900.0,16900.0,14900.0,15300.0,31500,VND
2011-02-22,15100.0,15500.0,15100.0,15500.0,5400,VND
2011-02-23,15500.0,16000.0,15500.0,16000.0,17000,VND
2011-02-24,14800.0,15700.0,14800.0,15700.0,13200,VND
2011-02-25,15500.0,15500.0,15500.0,15500.0,800,VND
2011-02-28,15800.0,16000.0,15300.0,15300.0,24400,VND
2011-03-01,15700.0,15700.0,15300.0,15300.0,8000,VND
2011-03-02,14500.0,15000.0,14500.0,14700.0,24000,VND
2011-03-03,14700.0,15600.0,14700.0,14800.0,4400,VND
2011-03-04,15100.0,15200.0,14900.0,15200.0,9500,VND
2011-03-07,15600.0,15600.0,15300.0,15500.0,600,VND
2011-03-08,15000.0,15300.0,15000.0,15300.0,1300,VND
2011-03-09,14800.0,16000.0,14800.0,16000.0,15400,VND
2011-03-10,15900.0,16600.0,15900.0,16600.0,10300,VND
2011-03-11,16600.0,17600.0,16600.0,17600.0,18600,VND
2011-03-14,17700.0,17700.0,17000.0,17000.0,28700,VND
2011-03-15,17400.0,17400.0,16900.0,16900.0,4700,VND
2011-03-16,17100.0,17800.0,17100.0,17800.0,9500,VND
2011-03-17,18000.0,18500.0,18000.0,18500.0,21400,VND
2011-03-18,19600.0,19600.0,19600.0,19600.0,1700,VND
2011-03-21,20900.0,20900.0,20900.0,20900.0,2300,VND
2011-03-22,22300.0,22300.0,22300.0,22300.0,9100,VND
2011-03-23,23800.0,23800.0,21800.0,23800.0,43700,VND
2011-03-24,25300.0,25300.0,25300.0,25300.0,2900,VND
2011-03-25,27000.0,27000.0,27000.0,27000.0,19100,VND
2011-03-28,28800.0,28800.0,25200.0,25200.0,131500,VND
2011-03-29,24700.0,24700.0,24700.0,24700.0,2000,VND
2011-03-30,23000.0,23000.0,23000.0,23000.0,72200,VND
2011-03-31,23000.0,24600.0,23000.0,24600.0,57400,VND
2011-04-01,24900.0,24900.0,24900.0,24900.0,29600,VND
2011-04-04,24100.0,25200.0,24100.0,25100.0,32900,VND
2011-04-05,23500.0,24500.0,23300.0,24500.0,16800,VND
2011-04-06,23900.0,23900.0,23900.0,23900.0,600,VND
2011-04-07,23900.0,24500.0,23900.0,24000.0,45700,VND
2011-04-08,24000.0,24000.0,22600.0,22800.0,4800,VND
2011-04-13,23400.0,23400.0,22500.0,22700.0,13200,VND
2011-04-14,22000.0,23200.0,22000.0,22000.0,30900,VND
2011-04-15,21000.0,21100.0,20800.0,20800.0,12400,VND
2011-04-18,19600.0,19900.0,19600.0,19600.0,37800,VND
2011-04-19,19000.0,19300.0,19000.0,19000.0,9700,VND
2011-04-20,19100.0,19100.0,19100.0,19100.0,500,VND
2011-04-21,19000.0,19000.0,18500.0,19000.0,6800,VND
2011-04-22,19700.0,19700.0,19700.0,19700.0,400,VND
2011-04-25,20900.0,21000.0,20900.0,21000.0,49000,VND
2011-04-26,21000.0,21000.0,20500.0,20500.0,1100,VND
2011-04-27,22000.0,22000.0,21000.0,21000.0,29600,VND
2011-04-28,21000.0,21000.0,20500.0,20500.0,6500,VND
2011-04-29,20900.0,20900.0,20900.0,20900.0,300,VND
2011-05-04,19600.0,21000.0,19500.0,21000.0,4000,VND
2011-05-09,20000.0,20000.0,20000.0,20000.0,2000,VND
2011-05-11,20000.0,20000.0,19800.0,19800.0,1100,VND
2011-05-12,20900.0,20900.0,20900.0,20900.0,100,VND
2011-05-13,19500.0,21000.0,19500.0,19600.0,3700,VND
2011-05-17,19200.0,19300.0,19200.0,19200.0,13900,VND
2011-05-18,19500.0,19500.0,19500.0,19500.0,1000,VND
2011-05-19,18200.0,20800.0,18200.0,19000.0,4000,VND
2011-05-20,19000.0,19000.0,19000.0,19000.0,3300,VND
2011-05-23,18000.0,18000.0,17700.0,17700.0,1600,VND
2011-05-24,18000.0,18000.0,16600.0,16600.0,600,VND
2011-05-25,18000.0,18000.0,16600.0,16600.0,10800,VND
2011-05-26,17800.0,18000.0,17800.0,18000.0,42700,VND
2011-05-27,18000.0,18000.0,18000.0,18000.0,2700,VND
2011-06-07,18000.0,18600.0,18000.0,18500.0,3200,VND
2011-06-10,18500.0,18500.0,18500.0,18500.0,2000,VND
2011-06-14,18500.0,18500.0,18000.0,18000.0,6300,VND
2011-06-16,18500.0,18500.0,18500.0,18500.0,100,VND
2011-06-17,19500.0,19500.0,19500.0,19500.0,100,VND
2011-06-22,19400.0,19400.0,19400.0,19400.0,6000,VND
2011-07-04,19400.0,19400.0,19400.0,19400.0,4500,VND
2011-07-05,18100.0,18100.0,18100.0,18100.0,100,VND
2011-07-06,16900.0,18200.0,16900.0,18200.0,12200,VND
2011-07-07,19000.0,19000.0,17200.0,17200.0,12200,VND
2011-07-08,19700.0,19700.0,19700.0,19700.0,100,VND
2011-07-11,20000.0,20000.0,19900.0,19900.0,1800,VND
2011-07-18,18600.0,18600.0,18600.0,18600.0,100,VND
2011-07-19,18800.0,19500.0,18800.0,19400.0,7000,VND
2011-07-20,20000.0,20700.0,19000.0,19400.0,8600,VND
2011-07-21,19500.0,20100.0,19500.0,20100.0,8700,VND
2011-07-22,19600.0,19700.0,19600.0,19700.0,400,VND
2011-07-25,19800.0,19800.0,18400.0,18400.0,200,VND
2011-07-27,19000.0,20400.0,17800.0,17800.0,17300,VND
2011-08-01,18600.0,19900.0,18600.0,19900.0,1200,VND
2011-08-10,20900.0,20900.0,20900.0,20900.0,100,VND
2011-08-29,22300.0,22300.0,22300.0,22300.0,100,VND
2011-08-31,23000.0,23000.0,23000.0,23000.0,100,VND
2011-09-05,21400.0,21400.0,21400.0,21400.0,300,VND
2011-09-06,22300.0,22300.0,20000.0,21700.0,2600,VND
2011-09-07,20000.0,21500.0,20000.0,20000.0,20500,VND
2011-09-08,19400.0,20600.0,19400.0,19600.0,62600,VND
2011-09-09,18700.0,21500.0,18700.0,18700.0,49600,VND
2011-09-12,21900.0,21900.0,19100.0,19200.0,21400,VND
2011-09-13,21300.0,22200.0,19500.0,19600.0,22700,VND
2011-09-14,21200.0,21700.0,19500.0,19500.0,18500,VND
2011-09-15,21100.0,21400.0,19900.0,19900.0,14200,VND
2011-09-16,20600.0,20600.0,19500.0,19500.0,10000,VND
2011-09-19,19000.0,19000.0,19000.0,19000.0,2200,VND
2011-09-20,17700.0,20300.0,17700.0,17800.0,27400,VND
2011-09-21,20200.0,20200.0,17900.0,18000.0,8300,VND
2011-09-22,20000.0,20500.0,18200.0,18300.0,9900,VND
2011-09-23,20300.0,20300.0,20300.0,20300.0,7500,VND
2011-09-26,18900.0,19800.0,18900.0,18900.0,11100,VND
2011-09-27,19500.0,19600.0,18200.0,18200.0,11500,VND
2011-09-28,18900.0,19200.0,18500.0,18500.0,13500,VND
2011-09-29,18700.0,20000.0,17800.0,19400.0,33500,VND
2011-09-30,19000.0,19000.0,18300.0,18300.0,14700,VND
2011-10-03,19000.0,19000.0,19000.0,19000.0,18300,VND
2011-10-04,19400.0,19400.0,18500.0,18500.0,18200,VND
2011-10-05,19000.0,19300.0,19000.0,19300.0,28900,VND
2011-10-06,18600.0,19300.0,18600.0,19300.0,9700,VND
2011-10-07,19200.0,19200.0,19200.0,19200.0,10000,VND
2011-10-10,19300.0,19300.0,19200.0,19200.0,9100,VND
2011-10-11,18600.0,18600.0,18500.0,18500.0,3700,VND
2011-10-12,19700.0,19700.0,19700.0,19700.0,2700,VND
2011-10-14,18700.0,18700.0,18700.0,18700.0,200,VND
2011-10-17,19000.0,19300.0,18900.0,19200.0,20200,VND
2011-10-18,20500.0,20500.0,19300.0,20400.0,53500,VND
2011-10-19,21300.0,21300.0,20000.0,21300.0,29700,VND
2011-10-20,21000.0,21400.0,20000.0,20000.0,19000,VND
2011-10-21,22000.0,22000.0,20000.0,20000.0,11500,VND
2011-10-24,21400.0,21400.0,21400.0,21400.0,3900,VND
2011-10-25,20400.0,22800.0,20200.0,21400.0,20600,VND
2011-10-26,21400.0,21400.0,20300.0,20300.0,14300,VND
2011-10-27,20900.0,20900.0,20800.0,20800.0,11300,VND
2011-10-28,20800.0,20800.0,19500.0,19500.0,18100,VND
2011-11-03,20900.0,20900.0,18800.0,18800.0,8400,VND
2011-11-04,21700.0,21700.0,19400.0,19400.0,8500,VND
2011-11-08,21200.0,21200.0,21200.0,21200.0,4600,VND
2011-11-21,19800.0,19800.0,19800.0,19800.0,100,VND
2011-11-22,18500.0,18500.0,18500.0,18500.0,100,VND
2011-11-23,17300.0,17300.0,17300.0,17300.0,100,VND
2011-11-24,16100.0,16100.0,16100.0,16100.0,500,VND
2011-11-25,15000.0,17000.0,15000.0,17000.0,8100,VND
2011-11-29,15900.0,15900.0,15900.0,15900.0,100,VND
2011-11-30,14800.0,17000.0,14800.0,17000.0,1100,VND
2011-12-01,17500.0,17500.0,17500.0,17500.0,500,VND
2011-12-02,18500.0,18500.0,18500.0,18500.0,200,VND
2011-12-05,19400.0,19400.0,19400.0,19400.0,200,VND
2011-12-06,20600.0,20600.0,20600.0,20600.0,200,VND
2011-12-07,20600.0,20600.0,20600.0,20600.0,200,VND
2011-12-30,19200.0,22000.0,19200.0,19200.0,23000,VND
2012-02-08,21000.0,21000.0,21000.0,21000.0,100,VND
2012-02-13,19600.0,19600.0,19600.0,19600.0,100,VND
2012-02-14,18300.0,18300.0,18300.0,18300.0,100,VND
2012-02-15,17100.0,19500.0,17100.0,17100.0,25200,VND
2012-02-16,17700.0,17700.0,17700.0,17700.0,100,VND
2012-02-17,18800.0,18800.0,16500.0,18600.0,1700,VND
2012-02-20,19100.0,19100.0,17200.0,18500.0,2800,VND
2012-02-21,18900.0,18900.0,17200.0,18000.0,3200,VND
2012-02-22,18900.0,18900.0,16600.0,17000.0,4100,VND
2012-02-23,18000.0,18000.0,18000.0,18000.0,200,VND
2012-02-24,18900.0,18900.0,16800.0,16800.0,800,VND
2012-02-27,16500.0,16600.0,16300.0,16300.0,4100,VND
2012-02-28,16100.0,16100.0,15900.0,15900.0,400,VND
2012-02-29,15000.0,15500.0,15000.0,15500.0,1200,VND
2012-03-01,14500.0,14500.0,14500.0,14500.0,4100,VND
2012-03-02,14500.0,14500.0,14000.0,14500.0,2300,VND
2012-03-05,14900.0,15000.0,14500.0,15000.0,5200,VND
2012-03-06,15700.0,15700.0,14800.0,15200.0,3000,VND
2012-03-07,15900.0,16200.0,15900.0,16200.0,1700,VND
2012-03-09,15500.0,15500.0,15000.0,15000.0,2200,VND
2012-03-12,16400.0,16400.0,16000.0,16000.0,600,VND
2012-03-13,15900.0,17200.0,15100.0,15100.0,13100,VND
2012-03-14,17800.0,17800.0,16000.0,16000.0,6700,VND
2012-03-15,16200.0,16900.0,16200.0,16900.0,9100,VND
2012-03-16,16900.0,16900.0,16800.0,16800.0,6000,VND
2012-03-20,15700.0,16700.0,15700.0,15700.0,14600,VND
2012-03-21,15300.0,17300.0,15300.0,15300.0,27800,VND
2012-03-22,17000.0,17000.0,15500.0,15500.0,6900,VND
2012-03-23,16900.0,16900.0,15800.0,15800.0,4000,VND
2012-03-26,15200.0,15200.0,15000.0,15000.0,11600,VND
2012-03-28,14000.0,14000.0,14000.0,14000.0,1700,VND
2012-03-29,13400.0,13400.0,13100.0,13100.0,3600,VND
2012-03-30,12300.0,12300.0,12300.0,12300.0,1000,VND
2012-04-03,12400.0,12400.0,12400.0,12400.0,2100,VND
2012-04-05,12000.0,13000.0,12000.0,13000.0,200,VND
2012-04-06,11700.0,13000.0,11700.0,13000.0,900,VND
2012-04-09,12100.0,12500.0,12100.0,12500.0,1300,VND
2012-04-10,12000.0,12900.0,12000.0,12900.0,3700,VND
2012-04-11,13000.0,13100.0,12600.0,12600.0,1600,VND
2012-04-12,13100.0,13100.0,13100.0,13100.0,300,VND
2012-04-13,13000.0,13000.0,13000.0,13000.0,2100,VND
2012-04-16,13900.0,13900.0,12300.0,12300.0,1200,VND
2012-04-19,11500.0,13100.0,11500.0,13100.0,1500,VND
2012-04-20,13400.0,13400.0,13400.0,13400.0,200,VND
2012-04-23,12500.0,12500.0,12500.0,12500.0,500,VND
2012-04-24,12000.0,12000.0,12000.0,12000.0,400,VND
2012-04-25,12800.0,12800.0,12800.0,12800.0,100,VND
2012-04-26,13500.0,13500.0,12000.0,12200.0,800,VND
2012-04-27,11400.0,13000.0,11400.0,13000.0,700,VND
2012-05-02,13500.0,13500.0,13500.0,13500.0,100,VND
2012-05-03,13100.0,13100.0,13100.0,13100.0,300,VND
2012-05-07,12300.0,12300.0,12300.0,12300.0,100,VND
2012-05-08,12000.0,12000.0,11700.0,11800.0,1900,VND
2012-05-09,11500.0,11600.0,11500.0,11600.0,800,VND
2012-05-10,12000.0,12000.0,12000.0,12000.0,100,VND
2012-05-11,12800.0,12800.0,12800.0,12800.0,100,VND
2012-05-14,12000.0,12000.0,12000.0,12000.0,500,VND
2012-05-15,12500.0,12500.0,12500.0,12500.0,100,VND
2012-05-16,11700.0,11700.0,11700.0,11700.0,2700,VND
2012-05-18,12400.0,12400.0,12400.0,12400.0,100,VND
2012-05-21,11700.0,11700.0,11700.0,11700.0,1100,VND
2012-05-22,10900.0,12500.0,10900.0,12500.0,300,VND
2012-05-25,12800.0,12800.0,12800.0,12800.0,100,VND
2012-05-29,12600.0,12700.0,12600.0,12700.0,300,VND
2012-05-30,12600.0,12700.0,12400.0,12400.0,3300,VND
2012-05-31,12400.0,12400.0,12000.0,12000.0,200,VND
2012-06-01,11300.0,11300.0,11300.0,11300.0,300,VND
2012-06-04,10900.0,10900.0,10700.0,10700.0,1000,VND
2012-06-06,11400.0,11400.0,11400.0,11400.0,4200,VND
2012-06-07,12100.0,12100.0,12100.0,12100.0,500,VND
2012-06-11,12900.0,12900.0,12900.0,12900.0,2000,VND
2012-06-12,13800.0,13800.0,13800.0,13800.0,6500,VND
2012-06-13,14700.0,14700.0,14700.0,14700.0,1100,VND
2012-06-14,15700.0,15700.0,15000.0,15500.0,20100,VND
2012-07-31,14500.0,14500.0,14500.0,14500.0,100,VND
2012-08-01,13500.0,13500.0,13500.0,13500.0,1200,VND
2012-08-07,12600.0,12600.0,12600.0,12600.0,1100,VND
2012-08-13,11800.0,11800.0,11800.0,11800.0,100,VND
2012-08-15,11100.0,11100.0,11000.0,11000.0,300,VND
2012-08-22,10300.0,10300.0,10300.0,10300.0,700,VND
2012-08-23,9600.0,9600.0,9600.0,9600.0,4900,VND
2012-08-27,9000.0,9000.0,9000.0,9000.0,500,VND
2012-09-05,9000.0,9000.0,9000.0,9000.0,700,VND
2012-09-07,9500.0,9500.0,9500.0,9500.0,1000,VND
2012-09-10,10000.0,10000.0,10000.0,10000.0,1000,VND
2012-09-11,10700.0,10700.0,10700.0,10700.0,100,VND
2012-09-12,11400.0,11400.0,10800.0,10800.0,900,VND
2012-09-14,11000.0,11000.0,11000.0,11000.0,1200,VND
2012-10-10,11000.0,11000.0,11000.0,11000.0,700,VND
2012-10-23,11500.0,11500.0,11200.0,11200.0,1000,VND
2012-10-29,11200.0,11200.0,11200.0,11200.0,900,VND
2012-11-15,10500.0,10500.0,10500.0,10500.0,100,VND
2012-11-19,10000.0,10000.0,10000.0,10000.0,500,VND
2012-12-04,10000.0,10000.0,10000.0,10000.0,100,VND
2012-12-05,10500.0,10500.0,10500.0,10500.0,100,VND
2012-12-06,11000.0,11200.0,11000.0,11200.0,1400,VND
2012-12-07,11200.0,11200.0,11200.0,11200.0,400,VND
2012-12-13,11500.0,11500.0,11500.0,11500.0,700,VND
2012-12-17,12000.0,12000.0,12000.0,12000.0,500,VND
2012-12-18,12300.0,12300.0,12300.0,12300.0,500,VND
2012-12-20,13000.0,13000.0,13000.0,13000.0,200,VND
2012-12-21,13600.0,13600.0,13600.0,13600.0,200,VND
2012-12-24,14300.0,14300.0,14300.0,14300.0,200,VND
2013-01-02,15000.0,15000.0,14800.0,14800.0,2700,VND
2013-01-03,14800.0,15000.0,14800.0,14800.0,2700,VND
2013-01-18,16000.0,16000.0,14800.0,15300.0,2200,VND
2013-01-30,15000.0,15000.0,15000.0,15000.0,10000,VND
2013-01-31,15000.0,15000.0,15000.0,15000.0,1900,VND
2013-02-20,16000.0,16000.0,16000.0,16000.0,100,VND
2013-02-25,16900.0,16900.0,16900.0,16900.0,100,VND
2013-03-13,18500.0,18500.0,18500.0,18500.0,100,VND
2013-03-15,16900.0,16900.0,16900.0,16900.0,100,VND
2013-04-09,18000.0,18000.0,18000.0,18000.0,100,VND
2013-04-18,16500.0,16500.0,16500.0,16500.0,100,VND
2013-05-07,17300.0,17300.0,17300.0,17300.0,100,VND
2013-07-25,18500.0,18500.0,16500.0,16500.0,200,VND
2013-08-12,16800.0,16800.0,16800.0,16800.0,100,VND
2013-08-30,15200.0,15200.0,15200.0,15200.0,200,VND
2013-09-03,13700.0,13700.0,13700.0,13700.0,100,VND
2013-09-04,12400.0,12400.0,12400.0,12400.0,300,VND
2013-09-05,11200.0,11200.0,11200.0,11200.0,400,VND
2013-09-06,10100.0,10100.0,10100.0,10100.0,300,VND
2013-09-09,9100.0,9100.0,9100.0,9100.0,100,VND
2013-09-10,8200.0,8200.0,8200.0,8200.0,300,VND
2013-09-11,7400.0,7400.0,7400.0,7400.0,100,VND
2013-09-12,6700.0,6700.0,6700.0,6700.0,200,VND
2013-09-13,6100.0,6100.0,6100.0,6100.0,100,VND
2013-09-16,6500.0,6500.0,6500.0,6500.0,100,VND
2013-09-18,7000.0,7000.0,7000.0,7000.0,100,VND
2013-09-19,7700.0,7700.0,7500.0,7500.0,200,VND
2013-09-20,7500.0,7500.0,7500.0,7500.0,1000,VND
2013-09-25,8200.0,8200.0,8200.0,8200.0,100,VND
2013-09-27,9000.0,9000.0,9000.0,9000.0,100,VND
2013-10-15,8100.0,8100.0,8100.0,8100.0,100,VND
2013-10-23,7300.0,7300.0,7300.0,7300.0,100,VND
2013-10-25,6600.0,6600.0,6600.0,6600.0,100,VND
2013-10-29,6300.0,6300.0,6300.0,6300.0,500,VND
2013-10-30,5800.0,5800.0,5800.0,5800.0,100,VND
2013-10-31,5300.0,5300.0,5300.0,5300.0,100,VND
2013-11-01,5300.0,5300.0,4800.0,4800.0,4500,VND
2013-11-07,4400.0,4800.0,4400.0,4800.0,500,VND
2013-11-13,4500.0,4500.0,4500.0,4500.0,100,VND
2013-11-15,4900.0,4900.0,4900.0,4900.0,3500,VND
2013-11-19,5300.0,5300.0,5300.0,5300.0,100,VND
2013-11-21,5100.0,5100.0,5100.0,5100.0,900,VND
2013-11-22,5300.0,5300.0,5300.0,5300.0,900,VND
2013-11-25,5300.0,5300.0,5300.0,5300.0,100,VND
2013-11-27,4800.0,4800.0,4800.0,4800.0,100,VND
2013-12-09,5200.0,5200.0,5200.0,5200.0,100,VND
2013-12-10,5300.0,5300.0,5300.0,5300.0,100,VND
2013-12-24,4800.0,4800.0,4800.0,4800.0,100,VND
2014-01-06,5200.0,5200.0,5200.0,5200.0,100,VND
2014-01-10,4800.0,4800.0,4800.0,4800.0,900,VND
2014-01-13,5000.0,5000.0,5000.0,5000.0,100,VND
2014-01-16,5400.0,5400.0,5400.0,5400.0,400,VND
2014-01-17,5100.0,5400.0,5000.0,5400.0,1000,VND
2014-01-21,4900.0,4900.0,4900.0,4900.0,500,VND
2014-02-12,4600.0,4600.0,4600.0,4600.0,100,VND
2014-02-13,4500.0,5000.0,4200.0,5000.0,4500,VND
2014-02-17,5500.0,5500.0,5500.0,5500.0,1100,VND
2014-02-18,5900.0,5900.0,5900.0,5900.0,100,VND
2014-02-19,6200.0,6200.0,6200.0,6200.0,100,VND
2014-02-20,5600.0,6300.0,5600.0,6300.0,700,VND
2014-02-21,5700.0,6700.0,5700.0,6700.0,300,VND
2014-02-24,6800.0,7100.0,6800.0,7100.0,600,VND
2014-02-26,7500.0,7800.0,7500.0,7800.0,200,VND
2014-02-27,8400.0,8400.0,8400.0,8400.0,100,VND
2014-02-28,9000.0,9000.0,9000.0,9000.0,100,VND
2014-03-03,9700.0,9700.0,8100.0,8100.0,4100,VND
2014-03-04,7400.0,7400.0,7300.0,7300.0,800,VND
2014-03-05,8000.0,8000.0,6700.0,6700.0,300,VND
2014-03-06,6100.0,6200.0,6100.0,6200.0,300,VND
2014-03-07,5700.0,5800.0,5700.0,5800.0,600,VND
2014-03-10,5500.0,5500.0,5500.0,5500.0,300,VND
2014-03-12,5600.0,5600.0,5600.0,5600.0,2000,VND
2014-03-18,6100.0,6100.0,5700.0,5700.0,1200,VND
2014-03-19,5700.0,6200.0,5700.0,6200.0,200,VND
2014-03-20,5800.0,5800.0,5800.0,5800.0,300,VND
2014-03-21,5900.0,5900.0,5900.0,5900.0,1800,VND
2014-03-24,6400.0,6400.0,6400.0,6400.0,200,VND
2014-03-26,7000.0,7000.0,7000.0,7000.0,1200,VND
2014-03-27,6300.0,6300.0,6300.0,6300.0,100,VND
2014-04-08,6800.0,6800.0,6800.0,6800.0,200,VND
2014-04-10,6600.0,6600.0,6600.0,6600.0,100,VND
2014-04-11,6500.0,6500.0,6500.0,6500.0,100,VND
2014-04-15,6600.0,6600.0,6600.0,6600.0,600,VND
2014-04-16,6600.0,6600.0,6600.0,6600.0,9800,VND
2014-04-28,6600.0,6600.0,6600.0,6600.0,300,VND
2014-05-06,6000.0,6000.0,6000.0,6000.0,7000,VND
2014-05-07,6000.0,6000.0,6000.0,6000.0,300,VND
2014-05-08,5400.0,5400.0,5400.0,5400.0,2700,VND
2014-05-20,5200.0,5200.0,5200.0,5200.0,6300,VND
2014-05-21,5200.0,5200.0,5200.0,5200.0,400,VND
2014-05-23,5200.0,5200.0,5200.0,5200.0,1100,VND
2014-07-07,3200.0,5200.0,3200.0,5200.0,300,VND
2014-07-15,5200.0,5200.0,5200.0,5200.0,0,VND
2014-07-16,5200.0,5200.0,5200.0,5200.0,0,VND
2014-07-18,5200.0,5200.0,5200.0,5200.0,0,VND
2014-07-21,5200.0,5200.0,5200.0,5200.0,0,VND
2014-07-22,5200.0,5200.0,5200.0,5200.0,0,VND
2014-07-23,5200.0,5200.0,5200.0,5200.0,0,VND
2014-07-24,5200.0,5200.0,5200.0,5200.0,0,VND
2014-07-25,5200.0,5200.0,5200.0,5200.0,0,VND
2014-07-28,5200.0,5200.0,5200.0,5200.0,0,VND
2014-07-29,5200.0,5200.0,5200.0,5200.0,0,VND
2014-07-30,5200.0,5200.0,5200.0,5200.0,0,VND
2014-07-31,5200.0,5200.0,5200.0,5200.0,0,VND
2014-08-01,5200.0,5200.0,5200.0,5200.0,0,VND
2014-08-07,4800.0,4800.0,4800.0,4800.0,100,VND
2014-08-08,5200.0,5200.0,4400.0,4400.0,200,VND
2014-08-13,4400.0,4400.0,4400.0,4400.0,100,VND
2014-09-08,4400.0,4400.0,4400.0,4400.0,300,VND
2014-11-05,2700.0,2700.0,2700.0,2700.0,150000,VND
2014-12-15,2500.0,2500.0,2500.0,2500.0,1000,VND
2015-01-06,2400.0,2400.0,2400.0,2400.0,27300,VND
2015-02-10,2600.0,2600.0,2600.0,2600.0,100,VND
2015-03-09,2800.0,2800.0,2800.0,2800.0,100,VND
2015-03-24,3000.0,3000.0,3000.0,3000.0,245000,VND
2015-03-25,3300.0,3300.0,3000.0,3000.0,300,VND
2015-03-26,3400.0,3400.0,3400.0,3400.0,100,VND
2015-03-27,3700.0,3700.0,3200.0,3200.0,300,VND
2015-03-31,3700.0,3700.0,3700.0,3700.0,1300,VND
2015-04-01,3900.0,4000.0,3900.0,4000.0,1000,VND
2015-04-02,3700.0,3700.0,3700.0,3700.0,200,VND
2015-04-24,4000.0,4000.0,4000.0,4000.0,1100,VND
2015-04-27,3800.0,3800.0,3800.0,3800.0,400,VND
2015-05-07,3800.0,3800.0,3800.0,3800.0,100,VND
2015-05-21,4100.0,4100.0,4100.0,4100.0,400,VND
2015-05-22,4100.0,4100.0,4100.0,4100.0,100,VND
2015-06-17,4300.0,4300.0,4300.0,4300.0,800,VND
2015-06-18,4700.0,4700.0,4700.0,4700.0,200,VND
2015-06-19,4300.0,4300.0,4300.0,4300.0,100,VND
2015-06-25,4700.0,4700.0,4700.0,4700.0,200,VND
2015-06-29,5100.0,5100.0,5100.0,5100.0,200,VND
2015-06-30,5600.0,5600.0,5600.0,5600.0,300,VND
2015-07-07,6300.0,6400.0,6300.0,6400.0,300,VND
2015-07-23,7000.0,7300.0,7000.0,7300.0,600,VND
2015-09-01,4400.0,4400.0,4400.0,4400.0,100,VND
2015-09-03,5000.0,5000.0,5000.0,5000.0,300,VND
2015-10-02,5000.0,5000.0,5000.0,5000.0,1000,VND
2015-11-12,3000.0,3000.0,3000.0,3000.0,100,VND
2015-11-30,3400.0,3400.0,2700.0,2700.0,300,VND
2015-12-01,2500.0,2500.0,2500.0,2500.0,100,VND
2015-12-09,2200.0,2200.0,2200.0,2200.0,300,VND
2015-12-10,2200.0,2200.0,2200.0,2200.0,100,VND
2016-01-12,2500.0,2500.0,2500.0,2500.0,100,VND
2016-01-18,2800.0,2800.0,2800.0,2800.0,100,VND
2016-01-21,3200.0,3200.0,3200.0,3200.0,100,VND
2016-01-26,3600.0,3600.0,3600.0,3600.0,100,VND
2016-01-29,4100.0,4100.0,4100.0,4100.0,100,VND
2016-02-03,4700.0,4700.0,4700.0,4700.0,100,VND
2016-02-19,4000.0,4000.0,4000.0,4000.0,100,VND
2016-02-25,4100.0,4100.0,4100.0,4100.0,100,VND
2016-02-26,4100.0,4100.0,4100.0,4100.0,3000,VND
2016-03-16,4100.0,4200.0,4100.0,4200.0,3200,VND
2016-03-24,3600.0,3600.0,3600.0,3600.0,300,VND
2016-03-25,3600.0,3600.0,3600.0,3600.0,2500,VND
2016-04-12,3100.0,3500.0,3100.0,3200.0,1900,VND
2016-04-13,3000.0,3000.0,3000.0,3000.0,3000,VND
2016-05-04,3100.0,3100.0,3100.0,3100.0,300,VND
2016-05-17,3500.0,3500.0,3500.0,3500.0,100,VND
2016-05-24,4000.0,4000.0,4000.0,4000.0,100,VND
2016-06-15,3400.0,3400.0,3400.0,3400.0,100,VND
2016-07-07,3400.0,3400.0,3400.0,3400.0,500,VND
2016-08-12,2900.0,2900.0,2900.0,2900.0,100,VND
2016-11-21,3100.0,3100.0,3100.0,3100.0,100,VND
2016-11-23,2900.0,2900.0,2900.0,2900.0,70000,VND
2016-12-16,2500.0,2500.0,2500.0,2500.0,600000,VND
2016-12-20,2300.0,2300.0,2300.0,2300.0,50000,VND
2016-12-27,2300.0,2300.0,2300.0,2300.0,50000,VND
2017-02-16,2000.0,2000.0,2000.0,2000.0,1000,VND
2017-02-21,2300.0,2300.0,2300.0,2300.0,200,VND
2017-02-22,2000.0,2000.0,2000.0,2000.0,100,VND
2017-03-13,1700.0,1700.0,1700.0,1700.0,700,VND
2017-03-23,1900.0,1900.0,1900.0,1900.0,100,VND
2017-03-28,2100.0,2100.0,2100.0,2100.0,100,VND
2017-04-03,2400.0,2400.0,2400.0,2400.0,100,VND
2017-04-04,2700.0,2700.0,2700.0,2700.0,100,VND
2017-04-05,3100.0,3100.0,2900.0,2900.0,200,VND
2017-04-07,3400.0,3400.0,3400.0,3400.0,100,VND
2017-04-11,3000.0,3900.0,3000.0,3900.0,200,VND
2017-04-12,3000.0,3000.0,3000.0,3000.0,100,VND
2017-04-14,2800.0,2800.0,2800.0,2800.0,200,VND
2017-04-17,2600.0,2600.0,2600.0,2600.0,100,VND
2017-04-19,2900.0,2900.0,2900.0,2900.0,300,VND
2017-04-20,2900.0,2900.0,2900.0,2900.0,100,VND
2017-04-24,2500.0,2500.0,2500.0,2500.0,300,VND
2017-04-25,2200.0,2200.0,2200.0,2200.0,100,VND
2017-04-28,2500.0,2500.0,2100.0,2100.0,200,VND
2017-05-05,2600.0,2600.0,2200.0,2200.0,200,VND
2017-05-08,2700.0,2700.0,2700.0,2700.0,100,VND
2017-05-09,3000.0,3000.0,3000.0,3000.0,100,VND
2017-05-12,3300.0,3300.0,3300.0,3300.0,400,VND
2017-05-15,3700.0,3700.0,3700.0,3700.0,100,VND
2017-05-16,4000.0,4000.0,4000.0,4000.0,100,VND
2017-05-17,3400.0,3400.0,3400.0,3400.0,5700,VND
2017-05-24,2900.0,2900.0,2900.0,2900.0,600,VND
2017-05-30,2600.0,2600.0,2600.0,2600.0,100,VND
2017-06-02,2500.0,2700.0,2500.0,2700.0,1200,VND
2017-06-05,2600.0,2900.0,2600.0,2700.0,1300,VND
2017-06-07,3200.0,3200.0,2400.0,3200.0,400,VND
2017-06-08,3200.0,3200.0,2600.0,2600.0,800,VND
2017-06-12,3200.0,3200.0,3200.0,3200.0,100,VND
2017-06-13,3600.0,3600.0,3600.0,3600.0,100,VND
2017-06-14,4000.0,4100.0,3100.0,3100.0,1000,VND
2017-06-15,4400.0,4400.0,4400.0,4400.0,100,VND
2017-06-16,4900.0,4900.0,4900.0,4900.0,100,VND
2017-06-19,5200.0,5600.0,5200.0,5600.0,200,VND
2017-06-21,5000.0,6200.0,5000.0,6200.0,900,VND
2017-06-22,6500.0,6500.0,6500.0,6500.0,2000,VND
2017-06-23,7400.0,7400.0,7400.0,7400.0,400,VND
2017-06-26,8500.0,8500.0,6500.0,8500.0,500,VND
2017-06-28,9300.0,9300.0,9300.0,9300.0,500,VND
2017-06-29,10500.0,10500.0,10500.0,10500.0,100,VND
2017-06-30,11900.0,11900.0,11900.0,11900.0,100,VND
2017-07-05,12900.0,12900.0,12900.0,12900.0,500,VND
2017-07-06,13000.0,14000.0,13000.0,14000.0,1400,VND
2017-07-13,15400.0,15600.0,15400.0,15600.0,1100,VND
2017-07-14,17800.0,17800.0,17800.0,17800.0,100,VND
2017-07-17,20400.0,20400.0,20400.0,20400.0,100,VND
2017-07-24,20400.0,23400.0,20400.0,23400.0,200,VND
2017-07-25,18900.0,18900.0,18900.0,18900.0,100,VND
2017-08-14,18900.0,18900.0,18900.0,18900.0,100,VND
2017-08-22,16100.0,16100.0,16100.0,16100.0,100,VND
2017-08-23,13700.0,13700.0,13700.0,13700.0,100,VND
2017-09-05,13700.0,13700.0,13700.0,13700.0,0,VND
2017-09-06,13700.0,13700.0,13700.0,13700.0,0,VND
2017-09-13,15700.0,15700.0,15700.0,15700.0,100,VND
2017-11-21,15700.0,15700.0,15700.0,15700.0,1000,VND
2017-11-22,15700.0,15700.0,15700.0,15700.0,1000,VND
2017-11-23,15700.0,15700.0,15700.0,15700.0,1060,VND
2017-11-28,15600.0,18000.0,15600.0,18000.0,5000,VND
2017-11-30,17100.0,19000.0,17100.0,19000.0,1600,VND
2017-12-01,19000.0,19700.0,17200.0,17200.0,9200,VND
2017-12-06,18900.0,18900.0,18900.0,18900.0,10000,VND
2017-12-07,16100.0,21700.0,16100.0,21700.0,1400,VND
2017-12-08,18900.0,18900.0,18900.0,18900.0,100,VND
2017-12-11,21500.0,21500.0,21500.0,21500.0,5000,VND
2017-12-13,24300.0,24600.0,24300.0,24600.0,6000,VND
2017-12-14,28000.0,28000.0,20800.0,20800.0,1500,VND
2017-12-15,20800.0,20800.0,20800.0,20800.0,100,VND
2017-12-18,19900.0,19900.0,19900.0,19900.0,15000,VND
2017-12-19,17000.0,19700.0,17000.0,19700.0,8600,VND
2017-12-21,21000.0,21000.0,21000.0,21000.0,10000,VND
2017-12-22,19500.0,19500.0,19500.0,19500.0,4550,VND
2018-07-03,11700.0,11700.0,11700.0,11700.0,12200,VND
2018-09-20,7100.0,7100.0,7100.0,7100.0,100,VND
2018-09-21,6100.0,6100.0,6100.0,6100.0,400,VND
2018-09-24,5200.0,5200.0,5200.0,5200.0,500,VND
2018-10-05,4600.0,4600.0,4600.0,4600.0,300,VND
2018-10-10,4000.0,4000.0,4000.0,4000.0,100,VND
2018-10-17,4600.0,4600.0,4600.0,4600.0,400,VND
2018-10-18,5200.0,5200.0,5200.0,5200.0,420,VND
2018-10-22,5900.0,5900.0,5900.0,5900.0,1300,VND
2018-10-23,6700.0,6700.0,6700.0,6700.0,635,VND
2018-10-24,7700.0,7700.0,7700.0,7700.0,500,VND
2018-10-25,8800.0,8800.0,8800.0,8800.0,500,VND
2018-10-26,10100.0,10100.0,10100.0,10100.0,1000,VND
2018-10-29,11600.0,11600.0,11600.0,11600.0,100,VND
2018-10-31,13200.0,13200.0,13200.0,13200.0,100,VND
2018-11-01,15100.0,15100.0,15100.0,15100.0,500,VND
2018-11-06,17300.0,17300.0,17300.0,17300.0,100,VND
2018-11-07,17300.0,19800.0,17300.0,19800.0,200,VND
2018-11-14,21300.0,21300.0,21300.0,21300.0,400,VND
2019-01-16,29800.0,29800.0,29800.0,29800.0,100,VND
2019-04-16,28000.0,41700.0,28000.0,41700.0,200,VND
2019-07-16,45000.0,45000.0,45000.0,45000.0,200,VND
2019-07-23,45000.0,45000.0,45000.0,45000.0,100,VND
2019-11-21,40000.0,40000.0,40000.0,40000.0,200000,VND
2019-11-27,40000.0,40000.0,40000.0,40000.0,121300,VND
2020-04-10,50000.0,50000.0,50000.0,50000.0,300,VND
2020-06-10,30000.0,30000.0,30000.0,30000.0,200,VND
2020-06-11,25500.0,25500.0,25500.0,25500.0,100,VND
2020-06-12,21700.0,21700.0,21700.0,21700.0,100,VND
2020-06-15,18500.0,18500.0,18500.0,18500.0,100,VND
2020-06-22,16000.0,16000.0,16000.0,16000.0,100,VND
2020-06-24,13600.0,13600.0,13600.0,13600.0,100,VND
2020-06-29,11600.0,11600.0,11600.0,11600.0,100,VND
2020-06-30,10000.0,10000.0,10000.0,10000.0,100,VND
2020-07-01,8600.0,8600.0,8600.0,8600.0,100,VND
2020-07-09,9600.0,9800.0,9600.0,9800.0,618,VND
2020-07-14,11000.0,11000.0,11000.0,11000.0,12810,VND
2020-07-15,12600.0,12600.0,12600.0,12600.0,5000,VND
2020-07-16,14400.0,14400.0,14400.0,14400.0,6522,VND
2020-07-21,14400.0,16500.0,14400.0,16500.0,8800,VND
2020-07-22,18900.0,18900.0,16500.0,18900.0,8318,VND
2020-07-23,21700.0,21700.0,21700.0,21700.0,10900,VND
2020-07-24,24900.0,24900.0,24900.0,24900.0,5300,VND
2020-07-27,24900.0,28300.0,24900.0,28300.0,718,VND
2020-07-28,29700.0,29700.0,29700.0,29700.0,2000,VND
2020-07-29,30000.0,30000.0,30000.0,30000.0,21300,VND
2020-07-30,29800.0,29800.0,29800.0,29800.0,200,VND
2020-08-24,33500.0,33500.0,33300.0,33300.0,26900,VND
2020-08-25,31000.0,31000.0,31000.0,31000.0,500,VND
2020-08-28,26400.0,26400.0,26400.0,26400.0,100,VND
2020-08-31,22500.0,22500.0,22500.0,22500.0,100,VND
2020-09-14,19200.0,19200.0,19200.0,19200.0,200,VND
2020-09-15,19000.0,19000.0,19000.0,19000.0,100,VND
2020-09-17,21600.0,21600.0,21600.0,21600.0,100,VND
2020-10-13,24300.0,24300.0,24300.0,24300.0,100,VND
2020-12-09,14600.0,14600.0,14600.0,14600.0,100,VND
2020-12-10,14600.0,14600.0,12500.0,13000.0,87500,VND
2020-12-11,14500.0,14500.0,14500.0,14500.0,100,VND
2020-12-21,12400.0,13000.0,12400.0,13000.0,22200,VND
2020-12-24,12000.0,12000.0,12000.0,12000.0,600,VND
2020-12-25,10300.0,10300.0,10300.0,10300.0,540,VND
2020-12-28,10300.0,10300.0,10300.0,10300.0,400,VND
2021-01-04,10300.0,10300.0,10300.0,10300.0,500,VND
2021-01-05,10700.0,10700.0,10700.0,10700.0,500,VND
2021-01-11,11500.0,11500.0,11500.0,11500.0,1700,VND
2021-02-01,11500.0,11500.0,11500.0,11500.0,100,VND
2021-03-05,11500.0,11500.0,11500.0,11500.0,100,VND
2021-03-12,10000.0,10000.0,10000.0,10000.0,200,VND
2021-03-22,11000.0,11500.0,11000.0,11500.0,300,VND
2021-04-12,12700.0,12700.0,12700.0,12700.0,100,VND
2021-04-19,11000.0,11000.0,11000.0,11000.0,200,VND
2021-05-18,11000.0,11000.0,11000.0,11000.0,400,VND
2021-05-21,9400.0,9400.0,9400.0,9400.0,300,VND
2021-05-26,8300.0,8300.0,8200.0,8200.0,500,VND
2021-06-01,9400.0,9400.0,9400.0,9400.0,100,VND
2021-06-03,9400.0,9400.0,9400.0,9400.0,500,VND
2021-06-07,8200.0,8200.0,8200.0,8200.0,800,VND
2021-06-08,9400.0,9400.0,9400.0,9400.0,100,VND
2021-06-09,10800.0,10800.0,10800.0,10800.0,900,VND
2021-06-10,9300.0,9300.0,9300.0,9300.0,400,VND
2021-06-14,9300.0,9300.0,9300.0,9300.0,100,VND
2021-06-16,8200.0,8200.0,8100.0,8100.0,900,VND
2021-06-22,9300.0,9300.0,9300.0,9300.0,100,VND
2021-06-23,10500.0,10500.0,10500.0,10500.0,100,VND
2021-06-24,11900.0,11900.0,11900.0,11900.0,100,VND
2021-06-29,13500.0,13500.0,10200.0,10200.0,700,VND
2021-07-02,9200.0,9200.0,9200.0,9200.0,150,VND
2021-07-06,8400.0,8400.0,8200.0,8200.0,3300,VND
2021-07-07,9300.0,9300.0,9300.0,9300.0,100,VND
2021-07-09,10500.0,10500.0,10500.0,10500.0,100,VND
2021-07-14,11900.0,11900.0,11900.0,11900.0,100,VND
2021-07-15,10200.0,10200.0,10200.0,10200.0,200,VND
2021-07-21,11600.0,11600.0,11600.0,11600.0,100,VND
2021-07-27,13200.0,13200.0,9900.0,9900.0,2000,VND
2021-07-30,8700.0,8700.0,8700.0,8700.0,100,VND
2021-08-03,7700.0,7700.0,7700.0,7700.0,100,VND
2021-08-06,8800.0,8800.0,8700.0,8700.0,400,VND
2021-08-10,9900.0,9900.0,9800.0,9800.0,2300,VND
2021-08-16,8600.0,8600.0,8600.0,8600.0,501,VND
2021-08-17,9700.0,9700.0,9700.0,9700.0,100,VND
2021-08-18,11000.0,11000.0,11000.0,11000.0,118,VND
2021-08-20,9400.0,9400.0,9400.0,9400.0,1600,VND
2021-08-23,8200.0,8200.0,8200.0,8200.0,200,VND
2021-08-31,9400.0,9400.0,9400.0,9400.0,1200,VND
2021-09-06,8300.0,8300.0,8300.0,8300.0,100,VND
2021-09-07,8300.0,8600.0,8300.0,8600.0,1452,VND
2021-09-08,8500.0,9500.0,8500.0,9500.0,600,VND
2021-09-10,10000.0,10000.0,10000.0,10000.0,1800,VND
2021-09-13,10900.0,10900.0,10900.0,10900.0,100,VND
2021-09-14,11000.0,12000.0,11000.0,12000.0,1200,VND
2021-09-15,13500.0,13500.0,13500.0,13500.0,110,VND
2021-09-20,15500.0,15500.0,15400.0,15400.0,300,VND
2021-09-21,13100.0,13100.0,13100.0,13100.0,2200,VND
2021-09-23,15000.0,15000.0,15000.0,15000.0,400,VND
2021-09-24,12800.0,12800.0,12800.0,12800.0,100,VND
2021-09-28,13000.0,13000.0,13000.0,13000.0,1200,VND
2021-09-29,11100.0,11100.0,11100.0,11100.0,200,VND
2021-09-30,9500.0,9500.0,9500.0,9500.0,100,VND
2021-10-01,10900.0,10900.0,8300.0,8600.0,4200,VND
