2016-12-20,11.147,15.4,40.0,15.4,1000.0,15400000.0,0.0,0.0,15.4,15.4,15.4,1000.0
2016-12-21,12.812,17.7,14.9351,17.7,3000.0,53100000.0,0.0,0.0,17.7,17.7,17.7,3000.0
2016-12-22,14.694,20.3,14.6893,20.3,6900.0,140070000.0,0.0,0.0,20.3,20.3,20.3,6900.0
2016-12-23,15.057,20.8,2.4631,22.488,7200.0,161910000.0,0.0,0.0,23.3,23.3,20.6,7200.0
2016-12-26,14.116,19.5,-13.3333,21.893,1500.0,32840000.0,0.0,0.0,23.5,23.5,19.5,1500.0
2016-12-27,13.609,18.8,-14.1553,18.8,500.0,9400000.0,0.0,0.0,18.8,18.8,18.8,500.0
2016-12-28,13.609,18.8,0.0,18.8,0.0,0.0,0.0,0.0,18.8,18.8,18.8,0.0
2016-12-29,13.609,18.8,0.0,18.8,0.0,0.0,0.0,0.0,18.8,18.8,18.8,0.0
2016-12-30,11.582,16.0,-14.8936,16.0,100.0,1600000.0,0.0,0.0,16.0,16.0,16.0,100.0
2017-01-03,11.582,16.0,0.0,16.0,0.0,0.0,0.0,0.0,16.0,16.0,16.0,0.0
2017-01-04,11.582,16.0,0.0,16.0,0.0,0.0,0.0,0.0,16.0,16.0,16.0,0.0
2017-01-05,9.844,13.6,-15.0,13.6,3700.0,50320000.0,0.0,0.0,13.6,13.6,13.6,3700.0
2017-01-06,9.844,13.6,0.0,13.6,0.0,0.0,0.0,0.0,13.6,13.6,13.6,0.0
2017-01-09,9.844,13.6,0.0,13.6,0.0,0.0,0.0,0.0,13.6,13.6,13.6,0.0
2017-01-10,9.844,13.6,0.0,13.6,0.0,0.0,0.0,0.0,13.6,13.6,13.6,0.0
2017-01-11,9.844,13.6,0.0,13.6,0.0,0.0,0.0,0.0,13.6,13.6,13.6,0.0
2017-01-12,9.844,13.6,0.0,13.6,0.0,0.0,0.0,0.0,13.6,13.6,13.6,0.0
2017-01-13,9.844,13.6,0.0,13.6,0.0,0.0,0.0,0.0,13.6,13.6,13.6,0.0
2017-01-16,9.844,13.6,0.0,13.6,0.0,0.0,0.0,0.0,13.6,13.6,13.6,0.0
2017-01-17,9.844,13.6,0.0,13.6,0.0,0.0,0.0,0.0,13.6,13.6,13.6,0.0
2017-01-18,9.844,13.6,0.0,13.6,0.0,0.0,0.0,0.0,13.6,13.6,13.6,0.0
2017-01-19,9.844,13.6,0.0,13.6,0.0,0.0,0.0,0.0,13.6,13.6,13.6,0.0
2017-01-20,9.844,13.6,0.0,13.6,0.0,0.0,0.0,0.0,13.6,13.6,13.6,0.0
2017-01-23,9.844,13.6,0.0,13.6,0.0,0.0,0.0,0.0,13.6,13.6,13.6,0.0
2017-01-24,8.397,11.6,-14.7059,11.6,200.0,2320000.0,0.0,0.0,11.6,11.6,11.6,200.0
2017-01-25,7.167,9.9,-14.6552,9.9,200.0,1980000.0,0.0,0.0,9.9,9.9,9.9,200.0
2017-02-02,7.167,9.9,0.0,9.9,0.0,0.0,0.0,0.0,9.9,9.9,9.9,0.0
2017-02-03,7.167,9.9,0.0,9.9,0.0,0.0,0.0,0.0,9.9,9.9,9.9,0.0
2017-02-06,6.153,8.5,-14.1414,8.5,100.0,850000.0,0.0,0.0,8.5,8.5,8.5,100.0
2017-02-07,5.285,7.3,-14.1176,7.3,100.0,730000.0,0.0,0.0,7.3,7.3,7.3,100.0
2017-02-08,4.561,6.3,-13.6986,6.3,4800.0,30240000.0,0.0,0.0,6.3,6.3,6.3,4800.0
2017-02-09,4.561,6.3,0.0,6.349,4700.0,29840000.0,0.0,0.0,7.2,7.2,6.3,4700.0
2017-02-10,4.561,6.3,0.0,6.75,200.0,1350000.0,0.0,0.0,7.2,7.2,6.3,200.0
2017-02-13,4.706,6.5,-4.4118,6.5,2000.0,13000000.0,0.0,0.0,6.5,6.5,6.5,2000.0
2017-02-14,4.706,6.5,0.0,6.5,100.0,650000.0,0.0,0.0,6.5,6.5,6.5,100.0
2017-02-15,5.357,7.4,13.8462,6.05,2800.0,16940000.0,0.0,0.0,6.0,7.4,6.0,2800.0
2017-02-16,5.067,7.0,14.7541,7.0,600.0,4200000.0,0.0,0.0,7.0,7.0,7.0,600.0
2017-02-17,5.791,8.0,14.2857,8.0,100.0,800000.0,0.0,0.0,8.0,8.0,8.0,100.0
2017-02-20,6.66,9.2,15.0,9.08,500.0,4540000.0,0.0,0.0,9.0,9.2,9.0,500.0
2017-02-21,6.587,9.1,0.0,9.094,3400.0,30920000.0,0.0,0.0,9.1,9.1,9.0,3400.0
2017-02-22,6.587,9.1,0.0,9.1,0.0,0.0,0.0,0.0,9.1,9.1,9.1,0.0
2017-02-23,5.647,7.8,-14.2857,7.8,300.0,2340000.0,0.0,0.0,7.8,7.8,7.8,300.0
2017-02-24,4.85,6.7,-14.1026,6.7,3000.0,20100000.0,0.0,0.0,6.7,6.7,6.7,3000.0
2017-02-27,5.574,7.7,14.9254,7.7,500.0,3850000.0,0.0,0.0,7.7,7.7,7.7,500.0
2017-02-28,6.371,8.8,14.2857,8.8,200.0,1760000.0,0.0,0.0,8.8,8.8,8.8,200.0
2017-03-01,6.371,8.8,0.0,8.8,0.0,0.0,0.0,0.0,8.8,8.8,8.8,0.0
2017-03-02,6.153,8.5,-3.4091,8.566,6200.0,53110000.0,0.0,0.0,8.7,8.7,8.5,6200.0
2017-03-03,6.226,8.6,0.0,8.6,0.0,0.0,0.0,0.0,8.6,8.6,8.6,0.0
2017-03-06,5.357,7.4,-13.9535,7.633,3000.0,22900000.0,0.0,0.0,8.0,8.0,7.4,3000.0
2017-03-07,6.226,8.6,13.1579,8.6,200.0,1720000.0,0.0,0.0,8.6,8.6,8.6,200.0
2017-03-08,6.226,8.6,0.0,8.6,0.0,0.0,0.0,0.0,8.6,8.6,8.6,0.0
2017-03-09,5.43,7.5,-12.7907,7.5,100.0,750000.0,0.0,0.0,7.5,7.5,7.5,100.0
2017-03-10,6.153,8.5,13.3333,8.5,100.0,850000.0,0.0,0.0,8.5,8.5,8.5,100.0
2017-03-13,6.153,8.5,0.0,8.5,0.0,0.0,0.0,0.0,8.5,8.5,8.5,0.0
2017-03-14,6.587,9.1,7.0588,9.1,100.0,910000.0,0.0,0.0,9.1,9.1,9.1,100.0
2017-03-15,6.587,9.1,0.0,9.1,0.0,0.0,0.0,0.0,9.1,9.1,9.1,0.0
2017-03-16,6.587,9.1,0.0,9.1,0.0,0.0,0.0,0.0,9.1,9.1,9.1,0.0
2017-03-17,6.587,9.1,0.0,9.1,0.0,0.0,0.0,0.0,9.1,9.1,9.1,0.0
2017-03-20,6.587,9.1,0.0,9.1,0.0,0.0,0.0,0.0,9.1,9.1,9.1,0.0
2017-03-21,6.587,9.1,0.0,9.1,0.0,0.0,0.0,0.0,9.1,9.1,9.1,0.0
2017-03-22,6.515,9.0,-1.0989,8.22,2000.0,16440000.0,0.0,0.0,7.8,9.0,7.8,2000.0
2017-03-23,5.936,8.2,0.0,8.2,0.0,0.0,0.0,0.0,8.2,8.2,8.2,0.0
2017-03-24,5.719,7.9,-3.6585,7.55,800.0,6040000.0,0.0,0.0,7.0,7.9,7.0,800.0
2017-03-27,5.647,7.8,2.6316,7.215,1300.0,9380000.0,0.0,0.0,6.5,7.9,6.5,1300.0
2017-03-28,5.936,8.2,13.8889,8.2,300.0,2460000.0,0.0,0.0,8.2,8.2,8.2,300.0
2017-03-29,6.08,8.4,2.439,8.7,200.0,1740000.0,0.0,0.0,9.0,9.0,8.4,200.0
2017-03-30,6.443,8.9,2.2989,8.9,140.0,1210000.0,0.0,0.0,8.9,8.9,8.9,140.0
2017-03-31,6.443,8.9,0.0,8.9,0.0,0.0,0.0,0.0,8.9,8.9,8.9,0.0
2017-04-03,6.443,8.9,0.0,8.9,0.0,0.0,0.0,0.0,8.9,8.9,8.9,0.0
2017-04-04,6.443,8.9,0.0,8.9,0.0,0.0,0.0,0.0,8.9,8.9,8.9,0.0
2017-04-05,6.443,8.9,0.0,8.9,40.0,408000.0,0.0,0.0,8.9,8.9,8.9,40.0
2017-04-07,6.443,8.9,0.0,8.9,0.0,0.0,0.0,0.0,8.9,8.9,8.9,0.0
2017-04-10,6.443,8.9,0.0,8.9,0.0,0.0,0.0,0.0,8.9,8.9,8.9,0.0
2017-04-11,6.443,8.9,0.0,8.9,0.0,0.0,0.0,0.0,8.9,8.9,8.9,0.0
2017-04-12,6.443,8.9,0.0,8.9,0.0,0.0,0.0,0.0,8.9,8.9,8.9,0.0
2017-04-13,6.443,8.9,0.0,8.9,0.0,0.0,0.0,0.0,8.9,8.9,8.9,0.0
2017-04-14,6.443,8.9,0.0,8.9,0.0,0.0,0.0,0.0,8.9,8.9,8.9,0.0
2017-04-17,6.443,8.9,0.0,8.9,0.0,0.0,0.0,0.0,8.9,8.9,8.9,0.0
2017-04-18,6.443,8.9,0.0,8.9,0.0,0.0,0.0,0.0,8.9,8.9,8.9,0.0
2017-04-19,6.443,8.9,0.0,8.9,0.0,0.0,0.0,0.0,8.9,8.9,8.9,0.0
2017-04-20,6.443,8.9,0.0,8.9,0.0,0.0,0.0,0.0,8.9,8.9,8.9,0.0
2017-04-21,6.443,8.9,0.0,8.9,0.0,0.0,0.0,0.0,8.9,8.9,8.9,0.0
2017-04-24,6.443,8.9,0.0,8.9,0.0,0.0,0.0,0.0,8.9,8.9,8.9,0.0
2017-04-25,6.443,8.9,0.0,8.9,0.0,0.0,0.0,0.0,8.9,8.9,8.9,0.0
2017-04-26,6.443,8.9,0.0,8.9,0.0,0.0,0.0,0.0,8.9,8.9,8.9,0.0
2017-04-27,5.502,7.6,-14.6067,8.054,1300.0,10470000.0,0.0,0.0,8.0,8.9,7.6,1300.0
2017-04-28,4.995,6.9,-14.8148,7.372,5700.0,42020000.0,0.0,0.0,8.8,8.8,6.9,5700.0
2017-05-03,5.357,7.4,0.0,7.4,0.0,0.0,0.0,0.0,7.4,7.4,7.4,0.0
2017-05-04,5.067,7.0,-5.4054,7.0,500.0,3500000.0,0.0,0.0,7.0,7.0,7.0,500.0
2017-05-05,5.067,7.0,0.0,7.0,0.0,0.0,0.0,0.0,7.0,7.0,7.0,0.0
2017-05-08,5.719,7.9,12.8571,7.9,500.0,3950000.0,0.0,0.0,7.9,7.9,7.9,500.0
2017-05-09,4.922,6.8,-13.9241,6.8,8300.0,56440000.0,0.0,0.0,6.8,6.8,6.8,8300.0
2017-05-10,5.574,7.7,13.2353,7.7,500.0,3850000.0,0.0,0.0,7.7,7.7,7.7,500.0
2017-05-11,5.574,7.7,0.0,7.7,0.0,0.0,0.0,0.0,7.7,7.7,7.7,0.0
2017-05-12,5.574,7.7,0.0,7.7,0.0,0.0,0.0,0.0,7.7,7.7,7.7,0.0
2017-05-15,5.574,7.7,0.0,7.7,0.0,0.0,0.0,0.0,7.7,7.7,7.7,0.0
2017-05-16,5.067,7.0,-9.0909,7.0,500.0,3500000.0,0.0,0.0,7.0,7.0,7.0,500.0
2017-05-17,4.344,6.0,-14.2857,7.267,300.0,2180000.0,0.0,0.0,7.9,7.9,6.0,300.0
2017-05-18,4.706,6.5,-10.9589,6.679,1400.0,9350000.0,0.0,0.0,7.0,7.0,6.5,1400.0
2017-05-19,4.85,6.7,0.0,6.117,1800.0,11010000.0,0.0,0.0,5.7,6.7,5.7,1800.0
2017-05-22,4.85,6.7,9.8361,6.7,300.0,2010000.0,0.0,0.0,6.7,6.7,6.7,300.0
2017-05-23,5.502,7.6,13.4328,7.6,200.0,1520000.0,0.0,0.0,7.6,7.6,7.6,200.0
2017-05-24,5.502,7.6,0.0,7.6,0.0,0.0,0.0,0.0,7.6,7.6,7.6,0.0
2017-05-25,5.502,7.6,0.0,7.6,0.0,0.0,0.0,0.0,7.6,7.6,7.6,0.0
2017-05-26,5.502,7.6,0.0,7.6,0.0,0.0,0.0,0.0,7.6,7.6,7.6,0.0
2017-05-29,5.502,7.6,0.0,7.6,0.0,0.0,0.0,0.0,7.6,7.6,7.6,0.0
2017-05-30,6.153,8.5,11.8421,7.881,1600.0,12610000.0,0.0,0.0,7.6,8.5,7.6,1600.0
2017-05-31,6.08,8.4,6.3291,7.9,2000.0,15800000.0,0.0,0.0,6.8,8.5,6.8,2000.0
2017-06-01,5.719,7.9,0.0,7.9,0.0,0.0,0.0,0.0,7.9,7.9,7.9,0.0
2017-06-02,5.719,7.9,0.0,7.9,0.0,0.0,0.0,0.0,7.9,7.9,7.9,0.0
2017-06-05,5.719,7.9,0.0,7.9,0.0,0.0,0.0,0.0,7.9,7.9,7.9,0.0
2017-06-06,5.719,7.9,0.0,7.9,0.0,0.0,0.0,0.0,7.9,7.9,7.9,0.0
2017-06-07,5.719,7.9,0.0,7.9,0.0,0.0,0.0,0.0,7.9,7.9,7.9,0.0
2017-06-08,5.719,7.9,0.0,7.9,0.0,0.0,0.0,0.0,7.9,7.9,7.9,0.0
2017-06-09,5.719,7.9,0.0,7.9,0.0,0.0,0.0,0.0,7.9,7.9,7.9,0.0
2017-06-12,5.719,7.9,0.0,7.9,0.0,0.0,1300.0,8840000.0,7.9,7.9,7.9,1300.0
2017-06-13,5.719,7.9,0.0,7.9,0.0,0.0,0.0,0.0,7.9,7.9,7.9,0.0
2017-06-14,5.719,7.9,0.0,7.9,0.0,0.0,0.0,0.0,7.9,7.9,7.9,0.0
2017-06-15,5.719,7.9,0.0,7.9,0.0,0.0,0.0,0.0,7.9,7.9,7.9,0.0
2017-06-16,5.719,7.9,0.0,7.9,0.0,0.0,0.0,0.0,7.9,7.9,7.9,0.0
2017-06-19,5.719,7.9,0.0,7.9,0.0,0.0,0.0,0.0,7.9,7.9,7.9,0.0
2017-06-20,5.719,7.9,0.0,7.9,0.0,0.0,0.0,0.0,7.9,7.9,7.9,0.0
2017-06-21,5.719,7.9,0.0,7.9,0.0,0.0,0.0,0.0,7.9,7.9,7.9,0.0
2017-06-22,5.719,7.9,0.0,7.9,0.0,0.0,0.0,0.0,7.9,7.9,7.9,0.0
2017-06-23,5.719,7.9,0.0,7.9,0.0,0.0,0.0,0.0,7.9,7.9,7.9,0.0
2017-06-26,5.719,7.9,0.0,7.9,0.0,0.0,0.0,0.0,7.9,7.9,7.9,0.0
2017-06-27,5.719,7.9,0.0,7.9,0.0,0.0,0.0,0.0,7.9,7.9,7.9,0.0
2017-06-28,5.719,7.9,0.0,7.9,0.0,0.0,0.0,0.0,7.9,7.9,7.9,0.0
2017-06-29,6.443,8.9,12.6582,8.21,2000.0,16420000.0,0.0,0.0,7.6,9.0,7.6,2000.0
2017-06-30,6.515,9.0,9.7561,9.0,500.0,4500000.0,0.0,0.0,9.0,9.0,9.0,500.0
2017-07-03,6.515,9.0,0.0,9.0,0.0,0.0,0.0,0.0,9.0,9.0,9.0,0.0
2017-07-04,6.515,9.0,0.0,9.0,0.0,0.0,0.0,0.0,9.0,9.0,9.0,0.0
2017-07-05,6.515,9.0,0.0,9.0,0.0,0.0,0.0,0.0,9.0,9.0,9.0,0.0
2017-07-06,6.515,9.0,0.0,9.0,0.0,0.0,0.0,0.0,9.0,9.0,9.0,0.0
2017-07-07,6.515,9.0,0.0,9.0,0.0,0.0,0.0,0.0,9.0,9.0,9.0,0.0
2017-07-10,6.515,9.0,0.0,9.0,0.0,0.0,0.0,0.0,9.0,9.0,9.0,0.0
2017-07-11,6.515,9.0,0.0,9.0,0.0,0.0,0.0,0.0,9.0,9.0,9.0,0.0
2017-07-12,6.515,9.0,0.0,9.0,0.0,0.0,0.0,0.0,9.0,9.0,9.0,0.0
2017-07-13,6.515,9.0,0.0,9.0,0.0,0.0,0.0,0.0,9.0,9.0,9.0,0.0
2017-07-14,6.515,9.0,0.0,9.0,0.0,0.0,0.0,0.0,9.0,9.0,9.0,0.0
2017-07-17,6.515,9.0,0.0,9.0,0.0,0.0,0.0,0.0,9.0,9.0,9.0,0.0
2017-07-18,6.515,9.0,0.0,9.0,0.0,0.0,0.0,0.0,9.0,9.0,9.0,0.0
2017-07-19,6.515,9.0,0.0,9.0,0.0,0.0,0.0,0.0,9.0,9.0,9.0,0.0
2017-07-20,6.515,9.0,0.0,9.0,0.0,0.0,0.0,0.0,9.0,9.0,9.0,0.0
2017-07-21,6.515,9.0,0.0,9.0,0.0,0.0,0.0,0.0,9.0,9.0,9.0,0.0
2017-07-24,6.515,9.0,0.0,9.0,0.0,0.0,0.0,0.0,9.0,9.0,9.0,0.0
2017-07-25,6.515,9.0,0.0,9.0,0.0,0.0,0.0,0.0,9.0,9.0,9.0,0.0
2017-07-26,6.515,9.0,0.0,9.0,0.0,0.0,0.0,0.0,9.0,9.0,9.0,0.0
2017-07-27,6.515,9.0,0.0,9.0,0.0,0.0,0.0,0.0,9.0,9.0,9.0,0.0
2017-07-28,5.574,7.7,-14.4444,7.7,100.0,770000.0,0.0,0.0,7.7,7.7,7.7,100.0
2017-07-31,5.791,8.0,3.8961,7.521,1400.0,10530000.0,0.0,0.0,6.6,8.0,6.6,1400.0
2017-08-01,4.633,6.4,-14.6667,6.4,800.0,5120000.0,0.0,0.0,6.4,6.4,6.4,800.0
2017-08-02,5.285,7.3,14.0625,7.3,100.0,730000.0,0.0,0.0,7.3,7.3,7.3,100.0
2017-08-03,5.936,8.2,12.3288,8.2,300.0,2460000.0,0.0,0.0,8.2,8.2,8.2,300.0
2017-08-04,5.936,8.2,0.0,8.2,0.0,0.0,0.0,0.0,8.2,8.2,8.2,0.0
2017-08-07,5.936,8.2,0.0,8.2,0.0,0.0,0.0,0.0,8.2,8.2,8.2,0.0
2017-08-08,5.936,8.2,0.0,8.2,0.0,0.0,0.0,0.0,8.2,8.2,8.2,0.0
2017-08-09,5.936,8.2,0.0,8.2,0.0,0.0,0.0,0.0,8.2,8.2,8.2,0.0
2017-08-10,5.936,8.2,0.0,8.2,0.0,0.0,0.0,0.0,8.2,8.2,8.2,0.0
2017-08-11,5.936,8.2,0.0,8.2,0.0,0.0,0.0,0.0,8.2,8.2,8.2,0.0
2017-08-14,5.936,8.2,0.0,8.2,0.0,0.0,0.0,0.0,8.2,8.2,8.2,0.0
2017-08-15,5.936,8.2,0.0,8.2,0.0,0.0,0.0,0.0,8.2,8.2,8.2,0.0
2017-08-16,5.067,7.0,-14.6341,7.0,100.0,700000.0,0.0,0.0,7.0,7.0,7.0,100.0
2017-08-17,5.574,7.7,10.0,6.117,2900.0,17740000.0,0.0,0.0,6.0,7.7,6.0,2900.0
2017-08-18,3.764,5.2,-14.7541,5.929,700.0,4150000.0,0.0,0.0,5.2,6.9,5.2,700.0
2017-08-21,4.633,6.4,8.4746,6.1,1300.0,7930000.0,0.0,0.0,5.1,6.4,5.1,1300.0
2017-08-22,3.764,5.2,-14.7541,5.2,3200.0,16640000.0,0.0,0.0,5.2,5.2,5.2,3200.0
2017-08-23,3.764,5.2,0.0,5.2,0.0,0.0,0.0,0.0,5.2,5.2,5.2,0.0
2017-08-24,3.257,4.5,-13.4615,5.057,700.0,3540000.0,0.0,0.0,4.5,5.8,4.5,700.0
2017-08-25,3.257,4.5,-11.7647,5.1,200.0,1020000.0,0.0,0.0,5.7,5.7,4.5,200.0
2017-08-28,4.198,5.8,13.7255,5.767,1500.0,8650000.0,0.0,0.0,5.7,5.8,5.7,1500.0
2017-08-29,4.633,6.4,10.3448,5.933,300.0,1780000.0,0.0,0.0,5.0,6.4,5.0,300.0
2017-08-30,4.633,6.4,8.4746,6.4,200.0,1280000.0,0.0,0.0,6.4,6.4,6.4,200.0
2017-08-31,4.633,6.4,0.0,6.4,0.0,0.0,0.0,0.0,6.4,6.4,6.4,0.0
2017-09-01,4.633,6.4,0.0,6.4,0.0,0.0,0.0,0.0,6.4,6.4,6.4,0.0
2017-09-05,4.633,6.4,0.0,6.4,0.0,0.0,0.0,0.0,6.4,6.4,6.4,0.0
2017-09-06,4.633,6.4,0.0,6.4,0.0,0.0,0.0,0.0,6.4,6.4,6.4,0.0
2017-09-07,4.633,6.4,0.0,6.4,0.0,0.0,0.0,0.0,6.4,6.4,6.4,0.0
2017-09-08,4.633,6.4,0.0,6.4,0.0,0.0,0.0,0.0,6.4,6.4,6.4,0.0
2017-09-11,4.633,6.4,0.0,6.4,0.0,0.0,0.0,0.0,6.4,6.4,6.4,0.0
2017-09-12,4.633,6.4,0.0,6.4,0.0,0.0,0.0,0.0,6.4,6.4,6.4,0.0
2017-09-13,4.633,6.4,0.0,6.4,0.0,0.0,0.0,0.0,6.4,6.4,6.4,0.0
2017-09-14,4.633,6.4,0.0,6.4,0.0,0.0,0.0,0.0,6.4,6.4,6.4,0.0
2017-09-15,4.633,6.4,0.0,6.4,0.0,0.0,0.0,0.0,6.4,6.4,6.4,0.0
2017-09-18,4.633,6.4,0.0,6.4,0.0,0.0,0.0,0.0,6.4,6.4,6.4,0.0
2017-09-19,4.633,6.4,0.0,6.4,0.0,0.0,0.0,0.0,6.4,6.4,6.4,0.0
2017-09-20,4.633,6.4,0.0,6.4,0.0,0.0,0.0,0.0,6.4,6.4,6.4,0.0
2017-09-21,4.633,6.4,0.0,6.4,0.0,0.0,0.0,0.0,6.4,6.4,6.4,0.0
2017-09-22,4.633,6.4,0.0,6.4,0.0,0.0,0.0,0.0,6.4,6.4,6.4,0.0
2017-09-25,3.981,5.5,-14.0625,5.5,2600.0,14300000.0,0.0,0.0,5.5,5.5,5.5,2600.0
2017-09-26,3.402,4.7,-14.5455,4.7,1000.0,4700000.0,0.0,0.0,4.7,4.7,4.7,1000.0
2017-09-27,3.402,4.7,0.0,4.7,0.0,0.0,0.0,0.0,4.7,4.7,4.7,0.0
2017-09-28,3.402,4.7,0.0,4.7,0.0,0.0,0.0,0.0,4.7,4.7,4.7,0.0
2017-09-29,3.764,5.2,10.6383,5.2,100.0,520000.0,0.0,0.0,5.2,5.2,5.2,100.0
2017-10-02,3.909,5.4,3.8462,5.4,200.0,1080000.0,0.0,0.0,5.4,5.4,5.4,200.0
2017-10-03,3.909,5.4,0.0,5.4,0.0,0.0,0.0,0.0,5.4,5.4,5.4,0.0
2017-10-04,3.909,5.4,0.0,5.4,0.0,0.0,0.0,0.0,5.4,5.4,5.4,0.0
2017-10-05,3.402,4.7,-12.963,4.633,300.0,1390000.0,0.0,0.0,4.6,4.7,4.6,300.0
2017-10-06,3.547,4.9,6.5217,4.9,500.0,2450000.0,0.0,0.0,4.9,4.9,4.9,500.0
2017-10-09,3.04,4.2,-14.2857,4.2,2000.0,8400000.0,0.0,0.0,4.2,4.2,4.2,2000.0
2017-10-10,3.475,4.8,14.2857,4.8,100.0,480000.0,0.0,0.0,4.8,4.8,4.8,100.0
2017-10-11,3.475,4.8,0.0,4.8,0.0,0.0,0.0,0.0,4.8,4.8,4.8,0.0
2017-10-12,3.257,4.5,-6.25,4.5,100.0,450000.0,0.0,0.0,4.5,4.5,4.5,100.0
2017-10-13,3.257,4.5,0.0,4.5,0.0,0.0,0.0,0.0,4.5,4.5,4.5,0.0
2017-10-16,3.257,4.5,0.0,4.5,0.0,0.0,0.0,0.0,4.5,4.5,4.5,0.0
2017-10-17,3.257,4.5,0.0,4.5,0.0,0.0,0.0,0.0,4.5,4.5,4.5,0.0
2017-10-18,3.257,4.5,0.0,4.5,0.0,0.0,0.0,0.0,4.5,4.5,4.5,0.0
2017-10-19,3.257,4.5,0.0,4.5,0.0,0.0,0.0,0.0,4.5,4.5,4.5,0.0
2017-10-20,3.257,4.5,0.0,4.5,0.0,0.0,0.0,0.0,4.5,4.5,4.5,0.0
2017-10-23,3.619,5.0,11.1111,5.0,100.0,500000.0,0.0,0.0,5.0,5.0,5.0,100.0
2017-10-24,3.619,5.0,0.0,5.0,60.0,258000.0,0.0,0.0,5.0,5.0,5.0,60.0
2017-10-25,3.112,4.3,-14.0,4.3,1900.0,8170000.0,0.0,0.0,4.3,4.3,4.3,1900.0
2017-10-26,3.112,4.3,0.0,4.3,0.0,0.0,0.0,0.0,4.3,4.3,4.3,0.0
2017-10-27,3.112,4.3,0.0,4.3,0.0,0.0,0.0,0.0,4.3,4.3,4.3,0.0
2017-10-30,3.112,4.3,0.0,4.3,0.0,0.0,0.0,0.0,4.3,4.3,4.3,0.0
2017-10-31,3.112,4.3,0.0,4.3,0.0,0.0,0.0,0.0,4.3,4.3,4.3,0.0
2017-11-01,3.112,4.3,0.0,4.3,0.0,0.0,0.0,0.0,4.3,4.3,4.3,0.0
2017-11-02,3.112,4.3,0.0,4.3,0.0,0.0,0.0,0.0,4.3,4.3,4.3,0.0
2017-11-03,3.112,4.3,0.0,4.3,0.0,0.0,0.0,0.0,4.3,4.3,4.3,0.0
2017-11-06,2.967,4.1,-4.6512,4.1,1000.0,4100000.0,0.0,0.0,4.1,4.1,4.1,1000.0
2017-11-07,2.967,4.1,0.0,4.1,0.0,0.0,0.0,0.0,4.1,4.1,4.1,0.0
2017-11-08,3.112,4.3,4.878,4.3,900.0,3870000.0,0.0,0.0,4.3,4.3,4.3,900.0
2017-11-09,3.112,4.3,0.0,4.3,0.0,0.0,0.0,0.0,4.3,4.3,4.3,0.0
2017-11-10,3.547,4.9,13.9535,4.9,1100.0,5390000.0,0.0,0.0,4.9,4.9,4.9,1100.0
2017-11-13,3.547,4.9,0.0,4.9,0.0,0.0,0.0,0.0,4.9,4.9,4.9,0.0
2017-11-14,3.547,4.9,0.0,4.9,0.0,0.0,0.0,0.0,4.9,4.9,4.9,0.0
2017-11-15,4.054,5.6,14.2857,5.6,100.0,560000.0,0.0,0.0,5.6,5.6,5.6,100.0
2017-11-16,4.489,6.2,10.7143,6.2,100.0,620000.0,0.0,0.0,6.2,6.2,6.2,100.0
2017-11-17,4.344,6.0,-3.2258,6.0,1000.0,6000000.0,0.0,0.0,6.0,6.0,6.0,1000.0
2017-11-20,4.344,6.0,0.0,6.0,0.0,0.0,0.0,0.0,6.0,6.0,6.0,0.0
2017-11-21,4.344,6.0,0.0,6.0,0.0,0.0,0.0,0.0,6.0,6.0,6.0,0.0
2017-11-22,3.981,5.5,-8.3333,5.5,100.0,550000.0,0.0,0.0,5.5,5.5,5.5,100.0
2017-11-23,3.981,5.5,0.0,5.5,0.0,0.0,0.0,0.0,5.5,5.5,5.5,0.0
2017-11-24,3.981,5.5,0.0,5.5,0.0,0.0,0.0,0.0,5.5,5.5,5.5,0.0
2017-11-27,4.489,6.2,12.7273,5.7,600.0,3420000.0,0.0,0.0,4.7,6.2,4.7,600.0
2017-11-28,4.126,5.7,0.0,5.7,0.0,0.0,0.0,0.0,5.7,5.7,5.7,0.0
2017-11-29,4.126,5.7,0.0,5.7,0.0,0.0,0.0,0.0,5.7,5.7,5.7,0.0
2017-11-30,4.126,5.7,0.0,5.7,0.0,0.0,0.0,0.0,5.7,5.7,5.7,0.0
2017-12-01,4.126,5.7,0.0,5.7,0.0,0.0,0.0,0.0,5.7,5.7,5.7,0.0
2017-12-04,4.126,5.7,0.0,5.7,0.0,0.0,0.0,0.0,5.7,5.7,5.7,0.0
2017-12-05,4.126,5.7,0.0,5.7,0.0,0.0,0.0,0.0,5.7,5.7,5.7,0.0
2017-12-06,4.126,5.7,0.0,5.7,0.0,0.0,0.0,0.0,5.7,5.7,5.7,0.0
2017-12-07,4.126,5.7,0.0,5.7,0.0,0.0,0.0,0.0,5.7,5.7,5.7,0.0
2017-12-08,4.126,5.7,0.0,5.7,0.0,0.0,0.0,0.0,5.7,5.7,5.7,0.0
2017-12-11,4.126,5.7,0.0,5.7,0.0,0.0,0.0,0.0,5.7,5.7,5.7,0.0
2017-12-12,4.126,5.7,0.0,5.7,0.0,0.0,0.0,0.0,5.7,5.7,5.7,0.0
2017-12-13,4.126,5.7,0.0,5.7,0.0,0.0,0.0,0.0,5.7,5.7,5.7,0.0
2017-12-14,4.126,5.7,0.0,5.7,0.0,0.0,0.0,0.0,5.7,5.7,5.7,0.0
2017-12-15,4.126,5.7,0.0,5.7,0.0,0.0,0.0,0.0,5.7,5.7,5.7,0.0
2017-12-18,4.126,5.7,0.0,5.7,0.0,0.0,0.0,0.0,5.7,5.7,5.7,0.0
2017-12-19,4.126,5.7,0.0,5.7,0.0,0.0,0.0,0.0,5.7,5.7,5.7,0.0
2017-12-20,3.619,5.0,-12.2807,5.0,400.0,2000000.0,0.0,0.0,5.0,5.0,5.0,400.0
2017-12-21,3.619,5.0,0.0,5.0,1000.0,5000000.0,0.0,0.0,5.0,5.0,5.0,1000.0
2017-12-22,3.619,5.0,0.0,5.0,1360.0,6770000.0,0.0,0.0,5.0,5.0,5.0,1360.0
2017-12-25,3.619,5.0,0.0,5.0,0.0,0.0,0.0,0.0,5.0,5.0,5.0,0.0
2017-12-26,3.619,5.0,0.0,5.0,0.0,0.0,0.0,0.0,5.0,5.0,5.0,0.0
2017-12-27,3.257,4.5,-10.0,4.763,1900.0,9050000.0,0.0,0.0,5.0,5.0,4.5,1900.0
2017-12-28,3.475,4.8,0.0,4.8,0.0,0.0,0.0,0.0,4.8,4.8,4.8,0.0
2017-12-29,3.547,4.9,2.0833,4.58,1500.0,6870000.0,0.0,0.0,4.9,4.9,4.5,1500.0
2018-01-02,3.33,4.6,0.0,4.6,0.0,0.0,0.0,0.0,4.6,4.6,4.6,0.0
2018-01-03,3.33,4.6,0.0,4.6,920.0,4232000.0,0.0,0.0,4.6,4.6,4.6,920.0
2018-01-04,3.257,4.5,-2.1739,4.5,800.0,3600000.0,0.0,0.0,4.5,4.5,4.5,800.0
2018-01-05,3.257,4.5,0.0,4.5,0.0,0.0,0.0,0.0,4.5,4.5,4.5,0.0
2018-01-08,3.257,4.5,0.0,4.5,0.0,0.0,0.0,0.0,4.5,4.5,4.5,0.0
2018-01-09,3.257,4.5,0.0,4.5,5200.0,23400000.0,0.0,0.0,4.5,4.5,4.5,5200.0
2018-01-10,3.257,4.5,0.0,4.5,0.0,0.0,0.0,0.0,4.5,4.5,4.5,0.0
2018-01-11,3.257,4.5,0.0,4.5,0.0,0.0,0.0,0.0,4.5,4.5,4.5,0.0
2018-01-12,3.257,4.5,0.0,4.5,0.0,0.0,0.0,0.0,4.5,4.5,4.5,0.0
2018-01-15,3.619,5.0,11.1111,5.0,200.0,1000000.0,0.0,0.0,5.0,5.0,5.0,200.0
2018-01-16,3.619,5.0,0.0,5.0,0.0,0.0,0.0,0.0,5.0,5.0,5.0,0.0
2018-01-17,3.619,5.0,0.0,5.0,60.0,258000.0,0.0,0.0,5.0,5.0,5.0,60.0
2018-01-18,3.619,5.0,0.0,5.0,0.0,0.0,0.0,0.0,5.0,5.0,5.0,0.0
2018-01-19,3.619,5.0,0.0,5.0,100.0,500000.0,0.0,0.0,5.0,5.0,5.0,100.0
2018-01-22,3.619,5.0,0.0,5.0,0.0,0.0,0.0,0.0,5.0,5.0,5.0,0.0
2018-01-23,3.619,5.0,0.0,5.0,0.0,0.0,0.0,0.0,5.0,5.0,5.0,0.0
2018-01-24,3.619,5.0,0.0,5.0,0.0,0.0,0.0,0.0,5.0,5.0,5.0,0.0
2018-01-25,4.126,5.7,14.0,5.7,2900.0,16530000.0,0.0,0.0,5.7,5.7,5.7,2900.0
2018-01-26,4.706,6.5,14.0351,6.5,2660.0,17290000.0,0.0,0.0,6.5,6.5,6.5,2660.0
2018-01-29,5.357,7.4,13.8462,7.321,22900.0,167660000.0,0.0,0.0,7.0,7.4,7.0,22900.0
2018-01-30,6.008,8.3,13.6986,8.226,3100.0,25500000.0,0.0,0.0,8.2,8.3,8.2,3100.0
2018-01-31,6.804,9.4,14.6341,9.4,4200.0,39480000.0,0.0,0.0,9.4,9.4,9.4,4200.0
2018-02-01,7.818,10.8,14.8936,10.8,26610.0,287388000.0,0.0,0.0,10.8,10.8,10.8,26610.0
2018-02-02,7.818,10.8,0.0,11.719,7400.0,86720000.0,60.0,552000.0,12.4,12.4,10.8,7460.0
2018-02-05,8.469,11.7,0.0,11.7,0.0,0.0,0.0,0.0,11.7,11.7,11.7,0.0
2018-02-06,8.469,11.7,0.0,11.7,0.0,0.0,0.0,0.0,11.7,11.7,11.7,0.0
2018-02-07,7.239,10.0,-14.5299,10.0,3400.0,34000000.0,0.0,0.0,10.0,10.0,10.0,3400.0
2018-02-08,6.153,8.5,-15.0,8.5,12100.0,102850000.0,0.0,0.0,8.5,8.5,8.5,12100.0
2018-02-09,5.285,7.3,-14.1176,7.3,9010.0,65773000.0,0.0,0.0,7.3,7.3,7.3,9010.0
2018-02-12,5.285,7.3,0.0,7.3,0.0,0.0,0.0,0.0,7.3,7.3,7.3,0.0
2018-02-13,6.008,8.3,13.6986,8.3,1000.0,8300000.0,0.0,0.0,8.3,8.3,8.3,1000.0
2018-02-21,6.008,8.3,0.0,8.3,0.0,0.0,0.0,0.0,8.3,8.3,8.3,0.0
2018-02-22,6.008,8.3,0.0,8.3,0.0,0.0,0.0,0.0,8.3,8.3,8.3,0.0
2018-02-23,5.139,7.1,-14.4578,7.1,400.0,2840000.0,0.0,0.0,7.1,7.1,7.1,400.0
2018-02-26,5.139,7.1,0.0,7.1,0.0,0.0,0.0,0.0,7.1,7.1,7.1,0.0
2018-02-27,5.067,7.0,-1.4085,7.7,400.0,3080000.0,0.0,0.0,7.9,8.0,7.0,400.0
2018-02-28,4.778,6.6,-14.2857,6.636,2800.0,18580000.0,0.0,0.0,6.6,6.7,6.6,2800.0
2018-03-01,5.357,7.4,12.1212,7.325,400.0,2930000.0,0.0,0.0,7.3,7.4,7.3,400.0
2018-03-02,5.285,7.3,0.0,7.3,0.0,0.0,0.0,0.0,7.3,7.3,7.3,0.0
2018-03-05,5.067,7.0,-4.1096,6.989,9000.0,62900000.0,0.0,0.0,6.9,7.0,6.9,9000.0
2018-03-06,5.43,7.5,7.1429,7.525,1600.0,12040000.0,0.0,0.0,7.9,7.9,7.5,1600.0
2018-03-07,5.43,7.5,0.0,7.5,610.0,4575000.0,0.0,0.0,7.5,7.5,7.5,610.0
2018-03-08,5.43,7.5,0.0,7.5,0.0,0.0,0.0,0.0,7.5,7.5,7.5,0.0
2018-03-09,5.43,7.5,0.0,7.5,0.0,0.0,0.0,0.0,7.5,7.5,7.5,0.0
2018-03-12,5.067,7.0,-6.6667,7.0,5000.0,35000000.0,0.0,0.0,7.0,7.0,7.0,5000.0
2018-03-13,5.067,7.0,0.0,7.0,0.0,0.0,0.0,0.0,7.0,7.0,7.0,0.0
2018-03-14,5.067,7.0,0.0,7.0,0.0,0.0,0.0,0.0,7.0,7.0,7.0,0.0
2018-03-15,5.502,7.6,8.5714,6.814,1400.0,9540000.0,0.0,0.0,6.5,7.6,6.5,1400.0
2018-03-16,4.922,6.8,0.0,6.8,500.0,3400000.0,0.0,0.0,6.8,6.8,6.8,500.0
2018-03-19,4.922,6.8,0.0,6.8,0.0,0.0,0.0,0.0,6.8,6.8,6.8,0.0
2018-03-20,4.198,5.8,-14.7059,5.8,1000.0,5800000.0,0.0,0.0,5.8,5.8,5.8,1000.0
2018-03-21,4.778,6.6,13.7931,6.6,300.0,1980000.0,0.0,0.0,6.6,6.6,6.6,300.0
2018-03-22,5.43,7.5,13.6364,7.5,160.0,1092000.0,0.0,0.0,7.5,7.5,7.5,160.0
2018-03-23,5.43,7.5,0.0,7.793,4000.0,31170000.0,0.0,0.0,8.0,8.1,7.5,4000.0
2018-03-26,6.153,8.5,8.9744,8.5,200.0,1700000.0,0.0,0.0,8.5,8.5,8.5,200.0
2018-03-27,6.153,8.5,0.0,8.5,0.0,0.0,0.0,0.0,8.5,8.5,8.5,0.0
2018-03-28,6.153,8.5,0.0,8.5,0.0,0.0,0.0,0.0,8.5,8.5,8.5,0.0
2018-03-29,5.285,7.3,-14.1176,7.3,4300.0,31390000.0,0.0,0.0,7.3,7.3,7.3,4300.0
2018-03-30,4.561,6.3,-13.6986,6.3,2700.0,17010000.0,60.0,378000.0,6.3,6.3,6.3,2760.0
2018-04-02,4.561,6.3,0.0,6.3,0.0,0.0,0.0,0.0,6.3,6.3,6.3,0.0
2018-04-03,4.561,6.3,0.0,6.3,458.0,2936200.0,0.0,0.0,6.3,6.3,6.3,458.0
2018-04-04,4.561,6.3,0.0,6.3,0.0,0.0,0.0,0.0,6.3,6.3,6.3,0.0
2018-04-05,4.561,6.3,0.0,6.3,802.0,5054400.0,0.0,0.0,6.3,6.3,6.3,802.0
2018-04-06,4.344,6.0,-4.7619,6.046,2647.0,16058400.0,0.0,0.0,6.3,6.3,6.0,2647.0
2018-04-09,4.344,6.0,0.0,6.0,3600.0,21600000.0,0.0,0.0,6.0,6.0,6.0,3600.0
2018-04-10,4.344,6.0,0.0,6.0,1140.0,6844000.0,0.0,0.0,6.0,6.0,6.0,1140.0
2018-04-11,4.344,6.0,0.0,6.0,0.0,0.0,0.0,0.0,6.0,6.0,6.0,0.0
2018-04-12,4.344,6.0,0.0,6.0,0.0,0.0,0.0,0.0,6.0,6.0,6.0,0.0
2018-04-13,4.344,6.0,0.0,6.0,2200.0,13200000.0,0.0,0.0,6.0,6.0,6.0,2200.0
2018-04-16,4.995,6.9,15.0,6.667,13260.0,88330000.0,0.0,0.0,5.5,6.9,5.5,13260.0
2018-04-17,4.271,5.9,-11.9403,5.942,4800.0,28520000.0,0.0,0.0,6.0,6.0,5.9,4800.0
2018-04-18,4.271,5.9,0.0,5.9,0.0,0.0,0.0,0.0,5.9,5.9,5.9,0.0
2018-04-19,4.198,5.8,-1.6949,5.885,3400.0,20010000.0,0.0,0.0,5.9,5.9,5.8,3400.0
2018-04-20,4.271,5.9,0.0,6.371,1400.0,8920000.0,0.0,0.0,5.9,6.5,5.9,1400.0
2018-04-23,4.344,6.0,-6.25,5.957,2100.0,12510000.0,0.0,0.0,5.9,6.0,5.9,2100.0
2018-04-24,4.344,6.0,0.0,6.0,0.0,0.0,0.0,0.0,6.0,6.0,6.0,0.0
2018-04-26,4.344,6.0,0.0,6.0,60.0,360000.0,0.0,0.0,6.0,6.0,6.0,60.0
2018-04-27,4.344,6.0,0.0,6.0,0.0,0.0,0.0,0.0,6.0,6.0,6.0,0.0
2018-05-02,4.344,6.0,0.0,6.0,0.0,0.0,0.0,0.0,6.0,6.0,6.0,0.0
2018-05-03,4.344,6.0,0.0,6.0,0.0,0.0,0.0,0.0,6.0,6.0,6.0,0.0
2018-05-04,4.344,6.0,0.0,6.0,0.0,0.0,0.0,0.0,6.0,6.0,6.0,0.0
2018-05-07,4.344,6.0,0.0,6.0,0.0,0.0,0.0,0.0,6.0,6.0,6.0,0.0
2018-05-08,4.344,6.0,0.0,6.0,12.0,72000.0,0.0,0.0,6.0,6.0,6.0,12.0
2018-05-09,4.344,6.0,0.0,6.0,68.0,408000.0,0.0,0.0,6.0,6.0,6.0,68.0
2018-05-10,4.344,6.0,0.0,6.0,0.0,0.0,0.0,0.0,6.0,6.0,6.0,0.0
2018-05-11,4.344,6.0,0.0,6.0,12000.0,72000000.0,0.0,0.0,6.0,6.0,6.0,12000.0
2018-05-14,4.344,6.0,0.0,6.0,2300.0,13800000.0,0.0,0.0,6.0,6.0,6.0,2300.0
2018-05-15,4.344,6.0,0.0,6.0,0.0,0.0,0.0,0.0,6.0,6.0,6.0,0.0
2018-05-16,4.344,6.0,0.0,6.0,0.0,0.0,0.0,0.0,6.0,6.0,6.0,0.0
2018-05-17,4.344,6.0,0.0,6.0,0.0,0.0,0.0,0.0,6.0,6.0,6.0,0.0
2018-05-18,4.344,6.0,0.0,6.0,0.0,0.0,0.0,0.0,6.0,6.0,6.0,0.0
2018-05-21,4.344,6.0,0.0,6.0,0.0,0.0,0.0,0.0,6.0,6.0,6.0,0.0
2018-05-22,4.344,6.0,0.0,6.0,0.0,0.0,0.0,0.0,6.0,6.0,6.0,0.0
2018-05-23,4.344,6.0,0.0,6.0,0.0,0.0,0.0,0.0,6.0,6.0,6.0,0.0
2018-05-24,4.344,6.0,0.0,6.0,0.0,0.0,0.0,0.0,6.0,6.0,6.0,0.0
2018-05-25,4.344,6.0,0.0,6.167,1200.0,7400000.0,0.0,0.0,6.2,6.2,6.0,1200.0
2018-05-28,4.489,6.2,0.0,6.2,0.0,0.0,0.0,0.0,6.2,6.2,6.2,0.0
2018-05-29,4.344,6.0,-3.2258,6.0,2000.0,12000000.0,0.0,0.0,6.0,6.0,6.0,2000.0
2018-05-30,4.344,6.0,0.0,6.0,0.0,0.0,0.0,0.0,6.0,6.0,6.0,0.0
2018-05-31,4.344,6.0,0.0,6.0,0.0,0.0,0.0,0.0,6.0,6.0,6.0,0.0
2018-06-01,4.344,6.0,0.0,6.0,300.0,1800000.0,0.0,0.0,6.0,6.0,6.0,300.0
2018-06-04,4.706,6.5,8.3333,6.5,2500.0,16250000.0,0.0,0.0,6.5,6.5,6.5,2500.0
2018-06-05,4.706,6.5,0.0,6.5,0.0,0.0,0.0,0.0,6.5,6.5,6.5,0.0
2018-06-06,4.706,6.5,0.0,6.5,0.0,0.0,0.0,0.0,6.5,6.5,6.5,0.0
2018-06-07,5.357,7.4,13.8462,7.4,100.0,740000.0,0.0,0.0,7.4,7.4,7.4,100.0
2018-06-08,5.357,7.4,0.0,7.4,0.0,0.0,0.0,0.0,7.4,7.4,7.4,0.0
2018-06-11,5.357,7.4,0.0,7.4,0.0,0.0,0.0,0.0,7.4,7.4,7.4,0.0
2018-06-12,5.357,7.4,0.0,7.4,0.0,0.0,0.0,0.0,7.4,7.4,7.4,0.0
2018-06-13,4.561,6.3,-14.8649,6.3,300.0,1890000.0,0.0,0.0,6.3,6.3,6.3,300.0
2018-06-14,5.067,7.0,11.1111,7.0,100.0,700000.0,0.0,0.0,7.0,7.0,7.0,100.0
2018-06-15,5.067,7.0,0.0,7.0,0.0,0.0,0.0,0.0,7.0,7.0,7.0,0.0
2018-06-18,5.067,7.0,0.0,7.0,0.0,0.0,0.0,0.0,7.0,7.0,7.0,0.0
2018-06-19,5.067,7.0,0.0,7.0,0.0,0.0,0.0,0.0,7.0,7.0,7.0,0.0
2018-06-20,5.067,7.0,0.0,7.0,0.0,0.0,0.0,0.0,7.0,7.0,7.0,0.0
2018-06-21,5.067,7.0,0.0,7.0,0.0,0.0,0.0,0.0,7.0,7.0,7.0,0.0
2018-06-22,5.067,7.0,0.0,7.0,0.0,0.0,0.0,0.0,7.0,7.0,7.0,0.0
2018-06-25,5.067,7.0,0.0,7.0,0.0,0.0,0.0,0.0,7.0,7.0,7.0,0.0
2018-06-26,5.067,7.0,0.0,7.0,0.0,0.0,0.0,0.0,7.0,7.0,7.0,0.0
2018-06-27,5.067,7.0,0.0,7.0,0.0,0.0,0.0,0.0,7.0,7.0,7.0,0.0
2018-06-28,5.067,7.0,0.0,7.0,0.0,0.0,0.0,0.0,7.0,7.0,7.0,0.0
2018-06-29,5.067,7.0,0.0,7.0,0.0,0.0,0.0,0.0,7.0,7.0,7.0,0.0
2018-07-02,5.067,7.0,0.0,7.0,0.0,0.0,0.0,0.0,7.0,7.0,7.0,0.0
2018-07-03,5.067,7.0,0.0,7.0,0.0,0.0,0.0,0.0,7.0,7.0,7.0,0.0
2018-07-04,5.067,7.0,0.0,7.0,0.0,0.0,0.0,0.0,7.0,7.0,7.0,0.0
2018-07-05,5.067,7.0,0.0,7.0,0.0,0.0,0.0,0.0,7.0,7.0,7.0,0.0
2018-07-06,5.067,7.0,0.0,7.0,0.0,0.0,0.0,0.0,7.0,7.0,7.0,0.0
2018-07-09,5.067,7.0,0.0,7.0,0.0,0.0,0.0,0.0,7.0,7.0,7.0,0.0
2018-07-10,4.344,6.0,-14.2857,6.0,2000.0,12000000.0,0.0,0.0,6.0,6.0,6.0,2000.0
2018-07-11,4.344,6.0,0.0,5.109,9600.0,49050000.0,0.0,0.0,5.1,6.0,5.1,9600.0
2018-07-12,3.692,5.1,0.0,5.1,0.0,0.0,0.0,0.0,5.1,5.1,5.1,0.0
2018-07-13,3.692,5.1,0.0,5.1,0.0,0.0,0.0,0.0,5.1,5.1,5.1,0.0
2018-07-16,3.692,5.1,0.0,5.1,100.0,510000.0,6780.0,29832000.0,5.1,5.1,5.1,6880.0
2018-07-17,3.692,5.1,0.0,5.45,200.0,1090000.0,0.0,0.0,5.8,5.8,5.1,200.0
2018-07-18,3.981,5.5,0.0,5.85,200.0,1170000.0,0.0,0.0,6.2,6.2,5.5,200.0
2018-07-19,3.764,5.2,-11.8644,5.85,260.0,1476000.0,0.0,0.0,6.5,6.5,5.2,260.0
2018-07-20,4.271,5.9,0.0,5.9,0.0,0.0,0.0,0.0,5.9,5.9,5.9,0.0
2018-07-23,4.126,5.7,-3.3898,5.7,16260.0,92676000.0,0.0,0.0,5.7,5.7,5.7,16260.0
2018-07-24,4.126,5.7,0.0,5.7,0.0,0.0,0.0,0.0,5.7,5.7,5.7,0.0
2018-07-25,4.489,6.2,8.7719,6.2,100.0,620000.0,0.0,0.0,6.2,6.2,6.2,100.0
2018-07-26,4.344,6.0,-3.2258,6.0,200.0,1200000.0,0.0,0.0,6.0,6.0,6.0,200.0
2018-07-27,4.344,6.0,0.0,6.0,0.0,0.0,0.0,0.0,6.0,6.0,6.0,0.0
2018-07-30,4.344,6.0,0.0,6.0,0.0,0.0,0.0,0.0,6.0,6.0,6.0,0.0
2018-07-31,4.344,6.0,0.0,6.0,0.0,0.0,0.0,0.0,6.0,6.0,6.0,0.0
2018-08-01,4.706,6.5,8.3333,6.5,100.0,650000.0,0.0,0.0,6.5,6.5,6.5,100.0
2018-08-02,4.706,6.5,0.0,6.5,0.0,0.0,0.0,0.0,6.5,6.5,6.5,0.0
2018-08-03,4.706,6.5,0.0,6.5,0.0,0.0,0.0,0.0,6.5,6.5,6.5,0.0
2018-08-06,4.706,6.5,0.0,6.5,0.0,0.0,0.0,0.0,6.5,6.5,6.5,0.0
2018-08-07,4.706,6.5,0.0,6.5,0.0,0.0,0.0,0.0,6.5,6.5,6.5,0.0
2018-08-08,4.706,6.5,0.0,6.5,0.0,0.0,0.0,0.0,6.5,6.5,6.5,0.0
2018-08-09,4.633,6.4,-1.5385,6.0,200.0,1200000.0,0.0,0.0,5.6,6.4,5.6,200.0
2018-08-10,4.198,5.8,-3.3333,5.104,17400.0,88810000.0,0.0,0.0,5.1,5.8,5.1,17400.0
2018-08-13,3.692,5.1,0.0,5.1,10.0,52000.0,0.0,0.0,5.1,5.1,5.1,10.0
2018-08-14,3.764,5.2,1.9608,5.2,200.0,1040000.0,0.0,0.0,5.2,5.2,5.2,200.0
2018-08-15,3.764,5.2,0.0,5.2,80.0,400000.0,0.0,0.0,5.2,5.2,5.2,80.0
2018-08-16,3.475,4.8,-7.6923,4.8,500.0,2400000.0,0.0,0.0,4.8,4.8,4.8,500.0
2018-08-17,3.619,5.0,4.1667,5.091,2200.0,11200000.0,0.0,0.0,5.1,5.1,5.0,2200.0
2018-08-20,4.198,5.8,13.7255,5.8,1000.0,5800000.0,0.0,0.0,5.8,5.8,5.8,1000.0
2018-08-21,4.198,5.8,0.0,5.8,0.0,0.0,0.0,0.0,5.8,5.8,5.8,0.0
2018-08-22,4.198,5.8,0.0,5.8,0.0,0.0,0.0,0.0,5.8,5.8,5.8,0.0
2018-08-23,4.198,5.8,0.0,5.8,0.0,0.0,0.0,0.0,5.8,5.8,5.8,0.0
2018-08-24,4.198,5.8,0.0,5.8,0.0,0.0,0.0,0.0,5.8,5.8,5.8,0.0
2018-08-27,4.198,5.8,0.0,5.8,5713.0,33133400.0,0.0,0.0,5.8,5.8,5.8,5713.0
2018-08-28,4.198,5.8,0.0,5.8,0.0,0.0,0.0,0.0,5.8,5.8,5.8,0.0
2018-08-29,4.198,5.8,0.0,5.8,0.0,0.0,0.0,0.0,5.8,5.8,5.8,0.0
2018-08-30,3.981,5.5,-5.1724,5.5,120.0,652000.0,0.0,0.0,5.5,5.5,5.5,120.0
2018-08-31,3.981,5.5,0.0,5.5,0.0,0.0,0.0,0.0,5.5,5.5,5.5,0.0
2018-09-04,3.981,5.5,0.0,5.5,0.0,0.0,0.0,0.0,5.5,5.5,5.5,0.0
2018-09-05,3.981,5.5,0.0,5.5,90.0,459000.0,0.0,0.0,5.5,5.5,5.5,90.0
2018-09-06,3.475,4.8,-12.7273,4.8,1057.0,5079300.0,0.0,0.0,4.8,4.8,4.8,1057.0
2018-09-07,3.475,4.8,0.0,4.8,0.0,0.0,0.0,0.0,4.8,4.8,4.8,0.0
2018-09-10,3.475,4.8,0.0,4.8,0.0,0.0,0.0,0.0,4.8,4.8,4.8,0.0
2018-09-11,3.981,5.5,14.5833,5.495,2000.0,10990000.0,0.0,0.0,5.4,5.5,5.4,2000.0
2018-09-12,3.981,5.5,0.0,5.5,0.0,0.0,0.0,0.0,5.5,5.5,5.5,0.0
2018-09-13,3.981,5.5,0.0,5.5,0.0,0.0,0.0,0.0,5.5,5.5,5.5,0.0
2018-09-14,4.198,5.8,5.4545,5.8,3000.0,17400000.0,0.0,0.0,5.8,5.8,5.8,3000.0
2018-09-17,4.126,5.7,-1.7241,5.7,1300.0,7410000.0,0.0,0.0,5.7,5.7,5.7,1300.0
2018-09-18,4.126,5.7,0.0,5.7,1200.0,6840000.0,0.0,0.0,5.7,5.7,5.7,1200.0
2018-09-19,4.198,5.8,1.7544,5.72,5033.0,28788100.0,0.0,0.0,5.5,5.8,5.5,5033.0
2018-09-20,4.126,5.7,0.0,5.789,18000.0,104200000.0,0.0,0.0,5.8,5.8,5.7,18000.0
2018-09-21,4.198,5.8,0.0,5.8,0.0,0.0,0.0,0.0,5.8,5.8,5.8,0.0
2018-09-24,4.198,5.8,0.0,5.8,27.0,137700.0,0.0,0.0,5.8,5.8,5.8,27.0
2018-09-25,4.633,6.4,10.3448,6.4,100.0,640000.0,0.0,0.0,6.4,6.4,6.4,100.0
2018-09-26,3.981,5.5,-14.0625,5.589,6400.0,35770000.0,0.0,0.0,5.9,6.1,5.5,6400.0
2018-09-27,3.981,5.5,-1.7857,5.5,2800.0,15400000.0,0.0,0.0,5.5,5.5,5.5,2800.0
2018-09-28,4.561,6.3,14.5455,6.3,100.0,630000.0,0.0,0.0,6.3,6.3,6.3,100.0
2018-10-01,4.561,6.3,0.0,6.3,0.0,0.0,0.0,0.0,6.3,6.3,6.3,0.0
2018-10-02,4.198,5.8,-7.9365,5.705,3800.0,21680000.0,0.0,0.0,5.5,5.8,5.5,3800.0
2018-10-03,4.126,5.7,0.0,5.7,0.0,0.0,0.0,0.0,5.7,5.7,5.7,0.0
2018-10-04,4.561,6.3,10.5263,6.3,5327.0,33543900.0,0.0,0.0,6.3,6.3,6.3,5327.0
2018-10-05,4.561,6.3,0.0,6.3,0.0,0.0,0.0,0.0,6.3,6.3,6.3,0.0
2018-10-08,3.981,5.5,-12.6984,5.5,500.0,2750000.0,0.0,0.0,5.5,5.5,5.5,500.0
2018-10-09,3.981,5.5,0.0,5.5,500.0,2750000.0,0.0,0.0,5.5,5.5,5.5,500.0
2018-10-10,3.981,5.5,0.0,5.5,0.0,0.0,0.0,0.0,5.5,5.5,5.5,0.0
2018-10-11,3.981,5.5,0.0,5.5,0.0,0.0,0.0,0.0,5.5,5.5,5.5,0.0
2018-10-12,3.981,5.5,0.0,5.5,400.0,2200000.0,0.0,0.0,5.5,5.5,5.5,400.0
2018-10-15,3.981,5.5,0.0,5.5,0.0,0.0,0.0,0.0,5.5,5.5,5.5,0.0
2018-10-16,3.981,5.5,0.0,5.5,27.0,132300.0,0.0,0.0,5.5,5.5,5.5,27.0
2018-10-17,3.981,5.5,0.0,5.5,0.0,0.0,0.0,0.0,5.5,5.5,5.5,0.0
2018-10-18,3.981,5.5,0.0,5.5,700.0,3850000.0,0.0,0.0,5.5,5.5,5.5,700.0
2018-10-19,3.981,5.5,0.0,5.5,0.0,0.0,0.0,0.0,5.5,5.5,5.5,0.0
2018-10-22,4.561,6.3,14.5455,6.3,500.0,3150000.0,0.0,0.0,6.3,6.3,6.3,500.0
2018-10-23,4.561,6.3,0.0,6.3,10.0,71000.0,0.0,0.0,6.3,6.3,6.3,10.0
2018-10-24,3.909,5.4,-14.2857,5.4,3010.0,16256000.0,0.0,0.0,5.4,5.4,5.4,3010.0
2018-10-25,3.981,5.5,1.8519,5.5,2307.0,12688500.0,0.0,0.0,5.5,5.5,5.5,2307.0
2018-10-26,3.981,5.5,0.0,5.5,40.0,220000.0,0.0,0.0,5.5,5.5,5.5,40.0
2018-10-29,3.981,5.5,0.0,5.5,0.0,0.0,0.0,0.0,5.5,5.5,5.5,0.0
2018-10-30,3.475,4.8,-12.7273,4.8,1300.0,6240000.0,0.0,0.0,4.8,4.8,4.8,1300.0
2018-10-31,3.836,5.3,10.4167,5.3,1920.0,10160000.0,0.0,0.0,5.3,5.3,5.3,1920.0
2018-11-01,4.198,5.8,9.434,5.8,100.0,580000.0,0.0,0.0,5.8,5.8,5.8,100.0
2018-11-02,4.198,5.8,0.0,5.8,0.0,0.0,0.0,0.0,5.8,5.8,5.8,0.0
2018-11-05,4.198,5.8,0.0,5.8,0.0,0.0,0.0,0.0,5.8,5.8,5.8,0.0
2018-11-06,4.198,5.8,0.0,5.8,100.0,580000.0,0.0,0.0,5.8,5.8,5.8,100.0
2018-11-07,4.198,5.8,0.0,5.8,8.0,45600.0,0.0,0.0,5.8,5.8,5.8,8.0
2018-11-08,4.198,5.8,0.0,5.8,0.0,0.0,0.0,0.0,5.8,5.8,5.8,0.0
2018-11-09,4.198,5.8,0.0,5.8,0.0,0.0,0.0,0.0,5.8,5.8,5.8,0.0
2018-11-12,4.198,5.8,0.0,5.8,0.0,0.0,0.0,0.0,5.8,5.8,5.8,0.0
2018-11-13,4.198,5.8,0.0,5.284,1900.0,10040000.0,0.0,0.0,5.1,5.8,5.1,1900.0
2018-11-14,3.836,5.3,0.0,5.3,0.0,0.0,0.0,0.0,5.3,5.3,5.3,0.0
2018-11-15,3.836,5.3,0.0,5.3,0.0,0.0,0.0,0.0,5.3,5.3,5.3,0.0
2018-11-16,4.198,5.8,9.434,5.72,2500.0,14300000.0,0.0,0.0,5.6,5.8,5.6,2500.0
2018-11-19,4.126,5.7,0.0,5.7,0.0,0.0,0.0,0.0,5.7,5.7,5.7,0.0
2018-11-20,4.198,5.8,1.7544,5.8,1200.0,6960000.0,0.0,0.0,5.8,5.8,5.8,1200.0
2018-11-21,4.198,5.8,0.0,5.8,1000.0,5800000.0,0.0,0.0,5.8,5.8,5.8,1000.0
2018-11-22,4.271,5.9,1.7241,5.9,6500.0,38350000.0,0.0,0.0,5.9,5.9,5.9,6500.0
2018-11-23,4.271,5.9,0.0,5.9,500.0,2950000.0,0.0,0.0,5.9,5.9,5.9,500.0
2018-11-26,4.271,5.9,0.0,5.9,100.0,590000.0,0.0,0.0,5.9,5.9,5.9,100.0
2018-11-27,4.198,5.8,-1.6949,5.8,5300.0,30740000.0,0.0,0.0,5.8,5.8,5.8,5300.0
2018-11-28,4.198,5.8,0.0,5.8,0.0,0.0,0.0,0.0,5.8,5.8,5.8,0.0
2018-11-29,4.198,5.8,0.0,5.8,20.0,116000.0,0.0,0.0,5.8,5.8,5.8,20.0
2018-11-30,4.198,5.8,0.0,5.8,2000.0,11600000.0,0.0,0.0,5.8,5.8,5.8,2000.0
2018-12-03,4.198,5.8,0.0,5.8,0.0,0.0,0.0,0.0,5.8,5.8,5.8,0.0
2018-12-04,4.198,5.8,0.0,5.8,0.0,0.0,0.0,0.0,5.8,5.8,5.8,0.0
2018-12-05,4.198,5.8,0.0,5.8,0.0,0.0,0.0,0.0,5.8,5.8,5.8,0.0
2018-12-06,4.198,5.8,0.0,5.8,200.0,1160000.0,0.0,0.0,5.8,5.8,5.8,200.0
2018-12-07,4.778,6.6,13.7931,6.6,100.0,660000.0,0.0,0.0,6.6,6.6,6.6,100.0
2018-12-10,5.43,7.5,13.6364,7.49,1000.0,7490000.0,0.0,0.0,7.4,7.5,7.4,1000.0
2018-12-11,5.43,7.5,0.0,7.5,800.0,6000000.0,0.0,0.0,7.5,7.5,7.5,800.0
2018-12-12,5.067,7.0,-6.6667,7.0,2010.0,14073000.0,0.0,0.0,7.0,7.0,7.0,2010.0
2018-12-13,5.067,7.0,0.0,7.006,27000.0,189160000.0,0.0,0.0,7.0,7.1,7.0,27000.0
2018-12-14,5.067,7.0,0.0,7.0,27.0,189000.0,0.0,0.0,7.0,7.0,7.0,27.0
2018-12-17,5.067,7.0,0.0,7.0,18000.0,126000000.0,0.0,0.0,7.0,7.0,7.0,18000.0
2018-12-18,5.791,8.0,14.2857,7.994,18160.0,145090000.0,0.0,0.0,8.0,8.0,7.9,18160.0
2018-12-19,5.791,8.0,0.0,8.0,4200.0,33600000.0,0.0,0.0,8.0,8.0,8.0,4200.0
2018-12-20,4.922,6.8,-15.0,6.922,900.0,6230000.0,0.0,0.0,7.0,7.0,6.8,900.0
2018-12-21,4.995,6.9,0.0,6.9,200.0,1380000.0,0.0,0.0,6.9,6.9,6.9,200.0
2018-12-24,5.067,7.0,1.4493,7.0,12600.0,88200000.0,0.0,0.0,7.0,7.0,7.0,12600.0
2018-12-25,4.561,6.3,-10.0,6.433,6000.0,38600000.0,0.0,0.0,6.5,6.5,6.3,6000.0
2018-12-26,4.344,6.0,-6.25,6.05,800.0,4840000.0,0.0,0.0,7.0,7.0,5.9,800.0
2018-12-27,4.416,6.1,0.0,6.108,12000.0,73290000.0,0.0,0.0,7.0,7.0,6.1,12000.0
2018-12-28,5.067,7.0,14.7541,6.125,3600.0,22050000.0,0.0,0.0,6.1,7.0,6.1,3600.0
2019-01-02,4.416,6.1,0.0,6.1,0.0,0.0,0.0,0.0,6.1,6.1,6.1,0.0
2019-01-03,5.067,7.0,14.7541,6.15,200.0,1230000.0,0.0,0.0,5.3,7.0,5.3,200.0
2019-01-04,4.489,6.2,0.0,6.2,0.0,0.0,0.0,0.0,6.2,6.2,6.2,0.0
2019-01-07,4.344,6.0,-3.2258,6.0,500.0,3000000.0,0.0,0.0,6.0,6.0,6.0,500.0
2019-01-08,4.344,6.0,0.0,6.0,100.0,600000.0,0.0,0.0,6.0,6.0,6.0,100.0
2019-01-09,4.344,6.0,0.0,6.0,0.0,0.0,0.0,0.0,6.0,6.0,6.0,0.0
2019-01-10,4.344,6.0,0.0,6.0,0.0,0.0,0.0,0.0,6.0,6.0,6.0,0.0
2019-01-11,4.706,6.5,8.3333,6.5,1500.0,9750000.0,0.0,0.0,6.5,6.5,6.5,1500.0
2019-01-14,4.198,5.8,-10.7692,5.8,100.0,580000.0,0.0,0.0,5.8,5.8,5.8,100.0
2019-01-15,3.836,5.3,-8.6207,5.921,1400.0,8290000.0,0.0,0.0,6.6,6.6,5.3,1400.0
2019-01-16,4.271,5.9,0.0,5.9,0.0,0.0,0.0,0.0,5.9,5.9,5.9,0.0
2019-01-17,4.416,6.1,3.3898,6.1,1000.0,6100000.0,0.0,0.0,6.1,6.1,6.1,1000.0
2019-01-18,4.344,6.0,-1.6393,6.0,2200.0,13200000.0,0.0,0.0,6.0,6.0,6.0,2200.0
2019-01-21,4.344,6.0,0.0,6.0,2200.0,13200000.0,0.0,0.0,6.0,6.0,6.0,2200.0
2019-01-22,4.344,6.0,0.0,6.0,0.0,0.0,0.0,0.0,6.0,6.0,6.0,0.0
2019-01-23,4.344,6.0,0.0,6.0,0.0,0.0,0.0,0.0,6.0,6.0,6.0,0.0
2019-01-24,4.344,6.0,0.0,6.0,164.0,966800.0,0.0,0.0,6.0,6.0,6.0,164.0
2019-01-25,4.344,6.0,0.0,6.0,2236.0,13416000.0,0.0,0.0,6.0,6.0,6.0,2236.0
2019-01-28,4.344,6.0,0.0,6.0,0.0,0.0,0.0,0.0,6.0,6.0,6.0,0.0
2019-01-29,4.054,5.6,-6.6667,5.6,1300.0,7280000.0,0.0,0.0,5.6,5.6,5.6,1300.0
2019-01-30,4.633,6.4,14.2857,6.4,3210.0,20485000.0,0.0,0.0,6.4,6.4,6.4,3210.0
2019-01-31,4.995,6.9,7.8125,6.9,1000.0,6900000.0,0.0,0.0,6.9,6.9,6.9,1000.0
2019-02-01,4.995,6.9,0.0,6.9,10.0,61000.0,0.0,0.0,6.9,6.9,6.9,10.0
2019-02-11,4.344,6.0,-13.0435,6.0,210.0,1260000.0,0.0,0.0,6.0,6.0,6.0,210.0
2019-02-12,4.344,6.0,0.0,6.0,0.0,0.0,0.0,0.0,6.0,6.0,6.0,0.0
2019-02-13,4.344,6.0,0.0,6.0,0.0,0.0,0.0,0.0,6.0,6.0,6.0,0.0
2019-02-14,4.416,6.1,1.6667,6.05,2460.0,14880000.0,2260.0,11526000.0,6.1,6.1,6.0,4720.0
2019-02-15,4.416,6.1,0.0,6.282,2200.0,13820000.0,0.0,0.0,6.5,6.5,6.1,2200.0
2019-02-18,4.706,6.5,3.1746,6.5,1200.0,7800000.0,0.0,0.0,6.5,6.5,6.5,1200.0
2019-02-19,4.706,6.5,0.0,6.5,1300.0,8450000.0,0.0,0.0,6.5,6.5,6.5,1300.0
2019-02-20,4.706,6.5,0.0,6.5,0.0,0.0,0.0,0.0,6.5,6.5,6.5,0.0
2019-02-21,4.706,6.5,0.0,6.5,0.0,0.0,0.0,0.0,6.5,6.5,6.5,0.0
2019-02-22,4.706,6.5,0.0,6.5,20.0,130000.0,0.0,0.0,6.5,6.5,6.5,20.0
2019-02-25,4.706,6.5,0.0,6.5,1000.0,6500000.0,0.0,0.0,6.5,6.5,6.5,1000.0
2019-02-26,4.706,6.5,0.0,6.5,0.0,0.0,0.0,0.0,6.5,6.5,6.5,0.0
2019-02-27,4.706,6.5,0.0,6.5,0.0,0.0,0.0,0.0,6.5,6.5,6.5,0.0
2019-02-28,4.706,6.5,0.0,6.5,0.0,0.0,0.0,0.0,6.5,6.5,6.5,0.0
2019-03-01,4.706,6.5,0.0,6.5,200.0,1300000.0,0.0,0.0,6.5,6.5,6.5,200.0
2019-03-04,4.706,6.5,0.0,6.5,0.0,0.0,0.0,0.0,6.5,6.5,6.5,0.0
2019-03-05,4.633,6.4,-1.5385,6.369,3260.0,20752000.0,0.0,0.0,6.5,6.5,6.2,3260.0
2019-03-06,4.633,6.4,0.0,6.4,1040.0,6644000.0,0.0,0.0,6.4,6.4,6.4,1040.0
2019-03-07,4.633,6.4,0.0,6.4,0.0,0.0,0.0,0.0,6.4,6.4,6.4,0.0
2019-03-08,4.633,6.4,0.0,6.4,0.0,0.0,0.0,0.0,6.4,6.4,6.4,0.0
2019-03-11,4.633,6.4,0.0,6.4,0.0,0.0,0.0,0.0,6.4,6.4,6.4,0.0
2019-03-12,4.633,6.4,0.0,6.4,0.0,0.0,0.0,0.0,6.4,6.4,6.4,0.0
2019-03-13,4.706,6.5,1.5625,6.5,1000.0,6500000.0,0.0,0.0,6.5,6.5,6.5,1000.0
2019-03-14,4.633,6.4,-1.5385,6.4,1100.0,7040000.0,0.0,0.0,6.4,6.4,6.4,1100.0
2019-03-15,5.067,7.0,9.375,6.611,8530.0,56376000.0,0.0,0.0,6.4,7.0,6.4,8530.0
2019-03-18,4.561,6.3,-4.5455,6.5,3000.0,19500000.0,0.0,0.0,6.6,6.6,6.3,3000.0
2019-03-19,4.706,6.5,0.0,6.5,0.0,0.0,0.0,0.0,6.5,6.5,6.5,0.0
2019-03-20,5.357,7.4,13.8462,6.324,4500.0,28460000.0,0.0,0.0,6.3,7.4,6.3,4500.0
2019-03-21,4.778,6.6,4.7619,6.6,280.0,1812000.0,0.0,0.0,6.6,6.6,6.6,280.0
2019-03-22,4.416,6.1,-7.5758,6.1,2200.0,13420000.0,0.0,0.0,6.1,6.1,6.1,2200.0
2019-03-25,4.706,6.5,6.5574,6.5,1020.0,6622000.0,0.0,0.0,6.5,6.5,6.5,1020.0
2019-03-26,4.778,6.6,1.5385,6.592,1260.0,8270000.0,0.0,0.0,6.5,6.6,6.5,1260.0
2019-03-27,4.706,6.5,-1.5152,6.5,500.0,3250000.0,0.0,0.0,6.5,6.5,6.5,500.0
2019-03-28,4.706,6.5,0.0,6.5,0.0,0.0,0.0,0.0,6.5,6.5,6.5,0.0
2019-03-29,4.922,6.8,4.6154,6.8,100.0,680000.0,0.0,0.0,6.8,6.8,6.8,100.0
2019-04-01,4.922,6.8,0.0,6.8,0.0,0.0,0.0,0.0,6.8,6.8,6.8,0.0
2019-04-02,5.574,7.7,13.2353,7.7,100.0,770000.0,0.0,0.0,7.7,7.7,7.7,100.0
2019-04-03,5.574,7.7,0.0,7.7,0.0,0.0,0.0,0.0,7.7,7.7,7.7,0.0
2019-04-04,6.226,8.6,11.6883,8.6,140.0,1134000.0,0.0,0.0,8.6,8.6,8.6,140.0
2019-04-05,6.226,8.6,0.0,8.6,0.0,0.0,0.0,0.0,8.6,8.6,8.6,0.0
2019-04-08,5.357,7.4,-13.9535,7.4,200.0,1480000.0,0.0,0.0,7.4,7.4,7.4,200.0
2019-04-09,6.08,8.4,13.5135,8.4,100.0,840000.0,0.0,0.0,8.4,8.4,8.4,100.0
2019-04-10,6.08,8.4,0.0,8.4,0.0,0.0,0.0,0.0,8.4,8.4,8.4,0.0
2019-04-11,6.08,8.4,0.0,8.4,0.0,0.0,0.0,0.0,8.4,8.4,8.4,0.0
2019-04-12,5.647,7.8,-7.1429,7.7,600.0,4620000.0,0.0,0.0,7.2,7.8,7.2,600.0
2019-04-16,5.574,7.7,0.0,7.7,0.0,0.0,0.0,0.0,7.7,7.7,7.7,0.0
2019-04-17,5.574,7.7,0.0,7.7,40.0,274000.0,0.0,0.0,7.7,7.7,7.7,40.0
2019-04-18,5.43,7.5,-2.5974,7.613,800.0,6090000.0,0.0,0.0,7.8,7.8,7.5,800.0
2019-04-19,5.502,7.6,0.0,7.6,0.0,0.0,0.0,0.0,7.6,7.6,7.6,0.0
2019-04-22,5.502,7.6,0.0,7.6,0.0,0.0,0.0,0.0,7.6,7.6,7.6,0.0
2019-04-23,6.153,8.5,11.8421,8.5,100.0,850000.0,4520.0,29380000.0,8.5,8.5,8.5,4620.0
2019-04-24,5.791,8.0,-5.8824,8.0,100.0,800000.0,0.0,0.0,8.0,8.0,8.0,100.0
2019-04-25,6.443,8.9,11.25,8.9,100.0,890000.0,0.0,0.0,8.9,8.9,8.9,100.0
2019-04-26,6.443,8.9,0.0,8.9,0.0,0.0,0.0,0.0,8.9,8.9,8.9,0.0
2019-05-02,6.443,8.9,0.0,8.9,0.0,0.0,0.0,0.0,8.9,8.9,8.9,0.0
2019-05-03,7.167,9.9,11.236,9.9,100.0,990000.0,0.0,0.0,9.9,9.9,9.9,100.0
2019-05-06,7.167,9.9,0.0,9.9,0.0,0.0,0.0,0.0,9.9,9.9,9.9,0.0
2019-05-07,7.167,9.9,0.0,9.9,0.0,0.0,0.0,0.0,9.9,9.9,9.9,0.0
2019-05-08,7.167,9.9,0.0,9.9,0.0,0.0,0.0,0.0,9.9,9.9,9.9,0.0
2019-05-09,7.167,9.9,0.0,9.9,0.0,0.0,0.0,0.0,9.9,9.9,9.9,0.0
2019-05-10,7.167,9.9,0.0,9.9,0.0,0.0,0.0,0.0,9.9,9.9,9.9,0.0
2019-05-13,6.226,8.6,-13.1313,8.6,200.0,1720000.0,0.0,0.0,8.6,8.6,8.6,200.0
2019-05-14,6.226,8.6,0.0,8.6,0.0,0.0,0.0,0.0,8.6,8.6,8.6,0.0
2019-05-15,6.226,8.6,0.0,8.6,0.0,0.0,0.0,0.0,8.6,8.6,8.6,0.0
2019-05-16,6.226,8.6,0.0,8.6,0.0,0.0,0.0,0.0,8.6,8.6,8.6,0.0
2019-05-17,5.357,7.4,-13.9535,7.408,12900.0,95560000.0,0.0,0.0,7.5,7.5,7.4,12900.0
2019-05-20,5.067,7.0,-5.4054,7.0,1700.0,11900000.0,0.0,0.0,7.0,7.0,7.0,1700.0
2019-05-21,5.067,7.0,0.0,7.0,0.0,0.0,0.0,0.0,7.0,7.0,7.0,0.0
2019-05-22,5.067,7.0,0.0,7.0,47.0,305500.0,0.0,0.0,7.0,7.0,7.0,47.0
2019-05-23,5.067,7.0,0.0,7.0,4700.0,32900000.0,0.0,0.0,7.0,7.0,7.0,4700.0
2019-05-24,5.139,7.1,1.4286,7.017,600.0,4210000.0,0.0,0.0,7.0,7.1,7.0,600.0
2019-05-27,5.285,7.3,4.2857,7.3,100.0,730000.0,0.0,0.0,7.3,7.3,7.3,100.0
2019-05-28,5.285,7.3,0.0,7.3,0.0,0.0,0.0,0.0,7.3,7.3,7.3,0.0
2019-05-29,5.067,7.0,-4.1096,7.071,1400.0,9900000.0,0.0,0.0,7.1,7.1,7.0,1400.0
2019-05-30,5.139,7.1,0.0,7.1,0.0,0.0,0.0,0.0,7.1,7.1,7.1,0.0
2019-05-31,5.067,7.0,-1.4085,7.0,1000.0,7000000.0,0.0,0.0,7.0,7.0,7.0,1000.0
2019-06-03,5.067,7.0,0.0,7.0,63.0,436000.0,0.0,0.0,7.0,7.0,7.0,63.0
2019-06-04,5.067,7.0,0.0,7.554,15600.0,117850000.0,0.0,0.0,7.0,7.6,7.0,15600.0
2019-06-05,5.502,7.6,0.0,7.6,0.0,0.0,0.0,0.0,7.6,7.6,7.6,0.0
2019-06-06,5.502,7.6,0.0,7.6,0.0,0.0,0.0,0.0,7.6,7.6,7.6,0.0
2019-06-07,5.502,7.6,0.0,7.6,37.0,251600.0,0.0,0.0,7.6,7.6,7.6,37.0
2019-06-10,5.502,7.6,0.0,7.6,0.0,0.0,0.0,0.0,7.6,7.6,7.6,0.0
2019-06-11,5.502,7.6,0.0,7.6,0.0,0.0,0.0,0.0,7.6,7.6,7.6,0.0
2019-06-12,5.067,7.0,-7.8947,7.0,100.0,700000.0,0.0,0.0,7.0,7.0,7.0,100.0
2019-06-13,5.067,7.0,0.0,7.0,0.0,0.0,0.0,0.0,7.0,7.0,7.0,0.0
2019-06-14,5.067,7.0,0.0,7.0,0.0,0.0,0.0,0.0,7.0,7.0,7.0,0.0
2019-06-17,5.067,7.0,0.0,7.0,500.0,3500000.0,0.0,0.0,7.0,7.0,7.0,500.0
2019-06-18,5.067,7.0,0.0,7.0,0.0,0.0,0.0,0.0,7.0,7.0,7.0,0.0
2019-06-19,5.067,7.0,0.0,7.0,0.0,0.0,0.0,0.0,7.0,7.0,7.0,0.0
2019-06-20,5.212,7.2,2.8571,7.34,500.0,3670000.0,0.0,0.0,7.4,7.4,7.2,500.0
2019-06-21,5.139,7.1,-2.7397,7.1,563.0,3991600.0,0.0,0.0,7.1,7.1,7.1,563.0
2019-06-24,5.285,7.3,2.8169,7.3,200.0,1460000.0,0.0,0.0,7.3,7.3,7.3,200.0
2019-06-25,5.285,7.3,0.0,7.3,47.0,342100.0,0.0,0.0,7.3,7.3,7.3,47.0
2019-06-26,5.955,7.1,12.6984,7.171,700.0,5020000.0,0.0,0.0,7.2,7.2,7.1,700.0
2019-06-27,6.039,7.2,0.0,7.2,0.0,0.0,0.0,0.0,7.2,7.2,7.2,0.0
2019-06-28,6.374,7.6,5.5556,7.85,200.0,1570000.0,0.0,0.0,8.1,8.1,7.6,200.0
2019-07-01,5.704,6.8,-13.9241,6.878,4500.0,30950000.0,0.0,0.0,6.8,7.7,6.8,4500.0
2019-07-02,5.787,6.9,0.0,6.9,0.0,0.0,0.0,0.0,6.9,6.9,6.9,0.0
2019-07-03,5.787,6.9,0.0,6.9,0.0,0.0,0.0,0.0,6.9,6.9,6.9,0.0
2019-07-04,5.787,6.9,0.0,6.9,0.0,0.0,0.0,0.0,6.9,6.9,6.9,0.0
2019-07-05,5.787,6.9,0.0,6.9,0.0,0.0,0.0,0.0,6.9,6.9,6.9,0.0
2019-07-08,5.787,6.9,0.0,6.9,0.0,0.0,0.0,0.0,6.9,6.9,6.9,0.0
2019-07-09,5.872,7.0,1.4493,7.0,1400.0,9800000.0,0.0,0.0,7.0,7.0,7.0,1400.0
2019-07-10,5.787,6.9,-1.4286,6.9,1000.0,6900000.0,0.0,0.0,6.9,6.9,6.9,1000.0
2019-07-11,5.787,6.9,0.0,6.9,200.0,1380000.0,0.0,0.0,6.9,6.9,6.9,200.0
2019-07-12,5.787,6.9,0.0,6.9,300.0,2070000.0,0.0,0.0,6.9,6.9,6.9,300.0
2019-07-15,5.787,6.9,0.0,6.9,0.0,0.0,0.0,0.0,6.9,6.9,6.9,0.0
2019-07-16,5.787,6.9,0.0,6.9,2124.0,14646000.0,0.0,0.0,6.9,6.9,6.9,2124.0
2019-07-17,5.787,6.9,0.0,6.9,0.0,0.0,0.0,0.0,6.9,6.9,6.9,0.0
2019-07-18,5.619,6.7,-2.8986,6.667,600.0,4000000.0,0.0,0.0,6.6,6.7,6.6,600.0
2019-07-19,5.619,6.7,0.0,6.7,0.0,0.0,0.0,0.0,6.7,6.7,6.7,0.0
2019-07-22,5.619,6.7,0.0,6.7,0.0,0.0,0.0,0.0,6.7,6.7,6.7,0.0
2019-07-23,5.368,6.4,-4.4776,6.6,300.0,1980000.0,0.0,0.0,7.0,7.0,6.4,300.0
2019-07-24,5.536,6.6,0.0,6.6,65.0,455000.0,0.0,0.0,6.6,6.6,6.6,65.0
2019-07-25,5.285,6.3,-4.5455,6.3,1600.0,10080000.0,0.0,0.0,6.3,6.3,6.3,1600.0
2019-07-26,5.285,6.3,0.0,6.3,0.0,0.0,0.0,0.0,6.3,6.3,6.3,0.0
2019-07-29,5.285,6.3,0.0,6.3,0.0,0.0,0.0,0.0,6.3,6.3,6.3,0.0
2019-07-30,5.285,6.3,0.0,6.3,0.0,0.0,0.0,0.0,6.3,6.3,6.3,0.0
2019-07-31,5.955,7.1,12.6984,7.1,100.0,710000.0,0.0,0.0,7.1,7.1,7.1,100.0
2019-08-01,5.117,6.1,-14.0845,6.1,500.0,3050000.0,0.0,0.0,6.1,6.1,6.1,500.0
2019-08-02,4.865,5.8,-4.918,5.8,400.0,2320000.0,0.0,0.0,5.8,5.8,5.8,400.0
2019-08-05,4.781,5.7,-1.7241,5.7,300.0,1710000.0,0.0,0.0,5.7,5.7,5.7,300.0
2019-08-06,4.781,5.7,0.0,5.7,0.0,0.0,0.0,0.0,5.7,5.7,5.7,0.0
2019-08-07,4.781,5.7,0.0,5.7,0.0,0.0,0.0,0.0,5.7,5.7,5.7,0.0
2019-08-08,5.368,6.4,12.2807,6.4,2800.0,17920000.0,0.0,0.0,6.4,6.4,6.4,2800.0
2019-08-09,5.117,6.1,-4.6875,6.1,200.0,1220000.0,0.0,0.0,6.1,6.1,6.1,200.0
2019-08-12,5.2,6.2,1.6393,5.579,3400.0,18970000.0,0.0,0.0,6.0,6.2,5.2,3400.0
2019-08-13,4.697,5.6,0.0,5.6,0.0,0.0,0.0,0.0,5.6,5.6,5.6,0.0
2019-08-14,5.032,6.0,7.1429,6.0,6000.0,36000000.0,0.0,0.0,6.0,6.0,6.0,6000.0
2019-08-15,5.2,6.2,3.3333,6.079,1900.0,11550000.0,0.0,0.0,6.0,6.2,6.0,1900.0
2019-08-16,5.117,6.1,0.0,6.1,3710.0,22632000.0,0.0,0.0,6.1,6.1,6.1,3710.0
2019-08-19,5.117,6.1,0.0,6.1,0.0,0.0,0.0,0.0,6.1,6.1,6.1,0.0
2019-08-20,5.117,6.1,0.0,6.1,0.0,0.0,0.0,0.0,6.1,6.1,6.1,0.0
2019-08-21,5.368,6.4,4.918,6.4,1000.0,6400000.0,0.0,0.0,6.4,6.4,6.4,1000.0
2019-08-22,5.368,6.4,0.0,6.4,0.0,0.0,0.0,0.0,6.4,6.4,6.4,0.0
2019-08-23,5.368,6.4,0.0,6.4,0.0,0.0,0.0,0.0,6.4,6.4,6.4,0.0
2019-08-26,5.368,6.4,0.0,6.4,3100.0,19840000.0,0.0,0.0,6.4,6.4,6.4,3100.0
2019-08-27,5.787,6.9,7.8125,6.75,400.0,2700000.0,0.0,0.0,6.6,6.9,6.6,400.0
2019-08-28,5.704,6.8,0.0,6.8,0.0,0.0,0.0,0.0,6.8,6.8,6.8,0.0
2019-08-29,6.039,7.2,5.8824,7.167,310.0,2225000.0,0.0,0.0,7.1,7.2,7.1,310.0
2019-08-30,5.452,6.5,-9.7222,6.5,100.0,650000.0,0.0,0.0,6.5,6.5,6.5,100.0
2019-09-03,5.452,6.5,0.0,6.5,20.0,142000.0,0.0,0.0,6.5,6.5,6.5,20.0
2019-09-04,5.452,6.5,0.0,6.5,0.0,0.0,0.0,0.0,6.5,6.5,6.5,0.0
2019-09-05,5.955,7.1,9.2308,7.038,2600.0,18300000.0,0.0,0.0,7.0,7.1,7.0,2600.0
2019-09-06,6.207,7.4,5.7143,7.143,23600.0,168580000.0,0.0,0.0,7.0,8.0,7.0,23600.0
2019-09-09,6.459,7.7,8.4507,7.21,74910.0,540111000.0,0.0,0.0,7.1,7.8,7.1,74910.0
2019-09-10,6.123,7.3,1.3889,7.3,11600.0,84680000.0,0.0,0.0,7.3,7.3,7.3,11600.0
2019-09-11,6.039,7.2,-1.3699,7.15,600.0,4290000.0,0.0,0.0,7.1,7.2,7.1,600.0
2019-09-12,5.872,7.0,-2.7778,6.978,4900.0,34190000.0,0.0,0.0,7.0,7.0,6.9,4900.0
2019-09-13,5.955,7.1,1.4286,6.975,819.0,5707300.0,0.0,0.0,6.9,7.1,6.9,819.0
2019-09-16,6.039,7.2,2.8571,7.12,500.0,3560000.0,0.0,0.0,7.1,7.2,7.1,500.0
2019-09-17,6.039,7.2,1.4085,7.2,100.0,720000.0,0.0,0.0,7.2,7.2,7.2,100.0
2019-09-18,6.123,7.3,1.3889,7.313,17300.0,126510000.0,0.0,0.0,7.3,7.5,7.3,17300.0
2019-09-19,6.291,7.5,2.7397,7.333,22700.0,166450000.0,0.0,0.0,7.3,7.5,7.3,22700.0
2019-09-20,5.872,7.0,-4.1096,7.277,38700.0,281630000.0,0.0,0.0,7.3,7.3,7.0,38700.0
2019-09-23,5.955,7.1,-2.7397,7.115,21300.0,151550000.0,0.0,0.0,7.3,7.3,7.1,21300.0
2019-09-24,5.955,7.1,0.0,7.1,19600.0,139160000.0,0.0,0.0,7.1,7.1,7.1,19600.0
2019-09-25,5.955,7.1,0.0,7.083,11800.0,83580000.0,0.0,0.0,7.1,7.1,7.0,11800.0
2019-09-26,5.955,7.1,0.0,7.1,2000.0,14200000.0,0.0,0.0,7.1,7.1,7.1,2000.0
2019-09-27,5.872,7.0,-1.4085,6.895,2200.0,15170000.0,0.0,0.0,6.8,7.0,6.7,2200.0
2019-09-30,5.872,7.0,1.4493,7.0,500.0,3500000.0,0.0,0.0,7.0,7.0,7.0,500.0
2019-10-01,5.787,6.9,-1.4286,6.9,800.0,5520000.0,0.0,0.0,6.9,6.9,6.9,800.0
2019-10-02,5.787,6.9,0.0,6.9,9100.0,62790000.0,0.0,0.0,6.9,6.9,6.9,9100.0
2019-10-03,5.872,7.0,1.4493,7.016,35500.0,249060000.0,0.0,0.0,7.0,7.1,7.0,35500.0
2019-10-04,5.872,7.0,0.0,7.055,2000.0,14110000.0,0.0,0.0,7.0,7.1,7.0,2000.0
2019-10-07,5.872,7.0,-1.4085,7.0,3000.0,21000000.0,0.0,0.0,7.0,7.0,7.0,3000.0
2019-10-08,6.123,7.3,4.2857,7.3,100.0,730000.0,0.0,0.0,7.3,7.3,7.3,100.0
2019-10-09,6.123,7.3,0.0,7.3,0.0,0.0,0.0,0.0,7.3,7.3,7.3,0.0
2019-10-10,6.123,7.3,0.0,7.3,0.0,0.0,0.0,0.0,7.3,7.3,7.3,0.0
2019-10-11,5.704,6.8,-6.8493,6.9,1000.0,6900000.0,0.0,0.0,7.0,7.0,6.8,1000.0
2019-10-14,5.955,7.1,2.8986,7.1,200.0,1420000.0,0.0,0.0,7.1,7.1,7.1,200.0
2019-10-15,5.955,7.1,0.0,7.05,830.0,5848000.0,0.0,0.0,6.8,7.1,6.8,830.0
2019-10-16,5.787,6.9,-2.8169,6.749,11820.0,79762200.0,0.0,0.0,6.9,6.9,6.7,11820.0
2019-10-17,5.619,6.7,0.0,6.73,1000.0,6730000.0,0.0,0.0,7.0,7.0,6.7,1000.0
2019-10-18,5.452,6.5,-2.9851,6.5,801.0,5206700.0,0.0,0.0,6.5,6.5,6.5,801.0
2019-10-21,5.787,6.9,6.1538,6.9,100.0,690000.0,0.0,0.0,6.9,6.9,6.9,100.0
2019-10-22,5.704,6.8,-1.4493,6.568,2560.0,16786000.0,0.0,0.0,6.6,6.8,6.5,2560.0
2019-10-23,5.704,6.8,3.0303,6.602,9209.0,60799400.0,2260.0,12882000.0,6.6,6.8,6.6,11469.0
2019-10-24,5.787,6.9,4.5455,6.9,130.0,897000.0,0.0,0.0,6.9,6.9,6.9,130.0
2019-10-25,5.787,6.9,0.0,6.9,0.0,0.0,0.0,0.0,6.9,6.9,6.9,0.0
2019-10-28,5.704,6.8,-1.4493,6.75,4210.0,28418000.0,0.0,0.0,6.7,6.8,6.7,4210.0
2019-10-29,5.704,6.8,0.0,6.809,1100.0,7490000.0,0.0,0.0,6.9,6.9,6.8,1100.0
2019-10-30,5.704,6.8,0.0,6.8,0.0,0.0,0.0,0.0,6.8,6.8,6.8,0.0
2019-10-31,5.452,6.5,-4.4118,6.65,400.0,2660000.0,0.0,0.0,6.8,6.8,6.5,400.0
2019-11-01,5.619,6.7,0.0,6.714,700.0,4700000.0,0.0,0.0,6.8,6.8,6.7,700.0
2019-11-04,5.619,6.7,0.0,6.7,10.0,65000.0,5006.0,28534200.0,6.7,6.7,6.7,5016.0
2019-11-05,5.536,6.6,-1.4925,6.629,750.0,4965000.0,0.0,0.0,6.7,6.7,6.6,750.0
2019-11-06,5.619,6.7,1.5152,6.614,3600.0,23810000.0,0.0,0.0,6.8,6.8,6.6,3600.0
2019-11-07,5.704,6.8,3.0303,6.733,300.0,2020000.0,0.0,0.0,6.9,6.9,6.5,300.0
2019-11-08,5.787,6.9,2.9851,6.9,100.0,690000.0,0.0,0.0,6.9,6.9,6.9,100.0
2019-11-11,5.787,6.9,0.0,6.9,0.0,0.0,0.0,0.0,6.9,6.9,6.9,0.0
2019-11-12,5.536,6.6,-4.3478,6.6,500.0,3300000.0,0.0,0.0,6.6,6.6,6.6,500.0
2019-11-13,5.536,6.6,0.0,6.6,10740.0,70884000.0,0.0,0.0,6.6,6.6,6.6,10740.0
2019-11-14,5.452,6.5,-1.5152,6.593,2700.0,17800000.0,0.0,0.0,6.6,6.6,6.5,2700.0
2019-11-15,4.781,5.7,-13.6364,5.874,102100.0,599750000.0,0.0,0.0,6.6,6.6,5.7,102100.0
2019-11-18,4.278,5.1,-13.5593,5.181,181920.0,942572000.0,0.0,0.0,5.8,5.8,5.1,181920.0
2019-11-19,4.362,5.2,0.0,5.2,11840.0,61551000.0,0.0,0.0,5.2,5.2,5.2,11840.0
2019-11-20,4.194,5.0,-3.8462,4.997,37800.0,188890000.0,0.0,0.0,5.1,5.2,4.8,37800.0
2019-11-21,3.942,4.7,-6.0,4.44,1161080.0,5154639900.0,0.0,0.0,4.7,5.6,4.3,1161080.0
2019-11-22,4.194,5.0,13.6364,5.0,7200.0,36000000.0,0.0,0.0,5.0,5.0,5.0,7200.0
2019-11-25,4.362,5.2,4.0,5.098,40220.0,205060000.0,0.0,0.0,5.1,5.7,4.8,40220.0
2019-11-26,4.362,5.2,1.9608,5.072,53720.0,272472000.0,80800.0,363600000.0,5.1,5.2,5.0,134520.0
2019-11-27,4.529,5.4,5.8824,5.396,56700.0,305970000.0,0.0,0.0,5.0,5.6,5.0,56700.0
2019-11-28,5.117,6.1,12.963,6.009,307549.0,1848079100.0,0.0,0.0,5.4,6.2,5.4,307549.0
2019-11-29,5.117,6.1,1.6667,6.091,161100.0,981250000.0,0.0,0.0,6.1,6.3,6.0,161100.0
2019-12-02,5.032,6.0,-1.6393,5.962,37100.0,221190000.0,0.0,0.0,6.2,6.2,5.7,37100.0
2019-12-03,4.697,5.6,-6.6667,5.776,62800.0,362750000.0,0.0,0.0,5.7,6.1,5.4,62800.0
2019-12-04,4.949,5.9,1.7241,5.752,63200.0,363530000.0,0.0,0.0,6.0,6.6,5.5,63200.0
2019-12-05,4.865,5.8,0.0,5.783,40100.0,231880000.0,0.0,0.0,6.0,6.0,5.6,40100.0
2019-12-06,4.781,5.7,-1.7241,5.554,44649.0,247999500.0,0.0,0.0,5.8,5.8,5.5,44649.0
2019-12-09,4.697,5.6,0.0,5.647,22800.0,128760000.0,0.0,0.0,5.7,5.9,5.5,22800.0
2019-12-10,4.781,5.7,1.7857,5.657,29100.0,164610000.0,0.0,0.0,5.7,5.7,5.6,29100.0
2019-12-11,4.697,5.6,-1.7544,5.605,38400.0,215250000.0,0.0,0.0,5.7,5.7,5.5,38400.0
2019-12-12,4.781,5.7,1.7857,5.729,20700.0,118580000.0,0.0,0.0,5.6,5.8,5.6,20700.0
2019-12-13,4.865,5.8,1.7544,5.701,13900.0,79250000.0,0.0,0.0,5.7,5.8,5.7,13900.0
2019-12-16,4.865,5.8,1.7544,5.808,14100.0,81890000.0,0.0,0.0,6.0,6.0,5.7,14100.0
2019-12-17,4.781,5.7,-1.7241,5.732,7500.0,42990000.0,0.0,0.0,6.0,6.0,5.6,7500.0
2019-12-18,4.781,5.7,0.0,5.604,2600.0,14570000.0,0.0,0.0,5.6,5.7,5.6,2600.0
2019-12-19,4.697,5.6,0.0,5.67,10900.0,61800000.0,0.0,0.0,5.8,5.8,5.6,10900.0
2019-12-20,4.865,5.8,1.7544,5.8,100.0,580000.0,0.0,0.0,5.8,5.8,5.8,100.0
2019-12-23,4.865,5.8,0.0,5.711,4400.0,25130000.0,0.0,0.0,5.6,5.8,5.6,4400.0
2019-12-24,4.781,5.7,0.0,5.699,6710.0,38237000.0,0.0,0.0,5.7,5.7,5.6,6710.0
2019-12-25,4.697,5.6,-1.7544,5.625,9700.0,54560000.0,0.0,0.0,5.6,5.7,5.6,9700.0
2019-12-26,4.949,5.9,5.3571,5.656,24000.0,135740000.0,0.0,0.0,5.8,5.9,5.6,24000.0
2019-12-27,4.781,5.7,0.0,5.597,3700.0,20710000.0,0.0,0.0,5.9,5.9,5.5,3700.0
2019-12-30,4.865,5.8,3.5714,5.8,200.0,1160000.0,0.0,0.0,5.8,5.8,5.8,200.0
2019-12-31,4.865,5.8,0.0,5.8,1100.0,6380000.0,0.0,0.0,5.8,5.8,5.8,1100.0
2020-01-02,4.781,5.7,-1.7241,5.557,2100.0,11670000.0,0.0,0.0,5.5,5.7,5.5,2100.0
2020-01-03,4.781,5.7,1.7857,5.604,2300.0,12890000.0,0.0,0.0,5.6,5.7,5.6,2300.0
2020-01-06,4.697,5.6,0.0,5.57,3000.0,16710000.0,0.0,0.0,5.7,5.7,5.5,3000.0
2020-01-07,4.697,5.6,0.0,5.455,6200.0,33820000.0,0.0,0.0,5.5,5.6,5.3,6200.0
2020-01-08,4.362,5.2,-5.4545,5.328,7400.0,39430000.0,0.0,0.0,5.6,5.6,5.2,7400.0
2020-01-09,4.613,5.5,3.7736,5.389,1800.0,9700000.0,0.0,0.0,5.3,5.5,5.3,1800.0
2020-01-10,4.529,5.4,0.0,5.405,15000.0,81080000.0,0.0,0.0,5.6,5.6,5.4,15000.0
2020-01-13,4.865,5.8,7.4074,5.58,14800.0,82580000.0,0.0,0.0,5.3,5.8,5.3,14800.0
2020-01-14,4.697,5.6,0.0,5.403,6300.0,34040000.0,0.0,0.0,5.4,5.6,5.4,6300.0
2020-01-15,4.613,5.5,1.8519,5.5,100.0,550000.0,0.0,0.0,5.5,5.5,5.5,100.0
2020-01-16,4.362,5.2,-5.4545,5.251,26200.0,137570000.0,0.0,0.0,5.4,5.4,5.1,26200.0
2020-01-17,4.529,5.4,1.8868,5.4,100.0,540000.0,0.0,0.0,5.4,5.4,5.4,100.0
2020-01-20,4.613,5.5,1.8519,5.566,14500.0,80700000.0,0.0,0.0,5.6,5.6,5.5,14500.0
2020-01-21,4.697,5.6,0.0,5.527,33900.0,187370000.0,0.0,0.0,5.6,5.6,5.5,33900.0
2020-01-22,4.697,5.6,1.8182,5.583,1200.0,6700000.0,0.0,0.0,5.5,5.6,5.5,1200.0
2020-01-30,4.613,5.5,-1.7857,5.536,2200.0,12180000.0,0.0,0.0,5.6,5.6,5.5,2200.0
2020-01-31,4.529,5.4,-1.8182,5.402,15700.0,84810000.0,0.0,0.0,5.6,5.6,5.4,15700.0
2020-02-03,4.529,5.4,0.0,5.4,300.0,1620000.0,0.0,0.0,5.4,5.4,5.4,300.0
2020-02-04,4.362,5.2,-3.7037,5.286,1400.0,7400000.0,0.0,0.0,5.4,5.4,5.2,1400.0
2020-02-05,4.529,5.4,1.8868,5.4,19200.0,103680000.0,0.0,0.0,5.3,5.5,5.3,19200.0
2020-02-06,4.613,5.5,1.8519,5.513,23400.0,129000000.0,0.0,0.0,5.5,5.6,5.5,23400.0
2020-02-07,4.529,5.4,-1.8182,5.406,15000.0,81090000.0,0.0,0.0,5.5,5.5,5.4,15000.0
2020-02-10,4.781,5.7,5.5556,5.546,16600.0,92070000.0,0.0,0.0,5.4,5.7,5.4,16600.0
2020-02-11,4.781,5.7,3.6364,5.712,21100.0,120530000.0,0.0,0.0,5.8,5.9,5.6,21100.0
2020-02-12,4.781,5.7,0.0,5.697,13519.0,77016400.0,0.0,0.0,5.7,5.7,5.6,13519.0
2020-02-13,4.697,5.6,-1.7544,5.594,3300.0,18460000.0,0.0,0.0,5.5,5.6,5.5,3300.0
2020-02-14,4.697,5.6,0.0,5.571,18500.0,103070000.0,0.0,0.0,5.5,5.7,5.5,18500.0
2020-02-17,4.781,5.7,1.7857,5.676,12500.0,70950000.0,0.0,0.0,5.7,5.7,5.6,12500.0
2020-02-18,4.865,5.8,1.7544,5.797,6600.0,38260000.0,0.0,0.0,5.7,5.8,5.7,6600.0
2020-02-19,4.781,5.7,-1.7241,5.758,1200.0,6910000.0,0.0,0.0,5.8,5.8,5.7,1200.0
2020-02-20,4.781,5.7,-1.7241,5.811,4500.0,26150000.0,0.0,0.0,6.2,6.2,5.7,4500.0
2020-02-21,4.781,5.7,-1.7241,5.679,1400.0,7950000.0,0.0,0.0,5.7,5.7,5.6,1400.0
2020-02-24,4.613,5.5,-3.5088,5.583,43600.0,243420000.0,0.0,0.0,5.6,5.7,5.5,43600.0
2020-02-25,4.697,5.6,0.0,5.6,13100.0,73360000.0,0.0,0.0,5.6,5.6,5.6,13100.0
2020-02-26,4.697,5.6,0.0,5.526,5300.0,29290000.0,0.0,0.0,5.5,5.7,5.5,5300.0
2020-02-27,4.613,5.5,0.0,5.463,14600.0,79760000.0,0.0,0.0,5.4,5.6,5.4,14600.0
2020-02-28,4.613,5.5,0.0,5.453,4500.0,24540000.0,0.0,0.0,5.6,5.6,5.4,4500.0
2020-03-02,4.781,5.7,3.6364,5.606,16300.0,91380000.0,0.0,0.0,5.6,5.7,5.5,16300.0
2020-03-03,4.697,5.6,0.0,5.625,22235.0,125065500.0,0.0,0.0,5.7,5.8,5.6,22235.0
2020-03-04,4.697,5.6,0.0,5.674,9500.0,53900000.0,0.0,0.0,5.5,5.9,5.5,9500.0
2020-03-05,4.949,5.9,3.5088,5.9,1000.0,5900000.0,0.0,0.0,5.9,5.9,5.9,1000.0
2020-03-06,4.865,5.8,-1.6949,5.602,11100.0,62180000.0,0.0,0.0,5.6,5.8,5.6,11100.0
2020-03-09,4.278,5.1,-8.9286,5.112,40000.0,204460000.0,0.0,0.0,5.5,5.5,4.8,40000.0
2020-03-10,4.445,5.3,3.9216,5.216,23600.0,123090000.0,0.0,0.0,5.4,5.4,5.2,23600.0
2020-03-11,4.362,5.2,0.0,5.131,13600.0,69780000.0,0.0,0.0,5.5,5.5,5.0,13600.0
2020-03-12,4.194,5.0,-1.9608,4.877,26400.0,128750000.0,0.0,0.0,5.3,5.3,4.7,26400.0
2020-03-13,4.194,5.0,2.0408,5.0,3200.0,16000000.0,0.0,0.0,5.0,5.0,5.0,3200.0
2020-03-16,4.278,5.1,2.0,5.059,2700.0,13660000.0,0.0,0.0,5.2,5.2,5.0,2700.0
2020-03-17,4.362,5.2,1.9608,5.18,21800.0,112920000.0,0.0,0.0,5.0,5.4,5.0,21800.0
2020-03-18,4.278,5.1,-1.9231,5.071,2800.0,14200000.0,0.0,0.0,5.0,5.1,5.0,2800.0
2020-03-19,4.278,5.1,0.0,5.082,2230.0,11330000.0,0.0,0.0,5.1,5.2,5.0,2230.0
2020-03-20,4.278,5.1,0.0,5.112,11300.0,57760000.0,0.0,0.0,5.2,5.2,5.0,11300.0
2020-03-23,4.194,5.0,-1.9608,5.057,3510.0,17750000.0,0.0,0.0,5.2,5.2,5.0,3510.0
2020-03-24,4.194,5.0,-1.9608,4.952,18500.0,91620000.0,0.0,0.0,5.1,5.1,4.8,18500.0
2020-03-25,4.278,5.1,2.0,5.017,7280.0,36504000.0,0.0,0.0,5.1,5.1,5.0,7280.0
2020-03-26,4.194,5.0,0.0,5.038,2600.0,13100000.0,0.0,0.0,5.1,5.1,5.0,2600.0
2020-03-27,4.278,5.1,2.0,5.079,1919.0,9745000.0,0.0,0.0,5.0,5.1,5.0,1919.0
2020-03-30,4.194,5.0,-1.9608,4.938,11820.0,58372000.0,0.0,0.0,5.0,5.0,4.9,11820.0
2020-03-31,3.942,4.7,-4.0816,4.43,88860.0,393664000.0,0.0,0.0,5.0,5.0,4.3,88860.0
2020-04-01,3.942,4.7,6.8182,4.658,64600.0,300900000.0,0.0,0.0,4.7,4.8,4.6,64600.0
2020-04-03,4.11,4.9,4.2553,4.825,23900.0,115320000.0,0.0,0.0,4.9,4.9,4.8,23900.0
2020-04-06,4.026,4.8,0.0,4.867,41700.0,202950000.0,0.0,0.0,4.9,5.0,4.8,41700.0
2020-04-07,4.11,4.9,0.0,4.833,18500.0,89410000.0,0.0,0.0,4.9,4.9,4.7,18500.0
2020-04-08,4.026,4.8,0.0,4.782,2800.0,13390000.0,0.0,0.0,4.7,4.8,4.7,2800.0
2020-04-09,3.942,4.7,-2.0833,4.729,37600.0,177820000.0,0.0,0.0,4.7,4.8,4.7,37600.0
2020-04-10,3.942,4.7,0.0,4.7,21100.0,99160000.0,0.0,0.0,4.6,4.7,4.6,21100.0
2020-04-13,3.942,4.7,0.0,4.716,17800.0,83950000.0,0.0,0.0,4.8,4.8,4.7,17800.0
2020-04-14,4.194,5.0,6.383,4.974,73200.0,364090000.0,0.0,0.0,4.8,5.1,4.7,73200.0
2020-04-15,4.194,5.0,0.0,5.055,22100.0,111710000.0,0.0,0.0,5.1,5.1,5.0,22100.0
2020-04-16,4.11,4.9,-3.9216,4.94,25300.0,124990000.0,0.0,0.0,5.1,5.1,4.9,25300.0
2020-04-17,4.613,5.5,12.2449,5.378,170609.0,917475000.0,0.0,0.0,4.9,5.6,4.9,170609.0
2020-04-20,5.032,6.0,11.1111,6.017,172810.0,1039880000.0,0.0,0.0,5.8,6.2,5.8,172810.0
2020-04-21,4.613,5.5,-8.3333,5.816,50200.0,291970000.0,0.0,0.0,6.0,6.7,5.5,50200.0
2020-04-22,4.529,5.4,-6.8966,5.238,32200.0,168650000.0,0.0,0.0,5.2,5.4,5.2,32200.0
2020-04-23,4.781,5.7,9.6154,5.596,74419.0,416478300.0,0.0,0.0,5.5,5.8,5.4,74419.0
2020-04-24,5.2,6.2,10.7143,5.914,48430.0,286423000.0,0.0,0.0,5.7,6.2,5.6,48430.0
2020-04-27,4.949,5.9,0.0,6.005,34500.0,207170000.0,0.0,0.0,6.1,6.3,5.9,34500.0
2020-04-28,4.865,5.8,-3.3333,5.863,31900.0,187040000.0,0.0,0.0,6.0,6.0,5.6,31900.0
2020-04-29,4.697,5.6,-5.0847,5.627,34200.0,192460000.0,0.0,0.0,5.9,5.9,5.5,34200.0
2020-05-04,4.697,5.6,0.0,5.607,21020.0,117864000.0,0.0,0.0,5.7,5.7,5.6,21020.0
2020-05-05,4.613,5.5,-1.7857,5.588,11840.0,66164000.0,11378.0,63716800.0,5.6,5.7,5.5,23218.0
2020-05-06,4.781,5.7,1.7857,5.654,5919.0,33477800.0,0.0,0.0,5.5,5.8,5.5,5919.0
2020-05-07,4.781,5.7,0.0,5.677,32600.0,185070000.0,0.0,0.0,5.7,5.7,5.6,32600.0
2020-05-08,4.781,5.7,0.0,5.7,58200.0,331740000.0,0.0,0.0,5.7,5.7,5.7,58200.0
2020-05-11,4.781,5.7,0.0,5.709,10174.0,58084200.0,0.0,0.0,5.8,5.8,5.6,10174.0
2020-05-12,4.781,5.7,0.0,5.703,17519.0,99906400.0,0.0,0.0,5.7,5.8,5.7,17519.0
2020-05-13,4.781,5.7,0.0,5.7,65300.0,372210000.0,0.0,0.0,5.7,5.7,5.7,65300.0
2020-05-14,4.697,5.6,-1.7544,5.654,30550.0,172735000.0,0.0,0.0,5.7,5.8,5.6,30550.0
2020-05-15,4.865,5.8,1.7544,5.75,22878.0,131539700.0,0.0,0.0,5.7,5.9,5.6,22878.0
2020-05-18,4.865,5.8,0.0,5.729,2850.0,16325000.0,0.0,0.0,5.7,5.8,5.7,2850.0
2020-05-19,4.865,5.8,1.7544,5.737,46606.0,267374800.0,0.0,0.0,5.7,5.8,5.7,46606.0
2020-05-20,4.949,5.9,3.5088,5.795,15110.0,87542000.0,0.0,0.0,5.8,5.9,5.7,15110.0
2020-05-21,5.117,6.1,5.1724,6.036,51180.0,308938000.0,0.0,0.0,5.9,6.2,5.9,51180.0
2020-05-22,5.032,6.0,0.0,5.962,28800.0,171710000.0,0.0,0.0,6.0,6.0,5.9,28800.0
2020-05-25,4.949,5.9,-1.6667,5.854,15440.0,90380800.0,0.0,0.0,5.9,5.9,5.7,15440.0
2020-05-26,4.949,5.9,0.0,5.917,24100.0,142600000.0,0.0,0.0,5.9,6.0,5.9,24100.0
2020-05-27,4.949,5.9,0.0,5.901,17800.0,105030000.0,0.0,0.0,6.0,6.0,5.9,17800.0
2020-05-28,5.032,6.0,1.6949,6.0,35300.0,211800000.0,0.0,0.0,6.0,6.0,6.0,35300.0
2020-05-29,5.117,6.1,1.6667,6.009,2220.0,13338800.0,0.0,0.0,6.1,6.1,6.0,2220.0
2020-06-01,5.117,6.1,1.6667,6.064,31300.0,189800000.0,0.0,0.0,6.0,6.1,6.0,31300.0
2020-06-02,5.032,6.0,-1.6393,6.168,31101.0,191836100.0,0.0,0.0,6.2,6.2,6.0,31101.0
2020-06-03,5.117,6.1,-1.6129,6.118,16600.0,101560000.0,0.0,0.0,6.3,6.3,6.1,16600.0
2020-06-04,5.117,6.1,0.0,6.094,15200.0,92630000.0,0.0,0.0,6.2,6.2,6.0,15200.0
2020-06-05,5.117,6.1,0.0,6.054,2600.0,15740000.0,0.0,0.0,6.1,6.1,6.0,2600.0
2020-06-08,5.032,6.0,-1.6393,6.006,34800.0,209000000.0,0.0,0.0,6.0,6.1,6.0,34800.0
2020-06-09,5.032,6.0,0.0,6.001,61822.0,371019800.0,0.0,0.0,5.9,6.1,5.9,61822.0
2020-06-10,5.032,6.0,0.0,6.072,22400.0,136011700.0,0.0,0.0,6.1,6.1,6.0,22400.0
2020-06-11,5.032,6.0,-1.6393,6.032,34040.0,205346000.0,0.0,0.0,6.1,6.1,6.0,34040.0
2020-06-12,5.032,6.0,0.0,5.915,10800.0,63880000.0,0.0,0.0,5.9,6.0,5.8,10800.0
2020-06-15,5.032,6.0,1.6949,5.893,19700.0,116100000.0,0.0,0.0,5.9,6.0,5.8,19700.0
2020-06-16,5.117,6.1,3.3898,5.973,25800.0,154110000.0,0.0,0.0,5.9,6.1,5.9,25800.0
2020-06-17,5.117,6.1,1.6667,6.166,16400.0,101120000.0,0.0,0.0,6.1,6.2,6.1,16400.0
2020-06-18,5.117,6.1,-1.6129,6.1,9200.0,56120000.0,0.0,0.0,6.1,6.1,6.1,9200.0
2020-06-19,5.2,6.2,1.6393,6.086,48400.0,294540000.0,0.0,0.0,6.2,6.2,6.0,48400.0
2020-06-22,5.285,6.3,3.2787,6.241,16500.0,102970000.0,0.0,0.0,6.2,6.3,6.2,16500.0
2020-06-23,5.2,6.2,0.0,6.224,9300.0,57880000.0,0.0,0.0,6.2,6.3,6.2,9300.0
2020-06-24,5.368,6.4,3.2258,6.428,42700.0,274460000.0,0.0,0.0,6.3,6.6,6.3,42700.0
2020-06-25,5.368,6.4,0.0,6.435,3700.0,23810000.0,0.0,0.0,6.4,6.5,6.4,3700.0
2020-06-26,5.117,6.1,-4.6875,6.215,53720.0,333848000.0,0.0,0.0,6.4,6.4,6.0,53720.0
2020-06-29,5.285,6.3,1.6129,6.225,22300.0,138810000.0,0.0,0.0,6.2,6.3,6.1,22300.0
2020-06-30,4.949,5.9,-4.8387,6.079,35400.0,215180000.0,0.0,0.0,6.7,6.7,5.9,35400.0
2020-07-01,5.2,6.2,1.6393,6.272,3200.0,20070000.0,0.0,0.0,6.4,6.4,6.2,3200.0
2020-07-02,5.368,6.4,1.5873,6.233,1200.0,7480000.0,0.0,0.0,6.4,6.4,6.2,1200.0
2020-07-03,5.368,6.4,3.2258,6.376,7800.0,49730000.0,0.0,0.0,6.3,6.4,6.3,7800.0
2020-07-06,5.285,6.3,-1.5625,6.3,11200.0,70560000.0,0.0,0.0,6.3,6.3,6.3,11200.0
2020-07-07,5.285,6.3,0.0,6.305,2100.0,13240000.0,0.0,0.0,6.4,6.4,6.3,2100.0
2020-07-08,5.368,6.4,1.5873,6.4,2000.0,12800000.0,0.0,0.0,6.4,6.4,6.4,2000.0
2020-07-09,5.452,6.5,1.5625,6.393,2850.0,18224000.0,0.0,0.0,6.4,6.5,6.3,2850.0
2020-07-10,5.619,6.7,4.6875,6.568,21800.0,143190000.0,0.0,0.0,6.5,6.7,6.5,21800.0
2020-07-13,5.452,6.5,-1.5152,6.637,10610.0,70416000.0,0.0,0.0,6.7,6.8,6.5,10610.0
2020-07-14,5.619,6.7,1.5152,6.661,8410.0,56013000.0,0.0,0.0,6.7,6.7,6.6,8410.0
2020-07-15,5.619,6.7,0.0,6.7,7100.0,47570000.0,0.0,0.0,6.7,6.7,6.7,7100.0
2020-07-16,6.291,7.5,11.9403,7.364,187000.0,1377060000.0,0.0,0.0,6.8,7.5,6.8,187000.0
2020-07-17,6.374,7.6,2.7027,7.596,44500.0,338030000.0,0.0,0.0,7.5,7.7,7.5,44500.0
2020-07-20,6.207,7.4,-2.6316,7.509,49820.0,374084000.0,0.0,0.0,7.6,7.7,7.4,49820.0
2020-07-21,6.291,7.5,0.0,7.328,30700.0,224960000.0,0.0,0.0,7.4,7.5,7.2,30700.0
2020-07-22,6.039,7.2,-1.3699,7.297,27300.0,199210000.0,0.0,0.0,7.3,7.4,7.2,27300.0
2020-07-23,6.039,7.2,-1.3699,7.21,11240.0,81040000.0,0.0,0.0,7.3,7.3,7.2,11240.0
2020-07-24,5.536,6.6,-8.3333,6.843,100800.0,689807000.0,0.0,0.0,7.2,7.2,6.5,100800.0
2020-07-27,5.368,6.4,-5.8824,6.559,51600.0,338420000.0,0.0,0.0,6.6,7.0,6.2,51600.0
2020-07-28,5.787,6.9,4.5455,6.877,14110.0,97027000.0,0.0,0.0,6.8,7.0,6.8,14110.0
2020-07-29,5.285,6.3,-8.6957,6.275,16310.0,102349600.0,0.0,0.0,6.4,6.4,6.2,16310.0
2020-07-30,5.452,6.5,3.1746,6.457,22000.0,142060000.0,0.0,0.0,6.8,6.8,6.4,22000.0
2020-07-31,5.452,6.5,0.0,6.531,4200.0,27430000.0,0.0,0.0,6.9,6.9,6.5,4200.0
2020-08-03,5.452,6.5,0.0,6.5,16910.0,109915000.0,0.0,0.0,6.5,6.5,6.5,16910.0
2020-08-04,5.619,6.7,3.0769,6.701,8910.0,59707000.0,0.0,0.0,6.7,6.8,6.7,8910.0
2020-08-05,5.704,6.8,1.4925,6.797,7700.0,52340000.0,0.0,0.0,6.6,6.8,6.6,7700.0
2020-08-06,5.619,6.7,-1.4706,6.705,38600.0,258830000.0,0.0,0.0,6.8,6.8,6.7,38600.0
2020-08-07,5.452,6.5,-2.9851,6.585,68120.0,448603000.0,0.0,0.0,6.7,6.7,6.5,68120.0
2020-08-10,5.872,7.0,6.0606,6.972,27900.0,194530000.0,0.0,0.0,6.6,7.0,6.6,27900.0
2020-08-11,5.787,6.9,-1.4286,6.878,4500.0,30950000.0,0.0,0.0,7.0,7.0,6.8,4500.0
2020-08-12,5.787,6.9,0.0,6.9,7210.0,49749000.0,0.0,0.0,6.9,6.9,6.9,7210.0
2020-08-13,5.787,6.9,0.0,6.906,5200.0,35910000.0,0.0,0.0,7.0,7.0,6.8,5200.0
2020-08-14,5.872,7.0,1.4493,7.0,12400.0,86800000.0,0.0,0.0,6.9,7.1,6.9,12400.0
2020-08-17,5.872,7.0,0.0,6.963,34700.0,241610000.0,0.0,0.0,7.0,7.0,6.9,34700.0
2020-08-18,6.039,7.2,2.8571,7.123,38830.0,276600000.0,0.0,0.0,7.2,7.2,7.0,38830.0
2020-08-19,6.291,7.5,5.6338,7.361,7600.0,55940000.0,0.0,0.0,7.2,7.5,7.2,7600.0
2020-08-20,6.207,7.4,0.0,7.063,16000.0,113010000.0,0.0,0.0,7.2,7.4,6.5,16000.0
2020-08-21,5.955,7.1,0.0,7.122,21700.0,154550000.0,0.0,0.0,7.4,7.4,7.1,21700.0
2020-08-24,6.039,7.2,1.4085,7.21,12300.0,88680000.0,0.0,0.0,7.4,7.4,7.2,12300.0
2020-08-25,6.039,7.2,0.0,7.193,8600.0,61860000.0,0.0,0.0,7.1,7.2,7.1,8600.0
2020-08-26,6.123,7.3,1.3889,7.25,200.0,1450000.0,0.0,0.0,7.2,7.3,7.2,200.0
2020-08-27,6.207,7.4,1.3699,7.372,24300.0,179130000.0,0.0,0.0,7.3,7.4,7.3,24300.0
2020-08-28,6.123,7.3,-1.3514,7.429,17110.0,127114000.0,0.0,0.0,7.4,7.5,7.3,17110.0
2020-08-31,6.207,7.4,0.0,7.396,24200.0,178990000.0,0.0,0.0,7.4,7.5,7.3,24200.0
2020-09-01,6.207,7.4,0.0,7.442,19300.0,143630000.0,0.0,0.0,7.5,7.5,7.4,19300.0
2020-09-03,6.291,7.5,1.3514,7.463,30100.0,224650000.0,0.0,0.0,7.4,7.5,7.4,30100.0
2020-09-04,6.459,7.7,2.6667,7.617,16301.0,124168600.0,0.0,0.0,7.5,7.8,7.5,16301.0
2020-09-07,6.207,7.4,-2.6316,7.494,17110.0,128227000.0,0.0,0.0,7.7,7.7,7.4,17110.0
2020-09-08,6.123,7.3,-2.6667,7.328,10000.0,73280000.0,0.0,0.0,7.4,7.4,7.3,10000.0
2020-09-09,6.207,7.4,1.3699,7.304,4820.0,35206000.0,0.0,0.0,7.3,7.4,7.3,4820.0
2020-09-10,6.291,7.5,2.7397,7.479,14330.0,107160000.0,0.0,0.0,7.5,7.5,7.4,14330.0
2020-09-11,6.207,7.4,-1.3333,7.429,9920.0,73702000.0,0.0,0.0,7.5,7.6,7.4,9920.0
2020-09-14,6.374,7.6,2.7027,7.509,1100.0,8260000.0,0.0,0.0,7.5,7.6,7.5,1100.0
2020-09-15,6.374,7.6,1.3333,7.541,19500.0,147040000.0,0.0,0.0,7.5,7.6,7.5,19500.0
2020-09-16,6.374,7.6,1.3333,7.614,14800.0,112690000.0,0.0,0.0,7.5,7.7,7.5,14800.0
2020-09-17,6.374,7.6,0.0,7.6,13500.0,102600000.0,0.0,0.0,7.6,7.6,7.6,13500.0
2020-09-18,6.374,7.6,0.0,7.553,5300.0,40030000.0,0.0,0.0,7.6,7.6,7.5,5300.0
2020-09-21,6.374,7.6,0.0,7.545,30850.0,232765000.0,0.0,0.0,7.5,8.0,7.5,30850.0
2020-09-22,6.374,7.6,1.3333,7.574,11120.0,84220000.0,0.0,0.0,7.5,7.7,7.5,11120.0
2020-09-23,6.542,7.8,2.6316,7.8,20300.0,158340000.0,0.0,0.0,7.8,7.8,7.8,20300.0
2020-09-24,6.542,7.8,0.0,7.8,23030.0,179625000.0,0.0,0.0,7.8,7.8,7.8,23030.0
2020-09-25,6.374,7.6,-2.5641,7.696,11410.0,87818000.0,0.0,0.0,8.0,8.0,7.6,11410.0
2020-09-28,6.542,7.8,1.2987,7.8,44410.0,346398000.0,0.0,0.0,7.8,7.8,7.8,44410.0
2020-09-29,6.542,7.8,0.0,7.8,10805.0,84275000.0,0.0,0.0,7.8,7.8,7.8,10805.0
2020-09-30,6.459,7.7,-1.2821,7.7,9900.0,76230000.0,0.0,0.0,7.7,7.7,7.7,9900.0
2020-10-01,6.459,7.7,0.0,7.7,14200.0,109340000.0,0.0,0.0,7.7,7.7,7.7,14200.0
2020-10-02,6.459,7.7,0.0,7.603,6412.0,48751900.0,6.0,39600.0,7.6,7.7,7.6,6418.0
2020-10-05,6.542,7.8,2.6316,7.784,18730.0,145787500.0,0.0,0.0,7.6,7.9,7.6,18730.0
2020-10-06,6.626,7.9,1.2821,7.861,18700.0,147000000.0,0.0,0.0,8.0,8.0,7.8,18700.0
2020-10-07,6.71,8.0,1.2658,7.936,5500.0,43650000.0,0.0,0.0,7.9,8.0,7.9,5500.0
2020-10-08,7.13,8.5,7.5949,8.389,100500.0,843070000.0,0.0,0.0,8.1,8.6,8.1,100500.0
2020-10-09,7.297,8.7,3.5714,8.707,70775.0,616258000.0,0.0,0.0,8.8,8.8,8.5,70775.0
2020-10-12,7.13,8.5,-2.2989,8.613,44800.0,385870000.0,0.0,0.0,8.7,8.7,8.5,44800.0
2020-10-13,7.13,8.5,-1.1628,8.453,38400.0,324580000.0,0.0,0.0,8.7,8.7,8.4,38400.0
2020-10-14,7.13,8.5,0.0,8.511,36120.0,307426000.0,0.0,0.0,8.5,8.6,8.4,36120.0
2020-10-15,6.878,8.2,-3.5294,8.283,1243.0,10284000.0,0.0,0.0,8.4,8.4,8.2,1243.0
2020-10-16,7.13,8.5,2.4096,8.428,73155.0,616577500.0,0.0,0.0,8.2,8.6,8.2,73155.0
2020-10-19,7.213,8.6,2.381,8.568,40810.0,349666000.0,0.0,0.0,8.5,8.6,8.5,40810.0
2020-10-20,7.213,8.6,0.0,8.595,12533.0,107720500.0,0.0,0.0,8.6,8.6,8.5,12533.0
2020-10-21,7.114,7.5,-1.3158,7.558,44951.0,339741700.0,0.0,0.0,7.9,7.9,7.4,44951.0
2020-10-22,6.925,7.3,-3.9474,7.3,17900.0,130670000.0,0.0,0.0,7.3,7.3,7.3,17900.0
2020-10-23,7.589,8.0,9.589,7.996,82730.0,661488000.0,0.0,0.0,8.3,8.3,7.7,82730.0
2020-10-26,7.494,7.9,-1.25,7.996,41700.0,333440000.0,0.0,0.0,8.0,8.2,7.9,41700.0
2020-10-27,7.304,7.7,-3.75,7.638,2900.0,22150000.0,0.0,0.0,7.5,7.9,7.5,2900.0
2020-10-28,7.304,7.7,1.3158,7.743,49800.0,385590000.0,0.0,0.0,7.7,7.8,7.5,49800.0
2020-10-29,7.304,7.7,0.0,7.7,12800.0,98560000.0,0.0,0.0,7.7,7.7,7.7,12800.0
2020-10-30,7.399,7.8,1.2987,7.782,5500.0,42800000.0,0.0,0.0,7.7,7.8,7.7,5500.0
2020-11-02,7.399,7.8,0.0,7.717,1200.0,9260000.0,0.0,0.0,7.6,7.8,7.6,1200.0
2020-11-03,7.304,7.7,0.0,7.676,18200.0,139700000.0,0.0,0.0,7.6,7.7,7.5,18200.0
2020-11-04,7.399,7.8,1.2987,7.717,12110.0,93448000.0,0.0,0.0,7.8,7.8,7.6,12110.0
2020-11-05,7.304,7.7,0.0,7.7,11225.0,86460000.0,0.0,0.0,7.7,7.7,7.7,11225.0
2020-11-06,7.304,7.7,0.0,7.7,1000.0,7700000.0,0.0,0.0,7.7,7.7,7.7,1000.0
2020-11-09,7.494,7.9,2.5974,7.717,1209.0,9329300.0,0.0,0.0,7.7,7.9,7.7,1209.0
2020-11-10,7.399,7.8,1.2987,7.813,26600.0,207830000.0,0.0,0.0,8.0,8.0,7.7,26600.0
2020-11-11,7.399,7.8,0.0,7.8,10400.0,81120000.0,0.0,0.0,7.8,7.8,7.8,10400.0
2020-11-12,7.494,7.9,1.2821,8.292,1300.0,10780000.0,0.0,0.0,8.5,8.5,7.9,1300.0
2020-11-13,7.494,7.9,-4.8193,7.9,4306.0,34012600.0,2260.0,16046000.0,7.9,7.9,7.9,6566.0
2020-11-16,7.304,7.7,-2.5316,7.74,53209.0,411822000.0,0.0,0.0,8.0,8.0,7.7,53209.0
2020-11-17,7.683,8.1,5.1948,8.107,50500.0,409380000.0,0.0,0.0,7.9,8.2,7.9,50500.0
2020-11-18,8.158,8.6,6.1728,8.269,87960.0,727355000.0,0.0,0.0,8.1,8.6,8.1,87960.0
2020-11-19,9.012,9.5,14.4578,9.309,100129.0,932157000.0,0.0,0.0,8.6,9.5,8.6,100129.0
2020-11-20,10.055,10.6,13.9785,10.552,313210.0,3304970000.0,0.0,0.0,10.6,10.6,10.0,313210.0
2020-11-23,10.15,10.7,0.9434,10.647,566615.0,6032507500.0,0.0,0.0,12.1,12.1,10.6,566615.0
2020-11-24,10.15,10.7,0.9434,10.585,146064.0,1546056400.0,0.0,0.0,10.8,10.8,10.5,146064.0
2020-11-25,9.676,10.2,-3.7736,10.229,41435.0,423823900.0,0.0,0.0,10.6,10.6,10.2,41435.0
2020-11-26,9.676,10.2,0.0,10.201,100085.0,1020957000.0,0.0,0.0,10.2,10.4,10.1,100085.0
2020-11-27,9.581,10.1,-0.9804,10.007,51660.0,516928000.0,0.0,0.0,10.2,10.2,9.9,51660.0
2020-11-30,9.391,9.9,-1.0,9.919,25800.0,255900000.0,0.0,0.0,10.0,10.0,9.8,25800.0
2020-12-01,9.201,9.7,-2.0202,9.65,57872.0,558459600.0,0.0,0.0,9.7,9.7,9.4,57872.0
2020-12-02,9.201,9.7,0.0,9.706,34700.0,336790000.0,0.0,0.0,9.8,9.8,9.5,34700.0
2020-12-03,9.77,10.3,6.1856,10.115,42200.0,426850000.0,0.0,0.0,9.7,10.4,9.6,42200.0
2020-12-04,9.486,10.0,-0.9901,10.068,28500.0,286930000.0,0.0,0.0,11.1,11.1,9.9,28500.0
2020-12-07,9.486,10.0,-0.9901,9.807,25800.0,253010000.0,0.0,0.0,9.8,10.0,9.6,25800.0
2020-12-08,9.486,10.0,2.0408,9.96,43050.0,428807300.0,0.0,0.0,10.8,10.8,9.6,43050.0
2020-12-09,9.581,10.1,1.0,10.016,262000.0,2624150000.0,0.0,0.0,10.5,10.5,10.0,262000.0
2020-12-10,9.296,9.8,-2.0,9.83,40900.0,402040000.0,0.0,0.0,10.0,10.0,9.7,40900.0
2020-12-11,9.486,10.0,2.0408,9.905,8030.0,79537000.0,0.0,0.0,9.8,10.0,9.8,8030.0
2020-12-14,9.486,10.0,1.0101,9.976,60262.0,601137400.0,0.0,0.0,9.9,10.1,9.8,60262.0
2020-12-15,9.486,10.0,0.0,10.007,244700.0,2448650000.0,0.0,0.0,10.0,10.1,10.0,244700.0
2020-12-16,9.865,10.4,4.0,10.116,1292879.0,13078493500.0,0.0,0.0,10.5,10.5,10.0,1292879.0
2020-12-17,10.34,10.9,7.9208,10.871,419125.0,4556250900.0,0.0,0.0,10.4,11.2,10.4,419125.0
2020-12-18,10.34,10.9,0.0,10.985,189764.0,2084553600.0,0.0,0.0,11.0,11.2,10.9,189764.0
2020-12-21,10.245,10.8,-1.8182,10.677,281320.0,3003782000.0,0.0,0.0,11.0,11.0,10.5,281320.0
2020-12-22,10.15,10.7,0.0,10.835,701367.0,7599574300.0,0.0,0.0,10.7,11.3,10.3,701367.0
2020-12-23,10.34,10.9,0.9259,10.992,331618.0,3645161800.0,2260.0,20792000.0,10.8,11.2,10.6,333878.0
2020-12-24,10.34,10.9,-0.9091,10.854,206100.0,2237100000.0,0.0,0.0,10.9,11.3,10.5,206100.0
2020-12-25,11.004,11.6,6.422,11.208,575788.0,6453197100.0,0.0,0.0,10.9,11.6,10.8,575788.0
2020-12-28,10.909,11.5,2.6786,11.62,700134.0,8135777000.0,0.0,0.0,11.6,11.9,11.4,700134.0
2020-12-29,10.719,11.3,-2.5862,11.395,316021.0,3601122000.0,0.0,0.0,11.5,11.7,11.2,316021.0
2020-12-30,10.434,11.0,-3.5088,10.909,429360.0,4683712000.0,0.0,0.0,11.3,11.3,10.1,429360.0
2020-12-31,9.676,10.2,-6.422,10.962,630634.0,6913191600.0,0.0,0.0,10.9,11.2,10.2,630634.0
2021-01-04,10.624,11.2,1.8182,11.127,308431.0,3431772100.0,0.0,0.0,11.0,11.3,10.8,308431.0
2021-01-05,10.529,11.1,0.0,11.073,336100.0,3721480000.0,0.0,0.0,11.2,11.2,11.0,336100.0
2021-01-06,10.434,11.0,-0.9009,11.047,372949.0,4119903700.0,0.0,0.0,11.1,11.4,11.0,372949.0
2021-01-07,10.529,11.1,0.9091,11.071,518200.0,5737090000.0,0.0,0.0,11.4,11.4,11.0,518200.0
2021-01-08,12.047,12.7,14.4144,11.593,3911206.0,45340767000.0,0.0,0.0,11.1,12.7,11.1,3911206.0
2021-01-11,12.616,13.3,14.6552,13.288,608844.0,8090253199.999999,0.0,0.0,13.0,13.3,12.7,608844.0
2021-01-12,13.09,13.8,3.7594,13.615,1049600.0,14290250000.0,0.0,0.0,14.8,14.8,12.8,1049600.0
2021-01-13,13.185,13.9,2.2059,13.903,2171334.0,30186898800.0,0.0,0.0,13.6,14.5,13.5,2171334.0
2021-01-14,12.996,13.7,-1.4388,13.654,840200.0,11471810000.0,0.0,0.0,13.9,14.0,13.4,840200.0
2021-01-15,13.47,14.2,3.6496,14.075,1955740.0,27527733500.0,0.0,0.0,14.0,14.6,13.7,1955740.0
2021-01-18,13.754,14.5,2.8369,14.409,2130470.0,30697386000.0,100000.0,1200000000.0,14.0,15.2,14.0,2230470.0
2021-01-19,13.66,14.4,0.0,14.469,1574062.0,22774600800.0,0.0,0.0,14.7,15.3,13.1,1574062.0
2021-01-20,13.185,13.9,-4.1379,13.592,836080.0,11364173100.0,0.0,0.0,14.4,14.5,12.6,836080.0
2021-01-21,13.849,14.6,7.3529,14.344,1279183.0,18348239100.0,0.0,0.0,13.9,15.0,13.6,1279183.0
2021-01-22,14.039,14.8,3.4965,14.901,1008746.0,15031757000.0,0.0,0.0,14.6,15.5,14.5,1008746.0
2021-01-25,14.134,14.9,0.0,15.177,1177460.0,17869831400.0,0.0,0.0,14.8,15.5,14.7,1177460.0
2021-01-26,13.47,14.2,-6.5789,14.203,1123446.0,15956049900.0,0.0,0.0,15.2,15.2,13.8,1123446.0
2021-01-27,12.426,13.1,-7.7465,13.201,1268320.0,16743383800.0,180000.0,2340000000.0,14.1,14.2,12.5,1448320.0
2021-01-28,10.719,11.3,-14.3939,11.636,1213300.0,14117580000.0,0.0,0.0,12.8,12.8,11.3,1213300.0
2021-01-29,11.857,12.5,7.7586,11.9,551443.0,6562164500.0,0.0,0.0,9.9,12.6,9.9,551443.0
2021-02-01,10.814,11.4,-4.2017,11.722,581304.0,6814228000.0,0.0,0.0,12.8,12.8,11.2,581304.0
2021-02-02,11.288,11.9,1.7094,11.71,393500.0,4608020000.0,0.0,0.0,11.5,12.0,11.3,393500.0
2021-02-03,12.142,12.8,9.4017,12.418,541300.0,6721930000.0,0.0,0.0,12.0,13.0,11.9,541300.0
2021-02-04,12.142,12.8,3.2258,12.838,563100.0,7228860000.0,0.0,0.0,12.8,13.1,12.5,563100.0
2021-02-05,12.332,13.0,1.5625,13.026,357700.0,4659260000.0,0.0,0.0,12.9,13.3,12.9,357700.0
2021-02-08,11.857,12.5,-3.8462,12.594,545950.0,6875705000.0,0.0,0.0,13.0,13.1,11.9,545950.0
2021-02-09,12.047,12.7,0.7937,12.525,382615.0,4792309100.0,0.0,0.0,12.5,12.9,12.1,382615.0
2021-02-17,12.996,13.7,9.6,13.405,782060.0,10483472000.0,0.0,0.0,12.7,13.8,12.7,782060.0
2021-02-18,13.09,13.8,2.9851,13.913,745700.0,10375100000.0,0.0,0.0,13.7,14.3,13.5,745700.0
2021-02-19,12.996,13.7,-1.4388,13.714,574500.0,7878820000.0,0.0,0.0,13.6,14.0,13.4,574500.0
2021-02-22,12.901,13.6,-0.7299,13.544,479435.0,6493544500.0,0.0,0.0,13.7,13.7,13.4,479435.0
2021-02-23,12.996,13.7,1.4815,13.638,406906.0,5549590000.0,0.0,0.0,13.7,13.9,13.5,406906.0
2021-02-24,12.616,13.3,-2.2059,13.316,780058.0,10387185000.0,0.0,0.0,13.7,13.7,13.1,780058.0
2021-02-25,12.521,13.2,-0.7519,13.141,562510.0,7391913000.0,0.0,0.0,13.3,13.5,13.0,562510.0
2021-02-26,12.806,13.5,3.0534,13.198,493210.0,6509632000.0,0.0,0.0,12.8,13.5,12.8,493210.0
2021-03-01,12.806,13.5,2.2727,13.436,421702.0,5665887000.0,0.0,0.0,13.5,13.6,13.2,421702.0
2021-03-02,12.901,13.6,1.4925,13.447,511160.0,6873486000.0,0.0,0.0,13.6,13.6,13.3,511160.0
2021-03-03,13.28,14.0,4.4776,13.656,699610.0,9553655300.0,0.0,0.0,13.4,14.0,13.4,699610.0
2021-03-04,14.229,15.0,9.4891,14.688,1941247.0,28513932500.0,0.0,0.0,13.9,15.2,13.9,1941247.0
2021-03-05,14.608,15.4,4.7619,15.679,875684.0,13729828400.0,0.0,0.0,15.0,16.3,15.0,875684.0
2021-03-08,14.324,15.1,-3.8217,15.333,1353818.0,20757951000.0,0.0,0.0,15.7,15.9,14.9,1353818.0
2021-03-09,14.039,14.8,-3.268,14.76,801011.0,11822875000.0,0.0,0.0,15.1,15.1,14.5,801011.0
2021-03-10,14.134,14.9,0.6757,14.734,519680.0,7656955000.0,0.0,0.0,14.8,15.0,14.6,519680.0
2021-03-11,14.229,15.0,2.0408,14.901,515835.0,7686532100.0,0.0,0.0,14.9,15.2,14.7,515835.0
2021-03-12,14.039,14.8,-0.6711,14.929,407930.0,6090053000.0,0.0,0.0,15.0,15.3,14.7,407930.0
2021-03-15,14.134,14.9,0.0,14.817,311080.0,4609382000.0,35.0,521500.0,14.9,15.0,14.7,311115.0
2021-03-16,13.944,14.7,-0.6757,14.717,538021.0,7917818700.0,0.0,0.0,14.5,14.9,14.5,538021.0
2021-03-17,14.418,15.2,3.4014,15.037,708882.0,10659155600.0,0.0,0.0,14.7,15.4,14.7,708882.0
2021-03-18,14.324,15.1,0.6667,15.156,335316.0,5082001700.0,0.0,0.0,15.2,15.5,15.0,335316.0
2021-03-19,14.513,15.3,0.6579,15.043,780568.0,11741741300.0,0.0,0.0,14.9,15.3,14.8,780568.0
2021-03-22,14.608,15.4,2.6667,15.363,691617.0,10625650300.0,0.0,0.0,15.1,15.5,15.1,691617.0
2021-03-23,14.608,15.4,0.0,15.355,478500.0,7347570000.0,0.0,0.0,15.5,15.6,15.0,478500.0
2021-03-24,14.039,14.8,-3.8961,14.833,705705.0,10467523500.0,0.0,0.0,15.3,15.3,14.5,705705.0
2021-03-25,13.754,14.5,-2.027,14.613,450555.0,6584023000.0,0.0,0.0,14.7,14.9,14.4,450555.0
2021-03-26,13.565,14.3,-2.0548,13.965,800593.0,11180163800.0,0.0,0.0,14.5,14.5,13.4,800593.0
2021-03-29,13.944,14.7,5.0,14.597,335981.0,4904437700.0,0.0,0.0,14.4,14.8,14.4,335981.0
2021-03-30,13.754,14.5,-0.6849,14.513,303539.0,4405305600.0,0.0,0.0,14.6,14.6,14.4,303539.0
2021-03-31,13.944,14.7,1.3793,14.525,313951.0,4560279300.0,0.0,0.0,14.5,14.7,14.3,313951.0
2021-04-01,14.134,14.9,2.7586,14.644,332769.0,4872986100.0,0.0,0.0,14.7,14.9,14.3,332769.0
2021-04-02,14.134,14.9,2.0548,15.06,584468.0,8802103500.0,0.0,0.0,14.9,15.3,14.8,584468.0
2021-04-05,14.134,14.9,-1.3245,14.913,310953.0,4637195000.0,0.0,0.0,15.1,15.2,14.8,310953.0
2021-04-06,13.944,14.7,-1.3423,14.52,575664.0,8358408000.000001,0.0,0.0,14.9,14.9,14.3,575664.0
2021-04-07,14.039,14.8,2.069,14.677,342430.0,5025871000.0,0.0,0.0,14.7,14.8,14.5,342430.0
2021-04-08,14.039,14.8,0.6803,14.698,548917.0,8067692400.0,0.0,0.0,14.9,15.0,14.6,548917.0
2021-04-09,14.798,15.6,6.1224,15.251,1432392.0,21844837300.0,0.0,0.0,14.8,15.7,14.7,1432392.0
2021-04-12,14.608,15.4,0.6536,15.6,869081.0,13557780500.0,0.0,0.0,15.6,16.0,15.2,869081.0
2021-04-13,14.229,15.0,-3.8462,15.08,797188.0,12021218800.0,0.0,0.0,15.5,15.5,14.8,797188.0
2021-04-14,14.324,15.1,0.0,14.793,628309.0,9294302300.0,0.0,0.0,15.0,15.1,14.5,628309.0
2021-04-15,14.134,14.9,0.6757,15.074,487620.0,7350346200.0,0.0,0.0,15.0,15.5,14.8,487620.0
2021-04-16,13.849,14.6,-3.3113,14.565,607872.0,8853775700.0,0.0,0.0,15.0,15.0,14.2,607872.0
2021-04-19,14.039,14.8,1.3699,14.6,228810.0,3340656000.0,0.0,0.0,14.6,14.8,14.4,228810.0
2021-04-20,13.849,14.6,0.0,14.621,240570.0,3517406000.0,0.0,0.0,14.7,14.9,14.5,240570.0
2021-04-22,13.09,13.8,-5.4795,14.151,567846.0,8035359600.0,0.0,0.0,14.6,14.6,13.8,567846.0
2021-04-23,13.47,14.2,0.0,13.79,267150.0,3684120000.0,0.0,0.0,14.0,14.2,13.5,267150.0
2021-04-26,12.806,13.5,-2.1739,13.559,239200.0,3243230000.0,0.0,0.0,14.0,14.1,13.3,239200.0
2021-04-27,12.711,13.4,-1.4706,13.272,245819.0,3262577500.0,0.0,0.0,13.5,13.5,13.1,245819.0
2021-04-28,12.901,13.6,2.2556,13.528,134000.0,1812780000.0,0.0,0.0,13.4,13.7,13.3,134000.0
2021-04-29,12.806,13.5,0.0,13.564,127450.0,1728757700.0,0.0,0.0,13.6,13.8,13.4,127450.0
2021-05-04,12.521,13.2,-2.9412,13.153,171494.0,2255722800.0,0.0,0.0,12.4,13.3,11.6,171494.0
2021-05-05,13.09,13.8,4.5455,13.769,289120.0,3980952000.0,0.0,0.0,13.2,14.2,13.2,289120.0
2021-05-06,12.996,13.7,-0.7246,13.718,66202.0,908167600.0,0.0,0.0,14.0,14.0,13.6,66202.0
2021-05-07,12.616,13.3,-2.9197,13.362,205070.0,2740084000.0,0.0,0.0,13.7,13.7,13.1,205070.0
2021-05-10,12.711,13.4,0.0,13.162,342510.0,4507993000.0,0.0,0.0,13.1,13.4,13.0,342510.0
2021-05-11,12.616,13.3,0.7576,13.162,226000.0,2974520000.0,0.0,0.0,13.3,13.5,13.0,226000.0
2021-05-12,12.711,13.4,1.5152,13.263,138560.0,1837697600.0,0.0,0.0,13.2,13.4,13.2,138560.0
2021-05-13,12.711,13.4,0.7519,13.52,229429.0,3101963800.0,0.0,0.0,13.4,13.8,13.3,229429.0
2021-05-14,12.616,13.3,-1.4815,13.32,161200.0,2147210000.0,0.0,0.0,13.5,13.5,13.2,161200.0
2021-05-17,12.616,13.3,0.0,13.357,237000.0,3165700000.0,0.0,0.0,13.4,13.5,13.2,237000.0
2021-05-18,12.616,13.3,-0.7463,13.266,137500.0,1824110000.0,0.0,0.0,13.4,13.4,13.2,137500.0
2021-05-19,12.426,13.1,-1.5038,13.033,157900.0,2057890000.0,0.0,0.0,13.3,13.3,12.9,157900.0
2021-05-20,12.047,12.7,-2.3077,12.672,406000.0,5144910000.0,0.0,0.0,13.0,13.0,12.5,406000.0
2021-05-21,12.237,12.9,1.5748,12.76,245750.0,3135710000.0,0.0,0.0,12.7,13.2,12.5,245750.0
2021-05-24,12.237,12.9,0.7813,12.894,184080.0,2373503000.0,0.0,0.0,13.1,13.1,12.8,184080.0
2021-05-25,12.521,13.2,2.3256,13.149,272369.0,3581373700.0,0.0,0.0,13.0,13.3,13.0,272369.0
2021-05-26,12.711,13.4,2.2901,13.166,800840.0,10543613800.0,0.0,0.0,13.2,13.6,12.9,800840.0
2021-05-27,12.806,13.5,2.2727,13.452,345800.0,4651770000.0,0.0,0.0,13.4,13.7,13.2,345800.0
2021-05-28,13.09,13.8,2.2222,13.773,464014.0,6390952200.0,0.0,0.0,13.6,14.0,13.5,464014.0
2021-05-31,13.66,14.4,4.3478,14.095,1077350.0,15185421300.0,0.0,0.0,13.9,14.7,13.4,1077350.0
2021-06-01,13.754,14.5,2.8369,14.641,575240.0,8421825999.999999,0.0,0.0,14.4,14.8,14.4,575240.0
2021-06-02,13.754,14.5,-0.6849,14.569,417667.0,6084819200.0,0.0,0.0,14.6,14.8,14.4,417667.0
2021-06-03,13.754,14.5,-0.6849,14.591,617685.0,9012371000.0,0.0,0.0,14.5,14.8,14.4,617685.0
2021-06-04,14.798,15.6,3.3113,15.077,2053947.0,30967868600.0,0.0,0.0,14.5,15.9,14.1,2053947.0
2021-06-07,15.557,16.4,8.6093,16.396,2471583.0,40523685600.0,0.0,0.0,15.7,17.0,15.6,2471583.0
2021-06-08,14.229,15.0,-8.5366,15.448,930922.0,14381135500.0,0.0,0.0,16.2,16.4,14.8,930922.0
2021-06-09,14.798,15.6,1.2987,15.352,1440989.0,22121435700.0,0.0,0.0,15.0,15.8,14.8,1440989.0
2021-06-10,14.418,15.2,-1.2987,15.202,1009627.0,15348415000.0,0.0,0.0,15.6,15.8,14.7,1009627.0
2021-06-11,14.798,15.6,2.6316,15.365,705923.0,10846767100.0,0.0,0.0,15.2,15.8,14.9,705923.0
2021-06-14,16.316,17.2,11.6883,16.676,2803400.0,46750499100.0,0.0,0.0,15.4,17.3,15.4,2803400.0
2021-06-15,16.6,17.5,4.7904,17.652,1588767.0,28044435900.0,0.0,0.0,16.7,18.0,16.7,1588767.0
2021-06-16,16.41,17.3,-2.2599,17.484,590450.0,10323240500.0,0.0,0.0,17.5,18.0,17.1,590450.0
2021-06-17,16.316,17.2,-1.7143,17.048,1091762.0,18612039000.0,0.0,0.0,17.3,17.4,16.6,1091762.0
2021-06-18,16.126,17.0,0.0,16.838,1011683.0,17034224400.0,0.0,0.0,17.1,17.3,16.6,1011683.0
2021-06-21,16.41,17.3,2.9762,17.446,701732.0,12242536000.0,0.0,0.0,17.0,17.8,17.0,701732.0
2021-06-22,16.505,17.4,0.0,17.462,927337.0,16192960800.000002,0.0,0.0,17.7,17.9,17.3,927337.0
2021-06-23,16.031,16.9,-3.4286,16.881,663981.0,11208789100.0,0.0,0.0,17.5,17.5,16.6,663981.0
2021-06-24,15.746,16.6,-1.7751,16.591,429709.0,7129224100.0,0.0,0.0,17.2,17.2,16.4,429709.0
2021-06-25,15.462,16.3,-1.8072,16.36,577055.0,9440348800.0,0.0,0.0,16.6,16.7,16.1,577055.0
2021-06-28,15.936,16.8,2.439,16.673,629233.0,10491260700.0,0.0,0.0,16.3,16.9,16.3,629233.0
2021-06-29,15.652,16.5,-1.1976,16.471,370310.0,6099355000.0,0.0,0.0,16.8,16.8,16.3,370310.0
2021-06-30,15.462,16.3,-1.2121,16.369,299920.0,4909400000.0,0.0,0.0,16.5,16.7,16.3,299920.0
2021-07-01,15.462,16.3,-0.6098,16.058,542414.0,8709964200.0,0.0,0.0,16.8,16.8,15.7,542414.0
2021-07-02,15.557,16.4,1.8634,16.485,310801.0,5123682100.0,0.0,0.0,16.4,16.7,16.2,310801.0
2021-07-05,15.272,16.1,-2.4242,16.179,398681.0,6450104100.0,0.0,0.0,16.4,16.4,16.0,398681.0
2021-07-06,14.798,15.6,-3.7037,16.223,645042.0,10464590400.0,0.0,0.0,16.2,16.6,15.1,645042.0
2021-07-07,14.893,15.7,-3.0864,15.471,462213.0,7150840200.0,0.0,0.0,15.6,15.9,15.2,462213.0
2021-07-08,14.703,15.5,0.0,15.481,168937.0,2615226900.0,0.0,0.0,15.5,15.9,15.3,168937.0
2021-07-09,14.039,14.8,-4.5161,15.004,347843.0,5219153500.0,0.0,0.0,15.5,15.5,14.4,347843.0
2021-07-12,13.565,14.3,-4.6667,14.156,672953.0,9526187300.0,0.0,0.0,14.8,14.8,13.6,672953.0
2021-07-13,13.754,14.5,2.1127,14.416,196387.0,2831040300.0,0.0,0.0,14.0,14.6,14.0,196387.0
2021-07-14,13.849,14.6,1.3889,14.564,281000.0,4092430000.0,0.0,0.0,14.5,14.9,14.3,281000.0
2021-07-15,13.849,14.6,0.0,14.491,159800.0,2315630000.0,0.0,0.0,14.3,14.7,14.3,159800.0
2021-07-16,13.66,14.4,-0.6897,14.457,88832.0,1284253800.0,0.0,0.0,14.6,14.6,14.1,88832.0
2021-07-19,13.09,13.8,-4.8276,13.894,349400.0,4854420000.0,0.0,0.0,14.3,14.3,13.6,349400.0
2021-07-20,13.28,14.0,0.7194,13.657,271300.0,3705110000.0,0.0,0.0,13.7,14.0,13.5,271300.0
2021-07-21,13.47,14.2,3.6496,14.244,142124.0,2024354700.0,0.0,0.0,14.2,14.4,14.0,142124.0
2021-07-22,13.944,14.7,3.5211,14.523,202130.0,2935519000.0,0.0,0.0,14.3,14.7,14.3,202130.0
2021-07-23,13.66,14.4,-0.6897,14.525,139880.0,2031773000.0,0.0,0.0,14.7,14.7,14.4,139880.0
2021-07-26,13.849,14.6,0.6897,14.5,308900.0,4478900000.0,0.0,0.0,14.3,14.8,14.3,308900.0
2021-07-27,14.229,15.0,3.4483,14.977,297713.0,4458955000.0,0.0,0.0,14.8,15.2,14.8,297713.0
2021-07-28,14.134,14.9,-0.6667,14.85,106550.0,1582230000.0,0.0,0.0,15.2,15.2,14.7,106550.0
2021-07-29,14.418,15.2,2.0134,15.12,250064.0,3780823800.0,0.0,0.0,14.9,15.3,14.9,250064.0
2021-07-30,14.229,15.0,-0.6623,14.99,314026.0,4707248900.0,0.0,0.0,15.1,15.2,14.9,314026.0
2021-08-02,14.703,15.5,3.3333,15.269,410473.0,6267561800.0,0.0,0.0,15.0,15.5,15.0,410473.0
2021-08-03,14.798,15.6,1.9608,15.718,316125.0,4968917500.0,0.0,0.0,15.6,16.0,15.3,316125.0
2021-08-04,15.272,16.1,2.5478,16.068,431660.0,6935992000.0,0.0,0.0,15.9,16.4,15.8,431660.0
2021-08-05,15.177,16.0,-0.6211,15.847,210183.0,3330806700.0,0.0,0.0,16.1,16.1,15.7,210183.0
2021-08-06,14.988,15.8,0.0,15.845,298831.0,4735059600.0,0.0,0.0,15.8,16.0,15.6,298831.0
2021-08-09,15.652,16.5,4.4304,16.238,580140.0,9420522000.0,0.0,0.0,15.8,16.5,15.6,580140.0
2021-08-10,15.936,16.8,3.7037,16.623,675267.0,11224919200.0,0.0,0.0,16.6,16.8,16.4,675267.0
2021-08-11,15.746,16.6,0.0,16.779,671351.0,11264626800.0,0.0,0.0,16.8,17.1,16.5,671351.0
2021-08-12,15.462,16.3,-2.9762,16.431,705946.0,11599747000.0,0.0,0.0,16.2,16.7,16.2,705946.0
2021-08-13,16.41,17.3,5.4878,16.802,1616003.0,27151872500.0,0.0,0.0,16.4,17.6,16.0,1616003.0
2021-08-16,16.6,17.5,4.1667,17.63,976240.0,17211050000.0,0.0,0.0,17.9,18.0,17.3,976240.0
2021-08-17,16.79,17.7,0.5682,17.721,765110.0,13558187700.0,0.0,0.0,17.5,18.1,17.3,765110.0
2021-08-18,16.885,17.8,0.565,17.674,672152.0,11879335800.000002,630000.0,10080000000.0,17.7,18.0,17.4,1302152.0
2021-08-19,16.885,17.8,0.565,17.745,551046.0,9778379900.0,0.0,0.0,17.7,17.9,17.6,551046.0
2021-08-20,16.126,17.0,-3.9548,17.376,1278232.0,22210757100.0,0.0,0.0,17.8,17.8,16.6,1278232.0
2021-08-23,15.746,16.6,-4.5977,16.704,690293.0,11530547100.0,0.0,0.0,16.6,17.0,16.4,690293.0
2021-08-24,16.031,16.9,1.1976,16.747,445484.0,7460462000.0,0.0,0.0,16.0,17.1,16.0,445484.0
2021-08-25,15.936,16.8,0.5988,16.719,192523.0,3218726000.0,0.0,0.0,16.9,16.9,16.4,192523.0
2021-08-26,15.652,16.5,-1.1976,16.788,699766.0,11747670200.0,0.0,0.0,16.7,17.3,16.3,699766.0
2021-08-27,15.936,16.8,0.0,16.772,402437.0,6749853800.0,0.0,0.0,17.3,17.3,16.4,402437.0
2021-08-30,16.316,17.2,2.381,17.265,772201.0,13332094400.0,0.0,0.0,17.0,17.5,16.9,772201.0
2021-08-31,18.308,19.3,11.5607,18.792,3075242.0,57790812300.0,0.0,0.0,17.4,19.5,17.3,3075242.0
2021-09-01,18.023,19.0,1.0638,19.277,940997.0,18139401700.0,0.0,0.0,19.3,19.8,19.0,940997.0
2021-09-06,18.972,20.0,3.6269,19.988,1367332.0,27329605900.0,0.0,0.0,19.4,20.4,19.4,1367332.0
2021-09-07,18.023,19.0,-5.0,19.204,1748879.0,33586372500.000004,0.0,0.0,20.0,20.0,18.8,1748879.0
2021-09-08,18.118,19.1,-0.5208,18.98,646856.0,12277324000.0,0.0,0.0,19.0,19.3,18.8,646856.0
2021-09-09,18.308,19.3,1.5789,19.242,1306380.0,25136833100.0,0.0,0.0,19.0,19.5,18.8,1306380.0
2021-09-10,18.497,19.5,1.5625,19.601,1302825.0,25537050500.0,0.0,0.0,19.2,20.0,19.2,1302825.0
2021-09-13,18.308,19.3,-1.5306,19.519,1161080.0,22663411400.0,0.0,0.0,19.6,20.2,19.2,1161080.0
2021-09-14,17.928,18.9,-3.0769,19.14,892075.0,17074423199.999998,0.0,0.0,19.5,19.8,18.9,892075.0
2021-09-15,18.402,19.4,1.5707,19.194,898808.0,17251503800.0,0.0,0.0,19.0,19.6,18.7,898808.0
2021-09-16,18.308,19.3,0.5208,19.292,1004555.0,19380321000.0,0.0,0.0,19.4,19.7,19.1,1004555.0
2021-09-17,19.1,19.1,4.3716,19.298,1485314.0,28663194600.0,0.0,0.0,18.9,19.8,18.4,1485314.0
2021-09-20,19.1,19.1,-1.0363,19.393,1018243.0,19746913799.999996,100.0,1950000.0,19.4,20.0,18.9,1018343.0
2021-09-21,18.9,18.9,-2.5773,18.658,901552.0,16821178000.0,0.0,0.0,19.0,19.0,18.1,901552.0
2021-09-22,18.8,18.8,0.5348,18.663,1020710.0,19049258000.0,100.0,1590000.0,19.0,19.0,18.4,1020810.0
2021-09-23,18.6,18.6,-0.5348,18.912,1078450.0,20395914600.0,0.0,0.0,18.8,19.5,18.2,1078450.0
2021-09-24,18.4,18.4,-2.6455,18.424,733870.0,13520849000.0,0.0,0.0,18.5,18.8,18.2,733870.0
2021-09-27,17.5,17.5,-4.8913,17.902,1025590.0,18360558900.0,0.0,0.0,18.4,18.5,17.4,1025590.0
2021-09-28,18.2,18.2,1.676,17.65,1073020.0,18938558000.0,0.0,0.0,17.5,18.6,17.2,1073020.0
2021-09-29,18.0,18.0,1.6949,17.999,353900.0,6369710000.0,0.0,0.0,18.2,18.2,17.8,353900.0
2021-09-30,18.2,18.2,1.1111,18.256,454811.0,8302966300.0,0.0,0.0,18.0,18.4,18.0,454811.0
2021-10-01,18.7,18.7,2.1858,18.42,890555.0,16403614000.000002,0.0,0.0,17.9,18.7,17.8,890555.0
2021-10-04,20.1,20.1,9.2391,20.045,3395549.0,68065488000.0,100.0,1570000.0,18.7,20.6,18.7,3395649.0
2021-10-05,19.9,19.9,-0.5,19.99,794265.0,15877410500.0,0.0,0.0,20.1,20.6,19.7,794265.0
2021-10-06,19.9,19.9,-0.5,19.899,639343.0,12722095000.0,0.0,0.0,20.0,20.5,19.7,639343.0
2021-10-07,19.5,19.5,-2.0101,19.474,1196450.0,23299143500.0,100.0,1700000.0,19.9,19.9,19.2,1196550.0
2021-10-08,19.4,19.4,-0.5128,19.51,910293.0,17760289200.0,0.0,0.0,19.5,20.0,19.4,910293.0
2021-10-11,19.5,19.5,0.0,19.519,628789.0,12273367300.0,0.0,0.0,19.4,19.8,19.4,628789.0
2021-10-12,19.8,19.8,1.5385,19.788,1267740.0,25085756400.0,500000.0,9000000000.0,19.5,20.2,19.3,1767740.0
2021-10-13,19.4,19.4,-2.0202,19.431,958500.0,18624580000.0,0.0,0.0,19.8,19.8,19.3,958500.0
2021-10-14,19.8,19.8,2.0619,19.647,1117650.0,21958346600.0,0.0,0.0,19.3,20.0,19.3,1117650.0
2021-10-15,19.5,19.5,-0.5102,19.716,688820.0,13580526400.0,0.0,0.0,19.9,20.0,19.5,688820.0
2021-10-18,20.2,20.2,2.5381,20.073,1711830.0,34362202700.0,0.0,0.0,19.8,20.4,19.6,1711830.0
2021-10-19,19.6,19.6,-2.4876,19.658,1134447.0,22301312300.0,0.0,0.0,19.7,20.2,19.4,1134447.0
2021-10-20,19.5,19.5,-1.0152,19.447,652599.0,12690935400.0,0.0,0.0,19.7,19.7,19.3,652599.0
2021-10-21,19.6,19.6,1.0309,19.28,1077710.0,20778024500.0,0.0,0.0,19.5,19.7,19.1,1077710.0
2021-10-22,19.4,19.4,0.5181,19.439,734379.0,14275262600.0,0.0,0.0,19.6,19.6,19.3,734379.0
2021-10-25,19.4,19.4,0.0,19.521,735921.0,14365952400.0,0.0,0.0,19.4,19.6,19.4,735921.0
2021-10-26,20.2,20.2,3.5897,20.102,1639300.0,32952623300.0,0.0,0.0,19.6,20.6,19.3,1639300.0
2021-10-27,20.4,20.4,1.4925,20.297,827989.0,16805992900.0,0.0,0.0,20.5,20.5,20.1,827989.0
2021-10-28,20.3,20.3,0.0,20.284,632753.0,12834972400.0,0.0,0.0,20.4,20.6,20.0,632753.0
2021-10-29,20.2,20.2,-0.4926,20.188,792478.0,15998362500.0,0.0,0.0,20.2,20.5,20.1,792478.0
2021-11-01,20.2,20.2,0.0,20.104,1003163.0,20167327200.0,0.0,0.0,20.2,20.5,20.0,1003163.0
2021-11-02,20.3,20.3,0.995,20.121,1110542.0,22345135100.0,0.0,0.0,20.2,20.3,19.9,1110542.0
2021-11-03,20.6,20.6,2.4876,20.781,1135624.0,23600015700.0,0.0,0.0,20.5,21.4,20.2,1135624.0
2021-11-04,20.5,20.5,-1.4423,20.288,830290.0,16844978999.999998,0.0,0.0,20.6,20.6,20.0,830290.0
2021-11-05,20.5,20.5,0.9852,20.486143259,639561.0,639561.0,17.0,294100.0,20.5,20.9,20.2,639578.0
2021-11-08,20.7,20.7,0.9756,20.535,762287.0,15653600500.0,0.0,0.0,20.6,20.9,20.3,762287.0
2021-11-09,21.4,21.4,4.3902,21.152,1112619.0,23534218100.0,0.0,0.0,20.7,21.5,20.7,1112619.0
2021-11-10,21.7,21.7,2.3585,21.743,974921.0,21197604600.0,0.0,0.0,21.4,22.1,21.4,974921.0
2021-11-11,21.1,21.1,-2.765,21.11,881941.0,18617589200.0,500000.0,9500000000.0,21.6,21.8,20.8,1381941.0
2021-11-12,21.1,21.1,0.0,20.766,903741.0,18766909800.0,0.0,0.0,21.1,21.1,20.5,903741.0
2021-11-15,20.8,20.8,0.0,20.687,907725.0,18777700800.0,0.0,0.0,20.8,21.0,20.5,907725.0
2021-11-16,21.1,21.1,1.9324,21.199,1311651.0,27805786200.0,0.0,0.0,20.9,21.6,20.8,1311651.0
2021-11-17,21.2,21.2,0.0,21.174,609161.0,12898356600.0,0.0,0.0,21.1,21.5,21.0,609161.0
2021-11-18,20.7,20.7,-2.3585,20.715,1053675.0,21826408200.0,0.0,0.0,21.2,21.4,20.5,1053675.0
2021-11-19,19.6,19.6,-5.314,19.844,2154854.0,42762023300.0,0.0,0.0,20.9,20.9,18.5,2154854.0
2021-11-22,18.4,18.4,-7.0707,18.793,933062.0,17534609800.0,0.0,0.0,19.5,19.5,18.2,933062.0
2021-11-23,19.2,19.2,2.1277,18.844,445086.0,8387007400.0,0.0,0.0,18.4,19.3,18.1,445086.0
2021-11-24,19.0,19.0,1.0638,19.051,343441.0,6543053900.0,0.0,0.0,19.3,19.6,18.8,343441.0
2021-11-25,19.1,19.1,0.0,19.111,345207.0,6597370500.0,0.0,0.0,19.1,19.3,18.9,345207.0
2021-11-26,18.6,18.6,-2.6178,18.708,455892.0,8528748600.0,0.0,0.0,19.0,19.0,18.5,455892.0
2021-11-29,18.5,18.5,-1.0695,18.299,422843.0,7737738200.0,0.0,0.0,18.3,18.7,17.8,422843.0
2021-11-30,18.8,18.8,2.7322,18.773,338413.0,6352880500.0,0.0,0.0,18.5,19.2,18.5,338413.0
2021-12-01,18.8,18.8,0.0,18.773,282831.0,5309505900.0,0.0,0.0,18.8,19.0,18.5,282831.0
2021-12-02,19.1,19.1,1.5957,19.038,240310.0,4575038000.0,0.0,0.0,18.0,19.2,18.0,240310.0
2021-12-03,18.7,18.7,-1.5789,18.826453274,271889.0,271889.0,0.0,0.0,19.1,19.2,18.5,271889.0
