2016-01-04,2.8,2.8,0.0,2.8,0.0,0.0,0.0,0.0,2.8,2.8,2.8,0.0
2016-01-05,2.8,2.8,0.0,2.8,0.0,0.0,0.0,0.0,2.8,2.8,2.8,0.0
2016-01-06,2.4,2.4,-14.2857,2.4,100.0,240000.0,0.0,0.0,2.4,2.4,2.4,100.0
2016-01-07,2.4,2.4,0.0,2.4,0.0,0.0,0.0,0.0,2.4,2.4,2.4,0.0
2016-01-08,2.7,2.7,12.5,2.7,200.0,540000.0,0.0,0.0,2.7,2.7,2.7,200.0
2016-01-11,2.3,2.3,-14.8148,2.3,100.0,230000.0,0.0,0.0,2.3,2.3,2.3,100.0
2016-01-12,2.6,2.6,13.0435,2.3,200.0,460000.0,0.0,0.0,2.0,2.6,2.0,200.0
2016-01-13,2.3,2.3,0.0,2.3,0.0,0.0,0.0,0.0,2.3,2.3,2.3,0.0
2016-01-14,2.6,2.6,13.0435,2.6,500.0,1300000.0,0.0,0.0,2.6,2.6,2.6,500.0
2016-01-15,2.3,2.3,-11.5385,2.3,100.0,230000.0,0.0,0.0,2.3,2.3,2.3,100.0
2016-01-18,2.3,2.3,0.0,2.3,0.0,0.0,0.0,0.0,2.3,2.3,2.3,0.0
2016-01-19,2.3,2.3,0.0,2.3,0.0,0.0,0.0,0.0,2.3,2.3,2.3,0.0
2016-01-20,2.3,2.3,0.0,2.3,0.0,0.0,0.0,0.0,2.3,2.3,2.3,0.0
2016-01-21,2.0,2.0,-13.0435,2.0,100.0,200000.0,0.0,0.0,2.0,2.0,2.0,100.0
2016-01-22,2.0,2.0,0.0,2.0,0.0,0.0,0.0,0.0,2.0,2.0,2.0,0.0
2016-01-25,2.0,2.0,0.0,2.0,0.0,0.0,0.0,0.0,2.0,2.0,2.0,0.0
2016-01-26,2.0,2.0,0.0,2.0,0.0,0.0,0.0,0.0,2.0,2.0,2.0,0.0
2016-01-27,2.0,2.0,0.0,2.0,0.0,0.0,0.0,0.0,2.0,2.0,2.0,0.0
2016-01-28,2.0,2.0,0.0,2.0,0.0,0.0,0.0,0.0,2.0,2.0,2.0,0.0
2016-01-29,2.0,2.0,0.0,2.0,0.0,0.0,0.0,0.0,2.0,2.0,2.0,0.0
2016-02-01,2.0,2.0,0.0,2.0,0.0,0.0,0.0,0.0,2.0,2.0,2.0,0.0
2016-02-02,2.0,2.0,0.0,2.0,0.0,0.0,0.0,0.0,2.0,2.0,2.0,0.0
2016-02-03,1.7,1.7,-15.0,1.7,100.0,170000.0,0.0,0.0,1.7,1.7,1.7,100.0
2016-02-04,1.7,1.7,0.0,1.7,0.0,0.0,0.0,0.0,1.7,1.7,1.7,0.0
2016-02-05,1.7,1.7,0.0,1.7,0.0,0.0,0.0,0.0,1.7,1.7,1.7,0.0
2016-02-15,1.7,1.7,0.0,1.7,0.0,0.0,0.0,0.0,1.7,1.7,1.7,0.0
2016-02-16,1.7,1.7,0.0,1.7,0.0,0.0,0.0,0.0,1.7,1.7,1.7,0.0
2016-02-17,1.7,1.7,0.0,1.7,0.0,0.0,0.0,0.0,1.7,1.7,1.7,0.0
2016-02-18,1.9,1.9,11.7647,1.9,100.0,190000.0,0.0,0.0,1.9,1.9,1.9,100.0
2016-02-19,1.9,1.9,0.0,1.9,0.0,0.0,0.0,0.0,1.9,1.9,1.9,0.0
2016-02-22,1.9,1.9,0.0,1.9,0.0,0.0,0.0,0.0,1.9,1.9,1.9,0.0
2016-02-23,2.1,2.1,10.5263,2.1,100.0,210000.0,0.0,0.0,2.1,2.1,2.1,100.0
2016-02-24,2.1,2.1,0.0,2.1,0.0,0.0,0.0,0.0,2.1,2.1,2.1,0.0
2016-02-25,2.1,2.1,0.0,2.1,0.0,0.0,0.0,0.0,2.1,2.1,2.1,0.0
2016-02-26,2.1,2.1,0.0,2.1,0.0,0.0,0.0,0.0,2.1,2.1,2.1,0.0
2016-02-29,2.1,2.1,0.0,2.1,0.0,0.0,0.0,0.0,2.1,2.1,2.1,0.0
2016-03-01,2.1,2.1,0.0,2.1,0.0,0.0,0.0,0.0,2.1,2.1,2.1,0.0
2016-03-02,2.1,2.1,0.0,2.1,0.0,0.0,0.0,0.0,2.1,2.1,2.1,0.0
2016-03-03,2.1,2.1,0.0,2.1,0.0,0.0,0.0,0.0,2.1,2.1,2.1,0.0
2016-03-04,2.1,2.1,0.0,2.1,0.0,0.0,0.0,0.0,2.1,2.1,2.1,0.0
2016-03-07,2.1,2.1,0.0,2.1,0.0,0.0,0.0,0.0,2.1,2.1,2.1,0.0
2016-03-08,2.1,2.1,0.0,2.1,0.0,0.0,0.0,0.0,2.1,2.1,2.1,0.0
2016-03-09,2.1,2.1,0.0,2.1,0.0,0.0,0.0,0.0,2.1,2.1,2.1,0.0
2016-03-10,2.1,2.1,0.0,2.1,0.0,0.0,0.0,0.0,2.1,2.1,2.1,0.0
2016-03-11,2.1,2.1,0.0,2.1,0.0,0.0,0.0,0.0,2.1,2.1,2.1,0.0
2016-03-14,2.1,2.1,0.0,2.1,0.0,0.0,0.0,0.0,2.1,2.1,2.1,0.0
2016-03-15,2.1,2.1,0.0,2.1,0.0,0.0,0.0,0.0,2.1,2.1,2.1,0.0
2016-03-16,1.8,1.8,-14.2857,1.8,100.0,180000.0,0.0,0.0,1.8,1.8,1.8,100.0
2016-03-17,1.8,1.8,0.0,1.8,0.0,0.0,0.0,0.0,1.8,1.8,1.8,0.0
2016-03-18,1.6,1.6,-11.1111,1.6,100.0,160000.0,0.0,0.0,1.6,1.6,1.6,100.0
2016-03-21,1.6,1.6,0.0,1.6,0.0,0.0,0.0,0.0,1.6,1.6,1.6,0.0
2016-03-22,1.6,1.6,0.0,1.6,0.0,0.0,0.0,0.0,1.6,1.6,1.6,0.0
2016-03-23,1.6,1.6,0.0,1.6,0.0,0.0,0.0,0.0,1.6,1.6,1.6,0.0
2016-03-24,1.6,1.6,0.0,1.6,0.0,0.0,0.0,0.0,1.6,1.6,1.6,0.0
2016-03-25,1.6,1.6,0.0,1.6,0.0,0.0,0.0,0.0,1.6,1.6,1.6,0.0
2016-03-28,1.6,1.6,0.0,1.6,0.0,0.0,0.0,0.0,1.6,1.6,1.6,0.0
2016-03-29,1.6,1.6,0.0,1.6,0.0,0.0,0.0,0.0,1.6,1.6,1.6,0.0
2016-03-30,1.8,1.8,12.5,1.8,100.0,180000.0,0.0,0.0,1.8,1.8,1.8,100.0
2016-03-31,2.0,2.0,11.1111,2.0,16300.0,32600000.0,0.0,0.0,2.0,2.0,2.0,16300.0
2016-04-01,2.3,2.3,15.0,2.3,100.0,230000.0,0.0,0.0,2.3,2.3,2.3,100.0
2016-04-04,2.3,2.3,0.0,2.3,0.0,0.0,0.0,0.0,2.3,2.3,2.3,0.0
2016-04-05,2.3,2.3,0.0,2.3,0.0,0.0,0.0,0.0,2.3,2.3,2.3,0.0
2016-04-06,2.0,2.0,-13.0435,2.3,200.0,460000.0,0.0,0.0,2.6,2.6,2.0,200.0
2016-04-07,2.3,2.3,0.0,2.3,0.0,0.0,0.0,0.0,2.3,2.3,2.3,0.0
2016-04-08,2.3,2.3,0.0,2.3,0.0,0.0,0.0,0.0,2.3,2.3,2.3,0.0
2016-04-11,2.3,2.3,0.0,2.3,0.0,0.0,0.0,0.0,2.3,2.3,2.3,0.0
2016-04-12,2.3,2.3,0.0,2.3,0.0,0.0,0.0,0.0,2.3,2.3,2.3,0.0
2016-04-13,2.3,2.3,0.0,2.3,0.0,0.0,0.0,0.0,2.3,2.3,2.3,0.0
2016-04-14,2.3,2.3,0.0,2.3,0.0,0.0,0.0,0.0,2.3,2.3,2.3,0.0
2016-04-15,2.3,2.3,0.0,2.3,500.0,1150000.0,0.0,0.0,2.3,2.3,2.3,500.0
2016-04-19,2.3,2.3,0.0,2.3,0.0,0.0,0.0,0.0,2.3,2.3,2.3,0.0
2016-04-20,2.3,2.3,0.0,2.3,0.0,0.0,0.0,0.0,2.3,2.3,2.3,0.0
2016-04-21,2.3,2.3,0.0,2.3,50.0,100000.0,0.0,0.0,2.3,2.3,2.3,50.0
2016-04-22,2.0,2.0,-13.0435,2.0,150.0,300000.0,0.0,0.0,2.0,2.0,2.0,150.0
2016-04-25,2.0,2.0,0.0,2.0,0.0,0.0,0.0,0.0,2.0,2.0,2.0,0.0
2016-04-26,1.7,1.7,-15.0,1.7,100.0,170000.0,0.0,0.0,1.7,1.7,1.7,100.0
2016-04-27,1.5,1.5,-11.7647,1.5,100.0,150000.0,0.0,0.0,1.5,1.5,1.5,100.0
2016-04-28,1.5,1.5,0.0,1.5,0.0,0.0,0.0,0.0,1.5,1.5,1.5,0.0
2016-04-29,1.5,1.5,0.0,1.5,0.0,0.0,0.0,0.0,1.5,1.5,1.5,0.0
2016-05-04,1.3,1.3,-13.3333,1.6,1000.0,1600000.0,0.0,0.0,1.4,1.7,1.3,1000.0
2016-05-05,1.6,1.6,0.0,1.6,0.0,0.0,0.0,0.0,1.6,1.6,1.6,0.0
2016-05-06,1.4,1.4,-12.5,1.4,100.0,140000.0,0.0,0.0,1.4,1.4,1.4,100.0
2016-05-09,1.4,1.4,0.0,1.4,0.0,0.0,0.0,0.0,1.4,1.4,1.4,0.0
2016-05-10,1.4,1.4,0.0,1.4,0.0,0.0,0.0,0.0,1.4,1.4,1.4,0.0
2016-05-11,1.4,1.4,0.0,1.4,0.0,0.0,0.0,0.0,1.4,1.4,1.4,0.0
2016-05-12,1.4,1.4,0.0,1.4,0.0,0.0,0.0,0.0,1.4,1.4,1.4,0.0
2016-05-13,1.4,1.4,0.0,1.4,0.0,0.0,0.0,0.0,1.4,1.4,1.4,0.0
2016-05-16,1.4,1.4,0.0,1.4,0.0,0.0,0.0,0.0,1.4,1.4,1.4,0.0
2016-05-17,1.4,1.4,0.0,1.4,0.0,0.0,0.0,0.0,1.4,1.4,1.4,0.0
2016-05-18,1.4,1.4,0.0,1.4,0.0,0.0,0.0,0.0,1.4,1.4,1.4,0.0
2016-05-19,1.4,1.4,0.0,1.4,0.0,0.0,0.0,0.0,1.4,1.4,1.4,0.0
2016-05-20,1.4,1.4,0.0,1.4,0.0,0.0,0.0,0.0,1.4,1.4,1.4,0.0
2016-05-23,1.4,1.4,0.0,1.4,0.0,0.0,0.0,0.0,1.4,1.4,1.4,0.0
2016-05-24,1.3,1.3,-7.1429,1.3,100.0,130000.0,0.0,0.0,1.3,1.3,1.3,100.0
2016-05-25,1.3,1.3,0.0,1.3,0.0,0.0,0.0,0.0,1.3,1.3,1.3,0.0
2016-05-26,1.3,1.3,0.0,1.3,0.0,0.0,0.0,0.0,1.3,1.3,1.3,0.0
2016-05-27,1.3,1.3,0.0,1.3,0.0,0.0,0.0,0.0,1.3,1.3,1.3,0.0
2016-05-30,1.3,1.3,0.0,1.3,0.0,0.0,0.0,0.0,1.3,1.3,1.3,0.0
2016-05-31,1.3,1.3,0.0,1.3,0.0,0.0,0.0,0.0,1.3,1.3,1.3,0.0
2016-06-01,1.3,1.3,0.0,1.3,0.0,0.0,0.0,0.0,1.3,1.3,1.3,0.0
2016-06-02,1.3,1.3,0.0,1.3,0.0,0.0,0.0,0.0,1.3,1.3,1.3,0.0
2016-06-03,1.3,1.3,0.0,1.3,0.0,0.0,0.0,0.0,1.3,1.3,1.3,0.0
2016-06-06,1.3,1.3,0.0,1.3,0.0,0.0,0.0,0.0,1.3,1.3,1.3,0.0
2016-06-07,1.3,1.3,0.0,1.3,0.0,0.0,0.0,0.0,1.3,1.3,1.3,0.0
2016-06-08,1.3,1.3,0.0,1.3,0.0,0.0,0.0,0.0,1.3,1.3,1.3,0.0
2016-06-09,1.3,1.3,0.0,1.3,100.0,130000.0,0.0,0.0,1.3,1.3,1.3,100.0
2016-06-10,1.3,1.3,0.0,1.3,0.0,0.0,0.0,0.0,1.3,1.3,1.3,0.0
2016-06-13,1.3,1.3,0.0,1.3,0.0,0.0,0.0,0.0,1.3,1.3,1.3,0.0
2016-06-14,1.3,1.3,0.0,1.3,0.0,0.0,0.0,0.0,1.3,1.3,1.3,0.0
2016-06-15,1.3,1.3,0.0,1.3,0.0,0.0,0.0,0.0,1.3,1.3,1.3,0.0
2016-06-16,1.2,1.2,-7.6923,1.2,1000.0,1200000.0,0.0,0.0,1.2,1.2,1.2,1000.0
2016-06-17,1.2,1.2,0.0,1.2,0.0,0.0,0.0,0.0,1.2,1.2,1.2,0.0
2016-06-20,1.2,1.2,0.0,1.2,0.0,0.0,0.0,0.0,1.2,1.2,1.2,0.0
2016-06-21,1.2,1.2,0.0,1.2,0.0,0.0,0.0,0.0,1.2,1.2,1.2,0.0
2016-06-22,1.2,1.2,0.0,1.2,0.0,0.0,0.0,0.0,1.2,1.2,1.2,0.0
2016-06-23,1.2,1.2,0.0,1.2,0.0,0.0,0.0,0.0,1.2,1.2,1.2,0.0
2016-06-24,1.2,1.2,0.0,1.2,0.0,0.0,0.0,0.0,1.2,1.2,1.2,0.0
2016-06-27,1.2,1.2,0.0,1.2,0.0,0.0,0.0,0.0,1.2,1.2,1.2,0.0
2016-06-28,1.2,1.2,0.0,1.2,0.0,0.0,0.0,0.0,1.2,1.2,1.2,0.0
2016-06-29,1.2,1.2,0.0,1.2,0.0,0.0,0.0,0.0,1.2,1.2,1.2,0.0
2016-06-30,1.2,1.2,0.0,1.2,0.0,0.0,0.0,0.0,1.2,1.2,1.2,0.0
2016-07-01,1.2,1.2,0.0,1.2,0.0,0.0,0.0,0.0,1.2,1.2,1.2,0.0
2016-07-04,1.2,1.2,0.0,1.2,0.0,0.0,0.0,0.0,1.2,1.2,1.2,0.0
2016-07-05,1.1,1.1,-8.3333,1.1,1000.0,1100000.0,0.0,0.0,1.1,1.1,1.1,1000.0
2016-07-06,1.1,1.1,0.0,1.1,0.0,0.0,0.0,0.0,1.1,1.1,1.1,0.0
2016-07-07,1.1,1.1,0.0,1.1,0.0,0.0,0.0,0.0,1.1,1.1,1.1,0.0
2016-07-08,1.0,1.0,-9.0909,1.0,100.0,100000.0,0.0,0.0,1.0,1.0,1.0,100.0
2016-07-11,1.0,1.0,0.0,1.0,0.0,0.0,0.0,0.0,1.0,1.0,1.0,0.0
2016-07-12,1.0,1.0,0.0,1.0,0.0,0.0,0.0,0.0,1.0,1.0,1.0,0.0
2016-07-13,1.0,1.0,0.0,1.0,0.0,0.0,0.0,0.0,1.0,1.0,1.0,0.0
2016-07-14,1.0,1.0,0.0,1.0,0.0,0.0,0.0,0.0,1.0,1.0,1.0,0.0
2016-07-15,1.0,1.0,0.0,1.0,0.0,0.0,0.0,0.0,1.0,1.0,1.0,0.0
2016-07-18,1.1,1.1,10.0,1.1,900.0,990000.0,0.0,0.0,1.1,1.1,1.1,900.0
2016-07-19,1.1,1.1,0.0,1.1,0.0,0.0,0.0,0.0,1.1,1.1,1.1,0.0
2016-07-20,1.1,1.1,0.0,1.1,0.0,0.0,0.0,0.0,1.1,1.1,1.1,0.0
2016-07-21,1.1,1.1,0.0,1.1,0.0,0.0,0.0,0.0,1.1,1.1,1.1,0.0
2016-07-22,1.1,1.1,0.0,1.1,0.0,0.0,0.0,0.0,1.1,1.1,1.1,0.0
2016-07-25,1.1,1.1,0.0,1.1,0.0,0.0,0.0,0.0,1.1,1.1,1.1,0.0
2016-07-26,1.1,1.1,0.0,1.1,0.0,0.0,0.0,0.0,1.1,1.1,1.1,0.0
2016-07-27,1.1,1.1,0.0,1.1,0.0,0.0,0.0,0.0,1.1,1.1,1.1,0.0
2016-07-28,1.1,1.1,0.0,1.1,0.0,0.0,0.0,0.0,1.1,1.1,1.1,0.0
2016-07-29,1.1,1.1,0.0,1.1,0.0,0.0,0.0,0.0,1.1,1.1,1.1,0.0
2016-08-01,1.1,1.1,0.0,1.1,0.0,0.0,0.0,0.0,1.1,1.1,1.1,0.0
2016-08-02,1.1,1.1,0.0,1.1,0.0,0.0,0.0,0.0,1.1,1.1,1.1,0.0
2016-08-03,1.1,1.1,0.0,1.1,0.0,0.0,0.0,0.0,1.1,1.1,1.1,0.0
2016-08-04,1.1,1.1,0.0,1.1,0.0,0.0,0.0,0.0,1.1,1.1,1.1,0.0
2016-08-05,1.1,1.1,0.0,1.1,0.0,0.0,0.0,0.0,1.1,1.1,1.1,0.0
2016-08-08,1.1,1.1,0.0,1.1,0.0,0.0,0.0,0.0,1.1,1.1,1.1,0.0
2016-08-09,1.1,1.1,0.0,1.1,0.0,0.0,0.0,0.0,1.1,1.1,1.1,0.0
2016-08-10,1.1,1.1,0.0,1.1,0.0,0.0,0.0,0.0,1.1,1.1,1.1,0.0
2016-08-11,1.1,1.1,0.0,1.1,0.0,0.0,0.0,0.0,1.1,1.1,1.1,0.0
2016-08-12,1.1,1.1,0.0,1.1,0.0,0.0,0.0,0.0,1.1,1.1,1.1,0.0
2016-08-15,1.1,1.1,0.0,1.1,0.0,0.0,0.0,0.0,1.1,1.1,1.1,0.0
2016-08-16,1.1,1.1,0.0,1.1,0.0,0.0,0.0,0.0,1.1,1.1,1.1,0.0
2016-08-17,1.1,1.1,0.0,1.1,0.0,0.0,0.0,0.0,1.1,1.1,1.1,0.0
2016-08-18,1.1,1.1,0.0,1.1,0.0,0.0,0.0,0.0,1.1,1.1,1.1,0.0
2016-08-19,1.1,1.1,0.0,1.1,0.0,0.0,0.0,0.0,1.1,1.1,1.1,0.0
2016-08-22,1.1,1.1,0.0,1.1,0.0,0.0,0.0,0.0,1.1,1.1,1.1,0.0
2016-08-23,1.2,1.2,9.0909,1.2,100.0,120000.0,0.0,0.0,1.2,1.2,1.2,100.0
2016-08-24,1.2,1.2,0.0,1.2,0.0,0.0,0.0,0.0,1.2,1.2,1.2,0.0
2016-08-25,1.2,1.2,0.0,1.2,0.0,0.0,0.0,0.0,1.2,1.2,1.2,0.0
2016-08-26,1.2,1.2,0.0,1.2,0.0,0.0,0.0,0.0,1.2,1.2,1.2,0.0
2016-08-29,1.2,1.2,0.0,1.2,0.0,0.0,0.0,0.0,1.2,1.2,1.2,0.0
2016-08-30,1.2,1.2,0.0,1.2,0.0,0.0,0.0,0.0,1.2,1.2,1.2,0.0
2016-08-31,1.2,1.2,0.0,1.2,0.0,0.0,0.0,0.0,1.2,1.2,1.2,0.0
2016-09-01,1.2,1.2,0.0,1.2,0.0,0.0,0.0,0.0,1.2,1.2,1.2,0.0
2016-09-05,1.2,1.2,0.0,1.2,0.0,0.0,0.0,0.0,1.2,1.2,1.2,0.0
2016-09-06,1.2,1.2,0.0,1.2,0.0,0.0,0.0,0.0,1.2,1.2,1.2,0.0
2016-09-07,1.2,1.2,0.0,1.2,0.0,0.0,0.0,0.0,1.2,1.2,1.2,0.0
2016-09-08,1.2,1.2,0.0,1.2,0.0,0.0,0.0,0.0,1.2,1.2,1.2,0.0
2016-09-09,1.2,1.2,0.0,1.2,0.0,0.0,0.0,0.0,1.2,1.2,1.2,0.0
2016-09-12,1.2,1.2,0.0,1.2,400.0,480000.0,0.0,0.0,1.2,1.2,1.2,400.0
2016-09-13,1.2,1.2,0.0,1.2,0.0,0.0,0.0,0.0,1.2,1.2,1.2,0.0
2016-09-14,1.2,1.2,0.0,1.2,0.0,0.0,0.0,0.0,1.2,1.2,1.2,0.0
2016-09-15,1.2,1.2,0.0,1.2,0.0,0.0,0.0,0.0,1.2,1.2,1.2,0.0
2016-09-16,1.2,1.2,0.0,1.2,0.0,0.0,0.0,0.0,1.2,1.2,1.2,0.0
2016-09-19,1.2,1.2,0.0,1.2,0.0,0.0,0.0,0.0,1.2,1.2,1.2,0.0
2016-09-20,1.3,1.3,8.3333,1.3,100.0,130000.0,0.0,0.0,1.3,1.3,1.3,100.0
2016-09-21,1.4,1.4,7.6923,1.4,100.0,140000.0,0.0,0.0,1.4,1.4,1.4,100.0
2016-09-22,1.6,1.6,14.2857,1.6,100.0,160000.0,0.0,0.0,1.6,1.6,1.6,100.0
2016-09-23,1.7,1.7,6.25,1.7,100.0,170000.0,0.0,0.0,1.7,1.7,1.7,100.0
2016-09-26,1.9,1.9,11.7647,1.9,100.0,190000.0,0.0,0.0,1.9,1.9,1.9,100.0
2016-09-27,2.0,2.0,5.2632,2.0,100.0,200000.0,0.0,0.0,2.0,2.0,2.0,100.0
2016-09-28,2.3,2.3,15.0,2.3,100.0,230000.0,0.0,0.0,2.3,2.3,2.3,100.0
2016-09-29,2.5,2.5,8.6957,2.5,100.0,250000.0,0.0,0.0,2.5,2.5,2.5,100.0
2016-09-30,2.8,2.8,12.0,2.8,500.0,1400000.0,0.0,0.0,2.8,2.8,2.8,500.0
2016-10-03,3.1,3.1,10.7143,3.1,100.0,310000.0,0.0,0.0,3.1,3.1,3.1,100.0
2016-10-04,3.4,3.4,9.6774,3.4,100.0,340000.0,0.0,0.0,3.4,3.4,3.4,100.0
2016-10-05,3.4,3.4,0.0,3.4,0.0,0.0,0.0,0.0,3.4,3.4,3.4,0.0
2016-10-06,3.4,3.4,0.0,3.4,0.0,0.0,0.0,0.0,3.4,3.4,3.4,0.0
2016-10-07,3.4,3.4,0.0,3.4,0.0,0.0,0.0,0.0,3.4,3.4,3.4,0.0
2016-10-10,3.4,3.4,0.0,3.4,0.0,0.0,0.0,0.0,3.4,3.4,3.4,0.0
2016-10-11,3.8,3.8,11.7647,3.8,100.0,380000.0,0.0,0.0,3.8,3.8,3.8,100.0
2016-10-12,4.2,4.2,10.5263,3.933,300.0,1180000.0,0.0,0.0,4.3,4.3,3.3,300.0
2016-10-13,3.9,3.9,0.0,3.9,0.0,0.0,0.0,0.0,3.9,3.9,3.9,0.0
2016-10-14,3.9,3.9,0.0,3.9,0.0,0.0,0.0,0.0,3.9,3.9,3.9,0.0
2016-10-17,3.9,3.9,0.0,3.9,0.0,0.0,0.0,0.0,3.9,3.9,3.9,0.0
2016-10-18,3.9,3.9,0.0,3.9,0.0,0.0,0.0,0.0,3.9,3.9,3.9,0.0
2016-10-19,3.9,3.9,0.0,3.9,0.0,0.0,0.0,0.0,3.9,3.9,3.9,0.0
2016-10-20,3.9,3.9,0.0,3.9,0.0,0.0,0.0,0.0,3.9,3.9,3.9,0.0
2016-10-21,3.9,3.9,0.0,3.9,0.0,0.0,0.0,0.0,3.9,3.9,3.9,0.0
2016-10-24,3.9,3.9,0.0,3.9,0.0,0.0,0.0,0.0,3.9,3.9,3.9,0.0
2016-10-25,3.9,3.9,0.0,3.9,0.0,0.0,0.0,0.0,3.9,3.9,3.9,0.0
2016-10-26,3.9,3.9,0.0,3.9,0.0,0.0,0.0,0.0,3.9,3.9,3.9,0.0
2016-10-27,3.9,3.9,0.0,3.9,0.0,0.0,0.0,0.0,3.9,3.9,3.9,0.0
2016-10-28,3.9,3.9,0.0,3.9,0.0,0.0,0.0,0.0,3.9,3.9,3.9,0.0
2016-10-31,3.9,3.9,0.0,3.9,0.0,0.0,0.0,0.0,3.9,3.9,3.9,0.0
2016-11-01,3.9,3.9,0.0,3.9,0.0,0.0,0.0,0.0,3.9,3.9,3.9,0.0
2016-11-02,3.9,3.9,0.0,3.9,0.0,0.0,0.0,0.0,3.9,3.9,3.9,0.0
2016-11-03,3.9,3.9,0.0,3.9,0.0,0.0,0.0,0.0,3.9,3.9,3.9,0.0
2016-11-04,3.9,3.9,0.0,3.9,0.0,0.0,0.0,0.0,3.9,3.9,3.9,0.0
2016-11-07,3.9,3.9,0.0,3.9,0.0,0.0,0.0,0.0,3.9,3.9,3.9,0.0
2016-11-08,3.9,3.9,0.0,3.9,0.0,0.0,0.0,0.0,3.9,3.9,3.9,0.0
2016-11-09,3.9,3.9,0.0,3.9,0.0,0.0,0.0,0.0,3.9,3.9,3.9,0.0
2016-11-10,3.9,3.9,0.0,3.9,0.0,0.0,0.0,0.0,3.9,3.9,3.9,0.0
2016-11-11,3.9,3.9,0.0,3.9,0.0,0.0,0.0,0.0,3.9,3.9,3.9,0.0
2016-11-14,3.9,3.9,0.0,3.9,0.0,0.0,0.0,0.0,3.9,3.9,3.9,0.0
2016-11-15,3.9,3.9,0.0,3.9,0.0,0.0,0.0,0.0,3.9,3.9,3.9,0.0
2016-11-16,3.9,3.9,0.0,3.9,0.0,0.0,0.0,0.0,3.9,3.9,3.9,0.0
2016-11-17,3.9,3.9,0.0,3.9,0.0,0.0,0.0,0.0,3.9,3.9,3.9,0.0
2016-11-18,3.9,3.9,0.0,3.9,0.0,0.0,0.0,0.0,3.9,3.9,3.9,0.0
2016-11-21,3.9,3.9,0.0,3.9,0.0,0.0,0.0,0.0,3.9,3.9,3.9,0.0
2016-11-22,3.9,3.9,0.0,3.9,0.0,0.0,0.0,0.0,3.9,3.9,3.9,0.0
2016-11-23,3.9,3.9,0.0,3.9,0.0,0.0,0.0,0.0,3.9,3.9,3.9,0.0
2016-11-24,3.9,3.9,0.0,3.9,0.0,0.0,0.0,0.0,3.9,3.9,3.9,0.0
2016-11-25,3.9,3.9,0.0,3.9,0.0,0.0,0.0,0.0,3.9,3.9,3.9,0.0
2016-11-28,3.9,3.9,0.0,3.9,0.0,0.0,0.0,0.0,3.9,3.9,3.9,0.0
2016-11-29,3.9,3.9,0.0,3.9,0.0,0.0,0.0,0.0,3.9,3.9,3.9,0.0
2016-11-30,3.9,3.9,0.0,3.9,0.0,0.0,0.0,0.0,3.9,3.9,3.9,0.0
2016-12-01,3.9,3.9,0.0,3.9,0.0,0.0,0.0,0.0,3.9,3.9,3.9,0.0
2016-12-02,3.9,3.9,0.0,3.9,0.0,0.0,0.0,0.0,3.9,3.9,3.9,0.0
2016-12-05,2.4,2.4,-38.4615,2.4,400.0,960000.0,0.0,0.0,2.4,2.4,2.4,400.0
2016-12-06,2.4,2.4,0.0,2.4,0.0,0.0,0.0,0.0,2.4,2.4,2.4,0.0
2016-12-07,2.4,2.4,0.0,2.4,0.0,0.0,0.0,0.0,2.4,2.4,2.4,0.0
2016-12-08,2.4,2.4,0.0,2.4,0.0,0.0,0.0,0.0,2.4,2.4,2.4,0.0
2016-12-09,2.4,2.4,0.0,2.4,0.0,0.0,0.0,0.0,2.4,2.4,2.4,0.0
2016-12-12,2.1,2.1,-12.5,2.1,200.0,420000.0,0.0,0.0,2.1,2.1,2.1,200.0
2016-12-13,1.8,1.8,-14.2857,1.8,100.0,180000.0,0.0,0.0,1.8,1.8,1.8,100.0
2016-12-14,1.8,1.8,0.0,1.8,0.0,0.0,0.0,0.0,1.8,1.8,1.8,0.0
2016-12-15,1.8,1.8,0.0,1.8,0.0,0.0,0.0,0.0,1.8,1.8,1.8,0.0
2016-12-16,1.8,1.8,0.0,1.8,0.0,0.0,0.0,0.0,1.8,1.8,1.8,0.0
2016-12-19,1.8,1.8,0.0,1.8,0.0,0.0,0.0,0.0,1.8,1.8,1.8,0.0
2016-12-20,1.6,1.6,-11.1111,1.6,100.0,160000.0,0.0,0.0,1.6,1.6,1.6,100.0
2016-12-21,1.4,1.4,-12.5,1.4,100.0,140000.0,0.0,0.0,1.4,1.4,1.4,100.0
2016-12-22,1.4,1.4,0.0,1.4,0.0,0.0,0.0,0.0,1.4,1.4,1.4,0.0
2016-12-23,1.4,1.4,0.0,1.4,0.0,0.0,0.0,0.0,1.4,1.4,1.4,0.0
2016-12-26,1.4,1.4,0.0,1.4,0.0,0.0,0.0,0.0,1.4,1.4,1.4,0.0
2016-12-27,1.4,1.4,0.0,1.4,0.0,0.0,0.0,0.0,1.4,1.4,1.4,0.0
2016-12-28,1.4,1.4,0.0,1.4,0.0,0.0,0.0,0.0,1.4,1.4,1.4,0.0
2016-12-29,1.4,1.4,0.0,1.4,0.0,0.0,0.0,0.0,1.4,1.4,1.4,0.0
2016-12-30,1.4,1.4,0.0,1.4,0.0,0.0,0.0,0.0,1.4,1.4,1.4,0.0
2017-01-03,1.4,1.4,0.0,1.4,0.0,0.0,0.0,0.0,1.4,1.4,1.4,0.0
2017-01-04,1.4,1.4,0.0,1.4,0.0,0.0,0.0,0.0,1.4,1.4,1.4,0.0
2017-01-05,1.6,1.6,14.2857,1.6,200.0,320000.0,0.0,0.0,1.6,1.6,1.6,200.0
2017-01-06,1.6,1.6,0.0,1.6,0.0,0.0,0.0,0.0,1.6,1.6,1.6,0.0
2017-01-09,1.6,1.6,0.0,1.6,0.0,0.0,0.0,0.0,1.6,1.6,1.6,0.0
2017-01-10,1.6,1.6,0.0,1.6,0.0,0.0,0.0,0.0,1.6,1.6,1.6,0.0
2017-01-11,1.4,1.4,-12.5,1.4,100.0,140000.0,0.0,0.0,1.4,1.4,1.4,100.0
2017-01-12,1.4,1.4,0.0,1.4,0.0,0.0,0.0,0.0,1.4,1.4,1.4,0.0
2017-01-13,1.4,1.4,0.0,1.4,0.0,0.0,0.0,0.0,1.4,1.4,1.4,0.0
2017-01-16,1.4,1.4,0.0,1.4,0.0,0.0,0.0,0.0,1.4,1.4,1.4,0.0
2017-01-17,1.4,1.4,0.0,1.4,0.0,0.0,0.0,0.0,1.4,1.4,1.4,0.0
2017-01-18,1.4,1.4,0.0,1.4,0.0,0.0,0.0,0.0,1.4,1.4,1.4,0.0
2017-01-19,1.4,1.4,0.0,1.4,0.0,0.0,0.0,0.0,1.4,1.4,1.4,0.0
2017-01-20,1.4,1.4,0.0,1.4,0.0,0.0,0.0,0.0,1.4,1.4,1.4,0.0
2017-01-23,1.4,1.4,0.0,1.4,0.0,0.0,0.0,0.0,1.4,1.4,1.4,0.0
2017-01-24,1.4,1.4,0.0,1.4,0.0,0.0,0.0,0.0,1.4,1.4,1.4,0.0
2017-01-25,1.4,1.4,0.0,1.4,0.0,0.0,0.0,0.0,1.4,1.4,1.4,0.0
2017-02-02,1.4,1.4,0.0,1.4,0.0,0.0,0.0,0.0,1.4,1.4,1.4,0.0
2017-02-03,1.4,1.4,0.0,1.4,0.0,0.0,0.0,0.0,1.4,1.4,1.4,0.0
2017-02-06,1.4,1.4,0.0,1.4,0.0,0.0,0.0,0.0,1.4,1.4,1.4,0.0
2017-02-07,1.4,1.4,0.0,1.4,0.0,0.0,0.0,0.0,1.4,1.4,1.4,0.0
2017-02-08,1.4,1.4,0.0,1.4,0.0,0.0,0.0,0.0,1.4,1.4,1.4,0.0
2017-02-09,1.4,1.4,0.0,1.4,0.0,0.0,0.0,0.0,1.4,1.4,1.4,0.0
2017-02-10,1.4,1.4,0.0,1.4,0.0,0.0,0.0,0.0,1.4,1.4,1.4,0.0
2017-02-13,1.4,1.4,0.0,1.4,0.0,0.0,0.0,0.0,1.4,1.4,1.4,0.0
2017-02-14,1.4,1.4,0.0,1.4,0.0,0.0,0.0,0.0,1.4,1.4,1.4,0.0
2017-02-15,1.4,1.4,0.0,1.4,0.0,0.0,0.0,0.0,1.4,1.4,1.4,0.0
2017-02-16,1.4,1.4,0.0,1.4,0.0,0.0,0.0,0.0,1.4,1.4,1.4,0.0
2017-02-17,1.4,1.4,0.0,1.4,0.0,0.0,0.0,0.0,1.4,1.4,1.4,0.0
2017-02-20,1.4,1.4,0.0,1.4,0.0,0.0,0.0,0.0,1.4,1.4,1.4,0.0
2017-02-21,1.4,1.4,0.0,1.4,0.0,0.0,0.0,0.0,1.4,1.4,1.4,0.0
2017-02-22,1.4,1.4,0.0,1.4,0.0,0.0,0.0,0.0,1.4,1.4,1.4,0.0
2017-02-23,1.4,1.4,0.0,1.4,0.0,0.0,0.0,0.0,1.4,1.4,1.4,0.0
2017-02-24,1.4,1.4,0.0,1.4,0.0,0.0,0.0,0.0,1.4,1.4,1.4,0.0
2017-02-27,1.4,1.4,0.0,1.4,0.0,0.0,0.0,0.0,1.4,1.4,1.4,0.0
2017-02-28,1.4,1.4,0.0,1.4,0.0,0.0,0.0,0.0,1.4,1.4,1.4,0.0
2017-03-01,1.4,1.4,0.0,1.4,0.0,0.0,0.0,0.0,1.4,1.4,1.4,0.0
2017-03-02,1.4,1.4,0.0,1.4,0.0,0.0,0.0,0.0,1.4,1.4,1.4,0.0
2017-03-03,1.4,1.4,0.0,1.4,0.0,0.0,0.0,0.0,1.4,1.4,1.4,0.0
2017-03-06,1.4,1.4,0.0,1.4,0.0,0.0,0.0,0.0,1.4,1.4,1.4,0.0
2017-03-07,1.4,1.4,0.0,1.4,0.0,0.0,0.0,0.0,1.4,1.4,1.4,0.0
2017-03-08,1.4,1.4,0.0,1.4,0.0,0.0,0.0,0.0,1.4,1.4,1.4,0.0
2017-03-09,1.4,1.4,0.0,1.4,0.0,0.0,0.0,0.0,1.4,1.4,1.4,0.0
2017-03-10,1.4,1.4,0.0,1.4,0.0,0.0,0.0,0.0,1.4,1.4,1.4,0.0
2017-03-13,1.4,1.4,0.0,1.4,0.0,0.0,0.0,0.0,1.4,1.4,1.4,0.0
2017-03-14,1.4,1.4,0.0,1.4,0.0,0.0,0.0,0.0,1.4,1.4,1.4,0.0
2017-03-15,1.4,1.4,0.0,1.4,0.0,0.0,0.0,0.0,1.4,1.4,1.4,0.0
2017-03-16,1.4,1.4,0.0,1.4,0.0,0.0,0.0,0.0,1.4,1.4,1.4,0.0
2017-03-17,1.4,1.4,0.0,1.4,0.0,0.0,0.0,0.0,1.4,1.4,1.4,0.0
2017-03-20,1.4,1.4,0.0,1.4,0.0,0.0,0.0,0.0,1.4,1.4,1.4,0.0
2017-03-21,1.4,1.4,0.0,1.4,0.0,0.0,0.0,0.0,1.4,1.4,1.4,0.0
2017-03-22,1.4,1.4,0.0,1.4,0.0,0.0,0.0,0.0,1.4,1.4,1.4,0.0
2017-03-23,1.4,1.4,0.0,1.4,0.0,0.0,0.0,0.0,1.4,1.4,1.4,0.0
2017-03-24,1.4,1.4,0.0,1.4,0.0,0.0,0.0,0.0,1.4,1.4,1.4,0.0
2017-03-27,1.4,1.4,0.0,1.4,0.0,0.0,0.0,0.0,1.4,1.4,1.4,0.0
2017-03-28,1.9,1.9,35.7143,1.9,100.0,190000.0,0.0,0.0,1.9,1.9,1.9,100.0
2017-03-29,1.9,1.9,0.0,1.9,0.0,0.0,0.0,0.0,1.9,1.9,1.9,0.0
2017-03-30,1.9,1.9,0.0,1.9,0.0,0.0,0.0,0.0,1.9,1.9,1.9,0.0
2017-03-31,1.9,1.9,0.0,1.9,0.0,0.0,0.0,0.0,1.9,1.9,1.9,0.0
2017-04-03,1.9,1.9,0.0,1.9,0.0,0.0,0.0,0.0,1.9,1.9,1.9,0.0
2017-04-04,1.9,1.9,0.0,1.9,0.0,0.0,0.0,0.0,1.9,1.9,1.9,0.0
2017-04-05,1.9,1.9,0.0,1.9,0.0,0.0,0.0,0.0,1.9,1.9,1.9,0.0
2017-04-07,1.9,1.9,0.0,1.9,0.0,0.0,0.0,0.0,1.9,1.9,1.9,0.0
2017-04-10,1.9,1.9,0.0,1.9,0.0,0.0,0.0,0.0,1.9,1.9,1.9,0.0
2017-04-11,1.9,1.9,0.0,1.9,0.0,0.0,0.0,0.0,1.9,1.9,1.9,0.0
2017-04-12,1.9,1.9,0.0,1.9,0.0,0.0,0.0,0.0,1.9,1.9,1.9,0.0
2017-04-13,1.9,1.9,0.0,1.9,0.0,0.0,0.0,0.0,1.9,1.9,1.9,0.0
2017-04-14,1.9,1.9,0.0,1.9,0.0,0.0,0.0,0.0,1.9,1.9,1.9,0.0
2017-04-17,1.9,1.9,0.0,1.9,0.0,0.0,0.0,0.0,1.9,1.9,1.9,0.0
2017-04-18,1.9,1.9,0.0,1.9,0.0,0.0,0.0,0.0,1.9,1.9,1.9,0.0
2017-04-19,1.9,1.9,0.0,1.9,0.0,0.0,0.0,0.0,1.9,1.9,1.9,0.0
2017-04-20,1.9,1.9,0.0,1.9,0.0,0.0,0.0,0.0,1.9,1.9,1.9,0.0
2017-04-21,1.9,1.9,0.0,1.9,0.0,0.0,0.0,0.0,1.9,1.9,1.9,0.0
2017-04-24,2.1,2.1,10.5263,2.1,100.0,210000.0,0.0,0.0,2.1,2.1,2.1,100.0
2017-04-25,2.1,2.1,0.0,2.1,0.0,0.0,0.0,0.0,2.1,2.1,2.1,0.0
2017-04-26,2.4,2.4,14.2857,2.4,100.0,240000.0,0.0,0.0,2.4,2.4,2.4,100.0
2017-04-27,2.4,2.4,0.0,2.4,0.0,0.0,0.0,0.0,2.4,2.4,2.4,0.0
2017-04-28,2.4,2.4,0.0,2.4,0.0,0.0,0.0,0.0,2.4,2.4,2.4,0.0
2017-05-03,2.7,2.7,12.5,2.533,300.0,760000.0,0.0,0.0,2.2,2.7,2.2,300.0
2017-05-04,2.5,2.5,0.0,2.5,0.0,0.0,0.0,0.0,2.5,2.5,2.5,0.0
2017-05-05,2.5,2.5,0.0,2.5,0.0,0.0,0.0,0.0,2.5,2.5,2.5,0.0
2017-05-08,2.8,2.8,12.0,2.8,100.0,280000.0,0.0,0.0,2.8,2.8,2.8,100.0
2017-05-09,2.8,2.8,0.0,2.8,0.0,0.0,0.0,0.0,2.8,2.8,2.8,0.0
2017-05-10,3.2,3.2,14.2857,3.2,100.0,320000.0,0.0,0.0,3.2,3.2,3.2,100.0
2017-05-11,3.2,3.2,0.0,3.2,0.0,0.0,0.0,0.0,3.2,3.2,3.2,0.0
2017-05-12,3.2,3.2,0.0,3.2,0.0,0.0,0.0,0.0,3.2,3.2,3.2,0.0
2017-05-15,3.2,3.2,0.0,3.2,0.0,0.0,0.0,0.0,3.2,3.2,3.2,0.0
2017-05-16,3.2,3.2,0.0,3.2,0.0,0.0,0.0,0.0,3.2,3.2,3.2,0.0
2017-05-17,3.2,3.2,0.0,3.2,0.0,0.0,0.0,0.0,3.2,3.2,3.2,0.0
2017-05-18,3.2,3.2,0.0,3.2,0.0,0.0,0.0,0.0,3.2,3.2,3.2,0.0
2017-05-19,3.6,3.6,12.5,3.6,100.0,360000.0,0.0,0.0,3.6,3.6,3.6,100.0
2017-05-22,3.6,3.6,0.0,3.6,0.0,0.0,0.0,0.0,3.6,3.6,3.6,0.0
2017-05-23,3.6,3.6,0.0,3.6,0.0,0.0,0.0,0.0,3.6,3.6,3.6,0.0
2017-05-24,3.6,3.6,0.0,3.6,0.0,0.0,0.0,0.0,3.6,3.6,3.6,0.0
2017-05-25,3.6,3.6,0.0,3.6,0.0,0.0,0.0,0.0,3.6,3.6,3.6,0.0
2017-05-26,3.6,3.6,0.0,3.6,0.0,0.0,0.0,0.0,3.6,3.6,3.6,0.0
2017-05-29,3.6,3.6,0.0,3.6,0.0,0.0,0.0,0.0,3.6,3.6,3.6,0.0
2017-05-30,3.6,3.6,0.0,3.6,0.0,0.0,0.0,0.0,3.6,3.6,3.6,0.0
2017-05-31,3.6,3.6,0.0,3.6,0.0,0.0,0.0,0.0,3.6,3.6,3.6,0.0
2017-06-01,3.6,3.6,0.0,3.6,0.0,0.0,0.0,0.0,3.6,3.6,3.6,0.0
2017-06-02,3.6,3.6,0.0,3.6,0.0,0.0,0.0,0.0,3.6,3.6,3.6,0.0
2017-06-05,3.6,3.6,0.0,3.6,0.0,0.0,0.0,0.0,3.6,3.6,3.6,0.0
2017-06-06,4.0,4.0,11.1111,4.0,100.0,400000.0,0.0,0.0,4.0,4.0,4.0,100.0
2017-06-07,4.0,4.0,0.0,4.0,0.0,0.0,0.0,0.0,4.0,4.0,4.0,0.0
2017-06-08,4.0,4.0,0.0,4.0,0.0,0.0,0.0,0.0,4.0,4.0,4.0,0.0
2017-06-09,4.0,4.0,0.0,4.0,0.0,0.0,0.0,0.0,4.0,4.0,4.0,0.0
2017-06-12,4.0,4.0,0.0,4.0,0.0,0.0,0.0,0.0,4.0,4.0,4.0,0.0
2017-06-13,3.4,3.4,-15.0,3.4,100.0,340000.0,0.0,0.0,3.4,3.4,3.4,100.0
2017-06-14,3.4,3.4,0.0,3.4,0.0,0.0,0.0,0.0,3.4,3.4,3.4,0.0
2017-06-15,3.4,3.4,0.0,3.4,0.0,0.0,0.0,0.0,3.4,3.4,3.4,0.0
2017-06-16,3.4,3.4,0.0,3.4,0.0,0.0,0.0,0.0,3.4,3.4,3.4,0.0
2017-06-19,3.4,3.4,0.0,3.4,0.0,0.0,0.0,0.0,3.4,3.4,3.4,0.0
2017-06-20,3.4,3.4,0.0,3.4,0.0,0.0,0.0,0.0,3.4,3.4,3.4,0.0
2017-06-21,2.9,2.9,-14.7059,2.9,100.0,290000.0,0.0,0.0,2.9,2.9,2.9,100.0
2017-06-22,2.9,2.9,0.0,2.9,300.0,870000.0,0.0,0.0,2.9,2.9,2.9,300.0
2017-06-23,2.9,2.9,0.0,2.9,0.0,0.0,0.0,0.0,2.9,2.9,2.9,0.0
2017-06-26,2.9,2.9,0.0,2.9,0.0,0.0,0.0,0.0,2.9,2.9,2.9,0.0
2017-06-27,2.9,2.9,0.0,2.9,0.0,0.0,0.0,0.0,2.9,2.9,2.9,0.0
2017-06-28,2.5,2.5,-13.7931,2.5,100.0,250000.0,0.0,0.0,2.5,2.5,2.5,100.0
2017-06-29,2.5,2.5,0.0,2.5,0.0,0.0,0.0,0.0,2.5,2.5,2.5,0.0
2017-06-30,2.5,2.5,0.0,2.5,0.0,0.0,0.0,0.0,2.5,2.5,2.5,0.0
2017-07-03,2.5,2.5,0.0,2.5,0.0,0.0,0.0,0.0,2.5,2.5,2.5,0.0
2017-07-04,2.5,2.5,0.0,2.5,0.0,0.0,0.0,0.0,2.5,2.5,2.5,0.0
2017-07-05,2.5,2.5,0.0,2.5,0.0,0.0,0.0,0.0,2.5,2.5,2.5,0.0
2017-07-06,2.5,2.5,0.0,2.5,0.0,0.0,0.0,0.0,2.5,2.5,2.5,0.0
2017-07-07,2.5,2.5,0.0,2.5,0.0,0.0,0.0,0.0,2.5,2.5,2.5,0.0
2017-07-10,2.5,2.5,0.0,2.5,0.0,0.0,0.0,0.0,2.5,2.5,2.5,0.0
2017-07-11,2.5,2.5,0.0,2.5,0.0,0.0,0.0,0.0,2.5,2.5,2.5,0.0
2017-07-12,2.5,2.5,0.0,2.5,0.0,0.0,0.0,0.0,2.5,2.5,2.5,0.0
2017-07-13,2.2,2.2,-12.0,2.2,100.0,220000.0,0.0,0.0,2.2,2.2,2.2,100.0
2017-07-14,1.9,1.9,-13.6364,1.9,3400.0,6460000.0,0.0,0.0,1.9,1.9,1.9,3400.0
2017-07-17,1.9,1.9,0.0,1.9,0.0,0.0,0.0,0.0,1.9,1.9,1.9,0.0
2017-07-18,1.9,1.9,0.0,1.9,0.0,0.0,0.0,0.0,1.9,1.9,1.9,0.0
2017-07-19,2.0,2.0,5.2632,1.91,18200.0,34770000.0,0.0,0.0,2.0,2.0,1.9,18200.0
2017-07-20,2.1,2.1,10.5263,1.982,2200.0,4360000.0,0.0,0.0,2.0,2.1,1.9,2200.0
2017-07-21,2.0,2.0,0.0,2.0,1000.0,2000000.0,0.0,0.0,2.0,2.0,2.0,1000.0
2017-07-24,1.9,1.9,-5.0,1.942,1900.0,3690000.0,0.0,0.0,2.0,2.2,1.9,1900.0
2017-07-25,1.9,1.9,0.0,1.902,5100.0,9700000.0,0.0,0.0,2.0,2.0,1.9,5100.0
2017-07-26,2.0,2.0,5.2632,1.967,300.0,590000.0,0.0,0.0,1.9,2.0,1.9,300.0
2017-07-27,1.9,1.9,-5.0,1.9,8900.0,16910000.0,0.0,0.0,1.9,1.9,1.9,8900.0
2017-07-28,2.0,2.0,5.2632,2.0,200.0,400000.0,0.0,0.0,2.0,2.0,2.0,200.0
2017-07-31,2.0,2.0,0.0,2.0,0.0,0.0,0.0,0.0,2.0,2.0,2.0,0.0
2017-08-01,2.0,2.0,0.0,2.0,0.0,0.0,0.0,0.0,2.0,2.0,2.0,0.0
2017-08-02,2.3,2.3,15.0,2.025,21200.0,42940000.0,0.0,0.0,1.9,2.3,1.9,21200.0
2017-08-03,2.3,2.3,15.0,2.3,10000.0,23000000.0,0.0,0.0,2.3,2.3,2.3,10000.0
2017-08-04,2.6,2.6,13.0435,2.6,700.0,1820000.0,0.0,0.0,2.6,2.6,2.6,700.0
2017-08-07,2.9,2.9,11.5385,2.9,1100.0,3190000.0,0.0,0.0,2.9,2.9,2.9,1100.0
2017-08-08,3.3,3.3,13.7931,3.3,1000.0,3300000.0,0.0,0.0,3.3,3.3,3.3,1000.0
2017-08-09,3.6,3.6,9.0909,3.6,100.0,360000.0,0.0,0.0,3.6,3.6,3.6,100.0
2017-08-10,3.1,3.1,-13.8889,3.112,5100.0,15870000.0,0.0,0.0,3.7,3.7,3.1,5100.0
2017-08-11,3.1,3.1,0.0,3.1,0.0,0.0,0.0,0.0,3.1,3.1,3.1,0.0
2017-08-14,3.1,3.1,0.0,3.1,0.0,0.0,0.0,0.0,3.1,3.1,3.1,0.0
2017-08-15,2.7,2.7,-12.9032,2.7,100.0,270000.0,0.0,0.0,2.7,2.7,2.7,100.0
2017-08-16,2.7,2.7,0.0,2.7,0.0,0.0,0.0,0.0,2.7,2.7,2.7,0.0
2017-08-17,2.3,2.3,-14.8148,2.3,6800.0,15640000.0,0.0,0.0,2.3,2.3,2.3,6800.0
2017-08-18,2.3,2.3,0.0,2.3,0.0,0.0,0.0,0.0,2.3,2.3,2.3,0.0
2017-08-21,2.3,2.3,0.0,2.3,0.0,0.0,0.0,0.0,2.3,2.3,2.3,0.0
2017-08-22,2.0,2.0,-13.0435,2.0,100.0,200000.0,0.0,0.0,2.0,2.0,2.0,100.0
2017-08-23,2.0,2.0,0.0,2.0,0.0,0.0,0.0,0.0,2.0,2.0,2.0,0.0
2017-08-24,2.0,2.0,0.0,2.0,0.0,0.0,0.0,0.0,2.0,2.0,2.0,0.0
2017-08-25,2.0,2.0,0.0,2.0,0.0,0.0,0.0,0.0,2.0,2.0,2.0,0.0
2017-08-28,2.2,2.2,10.0,2.16,500.0,1080000.0,0.0,0.0,2.1,2.2,2.1,500.0
2017-08-29,2.2,2.2,0.0,2.2,0.0,0.0,0.0,0.0,2.2,2.2,2.2,0.0
2017-08-30,2.2,2.2,0.0,2.2,0.0,0.0,0.0,0.0,2.2,2.2,2.2,0.0
2017-08-31,2.4,2.4,9.0909,2.4,100.0,240000.0,0.0,0.0,2.4,2.4,2.4,100.0
2017-09-01,2.1,2.1,-12.5,2.2,300.0,660000.0,0.0,0.0,2.4,2.4,2.1,300.0
2017-09-05,2.2,2.2,0.0,2.2,0.0,0.0,0.0,0.0,2.2,2.2,2.2,0.0
2017-09-06,2.2,2.2,0.0,2.2,0.0,0.0,0.0,0.0,2.2,2.2,2.2,0.0
2017-09-07,2.2,2.2,0.0,2.2,0.0,0.0,0.0,0.0,2.2,2.2,2.2,0.0
2017-09-08,2.2,2.2,0.0,2.2,0.0,0.0,0.0,0.0,2.2,2.2,2.2,0.0
2017-09-11,2.5,2.5,13.6364,2.5,100.0,250000.0,0.0,0.0,2.5,2.5,2.5,100.0
2017-09-12,2.3,2.3,-8.0,2.3,100.0,230000.0,0.0,0.0,2.3,2.3,2.3,100.0
2017-09-13,2.3,2.3,0.0,2.3,0.0,0.0,0.0,0.0,2.3,2.3,2.3,0.0
2017-09-14,2.6,2.6,13.0435,2.6,200.0,520000.0,0.0,0.0,2.6,2.6,2.6,200.0
2017-09-15,2.6,2.6,0.0,2.6,0.0,0.0,0.0,0.0,2.6,2.6,2.6,0.0
2017-09-18,2.6,2.6,0.0,2.6,0.0,0.0,0.0,0.0,2.6,2.6,2.6,0.0
2017-09-19,2.6,2.6,0.0,2.6,0.0,0.0,0.0,0.0,2.6,2.6,2.6,0.0
2017-09-20,2.6,2.6,0.0,2.6,0.0,0.0,0.0,0.0,2.6,2.6,2.6,0.0
2017-09-21,2.6,2.6,0.0,2.6,0.0,0.0,0.0,0.0,2.6,2.6,2.6,0.0
2017-09-22,2.6,2.6,0.0,2.6,0.0,0.0,0.0,0.0,2.6,2.6,2.6,0.0
2017-09-25,2.3,2.3,-11.5385,2.3,200.0,460000.0,0.0,0.0,2.3,2.3,2.3,200.0
2017-09-26,2.3,2.3,0.0,2.3,0.0,0.0,0.0,0.0,2.3,2.3,2.3,0.0
2017-09-27,2.3,2.3,0.0,2.3,37.0,74000.0,0.0,0.0,2.3,2.3,2.3,37.0
2017-09-28,2.3,2.3,0.0,2.3,0.0,0.0,0.0,0.0,2.3,2.3,2.3,0.0
2017-09-29,2.3,2.3,0.0,2.3,0.0,0.0,0.0,0.0,2.3,2.3,2.3,0.0
2017-10-02,2.0,2.0,-13.0435,2.0,110.0,226000.0,0.0,0.0,2.0,2.0,2.0,110.0
2017-10-03,2.0,2.0,0.0,2.0,0.0,0.0,0.0,0.0,2.0,2.0,2.0,0.0
2017-10-04,2.0,2.0,0.0,2.0,0.0,0.0,0.0,0.0,2.0,2.0,2.0,0.0
2017-10-05,2.3,2.3,15.0,2.3,100.0,230000.0,0.0,0.0,2.3,2.3,2.3,100.0
2017-10-06,2.3,2.3,0.0,2.3,0.0,0.0,0.0,0.0,2.3,2.3,2.3,0.0
2017-10-09,2.0,2.0,-13.0435,2.1,600.0,1260000.0,0.0,0.0,2.6,2.6,2.0,600.0
2017-10-10,2.2,2.2,4.7619,2.3,200.0,460000.0,0.0,0.0,2.4,2.4,2.2,200.0
2017-10-11,2.4,2.4,4.3478,2.4,100.0,240000.0,0.0,0.0,2.4,2.4,2.4,100.0
2017-10-12,2.1,2.1,-12.5,2.1,100.0,210000.0,0.0,0.0,2.1,2.1,2.1,100.0
2017-10-13,2.0,2.0,-4.7619,2.036,1100.0,2240000.0,0.0,0.0,2.4,2.4,2.0,1100.0
2017-10-16,2.0,2.0,0.0,1.999,30500.0,60980000.0,0.0,0.0,2.0,2.0,1.9,30500.0
2017-10-17,2.3,2.3,15.0,2.044,8800.0,17990000.0,0.0,0.0,2.3,2.3,2.0,8800.0
2017-10-18,2.3,2.3,15.0,2.3,100.0,230000.0,0.0,0.0,2.3,2.3,2.3,100.0
2017-10-19,2.0,2.0,-13.0435,2.006,10000.0,20060000.0,0.0,0.0,2.6,2.6,2.0,10000.0
2017-10-20,2.3,2.3,15.0,2.3,100.0,230000.0,0.0,0.0,2.3,2.3,2.3,100.0
2017-10-23,2.0,2.0,-13.0435,2.0,200.0,400000.0,0.0,0.0,2.0,2.0,2.0,200.0
2017-10-24,2.0,2.0,0.0,2.0,1000.0,2000000.0,0.0,0.0,2.0,2.0,2.0,1000.0
2017-10-25,2.0,2.0,0.0,2.0,100.0,200000.0,0.0,0.0,2.0,2.0,2.0,100.0
2017-10-26,2.0,2.0,0.0,2.0,0.0,0.0,0.0,0.0,2.0,2.0,2.0,0.0
2017-10-27,2.3,2.3,15.0,2.3,100.0,230000.0,0.0,0.0,2.3,2.3,2.3,100.0
2017-10-30,2.6,2.6,13.0435,2.6,127.0,330200.0,0.0,0.0,2.6,2.6,2.6,127.0
2017-10-31,2.6,2.6,0.0,2.6,0.0,0.0,0.0,0.0,2.6,2.6,2.6,0.0
2017-11-01,2.6,2.6,0.0,2.6,0.0,0.0,0.0,0.0,2.6,2.6,2.6,0.0
2017-11-02,2.6,2.6,0.0,2.6,0.0,0.0,0.0,0.0,2.6,2.6,2.6,0.0
2017-11-03,2.6,2.6,0.0,2.6,0.0,0.0,0.0,0.0,2.6,2.6,2.6,0.0
2017-11-06,2.6,2.6,0.0,2.6,0.0,0.0,0.0,0.0,2.6,2.6,2.6,0.0
2017-11-07,2.6,2.6,0.0,2.6,0.0,0.0,0.0,0.0,2.6,2.6,2.6,0.0
2017-11-08,2.6,2.6,0.0,2.6,0.0,0.0,0.0,0.0,2.6,2.6,2.6,0.0
2017-11-09,2.6,2.6,0.0,2.6,0.0,0.0,0.0,0.0,2.6,2.6,2.6,0.0
2017-11-10,2.6,2.6,0.0,2.6,0.0,0.0,0.0,0.0,2.6,2.6,2.6,0.0
2017-11-13,2.6,2.6,0.0,2.6,0.0,0.0,0.0,0.0,2.6,2.6,2.6,0.0
2017-11-14,2.3,2.3,-11.5385,2.3,100.0,230000.0,0.0,0.0,2.3,2.3,2.3,100.0
2017-11-15,2.3,2.3,0.0,2.3,0.0,0.0,0.0,0.0,2.3,2.3,2.3,0.0
2017-11-16,2.3,2.3,0.0,2.3,0.0,0.0,0.0,0.0,2.3,2.3,2.3,0.0
2017-11-17,2.3,2.3,0.0,2.3,0.0,0.0,0.0,0.0,2.3,2.3,2.3,0.0
2017-11-20,2.3,2.3,0.0,2.3,0.0,0.0,0.0,0.0,2.3,2.3,2.3,0.0
2017-11-21,2.3,2.3,0.0,2.3,0.0,0.0,0.0,0.0,2.3,2.3,2.3,0.0
2017-11-22,2.3,2.3,0.0,2.3,0.0,0.0,0.0,0.0,2.3,2.3,2.3,0.0
2017-11-23,2.4,2.4,4.3478,2.4,200.0,480000.0,0.0,0.0,2.4,2.4,2.4,200.0
2017-11-24,2.4,2.4,0.0,2.4,0.0,0.0,0.0,0.0,2.4,2.4,2.4,0.0
2017-11-27,2.4,2.4,0.0,2.4,0.0,0.0,0.0,0.0,2.4,2.4,2.4,0.0
2017-11-28,2.4,2.4,0.0,2.4,0.0,0.0,0.0,0.0,2.4,2.4,2.4,0.0
2017-11-29,2.4,2.4,0.0,2.4,0.0,0.0,0.0,0.0,2.4,2.4,2.4,0.0
2017-11-30,2.4,2.4,0.0,2.4,0.0,0.0,0.0,0.0,2.4,2.4,2.4,0.0
2017-12-01,2.4,2.4,0.0,2.4,0.0,0.0,0.0,0.0,2.4,2.4,2.4,0.0
2017-12-04,2.4,2.4,0.0,2.4,0.0,0.0,0.0,0.0,2.4,2.4,2.4,0.0
2017-12-05,2.2,2.2,-8.3333,2.2,100.0,220000.0,0.0,0.0,2.2,2.2,2.2,100.0
2017-12-06,2.2,2.2,0.0,2.125,7900.0,16790000.0,0.0,0.0,2.1,2.2,2.1,7900.0
2017-12-07,2.1,2.1,0.0,2.1,100.0,210000.0,0.0,0.0,2.1,2.1,2.1,100.0
2017-12-08,2.2,2.2,4.7619,2.125,400.0,850000.0,0.0,0.0,2.1,2.2,2.1,400.0
2017-12-11,2.1,2.1,0.0,2.1,100.0,210000.0,0.0,0.0,2.1,2.1,2.1,100.0
2017-12-12,2.1,2.1,0.0,2.1,0.0,0.0,0.0,0.0,2.1,2.1,2.1,0.0
2017-12-13,2.1,2.1,0.0,2.1,0.0,0.0,0.0,0.0,2.1,2.1,2.1,0.0
2017-12-14,2.1,2.1,0.0,2.1,0.0,0.0,0.0,0.0,2.1,2.1,2.1,0.0
2017-12-15,2.1,2.1,0.0,2.1,0.0,0.0,0.0,0.0,2.1,2.1,2.1,0.0
2017-12-18,2.1,2.1,0.0,2.1,0.0,0.0,0.0,0.0,2.1,2.1,2.1,0.0
2017-12-19,2.1,2.1,0.0,2.1,0.0,0.0,0.0,0.0,2.1,2.1,2.1,0.0
2017-12-20,2.3,2.3,9.5238,2.3,100.0,230000.0,0.0,0.0,2.3,2.3,2.3,100.0
2017-12-21,2.3,2.3,0.0,2.3,0.0,0.0,0.0,0.0,2.3,2.3,2.3,0.0
2017-12-22,2.3,2.3,0.0,2.3,0.0,0.0,0.0,0.0,2.3,2.3,2.3,0.0
2017-12-25,2.3,2.3,0.0,2.3,0.0,0.0,0.0,0.0,2.3,2.3,2.3,0.0
2017-12-26,2.3,2.3,0.0,2.3,0.0,0.0,0.0,0.0,2.3,2.3,2.3,0.0
2017-12-27,2.3,2.3,0.0,2.3,0.0,0.0,0.0,0.0,2.3,2.3,2.3,0.0
2017-12-28,2.6,2.6,13.0435,2.6,100.0,260000.0,0.0,0.0,2.6,2.6,2.6,100.0
2017-12-29,2.6,2.6,0.0,2.6,0.0,0.0,0.0,0.0,2.6,2.6,2.6,0.0
2018-01-02,2.6,2.6,0.0,2.6,0.0,0.0,0.0,0.0,2.6,2.6,2.6,0.0
2018-01-03,2.6,2.6,0.0,2.6,0.0,0.0,0.0,0.0,2.6,2.6,2.6,0.0
2018-01-04,2.6,2.6,0.0,2.6,0.0,0.0,0.0,0.0,2.6,2.6,2.6,0.0
2018-01-05,2.9,2.9,11.5385,2.9,100.0,290000.0,0.0,0.0,2.9,2.9,2.9,100.0
2018-01-08,2.9,2.9,0.0,2.9,0.0,0.0,0.0,0.0,2.9,2.9,2.9,0.0
2018-01-09,2.9,2.9,0.0,2.9,0.0,0.0,0.0,0.0,2.9,2.9,2.9,0.0
2018-01-10,2.9,2.9,0.0,2.9,0.0,0.0,0.0,0.0,2.9,2.9,2.9,0.0
2018-01-11,2.9,2.9,0.0,2.9,0.0,0.0,0.0,0.0,2.9,2.9,2.9,0.0
2018-01-12,2.9,2.9,0.0,2.9,0.0,0.0,0.0,0.0,2.9,2.9,2.9,0.0
2018-01-15,2.9,2.9,0.0,2.9,0.0,0.0,0.0,0.0,2.9,2.9,2.9,0.0
2018-01-16,2.9,2.9,0.0,2.9,0.0,0.0,0.0,0.0,2.9,2.9,2.9,0.0
2018-01-17,2.5,2.5,-13.7931,2.5,300.0,750000.0,0.0,0.0,2.5,2.5,2.5,300.0
2018-01-18,2.5,2.5,0.0,2.5,200.0,500000.0,0.0,0.0,2.5,2.5,2.5,200.0
2018-01-19,2.5,2.5,0.0,2.5,0.0,0.0,0.0,0.0,2.5,2.5,2.5,0.0
2018-01-22,2.5,2.5,0.0,2.5,0.0,0.0,0.0,0.0,2.5,2.5,2.5,0.0
2018-01-23,2.5,2.5,0.0,2.5,4800.0,12000000.0,0.0,0.0,2.5,2.5,2.5,4800.0
2018-01-24,2.3,2.3,-8.0,2.368,21700.0,51390000.0,0.0,0.0,2.5,2.5,2.3,21700.0
2018-01-25,2.5,2.5,4.1667,2.458,1200.0,2950000.0,0.0,0.0,2.2,2.6,2.2,1200.0
2018-01-26,2.5,2.5,0.0,2.5,0.0,0.0,0.0,0.0,2.5,2.5,2.5,0.0
2018-01-29,2.5,2.5,0.0,2.5,0.0,0.0,0.0,0.0,2.5,2.5,2.5,0.0
2018-01-30,2.6,2.6,4.0,2.573,4500.0,11580000.0,0.0,0.0,2.7,2.7,2.2,4500.0
2018-01-31,2.6,2.6,0.0,2.6,0.0,0.0,0.0,0.0,2.6,2.6,2.6,0.0
2018-02-01,2.6,2.6,0.0,2.6,0.0,0.0,0.0,0.0,2.6,2.6,2.6,0.0
2018-02-02,2.6,2.6,0.0,2.6,0.0,0.0,0.0,0.0,2.6,2.6,2.6,0.0
2018-02-05,2.6,2.6,0.0,2.6,0.0,0.0,0.0,0.0,2.6,2.6,2.6,0.0
2018-02-06,2.5,2.5,-3.8462,2.5,400.0,1000000.0,0.0,0.0,2.5,2.5,2.5,400.0
2018-02-07,2.5,2.5,0.0,2.5,0.0,0.0,0.0,0.0,2.5,2.5,2.5,0.0
2018-02-08,2.5,2.5,0.0,2.5,0.0,0.0,0.0,0.0,2.5,2.5,2.5,0.0
2018-02-09,2.5,2.5,0.0,2.5,0.0,0.0,0.0,0.0,2.5,2.5,2.5,0.0
2018-02-12,2.5,2.5,0.0,2.5,0.0,0.0,0.0,0.0,2.5,2.5,2.5,0.0
2018-02-13,2.5,2.5,0.0,2.5,0.0,0.0,0.0,0.0,2.5,2.5,2.5,0.0
2018-02-21,2.5,2.5,0.0,2.5,0.0,0.0,0.0,0.0,2.5,2.5,2.5,0.0
2018-02-22,2.5,2.5,0.0,2.5,0.0,0.0,0.0,0.0,2.5,2.5,2.5,0.0
2018-02-23,2.5,2.5,0.0,2.5,0.0,0.0,0.0,0.0,2.5,2.5,2.5,0.0
2018-02-26,2.5,2.5,0.0,2.5,0.0,0.0,0.0,0.0,2.5,2.5,2.5,0.0
2018-02-27,2.5,2.5,0.0,2.5,0.0,0.0,0.0,0.0,2.5,2.5,2.5,0.0
2018-02-28,2.3,2.3,-8.0,2.3,500.0,1150000.0,0.0,0.0,2.3,2.3,2.3,500.0
2018-03-01,2.3,2.3,0.0,2.3,0.0,0.0,0.0,0.0,2.3,2.3,2.3,0.0
2018-03-02,2.3,2.3,0.0,2.3,0.0,0.0,0.0,0.0,2.3,2.3,2.3,0.0
2018-03-05,2.3,2.3,0.0,2.3,0.0,0.0,0.0,0.0,2.3,2.3,2.3,0.0
2018-03-06,2.3,2.3,0.0,2.3,0.0,0.0,0.0,0.0,2.3,2.3,2.3,0.0
2018-03-07,2.3,2.3,0.0,2.3,0.0,0.0,0.0,0.0,2.3,2.3,2.3,0.0
2018-03-08,2.3,2.3,0.0,2.3,0.0,0.0,0.0,0.0,2.3,2.3,2.3,0.0
2018-03-09,2.3,2.3,0.0,2.3,0.0,0.0,0.0,0.0,2.3,2.3,2.3,0.0
2018-03-12,2.3,2.3,0.0,2.3,50000.0,115000000.0,0.0,0.0,2.3,2.3,2.3,50000.0
2018-03-13,2.3,2.3,0.0,2.3,0.0,0.0,0.0,0.0,2.3,2.3,2.3,0.0
2018-03-14,2.0,2.0,-13.0435,2.0,100.0,200000.0,0.0,0.0,2.0,2.0,2.0,100.0
2018-03-15,2.3,2.3,15.0,2.3,200.0,460000.0,0.0,0.0,2.3,2.3,2.3,200.0
2018-03-16,2.6,2.6,13.0435,2.542,5200.0,13220000.0,0.0,0.0,2.6,2.6,2.5,5200.0
2018-03-19,2.5,2.5,0.0,2.5,0.0,0.0,0.0,0.0,2.5,2.5,2.5,0.0
2018-03-20,2.5,2.5,0.0,2.5,0.0,0.0,0.0,0.0,2.5,2.5,2.5,0.0
2018-03-21,2.8,2.8,12.0,2.8,100.0,280000.0,0.0,0.0,2.8,2.8,2.8,100.0
2018-03-22,3.1,3.1,10.7143,3.1,100.0,310000.0,0.0,0.0,3.1,3.1,3.1,100.0
2018-03-23,3.4,3.4,9.6774,3.4,1400.0,4760000.0,0.0,0.0,3.4,3.4,3.4,1400.0
2018-03-26,3.4,3.4,0.0,3.4,0.0,0.0,0.0,0.0,3.4,3.4,3.4,0.0
2018-03-27,3.4,3.4,0.0,3.4,0.0,0.0,0.0,0.0,3.4,3.4,3.4,0.0
2018-03-28,3.9,3.9,14.7059,3.9,100.0,390000.0,0.0,0.0,3.9,3.9,3.9,100.0
2018-03-29,4.1,4.1,5.1282,4.18,21400.0,89460000.0,0.0,0.0,4.1,4.3,4.0,21400.0
2018-03-30,4.0,4.0,-4.7619,3.881,38000.0,147460000.0,0.0,0.0,4.0,4.0,3.6,38000.0
2018-04-02,4.4,4.4,12.8205,4.4,42500.0,186990000.0,0.0,0.0,4.4,4.4,4.3,42500.0
2018-04-03,5.0,5.0,13.6364,4.963,1600.0,7940000.0,0.0,0.0,4.9,5.0,4.9,1600.0
2018-04-04,4.9,4.9,-2.0,4.9,2000.0,9800000.0,0.0,0.0,4.9,4.9,4.9,2000.0
2018-04-05,4.2,4.2,-14.2857,4.52,500.0,2260000.0,0.0,0.0,5.5,5.5,4.2,500.0
2018-04-06,5.0,5.0,11.1111,5.0,1800.0,9000000.0,0.0,0.0,5.0,5.0,5.0,1800.0
2018-04-09,5.0,5.0,0.0,5.0,1000.0,5000000.0,0.0,0.0,5.0,5.0,5.0,1000.0
2018-04-10,5.0,5.0,0.0,5.0,0.0,0.0,0.0,0.0,5.0,5.0,5.0,0.0
2018-04-11,4.3,4.3,-14.0,4.3,500.0,2150000.0,0.0,0.0,4.3,4.3,4.3,500.0
2018-04-12,4.3,4.3,0.0,4.3,0.0,0.0,0.0,0.0,4.3,4.3,4.3,0.0
2018-04-13,4.3,4.3,0.0,4.3,0.0,0.0,0.0,0.0,4.3,4.3,4.3,0.0
2018-04-16,4.9,4.9,13.9535,4.9,5900.0,28910000.0,0.0,0.0,4.9,4.9,4.9,5900.0
2018-04-17,4.8,4.8,-2.0408,4.8,1200.0,5760000.0,0.0,0.0,4.8,4.8,4.8,1200.0
2018-04-18,4.8,4.8,0.0,4.8,100.0,480000.0,0.0,0.0,4.8,4.8,4.8,100.0
2018-04-19,4.1,4.1,-14.5833,4.876,9500.0,46320000.0,0.0,0.0,5.0,5.0,4.1,9500.0
2018-04-20,5.2,5.2,6.1224,5.2,500.0,2600000.0,0.0,0.0,5.2,5.2,5.2,500.0
2018-04-23,5.2,5.2,0.0,5.2,0.0,0.0,0.0,0.0,5.2,5.2,5.2,0.0
2018-04-24,5.2,5.2,0.0,5.145,11000.0,56600000.0,0.0,0.0,4.8,5.2,4.8,11000.0
2018-04-26,5.1,5.1,0.0,5.1,0.0,0.0,0.0,0.0,5.1,5.1,5.1,0.0
2018-04-27,5.1,5.1,0.0,5.1,0.0,0.0,0.0,0.0,5.1,5.1,5.1,0.0
2018-05-02,5.1,5.1,0.0,5.1,0.0,0.0,0.0,0.0,5.1,5.1,5.1,0.0
2018-05-03,5.0,5.0,-1.9608,5.0,200.0,1000000.0,0.0,0.0,5.0,5.0,5.0,200.0
2018-05-04,5.2,5.2,4.0,5.2,6800.0,35360000.0,0.0,0.0,5.2,5.2,5.2,6800.0
2018-05-07,5.2,5.2,0.0,5.2,0.0,0.0,0.0,0.0,5.2,5.2,5.2,0.0
2018-05-08,5.2,5.2,0.0,5.2,0.0,0.0,0.0,0.0,5.2,5.2,5.2,0.0
2018-05-09,5.2,5.2,0.0,5.2,0.0,0.0,0.0,0.0,5.2,5.2,5.2,0.0
2018-05-10,5.6,5.6,7.6923,5.6,30000.0,168000000.0,0.0,0.0,5.6,5.6,5.6,30000.0
2018-05-11,5.6,5.6,0.0,5.6,0.0,0.0,0.0,0.0,5.6,5.6,5.6,0.0
2018-05-14,5.6,5.6,0.0,5.6,0.0,0.0,0.0,0.0,5.6,5.6,5.6,0.0
2018-05-15,6.0,6.0,7.1429,6.0,100.0,600000.0,0.0,0.0,6.0,6.0,6.0,100.0
2018-05-16,5.5,5.5,-8.3333,5.5,4800.0,26400000.0,0.0,0.0,5.5,5.5,5.5,4800.0
2018-05-17,6.3,6.3,14.5455,6.288,6400.0,40240000.0,0.0,0.0,6.1,6.3,6.1,6400.0
2018-05-18,6.3,6.3,0.0,6.3,0.0,0.0,0.0,0.0,6.3,6.3,6.3,0.0
2018-05-21,6.3,6.3,0.0,6.3,0.0,0.0,0.0,0.0,6.3,6.3,6.3,0.0
2018-05-22,6.3,6.3,0.0,6.3,0.0,0.0,0.0,0.0,6.3,6.3,6.3,0.0
2018-05-23,7.1,7.1,12.6984,7.1,100.0,710000.0,0.0,0.0,7.1,7.1,7.1,100.0
2018-05-24,7.1,7.1,0.0,7.1,0.0,0.0,0.0,0.0,7.1,7.1,7.1,0.0
2018-05-25,7.1,7.1,0.0,7.1,0.0,0.0,0.0,0.0,7.1,7.1,7.1,0.0
2018-05-28,7.1,7.1,0.0,7.1,0.0,0.0,0.0,0.0,7.1,7.1,7.1,0.0
2018-05-29,7.1,7.1,0.0,7.1,0.0,0.0,0.0,0.0,7.1,7.1,7.1,0.0
2018-05-30,7.1,7.1,0.0,7.1,0.0,0.0,0.0,0.0,7.1,7.1,7.1,0.0
2018-05-31,7.1,7.1,0.0,7.1,1100.0,7810000.0,0.0,0.0,7.1,7.1,7.1,1100.0
2018-06-01,6.2,6.2,-12.6761,6.2,500.0,3100000.0,0.0,0.0,6.2,6.2,6.2,500.0
2018-06-04,5.3,5.3,-14.5161,5.3,2000.0,10600000.0,0.0,0.0,5.3,5.3,5.3,2000.0
2018-06-05,4.8,4.8,-9.434,4.8,2500.0,12000000.0,0.0,0.0,4.8,4.8,4.8,2500.0
2018-06-06,4.8,4.8,0.0,4.8,0.0,0.0,0.0,0.0,4.8,4.8,4.8,0.0
2018-06-07,4.1,4.1,-14.5833,4.149,5700.0,23650000.0,0.0,0.0,4.1,5.5,4.1,5700.0
2018-06-08,4.7,4.7,14.6341,4.7,200.0,940000.0,0.0,0.0,4.7,4.7,4.7,200.0
2018-06-11,5.4,5.4,14.8936,5.4,100.0,540000.0,0.0,0.0,5.4,5.4,5.4,100.0
2018-06-12,5.4,5.4,0.0,5.4,0.0,0.0,0.0,0.0,5.4,5.4,5.4,0.0
2018-06-13,5.4,5.4,0.0,5.4,0.0,0.0,0.0,0.0,5.4,5.4,5.4,0.0
2018-06-14,5.4,5.4,0.0,5.4,0.0,0.0,0.0,0.0,5.4,5.4,5.4,0.0
2018-06-15,5.4,5.4,0.0,5.4,0.0,0.0,0.0,0.0,5.4,5.4,5.4,0.0
2018-06-18,5.4,5.4,0.0,5.4,0.0,0.0,0.0,0.0,5.4,5.4,5.4,0.0
2018-06-19,5.4,5.4,0.0,5.4,0.0,0.0,0.0,0.0,5.4,5.4,5.4,0.0
2018-06-20,5.4,5.4,0.0,5.4,0.0,0.0,0.0,0.0,5.4,5.4,5.4,0.0
2018-06-21,5.4,5.4,0.0,5.4,0.0,0.0,0.0,0.0,5.4,5.4,5.4,0.0
2018-06-22,5.4,5.4,0.0,5.4,0.0,0.0,0.0,0.0,5.4,5.4,5.4,0.0
2018-06-25,5.4,5.4,0.0,5.4,0.0,0.0,0.0,0.0,5.4,5.4,5.4,0.0
2018-06-26,5.4,5.4,0.0,5.4,0.0,0.0,0.0,0.0,5.4,5.4,5.4,0.0
2018-06-27,5.4,5.4,0.0,5.4,0.0,0.0,0.0,0.0,5.4,5.4,5.4,0.0
2018-06-28,5.4,5.4,0.0,5.4,0.0,0.0,0.0,0.0,5.4,5.4,5.4,0.0
2018-06-29,5.4,5.4,0.0,5.4,0.0,0.0,0.0,0.0,5.4,5.4,5.4,0.0
2018-07-02,5.4,5.4,0.0,5.4,0.0,0.0,0.0,0.0,5.4,5.4,5.4,0.0
2018-07-03,5.4,5.4,0.0,5.4,0.0,0.0,0.0,0.0,5.4,5.4,5.4,0.0
2018-07-04,5.4,5.4,0.0,5.4,0.0,0.0,0.0,0.0,5.4,5.4,5.4,0.0
2018-07-05,5.4,5.4,0.0,5.4,0.0,0.0,0.0,0.0,5.4,5.4,5.4,0.0
2018-07-06,5.4,5.4,0.0,5.4,0.0,0.0,0.0,0.0,5.4,5.4,5.4,0.0
2018-07-09,5.4,5.4,0.0,5.4,0.0,0.0,0.0,0.0,5.4,5.4,5.4,0.0
2018-07-10,5.4,5.4,0.0,5.4,0.0,0.0,0.0,0.0,5.4,5.4,5.4,0.0
2018-07-11,5.4,5.4,0.0,5.4,0.0,0.0,0.0,0.0,5.4,5.4,5.4,0.0
2018-07-12,5.4,5.4,0.0,5.4,0.0,0.0,0.0,0.0,5.4,5.4,5.4,0.0
2018-07-13,5.4,5.4,0.0,5.4,0.0,0.0,0.0,0.0,5.4,5.4,5.4,0.0
2018-07-16,5.4,5.4,0.0,5.4,0.0,0.0,0.0,0.0,5.4,5.4,5.4,0.0
2018-07-17,5.4,5.4,0.0,5.4,0.0,0.0,0.0,0.0,5.4,5.4,5.4,0.0
2018-07-18,5.4,5.4,0.0,5.4,0.0,0.0,0.0,0.0,5.4,5.4,5.4,0.0
2018-07-19,5.4,5.4,0.0,5.4,0.0,0.0,0.0,0.0,5.4,5.4,5.4,0.0
2018-07-20,5.4,5.4,0.0,5.4,0.0,0.0,0.0,0.0,5.4,5.4,5.4,0.0
2018-07-23,5.4,5.4,0.0,5.4,0.0,0.0,0.0,0.0,5.4,5.4,5.4,0.0
2018-07-24,5.4,5.4,0.0,5.4,0.0,0.0,0.0,0.0,5.4,5.4,5.4,0.0
2018-07-25,5.4,5.4,0.0,5.4,0.0,0.0,0.0,0.0,5.4,5.4,5.4,0.0
2018-07-26,5.4,5.4,0.0,5.4,0.0,0.0,0.0,0.0,5.4,5.4,5.4,0.0
2018-07-27,5.4,5.4,0.0,5.4,0.0,0.0,0.0,0.0,5.4,5.4,5.4,0.0
2018-07-30,5.4,5.4,0.0,5.4,0.0,0.0,0.0,0.0,5.4,5.4,5.4,0.0
2018-07-31,5.4,5.4,0.0,5.4,0.0,0.0,0.0,0.0,5.4,5.4,5.4,0.0
2018-08-01,5.4,5.4,0.0,5.4,0.0,0.0,0.0,0.0,5.4,5.4,5.4,0.0
2018-08-02,5.4,5.4,0.0,5.4,0.0,0.0,0.0,0.0,5.4,5.4,5.4,0.0
2018-08-03,5.4,5.4,0.0,5.4,0.0,0.0,0.0,0.0,5.4,5.4,5.4,0.0
2018-08-06,5.4,5.4,0.0,5.4,0.0,0.0,0.0,0.0,5.4,5.4,5.4,0.0
2018-08-07,5.4,5.4,0.0,5.4,0.0,0.0,0.0,0.0,5.4,5.4,5.4,0.0
2018-08-08,5.4,5.4,0.0,5.4,0.0,0.0,0.0,0.0,5.4,5.4,5.4,0.0
2018-08-09,5.4,5.4,0.0,5.4,0.0,0.0,0.0,0.0,5.4,5.4,5.4,0.0
2018-08-10,5.4,5.4,0.0,5.4,0.0,0.0,0.0,0.0,5.4,5.4,5.4,0.0
2018-08-13,5.3,5.3,-1.8519,5.3,8300.0,43990000.0,0.0,0.0,5.3,5.3,5.3,8300.0
2018-08-14,5.3,5.3,0.0,5.3,0.0,0.0,0.0,0.0,5.3,5.3,5.3,0.0
2018-08-15,5.3,5.3,0.0,5.3,0.0,0.0,0.0,0.0,5.3,5.3,5.3,0.0
2018-08-16,5.3,5.3,0.0,5.3,0.0,0.0,0.0,0.0,5.3,5.3,5.3,0.0
2018-08-17,5.3,5.3,0.0,5.3,0.0,0.0,0.0,0.0,5.3,5.3,5.3,0.0
2018-08-20,5.3,5.3,0.0,5.3,0.0,0.0,0.0,0.0,5.3,5.3,5.3,0.0
2018-08-21,5.4,5.4,1.8868,5.252,16300.0,85600000.0,0.0,0.0,5.1,5.4,5.1,16300.0
2018-08-22,5.3,5.3,0.0,5.3,0.0,0.0,0.0,0.0,5.3,5.3,5.3,0.0
2018-08-23,5.3,5.3,0.0,5.3,0.0,0.0,0.0,0.0,5.3,5.3,5.3,0.0
2018-08-24,5.3,5.3,0.0,5.3,0.0,0.0,0.0,0.0,5.3,5.3,5.3,0.0
2018-08-27,5.3,5.3,0.0,5.3,0.0,0.0,0.0,0.0,5.3,5.3,5.3,0.0
2018-08-28,5.3,5.3,0.0,5.3,0.0,0.0,0.0,0.0,5.3,5.3,5.3,0.0
2018-08-29,5.3,5.3,0.0,5.3,0.0,0.0,0.0,0.0,5.3,5.3,5.3,0.0
2018-08-30,5.3,5.3,0.0,5.3,0.0,0.0,0.0,0.0,5.3,5.3,5.3,0.0
2018-08-31,5.3,5.3,0.0,5.3,0.0,0.0,0.0,0.0,5.3,5.3,5.3,0.0
2018-09-04,5.3,5.3,0.0,5.3,0.0,0.0,0.0,0.0,5.3,5.3,5.3,0.0
2018-09-05,5.3,5.3,0.0,5.3,0.0,0.0,0.0,0.0,5.3,5.3,5.3,0.0
2018-09-06,5.3,5.3,0.0,5.3,0.0,0.0,0.0,0.0,5.3,5.3,5.3,0.0
2018-09-07,5.3,5.3,0.0,5.3,0.0,0.0,0.0,0.0,5.3,5.3,5.3,0.0
2018-09-10,5.3,5.3,0.0,5.3,0.0,0.0,0.0,0.0,5.3,5.3,5.3,0.0
2018-09-11,5.3,5.3,0.0,5.3,0.0,0.0,0.0,0.0,5.3,5.3,5.3,0.0
2018-09-12,5.3,5.3,0.0,5.3,0.0,0.0,0.0,0.0,5.3,5.3,5.3,0.0
2018-09-13,5.3,5.3,0.0,5.3,0.0,0.0,0.0,0.0,5.3,5.3,5.3,0.0
2018-09-14,5.3,5.3,0.0,5.3,0.0,0.0,0.0,0.0,5.3,5.3,5.3,0.0
2018-09-17,5.3,5.3,0.0,5.3,0.0,0.0,0.0,0.0,5.3,5.3,5.3,0.0
2018-09-18,5.3,5.3,0.0,5.3,0.0,0.0,0.0,0.0,5.3,5.3,5.3,0.0
2018-09-19,5.3,5.3,0.0,5.3,0.0,0.0,0.0,0.0,5.3,5.3,5.3,0.0
2018-09-20,5.3,5.3,0.0,5.3,0.0,0.0,0.0,0.0,5.3,5.3,5.3,0.0
2018-09-21,5.3,5.3,0.0,5.3,0.0,0.0,0.0,0.0,5.3,5.3,5.3,0.0
2018-09-24,5.3,5.3,0.0,5.3,0.0,0.0,0.0,0.0,5.3,5.3,5.3,0.0
2018-09-25,5.3,5.3,0.0,5.3,0.0,0.0,0.0,0.0,5.3,5.3,5.3,0.0
2018-09-26,5.3,5.3,0.0,5.3,0.0,0.0,0.0,0.0,5.3,5.3,5.3,0.0
2018-09-27,5.3,5.3,0.0,5.3,0.0,0.0,0.0,0.0,5.3,5.3,5.3,0.0
2018-09-28,5.3,5.3,0.0,5.3,0.0,0.0,0.0,0.0,5.3,5.3,5.3,0.0
2018-10-01,5.3,5.3,0.0,5.3,0.0,0.0,0.0,0.0,5.3,5.3,5.3,0.0
2018-10-02,5.3,5.3,0.0,5.3,0.0,0.0,0.0,0.0,5.3,5.3,5.3,0.0
2018-10-03,5.3,5.3,0.0,5.3,0.0,0.0,0.0,0.0,5.3,5.3,5.3,0.0
2018-10-04,5.3,5.3,0.0,5.3,0.0,0.0,0.0,0.0,5.3,5.3,5.3,0.0
2018-10-05,5.3,5.3,0.0,5.3,0.0,0.0,0.0,0.0,5.3,5.3,5.3,0.0
2018-10-08,5.3,5.3,0.0,5.3,0.0,0.0,0.0,0.0,5.3,5.3,5.3,0.0
2018-10-09,5.3,5.3,0.0,5.3,0.0,0.0,0.0,0.0,5.3,5.3,5.3,0.0
2018-10-10,5.3,5.3,0.0,5.3,0.0,0.0,0.0,0.0,5.3,5.3,5.3,0.0
2018-10-11,5.3,5.3,0.0,5.3,0.0,0.0,0.0,0.0,5.3,5.3,5.3,0.0
2018-10-12,5.3,5.3,0.0,5.3,0.0,0.0,0.0,0.0,5.3,5.3,5.3,0.0
2018-10-15,5.3,5.3,0.0,5.3,0.0,0.0,0.0,0.0,5.3,5.3,5.3,0.0
2018-10-16,5.3,5.3,0.0,5.3,0.0,0.0,0.0,0.0,5.3,5.3,5.3,0.0
2018-10-17,5.3,5.3,0.0,5.3,0.0,0.0,0.0,0.0,5.3,5.3,5.3,0.0
2018-10-18,5.3,5.3,0.0,5.3,0.0,0.0,0.0,0.0,5.3,5.3,5.3,0.0
2018-10-19,5.3,5.3,0.0,5.3,0.0,0.0,0.0,0.0,5.3,5.3,5.3,0.0
2018-10-22,5.3,5.3,0.0,5.3,0.0,0.0,0.0,0.0,5.3,5.3,5.3,0.0
2018-10-23,5.3,5.3,0.0,5.3,0.0,0.0,0.0,0.0,5.3,5.3,5.3,0.0
2018-10-24,5.3,5.3,0.0,5.3,0.0,0.0,0.0,0.0,5.3,5.3,5.3,0.0
2018-10-25,5.3,5.3,0.0,5.3,0.0,0.0,0.0,0.0,5.3,5.3,5.3,0.0
2018-10-26,5.3,5.3,0.0,5.3,0.0,0.0,0.0,0.0,5.3,5.3,5.3,0.0
2018-10-29,5.3,5.3,0.0,5.3,0.0,0.0,0.0,0.0,5.3,5.3,5.3,0.0
2018-10-30,5.3,5.3,0.0,5.3,0.0,0.0,0.0,0.0,5.3,5.3,5.3,0.0
2018-10-31,5.3,5.3,0.0,5.3,0.0,0.0,0.0,0.0,5.3,5.3,5.3,0.0
2018-11-01,5.3,5.3,0.0,5.3,0.0,0.0,0.0,0.0,5.3,5.3,5.3,0.0
2018-11-02,5.3,5.3,0.0,5.3,0.0,0.0,0.0,0.0,5.3,5.3,5.3,0.0
2018-11-05,5.3,5.3,0.0,5.3,0.0,0.0,0.0,0.0,5.3,5.3,5.3,0.0
2018-11-06,5.3,5.3,0.0,5.3,0.0,0.0,0.0,0.0,5.3,5.3,5.3,0.0
2018-11-07,5.3,5.3,0.0,5.3,0.0,0.0,0.0,0.0,5.3,5.3,5.3,0.0
2018-11-08,5.3,5.3,0.0,5.3,0.0,0.0,0.0,0.0,5.3,5.3,5.3,0.0
2018-11-09,5.3,5.3,0.0,5.3,0.0,0.0,0.0,0.0,5.3,5.3,5.3,0.0
2018-11-12,5.3,5.3,0.0,5.3,0.0,0.0,0.0,0.0,5.3,5.3,5.3,0.0
2018-11-13,5.3,5.3,0.0,5.3,0.0,0.0,0.0,0.0,5.3,5.3,5.3,0.0
2018-11-14,5.3,5.3,0.0,5.3,0.0,0.0,0.0,0.0,5.3,5.3,5.3,0.0
2018-11-15,5.3,5.3,0.0,5.3,0.0,0.0,0.0,0.0,5.3,5.3,5.3,0.0
2018-11-16,5.3,5.3,0.0,5.3,0.0,0.0,0.0,0.0,5.3,5.3,5.3,0.0
2018-11-19,5.3,5.3,0.0,5.3,0.0,0.0,0.0,0.0,5.3,5.3,5.3,0.0
2018-11-20,5.3,5.3,0.0,5.3,0.0,0.0,0.0,0.0,5.3,5.3,5.3,0.0
2018-11-21,5.3,5.3,0.0,5.3,0.0,0.0,0.0,0.0,5.3,5.3,5.3,0.0
2018-11-22,5.3,5.3,0.0,5.3,0.0,0.0,0.0,0.0,5.3,5.3,5.3,0.0
2018-11-23,5.3,5.3,0.0,5.3,0.0,0.0,0.0,0.0,5.3,5.3,5.3,0.0
2018-11-26,5.3,5.3,0.0,5.3,0.0,0.0,0.0,0.0,5.3,5.3,5.3,0.0
2018-11-27,5.3,5.3,0.0,5.3,0.0,0.0,0.0,0.0,5.3,5.3,5.3,0.0
2018-11-28,5.3,5.3,0.0,5.3,0.0,0.0,0.0,0.0,5.3,5.3,5.3,0.0
2018-11-29,5.3,5.3,0.0,5.3,0.0,0.0,0.0,0.0,5.3,5.3,5.3,0.0
2018-11-30,5.3,5.3,0.0,5.3,0.0,0.0,0.0,0.0,5.3,5.3,5.3,0.0
2018-12-03,5.3,5.3,0.0,5.3,0.0,0.0,0.0,0.0,5.3,5.3,5.3,0.0
2018-12-04,5.3,5.3,0.0,5.3,0.0,0.0,0.0,0.0,5.3,5.3,5.3,0.0
2018-12-05,5.3,5.3,0.0,5.3,0.0,0.0,0.0,0.0,5.3,5.3,5.3,0.0
2018-12-06,5.3,5.3,0.0,5.3,0.0,0.0,0.0,0.0,5.3,5.3,5.3,0.0
2018-12-07,5.3,5.3,0.0,5.3,0.0,0.0,0.0,0.0,5.3,5.3,5.3,0.0
2018-12-10,5.3,5.3,0.0,5.3,0.0,0.0,0.0,0.0,5.3,5.3,5.3,0.0
2018-12-11,5.3,5.3,0.0,5.3,0.0,0.0,0.0,0.0,5.3,5.3,5.3,0.0
2018-12-12,5.3,5.3,0.0,5.3,0.0,0.0,0.0,0.0,5.3,5.3,5.3,0.0
2018-12-13,5.3,5.3,0.0,5.3,0.0,0.0,0.0,0.0,5.3,5.3,5.3,0.0
2018-12-14,5.3,5.3,0.0,5.3,0.0,0.0,0.0,0.0,5.3,5.3,5.3,0.0
2018-12-17,5.3,5.3,0.0,5.3,0.0,0.0,0.0,0.0,5.3,5.3,5.3,0.0
2018-12-18,5.3,5.3,0.0,5.3,0.0,0.0,0.0,0.0,5.3,5.3,5.3,0.0
2018-12-19,5.3,5.3,0.0,5.3,0.0,0.0,0.0,0.0,5.3,5.3,5.3,0.0
2018-12-20,5.3,5.3,0.0,5.3,0.0,0.0,0.0,0.0,5.3,5.3,5.3,0.0
2018-12-21,5.3,5.3,0.0,5.3,0.0,0.0,0.0,0.0,5.3,5.3,5.3,0.0
2018-12-24,5.3,5.3,0.0,5.3,0.0,0.0,0.0,0.0,5.3,5.3,5.3,0.0
2018-12-25,5.3,5.3,0.0,5.3,0.0,0.0,0.0,0.0,5.3,5.3,5.3,0.0
2018-12-26,5.3,5.3,0.0,5.3,0.0,0.0,0.0,0.0,5.3,5.3,5.3,0.0
2018-12-27,5.3,5.3,0.0,5.3,0.0,0.0,0.0,0.0,5.3,5.3,5.3,0.0
2018-12-28,5.3,5.3,0.0,5.3,0.0,0.0,0.0,0.0,5.3,5.3,5.3,0.0
2019-01-02,5.3,5.3,0.0,5.3,0.0,0.0,0.0,0.0,5.3,5.3,5.3,0.0
2019-01-03,5.3,5.3,0.0,5.3,0.0,0.0,0.0,0.0,5.3,5.3,5.3,0.0
2019-01-04,5.3,5.3,0.0,5.3,0.0,0.0,0.0,0.0,5.3,5.3,5.3,0.0
2019-01-07,5.3,5.3,0.0,5.3,0.0,0.0,0.0,0.0,5.3,5.3,5.3,0.0
2019-01-08,5.3,5.3,0.0,5.3,0.0,0.0,0.0,0.0,5.3,5.3,5.3,0.0
2019-01-09,5.3,5.3,0.0,5.3,0.0,0.0,0.0,0.0,5.3,5.3,5.3,0.0
2019-01-10,5.3,5.3,0.0,5.3,0.0,0.0,0.0,0.0,5.3,5.3,5.3,0.0
2019-01-11,5.3,5.3,0.0,5.3,0.0,0.0,0.0,0.0,5.3,5.3,5.3,0.0
2019-01-14,5.3,5.3,0.0,5.3,0.0,0.0,0.0,0.0,5.3,5.3,5.3,0.0
2019-01-15,5.3,5.3,0.0,5.3,0.0,0.0,0.0,0.0,5.3,5.3,5.3,0.0
2019-01-16,5.3,5.3,0.0,5.3,0.0,0.0,0.0,0.0,5.3,5.3,5.3,0.0
2019-01-17,5.3,5.3,0.0,5.3,0.0,0.0,0.0,0.0,5.3,5.3,5.3,0.0
2019-01-18,5.3,5.3,0.0,5.3,0.0,0.0,0.0,0.0,5.3,5.3,5.3,0.0
2019-01-21,5.3,5.3,0.0,5.3,0.0,0.0,0.0,0.0,5.3,5.3,5.3,0.0
2019-01-22,5.3,5.3,0.0,5.3,0.0,0.0,0.0,0.0,5.3,5.3,5.3,0.0
2019-01-23,5.3,5.3,0.0,5.3,0.0,0.0,0.0,0.0,5.3,5.3,5.3,0.0
2019-01-24,7.3,7.3,37.7358,7.3,100.0,730000.0,0.0,0.0,7.3,7.3,7.3,100.0
2019-01-25,7.3,7.3,0.0,7.3,0.0,0.0,0.0,0.0,7.3,7.3,7.3,0.0
2019-01-28,7.3,7.3,0.0,7.3,0.0,0.0,0.0,0.0,7.3,7.3,7.3,0.0
2019-01-29,7.3,7.3,0.0,7.3,0.0,0.0,0.0,0.0,7.3,7.3,7.3,0.0
2019-01-30,7.3,7.3,0.0,7.3,0.0,0.0,0.0,0.0,7.3,7.3,7.3,0.0
2019-01-31,7.3,7.3,0.0,7.3,0.0,0.0,0.0,0.0,7.3,7.3,7.3,0.0
2019-02-01,7.3,7.3,0.0,7.3,0.0,0.0,0.0,0.0,7.3,7.3,7.3,0.0
2019-02-11,7.3,7.3,0.0,7.3,0.0,0.0,0.0,0.0,7.3,7.3,7.3,0.0
2019-02-12,7.3,7.3,0.0,7.3,0.0,0.0,0.0,0.0,7.3,7.3,7.3,0.0
2019-02-13,7.3,7.3,0.0,7.3,0.0,0.0,0.0,0.0,7.3,7.3,7.3,0.0
2019-02-14,7.3,7.3,0.0,7.3,0.0,0.0,0.0,0.0,7.3,7.3,7.3,0.0
2019-02-15,7.3,7.3,0.0,7.3,0.0,0.0,0.0,0.0,7.3,7.3,7.3,0.0
2019-02-18,7.3,7.3,0.0,7.3,0.0,0.0,0.0,0.0,7.3,7.3,7.3,0.0
2019-02-19,7.3,7.3,0.0,7.3,0.0,0.0,0.0,0.0,7.3,7.3,7.3,0.0
2019-02-20,7.3,7.3,0.0,7.3,0.0,0.0,0.0,0.0,7.3,7.3,7.3,0.0
2019-02-21,7.3,7.3,0.0,7.3,0.0,0.0,0.0,0.0,7.3,7.3,7.3,0.0
2019-02-22,7.3,7.3,0.0,7.3,0.0,0.0,0.0,0.0,7.3,7.3,7.3,0.0
2019-02-25,7.3,7.3,0.0,7.3,0.0,0.0,0.0,0.0,7.3,7.3,7.3,0.0
2019-02-26,7.3,7.3,0.0,7.3,0.0,0.0,0.0,0.0,7.3,7.3,7.3,0.0
2019-02-27,7.3,7.3,0.0,7.3,0.0,0.0,0.0,0.0,7.3,7.3,7.3,0.0
2019-02-28,7.3,7.3,0.0,7.3,0.0,0.0,0.0,0.0,7.3,7.3,7.3,0.0
2019-03-01,7.3,7.3,0.0,7.3,0.0,0.0,0.0,0.0,7.3,7.3,7.3,0.0
2019-03-04,7.3,7.3,0.0,7.3,0.0,0.0,0.0,0.0,7.3,7.3,7.3,0.0
2019-03-05,6.3,6.3,-13.6986,6.3,10900.0,68670000.0,0.0,0.0,6.3,6.3,6.3,10900.0
2019-03-06,6.3,6.3,0.0,6.3,0.0,0.0,0.0,0.0,6.3,6.3,6.3,0.0
2019-03-07,6.6,6.6,4.7619,6.398,106000.0,678200000.0,0.0,0.0,6.3,6.6,6.2,106000.0
2019-03-08,7.3,7.3,14.0625,7.3,100.0,730000.0,0.0,0.0,7.3,7.3,7.3,100.0
2019-03-11,7.3,7.3,0.0,7.3,0.0,0.0,0.0,0.0,7.3,7.3,7.3,0.0
2019-03-12,7.3,7.3,0.0,8.171,94400.0,771380000.0,0.0,0.0,8.2,8.2,7.3,94400.0
2019-03-13,7.0,7.0,-14.6341,7.0,100.0,700000.0,0.0,0.0,7.0,7.0,7.0,100.0
2019-03-14,6.0,6.0,-14.2857,6.0,10000.0,60000000.0,0.0,0.0,6.0,6.0,6.0,10000.0
2019-03-15,6.0,6.0,0.0,6.0,0.0,0.0,0.0,0.0,6.0,6.0,6.0,0.0
2019-03-18,5.5,5.5,-8.3333,5.5,30000.0,165000000.0,0.0,0.0,5.5,5.5,5.5,30000.0
2019-03-19,6.2,6.2,12.7273,6.2,100.0,620000.0,0.0,0.0,6.2,6.2,6.2,100.0
2019-03-20,7.1,7.1,14.5161,7.1,100.0,710000.0,0.0,0.0,7.1,7.1,7.1,100.0
2019-03-21,6.5,6.5,-8.4507,7.732,32700.0,252850000.0,0.0,0.0,7.8,7.8,6.5,32700.0
2019-03-22,7.7,7.7,0.0,7.7,0.0,0.0,0.0,0.0,7.7,7.7,7.7,0.0
2019-03-25,7.7,7.7,0.0,7.7,0.0,0.0,0.0,0.0,7.7,7.7,7.7,0.0
2019-03-26,7.7,7.7,0.0,7.7,0.0,0.0,0.0,0.0,7.7,7.7,7.7,0.0
2019-03-27,7.7,7.7,0.0,7.7,0.0,0.0,0.0,0.0,7.7,7.7,7.7,0.0
2019-03-28,7.7,7.7,0.0,7.7,0.0,0.0,0.0,0.0,7.7,7.7,7.7,0.0
2019-03-29,7.7,7.7,0.0,7.7,0.0,0.0,0.0,0.0,7.7,7.7,7.7,0.0
2019-04-01,7.7,7.7,0.0,7.7,0.0,0.0,0.0,0.0,7.7,7.7,7.7,0.0
2019-04-02,7.7,7.7,0.0,7.7,0.0,0.0,0.0,0.0,7.7,7.7,7.7,0.0
2019-04-03,7.7,7.7,0.0,7.7,0.0,0.0,0.0,0.0,7.7,7.7,7.7,0.0
2019-04-04,7.7,7.7,0.0,7.7,0.0,0.0,0.0,0.0,7.7,7.7,7.7,0.0
2019-04-05,7.7,7.7,0.0,7.7,0.0,0.0,0.0,0.0,7.7,7.7,7.7,0.0
2019-04-08,7.7,7.7,0.0,7.7,0.0,0.0,0.0,0.0,7.7,7.7,7.7,0.0
2019-04-09,7.7,7.7,0.0,7.7,0.0,0.0,0.0,0.0,7.7,7.7,7.7,0.0
2019-04-10,7.7,7.7,0.0,7.7,0.0,0.0,0.0,0.0,7.7,7.7,7.7,0.0
2019-04-11,7.7,7.7,0.0,7.7,0.0,0.0,0.0,0.0,7.7,7.7,7.7,0.0
2019-04-12,7.7,7.7,0.0,7.7,0.0,0.0,0.0,0.0,7.7,7.7,7.7,0.0
2019-04-16,7.7,7.7,0.0,7.7,0.0,0.0,0.0,0.0,7.7,7.7,7.7,0.0
2019-04-17,7.7,7.7,0.0,7.7,0.0,0.0,0.0,0.0,7.7,7.7,7.7,0.0
2019-04-18,7.7,7.7,0.0,7.7,0.0,0.0,0.0,0.0,7.7,7.7,7.7,0.0
2019-04-19,7.7,7.7,0.0,7.7,0.0,0.0,0.0,0.0,7.7,7.7,7.7,0.0
2019-04-22,7.7,7.7,0.0,7.7,0.0,0.0,0.0,0.0,7.7,7.7,7.7,0.0
2019-04-23,7.7,7.7,0.0,7.7,0.0,0.0,0.0,0.0,7.7,7.7,7.7,0.0
2019-04-24,7.7,7.7,0.0,7.7,0.0,0.0,0.0,0.0,7.7,7.7,7.7,0.0
2019-04-25,7.7,7.7,0.0,7.7,0.0,0.0,0.0,0.0,7.7,7.7,7.7,0.0
2019-04-26,7.7,7.7,0.0,7.7,0.0,0.0,0.0,0.0,7.7,7.7,7.7,0.0
2019-05-02,7.7,7.7,0.0,7.7,0.0,0.0,0.0,0.0,7.7,7.7,7.7,0.0
2019-05-03,7.7,7.7,0.0,7.7,0.0,0.0,0.0,0.0,7.7,7.7,7.7,0.0
2019-05-06,7.7,7.7,0.0,7.7,0.0,0.0,0.0,0.0,7.7,7.7,7.7,0.0
2019-05-07,7.7,7.7,0.0,7.7,0.0,0.0,0.0,0.0,7.7,7.7,7.7,0.0
2019-05-08,7.7,7.7,0.0,7.7,0.0,0.0,0.0,0.0,7.7,7.7,7.7,0.0
2019-05-09,7.7,7.7,0.0,7.7,0.0,0.0,0.0,0.0,7.7,7.7,7.7,0.0
2019-05-10,7.7,7.7,0.0,7.7,0.0,0.0,0.0,0.0,7.7,7.7,7.7,0.0
2019-05-13,7.7,7.7,0.0,7.7,0.0,0.0,0.0,0.0,7.7,7.7,7.7,0.0
2019-05-14,7.7,7.7,0.0,7.7,0.0,0.0,0.0,0.0,7.7,7.7,7.7,0.0
2019-05-15,7.7,7.7,0.0,7.7,0.0,0.0,0.0,0.0,7.7,7.7,7.7,0.0
2019-05-16,7.7,7.7,0.0,7.7,0.0,0.0,0.0,0.0,7.7,7.7,7.7,0.0
2019-05-17,7.7,7.7,0.0,7.7,0.0,0.0,0.0,0.0,7.7,7.7,7.7,0.0
2019-05-20,7.7,7.7,0.0,7.7,0.0,0.0,0.0,0.0,7.7,7.7,7.7,0.0
2019-05-21,7.7,7.7,0.0,7.7,0.0,0.0,0.0,0.0,7.7,7.7,7.7,0.0
2019-05-22,7.7,7.7,0.0,7.7,0.0,0.0,0.0,0.0,7.7,7.7,7.7,0.0
2019-05-23,7.7,7.7,0.0,7.7,0.0,0.0,0.0,0.0,7.7,7.7,7.7,0.0
2019-05-24,7.7,7.7,0.0,7.7,0.0,0.0,0.0,0.0,7.7,7.7,7.7,0.0
2019-05-27,7.7,7.7,0.0,7.7,0.0,0.0,0.0,0.0,7.7,7.7,7.7,0.0
2019-05-28,7.7,7.7,0.0,7.7,0.0,0.0,0.0,0.0,7.7,7.7,7.7,0.0
2019-05-29,7.7,7.7,0.0,7.7,0.0,0.0,0.0,0.0,7.7,7.7,7.7,0.0
2019-05-30,7.7,7.7,0.0,7.7,0.0,0.0,0.0,0.0,7.7,7.7,7.7,0.0
2019-05-31,7.7,7.7,0.0,7.7,0.0,0.0,0.0,0.0,7.7,7.7,7.7,0.0
2019-06-03,7.7,7.7,0.0,7.7,0.0,0.0,0.0,0.0,7.7,7.7,7.7,0.0
2019-06-04,7.7,7.7,0.0,7.7,0.0,0.0,0.0,0.0,7.7,7.7,7.7,0.0
2019-06-05,7.7,7.7,0.0,7.7,0.0,0.0,0.0,0.0,7.7,7.7,7.7,0.0
2019-06-06,7.7,7.7,0.0,7.7,0.0,0.0,0.0,0.0,7.7,7.7,7.7,0.0
2019-06-07,7.7,7.7,0.0,7.7,0.0,0.0,0.0,0.0,7.7,7.7,7.7,0.0
2019-06-10,7.7,7.7,0.0,7.7,0.0,0.0,0.0,0.0,7.7,7.7,7.7,0.0
2019-06-11,7.7,7.7,0.0,7.7,0.0,0.0,0.0,0.0,7.7,7.7,7.7,0.0
2019-06-12,7.7,7.7,0.0,7.7,0.0,0.0,0.0,0.0,7.7,7.7,7.7,0.0
2019-06-13,7.7,7.7,0.0,7.7,0.0,0.0,0.0,0.0,7.7,7.7,7.7,0.0
2019-06-14,7.7,7.7,0.0,7.7,0.0,0.0,0.0,0.0,7.7,7.7,7.7,0.0
2019-06-17,7.7,7.7,0.0,7.7,0.0,0.0,0.0,0.0,7.7,7.7,7.7,0.0
2019-06-18,7.7,7.7,0.0,7.7,0.0,0.0,0.0,0.0,7.7,7.7,7.7,0.0
2019-06-19,7.7,7.7,0.0,7.7,0.0,0.0,0.0,0.0,7.7,7.7,7.7,0.0
2019-06-20,7.7,7.7,0.0,7.7,0.0,0.0,0.0,0.0,7.7,7.7,7.7,0.0
2019-06-21,7.7,7.7,0.0,7.7,0.0,0.0,0.0,0.0,7.7,7.7,7.7,0.0
2019-06-24,7.7,7.7,0.0,7.7,0.0,0.0,0.0,0.0,7.7,7.7,7.7,0.0
2019-06-25,7.7,7.7,0.0,7.7,0.0,0.0,0.0,0.0,7.7,7.7,7.7,0.0
2019-06-26,7.7,7.7,0.0,7.7,0.0,0.0,0.0,0.0,7.7,7.7,7.7,0.0
2019-06-27,7.7,7.7,0.0,7.7,0.0,0.0,0.0,0.0,7.7,7.7,7.7,0.0
2019-06-28,7.7,7.7,0.0,7.7,0.0,0.0,0.0,0.0,7.7,7.7,7.7,0.0
2019-07-01,7.7,7.7,0.0,7.7,0.0,0.0,0.0,0.0,7.7,7.7,7.7,0.0
2019-07-02,7.7,7.7,0.0,7.7,0.0,0.0,0.0,0.0,7.7,7.7,7.7,0.0
2019-07-03,7.7,7.7,0.0,7.7,0.0,0.0,0.0,0.0,7.7,7.7,7.7,0.0
2019-07-04,7.7,7.7,0.0,7.7,0.0,0.0,0.0,0.0,7.7,7.7,7.7,0.0
2019-07-05,7.7,7.7,0.0,7.7,0.0,0.0,0.0,0.0,7.7,7.7,7.7,0.0
2019-07-08,7.7,7.7,0.0,7.7,0.0,0.0,0.0,0.0,7.7,7.7,7.7,0.0
2019-07-09,7.7,7.7,0.0,7.7,0.0,0.0,0.0,0.0,7.7,7.7,7.7,0.0
2019-07-10,7.7,7.7,0.0,7.7,0.0,0.0,0.0,0.0,7.7,7.7,7.7,0.0
2019-07-11,7.7,7.7,0.0,7.7,0.0,0.0,0.0,0.0,7.7,7.7,7.7,0.0
2019-07-12,7.7,7.7,0.0,7.7,0.0,0.0,0.0,0.0,7.7,7.7,7.7,0.0
2019-07-15,7.7,7.7,0.0,7.7,0.0,0.0,0.0,0.0,7.7,7.7,7.7,0.0
2019-07-16,7.7,7.7,0.0,7.7,0.0,0.0,0.0,0.0,7.7,7.7,7.7,0.0
2019-07-17,7.7,7.7,0.0,7.7,0.0,0.0,0.0,0.0,7.7,7.7,7.7,0.0
2019-07-18,7.7,7.7,0.0,7.7,0.0,0.0,0.0,0.0,7.7,7.7,7.7,0.0
2019-07-19,7.7,7.7,0.0,7.7,0.0,0.0,0.0,0.0,7.7,7.7,7.7,0.0
2019-07-22,7.7,7.7,0.0,7.7,0.0,0.0,0.0,0.0,7.7,7.7,7.7,0.0
2019-07-23,7.7,7.7,0.0,7.7,0.0,0.0,0.0,0.0,7.7,7.7,7.7,0.0
2019-07-24,7.7,7.7,0.0,7.7,0.0,0.0,0.0,0.0,7.7,7.7,7.7,0.0
2019-07-25,7.7,7.7,0.0,7.7,0.0,0.0,0.0,0.0,7.7,7.7,7.7,0.0
2019-07-26,7.7,7.7,0.0,7.7,0.0,0.0,0.0,0.0,7.7,7.7,7.7,0.0
2019-07-29,7.7,7.7,0.0,7.7,0.0,0.0,0.0,0.0,7.7,7.7,7.7,0.0
2019-07-30,7.7,7.7,0.0,7.7,0.0,0.0,0.0,0.0,7.7,7.7,7.7,0.0
2019-07-31,7.7,7.7,0.0,7.7,0.0,0.0,0.0,0.0,7.7,7.7,7.7,0.0
2019-08-01,7.7,7.7,0.0,7.7,0.0,0.0,0.0,0.0,7.7,7.7,7.7,0.0
2019-08-02,7.7,7.7,0.0,7.7,0.0,0.0,0.0,0.0,7.7,7.7,7.7,0.0
2019-08-05,7.7,7.7,0.0,7.7,0.0,0.0,0.0,0.0,7.7,7.7,7.7,0.0
2019-08-06,7.7,7.7,0.0,7.7,0.0,0.0,0.0,0.0,7.7,7.7,7.7,0.0
2019-08-07,7.7,7.7,0.0,7.7,0.0,0.0,0.0,0.0,7.7,7.7,7.7,0.0
2019-08-08,7.7,7.7,0.0,7.7,0.0,0.0,0.0,0.0,7.7,7.7,7.7,0.0
2019-08-09,7.7,7.7,0.0,7.7,0.0,0.0,0.0,0.0,7.7,7.7,7.7,0.0
2019-08-12,7.7,7.7,0.0,7.7,0.0,0.0,0.0,0.0,7.7,7.7,7.7,0.0
2019-08-13,7.7,7.7,0.0,7.7,0.0,0.0,0.0,0.0,7.7,7.7,7.7,0.0
2019-08-14,7.7,7.7,0.0,7.7,0.0,0.0,0.0,0.0,7.7,7.7,7.7,0.0
2019-08-15,7.7,7.7,0.0,7.7,0.0,0.0,0.0,0.0,7.7,7.7,7.7,0.0
2019-08-16,7.7,7.7,0.0,7.7,0.0,0.0,0.0,0.0,7.7,7.7,7.7,0.0
2019-08-19,7.7,7.7,0.0,7.7,0.0,0.0,0.0,0.0,7.7,7.7,7.7,0.0
2019-08-20,7.7,7.7,0.0,7.7,0.0,0.0,0.0,0.0,7.7,7.7,7.7,0.0
2019-08-21,7.7,7.7,0.0,7.7,0.0,0.0,0.0,0.0,7.7,7.7,7.7,0.0
2019-08-22,7.7,7.7,0.0,7.7,0.0,0.0,0.0,0.0,7.7,7.7,7.7,0.0
2019-08-23,7.7,7.7,0.0,7.7,0.0,0.0,0.0,0.0,7.7,7.7,7.7,0.0
2019-08-26,7.7,7.7,0.0,7.7,0.0,0.0,0.0,0.0,7.7,7.7,7.7,0.0
2019-08-27,7.7,7.7,0.0,7.7,0.0,0.0,0.0,0.0,7.7,7.7,7.7,0.0
2019-08-28,7.7,7.7,0.0,7.7,0.0,0.0,0.0,0.0,7.7,7.7,7.7,0.0
2019-08-29,7.7,7.7,0.0,7.7,0.0,0.0,0.0,0.0,7.7,7.7,7.7,0.0
2019-08-30,7.7,7.7,0.0,7.7,0.0,0.0,0.0,0.0,7.7,7.7,7.7,0.0
2019-09-03,7.7,7.7,0.0,7.7,0.0,0.0,0.0,0.0,7.7,7.7,7.7,0.0
2019-09-04,7.7,7.7,0.0,7.7,0.0,0.0,0.0,0.0,7.7,7.7,7.7,0.0
2019-09-05,7.7,7.7,0.0,7.7,0.0,0.0,0.0,0.0,7.7,7.7,7.7,0.0
2019-09-06,7.7,7.7,0.0,7.7,0.0,0.0,0.0,0.0,7.7,7.7,7.7,0.0
2019-09-09,7.7,7.7,0.0,7.7,0.0,0.0,0.0,0.0,7.7,7.7,7.7,0.0
2019-09-10,7.7,7.7,0.0,7.7,0.0,0.0,0.0,0.0,7.7,7.7,7.7,0.0
2019-09-11,7.7,7.7,0.0,7.7,0.0,0.0,0.0,0.0,7.7,7.7,7.7,0.0
2019-09-12,7.7,7.7,0.0,7.7,0.0,0.0,0.0,0.0,7.7,7.7,7.7,0.0
2019-09-13,7.7,7.7,0.0,7.7,0.0,0.0,0.0,0.0,7.7,7.7,7.7,0.0
2019-09-16,7.7,7.7,0.0,7.7,0.0,0.0,0.0,0.0,7.7,7.7,7.7,0.0
2019-09-17,7.7,7.7,0.0,7.7,0.0,0.0,0.0,0.0,7.7,7.7,7.7,0.0
2019-09-18,7.7,7.7,0.0,7.7,0.0,0.0,0.0,0.0,7.7,7.7,7.7,0.0
2019-09-19,7.7,7.7,0.0,7.7,0.0,0.0,0.0,0.0,7.7,7.7,7.7,0.0
2019-09-20,7.7,7.7,0.0,7.7,0.0,0.0,0.0,0.0,7.7,7.7,7.7,0.0
2019-09-23,7.7,7.7,0.0,7.7,0.0,0.0,0.0,0.0,7.7,7.7,7.7,0.0
2019-09-24,7.7,7.7,0.0,7.7,0.0,0.0,0.0,0.0,7.7,7.7,7.7,0.0
2019-09-25,7.7,7.7,0.0,7.7,0.0,0.0,0.0,0.0,7.7,7.7,7.7,0.0
2019-09-26,7.7,7.7,0.0,7.7,0.0,0.0,0.0,0.0,7.7,7.7,7.7,0.0
2019-09-27,7.7,7.7,0.0,7.7,0.0,0.0,0.0,0.0,7.7,7.7,7.7,0.0
2019-09-30,7.7,7.7,0.0,7.7,0.0,0.0,0.0,0.0,7.7,7.7,7.7,0.0
2019-10-01,7.7,7.7,0.0,7.7,0.0,0.0,0.0,0.0,7.7,7.7,7.7,0.0
2019-10-02,7.7,7.7,0.0,7.7,0.0,0.0,0.0,0.0,7.7,7.7,7.7,0.0
2019-10-03,7.7,7.7,0.0,7.7,0.0,0.0,0.0,0.0,7.7,7.7,7.7,0.0
2019-10-04,7.7,7.7,0.0,7.7,0.0,0.0,0.0,0.0,7.7,7.7,7.7,0.0
2019-10-07,7.7,7.7,0.0,7.7,0.0,0.0,0.0,0.0,7.7,7.7,7.7,0.0
2019-10-08,7.7,7.7,0.0,7.7,0.0,0.0,0.0,0.0,7.7,7.7,7.7,0.0
2019-10-09,7.7,7.7,0.0,7.7,0.0,0.0,0.0,0.0,7.7,7.7,7.7,0.0
2019-10-10,7.7,7.7,0.0,7.7,0.0,0.0,0.0,0.0,7.7,7.7,7.7,0.0
2019-10-11,7.7,7.7,0.0,7.7,0.0,0.0,0.0,0.0,7.7,7.7,7.7,0.0
2019-10-14,7.7,7.7,0.0,7.7,0.0,0.0,0.0,0.0,7.7,7.7,7.7,0.0
2019-10-15,7.7,7.7,0.0,7.7,0.0,0.0,0.0,0.0,7.7,7.7,7.7,0.0
2019-10-16,7.7,7.7,0.0,7.7,0.0,0.0,0.0,0.0,7.7,7.7,7.7,0.0
2019-10-17,7.7,7.7,0.0,7.7,0.0,0.0,0.0,0.0,7.7,7.7,7.7,0.0
2019-10-18,7.7,7.7,0.0,7.7,0.0,0.0,0.0,0.0,7.7,7.7,7.7,0.0
2019-10-21,7.7,7.7,0.0,7.7,0.0,0.0,0.0,0.0,7.7,7.7,7.7,0.0
2019-10-22,7.7,7.7,0.0,7.7,0.0,0.0,0.0,0.0,7.7,7.7,7.7,0.0
2019-10-23,7.7,7.7,0.0,7.7,0.0,0.0,0.0,0.0,7.7,7.7,7.7,0.0
2019-10-24,7.7,7.7,0.0,7.7,0.0,0.0,0.0,0.0,7.7,7.7,7.7,0.0
2019-10-25,7.7,7.7,0.0,7.7,0.0,0.0,0.0,0.0,7.7,7.7,7.7,0.0
2019-10-28,7.7,7.7,0.0,7.7,0.0,0.0,0.0,0.0,7.7,7.7,7.7,0.0
2019-10-29,7.7,7.7,0.0,7.7,0.0,0.0,0.0,0.0,7.7,7.7,7.7,0.0
2019-10-30,7.7,7.7,0.0,7.7,0.0,0.0,0.0,0.0,7.7,7.7,7.7,0.0
2019-10-31,7.7,7.7,0.0,7.7,0.0,0.0,0.0,0.0,7.7,7.7,7.7,0.0
2019-11-01,7.7,7.7,0.0,7.7,0.0,0.0,0.0,0.0,7.7,7.7,7.7,0.0
2019-11-04,7.7,7.7,0.0,7.7,0.0,0.0,0.0,0.0,7.7,7.7,7.7,0.0
2019-11-05,7.7,7.7,0.0,7.7,0.0,0.0,0.0,0.0,7.7,7.7,7.7,0.0
2019-11-06,7.7,7.7,0.0,7.7,0.0,0.0,0.0,0.0,7.7,7.7,7.7,0.0
2019-11-07,7.7,7.7,0.0,7.7,0.0,0.0,0.0,0.0,7.7,7.7,7.7,0.0
2019-11-08,7.7,7.7,0.0,7.7,0.0,0.0,0.0,0.0,7.7,7.7,7.7,0.0
2019-11-11,7.7,7.7,0.0,7.7,0.0,0.0,0.0,0.0,7.7,7.7,7.7,0.0
2019-11-12,7.7,7.7,0.0,7.7,0.0,0.0,0.0,0.0,7.7,7.7,7.7,0.0
2019-11-13,7.7,7.7,0.0,7.7,0.0,0.0,0.0,0.0,7.7,7.7,7.7,0.0
2019-11-14,7.7,7.7,0.0,7.7,0.0,0.0,0.0,0.0,7.7,7.7,7.7,0.0
2019-11-15,7.7,7.7,0.0,7.7,0.0,0.0,0.0,0.0,7.7,7.7,7.7,0.0
2019-11-18,7.7,7.7,0.0,7.7,0.0,0.0,0.0,0.0,7.7,7.7,7.7,0.0
2019-11-19,7.7,7.7,0.0,7.7,0.0,0.0,0.0,0.0,7.7,7.7,7.7,0.0
2019-11-20,7.7,7.7,0.0,7.7,0.0,0.0,0.0,0.0,7.7,7.7,7.7,0.0
2019-11-21,7.7,7.7,0.0,7.7,0.0,0.0,0.0,0.0,7.7,7.7,7.7,0.0
2019-11-22,7.7,7.7,0.0,7.7,0.0,0.0,0.0,0.0,7.7,7.7,7.7,0.0
2019-11-25,7.7,7.7,0.0,7.7,0.0,0.0,0.0,0.0,7.7,7.7,7.7,0.0
2019-11-26,7.7,7.7,0.0,7.7,0.0,0.0,0.0,0.0,7.7,7.7,7.7,0.0
2019-11-27,7.7,7.7,0.0,7.7,0.0,0.0,0.0,0.0,7.7,7.7,7.7,0.0
2019-11-28,7.7,7.7,0.0,7.7,0.0,0.0,0.0,0.0,7.7,7.7,7.7,0.0
2019-11-29,7.7,7.7,0.0,7.7,0.0,0.0,0.0,0.0,7.7,7.7,7.7,0.0
2019-12-02,7.7,7.7,0.0,7.7,0.0,0.0,0.0,0.0,7.7,7.7,7.7,0.0
2019-12-03,7.7,7.7,0.0,7.7,0.0,0.0,0.0,0.0,7.7,7.7,7.7,0.0
2019-12-04,7.7,7.7,0.0,7.7,0.0,0.0,0.0,0.0,7.7,7.7,7.7,0.0
2019-12-05,7.7,7.7,0.0,7.7,0.0,0.0,0.0,0.0,7.7,7.7,7.7,0.0
2019-12-06,7.7,7.7,0.0,7.7,0.0,0.0,0.0,0.0,7.7,7.7,7.7,0.0
2019-12-09,7.7,7.7,0.0,7.7,0.0,0.0,0.0,0.0,7.7,7.7,7.7,0.0
2019-12-10,7.7,7.7,0.0,7.7,0.0,0.0,0.0,0.0,7.7,7.7,7.7,0.0
2019-12-11,7.7,7.7,0.0,7.7,0.0,0.0,0.0,0.0,7.7,7.7,7.7,0.0
2019-12-12,7.7,7.7,0.0,7.7,0.0,0.0,0.0,0.0,7.7,7.7,7.7,0.0
2019-12-13,7.7,7.7,0.0,7.7,0.0,0.0,0.0,0.0,7.7,7.7,7.7,0.0
2019-12-16,7.7,7.7,0.0,7.7,0.0,0.0,0.0,0.0,7.7,7.7,7.7,0.0
2019-12-17,7.7,7.7,0.0,7.7,0.0,0.0,0.0,0.0,7.7,7.7,7.7,0.0
2019-12-18,7.7,7.7,0.0,7.7,0.0,0.0,0.0,0.0,7.7,7.7,7.7,0.0
2019-12-19,7.7,7.7,0.0,7.7,0.0,0.0,0.0,0.0,7.7,7.7,7.7,0.0
2019-12-20,7.7,7.7,0.0,7.7,0.0,0.0,0.0,0.0,7.7,7.7,7.7,0.0
2019-12-23,7.7,7.7,0.0,7.7,0.0,0.0,0.0,0.0,7.7,7.7,7.7,0.0
2019-12-24,7.7,7.7,0.0,7.7,0.0,0.0,0.0,0.0,7.7,7.7,7.7,0.0
2019-12-25,7.7,7.7,0.0,7.7,0.0,0.0,0.0,0.0,7.7,7.7,7.7,0.0
2019-12-26,7.7,7.7,0.0,7.7,0.0,0.0,0.0,0.0,7.7,7.7,7.7,0.0
2019-12-27,5.0,5.0,-35.0649,5.0,100.0,500000.0,0.0,0.0,5.0,5.0,5.0,100.0
2019-12-30,5.0,5.0,0.0,5.0,0.0,0.0,0.0,0.0,5.0,5.0,5.0,0.0
2019-12-31,5.0,5.0,0.0,5.0,0.0,0.0,0.0,0.0,5.0,5.0,5.0,0.0
2020-01-02,5.0,5.0,0.0,5.0,0.0,0.0,0.0,0.0,5.0,5.0,5.0,0.0
2020-01-03,5.0,5.0,0.0,5.0,0.0,0.0,0.0,0.0,5.0,5.0,5.0,0.0
2020-01-06,5.0,5.0,0.0,5.0,0.0,0.0,0.0,0.0,5.0,5.0,5.0,0.0
2020-01-07,5.0,5.0,0.0,5.0,0.0,0.0,0.0,0.0,5.0,5.0,5.0,0.0
2020-01-08,5.0,5.0,0.0,5.0,0.0,0.0,0.0,0.0,5.0,5.0,5.0,0.0
2020-01-09,5.0,5.0,0.0,5.0,0.0,0.0,0.0,0.0,5.0,5.0,5.0,0.0
2020-01-10,5.0,5.0,0.0,5.0,0.0,0.0,0.0,0.0,5.0,5.0,5.0,0.0
2020-01-13,5.0,5.0,0.0,5.0,0.0,0.0,0.0,0.0,5.0,5.0,5.0,0.0
2020-01-14,5.0,5.0,0.0,5.0,0.0,0.0,0.0,0.0,5.0,5.0,5.0,0.0
2020-01-15,5.0,5.0,0.0,5.0,0.0,0.0,0.0,0.0,5.0,5.0,5.0,0.0
2020-01-16,5.0,5.0,0.0,5.0,0.0,0.0,0.0,0.0,5.0,5.0,5.0,0.0
2020-01-17,5.0,5.0,0.0,5.0,0.0,0.0,0.0,0.0,5.0,5.0,5.0,0.0
2020-01-20,5.0,5.0,0.0,5.0,0.0,0.0,0.0,0.0,5.0,5.0,5.0,0.0
2020-01-21,5.0,5.0,0.0,5.0,0.0,0.0,0.0,0.0,5.0,5.0,5.0,0.0
2020-01-22,5.0,5.0,0.0,5.0,0.0,0.0,0.0,0.0,5.0,5.0,5.0,0.0
2020-01-30,5.0,5.0,0.0,5.0,0.0,0.0,0.0,0.0,5.0,5.0,5.0,0.0
2020-01-31,5.0,5.0,0.0,5.0,0.0,0.0,0.0,0.0,5.0,5.0,5.0,0.0
2020-02-03,5.0,5.0,0.0,5.0,0.0,0.0,0.0,0.0,5.0,5.0,5.0,0.0
2020-02-04,5.0,5.0,0.0,5.0,0.0,0.0,0.0,0.0,5.0,5.0,5.0,0.0
2020-02-05,5.0,5.0,0.0,5.0,0.0,0.0,0.0,0.0,5.0,5.0,5.0,0.0
2020-02-06,5.0,5.0,0.0,5.0,0.0,0.0,0.0,0.0,5.0,5.0,5.0,0.0
2020-02-07,5.0,5.0,0.0,5.0,0.0,0.0,0.0,0.0,5.0,5.0,5.0,0.0
2020-02-10,5.0,5.0,0.0,5.0,0.0,0.0,0.0,0.0,5.0,5.0,5.0,0.0
2020-02-11,5.0,5.0,0.0,5.0,0.0,0.0,0.0,0.0,5.0,5.0,5.0,0.0
2020-02-12,5.0,5.0,0.0,5.0,0.0,0.0,0.0,0.0,5.0,5.0,5.0,0.0
2020-02-13,5.0,5.0,0.0,5.0,0.0,0.0,0.0,0.0,5.0,5.0,5.0,0.0
2020-02-14,5.0,5.0,0.0,5.0,0.0,0.0,0.0,0.0,5.0,5.0,5.0,0.0
2020-02-17,5.0,5.0,0.0,5.0,0.0,0.0,0.0,0.0,5.0,5.0,5.0,0.0
2020-02-18,5.0,5.0,0.0,5.0,0.0,0.0,0.0,0.0,5.0,5.0,5.0,0.0
2020-02-19,5.0,5.0,0.0,5.0,0.0,0.0,0.0,0.0,5.0,5.0,5.0,0.0
2020-02-20,5.0,5.0,0.0,5.0,0.0,0.0,0.0,0.0,5.0,5.0,5.0,0.0
2020-02-21,5.0,5.0,0.0,5.0,0.0,0.0,0.0,0.0,5.0,5.0,5.0,0.0
2020-02-24,5.0,5.0,0.0,5.0,0.0,0.0,0.0,0.0,5.0,5.0,5.0,0.0
2020-02-25,5.0,5.0,0.0,5.0,0.0,0.0,0.0,0.0,5.0,5.0,5.0,0.0
2020-02-26,5.0,5.0,0.0,5.0,0.0,0.0,0.0,0.0,5.0,5.0,5.0,0.0
2020-02-27,5.0,5.0,0.0,5.0,0.0,0.0,0.0,0.0,5.0,5.0,5.0,0.0
2020-02-28,5.0,5.0,0.0,5.0,0.0,0.0,0.0,0.0,5.0,5.0,5.0,0.0
2020-03-02,5.0,5.0,0.0,5.0,0.0,0.0,0.0,0.0,5.0,5.0,5.0,0.0
2020-03-03,5.0,5.0,0.0,5.0,0.0,0.0,0.0,0.0,5.0,5.0,5.0,0.0
2020-03-04,5.0,5.0,0.0,5.0,0.0,0.0,0.0,0.0,5.0,5.0,5.0,0.0
2020-03-05,5.0,5.0,0.0,5.0,0.0,0.0,0.0,0.0,5.0,5.0,5.0,0.0
2020-03-06,5.0,5.0,0.0,5.0,0.0,0.0,0.0,0.0,5.0,5.0,5.0,0.0
2020-03-09,5.0,5.0,0.0,5.0,0.0,0.0,0.0,0.0,5.0,5.0,5.0,0.0
2020-03-10,5.0,5.0,0.0,5.0,0.0,0.0,0.0,0.0,5.0,5.0,5.0,0.0
2020-03-11,5.0,5.0,0.0,5.0,0.0,0.0,0.0,0.0,5.0,5.0,5.0,0.0
2020-03-12,5.0,5.0,0.0,5.0,0.0,0.0,0.0,0.0,5.0,5.0,5.0,0.0
2020-03-13,5.0,5.0,0.0,5.0,0.0,0.0,0.0,0.0,5.0,5.0,5.0,0.0
2020-03-16,5.0,5.0,0.0,5.0,0.0,0.0,0.0,0.0,5.0,5.0,5.0,0.0
2020-03-17,5.0,5.0,0.0,5.0,0.0,0.0,0.0,0.0,5.0,5.0,5.0,0.0
2020-03-18,5.0,5.0,0.0,5.0,0.0,0.0,0.0,0.0,5.0,5.0,5.0,0.0
2020-03-19,5.0,5.0,0.0,5.0,0.0,0.0,0.0,0.0,5.0,5.0,5.0,0.0
2020-03-20,5.0,5.0,0.0,5.0,0.0,0.0,0.0,0.0,5.0,5.0,5.0,0.0
2020-03-23,5.0,5.0,0.0,5.0,0.0,0.0,0.0,0.0,5.0,5.0,5.0,0.0
2020-03-24,5.0,5.0,0.0,5.0,0.0,0.0,0.0,0.0,5.0,5.0,5.0,0.0
2020-03-25,5.0,5.0,0.0,5.0,0.0,0.0,0.0,0.0,5.0,5.0,5.0,0.0
2020-03-26,5.0,5.0,0.0,5.0,0.0,0.0,0.0,0.0,5.0,5.0,5.0,0.0
2020-03-27,5.0,5.0,0.0,5.0,0.0,0.0,0.0,0.0,5.0,5.0,5.0,0.0
2020-03-30,5.0,5.0,0.0,5.0,0.0,0.0,0.0,0.0,5.0,5.0,5.0,0.0
2020-03-31,5.0,5.0,0.0,5.0,0.0,0.0,0.0,0.0,5.0,5.0,5.0,0.0
2020-04-01,5.0,5.0,0.0,5.0,0.0,0.0,0.0,0.0,5.0,5.0,5.0,0.0
2020-04-03,5.0,5.0,0.0,5.0,0.0,0.0,0.0,0.0,5.0,5.0,5.0,0.0
2020-04-06,5.0,5.0,0.0,5.0,0.0,0.0,0.0,0.0,5.0,5.0,5.0,0.0
2020-04-07,5.0,5.0,0.0,5.0,0.0,0.0,0.0,0.0,5.0,5.0,5.0,0.0
2020-04-08,5.0,5.0,0.0,5.0,0.0,0.0,0.0,0.0,5.0,5.0,5.0,0.0
2020-04-09,5.0,5.0,0.0,5.0,0.0,0.0,0.0,0.0,5.0,5.0,5.0,0.0
2020-04-10,5.0,5.0,0.0,5.0,0.0,0.0,0.0,0.0,5.0,5.0,5.0,0.0
2020-04-13,5.0,5.0,0.0,5.0,0.0,0.0,0.0,0.0,5.0,5.0,5.0,0.0
2020-04-14,5.0,5.0,0.0,5.0,0.0,0.0,0.0,0.0,5.0,5.0,5.0,0.0
2020-04-15,5.0,5.0,0.0,5.0,0.0,0.0,0.0,0.0,5.0,5.0,5.0,0.0
2020-04-16,5.0,5.0,0.0,5.0,0.0,0.0,0.0,0.0,5.0,5.0,5.0,0.0
2020-04-17,5.0,5.0,0.0,5.0,0.0,0.0,0.0,0.0,5.0,5.0,5.0,0.0
2020-04-20,5.0,5.0,0.0,5.0,0.0,0.0,0.0,0.0,5.0,5.0,5.0,0.0
2020-04-21,5.0,5.0,0.0,5.0,0.0,0.0,0.0,0.0,5.0,5.0,5.0,0.0
2020-04-22,5.0,5.0,0.0,5.0,0.0,0.0,0.0,0.0,5.0,5.0,5.0,0.0
2020-04-23,5.0,5.0,0.0,5.0,0.0,0.0,0.0,0.0,5.0,5.0,5.0,0.0
2020-04-24,5.0,5.0,0.0,5.0,0.0,0.0,0.0,0.0,5.0,5.0,5.0,0.0
2020-04-27,5.0,5.0,0.0,5.0,0.0,0.0,0.0,0.0,5.0,5.0,5.0,0.0
2020-04-28,5.0,5.0,0.0,5.0,0.0,0.0,0.0,0.0,5.0,5.0,5.0,0.0
2020-04-29,5.0,5.0,0.0,5.0,0.0,0.0,0.0,0.0,5.0,5.0,5.0,0.0
2020-05-04,5.0,5.0,0.0,5.0,0.0,0.0,0.0,0.0,5.0,5.0,5.0,0.0
2020-05-05,5.0,5.0,0.0,5.0,0.0,0.0,0.0,0.0,5.0,5.0,5.0,0.0
2020-05-06,5.0,5.0,0.0,5.0,0.0,0.0,0.0,0.0,5.0,5.0,5.0,0.0
2020-05-07,5.0,5.0,0.0,5.0,0.0,0.0,0.0,0.0,5.0,5.0,5.0,0.0
2020-05-08,5.0,5.0,0.0,5.0,0.0,0.0,0.0,0.0,5.0,5.0,5.0,0.0
2020-05-11,5.0,5.0,0.0,5.0,0.0,0.0,0.0,0.0,5.0,5.0,5.0,0.0
2020-05-12,5.0,5.0,0.0,5.0,0.0,0.0,0.0,0.0,5.0,5.0,5.0,0.0
2020-05-13,5.0,5.0,0.0,5.0,0.0,0.0,0.0,0.0,5.0,5.0,5.0,0.0
2020-05-14,5.0,5.0,0.0,5.0,0.0,0.0,0.0,0.0,5.0,5.0,5.0,0.0
2020-05-15,5.0,5.0,0.0,5.0,0.0,0.0,0.0,0.0,5.0,5.0,5.0,0.0
2020-05-18,5.0,5.0,0.0,5.0,0.0,0.0,0.0,0.0,5.0,5.0,5.0,0.0
2020-05-19,5.0,5.0,0.0,5.0,0.0,0.0,0.0,0.0,5.0,5.0,5.0,0.0
2020-05-20,5.0,5.0,0.0,5.0,0.0,0.0,0.0,0.0,5.0,5.0,5.0,0.0
2020-05-21,5.0,5.0,0.0,5.0,0.0,0.0,0.0,0.0,5.0,5.0,5.0,0.0
2020-05-22,5.0,5.0,0.0,5.0,0.0,0.0,0.0,0.0,5.0,5.0,5.0,0.0
2020-05-25,5.0,5.0,0.0,5.0,0.0,0.0,0.0,0.0,5.0,5.0,5.0,0.0
2020-05-26,5.0,5.0,0.0,5.0,0.0,0.0,0.0,0.0,5.0,5.0,5.0,0.0
2020-05-27,5.0,5.0,0.0,5.0,0.0,0.0,0.0,0.0,5.0,5.0,5.0,0.0
2020-05-28,5.0,5.0,0.0,5.0,0.0,0.0,0.0,0.0,5.0,5.0,5.0,0.0
2020-05-29,5.0,5.0,0.0,5.0,0.0,0.0,0.0,0.0,5.0,5.0,5.0,0.0
2020-06-01,5.0,5.0,0.0,5.0,0.0,0.0,0.0,0.0,5.0,5.0,5.0,0.0
2020-06-02,5.0,5.0,0.0,5.0,0.0,0.0,0.0,0.0,5.0,5.0,5.0,0.0
2020-06-03,5.0,5.0,0.0,5.0,0.0,0.0,0.0,0.0,5.0,5.0,5.0,0.0
2020-06-04,5.0,5.0,0.0,5.0,0.0,0.0,0.0,0.0,5.0,5.0,5.0,0.0
2020-06-05,5.0,5.0,0.0,5.0,0.0,0.0,0.0,0.0,5.0,5.0,5.0,0.0
2020-06-08,5.0,5.0,0.0,5.0,0.0,0.0,0.0,0.0,5.0,5.0,5.0,0.0
2020-06-09,5.0,5.0,0.0,5.0,0.0,0.0,0.0,0.0,5.0,5.0,5.0,0.0
2020-06-10,5.0,5.0,0.0,5.0,0.0,0.0,0.0,0.0,5.0,5.0,5.0,0.0
2020-06-11,5.0,5.0,0.0,5.0,0.0,0.0,0.0,0.0,5.0,5.0,5.0,0.0
2020-06-12,5.0,5.0,0.0,5.0,0.0,0.0,0.0,0.0,5.0,5.0,5.0,0.0
2020-06-15,5.0,5.0,0.0,5.0,0.0,0.0,0.0,0.0,5.0,5.0,5.0,0.0
2020-06-16,5.0,5.0,0.0,5.0,0.0,0.0,0.0,0.0,5.0,5.0,5.0,0.0
2020-06-17,5.0,5.0,0.0,5.0,0.0,0.0,0.0,0.0,5.0,5.0,5.0,0.0
2020-06-18,5.0,5.0,0.0,5.0,0.0,0.0,0.0,0.0,5.0,5.0,5.0,0.0
2020-06-19,5.0,5.0,0.0,5.0,0.0,0.0,0.0,0.0,5.0,5.0,5.0,0.0
2020-06-22,5.0,5.0,0.0,5.0,0.0,0.0,0.0,0.0,5.0,5.0,5.0,0.0
2020-06-23,5.0,5.0,0.0,5.0,0.0,0.0,0.0,0.0,5.0,5.0,5.0,0.0
2020-06-24,5.0,5.0,0.0,5.0,0.0,0.0,0.0,0.0,5.0,5.0,5.0,0.0
2020-06-25,5.0,5.0,0.0,5.0,0.0,0.0,0.0,0.0,5.0,5.0,5.0,0.0
2020-06-26,5.0,5.0,0.0,5.0,0.0,0.0,0.0,0.0,5.0,5.0,5.0,0.0
2020-06-29,5.0,5.0,0.0,5.0,0.0,0.0,0.0,0.0,5.0,5.0,5.0,0.0
2020-06-30,5.0,5.0,0.0,5.0,0.0,0.0,0.0,0.0,5.0,5.0,5.0,0.0
2020-07-01,5.0,5.0,0.0,5.0,0.0,0.0,0.0,0.0,5.0,5.0,5.0,0.0
2020-07-02,5.0,5.0,0.0,5.0,0.0,0.0,0.0,0.0,5.0,5.0,5.0,0.0
2020-07-03,5.0,5.0,0.0,5.0,0.0,0.0,0.0,0.0,5.0,5.0,5.0,0.0
2020-07-06,5.0,5.0,0.0,5.0,0.0,0.0,0.0,0.0,5.0,5.0,5.0,0.0
2020-07-07,5.0,5.0,0.0,5.0,0.0,0.0,0.0,0.0,5.0,5.0,5.0,0.0
2020-07-08,5.0,5.0,0.0,5.0,0.0,0.0,0.0,0.0,5.0,5.0,5.0,0.0
2020-07-09,5.0,5.0,0.0,5.0,0.0,0.0,0.0,0.0,5.0,5.0,5.0,0.0
2020-07-10,5.0,5.0,0.0,5.0,0.0,0.0,0.0,0.0,5.0,5.0,5.0,0.0
2020-07-13,5.0,5.0,0.0,5.0,0.0,0.0,0.0,0.0,5.0,5.0,5.0,0.0
2020-07-14,5.0,5.0,0.0,5.0,0.0,0.0,0.0,0.0,5.0,5.0,5.0,0.0
2020-07-15,5.0,5.0,0.0,5.0,0.0,0.0,0.0,0.0,5.0,5.0,5.0,0.0
2020-07-16,5.0,5.0,0.0,5.0,0.0,0.0,0.0,0.0,5.0,5.0,5.0,0.0
2020-07-17,5.0,5.0,0.0,5.0,0.0,0.0,0.0,0.0,5.0,5.0,5.0,0.0
2020-07-20,5.0,5.0,0.0,5.0,0.0,0.0,0.0,0.0,5.0,5.0,5.0,0.0
2020-07-21,5.0,5.0,0.0,5.0,0.0,0.0,0.0,0.0,5.0,5.0,5.0,0.0
2020-07-22,5.0,5.0,0.0,5.0,0.0,0.0,0.0,0.0,5.0,5.0,5.0,0.0
2020-07-23,5.0,5.0,0.0,5.0,0.0,0.0,0.0,0.0,5.0,5.0,5.0,0.0
2020-07-24,5.0,5.0,0.0,5.0,0.0,0.0,0.0,0.0,5.0,5.0,5.0,0.0
2020-07-27,5.0,5.0,0.0,5.0,0.0,0.0,0.0,0.0,5.0,5.0,5.0,0.0
2020-07-28,5.0,5.0,0.0,5.0,0.0,0.0,0.0,0.0,5.0,5.0,5.0,0.0
2020-07-29,5.0,5.0,0.0,5.0,0.0,0.0,0.0,0.0,5.0,5.0,5.0,0.0
2020-07-30,5.0,5.0,0.0,5.0,0.0,0.0,0.0,0.0,5.0,5.0,5.0,0.0
2020-07-31,5.0,5.0,0.0,5.0,0.0,0.0,0.0,0.0,5.0,5.0,5.0,0.0
2020-08-03,5.0,5.0,0.0,5.0,0.0,0.0,0.0,0.0,5.0,5.0,5.0,0.0
2020-08-04,5.0,5.0,0.0,5.0,0.0,0.0,0.0,0.0,5.0,5.0,5.0,0.0
2020-08-05,5.0,5.0,0.0,5.0,0.0,0.0,0.0,0.0,5.0,5.0,5.0,0.0
2020-08-06,5.0,5.0,0.0,5.0,0.0,0.0,0.0,0.0,5.0,5.0,5.0,0.0
2020-08-07,5.0,5.0,0.0,5.0,0.0,0.0,0.0,0.0,5.0,5.0,5.0,0.0
2020-08-10,5.0,5.0,0.0,5.0,0.0,0.0,0.0,0.0,5.0,5.0,5.0,0.0
2020-08-11,5.0,5.0,0.0,5.0,0.0,0.0,0.0,0.0,5.0,5.0,5.0,0.0
2020-08-12,5.0,5.0,0.0,5.0,0.0,0.0,0.0,0.0,5.0,5.0,5.0,0.0
2020-08-13,5.0,5.0,0.0,5.0,0.0,0.0,0.0,0.0,5.0,5.0,5.0,0.0
2020-08-14,5.0,5.0,0.0,5.0,0.0,0.0,0.0,0.0,5.0,5.0,5.0,0.0
2020-08-17,5.0,5.0,0.0,5.0,0.0,0.0,0.0,0.0,5.0,5.0,5.0,0.0
2020-08-18,5.0,5.0,0.0,5.0,0.0,0.0,0.0,0.0,5.0,5.0,5.0,0.0
2020-08-19,5.0,5.0,0.0,5.0,0.0,0.0,0.0,0.0,5.0,5.0,5.0,0.0
2020-08-20,5.0,5.0,0.0,5.0,0.0,0.0,0.0,0.0,5.0,5.0,5.0,0.0
2020-08-21,5.0,5.0,0.0,5.0,0.0,0.0,0.0,0.0,5.0,5.0,5.0,0.0
2020-08-24,5.0,5.0,0.0,5.0,0.0,0.0,0.0,0.0,5.0,5.0,5.0,0.0
2020-08-25,5.0,5.0,0.0,5.0,0.0,0.0,0.0,0.0,5.0,5.0,5.0,0.0
2020-08-26,5.0,5.0,0.0,5.0,0.0,0.0,0.0,0.0,5.0,5.0,5.0,0.0
2020-08-27,5.0,5.0,0.0,5.0,0.0,0.0,0.0,0.0,5.0,5.0,5.0,0.0
2020-08-28,5.0,5.0,0.0,5.0,0.0,0.0,0.0,0.0,5.0,5.0,5.0,0.0
2020-08-31,5.0,5.0,0.0,5.0,0.0,0.0,0.0,0.0,5.0,5.0,5.0,0.0
2020-09-01,5.0,5.0,0.0,5.0,0.0,0.0,0.0,0.0,5.0,5.0,5.0,0.0
2020-09-03,5.0,5.0,0.0,5.0,0.0,0.0,0.0,0.0,5.0,5.0,5.0,0.0
2020-09-04,5.0,5.0,0.0,5.0,0.0,0.0,0.0,0.0,5.0,5.0,5.0,0.0
2020-09-07,5.0,5.0,0.0,5.0,0.0,0.0,0.0,0.0,5.0,5.0,5.0,0.0
2020-09-08,5.0,5.0,0.0,5.0,0.0,0.0,0.0,0.0,5.0,5.0,5.0,0.0
2020-09-09,5.0,5.0,0.0,5.0,0.0,0.0,0.0,0.0,5.0,5.0,5.0,0.0
2020-09-10,5.0,5.0,0.0,5.0,0.0,0.0,0.0,0.0,5.0,5.0,5.0,0.0
2020-09-11,5.0,5.0,0.0,5.0,0.0,0.0,0.0,0.0,5.0,5.0,5.0,0.0
2020-09-14,5.0,5.0,0.0,5.0,0.0,0.0,0.0,0.0,5.0,5.0,5.0,0.0
2020-09-15,5.0,5.0,0.0,5.0,0.0,0.0,0.0,0.0,5.0,5.0,5.0,0.0
2020-09-16,5.0,5.0,0.0,5.0,0.0,0.0,0.0,0.0,5.0,5.0,5.0,0.0
2020-09-17,5.0,5.0,0.0,5.0,0.0,0.0,0.0,0.0,5.0,5.0,5.0,0.0
2020-09-18,5.0,5.0,0.0,5.0,0.0,0.0,0.0,0.0,5.0,5.0,5.0,0.0
2020-09-21,5.0,5.0,0.0,5.0,0.0,0.0,0.0,0.0,5.0,5.0,5.0,0.0
2020-09-22,5.0,5.0,0.0,5.0,0.0,0.0,0.0,0.0,5.0,5.0,5.0,0.0
2020-09-23,5.0,5.0,0.0,5.0,0.0,0.0,0.0,0.0,5.0,5.0,5.0,0.0
2020-09-24,5.0,5.0,0.0,5.0,0.0,0.0,0.0,0.0,5.0,5.0,5.0,0.0
2020-09-25,5.0,5.0,0.0,5.0,0.0,0.0,0.0,0.0,5.0,5.0,5.0,0.0
2020-09-28,5.0,5.0,0.0,5.0,0.0,0.0,0.0,0.0,5.0,5.0,5.0,0.0
2020-09-29,5.0,5.0,0.0,5.0,0.0,0.0,0.0,0.0,5.0,5.0,5.0,0.0
2020-09-30,5.0,5.0,0.0,5.0,0.0,0.0,0.0,0.0,5.0,5.0,5.0,0.0
2020-10-01,5.0,5.0,0.0,5.0,0.0,0.0,0.0,0.0,5.0,5.0,5.0,0.0
2020-10-02,5.0,5.0,0.0,5.0,0.0,0.0,0.0,0.0,5.0,5.0,5.0,0.0
2020-10-05,5.0,5.0,0.0,5.0,0.0,0.0,0.0,0.0,5.0,5.0,5.0,0.0
2020-10-06,5.0,5.0,0.0,5.0,0.0,0.0,0.0,0.0,5.0,5.0,5.0,0.0
2020-10-07,5.0,5.0,0.0,5.0,0.0,0.0,0.0,0.0,5.0,5.0,5.0,0.0
2020-10-08,5.0,5.0,0.0,5.0,0.0,0.0,0.0,0.0,5.0,5.0,5.0,0.0
2020-10-09,5.0,5.0,0.0,5.0,0.0,0.0,0.0,0.0,5.0,5.0,5.0,0.0
2020-10-12,5.0,5.0,0.0,5.0,0.0,0.0,0.0,0.0,5.0,5.0,5.0,0.0
2020-10-13,5.0,5.0,0.0,5.0,0.0,0.0,0.0,0.0,5.0,5.0,5.0,0.0
2020-10-14,5.0,5.0,0.0,5.0,0.0,0.0,0.0,0.0,5.0,5.0,5.0,0.0
2020-10-15,5.0,5.0,0.0,5.0,0.0,0.0,0.0,0.0,5.0,5.0,5.0,0.0
2020-10-16,5.0,5.0,0.0,5.0,0.0,0.0,0.0,0.0,5.0,5.0,5.0,0.0
2020-10-19,5.0,5.0,0.0,5.0,0.0,0.0,0.0,0.0,5.0,5.0,5.0,0.0
2020-10-20,5.0,5.0,0.0,5.0,0.0,0.0,0.0,0.0,5.0,5.0,5.0,0.0
2020-10-21,5.0,5.0,0.0,5.0,0.0,0.0,0.0,0.0,5.0,5.0,5.0,0.0
2020-10-22,5.0,5.0,0.0,5.0,0.0,0.0,0.0,0.0,5.0,5.0,5.0,0.0
2020-10-23,5.0,5.0,0.0,5.0,0.0,0.0,0.0,0.0,5.0,5.0,5.0,0.0
2020-10-26,5.0,5.0,0.0,5.0,0.0,0.0,0.0,0.0,5.0,5.0,5.0,0.0
2020-10-27,5.0,5.0,0.0,5.0,0.0,0.0,0.0,0.0,5.0,5.0,5.0,0.0
2020-10-28,5.0,5.0,0.0,5.0,0.0,0.0,0.0,0.0,5.0,5.0,5.0,0.0
2020-10-29,5.0,5.0,0.0,5.0,0.0,0.0,0.0,0.0,5.0,5.0,5.0,0.0
2020-10-30,5.0,5.0,0.0,5.0,0.0,0.0,0.0,0.0,5.0,5.0,5.0,0.0
2020-11-02,5.0,5.0,0.0,5.0,0.0,0.0,0.0,0.0,5.0,5.0,5.0,0.0
2020-11-03,5.0,5.0,0.0,5.0,0.0,0.0,0.0,0.0,5.0,5.0,5.0,0.0
2020-11-04,5.0,5.0,0.0,5.0,0.0,0.0,0.0,0.0,5.0,5.0,5.0,0.0
2020-11-05,5.0,5.0,0.0,5.0,0.0,0.0,0.0,0.0,5.0,5.0,5.0,0.0
2020-11-06,5.0,5.0,0.0,5.0,0.0,0.0,0.0,0.0,5.0,5.0,5.0,0.0
2020-11-09,5.0,5.0,0.0,5.0,0.0,0.0,0.0,0.0,5.0,5.0,5.0,0.0
2020-11-10,5.0,5.0,0.0,5.0,0.0,0.0,0.0,0.0,5.0,5.0,5.0,0.0
2020-11-11,5.0,5.0,0.0,5.0,0.0,0.0,0.0,0.0,5.0,5.0,5.0,0.0
2020-11-12,5.0,5.0,0.0,5.0,0.0,0.0,0.0,0.0,5.0,5.0,5.0,0.0
2020-11-13,5.0,5.0,0.0,5.0,0.0,0.0,0.0,0.0,5.0,5.0,5.0,0.0
2020-11-16,5.0,5.0,0.0,5.0,0.0,0.0,0.0,0.0,5.0,5.0,5.0,0.0
2020-11-17,5.0,5.0,0.0,5.0,0.0,0.0,0.0,0.0,5.0,5.0,5.0,0.0
2020-11-18,5.0,5.0,0.0,5.0,0.0,0.0,0.0,0.0,5.0,5.0,5.0,0.0
2020-11-19,5.0,5.0,0.0,5.0,0.0,0.0,0.0,0.0,5.0,5.0,5.0,0.0
2020-11-20,5.0,5.0,0.0,5.0,0.0,0.0,0.0,0.0,5.0,5.0,5.0,0.0
2020-11-23,5.0,5.0,0.0,5.0,0.0,0.0,0.0,0.0,5.0,5.0,5.0,0.0
2020-11-24,5.0,5.0,0.0,5.0,0.0,0.0,0.0,0.0,5.0,5.0,5.0,0.0
2020-11-25,5.0,5.0,0.0,5.0,0.0,0.0,0.0,0.0,5.0,5.0,5.0,0.0
2020-11-26,5.0,5.0,0.0,5.0,0.0,0.0,0.0,0.0,5.0,5.0,5.0,0.0
2020-11-27,5.0,5.0,0.0,5.0,0.0,0.0,0.0,0.0,5.0,5.0,5.0,0.0
2020-11-30,5.0,5.0,0.0,5.0,0.0,0.0,0.0,0.0,5.0,5.0,5.0,0.0
2020-12-01,5.0,5.0,0.0,5.0,0.0,0.0,0.0,0.0,5.0,5.0,5.0,0.0
2020-12-02,5.0,5.0,0.0,5.0,0.0,0.0,0.0,0.0,5.0,5.0,5.0,0.0
2020-12-03,5.0,5.0,0.0,5.0,0.0,0.0,0.0,0.0,5.0,5.0,5.0,0.0
2020-12-04,5.0,5.0,0.0,5.0,0.0,0.0,0.0,0.0,5.0,5.0,5.0,0.0
2020-12-07,5.0,5.0,0.0,5.0,0.0,0.0,0.0,0.0,5.0,5.0,5.0,0.0
2020-12-08,5.0,5.0,0.0,5.0,0.0,0.0,0.0,0.0,5.0,5.0,5.0,0.0
2020-12-09,5.0,5.0,0.0,5.0,0.0,0.0,0.0,0.0,5.0,5.0,5.0,0.0
2020-12-10,5.0,5.0,0.0,5.0,0.0,0.0,0.0,0.0,5.0,5.0,5.0,0.0
2020-12-11,5.0,5.0,0.0,5.0,0.0,0.0,0.0,0.0,5.0,5.0,5.0,0.0
2020-12-14,5.0,5.0,0.0,5.0,0.0,0.0,0.0,0.0,5.0,5.0,5.0,0.0
2020-12-15,5.0,5.0,0.0,5.0,0.0,0.0,0.0,0.0,5.0,5.0,5.0,0.0
2020-12-16,5.0,5.0,0.0,5.0,0.0,0.0,0.0,0.0,5.0,5.0,5.0,0.0
2020-12-17,5.0,5.0,0.0,5.0,0.0,0.0,0.0,0.0,5.0,5.0,5.0,0.0
2020-12-18,5.0,5.0,0.0,5.0,0.0,0.0,0.0,0.0,5.0,5.0,5.0,0.0
2020-12-21,5.0,5.0,0.0,5.0,0.0,0.0,0.0,0.0,5.0,5.0,5.0,0.0
2020-12-22,5.0,5.0,0.0,5.0,0.0,0.0,0.0,0.0,5.0,5.0,5.0,0.0
2020-12-23,5.0,5.0,0.0,5.0,0.0,0.0,0.0,0.0,5.0,5.0,5.0,0.0
2020-12-24,5.0,5.0,0.0,5.0,0.0,0.0,0.0,0.0,5.0,5.0,5.0,0.0
2020-12-25,5.0,5.0,0.0,5.0,0.0,0.0,0.0,0.0,5.0,5.0,5.0,0.0
2020-12-28,5.0,5.0,0.0,5.0,0.0,0.0,0.0,0.0,5.0,5.0,5.0,0.0
2020-12-29,5.0,5.0,0.0,5.0,0.0,0.0,0.0,0.0,5.0,5.0,5.0,0.0
2020-12-30,5.0,5.0,0.0,5.0,0.0,0.0,0.0,0.0,5.0,5.0,5.0,0.0
2020-12-31,5.0,5.0,0.0,5.0,0.0,0.0,0.0,0.0,5.0,5.0,5.0,0.0
2021-01-04,5.0,5.0,0.0,5.0,0.0,0.0,0.0,0.0,5.0,5.0,5.0,0.0
2021-01-05,5.0,5.0,0.0,5.0,0.0,0.0,0.0,0.0,5.0,5.0,5.0,0.0
2021-01-06,5.0,5.0,0.0,5.0,0.0,0.0,0.0,0.0,5.0,5.0,5.0,0.0
2021-01-07,5.0,5.0,0.0,5.0,0.0,0.0,0.0,0.0,5.0,5.0,5.0,0.0
2021-01-08,5.0,5.0,0.0,5.0,0.0,0.0,0.0,0.0,5.0,5.0,5.0,0.0
2021-01-11,5.0,5.0,0.0,5.0,0.0,0.0,0.0,0.0,5.0,5.0,5.0,0.0
2021-01-12,5.0,5.0,0.0,5.0,0.0,0.0,0.0,0.0,5.0,5.0,5.0,0.0
2021-01-13,5.0,5.0,0.0,5.0,0.0,0.0,0.0,0.0,5.0,5.0,5.0,0.0
2021-01-14,5.0,5.0,0.0,5.0,0.0,0.0,0.0,0.0,5.0,5.0,5.0,0.0
2021-01-15,5.0,5.0,0.0,5.0,0.0,0.0,0.0,0.0,5.0,5.0,5.0,0.0
2021-01-18,5.0,5.0,0.0,5.0,0.0,0.0,0.0,0.0,5.0,5.0,5.0,0.0
2021-01-19,5.0,5.0,0.0,5.0,0.0,0.0,0.0,0.0,5.0,5.0,5.0,0.0
2021-01-20,5.0,5.0,0.0,5.0,0.0,0.0,0.0,0.0,5.0,5.0,5.0,0.0
2021-01-21,5.0,5.0,0.0,5.0,0.0,0.0,0.0,0.0,5.0,5.0,5.0,0.0
2021-01-22,5.0,5.0,0.0,5.0,0.0,0.0,0.0,0.0,5.0,5.0,5.0,0.0
2021-01-25,5.0,5.0,0.0,5.0,0.0,0.0,0.0,0.0,5.0,5.0,5.0,0.0
2021-01-26,5.0,5.0,0.0,5.0,0.0,0.0,0.0,0.0,5.0,5.0,5.0,0.0
2021-01-27,5.0,5.0,0.0,5.0,0.0,0.0,0.0,0.0,5.0,5.0,5.0,0.0
2021-01-28,5.0,5.0,0.0,5.0,0.0,0.0,0.0,0.0,5.0,5.0,5.0,0.0
2021-01-29,5.0,5.0,0.0,5.0,0.0,0.0,0.0,0.0,5.0,5.0,5.0,0.0
2021-02-01,5.0,5.0,0.0,5.0,0.0,0.0,0.0,0.0,5.0,5.0,5.0,0.0
2021-02-02,5.0,5.0,0.0,5.0,0.0,0.0,0.0,0.0,5.0,5.0,5.0,0.0
2021-02-03,5.0,5.0,0.0,5.0,0.0,0.0,0.0,0.0,5.0,5.0,5.0,0.0
2021-02-04,5.0,5.0,0.0,5.0,0.0,0.0,0.0,0.0,5.0,5.0,5.0,0.0
2021-02-05,5.0,5.0,0.0,5.0,0.0,0.0,0.0,0.0,5.0,5.0,5.0,0.0
2021-02-08,5.0,5.0,0.0,5.0,0.0,0.0,0.0,0.0,5.0,5.0,5.0,0.0
2021-02-09,5.0,5.0,0.0,5.0,0.0,0.0,0.0,0.0,5.0,5.0,5.0,0.0
2021-02-17,5.0,5.0,0.0,5.0,0.0,0.0,0.0,0.0,5.0,5.0,5.0,0.0
2021-02-18,5.0,5.0,0.0,5.0,0.0,0.0,0.0,0.0,5.0,5.0,5.0,0.0
2021-02-19,5.0,5.0,0.0,5.0,0.0,0.0,0.0,0.0,5.0,5.0,5.0,0.0
2021-02-22,5.0,5.0,0.0,5.0,0.0,0.0,0.0,0.0,5.0,5.0,5.0,0.0
2021-02-23,5.0,5.0,0.0,5.0,0.0,0.0,0.0,0.0,5.0,5.0,5.0,0.0
2021-02-24,5.0,5.0,0.0,5.0,0.0,0.0,0.0,0.0,5.0,5.0,5.0,0.0
2021-02-25,5.0,5.0,0.0,5.0,0.0,0.0,0.0,0.0,5.0,5.0,5.0,0.0
2021-02-26,5.0,5.0,0.0,5.0,0.0,0.0,0.0,0.0,5.0,5.0,5.0,0.0
2021-03-01,5.0,5.0,0.0,5.0,0.0,0.0,0.0,0.0,5.0,5.0,5.0,0.0
2021-03-02,5.0,5.0,0.0,5.0,0.0,0.0,0.0,0.0,5.0,5.0,5.0,0.0
2021-03-03,5.0,5.0,0.0,5.0,0.0,0.0,0.0,0.0,5.0,5.0,5.0,0.0
2021-03-04,5.0,5.0,0.0,5.0,0.0,0.0,0.0,0.0,5.0,5.0,5.0,0.0
2021-03-05,5.0,5.0,0.0,5.0,0.0,0.0,0.0,0.0,5.0,5.0,5.0,0.0
2021-03-08,5.0,5.0,0.0,5.0,0.0,0.0,0.0,0.0,5.0,5.0,5.0,0.0
2021-03-09,5.0,5.0,0.0,5.0,0.0,0.0,0.0,0.0,5.0,5.0,5.0,0.0
2021-03-10,4.5,4.5,-10.0,4.5,500.0,2250000.0,0.0,0.0,4.5,4.5,4.5,500.0
2021-03-11,4.5,4.5,0.0,4.5,0.0,0.0,0.0,0.0,4.5,4.5,4.5,0.0
2021-03-12,4.5,4.5,0.0,4.5,0.0,0.0,0.0,0.0,4.5,4.5,4.5,0.0
2021-03-15,4.5,4.5,0.0,4.5,0.0,0.0,0.0,0.0,4.5,4.5,4.5,0.0
2021-03-16,4.5,4.5,0.0,4.5,0.0,0.0,0.0,0.0,4.5,4.5,4.5,0.0
2021-03-17,4.5,4.5,0.0,4.5,0.0,0.0,0.0,0.0,4.5,4.5,4.5,0.0
2021-03-18,4.5,4.5,0.0,4.5,0.0,0.0,0.0,0.0,4.5,4.5,4.5,0.0
2021-03-19,4.5,4.5,0.0,4.5,0.0,0.0,0.0,0.0,4.5,4.5,4.5,0.0
2021-03-22,4.5,4.5,0.0,4.5,0.0,0.0,0.0,0.0,4.5,4.5,4.5,0.0
2021-03-23,4.5,4.5,0.0,4.5,0.0,0.0,0.0,0.0,4.5,4.5,4.5,0.0
2021-03-24,4.5,4.5,0.0,4.5,0.0,0.0,0.0,0.0,4.5,4.5,4.5,0.0
2021-03-25,4.5,4.5,0.0,4.5,0.0,0.0,0.0,0.0,4.5,4.5,4.5,0.0
2021-03-26,4.5,4.5,0.0,4.5,0.0,0.0,0.0,0.0,4.5,4.5,4.5,0.0
2021-03-29,4.5,4.5,0.0,4.5,0.0,0.0,0.0,0.0,4.5,4.5,4.5,0.0
2021-03-30,4.5,4.5,0.0,4.5,0.0,0.0,0.0,0.0,4.5,4.5,4.5,0.0
2021-03-31,4.5,4.5,0.0,4.5,0.0,0.0,0.0,0.0,4.5,4.5,4.5,0.0
2021-04-01,4.5,4.5,0.0,4.5,0.0,0.0,0.0,0.0,4.5,4.5,4.5,0.0
2021-04-02,4.5,4.5,0.0,4.5,0.0,0.0,0.0,0.0,4.5,4.5,4.5,0.0
2021-04-05,4.5,4.5,0.0,4.5,0.0,0.0,0.0,0.0,4.5,4.5,4.5,0.0
2021-04-06,4.5,4.5,0.0,4.5,0.0,0.0,0.0,0.0,4.5,4.5,4.5,0.0
2021-04-07,4.5,4.5,0.0,4.5,0.0,0.0,0.0,0.0,4.5,4.5,4.5,0.0
2021-04-08,4.5,4.5,0.0,4.5,0.0,0.0,0.0,0.0,4.5,4.5,4.5,0.0
2021-04-09,4.5,4.5,0.0,4.5,0.0,0.0,0.0,0.0,4.5,4.5,4.5,0.0
2021-04-12,4.5,4.5,0.0,4.5,0.0,0.0,0.0,0.0,4.5,4.5,4.5,0.0
2021-04-13,4.5,4.5,0.0,4.5,0.0,0.0,0.0,0.0,4.5,4.5,4.5,0.0
2021-04-14,4.5,4.5,0.0,4.5,0.0,0.0,0.0,0.0,4.5,4.5,4.5,0.0
2021-04-15,4.5,4.5,0.0,4.5,0.0,0.0,0.0,0.0,4.5,4.5,4.5,0.0
2021-04-16,4.5,4.5,0.0,4.5,0.0,0.0,0.0,0.0,4.5,4.5,4.5,0.0
2021-04-19,4.5,4.5,0.0,4.5,0.0,0.0,0.0,0.0,4.5,4.5,4.5,0.0
2021-04-20,4.5,4.5,0.0,4.5,0.0,0.0,0.0,0.0,4.5,4.5,4.5,0.0
2021-04-22,4.5,4.5,0.0,4.5,0.0,0.0,0.0,0.0,4.5,4.5,4.5,0.0
2021-04-23,4.5,4.5,0.0,4.5,0.0,0.0,0.0,0.0,4.5,4.5,4.5,0.0
2021-04-26,4.5,4.5,0.0,4.5,0.0,0.0,0.0,0.0,4.5,4.5,4.5,0.0
2021-04-27,4.5,4.5,0.0,4.5,0.0,0.0,0.0,0.0,4.5,4.5,4.5,0.0
2021-04-28,4.5,4.5,0.0,4.5,0.0,0.0,0.0,0.0,4.5,4.5,4.5,0.0
2021-04-29,4.5,4.5,0.0,4.5,0.0,0.0,0.0,0.0,4.5,4.5,4.5,0.0
2021-05-04,4.5,4.5,0.0,4.5,0.0,0.0,0.0,0.0,4.5,4.5,4.5,0.0
2021-05-05,4.5,4.5,0.0,4.5,0.0,0.0,0.0,0.0,4.5,4.5,4.5,0.0
2021-05-06,4.5,4.5,0.0,4.5,0.0,0.0,0.0,0.0,4.5,4.5,4.5,0.0
2021-05-07,4.5,4.5,0.0,4.5,0.0,0.0,0.0,0.0,4.5,4.5,4.5,0.0
2021-05-10,4.5,4.5,0.0,4.5,0.0,0.0,0.0,0.0,4.5,4.5,4.5,0.0
2021-05-11,4.5,4.5,0.0,4.5,0.0,0.0,0.0,0.0,4.5,4.5,4.5,0.0
2021-05-12,4.5,4.5,0.0,4.5,0.0,0.0,0.0,0.0,4.5,4.5,4.5,0.0
2021-05-13,4.5,4.5,0.0,4.5,0.0,0.0,0.0,0.0,4.5,4.5,4.5,0.0
2021-05-14,4.5,4.5,0.0,4.5,0.0,0.0,0.0,0.0,4.5,4.5,4.5,0.0
2021-05-17,4.5,4.5,0.0,4.5,0.0,0.0,0.0,0.0,4.5,4.5,4.5,0.0
2021-05-18,4.5,4.5,0.0,4.5,0.0,0.0,0.0,0.0,4.5,4.5,4.5,0.0
2021-05-19,4.5,4.5,0.0,4.5,0.0,0.0,0.0,0.0,4.5,4.5,4.5,0.0
2021-05-20,4.5,4.5,0.0,4.5,0.0,0.0,0.0,0.0,4.5,4.5,4.5,0.0
2021-05-21,4.5,4.5,0.0,4.5,0.0,0.0,0.0,0.0,4.5,4.5,4.5,0.0
2021-05-24,4.5,4.5,0.0,4.5,0.0,0.0,0.0,0.0,4.5,4.5,4.5,0.0
2021-05-25,4.5,4.5,0.0,4.5,0.0,0.0,0.0,0.0,4.5,4.5,4.5,0.0
2021-05-26,4.5,4.5,0.0,4.5,0.0,0.0,0.0,0.0,4.5,4.5,4.5,0.0
2021-05-27,4.5,4.5,0.0,4.5,0.0,0.0,0.0,0.0,4.5,4.5,4.5,0.0
2021-05-28,4.5,4.5,0.0,4.5,0.0,0.0,0.0,0.0,4.5,4.5,4.5,0.0
2021-05-31,4.5,4.5,0.0,4.5,0.0,0.0,0.0,0.0,4.5,4.5,4.5,0.0
2021-06-01,4.5,4.5,0.0,4.5,0.0,0.0,0.0,0.0,4.5,4.5,4.5,0.0
2021-06-02,4.5,4.5,0.0,4.5,0.0,0.0,0.0,0.0,4.5,4.5,4.5,0.0
2021-06-03,4.5,4.5,0.0,4.5,0.0,0.0,0.0,0.0,4.5,4.5,4.5,0.0
2021-06-04,4.5,4.5,0.0,4.5,0.0,0.0,0.0,0.0,4.5,4.5,4.5,0.0
2021-06-07,4.5,4.5,0.0,4.5,0.0,0.0,0.0,0.0,4.5,4.5,4.5,0.0
2021-06-08,4.5,4.5,0.0,4.5,0.0,0.0,0.0,0.0,4.5,4.5,4.5,0.0
2021-06-09,4.5,4.5,0.0,4.5,0.0,0.0,0.0,0.0,4.5,4.5,4.5,0.0
2021-06-10,4.5,4.5,0.0,4.5,0.0,0.0,0.0,0.0,4.5,4.5,4.5,0.0
2021-06-11,4.5,4.5,0.0,4.5,0.0,0.0,0.0,0.0,4.5,4.5,4.5,0.0
2021-06-14,4.5,4.5,0.0,4.5,0.0,0.0,0.0,0.0,4.5,4.5,4.5,0.0
2021-06-15,4.5,4.5,0.0,4.5,0.0,0.0,0.0,0.0,4.5,4.5,4.5,0.0
2021-06-16,4.5,4.5,0.0,4.5,0.0,0.0,0.0,0.0,4.5,4.5,4.5,0.0
2021-06-17,4.5,4.5,0.0,4.5,0.0,0.0,0.0,0.0,4.5,4.5,4.5,0.0
2021-06-18,4.5,4.5,0.0,4.5,0.0,0.0,0.0,0.0,4.5,4.5,4.5,0.0
2021-06-21,4.5,4.5,0.0,4.5,0.0,0.0,0.0,0.0,4.5,4.5,4.5,0.0
2021-06-22,4.5,4.5,0.0,4.5,0.0,0.0,0.0,0.0,4.5,4.5,4.5,0.0
2021-06-23,4.5,4.5,0.0,4.5,0.0,0.0,0.0,0.0,4.5,4.5,4.5,0.0
2021-06-24,4.5,4.5,0.0,4.5,0.0,0.0,0.0,0.0,4.5,4.5,4.5,0.0
2021-06-25,4.5,4.5,0.0,4.5,0.0,0.0,0.0,0.0,4.5,4.5,4.5,0.0
2021-06-28,4.5,4.5,0.0,4.5,0.0,0.0,0.0,0.0,4.5,4.5,4.5,0.0
2021-06-29,4.5,4.5,0.0,4.5,0.0,0.0,0.0,0.0,4.5,4.5,4.5,0.0
2021-06-30,4.5,4.5,0.0,4.5,0.0,0.0,0.0,0.0,4.5,4.5,4.5,0.0
2021-07-01,4.5,4.5,0.0,4.5,0.0,0.0,0.0,0.0,4.5,4.5,4.5,0.0
2021-07-02,4.5,4.5,0.0,4.5,0.0,0.0,0.0,0.0,4.5,4.5,4.5,0.0
2021-07-05,4.5,4.5,0.0,4.5,0.0,0.0,0.0,0.0,4.5,4.5,4.5,0.0
2021-07-06,4.5,4.5,0.0,4.5,0.0,0.0,0.0,0.0,4.5,4.5,4.5,0.0
2021-07-07,4.5,4.5,0.0,4.5,0.0,0.0,0.0,0.0,4.5,4.5,4.5,0.0
2021-07-08,4.5,4.5,0.0,4.5,0.0,0.0,0.0,0.0,4.5,4.5,4.5,0.0
2021-07-09,4.5,4.5,0.0,4.5,0.0,0.0,0.0,0.0,4.5,4.5,4.5,0.0
2021-07-12,4.5,4.5,0.0,4.5,0.0,0.0,0.0,0.0,4.5,4.5,4.5,0.0
2021-07-13,4.5,4.5,0.0,4.5,0.0,0.0,0.0,0.0,4.5,4.5,4.5,0.0
2021-07-14,4.5,4.5,0.0,4.5,0.0,0.0,0.0,0.0,4.5,4.5,4.5,0.0
2021-07-15,4.5,4.5,0.0,4.5,0.0,0.0,0.0,0.0,4.5,4.5,4.5,0.0
2021-07-16,4.5,4.5,0.0,4.5,0.0,0.0,0.0,0.0,4.5,4.5,4.5,0.0
2021-07-19,4.5,4.5,0.0,4.5,0.0,0.0,0.0,0.0,4.5,4.5,4.5,0.0
2021-07-20,4.5,4.5,0.0,4.5,0.0,0.0,0.0,0.0,4.5,4.5,4.5,0.0
2021-07-21,4.5,4.5,0.0,4.5,0.0,0.0,0.0,0.0,4.5,4.5,4.5,0.0
2021-07-22,4.5,4.5,0.0,4.5,0.0,0.0,0.0,0.0,4.5,4.5,4.5,0.0
2021-07-23,4.5,4.5,0.0,4.5,0.0,0.0,0.0,0.0,4.5,4.5,4.5,0.0
2021-07-26,4.5,4.5,0.0,4.5,0.0,0.0,0.0,0.0,4.5,4.5,4.5,0.0
2021-07-27,4.5,4.5,0.0,4.5,0.0,0.0,0.0,0.0,4.5,4.5,4.5,0.0
2021-07-28,4.5,4.5,0.0,4.5,0.0,0.0,0.0,0.0,4.5,4.5,4.5,0.0
2021-07-29,4.5,4.5,0.0,4.5,0.0,0.0,0.0,0.0,4.5,4.5,4.5,0.0
2021-07-30,4.5,4.5,0.0,4.5,0.0,0.0,0.0,0.0,4.5,4.5,4.5,0.0
2021-08-02,4.5,4.5,0.0,4.5,0.0,0.0,0.0,0.0,4.5,4.5,4.5,0.0
2021-08-03,4.5,4.5,0.0,4.5,0.0,0.0,0.0,0.0,4.5,4.5,4.5,0.0
2021-08-04,4.5,4.5,0.0,4.5,0.0,0.0,0.0,0.0,4.5,4.5,4.5,0.0
2021-08-05,4.5,4.5,0.0,4.5,0.0,0.0,0.0,0.0,4.5,4.5,4.5,0.0
2021-08-06,4.5,4.5,0.0,4.5,0.0,0.0,0.0,0.0,4.5,4.5,4.5,0.0
2021-08-09,4.5,4.5,0.0,4.5,0.0,0.0,0.0,0.0,4.5,4.5,4.5,0.0
2021-08-10,4.5,4.5,0.0,4.5,0.0,0.0,0.0,0.0,4.5,4.5,4.5,0.0
2021-08-11,4.5,4.5,0.0,4.5,0.0,0.0,0.0,0.0,4.5,4.5,4.5,0.0
2021-08-12,4.5,4.5,0.0,4.5,0.0,0.0,0.0,0.0,4.5,4.5,4.5,0.0
2021-08-13,4.5,4.5,0.0,4.5,0.0,0.0,0.0,0.0,4.5,4.5,4.5,0.0
2021-08-16,4.5,4.5,0.0,4.5,0.0,0.0,0.0,0.0,4.5,4.5,4.5,0.0
2021-08-17,4.5,4.5,0.0,4.5,0.0,0.0,0.0,0.0,4.5,4.5,4.5,0.0
2021-08-18,4.5,4.5,0.0,4.5,0.0,0.0,0.0,0.0,4.5,4.5,4.5,0.0
2021-08-19,4.5,4.5,0.0,4.5,0.0,0.0,0.0,0.0,4.5,4.5,4.5,0.0
2021-08-20,4.5,4.5,0.0,4.5,0.0,0.0,0.0,0.0,4.5,4.5,4.5,0.0
2021-08-23,4.5,4.5,0.0,4.5,0.0,0.0,0.0,0.0,4.5,4.5,4.5,0.0
2021-08-24,4.5,4.5,0.0,4.5,0.0,0.0,0.0,0.0,4.5,4.5,4.5,0.0
2021-08-25,4.5,4.5,0.0,4.5,0.0,0.0,0.0,0.0,4.5,4.5,4.5,0.0
2021-08-26,4.5,4.5,0.0,4.5,0.0,0.0,0.0,0.0,4.5,4.5,4.5,0.0
2021-08-27,4.5,4.5,0.0,4.5,0.0,0.0,0.0,0.0,4.5,4.5,4.5,0.0
2021-08-30,4.5,4.5,0.0,4.5,0.0,0.0,0.0,0.0,4.5,4.5,4.5,0.0
2021-08-31,4.5,4.5,0.0,4.5,0.0,0.0,0.0,0.0,4.5,4.5,4.5,0.0
2021-09-01,4.5,4.5,0.0,4.5,0.0,0.0,0.0,0.0,4.5,4.5,4.5,0.0
2021-09-06,4.5,4.5,0.0,4.5,0.0,0.0,0.0,0.0,4.5,4.5,4.5,0.0
2021-09-07,4.5,4.5,0.0,4.5,0.0,0.0,0.0,0.0,4.5,4.5,4.5,0.0
2021-09-08,4.5,4.5,0.0,4.5,0.0,0.0,0.0,0.0,4.5,4.5,4.5,0.0
2021-09-09,4.5,4.5,0.0,4.5,0.0,0.0,0.0,0.0,4.5,4.5,4.5,0.0
2021-09-10,4.5,4.5,0.0,4.5,0.0,0.0,0.0,0.0,4.5,4.5,4.5,0.0
2021-09-13,4.5,4.5,0.0,4.5,0.0,0.0,0.0,0.0,4.5,4.5,4.5,0.0
2021-09-14,4.5,4.5,0.0,4.5,0.0,0.0,0.0,0.0,4.5,4.5,4.5,0.0
2021-09-15,4.5,4.5,0.0,4.5,0.0,0.0,0.0,0.0,4.5,4.5,4.5,0.0
2021-09-16,4.5,4.5,0.0,4.5,0.0,0.0,0.0,0.0,4.5,4.5,4.5,0.0
2021-09-17,4.5,4.5,0.0,4.5,0.0,0.0,0.0,0.0,4.5,4.5,4.5,0.0
2021-09-20,4.5,4.5,0.0,4.5,0.0,0.0,0.0,0.0,4.5,4.5,4.5,0.0
2021-09-21,4.5,4.5,0.0,4.5,0.0,0.0,0.0,0.0,4.5,4.5,4.5,0.0
2021-09-22,4.5,4.5,0.0,4.5,0.0,0.0,0.0,0.0,4.5,4.5,4.5,0.0
2021-09-23,4.5,4.5,0.0,4.5,0.0,0.0,0.0,0.0,4.5,4.5,4.5,0.0
2021-09-24,4.5,4.5,0.0,4.5,0.0,0.0,0.0,0.0,4.5,4.5,4.5,0.0
2021-09-27,4.5,4.5,0.0,4.5,0.0,0.0,0.0,0.0,4.5,4.5,4.5,0.0
2021-09-28,4.5,4.5,0.0,4.5,0.0,0.0,0.0,0.0,4.5,4.5,4.5,0.0
2021-09-29,4.5,4.5,0.0,4.5,0.0,0.0,0.0,0.0,4.5,4.5,4.5,0.0
2021-09-30,4.5,4.5,0.0,4.5,0.0,0.0,0.0,0.0,4.5,4.5,4.5,0.0
2021-10-01,4.5,4.5,0.0,4.5,0.0,0.0,0.0,0.0,4.5,4.5,4.5,0.0
2021-10-04,4.5,4.5,0.0,4.5,0.0,0.0,0.0,0.0,4.5,4.5,4.5,0.0
2021-10-05,4.5,4.5,0.0,4.5,0.0,0.0,0.0,0.0,4.5,4.5,4.5,0.0
2021-10-06,4.5,4.5,0.0,4.5,0.0,0.0,0.0,0.0,4.5,4.5,4.5,0.0
2021-10-07,4.7,4.7,4.4444,4.7,100.0,470000.0,0.0,0.0,4.7,4.7,4.7,100.0
2021-10-08,4.5,4.5,-4.2553,4.5,100.0,450000.0,0.0,0.0,4.5,4.5,4.5,100.0
2021-10-11,4.5,4.5,0.0,4.5,0.0,0.0,0.0,0.0,4.5,4.5,4.5,0.0
2021-10-12,4.5,4.5,0.0,4.5,0.0,0.0,0.0,0.0,4.5,4.5,4.5,0.0
2021-10-13,4.5,4.5,0.0,4.5,0.0,0.0,0.0,0.0,4.5,4.5,4.5,0.0
2021-10-14,4.5,4.5,0.0,4.5,0.0,0.0,0.0,0.0,4.5,4.5,4.5,0.0
2021-10-15,4.5,4.5,0.0,4.5,0.0,0.0,0.0,0.0,4.5,4.5,4.5,0.0
2021-10-18,4.5,4.5,0.0,4.5,0.0,0.0,0.0,0.0,4.5,4.5,4.5,0.0
2021-10-19,4.5,4.5,0.0,4.5,0.0,0.0,0.0,0.0,4.5,4.5,4.5,0.0
2021-10-20,4.5,4.5,0.0,4.5,0.0,0.0,0.0,0.0,4.5,4.5,4.5,0.0
2021-10-21,4.5,4.5,0.0,4.5,0.0,0.0,0.0,0.0,4.5,4.5,4.5,0.0
2021-10-22,4.5,4.5,0.0,4.5,1.0,4000.0,0.0,0.0,4.5,4.5,4.5,1.0
2021-10-25,4.5,4.5,0.0,4.5,0.0,0.0,0.0,0.0,4.5,4.5,4.5,0.0
2021-10-26,4.5,4.5,0.0,4.5,0.0,0.0,0.0,0.0,4.5,4.5,4.5,0.0
2021-10-27,4.5,4.5,0.0,4.5,0.0,0.0,0.0,0.0,4.5,4.5,4.5,0.0
2021-10-28,4.5,4.5,0.0,4.5,0.0,0.0,0.0,0.0,4.5,4.5,4.5,0.0
2021-10-29,4.5,4.5,0.0,4.5,0.0,0.0,0.0,0.0,4.5,4.5,4.5,0.0
2021-11-01,4.5,4.5,0.0,4.5,10.0,42200.0,0.0,0.0,4.5,4.5,4.5,10.0
2021-11-02,4.9,4.9,8.8889,4.9,199.0,876100.0,0.0,0.0,4.9,4.9,4.9,199.0
2021-11-03,4.9,4.9,0.0,4.9,1.0,5600.0,0.0,0.0,4.9,4.9,4.9,1.0
2021-11-04,5.6,5.6,14.2857,5.6,108.0,604800.0,0.0,0.0,5.6,5.6,5.6,108.0
2021-11-05,5.6,5.6,0.0,0.0,0.0,0.0,0.0,0.0,5.6,5.6,5.6,0.0
2021-11-08,5.6,5.6,0.0,5.6,0.0,0.0,0.0,0.0,5.6,5.6,5.6,0.0
2021-11-09,5.6,5.6,0.0,5.6,20.0,128000.0,0.0,0.0,5.6,5.6,5.6,20.0
2021-11-10,5.6,5.6,0.0,5.6,0.0,0.0,0.0,0.0,5.6,5.6,5.6,0.0
2021-11-11,5.6,5.6,0.0,5.6,0.0,0.0,0.0,0.0,5.6,5.6,5.6,0.0
2021-11-12,5.6,5.6,0.0,5.6,0.0,0.0,0.0,0.0,5.6,5.6,5.6,0.0
2021-11-15,5.6,5.6,0.0,5.6,0.0,0.0,0.0,0.0,5.6,5.6,5.6,0.0
2021-11-16,5.6,5.6,0.0,5.6,0.0,0.0,0.0,0.0,5.6,5.6,5.6,0.0
2021-11-17,5.7,5.7,1.7857,5.7,100.0,570000.0,0.0,0.0,5.7,5.7,5.7,100.0
2021-11-18,5.9,5.9,3.5088,6.207,4179.0,25955600.0,0.0,0.0,6.5,6.5,5.8,4179.0
2021-11-19,6.2,6.2,0.0,6.2,0.0,0.0,0.0,0.0,6.2,6.2,6.2,0.0
2021-11-22,6.2,6.2,0.0,6.2,0.0,0.0,0.0,0.0,6.2,6.2,6.2,0.0
2021-11-23,5.8,5.8,-6.4516,5.8,200.0,1160000.0,0.0,0.0,5.8,5.8,5.8,200.0
2021-11-24,5.8,5.8,0.0,5.625,400.0,2250000.0,0.0,0.0,5.1,5.8,5.1,400.0
2021-11-25,5.6,5.6,0.0,5.6,0.0,0.0,0.0,0.0,5.6,5.6,5.6,0.0
2021-11-26,4.8,4.8,-14.2857,4.8,100.0,480000.0,0.0,0.0,4.8,4.8,4.8,100.0
2021-11-29,5.5,5.5,14.5833,5.442,2650.0,14405000.0,0.0,0.0,5.1,5.5,5.1,2650.0
2021-11-30,6.2,6.2,14.8148,6.2,700.0,4340000.0,0.0,0.0,6.2,6.2,6.2,700.0
2021-12-01,7.1,7.1,14.5161,7.1,200.0,1420000.0,0.0,0.0,7.1,7.1,7.1,200.0
2021-12-02,8.1,8.1,14.0845,8.1,3038.0,24607800.0,0.0,0.0,8.1,8.1,8.1,3038.0
2021-12-03,9.3,9.3,14.8148,9.3,5612.0,5612.0,0.0,0.0,9.3,9.3,9.3,5612.0
