2017-12-28,16.833,23.0,15.0,23.0,20000.0,460000000.0,0.0,0.0,23.0,23.0,23.0,20000.0
2017-12-29,18.296,25.0,8.6957,25.0,30000.0,750000000.0,0.0,0.0,25.0,25.0,25.0,30000.0
2018-01-02,19.029,26.0,4.0,26.0,99000.0,2574000000.0,0.0,0.0,26.0,26.0,26.0,99000.0
2018-01-03,19.029,26.0,0.0,26.0,0.0,0.0,0.0,0.0,26.0,26.0,26.0,0.0
2018-01-04,18.663,25.5,-1.9231,25.5,50000.0,1275000000.0,0.0,0.0,25.5,25.5,25.5,50000.0
2018-01-05,18.663,25.5,0.0,25.5,100000.0,2550000000.0,0.0,0.0,25.5,25.5,25.5,100000.0
2018-01-08,18.444,25.2,-1.1765,25.488,38800.0,988950000.0,0.0,0.0,26.5,26.5,25.2,38800.0
2018-01-09,17.564,24.0,-5.8824,24.753,73000.0,1807000000.0,0.0,0.0,26.0,26.0,24.0,73000.0
2018-01-10,17.931,24.5,-1.2097,24.5,20000.0,490000000.0,0.0,0.0,24.5,24.5,24.5,20000.0
2018-01-11,17.931,24.5,0.0,24.5,0.0,0.0,0.0,0.0,24.5,24.5,24.5,0.0
2018-01-12,18.296,25.0,2.0408,25.0,50000.0,1250000000.0,0.0,0.0,25.0,25.0,25.0,50000.0
2018-01-15,19.467,26.6,6.4,26.634,30500.0,812350000.0,0.0,0.0,28.7,28.7,26.6,30500.0
2018-01-16,17.931,24.5,-7.8947,24.5,50000.0,1225000000.0,0.0,0.0,24.5,24.5,24.5,50000.0
2018-01-17,17.931,24.5,0.0,24.5,50000.0,1225000000.0,0.0,0.0,24.5,24.5,24.5,50000.0
2018-01-18,17.931,24.5,0.0,24.5,50000.0,1225000000.0,0.0,0.0,24.5,24.5,24.5,50000.0
2018-01-19,17.931,24.5,0.0,24.5,70000.0,1715000000.0,0.0,0.0,24.5,24.5,24.5,70000.0
2018-01-22,17.931,24.5,0.0,24.5,10000.0,245000000.0,0.0,0.0,24.5,24.5,24.5,10000.0
2018-01-23,18.296,25.0,0.0,25.0,150000.0,3750000000.0,0.0,0.0,25.0,25.0,25.0,150000.0
2018-01-24,19.321,26.4,5.6,25.659,28500.0,731280000.0,0.0,0.0,25.3,26.4,25.3,28500.0
2018-01-25,19.687,26.9,4.6693,26.591,45400.0,1207250000.0,0.0,0.0,26.5,26.9,26.5,45400.0
2018-01-26,18.15,24.8,-6.7669,24.396,65200.0,1590630000.0,0.0,0.0,28.0,28.0,24.3,65200.0
2018-01-29,18.077,24.7,1.2295,24.48,45000.0,1101600000.0,0.0,0.0,24.4,24.7,24.4,45000.0
2018-01-30,17.564,24.0,-2.0408,24.028,42200.0,1014000000.0,0.0,0.0,24.1,24.1,24.0,42200.0
2018-01-31,18.004,24.6,2.5,24.287,58800.0,1428080000.0,0.0,0.0,23.8,24.6,23.8,58800.0
2018-02-01,18.077,24.7,1.6461,24.7,45400.0,1121380000.0,0.0,0.0,24.7,24.7,24.7,45400.0
2018-02-02,17.638,24.1,-2.4291,24.1,66800.0,1609880000.0,0.0,0.0,24.1,24.1,24.1,66800.0
2018-02-05,17.858,24.4,1.2448,24.322,51000.0,1240400000.0,0.0,0.0,24.2,26.0,24.2,51000.0
2018-02-06,16.467,22.5,-7.4074,22.801,73500.0,1675900000.0,0.0,0.0,23.0,23.0,22.5,73500.0
2018-02-07,17.053,23.3,2.193,23.029,72300.0,1664990000.0,0.0,0.0,22.8,23.3,22.8,72300.0
2018-02-08,16.833,23.0,0.0,22.915,59000.0,1352000000.0,0.0,0.0,23.0,23.0,22.8,59000.0
2018-02-09,16.76,22.9,0.0,22.658,66400.0,1504470000.0,0.0,0.0,22.5,22.9,22.5,66400.0
2018-02-12,16.833,23.0,1.3216,22.917,52600.0,1205450000.0,0.0,0.0,22.7,23.0,22.7,52600.0
2018-02-13,16.906,23.1,0.8734,22.738,60200.0,1368800000.0,0.0,0.0,22.6,23.1,22.5,60200.0
2018-02-21,16.833,23.0,1.3216,22.801,36300.0,827670000.0,0.0,0.0,22.7,23.0,22.7,36300.0
2018-02-22,16.906,23.1,1.3158,22.868,49900.0,1141110000.0,0.0,0.0,22.5,23.1,22.5,49900.0
2018-02-23,16.906,23.1,0.8734,22.724,59400.0,1349820000.0,0.0,0.0,22.6,23.1,22.6,59400.0
2018-02-26,16.979,23.2,2.2026,23.129,52800.0,1221200000.0,0.0,0.0,23.1,23.2,23.1,52800.0
2018-02-27,16.979,23.2,0.4329,23.099,54000.0,1247320000.0,0.0,0.0,23.0,23.2,23.0,54000.0
2018-02-28,17.053,23.3,0.8658,23.225,30200.0,701410000.0,0.0,0.0,23.2,23.3,23.2,30200.0
2018-03-01,17.199,23.5,1.2931,22.92,40400.0,925960000.0,0.0,0.0,22.8,23.5,22.8,40400.0
2018-03-02,16.833,23.0,0.4367,22.847,39300.0,897880000.0,0.0,0.0,22.9,23.0,22.8,39300.0
2018-03-05,16.833,23.0,0.8772,22.951,46800.0,1074120000.0,0.0,0.0,22.8,23.6,22.8,46800.0
2018-03-06,16.906,23.1,0.4348,23.056,54000.0,1245040000.0,0.0,0.0,23.0,23.1,23.0,54000.0
2018-03-07,16.686,22.8,-1.2987,22.986,46900.0,1078020000.0,0.0,0.0,23.0,23.1,22.8,46900.0
2018-03-08,16.686,22.8,-0.8696,22.879,24300.0,555970000.0,0.0,0.0,22.9,22.9,22.8,24300.0
2018-03-09,16.76,22.9,0.0,22.863,49600.0,1134010000.0,0.0,0.0,22.8,22.9,22.8,49600.0
2018-03-12,16.833,23.0,0.4367,22.941,36000.0,825870000.0,0.0,0.0,22.8,23.0,22.8,36000.0
2018-03-13,16.833,23.0,0.4367,22.868,42900.0,981020000.0,0.0,0.0,22.8,23.0,22.8,42900.0
2018-03-14,16.833,23.0,0.4367,22.93,76700.0,1758730000.0,0.0,0.0,22.9,23.0,22.9,76700.0
2018-03-15,16.906,23.1,0.8734,23.022,43500.0,1001460000.0,0.0,0.0,23.0,23.1,23.0,43500.0
2018-03-16,16.833,23.0,0.0,23.0,31000.0,713000000.0,0.0,0.0,23.0,23.0,23.0,31000.0
2018-03-19,16.906,23.1,0.4348,23.1,30100.0,695310000.0,0.0,0.0,23.1,23.1,23.1,30100.0
2018-03-20,16.906,23.1,0.0,23.1,35800.0,826980000.0,0.0,0.0,23.1,23.1,23.1,35800.0
2018-03-21,16.906,23.1,0.0,23.1,31400.0,725340000.0,0.0,0.0,23.1,23.1,23.1,31400.0
2018-03-22,16.906,23.1,0.0,23.105,37200.0,859520000.0,0.0,0.0,23.1,23.6,23.1,37200.0
2018-03-23,16.906,23.1,0.0,23.1,11600.0,267960000.0,0.0,0.0,23.1,23.1,23.1,11600.0
2018-03-26,16.979,23.2,0.4329,23.153,35800.0,828870000.0,0.0,0.0,23.1,23.3,23.1,35800.0
2018-03-27,17.053,23.3,0.431,23.101,18500.0,427370000.0,0.0,0.0,23.1,23.3,23.1,18500.0
2018-03-28,16.613,22.7,-1.7316,22.788,54500.0,1241970000.0,0.0,0.0,22.8,22.8,22.7,54500.0
2018-03-29,16.613,22.7,-0.4386,22.753,39700.0,903310000.0,0.0,0.0,22.8,22.8,22.7,39700.0
2018-03-30,16.686,22.8,0.0,22.766,47600.0,1083640000.0,0.0,0.0,22.8,22.8,22.7,47600.0
2018-04-02,17.199,23.5,3.0702,22.705,33800.0,767420000.0,0.0,0.0,22.7,23.5,22.7,33800.0
2018-04-03,16.686,22.8,0.4405,22.742,50700.0,1153020000.0,0.0,0.0,22.7,22.8,22.7,50700.0
2018-04-04,16.613,22.7,0.0,22.7,18100.0,410870000.0,0.0,0.0,22.7,22.7,22.7,18100.0
2018-04-05,16.686,22.8,0.4405,22.701,17900.0,406340000.0,0.0,0.0,22.7,22.8,22.7,17900.0
2018-04-06,16.686,22.8,0.4405,22.738,38500.0,875420000.0,0.0,0.0,22.7,22.8,22.7,38500.0
2018-04-09,16.613,22.7,0.0,22.648,36800.0,833450000.0,0.0,0.0,22.6,22.7,22.6,36800.0
2018-04-10,16.613,22.7,0.4425,22.605,39700.0,897400000.0,0.0,0.0,22.6,22.7,22.6,39700.0
2018-04-11,16.76,22.9,1.3274,22.9,12900.0,295410000.0,0.0,0.0,22.9,22.9,22.9,12900.0
2018-04-12,16.613,22.7,-0.8734,22.75,32100.0,730260000.0,0.0,0.0,22.8,22.8,22.7,32100.0
2018-04-13,16.76,22.9,0.4386,22.761,36700.0,835320000.0,0.0,0.0,22.7,22.9,22.7,36700.0
2018-04-16,16.613,22.7,-0.4386,22.7,12400.0,281480000.0,0.0,0.0,22.7,22.7,22.7,12400.0
2018-04-17,16.613,22.7,0.0,22.7,18400.0,417680000.0,0.0,0.0,22.7,22.7,22.7,18400.0
2018-04-18,16.54,22.6,-0.4405,22.654,34500.0,781570000.0,0.0,0.0,22.7,22.7,22.6,34500.0
2018-04-19,16.613,22.7,0.0,22.666,43900.0,995030000.0,0.0,0.0,22.7,22.7,22.6,43900.0
2018-04-20,16.613,22.7,0.0,22.7,34500.0,783150000.0,0.0,0.0,22.7,22.7,22.7,34500.0
2018-04-23,16.54,22.6,-0.4405,22.654,35100.0,795170000.0,0.0,0.0,22.7,22.7,22.6,35100.0
2018-04-24,16.686,22.8,0.4405,22.748,33200.0,755240000.0,0.0,0.0,22.7,22.8,22.7,33200.0
2018-04-26,16.54,22.6,-0.4405,22.666,26600.0,602920000.0,0.0,0.0,22.7,22.7,22.6,26600.0
2018-04-27,16.54,22.6,-0.4405,22.6,15400.0,348040000.0,0.0,0.0,22.6,22.6,22.6,15400.0
2018-05-02,16.613,22.7,0.4425,22.754,18600.0,423220000.0,0.0,0.0,23.2,23.2,22.7,18600.0
2018-05-03,16.54,22.6,-0.8772,22.6,26800.0,605680000.0,0.0,0.0,22.6,22.6,22.6,26800.0
2018-05-04,16.54,22.6,0.0,22.6,32300.0,729980000.0,0.0,0.0,22.6,22.6,22.6,32300.0
2018-05-07,16.54,22.6,0.0,22.6,27500.0,621500000.0,0.0,0.0,22.6,22.6,22.6,27500.0
2018-05-08,16.54,22.6,0.0,22.6,25900.0,585340000.0,0.0,0.0,22.6,22.6,22.6,25900.0
2018-05-09,16.613,22.7,0.4425,22.7,9100.0,206570000.0,0.0,0.0,22.7,22.7,22.7,9100.0
2018-05-10,16.979,23.2,2.2026,23.2,200.0,4640000.0,0.0,0.0,23.2,23.2,23.2,200.0
2018-05-11,16.467,22.5,-3.0172,22.546,30400.0,685410000.0,0.0,0.0,22.6,22.6,22.5,30400.0
2018-05-14,16.467,22.5,0.0,22.5,30500.0,686250000.0,0.0,0.0,22.5,22.5,22.5,30500.0
2018-05-15,16.394,22.4,-0.4444,22.465,23600.0,530170000.0,0.0,0.0,22.5,22.5,22.4,23600.0
2018-05-16,16.394,22.4,-0.4444,22.446,31200.0,700330000.0,0.0,0.0,22.5,22.5,22.4,31200.0
2018-05-17,16.394,22.4,0.0,22.4,32200.0,721280000.0,0.0,0.0,22.4,22.4,22.4,32200.0
2018-05-18,16.394,22.4,0.0,22.4,15200.0,340480000.0,0.0,0.0,22.4,22.4,22.4,15200.0
2018-05-21,16.394,22.4,0.0,22.4,22900.0,512960000.0,0.0,0.0,22.4,22.4,22.4,22900.0
2018-05-22,16.321,22.3,-0.4464,22.389,24600.0,550780000.0,0.0,0.0,22.4,22.4,22.3,24600.0
2018-05-23,16.394,22.4,0.0,22.4,11200.0,250880000.0,0.0,0.0,22.4,22.4,22.4,11200.0
2018-05-24,16.321,22.3,-0.4464,22.378,18800.0,420700000.0,0.0,0.0,22.4,22.4,22.3,18800.0
2018-05-25,16.321,22.3,-0.4464,22.3,15700.0,350110000.0,0.0,0.0,22.3,22.3,22.3,15700.0
2018-05-28,16.248,22.2,-0.4484,22.261,18600.0,414050000.0,0.0,0.0,22.3,22.3,22.2,18600.0
2018-05-29,16.394,22.4,0.4484,22.308,20700.0,461780000.0,0.0,0.0,22.2,22.4,22.2,20700.0
2018-05-30,16.321,22.3,0.0,22.3,8500.0,189550000.0,0.0,0.0,22.3,22.3,22.3,8500.0
2018-05-31,16.394,22.4,0.4484,22.331,32700.0,730230000.0,0.0,0.0,22.3,22.4,22.2,32700.0
2018-06-01,16.248,22.2,-0.4484,22.268,24000.0,534420000.0,0.0,0.0,22.3,22.3,22.2,24000.0
2018-06-04,16.394,22.4,0.4484,22.291,21000.0,468120000.0,0.0,0.0,22.2,22.4,22.2,21000.0
2018-06-05,16.248,22.2,-0.4484,22.263,18000.0,400730000.0,0.0,0.0,22.3,22.3,22.2,18000.0
2018-06-06,16.321,22.3,0.0,22.3,15400.0,343420000.0,0.0,0.0,22.3,22.3,22.3,15400.0
2018-06-07,16.248,22.2,-0.4484,22.269,21900.0,487700000.0,0.0,0.0,22.3,22.3,22.2,21900.0
2018-06-08,16.248,22.2,-0.4484,22.255,22800.0,507420000.0,0.0,0.0,22.3,22.3,22.2,22800.0
2018-06-11,16.248,22.2,-0.4484,22.261,21000.0,467490000.0,0.0,0.0,22.3,22.3,22.2,21000.0
2018-06-12,16.248,22.2,-0.4484,22.244,18000.0,400400000.0,0.0,0.0,22.3,22.3,22.2,18000.0
2018-06-13,16.173,22.1,-0.4505,22.177,16000.0,354830000.0,0.0,0.0,22.2,22.2,22.1,16000.0
2018-06-14,16.173,22.1,-0.4505,22.116,27000.0,597140000.0,0.0,0.0,22.2,22.2,22.1,27000.0
2018-06-15,16.173,22.1,0.0,22.1,20100.0,444210000.0,0.0,0.0,22.1,22.1,22.1,20100.0
2018-06-18,16.101,22.0,-0.4525,22.057,21900.0,483040000.0,0.0,0.0,22.1,22.1,22.0,21900.0
2018-06-19,16.101,22.0,-0.4525,22.066,18700.0,412630000.0,0.0,0.0,22.1,22.1,22.0,18700.0
2018-06-20,16.173,22.1,0.0,22.1,11200.0,247520000.0,0.0,0.0,22.1,22.1,22.1,11200.0
2018-06-21,16.173,22.1,0.0,22.1,14100.0,311610000.0,0.0,0.0,22.1,22.1,22.1,14100.0
2018-06-22,16.101,22.0,-0.4525,22.064,18300.0,403780000.0,0.0,0.0,22.1,22.1,22.0,18300.0
2018-06-25,16.101,22.0,-0.4525,22.047,24600.0,542360000.0,0.0,0.0,22.1,22.1,22.0,24600.0
2018-06-26,16.101,22.0,0.0,22.0,21900.0,481800000.0,0.0,0.0,22.0,22.0,22.0,21900.0
2018-06-27,16.101,22.0,0.0,22.0,22400.0,492800000.0,0.0,0.0,22.0,22.0,22.0,22400.0
2018-06-28,16.101,22.0,0.0,22.0,21600.0,475200000.0,0.0,0.0,22.0,22.0,22.0,21600.0
2018-06-29,16.101,22.0,0.0,22.0,21200.0,466400000.0,0.0,0.0,22.0,22.0,22.0,21200.0
2018-07-02,16.101,22.0,0.0,22.0,10400.0,228800000.0,0.0,0.0,22.0,22.0,22.0,10400.0
2018-07-03,16.101,22.0,0.0,22.0,17300.0,380600000.0,0.0,0.0,22.0,22.0,22.0,17300.0
2018-07-04,16.101,22.0,0.0,22.0,13600.0,299200000.0,0.0,0.0,22.0,22.0,22.0,13600.0
2018-07-05,15.954,21.8,-0.9091,21.863,23400.0,511590000.0,0.0,0.0,21.9,21.9,21.8,23400.0
2018-07-06,15.515,21.2,-3.1963,21.318,16900.0,360270000.0,0.0,0.0,21.5,21.5,21.2,16900.0
2018-07-09,15.076,20.6,-3.2864,20.837,18200.0,379240000.0,0.0,0.0,21.0,21.0,20.6,18200.0
2018-07-10,15.003,20.5,-1.4423,20.596,21700.0,446930000.0,0.0,0.0,20.8,20.8,20.5,21700.0
2018-07-11,15.003,20.5,-0.4854,20.5,19700.0,403850000.0,0.0,0.0,20.5,20.5,20.5,19700.0
2018-07-12,15.003,20.5,0.0,20.47,24100.0,493320000.0,0.0,0.0,20.5,20.5,20.4,24100.0
2018-07-13,15.003,20.5,0.0,20.5,17200.0,352600000.0,0.0,0.0,20.5,20.5,20.5,17200.0
2018-07-16,15.003,20.5,0.0,20.5,11900.0,243950000.0,0.0,0.0,20.5,20.5,20.5,11900.0
2018-07-17,15.003,20.5,0.0,20.5,11300.0,231650000.0,0.0,0.0,20.5,20.5,20.5,11300.0
2018-07-18,14.93,20.4,-0.4878,20.46,20300.0,415340000.0,0.0,0.0,20.5,20.5,20.4,20300.0
2018-07-19,14.93,20.4,-0.4878,20.476,20100.0,411560000.0,0.0,0.0,20.5,20.5,20.4,20100.0
2018-07-20,15.003,20.5,0.0,20.5,11800.0,241900000.0,0.0,0.0,20.5,20.5,20.5,11800.0
2018-07-23,15.076,20.6,0.4878,20.555,12300.0,252830000.0,0.0,0.0,20.5,20.6,20.5,12300.0
2018-07-24,15.003,20.5,-0.4854,20.5,9900.0,202950000.0,0.0,0.0,20.5,20.5,20.5,9900.0
2018-07-25,15.003,20.5,0.0,20.5,10600.0,217300000.0,1000000.0,20500000000.0,20.5,20.5,20.5,1010600.0
2018-07-26,15.003,20.5,0.0,20.5,13200.0,270599999.999998,1350000.0,27675000000.0,20.5,20.5,20.5,1363200.0
2018-07-27,15.003,20.5,0.0,20.5,12800.0,262400000.000001,770367.0,15792523500.0,20.5,20.5,20.5,783167.0
2018-07-30,15.003,20.5,0.0,20.5,14300.0,293150000.000001,1400000.0,28700000000.0,20.5,20.5,20.5,1414300.0
2018-07-31,15.003,20.5,0.0,20.5,14200.0,291100000.0,1403845.0,28778822500.0,20.5,20.5,20.5,1418045.0
2018-08-01,15.003,20.5,0.0,20.5,13800.0,282900000.0,0.0,0.0,20.5,20.5,20.5,13800.0
2018-08-02,15.003,20.5,0.0,20.5,14100.0,289050000.0,1400000.0,28700000000.0,20.5,20.5,20.5,1414100.0
2018-08-03,15.003,20.5,0.0,20.5,15100.0,309549999.999998,1350000.0,27675000000.0,20.5,20.5,20.5,1365100.0
2018-08-06,15.003,20.5,0.0,20.5,8100.0,166050000.0,1000000.0,20500000000.0,20.5,20.5,20.5,1008100.0
2018-08-07,15.003,20.5,0.0,20.5,9100.0,186550000.0,1076678.0,22071899000.0,20.5,20.5,20.5,1085778.0
2018-08-08,15.003,20.5,0.0,20.5,8400.0,172200000.0,850000.0,17425000000.0,20.5,20.5,20.5,858400.0
2018-08-09,15.003,20.5,0.0,20.5,12300.0,252150000.0,750000.0,15375000000.0,20.5,20.5,20.5,762300.0
2018-08-10,15.003,20.5,0.0,20.5,15400.0,315700000.0,1200000.0,24600000000.0,20.5,20.5,20.5,1215400.0
2018-08-13,15.003,20.5,0.0,20.5,11600.0,237800000.0,1395000.0,28597500000.0,20.5,20.5,20.5,1406600.0
2018-08-14,15.003,20.5,0.0,20.5,11000.0,225500000.0,1380000.0,28290000000.0,20.5,20.5,20.5,1391000.0
2018-08-15,14.93,20.4,-0.4878,20.4,16200.0,330480000.000001,1300000.0,26650000000.0,20.4,20.4,20.4,1316200.0
2018-08-16,15.003,20.5,0.4902,20.5,15800.0,323899999.999998,1177868.0,24146294000.0,20.5,20.5,20.5,1193668.0
2018-08-17,15.003,20.5,0.0,20.5,9100.0,186550000.0,1086173.0,22266546500.0,20.5,20.5,20.5,1095273.0
2018-08-20,15.003,20.5,0.0,20.5,15300.0,313650000.000003,905510.0,18562955000.0,20.5,20.5,20.5,920810.0
2018-08-21,14.93,20.4,-0.4878,20.439,13700.0,280010000.000001,1230000.0,25215000000.0,20.5,20.5,20.4,1243700.0
2018-08-22,15.003,20.5,0.4902,20.5,11400.0,233699999.999999,1200000.0,24600000000.0,20.5,20.5,20.5,1211400.0
2018-08-23,14.93,20.4,-0.4878,20.4,16100.0,328440000.000001,795640.0,16310620000.0,20.4,20.4,20.4,811740.0
2018-08-24,15.003,20.5,0.4902,20.5,9200.0,188600000.0,0.0,0.0,20.5,20.5,20.5,9200.0
2018-08-27,14.93,20.4,-0.4878,20.4,16300.0,332520000.0,0.0,0.0,20.4,20.4,20.4,16300.0
2018-08-28,15.003,20.5,0.4902,20.5,16600.0,340300000.0,0.0,0.0,20.5,20.5,20.5,16600.0
2018-08-29,15.076,20.6,0.4878,20.6,10900.0,224540000.0,0.0,0.0,20.6,20.6,20.6,10900.0
2018-08-30,15.003,20.5,-0.4854,20.5,14200.0,291100000.0,0.0,0.0,20.5,20.5,20.5,14200.0
2018-08-31,15.003,20.5,0.0,20.5,13800.0,282900000.0,0.0,0.0,20.5,20.5,20.5,13800.0
2018-09-04,15.003,20.5,0.0,20.5,9600.0,196800000.0,1240000.0,25420000000.0,20.5,20.5,20.5,1249600.0
2018-09-05,15.003,20.5,0.0,20.5,7300.0,149649999.999998,1200000.0,24600000000.0,20.5,20.5,20.5,1207300.0
2018-09-06,15.003,20.5,0.0,20.5,14700.0,301349999.999999,1200000.0,24600000000.0,20.5,20.5,20.5,1214700.0
2018-09-07,15.003,20.5,0.0,20.5,5900.0,120949999.999997,1128551.0,23135295500.0,20.5,20.5,20.5,1134451.0
2018-09-10,15.076,20.6,0.4878,20.6,11600.0,238959999.999999,1220000.0,25010000000.0,20.6,20.6,20.6,1231600.0
2018-09-11,15.003,20.5,-0.4854,20.5,13800.0,282899999.999998,1200000.0,24600000000.0,20.5,20.5,20.5,1213800.0
2018-09-12,15.003,20.5,0.0,20.5,12900.0,264450000.0,1200000.0,24600000000.0,20.5,20.5,20.5,1212900.0
2018-09-13,15.15,20.7,0.9756,20.517,16700.0,342630000.0,1000000.0,20500000000.0,20.4,20.7,20.4,1016700.0
2018-09-14,15.076,20.6,0.4878,20.6,5800.0,119479999.999999,1000000.0,20500000000.0,20.6,20.6,20.6,1005800.0
2018-09-17,15.076,20.6,0.0,20.6,13600.0,280159999.999999,1180000.0,24190000000.0,20.6,20.6,20.6,1193600.0
2018-09-18,15.076,20.6,0.0,20.6,11200.0,230719999.999998,1200000.0,24600000000.0,20.6,20.6,20.6,1211200.0
2018-09-19,15.076,20.6,0.0,20.6,11900.0,245139999.999999,1200000.0,24600000000.0,20.6,20.6,20.6,1211900.0
2018-09-20,14.93,20.4,-0.9709,20.499,12700.0,260339999.999999,1000000.0,20500000000.0,20.5,20.5,20.4,1012700.0
2018-09-21,15.076,20.6,0.4878,20.6,6300.0,129780000.0,1123150.0,23024575000.0,20.6,20.6,20.6,1129450.0
2018-09-24,15.076,20.6,0.0,20.6,12100.0,249260000.0,0.0,0.0,20.6,20.6,20.6,12100.0
2018-09-25,15.076,20.6,0.0,20.6,7400.0,152440000.0,0.0,0.0,20.6,20.6,20.6,7400.0
2018-09-26,15.003,20.5,-0.4854,20.5,13900.0,284949999.999999,475730.0,9752465000.0,20.5,20.5,20.5,489630.0
2018-09-27,15.003,20.5,0.0,20.5,12300.0,252150000.0,0.0,0.0,20.5,20.5,20.5,12300.0
2018-09-28,15.003,20.5,0.0,20.5,11100.0,227550000.0,0.0,0.0,20.5,20.5,20.5,11100.0
2018-10-01,15.076,20.6,0.4878,20.6,7200.0,148320000.0,0.0,0.0,20.6,20.6,20.6,7200.0
2018-10-02,15.076,20.6,0.0,20.6,10900.0,224540000.0,0.0,0.0,20.6,20.6,20.6,10900.0
2018-10-03,15.076,20.6,0.0,20.6,11700.0,241020000.0,0.0,0.0,20.6,20.6,20.6,11700.0
2018-10-04,15.076,20.6,0.0,20.6,11200.0,230720000.0,0.0,0.0,20.6,20.6,20.6,11200.0
2018-10-05,15.076,20.6,0.0,20.6,10900.0,224540000.0,0.0,0.0,20.6,20.6,20.6,10900.0
2018-10-08,15.003,20.5,-0.4854,20.5,8600.0,176300000.0,0.0,0.0,20.5,20.5,20.5,8600.0
2018-10-09,15.003,20.5,0.0,20.5,12700.0,260350000.0,0.0,0.0,20.5,20.5,20.5,12700.0
2018-10-10,15.076,20.6,0.4878,20.6,13500.0,278100000.0,0.0,0.0,20.6,20.6,20.6,13500.0
2018-10-11,15.003,20.5,-0.4854,20.5,6900.0,141450000.0,0.0,0.0,20.5,20.5,20.5,6900.0
2018-10-12,14.93,20.4,-0.4878,20.4,14300.0,291720000.0,0.0,0.0,20.4,20.4,20.4,14300.0
2018-10-15,15.003,20.5,0.4902,20.5,6800.0,139400000.0,0.0,0.0,20.5,20.5,20.5,6800.0
2018-10-16,15.076,20.6,0.4878,20.6,13000.0,267800000.0,0.0,0.0,20.6,20.6,20.6,13000.0
2018-10-17,15.076,20.6,0.0,20.6,14900.0,306940000.0,0.0,0.0,20.6,20.6,20.6,14900.0
2018-10-18,15.003,20.5,-0.4854,20.5,12600.0,258300000.0,0.0,0.0,20.5,20.5,20.5,12600.0
2018-10-19,15.003,20.5,0.0,20.5,12100.0,248050000.0,0.0,0.0,20.5,20.5,20.5,12100.0
2018-10-22,15.15,20.7,0.9756,20.7,12600.0,260820000.0,0.0,0.0,20.7,20.7,20.7,12600.0
2018-10-23,15.076,20.6,-0.4831,20.6,11400.0,234840000.0,0.0,0.0,20.6,20.6,20.6,11400.0
2018-10-24,15.076,20.6,0.0,20.6,4400.0,90640000.0,0.0,0.0,20.6,20.6,20.6,4400.0
2018-10-25,15.003,20.5,-0.4854,20.5,6800.0,139400000.0,0.0,0.0,20.5,20.5,20.5,6800.0
2018-10-26,15.076,20.6,0.4878,20.6,12000.0,247200000.0,0.0,0.0,20.6,20.6,20.6,12000.0
2018-10-29,14.93,20.4,-0.9709,20.4,8100.0,165240000.0,0.0,0.0,20.4,20.4,20.4,8100.0
2018-10-30,15.003,20.5,0.4902,20.5,11700.0,239850000.0,0.0,0.0,20.5,20.5,20.5,11700.0
2018-10-31,14.93,20.4,-0.4878,20.4,7600.0,155040000.0,0.0,0.0,20.4,20.4,20.4,7600.0
2018-11-01,14.93,20.4,0.0,20.4,7500.0,153000000.0,0.0,0.0,20.4,20.4,20.4,7500.0
2018-11-02,14.93,20.4,0.0,20.4,7800.0,159120000.0,0.0,0.0,20.4,20.4,20.4,7800.0
2018-11-05,14.93,20.4,0.0,20.4,5900.0,120360000.0,0.0,0.0,20.4,20.4,20.4,5900.0
2018-11-06,15.003,20.5,0.4902,20.5,4800.0,98400000.0,0.0,0.0,20.5,20.5,20.5,4800.0
2018-11-07,15.076,20.6,0.4878,20.6,5600.0,115360000.0,0.0,0.0,20.6,20.6,20.6,5600.0
2018-11-08,15.003,20.5,-0.4854,20.5,4600.0,94300000.0,0.0,0.0,20.5,20.5,20.5,4600.0
2018-11-09,15.076,20.6,0.4878,20.6,5300.0,109180000.0,0.0,0.0,20.6,20.6,20.6,5300.0
2018-11-12,15.003,20.5,-0.4854,20.5,6100.0,125050000.0,0.0,0.0,20.5,20.5,20.5,6100.0
2018-11-13,14.93,20.4,-0.4878,20.4,6300.0,128520000.0,0.0,0.0,20.4,20.4,20.4,6300.0
2018-11-14,15.003,20.5,0.4902,20.5,6700.0,137350000.0,0.0,0.0,20.5,20.5,20.5,6700.0
2018-11-15,15.003,20.5,0.0,20.5,6100.0,125050000.0,0.0,0.0,20.5,20.5,20.5,6100.0
2018-11-16,15.003,20.5,0.0,20.5,6400.0,131200000.0,0.0,0.0,20.5,20.5,20.5,6400.0
2018-11-19,14.93,20.4,-0.4878,20.4,5900.0,120360000.0,0.0,0.0,20.4,20.4,20.4,5900.0
2018-11-20,14.93,20.4,0.0,20.4,7200.0,146880000.0,0.0,0.0,20.4,20.4,20.4,7200.0
2018-11-21,14.93,20.4,0.0,20.4,6700.0,136680000.0,0.0,0.0,20.4,20.4,20.4,6700.0
2018-11-22,15.003,20.5,0.4902,20.5,7300.0,149650000.0,0.0,0.0,20.5,20.5,20.5,7300.0
2018-11-23,15.003,20.5,0.0,20.5,7100.0,145550000.0,0.0,0.0,20.5,20.5,20.5,7100.0
2018-11-26,15.003,20.5,0.0,20.5,11200.0,229600000.000001,1051671.0,21559255500.0,20.5,20.5,20.5,1062871.0
2018-11-27,15.003,20.5,0.0,20.5,4100.0,84050000.000001,1216525.0,24938762500.0,20.5,20.5,20.5,1220625.0
2018-11-28,15.003,20.5,0.0,20.5,5200.0,106600000.0,1101546.0,22581693000.0,20.5,20.5,20.5,1106746.0
2018-11-29,15.003,20.5,0.0,20.5,3100.0,63549999.999999,1050531.0,21535885500.0,20.5,20.5,20.5,1053631.0
2018-11-30,14.93,20.4,-0.4878,20.4,8100.0,165240000.0,0.0,0.0,20.4,20.4,20.4,8100.0
2018-12-03,15.003,20.5,0.4902,20.5,6400.0,131200000.0,0.0,0.0,20.5,20.5,20.5,6400.0
2018-12-04,15.003,20.5,0.0,20.5,4000.0,81999999.999999,469246.0,9619543000.0,20.5,20.5,20.5,473246.0
2018-12-05,14.93,20.4,-0.4878,20.4,5900.0,120360000.0,0.0,0.0,20.4,20.4,20.4,5900.0
2018-12-06,14.93,20.4,0.0,20.4,6100.0,124440000.0,0.0,0.0,20.4,20.4,20.4,6100.0
2018-12-07,15.003,20.5,0.4902,20.5,6800.0,139400000.0,0.0,0.0,20.5,20.5,20.5,6800.0
2018-12-10,14.93,20.4,-0.4878,20.4,7300.0,148920000.0,0.0,0.0,20.4,20.4,20.4,7300.0
2018-12-11,14.93,20.4,0.0,20.4,6200.0,126480000.0,0.0,0.0,20.4,20.4,20.4,6200.0
2018-12-12,15.003,20.5,0.4902,20.5,7400.0,151700000.0,0.0,0.0,20.5,20.5,20.5,7400.0
2018-12-13,15.003,20.5,0.0,20.5,6700.0,137350000.0,0.0,0.0,20.5,20.5,20.5,6700.0
2018-12-14,15.003,20.5,0.0,20.5,8300.0,170150000.0,0.0,0.0,20.5,20.5,20.5,8300.0
2018-12-17,14.93,20.4,-0.4878,20.4,7200.0,146880000.0,0.0,0.0,20.4,20.4,20.4,7200.0
2018-12-18,14.93,20.4,0.0,20.4,7100.0,144840000.0,0.0,0.0,20.4,20.4,20.4,7100.0
2018-12-19,15.003,20.5,0.4902,20.5,7300.0,149650000.0,0.0,0.0,20.5,20.5,20.5,7300.0
2018-12-20,15.003,20.5,0.0,20.5,6900.0,141450000.0,0.0,0.0,20.5,20.5,20.5,6900.0
2018-12-21,15.003,20.5,0.0,20.5,7400.0,151700000.0,0.0,0.0,20.5,20.5,20.5,7400.0
2018-12-24,15.003,20.5,0.0,20.5,6300.0,129150000.0,0.0,0.0,20.5,20.5,20.5,6300.0
2018-12-25,14.857,20.3,-0.9756,20.3,7100.0,144130000.0,0.0,0.0,20.3,20.3,20.3,7100.0
2018-12-26,14.93,20.4,0.4926,20.4,6800.0,138720000.0,0.0,0.0,20.4,20.4,20.4,6800.0
2018-12-27,15.003,20.5,0.4902,20.5,7400.0,151700000.000002,954019.0,19557389500.0,20.5,20.5,20.5,961419.0
2018-12-28,15.003,20.5,0.0,20.5,8200.0,168099999.999999,1125000.0,23062500000.0,20.5,20.5,20.5,1133200.0
2019-01-02,15.076,20.6,0.0,20.6,6800.0,140080000.0,0.0,0.0,20.6,20.6,20.6,6800.0
2019-01-03,15.003,20.5,-0.4854,20.5,7400.0,151700000.0,0.0,0.0,20.5,20.5,20.5,7400.0
2019-01-04,14.93,20.4,-0.4878,20.4,7300.0,148920000.0,500000.0,10250000000.0,20.4,20.4,20.4,507300.0
2019-01-07,15.003,20.5,0.4902,20.5,11800.0,241900000.0,0.0,0.0,20.5,20.5,20.5,11800.0
2019-01-08,15.003,20.5,0.0,20.5,5800.0,118900000.0,0.0,0.0,20.5,20.5,20.5,5800.0
2019-01-09,15.003,20.5,0.0,20.5,6200.0,127100000.0,0.0,0.0,20.5,20.5,20.5,6200.0
2019-01-10,15.003,20.5,0.0,20.5,7300.0,149650000.0,0.0,0.0,20.5,20.5,20.5,7300.0
2019-01-11,15.003,20.5,0.0,20.5,6100.0,125050000.0,0.0,0.0,20.5,20.5,20.5,6100.0
2019-01-14,14.93,20.4,-0.4878,20.4,6600.0,134640000.0,0.0,0.0,20.4,20.4,20.4,6600.0
2019-01-15,15.003,20.5,0.4902,20.5,5800.0,118900000.0,0.0,0.0,20.5,20.5,20.5,5800.0
2019-01-16,14.93,20.4,-0.4878,20.4,6300.0,128520000.0,0.0,0.0,20.4,20.4,20.4,6300.0
2019-01-17,14.857,20.3,-0.4902,20.3,6700.0,136010000.0,0.0,0.0,20.3,20.3,20.3,6700.0
2019-01-18,14.93,20.4,0.4926,20.4,7200.0,146880000.0,0.0,0.0,20.4,20.4,20.4,7200.0
2019-01-21,14.93,20.4,0.0,20.4,6700.0,136680000.0,0.0,0.0,20.4,20.4,20.4,6700.0
2019-01-22,15.003,20.5,0.4902,20.46,6800.0,139129999.999998,1100000.0,22550000000.0,20.4,20.5,20.4,1106800.0
2019-01-23,15.003,20.5,0.0,20.5,6400.0,131200000.0,1000000.0,20500000000.0,20.5,20.5,20.5,1006400.0
2019-01-24,15.003,20.5,0.0,20.5,6400.0,131200000.0,1100000.0,22550000000.0,20.5,20.5,20.5,1106400.0
2019-01-25,15.003,20.5,0.0,20.5,5200.0,106600000.0,1000000.0,20500000000.0,20.5,20.5,20.5,1005200.0
2019-01-28,15.003,20.5,0.0,20.5,6700.0,137350000.000001,1000000.0,20500000000.0,20.5,20.5,20.5,1006700.0
2019-01-29,15.076,20.6,0.4878,20.6,4100.0,84460000.0,900000.0,18450000000.0,20.6,20.6,20.6,904100.0
2019-01-30,15.15,20.7,0.4854,20.7,5600.0,115920000.000001,608597.0,12476238500.0,20.7,20.7,20.7,614197.0
2019-01-31,15.15,20.7,0.0,20.7,5700.0,117990000.0,0.0,0.0,20.7,20.7,20.7,5700.0
2019-02-01,15.15,20.7,0.0,20.7,4100.0,84870000.0,0.0,0.0,20.7,20.7,20.7,4100.0
2019-02-11,15.15,20.7,0.0,20.7,4800.0,99360000.0,0.0,0.0,20.7,20.7,20.7,4800.0
2019-02-12,15.223,20.8,0.4831,20.8,6400.0,133120000.0,0.0,0.0,20.8,20.8,20.8,6400.0
2019-02-13,15.223,20.8,0.0,20.8,6400.0,133120000.0,0.0,0.0,20.8,20.8,20.8,6400.0
2019-02-14,15.15,20.7,-0.4808,20.7,5700.0,117990000.0,0.0,0.0,20.7,20.7,20.7,5700.0
2019-02-15,15.076,20.6,-0.4831,20.6,6100.0,125660000.0,0.0,0.0,20.6,20.6,20.6,6100.0
2019-02-18,15.076,20.6,0.0,20.6,5700.0,117420000.0,0.0,0.0,20.6,20.6,20.6,5700.0
2019-02-19,15.15,20.7,0.4854,20.7,5300.0,109710000.0,0.0,0.0,20.7,20.7,20.7,5300.0
2019-02-20,15.15,20.7,0.0,20.7,5600.0,115920000.0,0.0,0.0,20.7,20.7,20.7,5600.0
2019-02-21,15.076,20.6,-0.4831,20.6,6300.0,129780000.0,0.0,0.0,20.6,20.6,20.6,6300.0
2019-02-22,15.076,20.6,0.0,20.6,6100.0,125660000.0,0.0,0.0,20.6,20.6,20.6,6100.0
2019-02-25,15.15,20.7,0.4854,20.7,5100.0,105570000.0,0.0,0.0,20.7,20.7,20.7,5100.0
2019-02-26,15.076,20.6,-0.4831,20.6,6700.0,138020000.0,0.0,0.0,20.6,20.6,20.6,6700.0
2019-02-27,15.076,20.6,0.0,20.6,5200.0,107120000.0,0.0,0.0,20.6,20.6,20.6,5200.0
2019-02-28,15.076,20.6,0.0,20.6,5900.0,121540000.0,0.0,0.0,20.6,20.6,20.6,5900.0
2019-03-01,15.076,20.6,0.0,20.6,6500.0,133900000.0,0.0,0.0,20.6,20.6,20.6,6500.0
2019-03-04,15.15,20.7,0.4854,20.7,5600.0,115920000.0,0.0,0.0,20.7,20.7,20.7,5600.0
2019-03-05,15.076,20.6,-0.4831,20.6,6100.0,125660000.0,0.0,0.0,20.6,20.6,20.6,6100.0
2019-03-06,15.076,20.6,0.0,20.6,5200.0,107120000.0,0.0,0.0,20.6,20.6,20.6,5200.0
2019-03-07,15.15,20.7,0.4854,20.7,5700.0,117990000.0,0.0,0.0,20.7,20.7,20.7,5700.0
2019-03-08,15.076,20.6,-0.4831,20.6,6200.0,127720000.0,0.0,0.0,20.6,20.6,20.6,6200.0
2019-03-11,15.223,20.8,0.9709,20.796,5400.0,112300000.0,0.0,0.0,20.6,20.8,20.6,5400.0
2019-03-12,15.296,20.9,0.4808,20.9,3100.0,64790000.0,0.0,0.0,20.9,20.9,20.9,3100.0
2019-03-13,15.296,20.9,0.0,20.9,6700.0,140030000.0,0.0,0.0,20.9,20.9,20.9,6700.0
2019-03-14,15.369,21.0,0.4785,21.0,6300.0,132300000.0,0.0,0.0,21.0,21.0,21.0,6300.0
2019-03-15,15.442,21.1,0.4762,21.1,1500.0,31650000.0,0.0,0.0,21.1,21.1,21.1,1500.0
2019-03-18,15.442,21.1,0.0,21.1,1500.0,31650000.0,0.0,0.0,21.1,21.1,21.1,1500.0
2019-03-19,15.369,21.0,-0.4739,21.0,5100.0,107100000.0,0.0,0.0,21.0,21.0,21.0,5100.0
2019-03-20,15.369,21.0,0.0,21.0,6400.0,134400000.0,0.0,0.0,21.0,21.0,21.0,6400.0
2019-03-21,15.369,21.0,0.0,21.0,4800.0,100800000.0,0.0,0.0,21.0,21.0,21.0,4800.0
2019-03-22,15.369,21.0,0.0,21.0,6900.0,144900000.0,0.0,0.0,21.0,21.0,21.0,6900.0
2019-03-25,15.296,20.9,-0.4762,20.9,5800.0,121220000.0,0.0,0.0,20.9,20.9,20.9,5800.0
2019-03-26,15.223,20.8,-0.4785,20.8,5700.0,118560000.0,0.0,0.0,20.8,20.8,20.8,5700.0
2019-03-27,15.223,20.8,0.0,20.8,6100.0,126880000.0,0.0,0.0,20.8,20.8,20.8,6100.0
2019-03-28,15.369,21.0,0.9615,20.824,5000.0,104120000.0,0.0,0.0,20.8,21.0,20.8,5000.0
2019-03-29,15.296,20.9,0.4808,20.9,6000.0,125400000.0,0.0,0.0,20.9,20.9,20.9,6000.0
2019-04-01,15.296,20.9,0.0,20.9,4800.0,100320000.0,0.0,0.0,20.9,20.9,20.9,4800.0
2019-04-02,15.223,20.8,-0.4785,20.8,5400.0,112320000.0,0.0,0.0,20.8,20.8,20.8,5400.0
2019-04-03,15.15,20.7,-0.4808,20.7,5100.0,105570000.0,0.0,0.0,20.7,20.7,20.7,5100.0
2019-04-04,15.15,20.7,0.0,20.7,6200.0,128340000.0,0.0,0.0,20.7,20.7,20.7,6200.0
2019-04-05,15.15,20.7,0.0,20.7,5600.0,115920000.0,0.0,0.0,20.7,20.7,20.7,5600.0
2019-04-08,15.223,20.8,0.4831,20.8,5400.0,112320000.0,0.0,0.0,20.8,20.8,20.8,5400.0
2019-04-09,15.223,20.8,0.0,20.8,6200.0,128960000.0,0.0,0.0,20.8,20.8,20.8,6200.0
2019-04-10,15.15,20.7,-0.4808,20.7,5700.0,117990000.0,0.0,0.0,20.7,20.7,20.7,5700.0
2019-04-11,15.15,20.7,0.0,20.7,6100.0,126270000.0,0.0,0.0,20.7,20.7,20.7,6100.0
2019-04-12,15.223,20.8,0.4831,20.8,5200.0,108160000.0,0.0,0.0,20.8,20.8,20.8,5200.0
2019-04-16,15.15,20.7,-0.4808,20.7,5600.0,115920000.0,0.0,0.0,20.7,20.7,20.7,5600.0
2019-04-17,15.15,20.7,0.0,20.7,6100.0,126270000.0,0.0,0.0,20.7,20.7,20.7,6100.0
2019-04-18,15.076,20.6,-0.4831,20.6,5700.0,117420000.0,0.0,0.0,20.6,20.6,20.6,5700.0
2019-04-19,15.076,20.6,0.0,20.6,7400.0,152440000.0,0.0,0.0,20.6,20.6,20.6,7400.0
2019-04-22,15.076,20.6,0.0,20.6,6200.0,127720000.0,0.0,0.0,20.6,20.6,20.6,6200.0
2019-04-23,15.003,20.5,-0.4854,20.5,5300.0,108650000.0,0.0,0.0,20.5,20.5,20.5,5300.0
2019-04-24,15.076,20.6,0.4878,20.6,6400.0,131840000.0,0.0,0.0,20.6,20.6,20.6,6400.0
2019-04-25,15.076,20.6,0.0,20.6,5700.0,117420000.0,0.0,0.0,20.6,20.6,20.6,5700.0
2019-04-26,14.93,20.4,-0.9709,20.4,5100.0,104040000.0,0.0,0.0,20.4,20.4,20.4,5100.0
2019-05-02,15.003,20.5,0.4902,20.5,5900.0,120950000.0,0.0,0.0,20.5,20.5,20.5,5900.0
2019-05-03,15.003,20.5,0.0,20.5,5400.0,110700000.0,0.0,0.0,20.5,20.5,20.5,5400.0
2019-05-06,15.003,20.5,0.0,20.5,6100.0,125050000.0,0.0,0.0,20.5,20.5,20.5,6100.0
2019-05-07,15.076,20.6,0.4878,20.6,4900.0,100940000.0,0.0,0.0,20.6,20.6,20.6,4900.0
2019-05-08,15.003,20.5,-0.4854,20.5,5300.0,108650000.0,0.0,0.0,20.5,20.5,20.5,5300.0
2019-05-09,15.003,20.5,0.0,20.502,4900.0,100460000.0,0.0,0.0,20.6,20.6,20.5,4900.0
2019-05-10,15.003,20.5,0.0,20.476,5100.0,104430000.0,0.0,0.0,20.3,20.5,20.3,5100.0
2019-05-13,15.003,20.5,0.0,20.5,4800.0,98400000.0,0.0,0.0,20.5,20.5,20.5,4800.0
2019-05-14,14.93,20.4,-0.4878,20.4,5100.0,104040000.0,0.0,0.0,20.4,20.4,20.4,5100.0
2019-05-15,15.003,20.5,0.4902,20.5,5800.0,118900000.0,0.0,0.0,20.5,20.5,20.5,5800.0
2019-05-16,15.003,20.5,0.0,20.5,4700.0,96350000.0,0.0,0.0,20.5,20.5,20.5,4700.0
2019-05-17,15.003,20.5,0.0,20.5,6200.0,127100000.0,0.0,0.0,20.5,20.5,20.5,6200.0
2019-05-20,15.076,20.6,0.4878,20.6,5400.0,111240000.0,0.0,0.0,20.6,20.6,20.6,5400.0
2019-05-21,15.076,20.6,0.0,20.6,4100.0,84460000.0,0.0,0.0,20.6,20.6,20.6,4100.0
2019-05-22,15.003,20.5,-0.4854,20.5,3400.0,69700000.0,0.0,0.0,20.5,20.5,20.5,3400.0
2019-05-23,14.93,20.4,-0.4878,20.4,3800.0,77520000.0,0.0,0.0,20.4,20.4,20.4,3800.0
2019-05-24,15.003,20.5,0.4902,20.5,4300.0,88150000.0,0.0,0.0,20.5,20.5,20.5,4300.0
2019-05-27,15.003,20.5,0.0,20.5,4700.0,96350000.0,0.0,0.0,20.5,20.5,20.5,4700.0
2019-05-28,15.076,20.6,0.4878,20.6,5200.0,107120000.0,0.0,0.0,20.6,20.6,20.6,5200.0
2019-05-29,15.003,20.5,-0.4854,20.5,4700.0,96350000.0,0.0,0.0,20.5,20.5,20.5,4700.0
2019-05-30,14.93,20.4,-0.4878,20.4,5100.0,104040000.0,0.0,0.0,20.4,20.4,20.4,5100.0
2019-05-31,15.003,20.5,0.4902,20.5,5600.0,114800000.0,0.0,0.0,20.5,20.5,20.5,5600.0
2019-06-03,14.93,20.4,-0.4878,20.4,5800.0,118320000.0,0.0,0.0,20.4,20.4,20.4,5800.0
2019-06-04,15.003,20.5,0.4902,20.5,4900.0,100450000.0,0.0,0.0,20.5,20.5,20.5,4900.0
2019-06-05,15.003,20.5,0.0,20.5,5200.0,106600000.0,0.0,0.0,20.5,20.5,20.5,5200.0
2019-06-06,15.003,20.5,0.0,20.5,5300.0,108650000.0,0.0,0.0,20.5,20.5,20.5,5300.0
2019-06-07,15.076,20.6,0.4878,20.6,5400.0,111240000.0,0.0,0.0,20.6,20.6,20.6,5400.0
2019-06-10,15.003,20.5,-0.4854,20.5,6100.0,125050000.0,0.0,0.0,20.5,20.5,20.5,6100.0
2019-06-11,15.003,20.5,0.0,20.5,5600.0,114800000.0,0.0,0.0,20.5,20.5,20.5,5600.0
2019-06-12,14.93,20.4,-0.4878,20.4,4800.0,97920000.0,0.0,0.0,20.4,20.4,20.4,4800.0
2019-06-13,14.93,20.4,0.0,20.4,5700.0,116280000.0,0.0,0.0,20.4,20.4,20.4,5700.0
2019-06-14,15.003,20.5,0.4902,20.5,5300.0,108650000.0,0.0,0.0,20.5,20.5,20.5,5300.0
2019-06-17,14.93,20.4,-0.4878,20.4,5200.0,106080000.0,0.0,0.0,20.4,20.4,20.4,5200.0
2019-06-18,15.003,20.5,0.4902,20.5,4800.0,98400000.0,0.0,0.0,20.5,20.5,20.5,4800.0
2019-06-19,15.003,20.5,0.0,20.5,5400.0,110700000.0,0.0,0.0,20.5,20.5,20.5,5400.0
2019-06-20,15.003,20.5,0.0,20.5,5700.0,116850000.0,0.0,0.0,20.5,20.5,20.5,5700.0
2019-06-21,15.003,20.5,0.0,20.5,5800.0,118900000.0,0.0,0.0,20.5,20.5,20.5,5800.0
2019-06-24,14.93,20.4,-0.4878,20.4,4800.0,97920000.0,0.0,0.0,20.4,20.4,20.4,4800.0
2019-06-25,14.93,20.4,0.0,20.4,5400.0,110160000.0,0.0,0.0,20.4,20.4,20.4,5400.0
2019-06-26,15.003,20.5,0.4902,20.5,6100.0,125050000.0,0.0,0.0,20.5,20.5,20.5,6100.0
2019-06-27,15.003,20.5,0.0,20.5,5200.0,106600000.0,0.0,0.0,20.5,20.5,20.5,5200.0
2019-06-28,15.003,20.5,0.0,20.5,5400.0,110700000.0,0.0,0.0,20.5,20.5,20.5,5400.0
2019-07-01,15.003,20.5,0.0,20.5,5700.0,116850000.0,0.0,0.0,20.5,20.5,20.5,5700.0
2019-07-02,15.076,20.6,0.4878,20.6,5600.0,115360000.0,0.0,0.0,20.6,20.6,20.6,5600.0
2019-07-03,15.003,20.5,-0.4854,20.5,5300.0,108650000.0,0.0,0.0,20.5,20.5,20.5,5300.0
2019-07-04,15.003,20.5,0.0,20.5,4900.0,100450000.0,0.0,0.0,20.5,20.5,20.5,4900.0
2019-07-05,15.003,20.5,0.0,20.5,5100.0,104550000.0,0.0,0.0,20.5,20.5,20.5,5100.0
2019-07-08,15.003,20.5,0.0,20.5,5400.0,110700000.0,0.0,0.0,20.5,20.5,20.5,5400.0
2019-07-09,15.003,20.5,0.0,20.5,5100.0,104550000.0,0.0,0.0,20.5,20.5,20.5,5100.0
2019-07-10,15.003,20.5,0.0,20.5,5200.0,106600000.0,0.0,0.0,20.5,20.5,20.5,5200.0
2019-07-11,15.076,20.6,0.4878,20.6,5300.0,109180000.0,0.0,0.0,20.6,20.6,20.6,5300.0
2019-07-12,15.076,20.6,0.0,20.6,6100.0,125660000.0,0.0,0.0,20.6,20.6,20.6,6100.0
2019-07-15,15.076,20.6,0.0,20.6,5400.0,111240000.0,0.0,0.0,20.6,20.6,20.6,5400.0
2019-07-16,15.076,20.6,0.0,20.6,5700.0,117420000.0,0.0,0.0,20.6,20.6,20.6,5700.0
2019-07-17,15.15,20.7,0.4854,20.7,5100.0,105570000.0,0.0,0.0,20.7,20.7,20.7,5100.0
2019-07-18,15.15,20.7,0.0,20.7,5400.0,111780000.0,0.0,0.0,20.7,20.7,20.7,5400.0
2019-07-19,15.15,20.7,0.0,20.7,6100.0,126270000.000002,1000000.0,20500000000.0,20.7,20.7,20.7,1006100.0
2019-07-22,15.076,20.6,-0.4831,20.655,4900.0,101210000.0,0.0,0.0,20.7,20.7,20.6,4900.0
2019-07-23,15.076,20.6,-0.4831,20.6,5200.0,107120000.0,0.0,0.0,20.6,20.6,20.6,5200.0
2019-07-24,15.003,20.5,-0.4854,20.5,5200.0,106600000.0,1000000.0,20500000000.0,20.5,20.5,20.5,1005200.0
2019-07-25,15.003,20.5,0.0,20.5,4900.0,100449999.999999,1200000.0,24600000000.0,20.5,20.5,20.5,1204900.0
2019-07-26,15.003,20.5,0.0,20.5,5600.0,114800000.0,0.0,0.0,20.5,20.5,20.5,5600.0
2019-07-29,15.003,20.5,0.0,20.5,4900.0,100450000.0,0.0,0.0,20.5,20.5,20.5,4900.0
2019-07-30,15.003,20.5,0.0,20.5,4800.0,98400000.0,0.0,0.0,20.5,20.5,20.5,4800.0
2019-07-31,15.003,20.5,0.0,20.5,5100.0,104550000.000003,2300000.0,47150000000.0,20.5,20.5,20.5,2305100.0
2019-08-01,15.003,20.5,0.0,20.5,5300.0,108650000.000001,1100000.0,22550000000.0,20.5,20.5,20.5,1105300.0
2019-08-02,14.93,20.4,-0.4878,20.4,5400.0,110160000.0,0.0,0.0,20.4,20.4,20.4,5400.0
2019-08-05,14.93,20.4,0.0,20.4,5200.0,106080000.0,0.0,0.0,20.4,20.4,20.4,5200.0
2019-08-06,14.93,20.4,0.0,20.4,5600.0,114240000.0,0.0,0.0,20.4,20.4,20.4,5600.0
2019-08-07,14.93,20.4,0.0,20.4,4300.0,87720000.000001,1100000.0,22550000000.0,20.4,20.4,20.4,1104300.0
2019-08-08,14.93,20.4,0.0,20.4,4600.0,93840000.0,1100000.0,22550000000.0,20.4,20.4,20.4,1104600.0
2019-08-09,15.003,20.5,0.4902,20.5,5200.0,106600000.0,0.0,0.0,20.5,20.5,20.5,5200.0
2019-08-12,15.003,20.5,0.0,20.5,5300.0,108650000.0,0.0,0.0,20.5,20.5,20.5,5300.0
2019-08-13,14.93,20.4,-0.4878,20.4,5100.0,104039999.999998,1100000.0,22550000000.0,20.4,20.4,20.4,1105100.0
2019-08-14,15.003,20.5,0.4902,20.5,4900.0,100449999.999999,1100000.0,22550000000.0,20.5,20.5,20.5,1104900.0
2019-08-15,15.003,20.5,0.0,20.5,4100.0,84050000.0,0.0,0.0,20.5,20.5,20.5,4100.0
2019-08-16,15.003,20.5,0.0,20.5,5200.0,106600000.0,0.0,0.0,20.5,20.5,20.5,5200.0
2019-08-19,15.003,20.5,0.0,20.5,4917.0,100747500.0,0.0,0.0,20.5,20.5,20.5,4917.0
2019-08-20,15.003,20.5,0.0,20.5,3200.0,65600000.000003,2074561.0,42528500500.0,20.5,20.5,20.5,2077761.0
2019-08-21,15.003,20.5,0.0,20.5,4600.0,94300000.0,0.0,0.0,20.5,20.5,20.5,4600.0
2019-08-22,15.076,20.6,0.4878,20.6,5300.0,109180000.0,0.0,0.0,20.6,20.6,20.6,5300.0
2019-08-23,15.076,20.6,0.0,20.6,5600.0,115360000.0,0.0,0.0,20.6,20.6,20.6,5600.0
2019-08-26,15.003,20.5,-0.4854,20.5,4700.0,96350000.000001,975183.0,19991251500.0,20.5,20.5,20.5,979883.0
2019-08-27,15.076,20.6,0.4878,20.6,5200.0,107120000.0,0.0,0.0,20.6,20.6,20.6,5200.0
2019-08-28,15.076,20.6,0.0,20.6,5400.0,111240000.0,0.0,0.0,20.6,20.6,20.6,5400.0
2019-08-29,15.076,20.6,0.0,20.6,4811.0,99136600.0,429374.0,8802167000.0,20.6,20.6,20.6,434185.0
2019-08-30,15.15,20.7,0.4854,20.7,6100.0,126270000.0,0.0,0.0,20.7,20.7,20.7,6100.0
2019-09-03,15.076,20.6,-0.4831,20.6,3400.0,70040000.0,0.0,0.0,20.6,20.6,20.6,3400.0
2019-09-04,15.076,20.6,0.0,20.6,4300.0,88580000.0,0.0,0.0,20.6,20.6,20.6,4300.0
2019-09-05,15.076,20.6,0.0,20.6,3600.0,74160000.0,0.0,0.0,20.6,20.6,20.6,3600.0
2019-09-06,15.076,20.6,0.0,20.6,5200.0,107120000.0,0.0,0.0,20.6,20.6,20.6,5200.0
2019-09-09,15.076,20.6,0.0,20.6,4700.0,96820000.0,0.0,0.0,20.6,20.6,20.6,4700.0
2019-09-10,15.076,20.6,0.0,20.6,4900.0,100940000.0,0.0,0.0,20.6,20.6,20.6,4900.0
2019-09-11,15.003,20.5,-0.4854,20.5,4200.0,86100000.0,0.0,0.0,20.5,20.5,20.5,4200.0
2019-09-12,15.003,20.5,0.0,20.5,3400.0,69700000.0,0.0,0.0,20.5,20.5,20.5,3400.0
2019-09-13,15.076,20.6,0.4878,20.6,5700.0,117420000.0,0.0,0.0,20.6,20.6,20.6,5700.0
2019-09-16,15.15,20.7,0.4854,20.7,3700.0,76590000.0,0.0,0.0,20.7,20.7,20.7,3700.0
2019-09-17,15.15,20.7,0.0,20.7,3700.0,76590000.0,0.0,0.0,20.7,20.7,20.7,3700.0
2019-09-18,15.15,20.7,0.0,20.7,4200.0,86940000.0,0.0,0.0,20.7,20.7,20.7,4200.0
2019-09-19,15.15,20.7,0.0,20.7,4604.0,95290800.0,0.0,0.0,20.7,20.7,20.7,4604.0
2019-09-20,15.223,20.8,0.4831,20.8,5600.0,116480000.0,0.0,0.0,20.8,20.8,20.8,5600.0
2019-09-23,15.223,20.8,0.0,20.8,3900.0,81120000.0,0.0,0.0,20.8,20.8,20.8,3900.0
2019-09-24,15.223,20.8,0.0,20.8,3400.0,70720000.0,0.0,0.0,20.8,20.8,20.8,3400.0
2019-09-25,15.296,20.9,0.4808,20.9,3800.0,79420000.0,0.0,0.0,20.9,20.9,20.9,3800.0
2019-09-26,15.383,17.8,0.565,17.8,3600.0,64080000.0,0.0,0.0,17.8,17.8,17.8,3600.0
2019-09-27,15.469,17.9,0.5618,17.9,5406.0,96766800.0,0.0,0.0,17.9,17.9,17.9,5406.0
2019-09-30,15.556,18.0,0.5587,18.0,4300.0,77400000.0,0.0,0.0,18.0,18.0,18.0,4300.0
2019-10-01,15.556,18.0,0.0,18.0,3200.0,57600000.0,0.0,0.0,18.0,18.0,18.0,3200.0
2019-10-02,15.556,18.0,0.0,18.0,3600.0,64800000.0,0.0,0.0,18.0,18.0,18.0,3600.0
2019-10-03,15.556,18.0,0.0,18.0,3500.0,63000000.0,0.0,0.0,18.0,18.0,18.0,3500.0
2019-10-04,15.641,18.1,0.5556,18.1,5100.0,92310000.0,0.0,0.0,18.1,18.1,18.1,5100.0
2019-10-07,15.641,18.1,0.0,18.1,3200.0,57920000.0,0.0,0.0,18.1,18.1,18.1,3200.0
2019-10-08,15.641,18.1,0.0,18.1,3400.0,61540000.000001,1250000.0,22500000000.0,18.1,18.1,18.1,1253400.0
2019-10-09,15.556,18.0,-0.5525,18.0,3600.0,64800000.000002,1250000.0,22500000000.0,18.0,18.0,18.0,1253600.0
2019-10-10,15.556,18.0,0.0,18.0,3100.0,55800000.0,0.0,0.0,18.0,18.0,18.0,3100.0
2019-10-11,15.814,18.3,1.6667,18.3,4100.0,75030000.0,0.0,0.0,18.3,18.3,18.3,4100.0
2019-10-14,15.728,18.2,-0.5464,18.2,3200.0,58240000.0,0.0,0.0,18.2,18.2,18.2,3200.0
2019-10-15,15.641,18.1,-0.5495,18.1,3400.0,61540000.000001,1250000.0,22500000000.0,18.1,18.1,18.1,1253400.0
2019-10-16,15.641,18.1,0.0,18.1,3500.0,63350000.0,0.0,0.0,18.1,18.1,18.1,3500.0
2019-10-17,15.641,18.1,0.0,18.1,3700.0,66970000.000001,906332.0,16313976000.0,18.1,18.1,18.1,910032.0
2019-10-18,15.728,18.2,0.5525,18.2,4300.0,78260000.0,0.0,0.0,18.2,18.2,18.2,4300.0
2019-10-21,15.728,18.2,0.0,18.2,3100.0,56420000.0,0.0,0.0,18.2,18.2,18.2,3100.0
2019-10-22,15.728,18.2,0.0,18.2,2400.0,43680000.0,522332.0,9401976000.0,18.2,18.2,18.2,524732.0
2019-10-23,15.814,18.3,0.5495,18.3,3700.0,67710000.0,0.0,0.0,18.3,18.3,18.3,3700.0
2019-10-24,15.728,18.2,-0.5464,18.2,3200.0,58240000.0,0.0,0.0,18.2,18.2,18.2,3200.0
2019-10-25,15.728,18.2,0.0,18.2,4300.0,78260000.0,0.0,0.0,18.2,18.2,18.2,4300.0
2019-10-28,15.728,18.2,0.0,18.2,3400.0,61880000.0,0.0,0.0,18.2,18.2,18.2,3400.0
2019-10-29,15.641,18.1,-0.5495,18.1,3400.0,61540000.0,0.0,0.0,18.1,18.1,18.1,3400.0
2019-10-30,15.641,18.1,0.0,18.1,8100.0,146610000.0,0.0,0.0,18.1,18.1,18.1,8100.0
2019-10-31,15.641,18.1,0.0,18.1,2400.0,43440000.0,0.0,0.0,18.1,18.1,18.1,2400.0
2019-11-01,15.556,18.0,-0.5525,18.097,9600.0,173730000.0,0.0,0.0,18.1,18.1,18.0,9600.0
2019-11-04,15.728,18.2,0.5525,18.2,3300.0,60060000.0,0.0,0.0,18.2,18.2,18.2,3300.0
2019-11-05,15.728,18.2,0.0,18.2,3400.0,61880000.0,0.0,0.0,18.2,18.2,18.2,3400.0
2019-11-06,15.728,18.2,0.0,18.2,3100.0,56420000.0,0.0,0.0,18.2,18.2,18.2,3100.0
2019-11-07,15.728,18.2,0.0,18.2,3500.0,63700000.0,0.0,0.0,18.2,18.2,18.2,3500.0
2019-11-08,15.728,18.2,0.0,18.2,3200.0,58240000.0,0.0,0.0,18.2,18.2,18.2,3200.0
2019-11-11,15.641,18.1,-0.5495,18.1,2900.0,52490000.0,0.0,0.0,18.1,18.1,18.1,2900.0
2019-11-12,15.641,18.1,0.0,18.1,3300.0,59730000.0,0.0,0.0,18.1,18.1,18.1,3300.0
2019-11-13,15.641,18.1,0.0,18.1,2900.0,52490000.0,0.0,0.0,18.1,18.1,18.1,2900.0
2019-11-14,15.728,18.2,0.5525,18.2,3200.0,58240000.0,0.0,0.0,18.2,18.2,18.2,3200.0
2019-11-15,15.728,18.2,0.0,18.2,3600.0,65520000.0,0.0,0.0,18.2,18.2,18.2,3600.0
2019-11-18,15.728,18.2,0.0,18.2,2800.0,50960000.0,500000.0,9000000000.0,18.2,18.2,18.2,502800.0
2019-11-19,15.641,18.1,-0.5495,18.1,3100.0,56110000.0,0.0,0.0,18.1,18.1,18.1,3100.0
2019-11-20,15.641,18.1,0.0,18.1,3200.0,57919999.999999,500000.0,9000000000.0,18.1,18.1,18.1,503200.0
2019-11-21,15.556,18.0,-0.5525,18.0,3400.0,61200000.0,327277.0,5890986000.0,18.0,18.0,18.0,330677.0
2019-11-22,15.641,18.1,0.5556,18.1,3800.0,68780000.0,0.0,0.0,18.1,18.1,18.1,3800.0
2019-11-25,15.641,18.1,0.0,18.1,2900.0,52490000.0,0.0,0.0,18.1,18.1,18.1,2900.0
2019-11-26,15.641,18.1,0.0,18.1,3300.0,59730000.0,0.0,0.0,18.1,18.1,18.1,3300.0
2019-11-27,15.641,18.1,0.0,18.1,3600.0,65160000.0,0.0,0.0,18.1,18.1,18.1,3600.0
2019-11-28,15.556,18.0,-0.5525,18.0,3500.0,63000000.0,0.0,0.0,18.0,18.0,18.0,3500.0
2019-11-29,15.556,18.0,0.0,18.0,4100.0,73800000.0,0.0,0.0,18.0,18.0,18.0,4100.0
2019-12-02,15.556,18.0,0.0,18.0,2700.0,48600000.0,0.0,0.0,18.0,18.0,18.0,2700.0
2019-12-03,15.556,18.0,0.0,18.0,3100.0,55800000.0,0.0,0.0,18.0,18.0,18.0,3100.0
2019-12-04,15.556,18.0,0.0,18.0,2800.0,50400000.0,0.0,0.0,18.0,18.0,18.0,2800.0
2019-12-05,15.556,18.0,0.0,18.0,3200.0,57600000.0,0.0,0.0,18.0,18.0,18.0,3200.0
2019-12-06,15.556,18.0,0.0,18.0,3700.0,66600000.0,0.0,0.0,18.0,18.0,18.0,3700.0
2019-12-09,15.641,18.1,0.5556,18.1,2800.0,50680000.0,0.0,0.0,18.1,18.1,18.1,2800.0
2019-12-10,15.641,18.1,0.0,18.1,2800.0,50680000.0,0.0,0.0,18.1,18.1,18.1,2800.0
2019-12-11,15.556,18.0,-0.5525,18.0,2900.0,52200000.0,0.0,0.0,18.0,18.0,18.0,2900.0
2019-12-12,15.556,18.0,0.0,18.0,3100.0,55800000.0,0.0,0.0,18.0,18.0,18.0,3100.0
2019-12-13,15.641,18.1,0.5556,18.1,3600.0,65160000.0,0.0,0.0,18.1,18.1,18.1,3600.0
2019-12-16,15.641,18.1,0.0,18.1,2600.0,47060000.0,0.0,0.0,18.1,18.1,18.1,2600.0
2019-12-17,15.641,18.1,0.0,18.1,2900.0,52490000.0,0.0,0.0,18.1,18.1,18.1,2900.0
2019-12-18,15.641,18.1,0.0,18.1,2700.0,48870000.0,0.0,0.0,18.1,18.1,18.1,2700.0
2019-12-19,15.641,18.1,0.0,18.1,3200.0,57920000.0,0.0,0.0,18.1,18.1,18.1,3200.0
2019-12-20,15.641,18.1,0.0,18.1,3600.0,65160000.0,0.0,0.0,18.1,18.1,18.1,3600.0
2019-12-23,15.641,18.1,0.0,18.1,2500.0,45250000.0,0.0,0.0,18.1,18.1,18.1,2500.0
2019-12-24,15.556,18.0,-0.5525,18.0,2700.0,48600000.0,0.0,0.0,18.0,18.0,18.0,2700.0
2019-12-25,15.556,18.0,0.0,18.0,2900.0,52200000.0,0.0,0.0,18.0,18.0,18.0,2900.0
2019-12-26,15.556,18.0,0.0,18.0,3100.0,55800000.0,0.0,0.0,18.0,18.0,18.0,3100.0
2019-12-27,15.556,18.0,0.0,18.0,3400.0,61200000.0,0.0,0.0,18.0,18.0,18.0,3400.0
2019-12-30,15.556,18.0,0.0,18.0,2800.0,50400000.0,0.0,0.0,18.0,18.0,18.0,2800.0
2019-12-31,15.641,18.1,0.5556,18.1,3600.0,65160000.0,0.0,0.0,18.1,18.1,18.1,3600.0
2020-01-02,15.641,18.1,0.0,18.1,3100.0,56110000.0,0.0,0.0,18.1,18.1,18.1,3100.0
2020-01-03,15.641,18.1,0.0,18.1,4700.0,85070000.0,0.0,0.0,18.1,18.1,18.1,4700.0
2020-01-06,15.556,18.0,-0.5525,18.0,2800.0,50400000.0,0.0,0.0,18.0,18.0,18.0,2800.0
2020-01-07,15.556,18.0,0.0,18.0,2900.0,52200000.0,0.0,0.0,18.0,18.0,18.0,2900.0
2020-01-08,15.556,18.0,0.0,18.0,3100.0,55800000.0,0.0,0.0,18.0,18.0,18.0,3100.0
2020-01-09,15.641,18.1,0.5556,18.1,3400.0,61540000.0,0.0,0.0,18.1,18.1,18.1,3400.0
2020-01-10,15.641,18.1,0.0,18.1,3200.0,57920000.0,0.0,0.0,18.1,18.1,18.1,3200.0
2020-01-13,15.641,18.1,0.0,18.1,2900.0,52490000.0,0.0,0.0,18.1,18.1,18.1,2900.0
2020-01-14,15.641,18.1,0.0,18.1,3301.0,59748000.0,0.0,0.0,18.1,18.1,18.1,3301.0
2020-01-15,15.641,18.1,0.0,18.1,2800.0,50680000.0,0.0,0.0,18.1,18.1,18.1,2800.0
2020-01-16,15.728,18.2,0.5525,18.2,3100.0,56420000.0,0.0,0.0,18.2,18.2,18.2,3100.0
2020-01-17,15.728,18.2,0.0,18.2,3400.0,61880000.0,0.0,0.0,18.2,18.2,18.2,3400.0
2020-01-20,15.728,18.2,0.0,18.2,2900.0,52780000.0,0.0,0.0,18.2,18.2,18.2,2900.0
2020-01-21,15.814,18.3,0.5495,18.3,3300.0,60390000.0,0.0,0.0,18.3,18.3,18.3,3300.0
2020-01-22,15.814,18.3,0.0,18.3,4100.0,75030000.0,0.0,0.0,18.3,18.3,18.3,4100.0
2020-01-30,15.814,18.3,0.0,18.3,2800.0,51240000.0,0.0,0.0,18.3,18.3,18.3,2800.0
2020-01-31,15.728,18.2,-0.5464,18.2,2600.0,47320000.0,0.0,0.0,18.2,18.2,18.2,2600.0
2020-02-03,15.641,18.1,-0.5495,18.1,3100.0,56110000.0,0.0,0.0,18.1,18.1,18.1,3100.0
2020-02-04,15.728,18.2,0.5525,18.2,2900.0,52780000.0,0.0,0.0,18.2,18.2,18.2,2900.0
2020-02-05,15.728,18.2,0.0,18.2,2700.0,49140000.0,0.0,0.0,18.2,18.2,18.2,2700.0
2020-02-06,15.728,18.2,0.0,18.2,2401.0,43698200.0,0.0,0.0,18.2,18.2,18.2,2401.0
2020-02-07,15.728,18.2,0.0,18.2,3200.0,58240000.0,0.0,0.0,18.2,18.2,18.2,3200.0
2020-02-10,15.728,18.2,0.0,18.2,2900.0,52780000.0,0.0,0.0,18.2,18.2,18.2,2900.0
2020-02-11,15.814,18.3,0.5495,18.3,2800.0,51240000.0,0.0,0.0,18.3,18.3,18.3,2800.0
2020-02-12,15.901,18.4,0.5464,18.4,3100.0,57040000.0,0.0,0.0,18.4,18.4,18.4,3100.0
2020-02-13,15.901,18.4,0.0,18.4,4300.0,79120000.0,0.0,0.0,18.4,18.4,18.4,4300.0
2020-02-14,15.728,18.2,-1.087,18.2,4800.0,87360000.0,0.0,0.0,18.2,18.2,18.2,4800.0
2020-02-17,15.728,18.2,0.0,18.2,4900.0,89180000.0,0.0,0.0,18.2,18.2,18.2,4900.0
2020-02-18,15.641,18.1,-0.5495,18.1,2900.0,52490000.0,0.0,0.0,18.1,18.1,18.1,2900.0
2020-02-19,15.641,18.1,0.0,18.1,2700.0,48870000.0,0.0,0.0,18.1,18.1,18.1,2700.0
2020-02-20,15.641,18.1,0.0,18.1,3100.0,56110000.0,0.0,0.0,18.1,18.1,18.1,3100.0
2020-02-21,15.728,18.2,0.5525,18.2,3400.0,61880000.0,0.0,0.0,18.2,18.2,18.2,3400.0
2020-02-24,15.641,18.1,-0.5495,18.1,2800.0,50680000.0,0.0,0.0,18.1,18.1,18.1,2800.0
2020-02-25,15.556,18.0,-0.5525,18.0,2400.0,43199999.999999,550000.0,9900000000.0,18.0,18.0,18.0,552400.0
2020-02-26,15.641,18.1,0.5556,18.1,2600.0,47060000.0,550000.0,9900000000.0,18.1,18.1,18.1,552600.0
2020-02-27,15.641,18.1,0.0,18.1,2700.0,48870000.0,0.0,0.0,18.1,18.1,18.1,2700.0
2020-02-28,15.556,18.0,-0.5525,18.0,3300.0,59400000.0,554000.0,9972000000.0,18.0,18.0,18.0,557300.0
2020-03-02,15.556,18.0,0.0,18.0,2600.0,46799999.999999,472727.0,8509086000.0,18.0,18.0,18.0,475327.0
2020-03-03,15.641,18.1,0.5556,18.1,2800.0,50680000.0,0.0,0.0,18.1,18.1,18.1,2800.0
2020-03-04,15.641,18.1,0.0,18.1,2900.0,52490000.000001,551000.0,9918000000.0,18.1,18.1,18.1,553900.0
2020-03-05,15.728,18.2,0.5525,18.2,3100.0,56420000.0,0.0,0.0,18.2,18.2,18.2,3100.0
2020-03-06,15.728,18.2,0.0,18.2,2900.0,52780000.0,465000.0,8370000000.0,18.2,18.2,18.2,467900.0
2020-03-09,15.383,17.8,-2.1978,17.8,2400.0,42719999.999999,548000.0,9864000000.0,17.8,17.8,17.8,550400.0
2020-03-10,15.383,17.8,0.0,17.8,2600.0,46280000.0,0.0,0.0,17.8,17.8,17.8,2600.0
2020-03-11,15.383,17.8,0.0,17.8,2700.0,48060000.000001,460000.0,8280000000.0,17.8,17.8,17.8,462700.0
2020-03-12,15.296,17.7,-0.5618,17.7,2900.0,51330000.0,545000.0,9810000000.0,17.7,17.7,17.7,547900.0
2020-03-13,15.21,17.6,-0.565,17.6,3100.0,54560000.0,0.0,0.0,17.6,17.6,17.6,3100.0
2020-03-16,15.21,17.6,0.0,17.6,2300.0,40480000.000001,465000.0,8370000000.0,17.6,17.6,17.6,467300.0
2020-03-17,15.21,17.6,0.0,17.6,2800.0,49280000.0,496453.0,8936154000.0,17.6,17.6,17.6,499253.0
2020-03-18,15.296,17.7,0.5682,17.7,2500.0,44250000.0,490000.0,8820000000.0,17.7,17.7,17.7,492500.0
2020-03-19,15.21,17.6,-0.565,17.6,2600.0,45760000.0,505000.0,9090000000.0,17.6,17.6,17.6,507600.0
2020-03-20,15.21,17.6,0.0,17.6,3200.0,56320000.0,0.0,0.0,17.6,17.6,17.6,3200.0
2020-03-23,15.123,17.5,-0.5682,17.5,2300.0,40250000.0,488500.0,8793000000.0,17.5,17.5,17.5,490800.0
2020-03-24,15.036,17.4,-0.5714,17.4,2400.0,41760000.0,503100.0,9055800000.0,17.4,17.4,17.4,505500.0
2020-03-25,15.123,17.5,0.5747,17.5,2600.0,45500000.000001,500000.0,9000000000.0,17.5,17.5,17.5,502600.0
2020-03-26,15.036,17.4,-0.5714,17.4,2800.0,48719999.999999,241322.0,4343796000.0,17.4,17.4,17.4,244122.0
2020-03-27,15.036,17.4,0.0,17.4,3100.0,53940000.000001,467213.0,8409834000.0,17.4,17.4,17.4,470313.0
2020-03-30,14.95,17.3,-0.5747,17.3,2300.0,39790000.0,0.0,0.0,17.3,17.3,17.3,2300.0
2020-03-31,15.036,17.4,0.578,17.4,2600.0,45240000.0,500000.0,9000000000.0,17.4,17.4,17.4,502600.0
2020-04-01,15.123,17.5,0.5747,17.5,3100.0,54250000.0,0.0,0.0,17.5,17.5,17.5,3100.0
2020-04-03,15.21,17.6,0.5714,17.6,3400.0,59840000.0,0.0,0.0,17.6,17.6,17.6,3400.0
2020-04-06,15.296,17.7,0.5682,17.7,2400.0,42480000.0,0.0,0.0,17.7,17.7,17.7,2400.0
2020-04-07,15.296,17.7,0.0,17.7,2600.0,46020000.0,0.0,0.0,17.7,17.7,17.7,2600.0
2020-04-08,15.296,17.7,0.0,17.7,2910.0,51507000.0,0.0,0.0,17.7,17.7,17.7,2910.0
2020-04-09,15.383,17.8,0.565,17.8,2500.0,44500000.0,0.0,0.0,17.8,17.8,17.8,2500.0
2020-04-10,15.383,17.8,0.0,17.8,3100.0,55180000.0,0.0,0.0,17.8,17.8,17.8,3100.0
2020-04-13,15.383,17.8,0.0,17.8,2800.0,49840000.0,0.0,0.0,17.8,17.8,17.8,2800.0
2020-04-14,15.296,17.7,-0.5618,17.7,2600.0,46020000.0,0.0,0.0,17.7,17.7,17.7,2600.0
2020-04-15,15.383,17.8,0.565,17.8,2400.0,42720000.0,0.0,0.0,17.8,17.8,17.8,2400.0
2020-04-16,15.383,17.8,0.0,17.8,2700.0,48060000.0,0.0,0.0,17.8,17.8,17.8,2700.0
2020-04-17,15.469,17.9,0.5618,17.9,3200.0,57280000.0,0.0,0.0,17.9,17.9,17.9,3200.0
2020-04-20,15.469,17.9,0.0,17.9,2300.0,41170000.0,0.0,0.0,17.9,17.9,17.9,2300.0
2020-04-21,15.383,17.8,-0.5587,17.8,2500.0,44500000.0,0.0,0.0,17.8,17.8,17.8,2500.0
2020-04-22,15.383,17.8,0.0,17.8,2600.0,46280000.0,0.0,0.0,17.8,17.8,17.8,2600.0
2020-04-23,15.469,17.9,0.5618,17.9,2800.0,50120000.0,0.0,0.0,17.9,17.9,17.9,2800.0
2020-04-24,15.469,17.9,0.0,17.9,3100.0,55490000.0,0.0,0.0,17.9,17.9,17.9,3100.0
2020-04-27,15.469,17.9,0.0,17.9,2400.0,42960000.0,0.0,0.0,17.9,17.9,17.9,2400.0
2020-04-28,15.469,17.9,0.0,17.9,2700.0,48330000.0,0.0,0.0,17.9,17.9,17.9,2700.0
2020-04-29,15.556,18.0,0.5587,18.0,3200.0,57600000.0,0.0,0.0,18.0,18.0,18.0,3200.0
2020-05-04,15.556,18.0,0.0,18.0,2300.0,41400000.0,0.0,0.0,18.0,18.0,18.0,2300.0
2020-05-05,15.556,18.0,0.0,18.0,2500.0,45000000.0,0.0,0.0,18.0,18.0,18.0,2500.0
2020-05-06,15.469,17.9,-0.5556,17.9,2400.0,42960000.0,0.0,0.0,17.9,17.9,17.9,2400.0
2020-05-07,15.556,18.0,0.5587,18.0,2700.0,48600000.0,0.0,0.0,18.0,18.0,18.0,2700.0
2020-05-08,15.641,18.1,0.5556,18.1,2900.0,52490000.0,0.0,0.0,18.1,18.1,18.1,2900.0
2020-05-11,15.641,18.1,0.0,18.1,2400.0,43440000.0,0.0,0.0,18.1,18.1,18.1,2400.0
2020-05-12,15.641,18.1,0.0,18.1,2600.0,47060000.0,0.0,0.0,18.1,18.1,18.1,2600.0
2020-05-13,15.728,18.2,0.5525,18.2,2600.0,47320000.0,0.0,0.0,18.2,18.2,18.2,2600.0
2020-05-14,15.728,18.2,0.0,18.2,2700.0,49140000.0,0.0,0.0,18.2,18.2,18.2,2700.0
2020-05-15,15.728,18.2,0.0,18.2,3100.0,56420000.0,0.0,0.0,18.2,18.2,18.2,3100.0
2020-05-18,15.728,18.2,0.0,18.2,2400.0,43680000.0,0.0,0.0,18.2,18.2,18.2,2400.0
2020-05-19,15.814,18.3,0.5495,18.3,2100.0,38430000.0,0.0,0.0,18.3,18.3,18.3,2100.0
2020-05-20,15.814,18.3,0.0,18.3,2300.0,42090000.0,0.0,0.0,18.3,18.3,18.3,2300.0
2020-05-21,15.901,18.4,0.5464,18.4,2700.0,49680000.0,0.0,0.0,18.4,18.4,18.4,2700.0
2020-05-22,15.901,18.4,0.0,18.4,3400.0,62560000.0,0.0,0.0,18.4,18.4,18.4,3400.0
2020-05-25,15.901,18.4,0.0,18.4,2300.0,42320000.0,550000.0,9900000000.0,18.4,18.4,18.4,552300.0
2020-05-26,15.814,18.3,-0.5435,18.3,2600.0,47580000.0,544000.0,9792000000.0,18.3,18.3,18.3,546600.0
2020-05-27,15.814,18.3,0.0,18.3,2400.0,43920000.0,448000.0,8064000000.0,18.3,18.3,18.3,450400.0
2020-05-28,15.814,18.3,0.0,18.3,2500.0,45750000.0,0.0,0.0,18.3,18.3,18.3,2500.0
2020-05-29,15.814,18.3,0.0,18.3,3200.0,58560000.0,547000.0,9846000000.0,18.3,18.3,18.3,550200.0
2020-06-01,15.814,18.3,0.0,18.3,2200.0,40260000.0,0.0,0.0,18.3,18.3,18.3,2200.0
2020-06-02,15.728,18.2,-0.5464,18.2,2600.0,47320000.000001,541000.0,9738000000.0,18.2,18.2,18.2,543600.0
2020-06-03,15.728,18.2,0.0,18.2,2300.0,41860000.0,540000.0,9720000000.0,18.2,18.2,18.2,542300.0
2020-06-04,15.728,18.2,0.0,18.2,2700.0,49140000.0,454000.0,8172000000.0,18.2,18.2,18.2,456700.0
2020-06-05,15.728,18.2,0.0,18.2,3200.0,58240000.0,0.0,0.0,18.2,18.2,18.2,3200.0
2020-06-08,15.814,18.3,0.5495,18.3,2300.0,42090000.0,0.0,0.0,18.3,18.3,18.3,2300.0
2020-06-09,15.814,18.3,0.0,18.3,2600.0,47580000.0,0.0,0.0,18.3,18.3,18.3,2600.0
2020-06-10,15.814,18.3,0.0,18.3,2400.0,43920000.0,0.0,0.0,18.3,18.3,18.3,2400.0
2020-06-11,15.814,18.3,0.0,18.3,2400.0,43920000.0,0.0,0.0,18.3,18.3,18.3,2400.0
2020-06-12,15.728,18.2,-0.5464,18.2,3100.0,56420000.0,0.0,0.0,18.2,18.2,18.2,3100.0
2020-06-15,15.728,18.2,0.0,18.2,2100.0,38219999.999999,1070000.0,19260000000.0,18.2,18.2,18.2,1072100.0
2020-06-16,15.728,18.2,0.0,18.2,2600.0,47320000.0,0.0,0.0,18.2,18.2,18.2,2600.0
2020-06-17,15.728,18.2,0.0,18.2,2206.0,40149200.0,0.0,0.0,18.2,18.2,18.2,2206.0
2020-06-18,15.728,18.2,0.0,18.2,2500.0,45500000.0,0.0,0.0,18.2,18.2,18.2,2500.0
2020-06-19,15.728,18.2,0.0,18.2,2600.0,47320000.0,0.0,0.0,18.2,18.2,18.2,2600.0
2020-06-22,15.814,18.3,0.5495,18.3,2400.0,43920000.0,0.0,0.0,18.3,18.3,18.3,2400.0
2020-06-23,15.814,18.3,0.0,18.3,2700.0,49410000.0,0.0,0.0,18.3,18.3,18.3,2700.0
2020-06-24,15.814,18.3,0.0,18.3,2800.0,51240000.0,0.0,0.0,18.3,18.3,18.3,2800.0
2020-06-25,15.814,18.3,0.0,18.3,2300.0,42090000.0,0.0,0.0,18.3,18.3,18.3,2300.0
2020-06-26,15.901,18.4,0.5464,18.4,3300.0,60720000.0,0.0,0.0,18.4,18.4,18.4,3300.0
2020-06-29,15.901,18.4,0.0,18.4,2100.0,38640000.0,0.0,0.0,18.4,18.4,18.4,2100.0
2020-06-30,15.814,18.3,-0.5435,18.3,2600.0,47580000.0,1075000.0,19350000000.0,18.3,18.3,18.3,1077600.0
2020-07-01,15.814,18.3,0.0,18.3,2400.0,43920000.0,445000.0,8010000000.0,18.3,18.3,18.3,447400.0
2020-07-02,15.814,18.3,0.0,18.3,2200.0,40260000.0,0.0,0.0,18.3,18.3,18.3,2200.0
2020-07-03,15.814,18.3,0.0,18.3,3400.0,62220000.0,1074000.0,19332000000.0,18.3,18.3,18.3,1077400.0
2020-07-06,15.814,18.3,0.0,18.3,2500.0,45750000.0,443000.0,7974000000.0,18.3,18.3,18.3,445500.0
2020-07-07,15.901,18.4,0.5464,18.4,2400.0,44160000.0,0.0,0.0,18.4,18.4,18.4,2400.0
2020-07-08,15.901,18.4,0.0,18.4,2600.0,47840000.0,0.0,0.0,18.4,18.4,18.4,2600.0
2020-07-09,15.901,18.4,0.0,18.4,2300.0,42320000.0,1058000.0,19044000000.0,18.4,18.4,18.4,1060300.0
2020-07-10,15.901,18.4,0.0,18.4,3100.0,57040000.0,0.0,0.0,18.4,18.4,18.4,3100.0
2020-07-13,15.814,18.3,-0.5435,18.3,2100.0,38430000.0,0.0,0.0,18.3,18.3,18.3,2100.0
2020-07-14,15.814,18.3,0.0,18.3,2500.0,45749999.999998,965000.0,17370000000.0,18.3,18.3,18.3,967500.0
2020-07-15,15.814,18.3,0.0,18.3,2400.0,43920000.0,500000.0,9000000000.0,18.3,18.3,18.3,502400.0
2020-07-16,15.814,18.3,0.0,18.3,2200.0,40260000.0,0.0,0.0,18.3,18.3,18.3,2200.0
2020-07-17,15.814,18.3,0.0,18.3,3100.0,56730000.0,0.0,0.0,18.3,18.3,18.3,3100.0
2020-07-20,15.814,18.3,0.0,18.3,2200.0,40260000.0,0.0,0.0,18.3,18.3,18.3,2200.0
2020-07-21,15.728,18.2,-0.5464,18.2,2400.0,43680000.0,0.0,0.0,18.2,18.2,18.2,2400.0
2020-07-22,15.728,18.2,0.0,18.2,2600.0,47320000.0,0.0,0.0,18.2,18.2,18.2,2600.0
2020-07-23,15.728,18.2,0.0,18.2,2100.0,38219999.999999,1075000.0,19350000000.0,18.2,18.2,18.2,1077100.0
2020-07-24,15.641,18.1,-0.5495,18.1,3200.0,57920000.0,0.0,0.0,18.1,18.1,18.1,3200.0
2020-07-27,15.556,18.0,-0.5525,18.0,2200.0,39600000.0,0.0,0.0,18.0,18.0,18.0,2200.0
2020-07-28,15.556,18.0,0.0,18.0,2400.0,43200000.0,0.0,0.0,18.0,18.0,18.0,2400.0
2020-07-29,15.556,18.0,0.0,18.0,2100.0,37800000.0,0.0,0.0,18.0,18.0,18.0,2100.0
2020-07-30,15.641,18.1,0.5556,18.1,2700.0,48870000.0,0.0,0.0,18.1,18.1,18.1,2700.0
2020-07-31,15.641,18.1,0.0,18.1,3100.0,56110000.0,952000.0,17136000000.0,18.1,18.1,18.1,955100.0
2020-08-03,15.728,18.2,0.5525,18.2,2300.0,41860000.0,495000.0,8910000000.0,18.2,18.2,18.2,497300.0
2020-08-04,15.814,18.3,0.5495,18.3,2400.0,43920000.0,0.0,0.0,18.3,18.3,18.3,2400.0
2020-08-05,15.814,18.3,0.0,18.3,2200.0,40260000.0,961711.0,17310798000.0,18.3,18.3,18.3,963911.0
2020-08-06,15.814,18.3,0.0,18.3,2600.0,47580000.0,400000.0,7200000000.0,18.3,18.3,18.3,402600.0
2020-08-07,15.814,18.3,0.0,18.3,2900.0,53070000.0,0.0,0.0,18.3,18.3,18.3,2900.0
2020-08-10,15.901,18.4,0.5464,18.4,2400.0,44160000.000002,953000.0,17154000000.0,18.4,18.4,18.4,955400.0
2020-08-11,15.901,18.4,0.0,18.4,2300.0,42320000.0,0.0,0.0,18.4,18.4,18.4,2300.0
2020-08-12,15.814,18.3,-0.5435,18.3,2700.0,49410000.0,498000.0,8964000000.0,18.3,18.3,18.3,500700.0
2020-08-13,15.814,18.3,0.0,18.3,0.0,0.0,510000.0,9180000000.0,18.3,18.3,18.3,510000.0
2020-08-14,15.814,18.3,0.0,18.3,2900.0,53070000.0,471000.0,8478000000.0,18.3,18.3,18.3,473900.0
2020-08-17,15.814,18.3,0.0,18.3,0.0,0.0,494000.0,8892000000.0,18.3,18.3,18.3,494000.0
2020-08-18,15.814,18.3,0.0,18.3,2100.0,38430000.0,506000.0,9108000000.0,18.3,18.3,18.3,508100.0
2020-08-19,15.814,18.3,0.0,18.3,2400.0,43920000.0,468000.0,8424000000.0,18.3,18.3,18.3,470400.0
2020-08-20,15.814,18.3,0.0,18.3,0.0,0.0,498000.0,8964000000.0,18.3,18.3,18.3,498000.0
2020-08-21,15.814,18.3,0.0,18.3,3100.0,56730000.0,495000.0,8910000000.0,18.3,18.3,18.3,498100.0
2020-08-24,16.074,18.6,1.6393,18.696,2500.0,46740000.0,0.0,0.0,21.0,21.0,18.6,2500.0
2020-08-25,15.987,18.5,-1.0695,18.5,2201.0,40721500.0,0.0,0.0,18.5,18.5,18.5,2201.0
2020-08-26,15.901,18.4,-0.5405,18.4,2600.0,47839999.999997,976000.0,17568000000.0,18.4,18.4,18.4,978600.0
2020-08-27,15.901,18.4,0.0,18.4,2300.0,42320000.0,489000.0,8802000000.0,18.4,18.4,18.4,491300.0
2020-08-28,16.074,18.6,1.087,18.6,2400.0,44640000.0,0.0,0.0,18.6,18.6,18.6,2400.0
2020-08-31,16.074,18.6,0.0,18.6,2100.0,39060000.0,0.0,0.0,18.6,18.6,18.6,2100.0
2020-09-01,16.074,18.6,0.0,18.6,2300.0,42780000.0,0.0,0.0,18.6,18.6,18.6,2300.0
2020-09-03,15.987,18.5,-0.5376,18.5,2400.0,44400000.0,482000.0,8676000000.0,18.5,18.5,18.5,484400.0
2020-09-04,15.987,18.5,0.0,18.5,2605.0,48205999.999999,493000.0,8874000000.0,18.5,18.5,18.5,495605.0
2020-09-07,15.987,17.0,0.0,17.0,2200.0,37400000.0,510000.0,8670000000.0,17.0,17.0,17.0,512200.0
2020-09-08,15.987,17.0,0.0,17.0,2500.0,42500000.0,508000.0,8636000000.0,17.0,17.0,17.0,510500.0
2020-09-09,15.987,17.0,0.0,17.0,2300.0,39099999.999999,519000.0,8823000000.0,17.0,17.0,17.0,521300.0
2020-09-10,16.081,17.1,0.5882,17.1,2700.0,46170000.0,507000.0,8619000000.0,17.1,17.1,17.1,509700.0
2020-09-11,16.081,17.1,0.0,17.1,3100.0,53010000.0,504000.0,8568000000.0,17.1,17.1,17.1,507100.0
2020-09-14,16.175,17.2,0.5848,17.2,2100.0,36120000.0,0.0,0.0,17.2,17.2,17.2,2100.0
2020-09-15,16.175,17.2,0.0,17.2,0.0,0.0,0.0,0.0,17.2,17.2,17.2,0.0
2020-09-16,16.175,17.2,0.0,17.2,0.0,0.0,514000.0,8738000000.0,17.2,17.2,17.2,514000.0
2020-09-17,16.175,17.2,0.0,17.2,0.0,0.0,530000.0,9010000000.0,17.2,17.2,17.2,530000.0
2020-09-18,16.269,17.3,0.5814,17.3,2800.0,48440000.0,413000.0,7021000000.0,17.3,17.3,17.3,415800.0
2020-09-21,16.269,17.3,0.0,17.3,0.0,0.0,503000.0,8551000000.0,17.3,17.3,17.3,503000.0
2020-09-22,16.175,17.2,-0.578,17.2,2400.0,41280000.0,0.0,0.0,17.2,17.2,17.2,2400.0
2020-09-23,16.269,17.3,0.5814,17.3,2200.0,38060000.0,0.0,0.0,17.3,17.3,17.3,2200.0
2020-09-24,16.363,17.4,0.578,17.4,2308.0,40159200.000002,508000.0,8636000000.0,17.4,17.4,17.4,510308.0
2020-09-25,16.363,17.4,0.0,17.4,0.0,0.0,0.0,0.0,17.4,17.4,17.4,0.0
2020-09-28,16.363,17.4,0.0,17.4,2100.0,36540000.0,511000.0,8687000000.0,17.4,17.4,17.4,513100.0
2020-09-29,16.363,17.4,0.0,17.4,0.0,0.0,590587.0,10039979000.0,17.4,17.4,17.4,590587.0
2020-09-30,16.363,17.4,0.0,17.4,2600.0,45240000.0,0.0,0.0,17.4,17.4,17.4,2600.0
2020-10-01,16.269,17.3,-0.5747,17.3,2400.0,41520000.0,0.0,0.0,17.3,17.3,17.3,2400.0
2020-10-02,16.269,17.3,0.0,17.3,2700.0,46709999.999999,489000.0,8313000000.0,17.3,17.3,17.3,491700.0
2020-10-05,16.363,17.4,0.578,17.4,2200.0,38280000.0,0.0,0.0,17.4,17.4,17.4,2200.0
2020-10-06,16.269,17.3,-0.5747,17.3,2100.0,36330000.000001,495000.0,8415000000.0,17.3,17.3,17.3,497100.0
2020-10-07,16.269,17.3,0.0,17.3,0.0,0.0,0.0,0.0,17.3,17.3,17.3,0.0
2020-10-08,16.363,17.4,0.578,17.4,2300.0,40020000.0,340000.0,5780000000.0,17.4,17.4,17.4,342300.0
2020-10-09,16.363,17.4,0.0,17.4,0.0,0.0,0.0,0.0,17.4,17.4,17.4,0.0
2020-10-12,16.363,17.4,0.0,17.4,0.0,0.0,581628.0,9887676000.0,17.4,17.4,17.4,581628.0
2020-10-13,16.363,17.4,0.0,17.4,0.0,0.0,0.0,0.0,17.4,17.4,17.4,0.0
2020-10-14,16.363,17.4,0.0,17.4,0.0,0.0,0.0,0.0,17.4,17.4,17.4,0.0
2020-10-15,16.363,17.4,0.0,17.4,0.0,0.0,0.0,0.0,17.4,17.4,17.4,0.0
2020-10-16,16.551,17.6,1.1494,17.6,2400.0,42240000.0,0.0,0.0,17.6,17.6,17.6,2400.0
2020-10-19,16.551,17.6,0.0,17.6,2100.0,36960000.0,0.0,0.0,17.6,17.6,17.6,2100.0
2020-10-20,16.551,17.6,0.0,17.6,0.0,0.0,0.0,0.0,17.6,17.6,17.6,0.0
2020-10-21,16.646,17.7,0.5682,17.7,2600.0,46020000.0,0.0,0.0,17.7,17.7,17.7,2600.0
2020-10-22,16.646,17.7,0.0,17.7,2100.0,37170000.0,0.0,0.0,17.7,17.7,17.7,2100.0
2020-10-23,16.646,17.7,0.0,17.7,0.0,0.0,0.0,0.0,17.7,17.7,17.7,0.0
2020-10-26,16.646,17.7,0.0,17.7,0.0,0.0,0.0,0.0,17.7,17.7,17.7,0.0
2020-10-27,16.646,17.7,0.0,17.7,0.0,0.0,0.0,0.0,17.7,17.7,17.7,0.0
2020-10-28,16.551,17.6,-0.565,17.623,2600.0,45820000.0,0.0,0.0,17.8,17.8,17.6,2600.0
2020-10-29,16.551,17.6,0.0,17.6,2300.0,40480000.0,0.0,0.0,17.6,17.6,17.6,2300.0
2020-10-30,16.551,17.6,0.0,17.6,0.0,0.0,0.0,0.0,17.6,17.6,17.6,0.0
2020-11-02,16.551,17.6,0.0,17.6,0.0,0.0,0.0,0.0,17.6,17.6,17.6,0.0
2020-11-03,16.551,17.6,0.0,17.7,2600.0,46020000.0,0.0,0.0,17.6,20.2,17.6,2600.0
2020-11-04,16.646,17.7,0.0,17.7,0.0,0.0,0.0,0.0,17.7,17.7,17.7,0.0
2020-11-05,16.646,17.7,0.0,17.7,0.0,0.0,0.0,0.0,17.7,17.7,17.7,0.0
2020-11-06,16.646,17.7,0.0,17.7,2700.0,47790000.0,0.0,0.0,17.7,17.7,17.7,2700.0
2020-11-09,16.646,17.7,0.0,17.7,0.0,0.0,0.0,0.0,17.7,17.7,17.7,0.0
2020-11-10,16.646,17.7,0.0,17.876,2500.0,44690000.0,0.0,0.0,19.9,19.9,17.7,2500.0
2020-11-11,18.714,19.9,11.1732,17.891,2300.0,41150000.0,0.0,0.0,17.7,19.9,17.7,2300.0
2020-11-12,16.74,17.8,-0.5587,17.8,1900.0,33820000.0,0.0,0.0,17.8,17.8,17.8,1900.0
2020-11-13,16.74,17.8,0.0,17.8,0.0,0.0,0.0,0.0,17.8,17.8,17.8,0.0
2020-11-16,16.74,17.8,0.0,17.8,2400.0,42720000.0,0.0,0.0,17.8,17.8,17.8,2400.0
2020-11-17,18.809,20.0,12.3596,17.979,2400.0,43150000.0,0.0,0.0,17.8,20.0,17.8,2400.0
2020-11-18,16.834,17.9,-0.5556,17.9,2600.0,46540000.0,0.0,0.0,17.9,17.9,17.9,2600.0
2020-11-19,16.834,17.9,0.0,17.9,2200.0,39380000.0,0.0,0.0,17.9,17.9,17.9,2200.0
2020-11-20,16.928,18.0,0.5587,18.0,2600.0,46800000.0,0.0,0.0,18.0,18.0,18.0,2600.0
2020-11-23,16.928,18.0,0.0,18.0,0.0,0.0,0.0,0.0,18.0,18.0,18.0,0.0
2020-11-24,16.928,18.0,0.0,18.0,0.0,0.0,0.0,0.0,18.0,18.0,18.0,0.0
2020-11-25,16.74,17.8,-1.1111,17.8,2300.0,40940000.0,0.0,0.0,17.8,17.8,17.8,2300.0
2020-11-26,16.74,17.8,0.0,17.8,0.0,0.0,0.0,0.0,17.8,17.8,17.8,0.0
2020-11-27,16.928,18.0,1.1236,18.0,100.0,1800000.0,0.0,0.0,18.0,18.0,18.0,100.0
2020-11-30,16.834,17.9,-0.5556,17.9,2100.0,37590000.0,0.0,0.0,17.9,17.9,17.9,2100.0
2020-12-01,18.714,19.9,11.1732,18.008,2600.0,46820000.0,0.0,0.0,19.5,19.9,17.7,2600.0
2020-12-02,16.928,18.0,0.0,18.0,0.0,0.0,0.0,0.0,18.0,18.0,18.0,0.0
2020-12-03,16.928,18.0,0.0,18.0,0.0,0.0,0.0,0.0,18.0,18.0,18.0,0.0
2020-12-04,16.928,18.0,0.0,18.0,2300.0,41400000.0,0.0,0.0,18.0,18.0,18.0,2300.0
2020-12-07,16.74,17.8,-1.1111,17.8,100.0,1780000.0,0.0,0.0,17.8,17.8,17.8,100.0
2020-12-08,16.74,17.8,0.0,17.8,0.0,0.0,0.0,0.0,17.8,17.8,17.8,0.0
2020-12-09,16.928,18.0,1.1236,18.0,100.0,1800000.0,0.0,0.0,18.0,18.0,18.0,100.0
2020-12-10,16.834,17.9,-0.5556,17.9,2400.0,42960000.0,0.0,0.0,17.9,17.9,17.9,2400.0
2020-12-11,16.834,17.9,0.0,17.9,2600.0,46540000.0,0.0,0.0,17.9,17.9,17.9,2600.0
2020-12-14,16.928,18.0,0.5587,18.0,1900.0,34200000.0,0.0,0.0,18.0,18.0,18.0,1900.0
2020-12-15,16.928,18.0,0.0,18.0,0.0,0.0,0.0,0.0,18.0,18.0,18.0,0.0
2020-12-16,16.928,18.0,0.0,18.0,2300.0,41400000.0,0.0,0.0,18.0,18.0,18.0,2300.0
2020-12-17,16.928,18.0,0.0,18.0,5200.0,93600000.0,0.0,0.0,18.0,18.0,18.0,5200.0
2020-12-18,16.928,18.0,0.0,18.0,2400.0,43200000.0,0.0,0.0,18.0,18.0,18.0,2400.0
2020-12-21,16.928,18.0,0.0,18.0,0.0,0.0,0.0,0.0,18.0,18.0,18.0,0.0
2020-12-22,16.928,18.0,0.0,18.054,2400.0,43330000.0,0.0,0.0,19.3,19.3,18.0,2400.0
2020-12-23,19.561,20.8,14.9171,18.37,2700.0,49600000.0,0.0,0.0,18.1,20.8,18.1,2700.0
2020-12-24,17.304,18.4,0.0,18.4,0.0,0.0,0.0,0.0,18.4,18.4,18.4,0.0
2020-12-25,17.116,18.2,-1.087,18.2,2400.0,43680000.0,0.0,0.0,18.2,18.2,18.2,2400.0
2020-12-28,17.116,18.2,0.0,18.2,0.0,0.0,0.0,0.0,18.2,18.2,18.2,0.0
2020-12-29,19.279,20.5,12.6374,18.903,3605.0,68152500.0,0.0,0.0,18.2,20.5,18.2,3605.0
2020-12-30,17.868,19.0,0.5291,19.0,2600.0,49400000.0,0.0,0.0,19.0,19.0,19.0,2600.0
2020-12-31,20.219,21.5,13.1579,19.241,3400.0,65420000.0,0.0,0.0,19.1,21.5,19.1,3400.0
2021-01-04,19.749,21.0,9.375,21.0,102.0,2142000.0,0.0,0.0,21.0,21.0,21.0,102.0
2021-01-05,19.843,21.1,0.4762,21.1,2400.0,50640000.0,0.0,0.0,21.1,21.1,21.1,2400.0
2021-01-06,19.843,21.1,0.0,21.1,3100.0,65410000.0,0.0,0.0,21.1,21.1,21.1,3100.0
2021-01-07,20.219,21.5,1.8957,21.5,108.0,2317800.0,0.0,0.0,21.5,21.5,21.5,108.0
2021-01-08,20.219,21.5,0.0,21.5,2600.0,55900000.0,0.0,0.0,21.5,21.5,21.5,2600.0
2021-01-11,20.219,21.5,0.0,21.5,0.0,0.0,0.0,0.0,21.5,21.5,21.5,0.0
2021-01-12,20.501,21.8,1.3953,21.607,2908.0,62834400.0,0.0,0.0,21.6,21.8,21.6,2908.0
2021-01-13,20.219,21.5,-0.463,21.5,2400.0,51600000.0,0.0,0.0,21.5,21.5,21.5,2400.0
2021-01-14,20.313,21.6,0.4651,21.6,2100.0,45360000.0,0.0,0.0,21.6,21.6,21.6,2100.0
2021-01-15,21.16,22.5,4.1667,22.5,100.0,2250000.0,0.0,0.0,22.5,22.5,22.5,100.0
2021-01-18,20.313,21.6,-4.0,21.6,2600.0,56160000.0,0.0,0.0,21.6,21.6,21.6,2600.0
2021-01-19,20.313,21.6,0.0,21.6,2100.0,45360000.0,0.0,0.0,21.6,21.6,21.6,2100.0
2021-01-20,19.843,21.1,-2.3148,21.1,2300.0,48530000.0,0.0,0.0,21.1,21.1,21.1,2300.0
2021-01-21,19.937,21.2,0.4739,21.2,2400.0,50880000.0,0.0,0.0,21.2,21.2,21.2,2400.0
2021-01-22,20.125,21.4,0.9434,21.4,2300.0,49220000.0,0.0,0.0,21.4,21.4,21.4,2300.0
2021-01-25,20.219,21.5,0.4673,21.5,2200.0,47300000.0,0.0,0.0,21.5,21.5,21.5,2200.0
2021-01-26,20.313,21.6,0.4651,21.6,1800.0,38880000.0,0.0,0.0,21.6,21.6,21.6,1800.0
2021-01-27,20.219,21.5,-0.463,21.5,2300.0,49450000.0,0.0,0.0,21.5,21.5,21.5,2300.0
2021-01-28,19.749,21.0,-2.3256,21.0,3700.0,77700000.0,0.0,0.0,21.0,21.0,21.0,3700.0
2021-01-29,19.843,21.1,0.4762,21.1,3300.0,69630000.0,0.0,0.0,21.1,21.1,21.1,3300.0
2021-02-01,19.937,21.2,0.4739,21.2,2100.0,44520000.0,0.0,0.0,21.2,21.2,21.2,2100.0
2021-02-02,19.937,21.2,0.0,21.2,2400.0,50880000.0,0.0,0.0,21.2,21.2,21.2,2400.0
2021-02-03,19.937,21.2,0.0,21.296,2700.0,57500000.0,0.0,0.0,21.3,21.3,21.2,2700.0
2021-02-04,21.912,23.3,9.3897,21.467,2400.0,51520000.0,0.0,0.0,21.3,23.3,21.3,2400.0
2021-02-05,20.313,21.6,0.4651,21.6,2400.0,51840000.0,0.0,0.0,21.6,21.6,21.6,2400.0
2021-02-08,19.749,21.0,-2.7778,21.0,2100.0,44100000.0,0.0,0.0,21.0,21.0,21.0,2100.0
2021-02-09,20.219,21.5,2.381,21.209,3200.0,67870000.0,0.0,0.0,21.2,21.5,21.2,3200.0
2021-02-17,22.758,24.2,14.1509,21.412,2600.0,55670000.0,0.0,0.0,21.3,24.2,21.3,2600.0
2021-02-18,20.219,21.5,0.4673,21.5,1700.0,36550000.0,0.0,0.0,21.5,21.5,21.5,1700.0
2021-02-19,20.313,21.6,0.4651,21.6,2700.0,58320000.0,0.0,0.0,21.6,21.6,21.6,2700.0
2021-02-22,20.689,22.0,1.8519,21.564,1100.0,23720000.0,0.0,0.0,21.6,22.0,21.5,1100.0
2021-02-23,20.407,21.7,0.463,21.7,2400.0,52080000.0,0.0,0.0,21.7,21.7,21.7,2400.0
2021-02-24,20.595,21.9,0.9217,21.9,3202.0,70124000.0,0.0,0.0,21.9,21.9,21.9,3202.0
2021-03-03,19.561,20.8,30.0,20.8,3200.0,66560000.0,0.0,0.0,20.8,20.8,20.8,3200.0
2021-03-04,21.442,22.8,9.6154,22.8,1100.0,25080000.0,0.0,0.0,22.8,22.8,22.8,1100.0
2021-03-05,23.511,25.0,9.6491,25.0,100.0,2500000.0,0.0,0.0,25.0,25.0,25.0,100.0
2021-03-08,25.862,27.5,10.0,27.5,100.0,2750000.0,0.0,0.0,27.5,27.5,27.5,100.0
2021-03-09,28.401,30.2,9.8182,30.2,4300.0,129860000.0,0.0,0.0,30.2,30.2,30.2,4300.0
2021-03-10,28.401,30.2,0.0,30.2,0.0,0.0,0.0,0.0,30.2,30.2,30.2,0.0
2021-03-11,31.222,33.2,9.9338,33.2,100.0,3320000.0,0.0,0.0,33.2,33.2,33.2,100.0
2021-03-12,31.316,33.3,0.3012,35.81,34300.0,1228270000.0,0.0,0.0,36.5,36.5,33.2,34300.0
2021-03-15,31.974,34.0,2.1021,35.474,80708.0,2863029600.0,0.0,0.0,33.5,36.6,33.5,80708.0
2021-03-16,31.974,34.0,0.0,34.211,32100.0,1098160000.0,9.0,275400.0,35.6,35.6,34.0,32109.0
2021-03-17,30.94,32.9,-3.2353,33.211,38400.0,1275320000.0,0.0,0.0,34.0,34.0,32.2,38400.0
2021-03-18,30.0,31.9,-3.0395,32.253,140300.0,4525110000.0,0.0,0.0,32.8,32.8,31.5,140300.0
2021-03-19,30.846,32.8,2.8213,32.229,21400.0,689700000.0,0.0,0.0,31.3,32.8,31.3,21400.0
2021-03-22,28.683,30.5,-7.0122,31.718,24000.0,761230000.0,0.0,0.0,32.8,32.8,30.0,24000.0
2021-03-23,28.025,29.8,-2.2951,29.953,52100.0,1560540000.0,0.0,0.0,30.5,31.2,29.2,52100.0
2021-03-24,27.931,29.7,-0.3356,29.306,25700.0,753170000.0,0.0,0.0,29.8,29.8,28.7,25700.0
2021-03-25,27.837,29.6,-0.3367,29.647,22200.0,658170000.0,0.0,0.0,29.7,29.9,29.0,22200.0
2021-03-26,27.46,29.2,-1.3514,29.053,20400.0,592690000.0,0.0,0.0,29.6,29.6,28.2,20400.0
2021-03-29,27.554,29.3,0.3425,29.639,37600.0,1114440000.0,0.0,0.0,29.2,30.5,29.2,37600.0
2021-03-30,27.366,29.1,-0.6826,29.066,38400.0,1116120000.0,0.0,0.0,29.3,29.4,28.3,38400.0
2021-03-31,27.46,29.2,0.3436,29.187,47900.0,1398070000.0,0.0,0.0,29.2,30.0,28.8,47900.0
2021-04-01,27.272,29.0,-0.6849,28.917,33300.0,962950000.0,0.0,0.0,29.2,29.2,28.7,33300.0
2021-04-02,27.366,29.1,0.3448,28.995,46600.0,1351160000.0,0.0,0.0,29.0,29.1,28.9,46600.0
2021-04-05,27.46,29.2,0.3436,29.17,44000.0,1283480000.0,0.0,0.0,29.1,29.4,29.0,44000.0
2021-04-06,27.366,29.1,-0.3425,29.166,23287.0,678928100.0,0.0,0.0,29.2,29.3,29.0,23287.0
2021-04-07,27.366,29.1,0.0,29.147,22800.0,664560000.0,0.0,0.0,29.1,29.3,29.0,22800.0
2021-04-08,27.366,29.1,0.0,28.739,90800.0,2609490000.0,0.0,0.0,29.1,29.1,28.3,90800.0
2021-04-09,27.272,29.0,-0.3436,28.954,50702.0,1468018600.0,0.0,0.0,29.1,29.2,28.7,50702.0
2021-04-12,27.084,28.8,-0.6897,28.683,35655.0,1022688200.0,0.0,0.0,29.0,29.0,28.0,35655.0
2021-04-13,27.084,28.8,0.0,28.914,49600.0,1434120000.0,0.0,0.0,28.8,29.2,28.6,49600.0
2021-04-14,26.896,28.6,-0.6944,28.654,33500.0,959920000.0,0.0,0.0,28.8,28.9,28.3,33500.0
2021-04-15,26.802,28.5,-0.3497,28.523,42300.0,1206530000.0,0.0,0.0,28.6,28.8,28.3,42300.0
2021-04-16,25.956,27.6,-3.1579,28.078,50600.0,1420750000.0,0.0,0.0,28.5,28.6,27.5,50600.0
2021-04-19,26.332,28.0,1.4493,27.741,32400.0,898820000.0,0.0,0.0,27.5,28.0,27.5,32400.0
2021-04-20,26.238,27.9,-0.3571,28.058,26600.0,746330000.0,0.0,0.0,28.0,28.2,27.9,26600.0
2021-04-22,25.297,26.9,-3.5842,27.442,53800.0,1476370000.0,0.0,0.0,27.9,27.9,26.9,53800.0
2021-04-23,24.921,26.5,-1.487,26.594,40500.0,1077060000.0,0.0,0.0,26.9,26.9,26.4,40500.0
2021-04-26,25.109,26.7,0.7547,26.697,26100.0,696800000.0,0.0,0.0,26.5,26.9,26.5,26100.0
2021-04-27,24.921,26.5,-0.7491,26.597,28000.0,744720000.0,0.0,0.0,26.7,26.8,26.4,28000.0
2021-04-28,24.921,26.5,0.0,26.547,30600.0,812340000.0,0.0,0.0,26.5,26.7,26.4,30600.0
2021-04-29,24.733,26.3,-0.7547,26.423,25700.0,679070000.0,0.0,0.0,26.5,26.6,26.3,25700.0
2021-05-04,23.981,25.5,-3.0418,25.589,29400.0,752310000.0,0.0,0.0,26.0,26.0,25.3,29400.0
2021-05-05,23.981,25.5,0.0,25.26,38100.0,962400000.0,0.0,0.0,25.5,25.5,25.0,38100.0
2021-05-06,23.699,25.2,-1.1765,25.386,32811.0,832951500.0,0.0,0.0,25.4,25.6,25.2,32811.0
2021-05-07,23.323,24.8,-1.5873,24.972,38500.0,961410000.0,0.0,0.0,25.2,25.3,24.7,38500.0
2021-05-10,23.323,24.8,0.0,24.467,51840.0,1268358100.000001,276000.0,6900000000.0,24.8,24.8,24.1,327840.0
2021-05-11,23.793,25.3,2.0161,25.117,59310.0,1489712000.0,0.0,0.0,24.8,25.4,24.7,59310.0
2021-05-12,23.793,25.3,0.0,25.272,33601.0,849155400.0,0.0,0.0,25.3,25.4,25.1,33601.0
2021-05-13,23.887,25.4,0.3953,25.415,50203.0,1275926600.0,424000.0,10600000000.0,25.3,25.6,25.2,474203.0
2021-05-14,23.981,25.5,0.3937,25.445,54139.0,1377598400.0,0.0,0.0,25.4,25.6,25.3,54139.0
2021-05-17,23.981,25.5,0.0,25.534,52308.0,1335644800.0,0.0,0.0,25.5,25.7,25.3,52308.0
2021-05-18,23.699,25.2,-1.1765,25.335,29500.0,747390000.0,0.0,0.0,25.5,25.6,25.1,29500.0
2021-05-19,23.511,25.0,-0.7937,24.998,26900.0,672440000.0,0.0,0.0,25.2,25.2,24.9,26900.0
2021-05-20,23.323,24.8,-0.8,24.855,37309.0,927303800.0,0.0,0.0,25.0,25.0,24.7,37309.0
2021-05-21,23.981,25.5,2.8226,25.428,255501.0,6496995800.0,0.0,0.0,24.9,25.9,24.8,255501.0
2021-05-24,24.169,25.7,0.7843,25.61,142200.0,3641680000.0,0.0,0.0,25.5,25.8,25.5,142200.0
2021-05-25,23.981,25.5,-0.7782,25.645,83800.0,2149050000.0,0.0,0.0,25.7,25.8,25.5,83800.0
2021-05-26,26.332,28.0,9.8039,27.116,889430.0,24117541900.0,0.0,0.0,25.5,28.0,25.4,889430.0
2021-05-27,27.366,29.1,3.9286,29.42,454151.0,13361148800.0,0.0,0.0,28.6,30.3,28.0,454151.0
2021-05-28,27.931,29.7,2.0619,29.364,306800.0,9008950000.0,0.0,0.0,29.2,29.8,28.7,306800.0
2021-05-31,29.812,31.7,6.734,29.57,881807.0,26074609200.0,0.0,0.0,29.9,31.8,28.0,881807.0
2021-06-01,28.589,30.4,-4.1009,31.0,515340.0,15975300399.999998,650000.0,18590000000.0,31.7,31.7,30.2,1165340.0
2021-06-02,28.307,30.1,-0.9868,29.813,314070.0,9363282000.0,0.0,0.0,30.4,30.4,29.0,314070.0
2021-06-03,29.341,31.2,3.6545,30.474,512500.0,15617880000.0,100000.0,2710000000.0,30.0,31.5,29.5,612500.0
2021-06-04,28.495,30.3,0.0,30.664,399959.0,12264271600.0,0.0,0.0,31.2,31.3,29.9,399959.0
2021-06-07,26.614,28.3,-6.6007,28.726,277750.0,7978735000.0,0.0,0.0,30.3,30.3,27.7,277750.0
2021-06-08,24.451,26.0,-8.1272,27.302,325023.0,8873790900.0,750000.0,19125000000.0,28.2,28.3,26.0,1075023.0
2021-06-09,25.486,27.1,4.2308,26.4,287223.0,7582635100.0,0.0,0.0,26.0,27.3,25.6,287223.0
2021-06-10,25.015,26.6,-1.845,26.819,90700.0,2432490000.0,0.0,0.0,27.1,27.1,26.6,90700.0
2021-06-11,25.392,27.0,1.5038,26.829,139101.0,3731966700.000001,850000.0,21250000000.0,26.6,27.2,26.5,989101.0
2021-06-14,26.05,27.7,2.5926,27.756,303763.0,8431318299.999999,0.0,0.0,27.2,28.1,27.0,303763.0
2021-06-15,25.862,27.5,-0.722,27.623,126046.0,3481813600.0,0.0,0.0,27.8,27.9,27.4,126046.0
2021-06-16,25.015,26.6,-3.2727,26.873,147711.0,3969476999.999998,825460.0,20636500000.0,27.5,27.5,26.5,973171.0
2021-06-17,24.921,26.5,-0.3759,26.288,161914.0,4256411000.0,0.0,0.0,26.5,26.5,26.1,161914.0
2021-06-18,25.109,26.7,0.7547,26.537,193410.0,5132487000.0,0.0,0.0,26.5,26.9,26.3,193410.0
2021-06-21,24.639,26.2,-1.8727,26.357,118629.0,3126724300.0,0.0,0.0,26.7,26.7,26.2,118629.0
2021-06-22,24.639,26.2,0.0,26.2,100700.0,2638330000.0,0.0,0.0,26.2,26.4,26.0,100700.0
2021-06-23,24.639,26.2,0.0,26.204,140100.0,3671150000.0,0.0,0.0,26.2,26.4,26.0,140100.0
2021-06-24,24.451,26.0,-0.7634,26.071,109900.0,2865160000.0,0.0,0.0,26.2,26.3,25.9,109900.0
2021-06-25,24.357,25.9,-0.3846,25.849,77910.0,2013870000.0,0.0,0.0,26.0,26.1,25.7,77910.0
2021-06-28,25.015,26.6,2.7027,26.221,174247.0,4568949000.0,0.0,0.0,25.9,26.6,25.8,174247.0
2021-06-29,25.297,26.9,1.1278,26.817,170860.0,4581955000.0,0.0,0.0,26.6,27.0,26.5,170860.0
2021-06-30,24.733,26.3,-2.2305,26.538,79800.0,2117720000.0,0.0,0.0,26.9,26.9,26.3,79800.0
2021-07-01,24.827,26.4,0.3802,26.313,108600.0,2857540000.0,0.0,0.0,26.9,26.9,26.0,108600.0
2021-07-02,24.733,26.3,-0.3788,26.365,129822.0,3422708400.0,0.0,0.0,26.4,26.7,26.1,129822.0
2021-07-05,24.451,26.0,-1.1407,26.154,157579.0,4121285900.0,0.0,0.0,26.3,26.4,25.9,157579.0
2021-07-06,24.733,26.3,1.1538,26.342,301473.0,7941440500.0,0.0,0.0,26.0,26.5,26.0,301473.0
2021-07-07,24.169,25.7,-2.2814,25.745,101801.0,2620845800.0,0.0,0.0,26.3,26.3,25.5,101801.0
2021-07-08,23.981,25.5,-0.7782,25.547,81900.0,2092330000.0,0.0,0.0,25.7,25.8,25.2,81900.0
2021-07-09,23.229,24.7,-3.1373,25.096,101610.0,2549985000.0,0.0,0.0,25.5,25.6,24.7,101610.0
2021-07-12,21.63,23.0,-6.8826,23.266,178100.0,4143650000.0,0.0,0.0,24.7,24.7,22.3,178100.0
2021-07-13,21.536,22.9,-0.4348,22.932,48870.0,1120604600.0,0.0,0.0,23.0,23.1,22.7,48870.0
2021-07-14,21.442,22.8,-0.4367,22.866,51200.0,1170740000.0,0.0,0.0,22.9,23.1,22.5,51200.0
2021-07-15,21.912,23.3,2.193,22.974,119100.0,2736200000.0,0.0,0.0,22.7,23.5,22.6,119100.0
2021-07-16,21.912,23.3,0.0,23.302,89337.0,2081712500.0,0.0,0.0,23.3,23.6,23.0,89337.0
2021-07-19,20.313,21.6,-7.2961,22.39,71392.0,1598499300.0,0.0,0.0,23.2,23.2,21.5,71392.0
2021-07-20,20.689,22.0,1.8519,21.3,145200.0,3092760000.0,0.0,0.0,20.9,22.0,20.9,145200.0
2021-07-21,20.501,21.8,-0.9091,22.177,90100.0,1998150000.0,0.0,0.0,22.0,22.5,21.8,90100.0
2021-07-22,20.689,22.0,0.9174,21.836,78109.0,1705557800.0,0.0,0.0,21.8,22.0,21.6,78109.0
2021-07-23,20.501,21.8,-0.9091,21.947,56300.0,1235590000.0,0.0,0.0,22.0,22.2,21.7,56300.0
2021-07-26,20.501,21.8,0.0,21.518,48042.0,1033795100.0,0.0,0.0,21.8,21.8,21.3,48042.0
2021-07-27,20.783,22.1,1.3761,22.041,55002.0,1212304400.0,0.0,0.0,21.8,22.3,21.8,55002.0
2021-07-28,20.783,22.1,0.0,22.134,42418.0,938869600.0,0.0,0.0,22.1,22.3,22.0,42418.0
2021-07-29,21.348,22.7,2.7149,22.384,92320.0,2066440000.0,0.0,0.0,22.1,22.7,22.1,92320.0
2021-07-30,21.818,23.2,2.2026,23.104,116100.0,2682370000.0,0.0,0.0,22.7,23.4,22.7,116100.0
2021-08-02,21.912,23.3,0.431,23.336,102200.0,2384930000.0,0.0,0.0,23.3,23.5,23.2,102200.0
2021-08-03,21.912,23.3,0.0,23.365,84320.0,1970176000.0,0.0,0.0,23.3,23.5,23.2,84320.0
2021-08-04,22.1,23.5,0.8584,23.409,87300.0,2043600000.0,450000.0,9900000000.0,23.3,23.5,23.3,537300.0
2021-08-05,22.1,23.5,0.0,23.423,53500.0,1253150000.0,0.0,0.0,23.6,23.6,23.3,53500.0
2021-08-06,22.1,23.5,0.0,23.415,53100.0,1243360000.0,0.0,0.0,23.5,23.5,23.3,53100.0
2021-08-09,22.1,23.5,0.0,23.45,104000.0,2438800000.0,0.0,0.0,23.5,23.6,23.3,104000.0
2021-08-10,23.1,23.1,4.5249,22.741,136700.0,3108670000.0,0.0,0.0,23.5,23.5,22.1,136700.0
2021-08-11,23.4,23.4,1.2987,23.255,55920.0,1300408500.0,0.0,0.0,23.1,23.4,23.1,55920.0
2021-08-12,23.0,23.0,-1.7094,23.266,66602.0,1549572000.0,450000.0,9900000000.0,23.5,23.5,23.0,516602.0
2021-08-13,22.9,22.9,-0.4348,22.864,70300.0,1607360000.0,0.0,0.0,23.4,23.4,22.6,70300.0
2021-08-16,23.0,23.0,0.4367,22.863,71500.0,1634720000.0,0.0,0.0,22.9,23.0,22.7,71500.0
2021-08-17,23.1,23.1,0.4348,23.073,69519.0,1604018900.0,0.0,0.0,23.0,23.2,23.0,69519.0
2021-08-18,23.1,23.1,0.0,23.11,59430.0,1373436000.0,0.0,0.0,23.1,23.2,23.0,59430.0
2021-08-19,23.0,23.0,-0.4329,22.97,36101.0,829233100.0,0.0,0.0,23.1,23.1,22.9,36101.0
2021-08-20,22.6,22.6,-1.7391,22.802,88600.0,2020220000.0,450000.0,9900000000.0,23.0,23.1,22.3,538600.0
2021-08-23,21.8,21.8,-3.5398,22.1,65182.0,1440562400.0,0.0,0.0,22.5,22.5,21.8,65182.0
2021-08-24,22.0,22.0,0.9174,21.922,64700.0,1418370000.0,0.0,0.0,21.8,22.1,21.7,64700.0
2021-08-25,22.1,22.1,0.4545,21.974,57500.0,1263530000.0,0.0,0.0,22.0,22.1,21.8,57500.0
2021-08-26,22.0,22.0,-0.4525,22.032,61600.0,1357160000.0,0.0,0.0,22.1,22.2,21.8,61600.0
2021-08-27,21.9,21.9,-0.4545,21.878,45500.0,995470000.0,0.0,0.0,22.0,22.0,21.7,45500.0
2021-08-30,22.1,22.1,0.9132,22.015,37363.0,822533900.0,450000.0,9900000000.0,21.8,22.1,21.8,487363.0
2021-08-31,22.0,22.0,-0.4525,22.11,53500.0,1182910000.0,0.0,0.0,22.1,22.2,21.9,53500.0
2021-09-01,22.1,22.1,0.4545,22.012,28725.0,632298000.0,0.0,0.0,22.0,22.1,21.9,28725.0
2021-09-06,22.2,22.2,0.4525,22.115,67750.0,1498305000.0,0.0,0.0,22.1,22.2,22.0,67750.0
2021-09-07,23.2,23.2,4.5045,22.992,238513.0,5483884399.999999,450000.0,9900000000.0,22.2,23.7,22.2,688513.0
2021-09-08,23.0,23.0,-0.8621,23.228,68313.0,1586792600.0,0.0,0.0,23.2,23.5,22.9,68313.0
2021-09-09,23.0,23.0,0.0,22.912,55112.0,1262710400.0,0.0,0.0,23.0,23.0,22.7,55112.0
2021-09-10,22.0,22.0,-4.3478,22.292,175305.0,3907814200.0,0.0,0.0,23.0,23.0,22.0,175305.0
2021-09-13,22.2,22.2,0.9091,22.108,69432.0,1535045300.0,0.0,0.0,23.0,23.0,21.9,69432.0
2021-09-14,22.0,22.0,-0.9009,22.181,50101.0,1111272200.0,450000.0,9900000000.0,22.2,22.4,22.0,500101.0
2021-09-15,22.0,22.0,0.0,22.089,37700.0,832770000.0,0.0,0.0,22.1,22.2,22.0,37700.0
2021-09-16,22.2,22.2,0.9091,22.148,49000.0,1085240000.0,0.0,0.0,22.0,22.3,22.0,49000.0
2021-09-17,22.7,22.7,2.2523,22.41,74512.0,1669847600.0,0.0,0.0,22.2,22.7,22.1,74512.0
2021-09-20,22.9,22.9,0.8811,22.802,67035.0,1528528000.0,450000.0,9900000000.0,22.7,22.9,22.7,517035.0
2021-09-21,22.5,22.5,-1.7467,22.632,40058.0,906582400.0,0.0,0.0,22.7,22.8,22.5,40058.0
2021-09-22,22.3,22.3,-0.8889,22.382,46954.0,1050928000.0,0.0,0.0,22.5,22.6,22.3,46954.0
2021-09-23,22.5,22.5,0.8969,22.468,73000.0,1640180000.0,0.0,0.0,22.4,22.7,22.3,73000.0
2021-09-24,22.9,22.9,1.7778,22.859,114698.0,2621883700.0,0.0,0.0,22.5,23.0,22.5,114698.0
2021-09-27,22.5,22.5,-1.7467,22.88,75315.0,1723251400.0,0.0,0.0,22.9,23.1,22.5,75315.0
2021-09-28,22.5,22.5,0.0,22.43,43700.0,980170000.0,0.0,0.0,22.5,22.6,22.2,43700.0
2021-09-29,21.9,21.9,-2.6667,22.204,76100.0,1689750000.0,450000.0,9900000000.0,22.5,22.6,21.9,526100.0
2021-09-30,22.0,22.0,0.4566,22.052,45945.0,1013161000.0,0.0,0.0,21.9,22.3,21.8,45945.0
2021-10-01,21.8,21.8,-0.9091,21.962,51500.0,1131020000.0,0.0,0.0,22.0,22.2,21.8,51500.0
2021-10-04,21.5,21.5,-1.3761,21.656,47700.0,1033000000.0,0.0,0.0,21.8,22.0,21.5,47700.0
2021-10-05,22.1,22.1,2.7907,21.754,52400.0,1139889999.999999,450000.0,9900000000.0,21.6,22.2,21.4,502400.0
2021-10-06,22.1,22.1,0.0,22.165,30200.0,669370000.0,0.0,0.0,22.1,22.3,22.0,30200.0
2021-10-07,22.0,22.0,-0.4525,21.963,33413.0,733859900.0,0.0,0.0,22.1,22.1,21.9,33413.0
2021-10-08,22.0,22.0,0.0,21.876,24517.0,536338100.0,0.0,0.0,21.8,22.0,21.8,24517.0
2021-10-11,22.2,22.2,0.9091,22.163,38300.0,848849999.999999,450000.0,9900000000.0,22.0,22.3,21.9,488300.0
2021-10-12,22.4,22.4,0.9009,22.372,43700.0,977660000.0,0.0,0.0,22.2,22.5,22.2,43700.0
2021-10-13,22.3,22.3,-0.4464,22.255,43100.0,959180000.0,0.0,0.0,22.4,22.5,22.1,43100.0
2021-10-14,22.2,22.2,-0.4484,22.202,38749.0,860288000.0,0.0,0.0,22.3,22.4,22.0,38749.0
2021-10-15,22.0,22.0,-0.9009,22.064,52213.0,1152047400.0,0.0,0.0,22.2,22.2,21.9,52213.0
2021-10-18,21.9,21.9,-0.4545,21.965,37620.0,826312000.0,0.0,0.0,22.0,22.1,21.8,37620.0
2021-10-19,21.7,21.7,-0.9132,21.811,45005.0,981599500.0,0.0,0.0,21.9,22.0,21.7,45005.0
2021-10-20,21.6,21.6,-0.4608,21.752,37200.0,809180000.0,0.0,0.0,21.7,22.0,21.6,37200.0
2021-10-21,21.7,21.7,0.463,21.521,47200.0,1015810000.0,0.0,0.0,21.5,21.7,21.4,47200.0
2021-10-22,21.6,21.6,-0.4608,21.575,44353.0,956598500.0,450050.0,9900980000.0,21.7,21.7,21.5,494403.0
2021-10-25,21.5,21.5,-0.463,21.666,35107.0,760380500.0,44.0,858000.0,21.6,21.8,21.5,35151.0
2021-10-26,21.6,21.6,0.4651,21.517,31183.0,670943700.0,50.0,970000.0,21.5,21.7,21.4,31233.0
2021-10-27,21.5,21.5,-0.463,21.526,77895.0,1676697700.0,0.0,0.0,21.6,21.6,21.4,77895.0
2021-10-28,21.6,21.6,0.4651,21.676,53310.0,1155469700.0,0.0,0.0,21.6,21.8,21.5,53310.0
2021-10-29,21.8,21.8,0.9259,21.818,58345.0,1272904800.0,0.0,0.0,21.7,21.9,21.7,58345.0
2021-11-01,22.1,22.1,1.3761,22.076,65924.0,1455256000.0,77.0,1516900.0,21.9,22.2,21.8,66001.0
2021-11-02,22.2,22.2,0.4525,22.191,70146.0,1556535300.0,18.0,358200.0,22.1,22.3,22.1,70164.0
2021-11-03,22.7,22.7,2.2523,22.548,122422.0,2760129200.0,450096.0,9901920000.0,22.2,22.8,22.2,572518.0
2021-11-04,22.8,22.8,0.4405,22.835,53274.0,1216505700.0,89.0,1824500.0,22.7,23.0,22.7,53363.0
2021-11-05,22.9,22.9,0.4386,22.726086957,78491.0,78491.0,248.0,5108800.0,22.8,23.0,22.5,78739.0
2021-11-08,22.9,22.9,0.0,22.755,64249.0,1461910900.0,56.0,1159200.0,22.9,23.0,22.6,64305.0
2021-11-09,22.7,22.7,-0.8734,22.734,35807.0,814044600.0,63.0,1304100.0,22.9,22.9,22.6,35870.0
2021-11-10,22.5,22.5,-0.8811,22.6,49969.0,1129280100.0,0.0,0.0,22.7,22.8,22.5,49969.0
2021-11-11,22.4,22.4,-0.4444,22.366,65991.0,1475937900.0,0.0,0.0,22.5,22.7,22.1,65991.0
2021-11-12,22.6,22.6,0.8929,22.357,48503.0,1084368100.0,0.0,0.0,22.4,22.6,22.2,48503.0
2021-11-15,22.7,22.7,0.4425,22.726,56833.0,1291537800.0,0.0,0.0,22.6,22.8,22.6,56833.0
2021-11-16,22.6,22.6,-0.4405,22.675,49870.0,1130775100.0,69.0,1414500.0,22.7,22.8,22.5,49939.0
2021-11-17,22.6,22.6,0.0,22.634,37771.0,854881499.999999,445012.0,9790244800.0,22.6,22.7,22.5,482783.0
2021-11-18,22.4,22.4,-0.885,22.472,51602.0,1159616000.0,0.0,0.0,22.6,22.6,22.3,51602.0
2021-11-19,23.4,23.4,4.4643,23.277,258392.0,6014472200.0,0.0,0.0,22.4,23.7,22.4,258392.0
2021-11-22,25.1,25.1,7.265,24.674,247276.0,6101163200.0,0.0,0.0,23.5,25.2,23.4,247276.0
2021-11-23,24.5,24.5,-2.3904,24.348,113950.0,2774444800.0,6.0,135600.0,25.1,25.2,23.5,113956.0
2021-11-24,25.3,25.3,3.2653,24.869,248179.0,6171380000.0,0.0,0.0,24.5,25.3,23.9,248179.0
2021-11-25,25.0,25.0,-1.1858,24.925,145005.0,3614207900.000001,18.0,410400.0,25.3,25.4,24.7,145023.0
2021-11-26,24.8,24.8,-0.8,24.682,68254.0,1684570000.0,38.0,855000.0,25.0,25.0,24.4,68292.0
2021-11-29,24.0,24.0,-3.2258,23.742448436,150429.0,150429.0,0.0,0.0,24.4,24.4,23.3,150429.0
