2017-07-10,29.016,41.5,0.0,41.583,1200.0,49900000.0,0.0,0.0,42.0,42.0,41.5,1200.0
2017-07-11,29.087,41.6,0.0,41.6,0.0,0.0,0.0,0.0,41.6,41.6,41.6,0.0
2017-07-12,24.753,35.4,-14.9038,35.4,2000.0,70800000.0,0.0,0.0,35.4,35.4,35.4,2000.0
2017-07-13,24.822,35.5,0.2825,36.938,3200.0,118200000.0,0.0,0.0,38.0,38.0,35.0,3200.0
2017-07-14,25.801,36.9,0.0,36.9,0.0,0.0,0.0,0.0,36.9,36.9,36.9,0.0
2017-07-17,25.801,36.9,0.0,36.9,0.0,0.0,0.0,0.0,36.9,36.9,36.9,0.0
2017-07-18,25.801,36.9,0.0,36.9,0.0,0.0,0.0,0.0,36.9,36.9,36.9,0.0
2017-07-19,25.801,36.9,0.0,36.9,0.0,0.0,0.0,0.0,36.9,36.9,36.9,0.0
2017-07-20,25.801,36.9,0.0,36.9,0.0,0.0,0.0,0.0,36.9,36.9,36.9,0.0
2017-07-21,25.801,36.9,0.0,36.9,0.0,0.0,0.0,0.0,36.9,36.9,36.9,0.0
2017-07-24,25.801,36.9,0.0,36.9,0.0,0.0,0.0,0.0,36.9,36.9,36.9,0.0
2017-07-25,25.801,36.9,0.0,36.9,0.0,0.0,0.0,0.0,36.9,36.9,36.9,0.0
2017-07-26,25.801,36.9,0.0,36.9,0.0,0.0,0.0,0.0,36.9,36.9,36.9,0.0
2017-07-27,25.801,36.9,0.0,36.9,0.0,0.0,0.0,0.0,36.9,36.9,36.9,0.0
2017-07-28,25.801,36.9,0.0,36.9,0.0,0.0,0.0,0.0,36.9,36.9,36.9,0.0
2017-07-31,25.801,36.9,0.0,36.9,0.0,0.0,0.0,0.0,36.9,36.9,36.9,0.0
2017-08-01,25.801,36.9,0.0,36.9,0.0,0.0,0.0,0.0,36.9,36.9,36.9,0.0
2017-08-02,22.374,32.0,-13.2791,32.0,2000.0,64000000.0,0.0,0.0,32.0,32.0,32.0,2000.0
2017-08-03,22.374,32.0,0.0,32.0,0.0,0.0,0.0,0.0,32.0,32.0,32.0,0.0
2017-08-04,22.374,32.0,0.0,32.0,0.0,0.0,0.0,0.0,32.0,32.0,32.0,0.0
2017-08-07,22.374,32.0,0.0,32.0,0.0,0.0,0.0,0.0,32.0,32.0,32.0,0.0
2017-08-08,22.374,32.0,0.0,32.0,0.0,0.0,0.0,0.0,32.0,32.0,32.0,0.0
2017-08-09,22.374,32.0,0.0,32.0,0.0,0.0,0.0,0.0,32.0,32.0,32.0,0.0
2017-08-10,22.374,32.0,0.0,32.0,3000.0,96000000.0,0.0,0.0,32.0,32.0,32.0,3000.0
2017-08-11,22.374,32.0,0.0,32.0,0.0,0.0,0.0,0.0,32.0,32.0,32.0,0.0
2017-08-14,22.374,32.0,0.0,32.0,0.0,0.0,0.0,0.0,32.0,32.0,32.0,0.0
2017-08-15,22.374,32.0,0.0,32.0,0.0,0.0,0.0,0.0,32.0,32.0,32.0,0.0
2017-08-16,22.374,32.0,0.0,32.0,0.0,0.0,0.0,0.0,32.0,32.0,32.0,0.0
2017-08-17,22.374,32.0,0.0,32.0,0.0,0.0,0.0,0.0,32.0,32.0,32.0,0.0
2017-08-18,22.374,32.0,0.0,32.0,0.0,0.0,0.0,0.0,32.0,32.0,32.0,0.0
2017-08-21,22.374,32.0,0.0,32.0,0.0,0.0,0.0,0.0,32.0,32.0,32.0,0.0
2017-08-22,22.374,32.0,0.0,32.0,0.0,0.0,0.0,0.0,32.0,32.0,32.0,0.0
2017-08-23,22.374,32.0,0.0,32.0,0.0,0.0,0.0,0.0,32.0,32.0,32.0,0.0
2017-08-24,22.374,32.0,0.0,32.0,0.0,0.0,0.0,0.0,32.0,32.0,32.0,0.0
2017-08-25,22.374,32.0,0.0,32.0,0.0,0.0,0.0,0.0,32.0,32.0,32.0,0.0
2017-08-28,22.374,32.0,0.0,32.0,0.0,0.0,0.0,0.0,32.0,32.0,32.0,0.0
2017-08-29,22.374,32.0,0.0,32.0,0.0,0.0,0.0,0.0,32.0,32.0,32.0,0.0
2017-08-30,22.374,32.0,0.0,32.0,0.0,0.0,0.0,0.0,32.0,32.0,32.0,0.0
2017-08-31,22.374,32.0,0.0,32.0,0.0,0.0,0.0,0.0,32.0,32.0,32.0,0.0
2017-09-01,22.374,32.0,0.0,32.0,0.0,0.0,0.0,0.0,32.0,32.0,32.0,0.0
2017-09-05,22.374,32.0,0.0,32.0,0.0,0.0,0.0,0.0,32.0,32.0,32.0,0.0
2017-09-06,22.374,32.0,0.0,32.0,0.0,0.0,0.0,0.0,32.0,32.0,32.0,0.0
2017-09-07,22.374,32.0,0.0,32.0,0.0,0.0,0.0,0.0,32.0,32.0,32.0,0.0
2017-09-08,22.374,32.0,0.0,32.0,0.0,0.0,0.0,0.0,32.0,32.0,32.0,0.0
2017-09-11,22.374,32.0,0.0,32.0,0.0,0.0,0.0,0.0,32.0,32.0,32.0,0.0
2017-09-12,22.374,32.0,0.0,32.0,0.0,0.0,0.0,0.0,32.0,32.0,32.0,0.0
2017-09-13,22.374,32.0,0.0,32.0,0.0,0.0,0.0,0.0,32.0,32.0,32.0,0.0
2017-09-14,22.374,32.0,0.0,32.0,0.0,0.0,0.0,0.0,32.0,32.0,32.0,0.0
2017-09-15,22.374,32.0,0.0,32.0,0.0,0.0,0.0,0.0,32.0,32.0,32.0,0.0
2017-09-18,22.374,32.0,0.0,32.0,0.0,0.0,0.0,0.0,32.0,32.0,32.0,0.0
2017-09-19,22.374,32.0,0.0,32.0,0.0,0.0,0.0,0.0,32.0,32.0,32.0,0.0
2017-09-20,22.374,32.0,0.0,32.0,0.0,0.0,0.0,0.0,32.0,32.0,32.0,0.0
2017-09-21,22.374,32.0,0.0,32.0,0.0,0.0,0.0,0.0,32.0,32.0,32.0,0.0
2017-09-22,22.374,32.0,0.0,32.0,0.0,0.0,0.0,0.0,32.0,32.0,32.0,0.0
2017-09-25,22.374,32.0,0.0,32.0,0.0,0.0,0.0,0.0,32.0,32.0,32.0,0.0
2017-09-26,22.374,32.0,0.0,32.0,0.0,0.0,0.0,0.0,32.0,32.0,32.0,0.0
2017-09-27,22.374,32.0,0.0,32.0,0.0,0.0,0.0,0.0,32.0,32.0,32.0,0.0
2017-09-28,22.374,32.0,0.0,32.0,0.0,0.0,0.0,0.0,32.0,32.0,32.0,0.0
2017-09-29,22.374,32.0,0.0,32.0,0.0,0.0,0.0,0.0,32.0,32.0,32.0,0.0
2017-10-02,22.374,32.0,0.0,32.0,0.0,0.0,0.0,0.0,32.0,32.0,32.0,0.0
2017-10-03,22.374,32.0,0.0,32.0,0.0,0.0,0.0,0.0,32.0,32.0,32.0,0.0
2017-10-04,22.374,32.0,0.0,32.0,0.0,0.0,0.0,0.0,32.0,32.0,32.0,0.0
2017-10-05,22.374,32.0,0.0,32.0,0.0,0.0,0.0,0.0,32.0,32.0,32.0,0.0
2017-10-06,22.374,32.0,0.0,32.0,0.0,0.0,0.0,0.0,32.0,32.0,32.0,0.0
2017-10-09,22.374,32.0,0.0,32.0,0.0,0.0,0.0,0.0,32.0,32.0,32.0,0.0
2017-10-10,22.374,32.0,0.0,32.0,0.0,0.0,0.0,0.0,32.0,32.0,32.0,0.0
2017-10-11,22.374,32.0,0.0,32.0,0.0,0.0,0.0,0.0,32.0,32.0,32.0,0.0
2017-10-12,22.374,32.0,0.0,32.0,0.0,0.0,0.0,0.0,32.0,32.0,32.0,0.0
2017-10-13,22.374,32.0,0.0,32.0,0.0,0.0,0.0,0.0,32.0,32.0,32.0,0.0
2017-10-16,22.374,32.0,0.0,32.0,0.0,0.0,0.0,0.0,32.0,32.0,32.0,0.0
2017-10-17,22.374,32.0,0.0,32.0,0.0,0.0,0.0,0.0,32.0,32.0,32.0,0.0
2017-10-18,22.374,32.0,0.0,32.0,0.0,0.0,0.0,0.0,32.0,32.0,32.0,0.0
2017-10-19,22.374,32.0,0.0,32.0,0.0,0.0,0.0,0.0,32.0,32.0,32.0,0.0
2017-10-20,22.374,32.0,0.0,32.0,0.0,0.0,0.0,0.0,32.0,32.0,32.0,0.0
2017-10-23,22.374,32.0,0.0,32.0,0.0,0.0,0.0,0.0,32.0,32.0,32.0,0.0
2017-10-24,22.374,32.0,0.0,32.0,0.0,0.0,0.0,0.0,32.0,32.0,32.0,0.0
2017-10-25,22.374,32.0,0.0,32.0,0.0,0.0,0.0,0.0,32.0,32.0,32.0,0.0
2017-10-26,22.374,32.0,0.0,32.0,0.0,0.0,0.0,0.0,32.0,32.0,32.0,0.0
2017-10-27,22.374,32.0,0.0,32.0,0.0,0.0,0.0,0.0,32.0,32.0,32.0,0.0
2017-10-30,22.374,32.0,0.0,32.0,0.0,0.0,0.0,0.0,32.0,32.0,32.0,0.0
2017-10-31,22.374,32.0,0.0,32.0,0.0,0.0,0.0,0.0,32.0,32.0,32.0,0.0
2017-11-01,22.374,32.0,0.0,32.0,0.0,0.0,0.0,0.0,32.0,32.0,32.0,0.0
2017-11-02,22.374,32.0,0.0,32.0,0.0,0.0,0.0,0.0,32.0,32.0,32.0,0.0
2017-11-03,22.374,32.0,0.0,32.0,0.0,0.0,0.0,0.0,32.0,32.0,32.0,0.0
2017-11-06,22.374,32.0,0.0,32.0,0.0,0.0,0.0,0.0,32.0,32.0,32.0,0.0
2017-11-07,22.374,32.0,0.0,32.0,0.0,0.0,0.0,0.0,32.0,32.0,32.0,0.0
2017-11-08,22.374,32.0,0.0,32.0,0.0,0.0,0.0,0.0,32.0,32.0,32.0,0.0
2017-11-09,22.374,32.0,0.0,32.0,0.0,0.0,0.0,0.0,32.0,32.0,32.0,0.0
2017-11-10,22.374,32.0,0.0,32.0,0.0,0.0,0.0,0.0,32.0,32.0,32.0,0.0
2017-11-13,22.374,32.0,0.0,32.0,0.0,0.0,0.0,0.0,32.0,32.0,32.0,0.0
2017-11-14,22.374,32.0,0.0,32.0,0.0,0.0,0.0,0.0,32.0,32.0,32.0,0.0
2017-11-15,22.374,32.0,0.0,32.0,0.0,0.0,0.0,0.0,32.0,32.0,32.0,0.0
2017-11-16,22.374,32.0,0.0,32.0,0.0,0.0,0.0,0.0,32.0,32.0,32.0,0.0
2017-11-17,22.374,32.0,0.0,32.0,0.0,0.0,0.0,0.0,32.0,32.0,32.0,0.0
2017-11-20,22.374,32.0,0.0,32.0,0.0,0.0,0.0,0.0,32.0,32.0,32.0,0.0
2017-11-21,22.374,32.0,0.0,32.0,0.0,0.0,0.0,0.0,32.0,32.0,32.0,0.0
2017-11-22,22.374,32.0,0.0,32.0,0.0,0.0,0.0,0.0,32.0,32.0,32.0,0.0
2017-11-23,22.374,32.0,0.0,32.0,0.0,0.0,0.0,0.0,32.0,32.0,32.0,0.0
2017-11-24,22.374,32.0,0.0,32.0,0.0,0.0,0.0,0.0,32.0,32.0,32.0,0.0
2017-11-27,22.374,32.0,0.0,32.0,0.0,0.0,0.0,0.0,32.0,32.0,32.0,0.0
2017-11-28,22.374,32.0,0.0,32.0,0.0,0.0,0.0,0.0,32.0,32.0,32.0,0.0
2017-11-29,22.374,32.0,0.0,32.0,0.0,0.0,0.0,0.0,32.0,32.0,32.0,0.0
2017-11-30,22.374,32.0,0.0,32.0,0.0,0.0,0.0,0.0,32.0,32.0,32.0,0.0
2017-12-01,22.374,32.0,0.0,32.0,0.0,0.0,0.0,0.0,32.0,32.0,32.0,0.0
2017-12-04,22.374,32.0,0.0,32.0,0.0,0.0,0.0,0.0,32.0,32.0,32.0,0.0
2017-12-05,22.374,32.0,0.0,32.0,0.0,0.0,0.0,0.0,32.0,32.0,32.0,0.0
2017-12-06,22.374,32.0,0.0,32.0,0.0,0.0,0.0,0.0,32.0,32.0,32.0,0.0
2017-12-07,22.374,32.0,0.0,32.0,0.0,0.0,0.0,0.0,32.0,32.0,32.0,0.0
2017-12-08,22.374,32.0,0.0,32.0,0.0,0.0,0.0,0.0,32.0,32.0,32.0,0.0
2017-12-11,22.374,32.0,0.0,32.0,0.0,0.0,0.0,0.0,32.0,32.0,32.0,0.0
2017-12-12,22.374,32.0,0.0,32.0,0.0,0.0,0.0,0.0,32.0,32.0,32.0,0.0
2017-12-13,22.374,32.0,0.0,32.0,0.0,0.0,0.0,0.0,32.0,32.0,32.0,0.0
2017-12-14,22.374,32.0,0.0,32.0,0.0,0.0,0.0,0.0,32.0,32.0,32.0,0.0
2017-12-15,22.374,32.0,0.0,32.0,0.0,0.0,0.0,0.0,32.0,32.0,32.0,0.0
2017-12-18,22.374,32.0,0.0,32.0,0.0,0.0,0.0,0.0,32.0,32.0,32.0,0.0
2017-12-19,22.374,32.0,0.0,32.0,0.0,0.0,0.0,0.0,32.0,32.0,32.0,0.0
2017-12-20,22.374,32.0,0.0,32.0,0.0,0.0,0.0,0.0,32.0,32.0,32.0,0.0
2017-12-21,22.374,32.0,0.0,32.0,0.0,0.0,0.0,0.0,32.0,32.0,32.0,0.0
2017-12-22,22.374,32.0,0.0,32.0,0.0,0.0,0.0,0.0,32.0,32.0,32.0,0.0
2017-12-25,22.374,32.0,0.0,32.0,0.0,0.0,0.0,0.0,32.0,32.0,32.0,0.0
2017-12-26,22.374,32.0,0.0,32.0,0.0,0.0,0.0,0.0,32.0,32.0,32.0,0.0
2017-12-27,22.374,32.0,0.0,32.0,0.0,0.0,0.0,0.0,32.0,32.0,32.0,0.0
2017-12-28,22.374,32.0,0.0,32.0,0.0,0.0,0.0,0.0,32.0,32.0,32.0,0.0
2017-12-29,22.374,32.0,0.0,32.0,0.0,0.0,0.0,0.0,32.0,32.0,32.0,0.0
2018-01-02,22.374,32.0,0.0,32.0,0.0,0.0,0.0,0.0,32.0,32.0,32.0,0.0
2018-01-03,22.374,32.0,0.0,32.0,0.0,0.0,0.0,0.0,32.0,32.0,32.0,0.0
2018-01-04,22.374,32.0,0.0,32.0,0.0,0.0,0.0,0.0,32.0,32.0,32.0,0.0
2018-01-05,22.374,32.0,0.0,32.0,0.0,0.0,0.0,0.0,32.0,32.0,32.0,0.0
2018-01-08,22.374,32.0,0.0,32.0,0.0,0.0,0.0,0.0,32.0,32.0,32.0,0.0
2018-01-09,22.374,32.0,0.0,32.0,0.0,0.0,0.0,0.0,32.0,32.0,32.0,0.0
2018-01-10,22.374,32.0,0.0,32.0,0.0,0.0,0.0,0.0,32.0,32.0,32.0,0.0
2018-01-11,17.48,25.0,-21.875,25.0,1000.0,25000000.0,0.0,0.0,25.0,25.0,25.0,1000.0
2018-01-12,17.48,25.0,0.0,25.0,0.0,0.0,0.0,0.0,25.0,25.0,25.0,0.0
2018-01-15,17.48,25.0,0.0,25.0,0.0,0.0,0.0,0.0,25.0,25.0,25.0,0.0
2018-01-16,17.48,25.0,0.0,25.0,0.0,0.0,0.0,0.0,25.0,25.0,25.0,0.0
2018-01-17,17.48,25.0,0.0,25.0,0.0,0.0,0.0,0.0,25.0,25.0,25.0,0.0
2018-01-18,17.48,25.0,0.0,25.0,0.0,0.0,0.0,0.0,25.0,25.0,25.0,0.0
2018-01-19,17.48,25.0,0.0,25.0,0.0,0.0,0.0,0.0,25.0,25.0,25.0,0.0
2018-01-22,17.48,25.0,0.0,25.0,0.0,0.0,0.0,0.0,25.0,25.0,25.0,0.0
2018-01-23,17.48,25.0,0.0,25.0,0.0,0.0,0.0,0.0,25.0,25.0,25.0,0.0
2018-01-24,17.48,25.0,0.0,25.0,0.0,0.0,0.0,0.0,25.0,25.0,25.0,0.0
2018-01-25,17.48,25.0,0.0,25.0,0.0,0.0,0.0,0.0,25.0,25.0,25.0,0.0
2018-01-26,17.48,25.0,0.0,25.0,0.0,0.0,0.0,0.0,25.0,25.0,25.0,0.0
2018-01-29,17.48,25.0,0.0,25.0,0.0,0.0,0.0,0.0,25.0,25.0,25.0,0.0
2018-01-30,17.48,25.0,0.0,25.0,0.0,0.0,0.0,0.0,25.0,25.0,25.0,0.0
2018-01-31,17.48,25.0,0.0,25.0,4000.0,100000000.0,0.0,0.0,25.0,25.0,25.0,4000.0
2018-02-01,17.48,25.0,0.0,25.0,1000.0,25000000.0,0.0,0.0,25.0,25.0,25.0,1000.0
2018-02-02,17.48,25.0,0.0,25.0,0.0,0.0,0.0,0.0,25.0,25.0,25.0,0.0
2018-02-05,14.893,21.3,-14.8,21.3,800.0,17040000.0,0.0,0.0,21.3,21.3,21.3,800.0
2018-02-06,14.893,21.3,0.0,21.3,0.0,0.0,0.0,0.0,21.3,21.3,21.3,0.0
2018-02-07,12.726,18.2,-14.554,18.2,100.0,1820000.0,0.0,0.0,18.2,18.2,18.2,100.0
2018-02-08,12.726,18.2,0.0,18.2,0.0,0.0,0.0,0.0,18.2,18.2,18.2,0.0
2018-02-09,12.726,18.2,0.0,18.2,0.0,0.0,0.0,0.0,18.2,18.2,18.2,0.0
2018-02-12,10.837,15.5,-14.8352,15.5,100.0,1550000.0,0.0,0.0,15.5,15.5,15.5,100.0
2018-02-13,10.837,15.5,0.0,15.5,0.0,0.0,0.0,0.0,15.5,15.5,15.5,0.0
2018-02-21,9.229,13.2,-14.8387,13.2,100.0,1320000.0,0.0,0.0,13.2,13.2,13.2,100.0
2018-02-22,9.229,13.2,0.0,13.2,0.0,0.0,0.0,0.0,13.2,13.2,13.2,0.0
2018-02-23,10.558,15.1,14.3939,15.1,100.0,1510000.0,0.0,0.0,15.1,15.1,15.1,100.0
2018-02-26,9.02,12.9,-14.5695,12.9,100.0,1290000.0,0.0,0.0,12.9,12.9,12.9,100.0
2018-02-27,9.02,12.9,0.0,12.9,0.0,0.0,0.0,0.0,12.9,12.9,12.9,0.0
2018-02-28,9.02,12.9,0.0,12.9,0.0,0.0,0.0,0.0,12.9,12.9,12.9,0.0
2018-03-01,9.02,12.9,0.0,12.9,0.0,0.0,0.0,0.0,12.9,12.9,12.9,0.0
2018-03-02,9.3,13.3,3.1008,13.35,200.0,2670000.0,0.0,0.0,13.4,13.4,13.3,200.0
2018-03-05,10.768,15.4,14.9254,15.4,100.0,1540000.0,0.0,0.0,15.4,15.4,15.4,100.0
2018-03-06,10.768,15.4,0.0,15.4,0.0,0.0,0.0,0.0,15.4,15.4,15.4,0.0
2018-03-07,10.768,15.4,0.0,15.4,0.0,0.0,0.0,0.0,15.4,15.4,15.4,0.0
2018-03-08,10.768,15.4,0.0,15.4,0.0,0.0,0.0,0.0,15.4,15.4,15.4,0.0
2018-03-09,10.768,15.4,0.0,15.4,0.0,0.0,0.0,0.0,15.4,15.4,15.4,0.0
2018-03-12,10.768,15.4,0.0,15.4,0.0,0.0,0.0,0.0,15.4,15.4,15.4,0.0
2018-03-13,10.768,15.4,0.0,15.4,0.0,0.0,0.0,0.0,15.4,15.4,15.4,0.0
2018-03-14,10.768,15.4,0.0,15.4,0.0,0.0,0.0,0.0,15.4,15.4,15.4,0.0
2018-03-15,10.768,15.4,0.0,15.4,0.0,0.0,0.0,0.0,15.4,15.4,15.4,0.0
2018-03-16,10.768,15.4,0.0,15.4,0.0,0.0,0.0,0.0,15.4,15.4,15.4,0.0
2018-03-19,10.768,15.4,0.0,15.4,0.0,0.0,0.0,0.0,15.4,15.4,15.4,0.0
2018-03-20,10.768,15.4,0.0,15.4,0.0,0.0,0.0,0.0,15.4,15.4,15.4,0.0
2018-03-21,10.768,15.4,0.0,15.4,0.0,0.0,0.0,0.0,15.4,15.4,15.4,0.0
2018-03-22,10.768,15.4,0.0,15.4,0.0,0.0,0.0,0.0,15.4,15.4,15.4,0.0
2018-03-23,10.768,15.4,0.0,15.4,0.0,0.0,0.0,0.0,15.4,15.4,15.4,0.0
2018-03-26,12.237,17.5,13.6364,17.5,300.0,5250000.0,0.0,0.0,17.5,17.5,17.5,300.0
2018-03-27,12.237,17.5,0.0,17.5,0.0,0.0,0.0,0.0,17.5,17.5,17.5,0.0
2018-03-28,12.237,17.5,0.0,17.5,0.0,0.0,0.0,0.0,17.5,17.5,17.5,0.0
2018-03-29,14.054,20.1,14.8571,20.1,100.0,2010000.0,0.0,0.0,20.1,20.1,20.1,100.0
2018-03-30,16.152,23.1,14.9254,23.1,100.0,2310000.0,0.0,0.0,23.1,23.1,23.1,100.0
2018-04-02,18.529,26.5,14.7186,26.5,300.0,7950000.0,0.0,0.0,26.5,26.5,26.5,300.0
2018-04-03,18.529,26.5,0.0,26.5,0.0,0.0,0.0,0.0,26.5,26.5,26.5,0.0
2018-04-04,15.802,22.6,-14.717,22.6,100.0,2260000.0,0.0,0.0,22.6,22.6,22.6,100.0
2018-04-05,18.11,25.9,14.6018,24.663,800.0,19730000.0,0.0,0.0,19.3,25.9,19.3,800.0
2018-04-06,17.27,24.7,0.0,24.7,0.0,0.0,0.0,0.0,24.7,24.7,24.7,0.0
2018-04-09,19.858,28.4,14.9798,28.333,300.0,8500000.0,0.0,0.0,28.2,28.4,28.2,300.0
2018-04-10,19.787,28.3,0.0,28.3,0.0,0.0,0.0,0.0,28.3,28.3,28.3,0.0
2018-04-11,19.787,28.3,0.0,28.3,0.0,0.0,0.0,0.0,28.3,28.3,28.3,0.0
2018-04-12,19.787,28.3,0.0,28.3,0.0,0.0,0.0,0.0,28.3,28.3,28.3,0.0
2018-04-13,19.787,28.3,0.0,28.3,0.0,0.0,0.0,0.0,28.3,28.3,28.3,0.0
2018-04-16,19.787,28.3,0.0,28.3,0.0,0.0,0.0,0.0,28.3,28.3,28.3,0.0
2018-04-17,19.787,28.3,0.0,28.3,0.0,0.0,0.0,0.0,28.3,28.3,28.3,0.0
2018-04-18,19.787,28.3,0.0,28.3,0.0,0.0,0.0,0.0,28.3,28.3,28.3,0.0
2018-04-19,16.85,24.1,-14.841,24.1,100.0,2410000.0,0.0,0.0,24.1,24.1,24.1,100.0
2018-04-20,14.404,20.6,-14.5228,20.6,100.0,2060000.0,0.0,0.0,20.6,20.6,20.6,100.0
2018-04-23,14.404,20.6,0.0,20.6,0.0,0.0,0.0,0.0,20.6,20.6,20.6,0.0
2018-04-24,16.501,23.6,14.5631,23.6,100.0,2360000.0,0.0,0.0,23.6,23.6,23.6,100.0
2018-04-26,14.123,20.2,-14.4068,20.2,100.0,2020000.0,0.0,0.0,20.2,20.2,20.2,100.0
2018-04-27,16.222,23.2,14.8515,23.2,1000.0,23200000.0,0.0,0.0,23.2,23.2,23.2,1000.0
2018-05-02,18.599,26.6,14.6552,26.55,200.0,5310000.0,0.0,0.0,26.5,26.6,26.5,200.0
2018-05-03,15.872,22.7,-14.6617,22.7,100.0,2270000.0,0.0,0.0,22.7,22.7,22.7,100.0
2018-05-04,18.18,26.0,14.5374,26.027,1100.0,28630000.0,0.0,0.0,26.1,26.1,26.0,1100.0
2018-05-07,18.18,26.0,0.0,26.0,0.0,0.0,0.0,0.0,26.0,26.0,26.0,0.0
2018-05-08,18.18,26.0,0.0,26.0,0.0,0.0,0.0,0.0,26.0,26.0,26.0,0.0
2018-05-09,18.18,26.0,0.0,26.0,0.0,0.0,0.0,0.0,26.0,26.0,26.0,0.0
2018-05-10,18.18,26.0,0.0,26.0,0.0,0.0,0.0,0.0,26.0,26.0,26.0,0.0
2018-05-11,18.18,26.0,0.0,26.0,0.0,0.0,0.0,0.0,26.0,26.0,26.0,0.0
2018-05-14,18.18,26.0,0.0,26.0,0.0,0.0,0.0,0.0,26.0,26.0,26.0,0.0
2018-05-15,18.18,26.0,0.0,26.0,0.0,0.0,0.0,0.0,26.0,26.0,26.0,0.0
2018-05-16,18.18,26.0,0.0,26.0,0.0,0.0,0.0,0.0,26.0,26.0,26.0,0.0
2018-05-17,18.18,26.0,0.0,26.0,0.0,0.0,0.0,0.0,26.0,26.0,26.0,0.0
2018-05-18,18.18,26.0,0.0,26.0,0.0,0.0,0.0,0.0,26.0,26.0,26.0,0.0
2018-05-21,18.18,26.0,0.0,26.0,0.0,0.0,0.0,0.0,26.0,26.0,26.0,0.0
2018-05-22,18.18,26.0,0.0,26.0,100.0,2600000.0,0.0,0.0,26.0,26.0,26.0,100.0
2018-05-23,18.18,26.0,0.0,26.0,0.0,0.0,0.0,0.0,26.0,26.0,26.0,0.0
2018-05-24,18.18,26.0,0.0,26.0,0.0,0.0,0.0,0.0,26.0,26.0,26.0,0.0
2018-05-25,18.18,26.0,0.0,26.0,0.0,0.0,0.0,0.0,26.0,26.0,26.0,0.0
2018-05-28,18.18,26.0,0.0,26.0,0.0,0.0,0.0,0.0,26.0,26.0,26.0,0.0
2018-05-29,18.18,26.0,0.0,26.0,0.0,0.0,0.0,0.0,26.0,26.0,26.0,0.0
2018-05-30,18.18,26.0,0.0,26.0,0.0,0.0,0.0,0.0,26.0,26.0,26.0,0.0
2018-05-31,18.18,26.0,0.0,26.0,0.0,0.0,0.0,0.0,26.0,26.0,26.0,0.0
2018-06-01,18.18,23.3,0.0,23.3,0.0,0.0,0.0,0.0,23.3,23.3,23.3,0.0
2018-06-04,18.18,23.3,0.0,23.3,0.0,0.0,0.0,0.0,23.3,23.3,23.3,0.0
2018-06-05,18.18,23.3,0.0,23.3,0.0,0.0,0.0,0.0,23.3,23.3,23.3,0.0
2018-06-06,18.18,23.3,0.0,23.3,0.0,0.0,0.0,0.0,23.3,23.3,23.3,0.0
2018-06-07,18.18,23.3,0.0,23.3,0.0,0.0,0.0,0.0,23.3,23.3,23.3,0.0
2018-06-08,18.18,23.3,0.0,23.3,0.0,0.0,0.0,0.0,23.3,23.3,23.3,0.0
2018-06-11,18.18,23.3,0.0,23.3,0.0,0.0,0.0,0.0,23.3,23.3,23.3,0.0
2018-06-12,18.18,23.3,0.0,23.3,0.0,0.0,0.0,0.0,23.3,23.3,23.3,0.0
2018-06-13,18.18,23.3,0.0,23.3,0.0,0.0,0.0,0.0,23.3,23.3,23.3,0.0
2018-06-14,18.18,23.3,0.0,23.3,0.0,0.0,0.0,0.0,23.3,23.3,23.3,0.0
2018-06-15,18.18,23.3,0.0,23.3,0.0,0.0,0.0,0.0,23.3,23.3,23.3,0.0
2018-06-18,18.18,23.3,0.0,23.3,0.0,0.0,0.0,0.0,23.3,23.3,23.3,0.0
2018-06-19,18.18,23.3,0.0,23.3,0.0,0.0,0.0,0.0,23.3,23.3,23.3,0.0
2018-06-20,18.18,23.3,0.0,23.3,0.0,0.0,0.0,0.0,23.3,23.3,23.3,0.0
2018-06-21,18.18,23.3,0.0,23.3,0.0,0.0,0.0,0.0,23.3,23.3,23.3,0.0
2018-06-22,18.18,23.3,0.0,23.3,0.0,0.0,0.0,0.0,23.3,23.3,23.3,0.0
2018-06-25,18.18,23.3,0.0,23.3,0.0,0.0,0.0,0.0,23.3,23.3,23.3,0.0
2018-06-26,18.18,23.3,0.0,23.3,0.0,0.0,0.0,0.0,23.3,23.3,23.3,0.0
2018-06-27,18.18,23.3,0.0,23.3,0.0,0.0,0.0,0.0,23.3,23.3,23.3,0.0
2018-06-28,18.18,23.3,0.0,23.3,0.0,0.0,0.0,0.0,23.3,23.3,23.3,0.0
2018-06-29,18.18,23.3,0.0,23.3,0.0,0.0,0.0,0.0,23.3,23.3,23.3,0.0
2018-07-02,18.18,23.3,0.0,23.3,0.0,0.0,0.0,0.0,23.3,23.3,23.3,0.0
2018-07-03,18.18,23.3,0.0,23.3,0.0,0.0,0.0,0.0,23.3,23.3,23.3,0.0
2018-07-04,18.18,23.3,0.0,23.3,0.0,0.0,0.0,0.0,23.3,23.3,23.3,0.0
2018-07-05,18.18,23.3,0.0,23.3,0.0,0.0,0.0,0.0,23.3,23.3,23.3,0.0
2018-07-06,18.18,23.3,0.0,23.3,0.0,0.0,0.0,0.0,23.3,23.3,23.3,0.0
2018-07-09,15.526,19.9,-14.5923,19.9,100.0,1990000.0,0.0,0.0,19.9,19.9,19.9,100.0
2018-07-10,13.42,17.2,-13.5678,17.2,100.0,1720000.0,0.0,0.0,17.2,17.2,17.2,100.0
2018-07-11,13.42,17.2,0.0,17.2,0.0,0.0,0.0,0.0,17.2,17.2,17.2,0.0
2018-07-12,13.42,17.2,0.0,17.2,0.0,0.0,0.0,0.0,17.2,17.2,17.2,0.0
2018-07-13,13.42,17.2,0.0,17.2,0.0,0.0,0.0,0.0,17.2,17.2,17.2,0.0
2018-07-16,13.42,17.2,0.0,17.2,0.0,0.0,0.0,0.0,17.2,17.2,17.2,0.0
2018-07-17,13.42,17.2,0.0,17.2,0.0,0.0,0.0,0.0,17.2,17.2,17.2,0.0
2018-07-18,13.42,17.2,0.0,17.2,0.0,0.0,0.0,0.0,17.2,17.2,17.2,0.0
2018-07-19,13.42,17.2,0.0,17.2,0.0,0.0,0.0,0.0,17.2,17.2,17.2,0.0
2018-07-20,13.42,17.2,0.0,17.2,0.0,0.0,0.0,0.0,17.2,17.2,17.2,0.0
2018-07-23,13.42,17.2,0.0,17.2,0.0,0.0,0.0,0.0,17.2,17.2,17.2,0.0
2018-07-24,13.42,17.2,0.0,17.2,0.0,0.0,0.0,0.0,17.2,17.2,17.2,0.0
2018-07-25,13.42,17.2,0.0,17.2,0.0,0.0,0.0,0.0,17.2,17.2,17.2,0.0
2018-07-26,13.42,17.2,0.0,17.2,0.0,0.0,0.0,0.0,17.2,17.2,17.2,0.0
2018-07-27,15.371,19.7,14.5349,17.25,200.0,3450000.0,0.0,0.0,14.8,19.7,14.8,200.0
2018-07-30,13.498,17.3,0.0,17.3,0.0,0.0,0.0,0.0,17.3,17.3,17.3,0.0
2018-07-31,13.498,17.3,0.0,17.3,0.0,0.0,0.0,0.0,17.3,17.3,17.3,0.0
2018-08-01,13.498,17.3,0.0,17.3,0.0,0.0,0.0,0.0,17.3,17.3,17.3,0.0
2018-08-02,13.498,17.3,0.0,17.3,0.0,0.0,0.0,0.0,17.3,17.3,17.3,0.0
2018-08-03,13.498,17.3,0.0,17.3,0.0,0.0,0.0,0.0,17.3,17.3,17.3,0.0
2018-08-06,11.86,15.2,0.0,15.2,100.0,1520000.0,0.0,0.0,15.2,15.2,15.2,100.0
2018-08-07,11.86,15.2,0.0,15.2,0.0,0.0,0.0,0.0,15.2,15.2,15.2,0.0
2018-08-08,11.86,15.2,0.0,15.2,0.0,0.0,0.0,0.0,15.2,15.2,15.2,0.0
2018-08-09,11.86,15.2,0.0,15.2,0.0,0.0,0.0,0.0,15.2,15.2,15.2,0.0
2018-08-10,11.86,15.2,0.0,15.2,0.0,0.0,0.0,0.0,15.2,15.2,15.2,0.0
2018-08-13,11.86,15.2,0.0,15.2,0.0,0.0,0.0,0.0,15.2,15.2,15.2,0.0
2018-08-14,11.86,15.2,0.0,15.2,0.0,0.0,0.0,0.0,15.2,15.2,15.2,0.0
2018-08-15,11.86,15.2,0.0,15.2,0.0,0.0,0.0,0.0,15.2,15.2,15.2,0.0
2018-08-16,11.86,15.2,0.0,15.2,0.0,0.0,0.0,0.0,15.2,15.2,15.2,0.0
2018-08-17,11.86,15.2,0.0,15.2,0.0,0.0,0.0,0.0,15.2,15.2,15.2,0.0
2018-08-20,11.86,15.2,0.0,15.2,0.0,0.0,0.0,0.0,15.2,15.2,15.2,0.0
2018-08-21,11.86,15.2,0.0,15.2,0.0,0.0,0.0,0.0,15.2,15.2,15.2,0.0
2018-08-22,11.86,15.2,0.0,15.2,0.0,0.0,0.0,0.0,15.2,15.2,15.2,0.0
2018-08-23,11.86,15.2,0.0,15.2,0.0,0.0,0.0,0.0,15.2,15.2,15.2,0.0
2018-08-24,11.86,15.2,0.0,15.2,0.0,0.0,0.0,0.0,15.2,15.2,15.2,0.0
2018-08-27,11.86,15.2,0.0,15.2,0.0,0.0,0.0,0.0,15.2,15.2,15.2,0.0
2018-08-28,11.86,15.2,0.0,15.2,0.0,0.0,0.0,0.0,15.2,15.2,15.2,0.0
2018-08-29,11.86,15.2,0.0,15.2,0.0,0.0,0.0,0.0,15.2,15.2,15.2,0.0
2018-08-30,11.86,15.2,0.0,15.2,0.0,0.0,0.0,0.0,15.2,15.2,15.2,0.0
2018-08-31,11.86,15.2,0.0,15.2,0.0,0.0,0.0,0.0,15.2,15.2,15.2,0.0
2018-09-04,11.86,15.2,0.0,15.2,0.0,0.0,0.0,0.0,15.2,15.2,15.2,0.0
2018-09-05,11.86,15.2,0.0,15.2,0.0,0.0,0.0,0.0,15.2,15.2,15.2,0.0
2018-09-06,11.86,15.2,0.0,15.2,0.0,0.0,0.0,0.0,15.2,15.2,15.2,0.0
2018-09-07,11.86,15.2,0.0,15.2,0.0,0.0,0.0,0.0,15.2,15.2,15.2,0.0
2018-09-10,11.86,15.2,0.0,15.2,0.0,0.0,0.0,0.0,15.2,15.2,15.2,0.0
2018-09-11,11.86,15.2,0.0,15.2,0.0,0.0,0.0,0.0,15.2,15.2,15.2,0.0
2018-09-12,11.86,15.2,0.0,15.2,0.0,0.0,0.0,0.0,15.2,15.2,15.2,0.0
2018-09-13,11.86,15.2,0.0,15.2,0.0,0.0,0.0,0.0,15.2,15.2,15.2,0.0
2018-09-14,11.86,15.2,0.0,15.2,0.0,0.0,0.0,0.0,15.2,15.2,15.2,0.0
2018-09-17,11.86,15.2,0.0,15.2,0.0,0.0,0.0,0.0,15.2,15.2,15.2,0.0
2018-09-18,11.86,15.2,0.0,15.2,0.0,0.0,0.0,0.0,15.2,15.2,15.2,0.0
2018-09-19,14.98,19.2,26.3158,19.2,100.0,1920000.0,0.0,0.0,19.2,19.2,19.2,100.0
2018-09-20,14.98,19.2,0.0,19.2,0.0,0.0,0.0,0.0,19.2,19.2,19.2,0.0
2018-09-21,12.796,16.4,-14.5833,16.4,100.0,1640000.0,0.0,0.0,16.4,16.4,16.4,100.0
2018-09-24,12.796,16.4,0.0,16.4,0.0,0.0,0.0,0.0,16.4,16.4,16.4,0.0
2018-09-25,14.668,18.8,14.6341,18.8,100.0,1880000.0,0.0,0.0,18.8,18.8,18.8,100.0
2018-09-26,15.605,20.0,6.383,18.05,200.0,3610000.0,0.0,0.0,16.1,20.0,16.1,200.0
2018-09-27,16.228,20.8,14.9171,19.2,300.0,5760000.0,0.0,0.0,16.0,20.8,16.0,300.0
2018-09-28,14.98,19.2,0.0,19.2,0.0,0.0,0.0,0.0,19.2,19.2,19.2,0.0
2018-10-01,14.98,19.2,0.0,19.2,0.0,0.0,0.0,0.0,19.2,19.2,19.2,0.0
2018-10-02,14.98,19.2,0.0,19.2,0.0,0.0,0.0,0.0,19.2,19.2,19.2,0.0
2018-10-03,14.98,19.2,0.0,19.2,0.0,0.0,0.0,0.0,19.2,19.2,19.2,0.0
2018-10-04,14.98,19.2,0.0,19.2,0.0,0.0,0.0,0.0,19.2,19.2,19.2,0.0
2018-10-05,17.165,22.0,14.5833,22.0,100.0,2200000.0,0.0,0.0,22.0,22.0,22.0,100.0
2018-10-08,14.668,18.8,-14.5455,18.8,100.0,1880000.0,0.0,0.0,18.8,18.8,18.8,100.0
2018-10-09,16.853,21.6,14.8936,21.6,100.0,2160000.0,0.0,0.0,21.6,21.6,21.6,100.0
2018-10-10,16.853,21.6,0.0,21.6,0.0,0.0,0.0,0.0,21.6,21.6,21.6,0.0
2018-10-11,16.853,21.6,0.0,21.6,0.0,0.0,0.0,0.0,21.6,21.6,21.6,0.0
2018-10-12,16.853,21.6,0.0,21.6,0.0,0.0,0.0,0.0,21.6,21.6,21.6,0.0
2018-10-15,14.434,18.5,-14.3519,18.5,100.0,1850000.0,0.0,0.0,18.5,18.5,18.5,100.0
2018-10-16,14.434,18.5,0.0,18.5,0.0,0.0,0.0,0.0,18.5,18.5,18.5,0.0
2018-10-17,14.434,18.5,0.0,18.5,0.0,0.0,0.0,0.0,18.5,18.5,18.5,0.0
2018-10-18,16.541,21.2,14.5946,20.05,400.0,8020000.0,0.0,0.0,16.6,21.2,16.6,400.0
2018-10-19,13.654,17.5,-12.9353,17.5,100.0,1750000.0,0.0,0.0,17.5,17.5,17.5,100.0
2018-10-22,13.654,17.5,0.0,17.5,0.0,0.0,0.0,0.0,17.5,17.5,17.5,0.0
2018-10-23,15.682,20.1,14.8571,20.1,100.0,2010000.0,0.0,0.0,20.1,20.1,20.1,100.0
2018-10-24,15.682,20.1,0.0,20.1,0.0,0.0,0.0,0.0,20.1,20.1,20.1,0.0
2018-10-25,15.682,20.1,0.0,20.1,0.0,0.0,0.0,0.0,20.1,20.1,20.1,0.0
2018-10-26,13.732,17.6,-12.4378,17.6,100.0,1760000.0,0.0,0.0,17.6,17.6,17.6,100.0
2018-10-29,12.64,16.2,-7.9545,16.2,100.0,1620000.0,0.0,0.0,16.2,16.2,16.2,100.0
2018-10-30,14.513,18.6,14.8148,18.6,100.0,1860000.0,0.0,0.0,18.6,18.6,18.6,100.0
2018-10-31,12.952,16.6,-10.7527,16.6,100.0,1660000.0,0.0,0.0,16.6,16.6,16.6,100.0
2018-11-01,12.952,16.6,0.0,16.6,0.0,0.0,0.0,0.0,16.6,16.6,16.6,0.0
2018-11-02,14.824,19.0,14.4578,18.4,200.0,3680000.0,0.0,0.0,17.8,19.0,17.8,200.0
2018-11-05,12.952,16.6,-9.7826,16.6,100.0,1660000.0,0.0,0.0,16.6,16.6,16.6,100.0
2018-11-06,14.824,19.0,14.4578,19.0,100.0,1900000.0,0.0,0.0,19.0,19.0,19.0,100.0
2018-11-07,14.824,19.0,0.0,19.0,0.0,0.0,0.0,0.0,19.0,19.0,19.0,0.0
2018-11-08,14.824,19.0,0.0,19.0,0.0,0.0,0.0,0.0,19.0,19.0,19.0,0.0
2018-11-09,14.824,19.0,0.0,19.0,100.0,1900000.0,0.0,0.0,19.0,19.0,19.0,100.0
2018-11-12,13.265,17.0,-10.5263,17.0,100.0,1700000.0,0.0,0.0,17.0,17.0,17.0,100.0
2018-11-13,13.265,17.0,0.0,17.0,0.0,0.0,0.0,0.0,17.0,17.0,17.0,0.0
2018-11-14,13.265,17.0,0.0,17.0,0.0,0.0,0.0,0.0,17.0,17.0,17.0,0.0
2018-11-15,13.265,17.0,0.0,17.0,0.0,0.0,0.0,0.0,17.0,17.0,17.0,0.0
2018-11-16,13.265,17.0,0.0,17.0,0.0,0.0,0.0,0.0,17.0,17.0,17.0,0.0
2018-11-19,15.215,19.5,14.7059,19.25,200.0,3850000.0,0.0,0.0,19.0,19.5,19.0,200.0
2018-11-20,13.265,17.0,-11.9171,17.0,100.0,1700000.0,0.0,0.0,17.0,17.0,17.0,100.0
2018-11-21,13.265,17.0,0.0,17.0,0.0,0.0,0.0,0.0,17.0,17.0,17.0,0.0
2018-11-22,13.265,17.0,0.0,17.0,0.0,0.0,0.0,0.0,17.0,17.0,17.0,0.0
2018-11-23,13.265,17.0,0.0,17.0,0.0,0.0,0.0,0.0,17.0,17.0,17.0,0.0
2018-11-26,14.98,19.2,12.9412,19.2,100.0,1920000.0,0.0,0.0,19.2,19.2,19.2,100.0
2018-11-27,13.265,17.0,-11.4583,17.0,100.0,1700000.0,0.0,0.0,17.0,17.0,17.0,100.0
2018-11-28,13.265,17.0,0.0,17.0,0.0,0.0,0.0,0.0,17.0,17.0,17.0,0.0
2018-11-29,13.265,17.0,0.0,17.0,0.0,0.0,0.0,0.0,17.0,17.0,17.0,0.0
2018-11-30,13.265,17.0,0.0,17.0,0.0,0.0,0.0,0.0,17.0,17.0,17.0,0.0
2018-12-03,13.265,17.0,0.0,17.0,0.0,0.0,0.0,0.0,17.0,17.0,17.0,0.0
2018-12-04,13.265,17.0,0.0,17.0,0.0,0.0,0.0,0.0,17.0,17.0,17.0,0.0
2018-12-05,11.313,14.5,-14.7059,14.5,100.0,1450000.0,0.0,0.0,14.5,14.5,14.5,100.0
2018-12-06,11.313,14.5,0.0,14.5,0.0,0.0,0.0,0.0,14.5,14.5,14.5,0.0
2018-12-07,11.313,14.5,0.0,14.5,0.0,0.0,0.0,0.0,14.5,14.5,14.5,0.0
2018-12-10,11.313,14.5,0.0,14.5,0.0,0.0,0.0,0.0,14.5,14.5,14.5,0.0
2018-12-11,11.313,14.5,0.0,14.5,0.0,0.0,0.0,0.0,14.5,14.5,14.5,0.0
2018-12-12,11.313,14.5,0.0,14.5,0.0,0.0,0.0,0.0,14.5,14.5,14.5,0.0
2018-12-13,12.952,16.6,14.4828,16.6,100.0,1660000.0,0.0,0.0,16.6,16.6,16.6,100.0
2018-12-14,12.952,16.6,0.0,16.6,0.0,0.0,0.0,0.0,16.6,16.6,16.6,0.0
2018-12-17,12.952,16.6,0.0,16.6,0.0,0.0,0.0,0.0,16.6,16.6,16.6,0.0
2018-12-18,11.235,14.4,-13.253,14.4,100.0,1440000.0,0.0,0.0,14.4,14.4,14.4,100.0
2018-12-19,12.873,16.5,14.5833,16.5,100.0,1650000.0,0.0,0.0,16.5,16.5,16.5,100.0
2018-12-20,12.873,16.5,0.0,16.5,0.0,0.0,0.0,0.0,16.5,16.5,16.5,0.0
2018-12-21,12.873,16.5,0.0,16.5,0.0,0.0,0.0,0.0,16.5,16.5,16.5,0.0
2018-12-24,14.121,18.1,9.697,18.1,100.0,1810000.0,0.0,0.0,18.1,18.1,18.1,100.0
2018-12-25,14.121,18.1,0.0,18.1,0.0,0.0,0.0,0.0,18.1,18.1,18.1,0.0
2018-12-26,14.121,18.1,0.0,18.1,0.0,0.0,0.0,0.0,18.1,18.1,18.1,0.0
2018-12-27,14.121,18.1,0.0,18.1,0.0,0.0,0.0,0.0,18.1,18.1,18.1,0.0
2018-12-28,14.121,18.1,0.0,18.1,0.0,0.0,0.0,0.0,18.1,18.1,18.1,0.0
2019-01-02,12.562,16.1,0.0,16.1,100.0,1610000.0,0.0,0.0,16.1,16.1,16.1,100.0
2019-01-03,12.562,16.1,0.0,16.1,0.0,0.0,0.0,0.0,16.1,16.1,16.1,0.0
2019-01-04,12.562,16.1,0.0,16.1,0.0,0.0,0.0,0.0,16.1,16.1,16.1,0.0
2019-01-07,12.562,16.1,0.0,16.1,0.0,0.0,0.0,0.0,16.1,16.1,16.1,0.0
2019-01-08,12.562,16.1,0.0,16.1,0.0,0.0,0.0,0.0,16.1,16.1,16.1,0.0
2019-01-09,12.562,16.1,0.0,16.1,0.0,0.0,0.0,0.0,16.1,16.1,16.1,0.0
2019-01-10,12.562,16.1,0.0,16.1,0.0,0.0,0.0,0.0,16.1,16.1,16.1,0.0
2019-01-11,12.562,16.1,0.0,16.1,0.0,0.0,0.0,0.0,16.1,16.1,16.1,0.0
2019-01-14,12.562,16.1,0.0,16.1,0.0,0.0,0.0,0.0,16.1,16.1,16.1,0.0
2019-01-15,12.718,16.3,1.2422,15.0,200.0,3000000.0,0.0,0.0,13.7,16.3,13.7,200.0
2019-01-16,11.704,15.0,0.0,15.0,0.0,0.0,0.0,0.0,15.0,15.0,15.0,0.0
2019-01-17,11.704,15.0,0.0,15.0,0.0,0.0,0.0,0.0,15.0,15.0,15.0,0.0
2019-01-18,11.704,15.0,0.0,15.0,0.0,0.0,0.0,0.0,15.0,15.0,15.0,0.0
2019-01-21,13.42,17.2,14.6667,17.2,100.0,1720000.0,0.0,0.0,17.2,17.2,17.2,100.0
2019-01-22,13.42,17.2,0.0,17.2,0.0,0.0,0.0,0.0,17.2,17.2,17.2,0.0
2019-01-23,13.42,17.2,0.0,17.2,0.0,0.0,0.0,0.0,17.2,17.2,17.2,0.0
2019-01-24,13.42,17.2,0.0,17.2,0.0,0.0,0.0,0.0,17.2,17.2,17.2,0.0
2019-01-25,11.547,14.8,-13.9535,14.8,100.0,1480000.0,0.0,0.0,14.8,14.8,14.8,100.0
2019-01-28,9.831,12.6,-14.8649,12.6,100.0,1260000.0,0.0,0.0,12.6,12.6,12.6,100.0
2019-01-29,9.831,12.6,0.0,12.6,0.0,0.0,0.0,0.0,12.6,12.6,12.6,0.0
2019-01-30,9.831,12.6,0.0,12.6,0.0,0.0,0.0,0.0,12.6,12.6,12.6,0.0
2019-01-31,9.831,12.6,0.0,12.6,0.0,0.0,0.0,0.0,12.6,12.6,12.6,0.0
2019-02-01,9.831,12.6,0.0,12.6,0.0,0.0,0.0,0.0,12.6,12.6,12.6,0.0
2019-02-11,9.831,12.6,0.0,12.6,0.0,0.0,0.0,0.0,12.6,12.6,12.6,0.0
2019-02-12,9.831,12.6,0.0,12.6,0.0,0.0,0.0,0.0,12.6,12.6,12.6,0.0
2019-02-13,9.831,12.6,0.0,12.6,0.0,0.0,0.0,0.0,12.6,12.6,12.6,0.0
2019-02-14,9.831,12.6,0.0,12.6,0.0,0.0,0.0,0.0,12.6,12.6,12.6,0.0
2019-02-15,9.831,12.6,0.0,12.6,0.0,0.0,0.0,0.0,12.6,12.6,12.6,0.0
2019-02-18,9.831,12.6,0.0,12.6,0.0,0.0,0.0,0.0,12.6,12.6,12.6,0.0
2019-02-19,9.831,12.6,0.0,12.6,0.0,0.0,0.0,0.0,12.6,12.6,12.6,0.0
2019-02-20,9.831,12.6,0.0,12.6,0.0,0.0,0.0,0.0,12.6,12.6,12.6,0.0
2019-02-21,9.831,12.6,0.0,12.6,0.0,0.0,0.0,0.0,12.6,12.6,12.6,0.0
2019-02-22,9.831,12.6,0.0,12.6,0.0,0.0,0.0,0.0,12.6,12.6,12.6,0.0
2019-02-25,9.831,12.6,0.0,12.6,0.0,0.0,0.0,0.0,12.6,12.6,12.6,0.0
2019-02-26,9.831,12.6,0.0,12.6,0.0,0.0,0.0,0.0,12.6,12.6,12.6,0.0
2019-02-27,9.831,12.6,0.0,12.6,0.0,0.0,0.0,0.0,12.6,12.6,12.6,0.0
2019-02-28,9.831,12.6,0.0,12.6,0.0,0.0,0.0,0.0,12.6,12.6,12.6,0.0
2019-03-01,9.831,12.6,0.0,12.6,0.0,0.0,0.0,0.0,12.6,12.6,12.6,0.0
2019-03-04,9.831,12.6,0.0,12.6,0.0,0.0,0.0,0.0,12.6,12.6,12.6,0.0
2019-03-05,9.831,12.6,0.0,12.6,0.0,0.0,0.0,0.0,12.6,12.6,12.6,0.0
2019-03-06,9.831,12.6,0.0,12.6,0.0,0.0,0.0,0.0,12.6,12.6,12.6,0.0
2019-03-07,9.831,12.6,0.0,12.6,0.0,0.0,0.0,0.0,12.6,12.6,12.6,0.0
2019-03-08,9.831,12.6,0.0,12.6,0.0,0.0,0.0,0.0,12.6,12.6,12.6,0.0
2019-03-11,9.831,12.6,0.0,12.6,0.0,0.0,0.0,0.0,12.6,12.6,12.6,0.0
2019-03-12,9.831,12.6,0.0,12.6,0.0,0.0,0.0,0.0,12.6,12.6,12.6,0.0
2019-03-13,13.732,17.6,39.6825,17.1,200.0,3420000.0,0.0,0.0,16.6,17.6,16.6,200.0
2019-03-14,11.781,15.1,-11.6959,15.1,100.0,1510000.0,0.0,0.0,15.1,15.1,15.1,100.0
2019-03-15,11.781,15.1,0.0,15.1,0.0,0.0,0.0,0.0,15.1,15.1,15.1,0.0
2019-03-18,11.781,15.1,0.0,15.1,0.0,0.0,0.0,0.0,15.1,15.1,15.1,0.0
2019-03-19,13.265,17.0,12.5828,17.0,100.0,1700000.0,0.0,0.0,17.0,17.0,17.0,100.0
2019-03-20,12.171,15.6,-8.2353,15.6,100.0,1560000.0,0.0,0.0,15.6,15.6,15.6,100.0
2019-03-21,12.171,15.6,0.0,15.6,0.0,0.0,0.0,0.0,15.6,15.6,15.6,0.0
2019-03-22,12.171,15.6,0.0,15.6,0.0,0.0,0.0,0.0,15.6,15.6,15.6,0.0
2019-03-25,10.533,13.5,-13.4615,13.5,100.0,1350000.0,0.0,0.0,13.5,13.5,13.5,100.0
2019-03-26,10.533,13.5,0.0,13.5,0.0,0.0,0.0,0.0,13.5,13.5,13.5,0.0
2019-03-27,10.533,13.5,0.0,13.5,0.0,0.0,0.0,0.0,13.5,13.5,13.5,0.0
2019-03-28,10.533,13.5,0.0,13.5,0.0,0.0,0.0,0.0,13.5,13.5,13.5,0.0
2019-03-29,10.533,13.5,0.0,13.5,0.0,0.0,0.0,0.0,13.5,13.5,13.5,0.0
2019-04-01,10.533,13.5,0.0,13.5,0.0,0.0,0.0,0.0,13.5,13.5,13.5,0.0
2019-04-02,10.533,13.5,0.0,13.5,0.0,0.0,0.0,0.0,13.5,13.5,13.5,0.0
2019-04-03,12.094,15.5,14.8148,15.5,500.0,7750000.0,0.0,0.0,15.5,15.5,15.5,500.0
2019-04-04,12.094,15.5,0.0,15.5,500.0,7750000.0,0.0,0.0,15.5,15.5,15.5,500.0
2019-04-05,13.888,17.8,14.8387,17.8,100.0,1780000.0,0.0,0.0,17.8,17.8,17.8,100.0
2019-04-08,13.888,17.8,0.0,17.8,0.0,0.0,0.0,0.0,17.8,17.8,17.8,0.0
2019-04-09,13.888,17.8,0.0,17.8,0.0,0.0,0.0,0.0,17.8,17.8,17.8,0.0
2019-04-10,15.526,19.9,11.7978,19.9,100.0,1990000.0,0.0,0.0,19.9,19.9,19.9,100.0
2019-04-11,13.265,17.0,-14.5729,17.0,900.0,15300000.0,0.0,0.0,17.0,17.0,17.0,900.0
2019-04-12,13.265,17.0,0.0,17.0,0.0,0.0,0.0,0.0,17.0,17.0,17.0,0.0
2019-04-16,13.265,17.0,0.0,17.0,0.0,0.0,0.0,0.0,17.0,17.0,17.0,0.0
2019-04-17,12.249,15.7,-7.6471,15.7,100.0,1570000.0,0.0,0.0,15.7,15.7,15.7,100.0
2019-04-18,14.044,18.0,14.6497,18.0,700.0,12600000.0,0.0,0.0,18.0,18.0,18.0,700.0
2019-04-19,14.044,18.0,0.0,18.0,600.0,10800000.0,0.0,0.0,18.0,18.0,18.0,600.0
2019-04-22,14.044,18.0,0.0,18.0,0.0,0.0,0.0,0.0,18.0,18.0,18.0,0.0
2019-04-23,14.044,18.0,0.0,18.0,0.0,0.0,0.0,0.0,18.0,18.0,18.0,0.0
2019-04-24,14.044,18.0,0.0,18.0,700.0,12600000.0,0.0,0.0,18.0,18.0,18.0,700.0
2019-04-25,14.044,18.0,0.0,18.0,0.0,0.0,0.0,0.0,18.0,18.0,18.0,0.0
2019-04-26,14.044,18.0,0.0,18.0,0.0,0.0,0.0,0.0,18.0,18.0,18.0,0.0
2019-05-02,14.044,18.0,0.0,18.0,100.0,1800000.0,0.0,0.0,18.0,18.0,18.0,100.0
2019-05-03,14.044,18.0,0.0,18.0,0.0,0.0,0.0,0.0,18.0,18.0,18.0,0.0
2019-05-06,14.044,18.0,0.0,18.0,0.0,0.0,0.0,0.0,18.0,18.0,18.0,0.0
2019-05-07,14.044,18.0,0.0,18.0,0.0,0.0,0.0,0.0,18.0,18.0,18.0,0.0
2019-05-08,14.044,18.0,0.0,18.0,0.0,0.0,0.0,0.0,18.0,18.0,18.0,0.0
2019-05-09,14.044,18.0,0.0,18.0,0.0,0.0,0.0,0.0,18.0,18.0,18.0,0.0
2019-05-10,14.044,18.0,0.0,18.0,0.0,0.0,0.0,0.0,18.0,18.0,18.0,0.0
2019-05-13,14.044,18.0,0.0,18.0,0.0,0.0,0.0,0.0,18.0,18.0,18.0,0.0
2019-05-14,14.044,18.0,0.0,18.0,0.0,0.0,0.0,0.0,18.0,18.0,18.0,0.0
2019-05-15,14.044,18.0,0.0,18.0,0.0,0.0,0.0,0.0,18.0,18.0,18.0,0.0
2019-05-16,14.044,18.0,0.0,18.0,0.0,0.0,0.0,0.0,18.0,18.0,18.0,0.0
2019-05-17,14.044,18.0,0.0,18.0,0.0,0.0,0.0,0.0,18.0,18.0,18.0,0.0
2019-05-20,14.044,18.0,0.0,18.0,0.0,0.0,0.0,0.0,18.0,18.0,18.0,0.0
2019-05-21,14.044,18.0,0.0,18.0,0.0,0.0,0.0,0.0,18.0,18.0,18.0,0.0
2019-05-22,14.044,18.0,0.0,18.0,0.0,0.0,0.0,0.0,18.0,18.0,18.0,0.0
2019-05-23,14.044,18.0,0.0,18.0,0.0,0.0,0.0,0.0,18.0,18.0,18.0,0.0
2019-05-24,14.044,18.0,0.0,18.0,0.0,0.0,0.0,0.0,18.0,18.0,18.0,0.0
2019-05-27,14.044,18.0,0.0,18.0,0.0,0.0,0.0,0.0,18.0,18.0,18.0,0.0
2019-05-28,14.044,18.0,0.0,18.0,0.0,0.0,0.0,0.0,18.0,18.0,18.0,0.0
2019-05-29,14.044,18.0,0.0,18.0,0.0,0.0,0.0,0.0,18.0,18.0,18.0,0.0
2019-05-30,14.044,18.0,0.0,18.0,0.0,0.0,0.0,0.0,18.0,18.0,18.0,0.0
2019-05-31,14.044,17.0,0.0,17.0,0.0,0.0,0.0,0.0,17.0,17.0,17.0,0.0
2019-06-03,14.044,17.0,0.0,17.0,0.0,0.0,0.0,0.0,17.0,17.0,17.0,0.0
2019-06-04,14.044,17.0,0.0,17.0,0.0,0.0,0.0,0.0,17.0,17.0,17.0,0.0
2019-06-05,14.044,17.0,0.0,17.0,0.0,0.0,0.0,0.0,17.0,17.0,17.0,0.0
2019-06-06,14.044,17.0,0.0,17.0,0.0,0.0,0.0,0.0,17.0,17.0,17.0,0.0
2019-06-07,14.044,17.0,0.0,17.0,0.0,0.0,0.0,0.0,17.0,17.0,17.0,0.0
2019-06-10,14.044,17.0,0.0,17.0,0.0,0.0,0.0,0.0,17.0,17.0,17.0,0.0
2019-06-11,14.044,17.0,0.0,17.0,0.0,0.0,0.0,0.0,17.0,17.0,17.0,0.0
2019-06-12,14.044,17.0,0.0,17.0,0.0,0.0,0.0,0.0,17.0,17.0,17.0,0.0
2019-06-13,14.044,17.0,0.0,17.0,0.0,0.0,0.0,0.0,17.0,17.0,17.0,0.0
2019-06-14,14.044,17.0,0.0,17.0,0.0,0.0,0.0,0.0,17.0,17.0,17.0,0.0
2019-06-17,14.044,17.0,0.0,17.0,0.0,0.0,0.0,0.0,17.0,17.0,17.0,0.0
2019-06-18,14.044,17.0,0.0,17.0,0.0,0.0,0.0,0.0,17.0,17.0,17.0,0.0
2019-06-19,14.044,17.0,0.0,17.0,0.0,0.0,0.0,0.0,17.0,17.0,17.0,0.0
2019-06-20,14.044,17.0,0.0,17.0,0.0,0.0,0.0,0.0,17.0,17.0,17.0,0.0
2019-06-21,14.044,17.0,0.0,17.0,0.0,0.0,0.0,0.0,17.0,17.0,17.0,0.0
2019-06-24,14.044,17.0,0.0,17.0,0.0,0.0,0.0,0.0,17.0,17.0,17.0,0.0
2019-06-25,14.044,17.0,0.0,17.0,0.0,0.0,0.0,0.0,17.0,17.0,17.0,0.0
2019-06-26,14.044,17.0,0.0,17.0,0.0,0.0,0.0,0.0,17.0,17.0,17.0,0.0
2019-06-27,14.044,17.0,0.0,17.0,0.0,0.0,0.0,0.0,17.0,17.0,17.0,0.0
2019-06-28,14.044,17.0,0.0,17.0,0.0,0.0,0.0,0.0,17.0,17.0,17.0,0.0
2019-07-01,14.044,17.0,0.0,17.0,0.0,0.0,0.0,0.0,17.0,17.0,17.0,0.0
2019-07-02,14.044,17.0,0.0,17.0,0.0,0.0,0.0,0.0,17.0,17.0,17.0,0.0
2019-07-03,14.044,17.0,0.0,17.0,0.0,0.0,0.0,0.0,17.0,17.0,17.0,0.0
2019-07-04,14.044,17.0,0.0,17.0,0.0,0.0,0.0,0.0,17.0,17.0,17.0,0.0
2019-07-05,14.044,17.0,0.0,17.0,0.0,0.0,0.0,0.0,17.0,17.0,17.0,0.0
2019-07-08,14.044,17.0,0.0,17.0,0.0,0.0,0.0,0.0,17.0,17.0,17.0,0.0
2019-07-09,14.044,17.0,0.0,17.0,0.0,0.0,0.0,0.0,17.0,17.0,17.0,0.0
2019-07-10,14.044,17.0,0.0,17.0,0.0,0.0,0.0,0.0,17.0,17.0,17.0,0.0
2019-07-11,14.044,17.0,0.0,17.0,0.0,0.0,0.0,0.0,17.0,17.0,17.0,0.0
2019-07-12,14.044,17.0,0.0,17.0,0.0,0.0,0.0,0.0,17.0,17.0,17.0,0.0
2019-07-15,14.044,17.0,0.0,17.0,0.0,0.0,0.0,0.0,17.0,17.0,17.0,0.0
2019-07-16,14.044,17.0,0.0,17.0,0.0,0.0,0.0,0.0,17.0,17.0,17.0,0.0
2019-07-17,14.044,17.0,0.0,17.0,0.0,0.0,0.0,0.0,17.0,17.0,17.0,0.0
2019-07-18,14.044,17.0,0.0,17.0,0.0,0.0,0.0,0.0,17.0,17.0,17.0,0.0
2019-07-19,14.044,17.0,0.0,17.0,0.0,0.0,0.0,0.0,17.0,17.0,17.0,0.0
2019-07-22,14.044,17.0,0.0,17.0,0.0,0.0,0.0,0.0,17.0,17.0,17.0,0.0
2019-07-23,8.426,10.2,-40.0,10.2,7300.0,74460000.0,0.0,0.0,10.2,10.2,10.2,7300.0
2019-07-24,8.426,10.2,0.0,10.2,0.0,0.0,0.0,0.0,10.2,10.2,10.2,0.0
2019-07-25,8.426,10.2,0.0,10.2,0.0,0.0,0.0,0.0,10.2,10.2,10.2,0.0
2019-07-26,8.426,10.2,0.0,10.2,0.0,0.0,0.0,0.0,10.2,10.2,10.2,0.0
2019-07-29,8.426,10.2,0.0,10.2,0.0,0.0,0.0,0.0,10.2,10.2,10.2,0.0
2019-07-30,8.426,10.2,0.0,10.2,0.0,0.0,0.0,0.0,10.2,10.2,10.2,0.0
2019-07-31,8.426,10.2,0.0,10.2,0.0,0.0,0.0,0.0,10.2,10.2,10.2,0.0
2019-08-01,8.426,10.2,0.0,10.2,0.0,0.0,0.0,0.0,10.2,10.2,10.2,0.0
2019-08-02,8.426,10.2,0.0,10.2,0.0,0.0,0.0,0.0,10.2,10.2,10.2,0.0
2019-08-05,8.426,10.2,0.0,10.2,0.0,0.0,0.0,0.0,10.2,10.2,10.2,0.0
2019-08-06,8.426,10.2,0.0,10.2,0.0,0.0,0.0,0.0,10.2,10.2,10.2,0.0
2019-08-07,8.426,10.2,0.0,10.2,0.0,0.0,0.0,0.0,10.2,10.2,10.2,0.0
2019-08-08,8.426,10.2,0.0,10.2,0.0,0.0,0.0,0.0,10.2,10.2,10.2,0.0
2019-08-09,8.426,10.2,0.0,10.2,0.0,0.0,0.0,0.0,10.2,10.2,10.2,0.0
2019-08-12,8.426,10.2,0.0,10.2,0.0,0.0,0.0,0.0,10.2,10.2,10.2,0.0
2019-08-13,8.426,10.2,0.0,10.2,0.0,0.0,0.0,0.0,10.2,10.2,10.2,0.0
2019-08-14,8.426,10.2,0.0,10.2,0.0,0.0,0.0,0.0,10.2,10.2,10.2,0.0
2019-08-15,8.426,10.2,0.0,10.2,0.0,0.0,0.0,0.0,10.2,10.2,10.2,0.0
2019-08-16,8.426,10.2,0.0,10.2,0.0,0.0,0.0,0.0,10.2,10.2,10.2,0.0
2019-08-19,8.426,10.2,0.0,10.2,0.0,0.0,0.0,0.0,10.2,10.2,10.2,0.0
2019-08-20,8.426,10.2,0.0,10.2,0.0,0.0,0.0,0.0,10.2,10.2,10.2,0.0
2019-08-21,8.426,10.2,0.0,10.2,0.0,0.0,0.0,0.0,10.2,10.2,10.2,0.0
2019-08-22,8.426,10.2,0.0,10.2,0.0,0.0,0.0,0.0,10.2,10.2,10.2,0.0
2019-08-23,8.426,10.2,0.0,10.2,0.0,0.0,0.0,0.0,10.2,10.2,10.2,0.0
2019-08-26,8.426,10.2,0.0,10.2,0.0,0.0,0.0,0.0,10.2,10.2,10.2,0.0
2019-08-27,8.426,10.2,0.0,10.2,0.0,0.0,0.0,0.0,10.2,10.2,10.2,0.0
2019-08-28,8.426,10.2,0.0,10.2,0.0,0.0,0.0,0.0,10.2,10.2,10.2,0.0
2019-08-29,11.731,14.2,39.2157,14.2,100.0,1420000.0,0.0,0.0,14.2,14.2,14.2,100.0
2019-08-30,11.731,14.2,0.0,14.2,0.0,0.0,0.0,0.0,14.2,14.2,14.2,0.0
2019-09-03,11.731,14.2,0.0,14.2,0.0,0.0,0.0,0.0,14.2,14.2,14.2,0.0
2019-09-04,10.409,12.6,-11.2676,12.6,100.0,1260000.0,0.0,0.0,12.6,12.6,12.6,100.0
2019-09-05,10.409,12.6,0.0,12.6,0.0,0.0,0.0,0.0,12.6,12.6,12.6,0.0
2019-09-06,10.409,12.6,0.0,12.6,0.0,0.0,0.0,0.0,12.6,12.6,12.6,0.0
2019-09-09,10.409,12.6,0.0,12.6,0.0,0.0,0.0,0.0,12.6,12.6,12.6,0.0
2019-09-10,11.896,14.4,14.2857,14.4,100.0,1440000.0,0.0,0.0,14.4,14.4,14.4,100.0
2019-09-11,10.657,12.9,-10.4167,12.9,100.0,1290000.0,0.0,0.0,12.9,12.9,12.9,100.0
2019-09-12,10.657,12.9,0.0,12.9,0.0,0.0,0.0,0.0,12.9,12.9,12.9,0.0
2019-09-13,10.657,12.9,0.0,12.9,0.0,0.0,0.0,0.0,12.9,12.9,12.9,0.0
2019-09-16,9.088,11.0,-14.7287,11.0,100.0,1100000.0,0.0,0.0,11.0,11.0,11.0,100.0
2019-09-17,9.088,11.0,0.0,11.0,0.0,0.0,0.0,0.0,11.0,11.0,11.0,0.0
2019-09-18,9.088,11.0,0.0,11.0,0.0,0.0,0.0,0.0,11.0,11.0,11.0,0.0
2019-09-19,9.088,11.0,0.0,11.0,0.0,0.0,0.0,0.0,11.0,11.0,11.0,0.0
2019-09-20,9.088,11.0,0.0,11.0,0.0,0.0,0.0,0.0,11.0,11.0,11.0,0.0
2019-09-23,7.848,9.5,-13.6364,9.5,100.0,950000.0,0.0,0.0,9.5,9.5,9.5,100.0
2019-09-24,7.848,9.5,0.0,9.5,0.0,0.0,0.0,0.0,9.5,9.5,9.5,0.0
2019-09-25,7.848,9.5,0.0,9.5,0.0,0.0,0.0,0.0,9.5,9.5,9.5,0.0
2019-09-26,7.848,9.5,0.0,9.5,0.0,0.0,0.0,0.0,9.5,9.5,9.5,0.0
2019-09-27,7.848,9.5,0.0,9.5,0.0,0.0,0.0,0.0,9.5,9.5,9.5,0.0
2019-09-30,7.848,9.5,0.0,9.5,0.0,0.0,0.0,0.0,9.5,9.5,9.5,0.0
2019-10-01,7.848,9.5,0.0,9.5,0.0,0.0,0.0,0.0,9.5,9.5,9.5,0.0
2019-10-02,7.848,9.5,0.0,9.5,0.0,0.0,0.0,0.0,9.5,9.5,9.5,0.0
2019-10-03,7.848,9.5,0.0,9.5,0.0,0.0,0.0,0.0,9.5,9.5,9.5,0.0
2019-10-04,7.848,9.5,0.0,9.5,0.0,0.0,0.0,0.0,9.5,9.5,9.5,0.0
2019-10-07,7.848,9.5,0.0,9.5,0.0,0.0,0.0,0.0,9.5,9.5,9.5,0.0
2019-10-08,7.848,9.5,0.0,9.5,0.0,0.0,0.0,0.0,9.5,9.5,9.5,0.0
2019-10-09,7.848,9.5,0.0,9.5,0.0,0.0,0.0,0.0,9.5,9.5,9.5,0.0
2019-10-10,7.848,9.5,0.0,9.5,0.0,0.0,0.0,0.0,9.5,9.5,9.5,0.0
2019-10-11,7.848,9.5,0.0,9.5,0.0,0.0,0.0,0.0,9.5,9.5,9.5,0.0
2019-10-14,7.848,9.5,0.0,9.5,0.0,0.0,0.0,0.0,9.5,9.5,9.5,0.0
2019-10-15,7.848,9.5,0.0,9.5,0.0,0.0,0.0,0.0,9.5,9.5,9.5,0.0
2019-10-16,7.848,9.5,0.0,9.5,0.0,0.0,0.0,0.0,9.5,9.5,9.5,0.0
2019-10-17,7.848,9.5,0.0,9.5,0.0,0.0,0.0,0.0,9.5,9.5,9.5,0.0
2019-10-18,7.848,9.5,0.0,9.5,0.0,0.0,0.0,0.0,9.5,9.5,9.5,0.0
2019-10-21,7.848,9.5,0.0,9.5,0.0,0.0,0.0,0.0,9.5,9.5,9.5,0.0
2019-10-22,7.848,9.5,0.0,9.5,0.0,0.0,0.0,0.0,9.5,9.5,9.5,0.0
2019-10-23,7.848,9.5,0.0,9.5,0.0,0.0,12820.0,103842000.0,9.5,9.5,9.5,12820.0
2019-10-24,7.848,9.5,0.0,9.5,0.0,0.0,0.0,0.0,9.5,9.5,9.5,0.0
2019-10-25,7.848,9.5,0.0,9.5,0.0,0.0,0.0,0.0,9.5,9.5,9.5,0.0
2019-10-28,7.848,9.5,0.0,9.5,0.0,0.0,0.0,0.0,9.5,9.5,9.5,0.0
2019-10-29,7.848,9.5,0.0,9.5,0.0,0.0,0.0,0.0,9.5,9.5,9.5,0.0
2019-10-30,7.848,9.5,0.0,9.5,0.0,0.0,0.0,0.0,9.5,9.5,9.5,0.0
2019-10-31,7.848,9.5,0.0,9.5,0.0,0.0,0.0,0.0,9.5,9.5,9.5,0.0
2019-11-01,7.848,9.5,0.0,9.5,0.0,0.0,0.0,0.0,9.5,9.5,9.5,0.0
2019-11-04,7.848,9.5,0.0,9.5,0.0,0.0,0.0,0.0,9.5,9.5,9.5,0.0
2019-11-05,7.848,9.5,0.0,9.5,0.0,0.0,9000.0,98100000.0,9.5,9.5,9.5,9000.0
2019-11-06,7.848,9.5,0.0,9.5,0.0,0.0,0.0,0.0,9.5,9.5,9.5,0.0
2019-11-07,7.848,9.5,0.0,9.5,0.0,0.0,0.0,0.0,9.5,9.5,9.5,0.0
2019-11-08,7.848,9.5,0.0,9.5,0.0,0.0,0.0,0.0,9.5,9.5,9.5,0.0
2019-11-11,7.848,9.5,0.0,9.5,0.0,0.0,0.0,0.0,9.5,9.5,9.5,0.0
2019-11-12,7.848,9.5,0.0,9.5,0.0,0.0,0.0,0.0,9.5,9.5,9.5,0.0
2019-11-13,7.848,9.5,0.0,9.5,0.0,0.0,0.0,0.0,9.5,9.5,9.5,0.0
2019-11-14,7.848,9.5,0.0,9.5,0.0,0.0,0.0,0.0,9.5,9.5,9.5,0.0
2019-11-15,7.848,9.5,0.0,9.5,0.0,0.0,0.0,0.0,9.5,9.5,9.5,0.0
2019-11-18,7.848,9.5,0.0,9.5,0.0,0.0,0.0,0.0,9.5,9.5,9.5,0.0
2019-11-19,7.848,9.5,0.0,9.5,0.0,0.0,0.0,0.0,9.5,9.5,9.5,0.0
2019-11-20,7.848,9.5,0.0,9.5,0.0,0.0,0.0,0.0,9.5,9.5,9.5,0.0
2019-11-21,7.848,9.5,0.0,9.5,0.0,0.0,0.0,0.0,9.5,9.5,9.5,0.0
2019-11-22,7.848,9.5,0.0,9.5,0.0,0.0,0.0,0.0,9.5,9.5,9.5,0.0
2019-11-25,7.848,9.5,0.0,9.5,0.0,0.0,0.0,0.0,9.5,9.5,9.5,0.0
2019-11-26,7.848,9.5,0.0,9.5,0.0,0.0,0.0,0.0,9.5,9.5,9.5,0.0
2019-11-27,7.848,9.5,0.0,9.5,0.0,0.0,0.0,0.0,9.5,9.5,9.5,0.0
2019-11-28,7.848,9.5,0.0,9.5,0.0,0.0,0.0,0.0,9.5,9.5,9.5,0.0
2019-11-29,7.848,9.5,0.0,9.5,0.0,0.0,0.0,0.0,9.5,9.5,9.5,0.0
2019-12-02,7.848,9.5,0.0,9.5,0.0,0.0,0.0,0.0,9.5,9.5,9.5,0.0
2019-12-03,7.848,9.5,0.0,9.5,0.0,0.0,0.0,0.0,9.5,9.5,9.5,0.0
2019-12-04,7.848,9.5,0.0,9.5,0.0,0.0,0.0,0.0,9.5,9.5,9.5,0.0
2019-12-05,7.848,9.5,0.0,9.5,0.0,0.0,0.0,0.0,9.5,9.5,9.5,0.0
2019-12-06,7.848,9.5,0.0,9.5,0.0,0.0,0.0,0.0,9.5,9.5,9.5,0.0
2019-12-09,7.848,9.5,0.0,9.5,0.0,0.0,0.0,0.0,9.5,9.5,9.5,0.0
2019-12-10,7.848,9.5,0.0,9.5,0.0,0.0,0.0,0.0,9.5,9.5,9.5,0.0
2019-12-11,7.848,9.5,0.0,9.5,0.0,0.0,0.0,0.0,9.5,9.5,9.5,0.0
2019-12-12,7.848,9.5,0.0,9.5,0.0,0.0,0.0,0.0,9.5,9.5,9.5,0.0
2019-12-13,7.848,9.5,0.0,9.5,0.0,0.0,0.0,0.0,9.5,9.5,9.5,0.0
2019-12-16,7.848,9.5,0.0,9.5,0.0,0.0,0.0,0.0,9.5,9.5,9.5,0.0
2019-12-17,10.987,13.3,40.0,9.5,400.0,3800000.0,0.0,0.0,13.3,13.3,5.7,400.0
2019-12-18,7.848,9.5,0.0,9.5,0.0,0.0,0.0,0.0,9.5,9.5,9.5,0.0
2019-12-19,7.848,9.5,0.0,9.5,0.0,0.0,0.0,0.0,9.5,9.5,9.5,0.0
2019-12-20,7.848,9.5,0.0,9.5,0.0,0.0,0.0,0.0,9.5,9.5,9.5,0.0
2019-12-23,7.848,9.5,0.0,9.5,0.0,0.0,0.0,0.0,9.5,9.5,9.5,0.0
2019-12-24,7.848,9.5,0.0,9.5,0.0,0.0,0.0,0.0,9.5,9.5,9.5,0.0
2019-12-25,7.848,9.5,0.0,9.5,0.0,0.0,0.0,0.0,9.5,9.5,9.5,0.0
2019-12-26,7.848,9.5,0.0,9.5,0.0,0.0,0.0,0.0,9.5,9.5,9.5,0.0
2019-12-27,7.848,9.5,0.0,9.5,0.0,0.0,0.0,0.0,9.5,9.5,9.5,0.0
2019-12-30,7.848,9.5,0.0,9.5,0.0,0.0,0.0,0.0,9.5,9.5,9.5,0.0
2019-12-31,7.848,9.5,0.0,9.5,0.0,0.0,0.0,0.0,9.5,9.5,9.5,0.0
2020-01-02,7.848,9.5,0.0,9.5,0.0,0.0,0.0,0.0,9.5,9.5,9.5,0.0
2020-01-03,7.848,9.5,0.0,9.5,0.0,0.0,0.0,0.0,9.5,9.5,9.5,0.0
2020-01-06,7.848,9.5,0.0,9.5,0.0,0.0,0.0,0.0,9.5,9.5,9.5,0.0
2020-01-07,7.848,9.5,0.0,9.5,0.0,0.0,0.0,0.0,9.5,9.5,9.5,0.0
2020-01-08,7.848,9.5,0.0,9.5,0.0,0.0,0.0,0.0,9.5,9.5,9.5,0.0
2020-01-09,7.848,9.5,0.0,9.5,0.0,0.0,0.0,0.0,9.5,9.5,9.5,0.0
2020-01-10,7.848,9.5,0.0,9.5,0.0,0.0,0.0,0.0,9.5,9.5,9.5,0.0
2020-01-13,7.848,9.5,0.0,9.5,0.0,0.0,0.0,0.0,9.5,9.5,9.5,0.0
2020-01-14,7.848,9.5,0.0,9.5,0.0,0.0,0.0,0.0,9.5,9.5,9.5,0.0
2020-01-15,7.848,9.5,0.0,9.5,0.0,0.0,0.0,0.0,9.5,9.5,9.5,0.0
2020-01-16,7.848,9.5,0.0,9.5,0.0,0.0,0.0,0.0,9.5,9.5,9.5,0.0
2020-01-17,7.848,9.5,0.0,9.5,0.0,0.0,0.0,0.0,9.5,9.5,9.5,0.0
2020-01-20,7.848,9.5,0.0,9.5,0.0,0.0,0.0,0.0,9.5,9.5,9.5,0.0
2020-01-21,7.848,9.5,0.0,9.5,0.0,0.0,0.0,0.0,9.5,9.5,9.5,0.0
2020-01-22,7.848,9.5,0.0,9.5,0.0,0.0,0.0,0.0,9.5,9.5,9.5,0.0
2020-01-30,7.848,9.5,0.0,9.5,0.0,0.0,0.0,0.0,9.5,9.5,9.5,0.0
2020-01-31,10.987,13.3,40.0,13.3,100.0,1330000.0,0.0,0.0,13.3,13.3,13.3,100.0
2020-02-03,11.566,14.0,5.2632,14.0,100.0,1400000.0,0.0,0.0,14.0,14.0,14.0,100.0
2020-02-04,11.566,14.0,0.0,14.0,0.0,0.0,0.0,0.0,14.0,14.0,14.0,0.0
2020-02-05,9.831,11.9,-15.0,11.9,100.0,1190000.0,0.0,0.0,11.9,11.9,11.9,100.0
2020-02-06,9.831,11.9,0.0,11.9,0.0,0.0,0.0,0.0,11.9,11.9,11.9,0.0
2020-02-07,9.831,11.9,0.0,11.9,0.0,0.0,0.0,0.0,11.9,11.9,11.9,0.0
2020-02-10,9.831,11.9,0.0,11.9,0.0,0.0,0.0,0.0,11.9,11.9,11.9,0.0
2020-02-11,9.831,11.9,0.0,11.9,0.0,0.0,0.0,0.0,11.9,11.9,11.9,0.0
2020-02-12,9.831,11.9,0.0,11.9,0.0,0.0,0.0,0.0,11.9,11.9,11.9,0.0
2020-02-13,9.831,11.9,0.0,11.9,0.0,0.0,0.0,0.0,11.9,11.9,11.9,0.0
2020-02-14,9.831,11.9,0.0,11.9,0.0,0.0,0.0,0.0,11.9,11.9,11.9,0.0
2020-02-17,9.831,11.9,0.0,11.9,0.0,0.0,0.0,0.0,11.9,11.9,11.9,0.0
2020-02-18,9.831,11.9,0.0,11.9,0.0,0.0,0.0,0.0,11.9,11.9,11.9,0.0
2020-02-19,9.831,11.9,0.0,11.9,0.0,0.0,0.0,0.0,11.9,11.9,11.9,0.0
2020-02-20,9.831,11.9,0.0,11.9,0.0,0.0,0.0,0.0,11.9,11.9,11.9,0.0
2020-02-21,9.831,11.9,0.0,11.9,0.0,0.0,0.0,0.0,11.9,11.9,11.9,0.0
2020-02-24,9.831,11.9,0.0,11.9,0.0,0.0,0.0,0.0,11.9,11.9,11.9,0.0
2020-02-25,9.831,11.9,0.0,11.9,0.0,0.0,0.0,0.0,11.9,11.9,11.9,0.0
2020-02-26,9.831,11.9,0.0,11.9,0.0,0.0,0.0,0.0,11.9,11.9,11.9,0.0
2020-02-27,9.831,11.9,0.0,11.9,0.0,0.0,0.0,0.0,11.9,11.9,11.9,0.0
2020-02-28,9.831,11.9,0.0,11.9,0.0,0.0,0.0,0.0,11.9,11.9,11.9,0.0
2020-03-02,9.831,11.9,0.0,11.9,0.0,0.0,0.0,0.0,11.9,11.9,11.9,0.0
2020-03-03,11.235,13.6,14.2857,13.6,1000.0,13600000.0,0.0,0.0,13.6,13.6,13.6,1000.0
2020-03-04,11.235,13.6,0.0,13.6,0.0,0.0,0.0,0.0,13.6,13.6,13.6,0.0
2020-03-05,11.235,13.6,0.0,13.6,0.0,0.0,0.0,0.0,13.6,13.6,13.6,0.0
2020-03-06,12.888,15.6,14.7059,15.2,400.0,6080000.0,0.0,0.0,14.0,15.6,14.0,400.0
2020-03-09,12.392,15.0,-1.3158,15.0,1000.0,15000000.0,0.0,0.0,15.0,15.0,15.0,1000.0
2020-03-10,12.392,15.0,0.0,15.0,0.0,0.0,0.0,0.0,15.0,15.0,15.0,0.0
2020-03-11,12.392,15.0,0.0,15.0,200.0,3000000.0,0.0,0.0,15.0,15.0,15.0,200.0
2020-03-12,12.392,15.0,0.0,15.0,2500.0,37500000.0,0.0,0.0,15.0,15.0,15.0,2500.0
2020-03-13,12.392,15.0,0.0,15.0,0.0,0.0,0.0,0.0,15.0,15.0,15.0,0.0
2020-03-16,12.392,15.0,0.0,15.0,100.0,1500000.0,0.0,0.0,15.0,15.0,15.0,100.0
2020-03-17,12.392,15.0,0.0,15.0,0.0,0.0,0.0,0.0,15.0,15.0,15.0,0.0
2020-03-18,12.392,15.0,0.0,15.0,0.0,0.0,0.0,0.0,15.0,15.0,15.0,0.0
2020-03-19,12.392,15.0,0.0,15.0,2500.0,37500000.0,0.0,0.0,15.0,15.0,15.0,2500.0
2020-03-20,12.392,15.0,0.0,15.0,0.0,0.0,0.0,0.0,15.0,15.0,15.0,0.0
2020-03-23,12.392,15.0,0.0,15.0,400.0,6000000.0,0.0,0.0,15.0,15.0,15.0,400.0
2020-03-24,12.392,15.0,0.0,15.0,0.0,0.0,0.0,0.0,15.0,15.0,15.0,0.0
2020-03-25,12.392,15.0,0.0,15.0,0.0,0.0,0.0,0.0,15.0,15.0,15.0,0.0
2020-03-26,12.392,15.0,0.0,15.0,2000.0,30000000.0,0.0,0.0,15.0,15.0,15.0,2000.0
2020-03-27,12.392,15.0,0.0,15.0,0.0,0.0,0.0,0.0,15.0,15.0,15.0,0.0
2020-03-30,12.392,15.0,0.0,15.0,0.0,0.0,0.0,0.0,15.0,15.0,15.0,0.0
2020-03-31,12.392,15.0,0.0,15.0,0.0,0.0,0.0,0.0,15.0,15.0,15.0,0.0
2020-04-01,12.392,15.0,0.0,15.0,0.0,0.0,0.0,0.0,15.0,15.0,15.0,0.0
2020-04-03,12.392,15.0,0.0,15.0,0.0,0.0,0.0,0.0,15.0,15.0,15.0,0.0
2020-04-06,12.392,15.0,0.0,15.0,0.0,0.0,0.0,0.0,15.0,15.0,15.0,0.0
2020-04-07,12.392,15.0,0.0,15.0,0.0,0.0,0.0,0.0,15.0,15.0,15.0,0.0
2020-04-08,12.392,15.0,0.0,15.0,0.0,0.0,0.0,0.0,15.0,15.0,15.0,0.0
2020-04-09,12.392,15.0,0.0,15.0,0.0,0.0,0.0,0.0,15.0,15.0,15.0,0.0
2020-04-10,12.392,15.0,0.0,15.0,0.0,0.0,0.0,0.0,15.0,15.0,15.0,0.0
2020-04-13,12.392,15.0,0.0,15.0,0.0,0.0,0.0,0.0,15.0,15.0,15.0,0.0
2020-04-14,12.392,15.0,0.0,15.0,0.0,0.0,0.0,0.0,15.0,15.0,15.0,0.0
2020-04-15,12.392,14.0,0.0,14.0,0.0,0.0,0.0,0.0,14.0,14.0,14.0,0.0
2020-04-16,12.392,14.0,0.0,14.0,100.0,1400000.0,0.0,0.0,14.0,14.0,14.0,100.0
2020-04-17,13.72,15.5,10.7143,15.5,3500.0,54250000.0,0.0,0.0,15.5,15.5,15.5,3500.0
2020-04-20,13.72,15.5,0.0,15.5,0.0,0.0,0.0,0.0,15.5,15.5,15.5,0.0
2020-04-21,12.392,14.0,-9.6774,14.0,100.0,1400000.0,0.0,0.0,14.0,14.0,14.0,100.0
2020-04-22,12.392,14.0,0.0,14.0,0.0,0.0,0.0,0.0,14.0,14.0,14.0,0.0
2020-04-23,12.392,14.0,0.0,14.0,0.0,0.0,0.0,0.0,14.0,14.0,14.0,0.0
2020-04-24,12.392,14.0,0.0,14.0,0.0,0.0,0.0,0.0,14.0,14.0,14.0,0.0
2020-04-27,12.392,14.0,0.0,14.0,0.0,0.0,0.0,0.0,14.0,14.0,14.0,0.0
2020-04-28,12.392,14.0,0.0,14.0,0.0,0.0,0.0,0.0,14.0,14.0,14.0,0.0
2020-04-29,12.392,14.0,0.0,14.0,0.0,0.0,0.0,0.0,14.0,14.0,14.0,0.0
2020-05-04,12.392,14.0,0.0,14.0,0.0,0.0,0.0,0.0,14.0,14.0,14.0,0.0
2020-05-05,12.392,14.0,0.0,14.0,0.0,0.0,0.0,0.0,14.0,14.0,14.0,0.0
2020-05-06,12.392,14.0,0.0,14.0,0.0,0.0,0.0,0.0,14.0,14.0,14.0,0.0
2020-05-07,12.392,14.0,0.0,14.0,0.0,0.0,0.0,0.0,14.0,14.0,14.0,0.0
2020-05-08,12.392,14.0,0.0,14.0,5000.0,70000000.0,0.0,0.0,14.0,14.0,14.0,5000.0
2020-05-11,12.392,14.0,0.0,14.0,0.0,0.0,0.0,0.0,14.0,14.0,14.0,0.0
2020-05-12,12.392,14.0,0.0,14.0,0.0,0.0,0.0,0.0,14.0,14.0,14.0,0.0
2020-05-13,12.392,14.0,0.0,14.0,0.0,0.0,0.0,0.0,14.0,14.0,14.0,0.0
2020-05-14,12.392,14.0,0.0,14.0,100.0,1400000.0,0.0,0.0,14.0,14.0,14.0,100.0
2020-05-15,12.392,14.0,0.0,14.0,0.0,0.0,0.0,0.0,14.0,14.0,14.0,0.0
2020-05-18,12.392,14.0,0.0,14.0,0.0,0.0,0.0,0.0,14.0,14.0,14.0,0.0
2020-05-19,12.392,14.0,0.0,14.0,0.0,0.0,0.0,0.0,14.0,14.0,14.0,0.0
2020-05-20,12.392,14.0,0.0,14.0,0.0,0.0,0.0,0.0,14.0,14.0,14.0,0.0
2020-05-21,12.392,14.0,0.0,14.0,0.0,0.0,0.0,0.0,14.0,14.0,14.0,0.0
2020-05-22,12.392,14.0,0.0,14.0,0.0,0.0,0.0,0.0,14.0,14.0,14.0,0.0
2020-05-25,12.392,14.0,0.0,14.0,0.0,0.0,0.0,0.0,14.0,14.0,14.0,0.0
2020-05-26,12.392,14.0,0.0,14.0,0.0,0.0,0.0,0.0,14.0,14.0,14.0,0.0
2020-05-27,12.392,14.0,0.0,14.0,0.0,0.0,0.0,0.0,14.0,14.0,14.0,0.0
2020-05-28,12.392,14.0,0.0,14.0,0.0,0.0,0.0,0.0,14.0,14.0,14.0,0.0
2020-05-29,12.392,14.0,0.0,14.0,0.0,0.0,0.0,0.0,14.0,14.0,14.0,0.0
2020-06-01,12.392,14.0,0.0,14.0,0.0,0.0,0.0,0.0,14.0,14.0,14.0,0.0
2020-06-02,12.392,14.0,0.0,14.0,0.0,0.0,0.0,0.0,14.0,14.0,14.0,0.0
2020-06-03,12.392,14.0,0.0,14.0,0.0,0.0,0.0,0.0,14.0,14.0,14.0,0.0
2020-06-04,12.392,14.0,0.0,14.0,0.0,0.0,0.0,0.0,14.0,14.0,14.0,0.0
2020-06-05,12.392,14.0,0.0,14.0,0.0,0.0,0.0,0.0,14.0,14.0,14.0,0.0
2020-06-08,12.392,14.0,0.0,14.0,0.0,0.0,0.0,0.0,14.0,14.0,14.0,0.0
2020-06-09,12.392,14.0,0.0,14.0,0.0,0.0,0.0,0.0,14.0,14.0,14.0,0.0
2020-06-10,12.392,14.0,0.0,14.0,0.0,0.0,0.0,0.0,14.0,14.0,14.0,0.0
2020-06-11,12.392,14.0,0.0,14.0,0.0,0.0,0.0,0.0,14.0,14.0,14.0,0.0
2020-06-12,12.392,14.0,0.0,14.0,0.0,0.0,0.0,0.0,14.0,14.0,14.0,0.0
2020-06-15,12.392,14.0,0.0,14.0,0.0,0.0,0.0,0.0,14.0,14.0,14.0,0.0
2020-06-16,12.392,14.0,0.0,14.0,0.0,0.0,0.0,0.0,14.0,14.0,14.0,0.0
2020-06-17,12.392,14.0,0.0,14.0,0.0,0.0,0.0,0.0,14.0,14.0,14.0,0.0
2020-06-18,12.392,14.0,0.0,14.0,0.0,0.0,0.0,0.0,14.0,14.0,14.0,0.0
2020-06-19,12.392,14.0,0.0,14.0,0.0,0.0,0.0,0.0,14.0,14.0,14.0,0.0
2020-06-22,12.392,14.0,0.0,14.0,0.0,0.0,0.0,0.0,14.0,14.0,14.0,0.0
2020-06-23,12.392,14.0,0.0,14.0,0.0,0.0,0.0,0.0,14.0,14.0,14.0,0.0
2020-06-24,12.392,14.0,0.0,14.0,0.0,0.0,0.0,0.0,14.0,14.0,14.0,0.0
2020-06-25,12.392,14.0,0.0,14.0,0.0,0.0,0.0,0.0,14.0,14.0,14.0,0.0
2020-06-26,12.392,14.0,0.0,14.0,0.0,0.0,0.0,0.0,14.0,14.0,14.0,0.0
2020-06-29,12.392,14.0,0.0,14.0,0.0,0.0,0.0,0.0,14.0,14.0,14.0,0.0
2020-06-30,12.392,14.0,0.0,14.0,0.0,0.0,0.0,0.0,14.0,14.0,14.0,0.0
2020-07-01,12.392,14.0,0.0,14.0,0.0,0.0,0.0,0.0,14.0,14.0,14.0,0.0
2020-07-02,12.392,14.0,0.0,14.0,0.0,0.0,0.0,0.0,14.0,14.0,14.0,0.0
2020-07-03,12.392,14.0,0.0,14.0,0.0,0.0,0.0,0.0,14.0,14.0,14.0,0.0
2020-07-06,12.392,14.0,0.0,14.0,0.0,0.0,0.0,0.0,14.0,14.0,14.0,0.0
2020-07-07,14.162,16.0,14.2857,16.0,3600.0,57600000.0,0.0,0.0,16.0,16.0,16.0,3600.0
2020-07-08,14.162,16.0,0.0,16.0,0.0,0.0,0.0,0.0,16.0,16.0,16.0,0.0
2020-07-09,14.162,16.0,0.0,16.0,0.0,0.0,0.0,0.0,16.0,16.0,16.0,0.0
2020-07-10,14.162,16.0,0.0,16.0,300.0,4800000.0,0.0,0.0,16.0,16.0,16.0,300.0
2020-07-13,14.605,16.5,3.125,16.5,1000.0,16500000.0,0.0,0.0,16.5,16.5,16.5,1000.0
2020-07-14,14.605,16.5,0.0,16.5,0.0,0.0,0.0,0.0,16.5,16.5,16.5,0.0
2020-07-15,14.605,16.5,0.0,16.5,0.0,0.0,0.0,0.0,16.5,16.5,16.5,0.0
2020-07-16,14.605,16.5,0.0,16.5,0.0,0.0,0.0,0.0,16.5,16.5,16.5,0.0
2020-07-17,14.605,16.5,0.0,16.5,0.0,0.0,0.0,0.0,16.5,16.5,16.5,0.0
2020-07-20,14.605,16.5,0.0,16.5,0.0,0.0,0.0,0.0,16.5,16.5,16.5,0.0
2020-07-21,14.605,16.5,0.0,16.5,0.0,0.0,0.0,0.0,16.5,16.5,16.5,0.0
2020-07-22,14.605,16.5,0.0,16.5,0.0,0.0,0.0,0.0,16.5,16.5,16.5,0.0
2020-07-23,14.605,16.5,0.0,16.5,0.0,0.0,15060.0,212346000.0,16.5,16.5,16.5,15060.0
2020-07-24,14.605,16.5,0.0,16.5,0.0,0.0,0.0,0.0,16.5,16.5,16.5,0.0
2020-07-27,14.605,16.5,0.0,16.5,0.0,0.0,0.0,0.0,16.5,16.5,16.5,0.0
2020-07-28,14.605,16.5,0.0,16.5,0.0,0.0,0.0,0.0,16.5,16.5,16.5,0.0
2020-07-29,14.605,16.5,0.0,16.5,0.0,0.0,0.0,0.0,16.5,16.5,16.5,0.0
2020-07-30,14.605,16.5,0.0,16.5,0.0,0.0,0.0,0.0,16.5,16.5,16.5,0.0
2020-07-31,14.605,16.5,0.0,16.5,0.0,0.0,0.0,0.0,16.5,16.5,16.5,0.0
2020-08-03,14.605,16.5,0.0,16.5,0.0,0.0,0.0,0.0,16.5,16.5,16.5,0.0
2020-08-04,14.605,16.5,0.0,16.5,0.0,0.0,0.0,0.0,16.5,16.5,16.5,0.0
2020-08-05,14.605,16.5,0.0,16.5,0.0,0.0,0.0,0.0,16.5,16.5,16.5,0.0
2020-08-06,14.605,16.5,0.0,16.5,0.0,0.0,0.0,0.0,16.5,16.5,16.5,0.0
2020-08-07,14.605,16.5,0.0,16.5,0.0,0.0,0.0,0.0,16.5,16.5,16.5,0.0
2020-08-10,14.605,16.5,0.0,16.5,0.0,0.0,0.0,0.0,16.5,16.5,16.5,0.0
2020-08-11,14.605,16.5,0.0,16.5,0.0,0.0,0.0,0.0,16.5,16.5,16.5,0.0
2020-08-12,14.605,16.5,0.0,16.5,0.0,0.0,0.0,0.0,16.5,16.5,16.5,0.0
2020-08-13,14.605,16.5,0.0,16.5,0.0,0.0,0.0,0.0,16.5,16.5,16.5,0.0
2020-08-14,14.605,16.5,0.0,16.5,0.0,0.0,0.0,0.0,16.5,16.5,16.5,0.0
2020-08-17,14.605,16.5,0.0,16.5,0.0,0.0,0.0,0.0,16.5,16.5,16.5,0.0
2020-08-18,14.605,16.5,0.0,16.5,0.0,0.0,0.0,0.0,16.5,16.5,16.5,0.0
2020-08-19,14.605,16.5,0.0,16.5,0.0,0.0,0.0,0.0,16.5,16.5,16.5,0.0
2020-08-20,14.605,16.5,0.0,16.5,0.0,0.0,0.0,0.0,16.5,16.5,16.5,0.0
2020-08-21,14.605,16.5,0.0,16.5,0.0,0.0,0.0,0.0,16.5,16.5,16.5,0.0
2020-08-24,14.605,16.5,0.0,16.5,0.0,0.0,0.0,0.0,16.5,16.5,16.5,0.0
2020-08-25,14.605,16.5,0.0,16.5,0.0,0.0,0.0,0.0,16.5,16.5,16.5,0.0
2020-08-26,14.605,16.5,0.0,16.5,0.0,0.0,0.0,0.0,16.5,16.5,16.5,0.0
2020-08-27,14.605,16.5,0.0,16.5,0.0,0.0,0.0,0.0,16.5,16.5,16.5,0.0
2020-08-28,14.605,16.5,0.0,16.5,0.0,0.0,0.0,0.0,16.5,16.5,16.5,0.0
2020-08-31,14.605,16.5,0.0,16.5,0.0,0.0,0.0,0.0,16.5,16.5,16.5,0.0
2020-09-01,14.605,16.5,0.0,16.5,0.0,0.0,0.0,0.0,16.5,16.5,16.5,0.0
2020-09-03,14.605,16.5,0.0,16.5,0.0,0.0,0.0,0.0,16.5,16.5,16.5,0.0
2020-09-04,14.605,16.5,0.0,16.5,0.0,0.0,0.0,0.0,16.5,16.5,16.5,0.0
2020-09-07,14.605,16.5,0.0,16.5,0.0,0.0,0.0,0.0,16.5,16.5,16.5,0.0
2020-09-08,15.047,17.0,3.0303,17.0,300.0,5100000.0,0.0,0.0,17.0,17.0,17.0,300.0
2020-09-09,15.047,17.0,0.0,17.0,0.0,0.0,0.0,0.0,17.0,17.0,17.0,0.0
2020-09-10,14.782,16.7,-1.7647,16.7,2200.0,36740000.0,0.0,0.0,16.7,16.7,16.7,2200.0
2020-09-11,14.782,16.7,0.0,16.7,0.0,0.0,0.0,0.0,16.7,16.7,16.7,0.0
2020-09-14,14.782,16.7,0.0,16.7,0.0,0.0,0.0,0.0,16.7,16.7,16.7,0.0
2020-09-15,14.782,16.7,0.0,16.7,0.0,0.0,0.0,0.0,16.7,16.7,16.7,0.0
2020-09-16,14.782,16.7,0.0,16.7,0.0,0.0,0.0,0.0,16.7,16.7,16.7,0.0
2020-09-17,14.605,16.5,-1.1976,16.5,1000.0,16500000.0,0.0,0.0,16.5,16.5,16.5,1000.0
2020-09-18,14.605,16.5,0.0,16.5,0.0,0.0,0.0,0.0,16.5,16.5,16.5,0.0
2020-09-21,14.605,16.5,0.0,16.5,0.0,0.0,0.0,0.0,16.5,16.5,16.5,0.0
2020-09-22,14.605,16.5,0.0,16.5,0.0,0.0,0.0,0.0,16.5,16.5,16.5,0.0
2020-09-23,14.605,16.5,0.0,16.5,0.0,0.0,0.0,0.0,16.5,16.5,16.5,0.0
2020-09-24,14.605,16.5,0.0,16.5,0.0,0.0,0.0,0.0,16.5,16.5,16.5,0.0
2020-09-25,14.605,16.5,0.0,16.5,0.0,0.0,0.0,0.0,16.5,16.5,16.5,0.0
2020-09-28,14.605,16.5,0.0,16.5,0.0,0.0,0.0,0.0,16.5,16.5,16.5,0.0
2020-09-29,14.605,16.5,0.0,16.5,0.0,0.0,0.0,0.0,16.5,16.5,16.5,0.0
2020-09-30,14.605,16.5,0.0,16.5,0.0,0.0,0.0,0.0,16.5,16.5,16.5,0.0
2020-10-01,14.605,16.5,0.0,16.5,0.0,0.0,0.0,0.0,16.5,16.5,16.5,0.0
2020-10-02,14.605,16.5,0.0,16.5,0.0,0.0,0.0,0.0,16.5,16.5,16.5,0.0
2020-10-05,14.605,16.5,0.0,16.5,0.0,0.0,0.0,0.0,16.5,16.5,16.5,0.0
2020-10-06,14.605,16.5,0.0,16.5,0.0,0.0,0.0,0.0,16.5,16.5,16.5,0.0
2020-10-07,14.605,16.5,0.0,16.5,0.0,0.0,0.0,0.0,16.5,16.5,16.5,0.0
2020-10-08,16.729,18.9,14.5455,18.9,1000.0,18900000.0,0.0,0.0,18.9,18.9,18.9,1000.0
2020-10-09,16.729,18.9,0.0,18.9,0.0,0.0,0.0,0.0,18.9,18.9,18.9,0.0
2020-10-12,16.729,18.9,0.0,18.9,0.0,0.0,0.0,0.0,18.9,18.9,18.9,0.0
2020-10-13,16.729,18.9,0.0,18.9,0.0,0.0,0.0,0.0,18.9,18.9,18.9,0.0
2020-10-14,16.729,18.9,0.0,18.9,0.0,0.0,0.0,0.0,18.9,18.9,18.9,0.0
2020-10-15,16.729,18.9,0.0,18.9,0.0,0.0,0.0,0.0,18.9,18.9,18.9,0.0
2020-10-16,16.729,18.9,0.0,18.9,0.0,0.0,0.0,0.0,18.9,18.9,18.9,0.0
2020-10-19,16.729,18.9,0.0,18.9,0.0,0.0,0.0,0.0,18.9,18.9,18.9,0.0
2020-10-20,16.729,18.9,0.0,18.9,0.0,0.0,0.0,0.0,18.9,18.9,18.9,0.0
2020-10-21,16.729,18.9,0.0,18.9,0.0,0.0,0.0,0.0,18.9,18.9,18.9,0.0
2020-10-22,16.729,18.9,0.0,18.9,0.0,0.0,0.0,0.0,18.9,18.9,18.9,0.0
2020-10-23,16.729,18.9,0.0,18.9,0.0,0.0,0.0,0.0,18.9,18.9,18.9,0.0
2020-10-26,16.729,18.9,0.0,18.9,0.0,0.0,0.0,0.0,18.9,18.9,18.9,0.0
2020-10-27,16.729,18.9,0.0,18.9,0.0,0.0,0.0,0.0,18.9,18.9,18.9,0.0
2020-10-28,16.729,18.9,0.0,18.9,0.0,0.0,0.0,0.0,18.9,18.9,18.9,0.0
2020-10-29,16.729,18.9,0.0,18.9,0.0,0.0,0.0,0.0,18.9,18.9,18.9,0.0
2020-10-30,16.729,18.9,0.0,18.9,0.0,0.0,0.0,0.0,18.9,18.9,18.9,0.0
2020-11-02,16.729,18.9,0.0,18.9,0.0,0.0,0.0,0.0,18.9,18.9,18.9,0.0
2020-11-03,16.729,18.9,0.0,18.9,0.0,0.0,0.0,0.0,18.9,18.9,18.9,0.0
2020-11-04,16.729,18.9,0.0,18.9,0.0,0.0,0.0,0.0,18.9,18.9,18.9,0.0
2020-11-05,16.729,18.9,0.0,18.9,0.0,0.0,0.0,0.0,18.9,18.9,18.9,0.0
2020-11-06,16.729,18.9,0.0,18.9,0.0,0.0,0.0,0.0,18.9,18.9,18.9,0.0
2020-11-09,16.729,18.9,0.0,18.9,0.0,0.0,0.0,0.0,18.9,18.9,18.9,0.0
2020-11-10,16.729,18.9,0.0,18.9,0.0,0.0,0.0,0.0,18.9,18.9,18.9,0.0
2020-11-11,16.729,18.9,0.0,18.9,0.0,0.0,0.0,0.0,18.9,18.9,18.9,0.0
2020-11-12,16.729,18.9,0.0,18.9,0.0,0.0,0.0,0.0,18.9,18.9,18.9,0.0
2020-11-13,16.729,18.9,0.0,18.9,0.0,0.0,0.0,0.0,18.9,18.9,18.9,0.0
2020-11-16,16.729,18.9,0.0,18.9,0.0,0.0,0.0,0.0,18.9,18.9,18.9,0.0
2020-11-17,16.729,18.9,0.0,18.9,0.0,0.0,0.0,0.0,18.9,18.9,18.9,0.0
2020-11-18,16.729,18.9,0.0,18.9,0.0,0.0,0.0,0.0,18.9,18.9,18.9,0.0
2020-11-19,16.729,18.9,0.0,18.9,0.0,0.0,0.0,0.0,18.9,18.9,18.9,0.0
2020-11-20,16.729,18.9,0.0,18.9,0.0,0.0,0.0,0.0,18.9,18.9,18.9,0.0
2020-11-23,16.729,18.9,0.0,18.9,0.0,0.0,0.0,0.0,18.9,18.9,18.9,0.0
2020-11-24,16.729,18.9,0.0,18.9,0.0,0.0,0.0,0.0,18.9,18.9,18.9,0.0
2020-11-25,16.729,18.9,0.0,18.9,0.0,0.0,0.0,0.0,18.9,18.9,18.9,0.0
2020-11-26,16.729,18.9,0.0,18.9,0.0,0.0,0.0,0.0,18.9,18.9,18.9,0.0
2020-11-27,16.729,18.9,0.0,18.9,0.0,0.0,0.0,0.0,18.9,18.9,18.9,0.0
2020-11-30,16.729,18.9,0.0,18.9,0.0,0.0,0.0,0.0,18.9,18.9,18.9,0.0
2020-12-01,16.729,18.9,0.0,18.9,0.0,0.0,0.0,0.0,18.9,18.9,18.9,0.0
2020-12-02,16.729,18.9,0.0,18.9,0.0,0.0,0.0,0.0,18.9,18.9,18.9,0.0
2020-12-03,16.729,18.9,0.0,18.9,0.0,0.0,0.0,0.0,18.9,18.9,18.9,0.0
2020-12-04,16.729,18.9,0.0,18.9,0.0,0.0,0.0,0.0,18.9,18.9,18.9,0.0
2020-12-07,16.729,18.9,0.0,18.9,0.0,0.0,0.0,0.0,18.9,18.9,18.9,0.0
2020-12-08,16.729,18.9,0.0,18.9,0.0,0.0,0.0,0.0,18.9,18.9,18.9,0.0
2020-12-09,16.729,18.9,0.0,18.9,0.0,0.0,0.0,0.0,18.9,18.9,18.9,0.0
2020-12-10,16.729,18.9,0.0,18.9,0.0,0.0,0.0,0.0,18.9,18.9,18.9,0.0
2020-12-11,16.729,18.9,0.0,18.9,0.0,0.0,0.0,0.0,18.9,18.9,18.9,0.0
2020-12-14,16.729,18.9,0.0,18.9,0.0,0.0,0.0,0.0,18.9,18.9,18.9,0.0
2020-12-15,16.729,18.9,0.0,18.9,0.0,0.0,0.0,0.0,18.9,18.9,18.9,0.0
2020-12-16,16.729,18.9,0.0,18.9,0.0,0.0,0.0,0.0,18.9,18.9,18.9,0.0
2020-12-17,16.729,18.9,0.0,18.9,0.0,0.0,0.0,0.0,18.9,18.9,18.9,0.0
2020-12-18,16.729,18.9,0.0,18.9,0.0,0.0,0.0,0.0,18.9,18.9,18.9,0.0
2020-12-21,16.729,18.9,0.0,18.9,0.0,0.0,0.0,0.0,18.9,18.9,18.9,0.0
2020-12-22,16.729,18.9,0.0,18.9,0.0,0.0,0.0,0.0,18.9,18.9,18.9,0.0
2020-12-23,16.729,18.9,0.0,18.9,0.0,0.0,0.0,0.0,18.9,18.9,18.9,0.0
2020-12-24,16.729,18.9,0.0,18.9,0.0,0.0,0.0,0.0,18.9,18.9,18.9,0.0
2020-12-25,16.729,18.9,0.0,18.9,0.0,0.0,0.0,0.0,18.9,18.9,18.9,0.0
2020-12-28,16.729,18.9,0.0,18.9,0.0,0.0,0.0,0.0,18.9,18.9,18.9,0.0
2020-12-29,16.729,18.9,0.0,18.9,0.0,0.0,0.0,0.0,18.9,18.9,18.9,0.0
2020-12-30,16.729,18.9,0.0,18.9,0.0,0.0,0.0,0.0,18.9,18.9,18.9,0.0
2020-12-31,16.729,18.9,0.0,18.9,0.0,0.0,0.0,0.0,18.9,18.9,18.9,0.0
2021-01-04,16.729,18.9,0.0,18.9,0.0,0.0,0.0,0.0,18.9,18.9,18.9,0.0
2021-01-05,16.729,18.9,0.0,18.9,0.0,0.0,0.0,0.0,18.9,18.9,18.9,0.0
2021-01-06,16.729,18.9,0.0,18.9,0.0,0.0,0.0,0.0,18.9,18.9,18.9,0.0
2021-01-07,16.729,18.9,0.0,18.9,0.0,0.0,0.0,0.0,18.9,18.9,18.9,0.0
2021-01-08,16.729,18.9,0.0,18.9,0.0,0.0,0.0,0.0,18.9,18.9,18.9,0.0
2021-01-11,16.729,18.9,0.0,18.9,0.0,0.0,0.0,0.0,18.9,18.9,18.9,0.0
2021-01-12,16.729,18.9,0.0,18.9,0.0,0.0,0.0,0.0,18.9,18.9,18.9,0.0
2021-01-13,16.729,18.9,0.0,18.9,0.0,0.0,0.0,0.0,18.9,18.9,18.9,0.0
2021-01-14,16.729,18.9,0.0,18.9,0.0,0.0,0.0,0.0,18.9,18.9,18.9,0.0
2021-01-15,16.729,18.9,0.0,18.9,0.0,0.0,0.0,0.0,18.9,18.9,18.9,0.0
2021-01-18,16.729,18.9,0.0,18.9,0.0,0.0,0.0,0.0,18.9,18.9,18.9,0.0
2021-01-19,16.729,18.9,0.0,18.9,0.0,0.0,0.0,0.0,18.9,18.9,18.9,0.0
2021-01-20,16.729,18.9,0.0,18.9,0.0,0.0,0.0,0.0,18.9,18.9,18.9,0.0
2021-01-21,16.729,18.9,0.0,18.9,0.0,0.0,0.0,0.0,18.9,18.9,18.9,0.0
2021-01-22,16.729,18.9,0.0,18.9,0.0,0.0,0.0,0.0,18.9,18.9,18.9,0.0
2021-01-25,16.729,18.9,0.0,18.9,0.0,0.0,0.0,0.0,18.9,18.9,18.9,0.0
2021-01-26,16.729,18.9,0.0,18.9,0.0,0.0,0.0,0.0,18.9,18.9,18.9,0.0
2021-01-27,16.729,18.9,0.0,18.9,0.0,0.0,0.0,0.0,18.9,18.9,18.9,0.0
2021-01-28,16.729,18.9,0.0,18.9,0.0,0.0,0.0,0.0,18.9,18.9,18.9,0.0
2021-01-29,16.729,18.9,0.0,18.9,0.0,0.0,0.0,0.0,18.9,18.9,18.9,0.0
2021-02-01,16.729,18.9,0.0,18.9,0.0,0.0,0.0,0.0,18.9,18.9,18.9,0.0
2021-02-02,16.729,18.9,0.0,18.9,0.0,0.0,0.0,0.0,18.9,18.9,18.9,0.0
2021-02-03,17.703,20.0,5.8201,20.0,300.0,6000000.0,0.0,0.0,20.0,20.0,20.0,300.0
2021-02-04,17.703,20.0,0.0,20.0,0.0,0.0,0.0,0.0,20.0,20.0,20.0,0.0
2021-02-05,17.703,20.0,0.0,20.0,0.0,0.0,0.0,0.0,20.0,20.0,20.0,0.0
2021-02-08,17.703,20.0,0.0,20.0,0.0,0.0,0.0,0.0,20.0,20.0,20.0,0.0
2021-02-09,17.703,20.0,0.0,20.0,0.0,0.0,0.0,0.0,20.0,20.0,20.0,0.0
2021-02-17,17.703,20.0,0.0,20.0,0.0,0.0,0.0,0.0,20.0,20.0,20.0,0.0
2021-02-18,17.703,20.0,0.0,20.0,0.0,0.0,0.0,0.0,20.0,20.0,20.0,0.0
2021-02-19,17.703,20.0,0.0,20.0,0.0,0.0,0.0,0.0,20.0,20.0,20.0,0.0
2021-02-22,17.703,20.0,0.0,20.0,0.0,0.0,0.0,0.0,20.0,20.0,20.0,0.0
2021-02-23,17.703,20.0,0.0,20.0,0.0,0.0,0.0,0.0,20.0,20.0,20.0,0.0
2021-02-24,17.703,20.0,0.0,20.0,0.0,0.0,0.0,0.0,20.0,20.0,20.0,0.0
2021-02-25,17.703,20.0,0.0,20.0,0.0,0.0,0.0,0.0,20.0,20.0,20.0,0.0
2021-02-26,17.703,20.0,0.0,20.0,0.0,0.0,0.0,0.0,20.0,20.0,20.0,0.0
2021-03-01,17.703,20.0,0.0,20.0,0.0,0.0,0.0,0.0,20.0,20.0,20.0,0.0
2021-03-02,17.703,20.0,0.0,20.0,0.0,0.0,0.0,0.0,20.0,20.0,20.0,0.0
2021-03-03,17.703,20.0,0.0,20.0,0.0,0.0,0.0,0.0,20.0,20.0,20.0,0.0
2021-03-04,17.703,20.0,0.0,20.0,0.0,0.0,0.0,0.0,20.0,20.0,20.0,0.0
2021-03-05,17.703,20.0,0.0,20.0,0.0,0.0,0.0,0.0,20.0,20.0,20.0,0.0
2021-03-08,17.703,20.0,0.0,20.0,0.0,0.0,0.0,0.0,20.0,20.0,20.0,0.0
2021-03-09,17.703,20.0,0.0,20.0,0.0,0.0,0.0,0.0,20.0,20.0,20.0,0.0
2021-03-10,17.703,20.0,0.0,20.0,1000.0,20000000.0,0.0,0.0,20.0,20.0,20.0,1000.0
2021-03-11,17.703,20.0,0.0,20.0,0.0,0.0,0.0,0.0,20.0,20.0,20.0,0.0
2021-03-12,18.588,21.0,5.0,20.846,1300.0,27100000.0,0.0,0.0,21.0,21.0,20.0,1300.0
2021-03-15,18.411,20.8,0.0,20.8,0.0,0.0,0.0,0.0,20.8,20.8,20.8,0.0
2021-03-16,18.411,20.8,0.0,20.8,0.0,0.0,0.0,0.0,20.8,20.8,20.8,0.0
2021-03-17,18.942,21.4,2.8846,21.2,2000.0,42400000.0,0.0,0.0,21.0,21.4,21.0,2000.0
2021-03-18,18.765,21.2,0.0,21.2,200.0,4240000.0,0.0,0.0,21.2,21.2,21.2,200.0
2021-03-19,18.588,21.0,-0.9434,21.0,1000.0,21000000.0,0.0,0.0,21.0,21.0,21.0,1000.0
2021-03-22,18.588,21.0,0.0,21.0,0.0,0.0,0.0,0.0,21.0,21.0,21.0,0.0
2021-03-23,18.588,21.0,0.0,21.0,0.0,0.0,0.0,0.0,21.0,21.0,21.0,0.0
2021-03-24,18.588,21.0,0.0,21.0,0.0,0.0,0.0,0.0,21.0,21.0,21.0,0.0
2021-03-25,18.588,21.0,0.0,21.0,0.0,0.0,0.0,0.0,21.0,21.0,21.0,0.0
2021-03-26,18.588,21.0,0.0,21.0,0.0,0.0,0.0,0.0,21.0,21.0,21.0,0.0
2021-03-29,17.703,20.0,-4.7619,20.0,2000.0,40000000.0,0.0,0.0,20.0,20.0,20.0,2000.0
2021-03-30,17.703,20.0,0.0,20.0,10700.0,214000000.0,0.0,0.0,20.0,20.0,20.0,10700.0
2021-03-31,17.703,20.0,0.0,20.0,0.0,0.0,0.0,0.0,20.0,20.0,20.0,0.0
2021-04-01,17.703,20.0,0.0,20.0,0.0,0.0,0.0,0.0,20.0,20.0,20.0,0.0
2021-04-02,17.703,20.0,0.0,20.0,300.0,6000000.0,0.0,0.0,20.0,20.0,20.0,300.0
2021-04-05,17.703,20.0,0.0,20.0,0.0,0.0,0.0,0.0,20.0,20.0,20.0,0.0
2021-04-06,17.703,20.0,0.0,20.0,0.0,0.0,0.0,0.0,20.0,20.0,20.0,0.0
2021-04-07,17.703,20.0,0.0,20.0,0.0,0.0,0.0,0.0,20.0,20.0,20.0,0.0
2021-04-08,17.703,20.0,0.0,20.0,0.0,0.0,0.0,0.0,20.0,20.0,20.0,0.0
2021-04-09,17.703,20.0,0.0,20.0,0.0,0.0,0.0,0.0,20.0,20.0,20.0,0.0
2021-04-12,19.473,22.0,10.0,21.767,4300.0,93600000.0,0.0,0.0,21.5,22.0,21.5,4300.0
2021-04-13,19.296,21.8,0.0,21.8,0.0,0.0,0.0,0.0,21.8,21.8,21.8,0.0
2021-04-14,20.358,23.0,5.5046,22.3,1000.0,22300000.0,0.0,0.0,22.0,23.0,22.0,1000.0
2021-04-15,19.739,22.3,0.0,22.3,300.0,6690000.0,0.0,0.0,22.3,22.3,22.3,300.0
2021-04-16,19.916,22.5,0.8969,22.5,1700.0,38250000.0,0.0,0.0,22.5,22.5,22.5,1700.0
2021-04-19,20.358,23.0,2.2222,23.0,1000.0,23000000.0,0.0,0.0,23.0,23.0,23.0,1000.0
2021-04-20,17.703,20.0,-13.0435,20.0,100.0,2000000.0,0.0,0.0,20.0,20.0,20.0,100.0
2021-04-22,20.358,23.0,15.0,23.0,1000.0,23000000.0,0.0,0.0,23.0,23.0,23.0,1000.0
2021-04-23,20.358,23.0,0.0,23.0,0.0,0.0,0.0,0.0,23.0,23.0,23.0,0.0
2021-04-26,20.358,23.0,0.0,23.0,0.0,0.0,0.0,0.0,23.0,23.0,23.0,0.0
2021-04-27,20.358,23.0,0.0,23.0,100.0,2300000.0,0.0,0.0,23.0,23.0,23.0,100.0
2021-04-28,20.358,23.0,0.0,23.0,0.0,0.0,0.0,0.0,23.0,23.0,23.0,0.0
2021-04-29,20.358,23.0,0.0,23.0,0.0,0.0,0.0,0.0,23.0,23.0,23.0,0.0
2021-05-04,20.358,23.0,0.0,23.0,200.0,4600000.0,0.0,0.0,23.0,23.0,23.0,200.0
2021-05-05,20.358,23.0,0.0,23.0,0.0,0.0,0.0,0.0,23.0,23.0,23.0,0.0
2021-05-06,20.358,23.0,0.0,23.0,0.0,0.0,0.0,0.0,23.0,23.0,23.0,0.0
2021-05-07,20.358,23.0,0.0,23.0,0.0,0.0,0.0,0.0,23.0,23.0,23.0,0.0
2021-05-10,20.358,23.0,0.0,23.0,0.0,0.0,0.0,0.0,23.0,23.0,23.0,0.0
2021-05-11,20.358,23.0,0.0,23.0,0.0,0.0,0.0,0.0,23.0,23.0,23.0,0.0
2021-05-12,20.358,23.0,0.0,23.0,0.0,0.0,0.0,0.0,23.0,23.0,23.0,0.0
2021-05-13,20.358,23.0,0.0,23.0,0.0,0.0,0.0,0.0,23.0,23.0,23.0,0.0
2021-05-14,20.358,23.0,0.0,23.0,0.0,0.0,0.0,0.0,23.0,23.0,23.0,0.0
2021-05-17,20.358,23.0,0.0,23.0,0.0,0.0,0.0,0.0,23.0,23.0,23.0,0.0
2021-05-18,20.358,23.0,0.0,23.0,2000.0,46000000.0,0.0,0.0,23.0,23.0,23.0,2000.0
2021-05-19,20.358,23.0,0.0,23.0,1000.0,23000000.0,0.0,0.0,23.0,23.0,23.0,1000.0
2021-05-20,20.358,23.0,0.0,23.0,1000.0,23000000.0,0.0,0.0,23.0,23.0,23.0,1000.0
2021-05-21,20.358,23.0,0.0,23.0,2000.0,46000000.0,0.0,0.0,23.0,23.0,23.0,2000.0
2021-05-24,20.358,23.0,0.0,23.0,0.0,0.0,0.0,0.0,23.0,23.0,23.0,0.0
2021-05-25,20.358,23.0,0.0,23.018,5600.0,128900000.0,0.0,0.0,23.0,23.5,23.0,5600.0
2021-05-26,20.358,23.0,0.0,23.0,0.0,0.0,0.0,0.0,23.0,23.0,23.0,0.0
2021-05-27,20.358,23.0,0.0,23.0,0.0,0.0,0.0,0.0,23.0,23.0,23.0,0.0
2021-05-28,20.358,23.0,0.0,23.0,3400.0,78200000.0,0.0,0.0,23.0,23.0,23.0,3400.0
2021-05-31,20.358,23.0,0.0,23.0,1000.0,23000000.0,0.0,0.0,23.0,23.0,23.0,1000.0
2021-06-01,20.358,23.0,0.0,23.0,0.0,0.0,0.0,0.0,23.0,23.0,23.0,0.0
2021-06-02,20.358,23.0,0.0,23.0,0.0,0.0,0.0,0.0,23.0,23.0,23.0,0.0
2021-06-03,20.358,23.0,0.0,23.0,4800.0,110400000.0,0.0,0.0,23.0,23.0,23.0,4800.0
2021-06-04,20.358,23.0,0.0,23.0,200.0,4600000.0,0.0,0.0,23.0,23.0,23.0,200.0
2021-06-07,20.358,23.0,0.0,23.0,0.0,0.0,0.0,0.0,23.0,23.0,23.0,0.0
2021-06-08,20.358,23.0,0.0,23.0,0.0,0.0,0.0,0.0,23.0,23.0,23.0,0.0
2021-06-09,20.358,23.0,0.0,23.0,0.0,0.0,0.0,0.0,23.0,23.0,23.0,0.0
2021-06-10,20.358,23.0,0.0,23.0,2200.0,50600000.0,0.0,0.0,23.0,23.0,23.0,2200.0
2021-06-11,20.358,23.0,0.0,23.0,2000.0,46000000.0,0.0,0.0,23.0,23.0,23.0,2000.0
2021-06-14,20.358,23.0,0.0,23.0,0.0,0.0,0.0,0.0,23.0,23.0,23.0,0.0
2021-06-15,20.358,23.0,0.0,23.0,0.0,0.0,0.0,0.0,23.0,23.0,23.0,0.0
2021-06-16,20.358,23.0,0.0,23.0,700.0,16100000.0,0.0,0.0,23.0,23.0,23.0,700.0
2021-06-17,20.358,23.0,0.0,23.0,0.0,0.0,0.0,0.0,23.0,23.0,23.0,0.0
2021-06-18,20.358,23.0,0.0,23.0,0.0,0.0,0.0,0.0,23.0,23.0,23.0,0.0
2021-06-21,20.358,23.0,0.0,23.0,0.0,0.0,0.0,0.0,23.0,23.0,23.0,0.0
2021-06-22,20.358,23.0,0.0,23.0,0.0,0.0,0.0,0.0,23.0,23.0,23.0,0.0
2021-06-23,21.243,24.0,4.3478,24.0,300.0,7200000.0,0.0,0.0,24.0,24.0,24.0,300.0
2021-06-24,21.243,24.0,0.0,24.0,0.0,0.0,0.0,0.0,24.0,24.0,24.0,0.0
2021-06-25,21.243,24.0,0.0,24.0,0.0,0.0,0.0,0.0,24.0,24.0,24.0,0.0
2021-06-28,21.243,24.0,0.0,24.0,0.0,0.0,0.0,0.0,24.0,24.0,24.0,0.0
2021-06-29,21.243,24.0,0.0,24.0,0.0,0.0,0.0,0.0,24.0,24.0,24.0,0.0
2021-06-30,21.243,24.0,0.0,24.0,0.0,0.0,0.0,0.0,24.0,24.0,24.0,0.0
2021-07-01,22.571,25.5,6.25,24.89,9100.0,226500000.0,0.0,0.0,24.0,25.5,24.0,9100.0
2021-07-02,24.784,28.0,12.4498,28.0,300.0,8400000.0,0.0,0.0,28.0,28.0,28.0,300.0
2021-07-05,24.784,28.0,0.0,28.0,0.0,0.0,0.0,0.0,28.0,28.0,28.0,0.0
2021-07-06,24.784,28.0,0.0,28.0,0.0,0.0,0.0,0.0,28.0,28.0,28.0,0.0
2021-07-07,24.784,28.0,0.0,28.0,0.0,0.0,0.0,0.0,28.0,28.0,28.0,0.0
2021-07-08,24.784,28.0,0.0,28.0,0.0,0.0,0.0,0.0,28.0,28.0,28.0,0.0
2021-07-09,24.784,28.0,0.0,28.0,0.0,0.0,0.0,0.0,28.0,28.0,28.0,0.0
2021-07-12,22.571,25.5,-8.9286,26.545,3800.0,100870000.0,0.0,0.0,28.0,28.0,25.5,3800.0
2021-07-13,23.456,26.5,0.0,26.482,5700.0,150950000.0,0.0,0.0,26.5,26.5,26.3,5700.0
2021-07-14,24.253,27.4,3.3962,27.443,3500.0,96050000.0,0.0,0.0,27.0,28.3,26.5,3500.0
2021-07-15,25.492,28.8,5.1095,28.255,3100.0,87590000.0,0.0,0.0,28.0,28.9,28.0,3100.0
2021-07-16,26.554,30.0,6.0071,29.223,7400.0,216250000.0,0.0,0.0,29.0,30.0,29.0,7400.0
2021-07-19,25.757,29.1,-0.3425,29.039,4400.0,127770000.0,0.0,0.0,29.2,29.2,29.0,4400.0
2021-07-20,25.669,29.0,0.0,29.196,2500.0,72990000.0,0.0,0.0,29.1,29.5,29.0,2500.0
2021-07-21,26.82,30.3,3.7671,29.643,12600.0,373500000.0,0.0,0.0,29.5,30.5,29.0,12600.0
2021-07-22,26.4,26.4,0.7634,24.836,1100.0,27320000.0,0.0,0.0,26.2,26.4,22.4,1100.0
2021-07-23,25.0,25.0,0.8065,25.86,1000.0,25860000.0,0.0,0.0,26.5,26.5,25.0,1000.0
2021-07-26,22.2,22.2,-14.2857,22.286,3500.0,78000000.0,0.0,0.0,23.1,23.1,22.1,3500.0
2021-07-27,22.5,22.5,0.8969,22.193,1400.0,31070000.0,0.0,0.0,22.2,22.5,22.1,1400.0
2021-07-28,22.8,22.8,2.7027,22.35,400.0,8940000.0,0.0,0.0,22.2,22.8,22.2,400.0
2021-07-29,22.3,22.3,-0.4464,22.089,1800.0,39760000.0,0.0,0.0,22.5,22.5,21.2,1800.0
2021-07-30,24.9,24.9,12.6697,21.304,2400.0,51130000.0,0.0,0.0,21.2,24.9,21.0,2400.0
2021-08-02,21.3,21.3,0.0,21.3,0.0,0.0,0.0,0.0,21.3,21.3,21.3,0.0
2021-08-03,20.2,20.2,-5.1643,20.235,2300.0,46540000.0,0.0,0.0,20.0,20.3,20.0,2300.0
2021-08-04,21.0,21.0,3.9604,20.625,800.0,16500000.0,0.0,0.0,20.0,21.0,20.0,800.0
2021-08-05,21.6,21.6,4.8544,21.009,13400.0,281520000.0,0.0,0.0,21.0,21.6,21.0,13400.0
2021-08-06,22.8,22.8,8.5714,23.009,1100.0,25310000.0,0.0,0.0,22.9,24.0,22.8,1100.0
2021-08-09,23.0,23.0,0.0,23.0,0.0,0.0,0.0,0.0,23.0,23.0,23.0,0.0
2021-08-10,23.0,23.0,0.0,23.0,200.0,4600000.0,0.0,0.0,23.0,23.0,23.0,200.0
2021-08-11,21.5,21.5,-6.5217,21.358,2600.0,55530000.0,0.0,0.0,22.9,22.9,21.0,2600.0
2021-08-12,21.5,21.5,0.4673,21.222,4500.0,95500000.0,0.0,0.0,21.0,21.5,21.0,4500.0
2021-08-13,21.5,21.5,1.4151,21.437,1900.0,40730000.0,0.0,0.0,21.3,21.5,21.3,1900.0
2021-08-16,21.5,21.5,0.4673,21.5,4000.0,86000000.0,0.0,0.0,21.5,21.5,21.5,4000.0
2021-08-17,21.6,21.6,0.4651,21.9,1900.0,41610000.0,0.0,0.0,21.7,22.9,21.6,1900.0
2021-08-18,22.0,22.0,0.4566,22.068,3700.0,81650000.0,0.0,0.0,22.0,22.5,22.0,3700.0
2021-08-19,21.1,21.1,-4.5249,21.038,800.0,16830000.0,0.0,0.0,21.0,21.1,21.0,800.0
2021-08-20,21.0,21.0,0.0,21.0,1000.0,21000000.0,0.0,0.0,21.0,21.0,21.0,1000.0
2021-08-23,22.5,22.5,7.1429,21.25,600.0,12750000.0,0.0,0.0,21.0,22.5,21.0,600.0
2021-08-24,21.3,21.3,0.0,21.3,1100.0,23430000.0,0.0,0.0,21.3,21.3,21.3,1100.0
2021-08-25,21.0,21.0,-1.4085,21.0,400.0,8400000.0,0.0,0.0,20.9,21.2,20.9,400.0
2021-08-26,21.1,21.1,0.4762,21.1,600.0,12660000.0,0.0,0.0,21.1,21.1,21.1,600.0
2021-08-27,21.1,21.1,0.0,21.1,100.0,2110000.0,0.0,0.0,21.1,21.1,21.1,100.0
2021-08-30,21.1,21.1,0.0,21.243,1400.0,29740000.0,0.0,0.0,21.3,21.3,21.1,1400.0
2021-08-31,21.6,21.6,1.8868,21.414,3700.0,79230000.0,0.0,0.0,21.2,21.6,21.2,3700.0
2021-09-01,23.4,23.4,9.3458,22.457,11700.0,262750000.0,0.0,0.0,21.7,23.4,21.5,11700.0
2021-09-06,23.5,23.5,4.4444,23.82,5100.0,121480000.0,0.0,0.0,23.4,24.7,22.5,5100.0
2021-09-07,23.8,23.8,0.0,24.635,3100.0,76370000.0,0.0,0.0,22.6,25.8,22.6,3100.0
2021-09-08,24.6,24.6,0.0,24.6,0.0,0.0,0.0,0.0,24.6,24.6,24.6,0.0
2021-09-09,24.5,24.5,-0.4065,24.5,400.0,9800000.0,0.0,0.0,24.5,24.5,24.5,400.0
2021-09-10,22.4,22.4,-8.5714,22.07,2300.0,50760000.0,0.0,0.0,21.5,22.4,21.5,2300.0
2021-09-13,22.3,22.3,0.905,22.263,800.0,17810000.0,0.0,0.0,22.2,22.3,22.2,800.0
2021-09-14,22.3,22.3,0.0,22.3,600.0,13380000.0,0.0,0.0,22.3,22.3,22.3,600.0
2021-09-15,21.6,21.6,-3.139,21.648,8100.0,175350000.0,0.0,0.0,21.6,22.2,21.6,8100.0
2021-09-16,21.8,21.8,0.9259,21.889,3700.0,80990000.0,0.0,0.0,23.8,23.8,21.7,3700.0
2021-09-17,22.9,22.9,4.5662,22.9,2100.0,48090000.0,0.0,0.0,22.9,22.9,22.9,2100.0
2021-09-20,22.9,22.9,0.0,23.244,900.0,20920000.0,0.0,0.0,23.5,23.5,22.9,900.0
2021-09-21,23.2,23.2,0.0,23.2,0.0,0.0,0.0,0.0,23.2,23.2,23.2,0.0
2021-09-22,23.1,23.1,-0.431,23.1,400.0,9240000.0,0.0,0.0,23.1,23.1,23.1,400.0
2021-09-23,22.5,22.5,-2.5974,22.5,200.0,4500000.0,0.0,0.0,22.5,22.5,22.5,200.0
2021-09-24,22.5,22.5,0.0,22.5,200.0,4500000.0,0.0,0.0,22.5,22.5,22.5,200.0
2021-09-27,22.2,22.2,-1.3333,22.397,3900.0,87350000.0,0.0,0.0,22.5,22.5,22.2,3900.0
2021-09-28,22.4,22.4,0.0,22.4,0.0,0.0,0.0,0.0,22.4,22.4,22.4,0.0
2021-09-29,22.4,22.4,0.0,22.4,0.0,0.0,0.0,0.0,22.4,22.4,22.4,0.0
2021-09-30,22.4,22.4,0.0,22.4,2200.0,49280000.0,0.0,0.0,22.4,22.4,22.4,2200.0
2021-10-01,22.1,22.1,-1.3393,22.2,300.0,6660000.0,0.0,0.0,22.4,22.4,22.1,300.0
2021-10-04,22.5,22.5,1.3514,22.5,1500.0,33750000.0,0.0,0.0,22.5,22.5,22.5,1500.0
2021-10-05,22.5,22.5,0.0,22.5,0.0,0.0,0.0,0.0,22.5,22.5,22.5,0.0
2021-10-06,22.5,22.5,0.0,22.5,0.0,0.0,0.0,0.0,22.5,22.5,22.5,0.0
2021-10-07,22.5,22.5,0.0,22.25,400.0,8900000.0,0.0,0.0,22.0,22.5,22.0,400.0
2021-10-08,22.3,22.3,0.0,22.3,1100.0,24530000.0,0.0,0.0,22.3,22.3,22.3,1100.0
2021-10-11,23.8,23.8,6.7265,23.75,200.0,4750000.0,0.0,0.0,23.7,23.8,23.7,200.0
2021-10-12,23.5,23.5,-1.2605,23.642,1900.0,44920000.0,0.0,0.0,23.8,23.8,23.5,1900.0
2021-10-13,23.0,23.0,-2.5424,23.0,1600.0,36800000.0,0.0,0.0,23.0,23.0,23.0,1600.0
2021-10-14,24.0,24.0,4.3478,24.0,500.0,12000000.0,0.0,0.0,24.0,24.0,24.0,500.0
2021-10-15,24.0,24.0,0.0,24.0,500.0,12000000.0,0.0,0.0,24.0,24.0,24.0,500.0
2021-10-18,24.0,24.0,0.0,24.0,0.0,0.0,0.0,0.0,24.0,24.0,24.0,0.0
2021-10-19,24.5,24.5,2.0833,24.083,600.0,14450000.0,0.0,0.0,24.0,24.5,24.0,600.0
2021-10-20,24.5,24.5,1.6598,24.5,100.0,2450000.0,0.0,0.0,24.5,24.5,24.5,100.0
2021-10-21,22.6,22.6,-7.7551,22.4,1500.0,33600000.0,0.0,0.0,22.0,22.6,22.0,1500.0
2021-10-22,23.9,23.9,6.6964,23.9,1500.0,35850000.0,0.0,0.0,23.9,23.9,23.9,1500.0
2021-10-25,24.8,24.8,3.7657,24.8,300.0,7440000.0,0.0,0.0,24.8,24.8,24.8,300.0
2021-10-26,24.7,24.7,-0.4032,24.7,300.0,7410000.0,0.0,0.0,24.7,24.7,24.7,300.0
2021-10-27,24.7,24.7,0.0,24.7,300.0,7410000.0,0.0,0.0,24.7,24.7,24.7,300.0
2021-10-28,24.5,24.5,-0.8097,24.335,7900.0,192250000.0,0.0,0.0,24.0,25.6,24.0,7900.0
2021-10-29,27.9,27.9,14.8148,24.3,500.0,12150000.0,0.0,0.0,24.3,27.9,23.1,500.0
2021-11-01,24.3,24.3,0.0,24.3,2000.0,48600000.0,0.0,0.0,24.3,24.3,24.3,2000.0
2021-11-02,24.3,24.3,0.0,24.3,96.0,2309800.0,0.0,0.0,24.3,24.3,24.3,96.0
2021-11-03,24.5,24.5,0.823,27.317,603.0,16462900.0,0.0,0.0,27.9,27.9,24.5,603.0
2021-11-04,31.2,31.2,14.2857,27.905,2100.0,58600000.0,0.0,0.0,27.3,31.3,27.3,2100.0
2021-11-05,24.5,24.5,-12.1864,28.9,300.0,300.0,0.0,0.0,31.1,31.1,24.5,300.0
2021-11-08,28.0,28.0,-3.1142,28.25,2000.0,56500000.0,0.0,0.0,28.5,28.5,28.0,2000.0
2021-11-09,28.3,28.3,0.0,28.3,400.0,11320000.0,0.0,0.0,28.3,28.3,28.3,400.0
2021-11-10,27.0,27.0,-4.5936,28.68,500.0,14340000.0,0.0,0.0,28.5,31.9,27.0,500.0
2021-11-11,27.0,27.0,-5.9233,27.88,2500.0,69700000.0,0.0,0.0,27.0,29.0,27.0,2500.0
2021-11-12,27.9,27.9,0.0,27.9,0.0,0.0,0.0,0.0,27.9,27.9,27.9,0.0
2021-11-15,25.9,25.9,-7.1685,25.988,3200.0,83160000.0,0.0,0.0,27.8,27.8,25.6,3200.0
2021-11-16,26.0,26.0,0.0,26.0,3700.0,96200000.0,0.0,0.0,26.0,26.0,26.0,3700.0
2021-11-17,26.0,26.0,0.0,26.0,500.0,13000000.0,0.0,0.0,26.0,26.0,26.0,500.0
2021-11-18,26.0,26.0,0.0,26.0,2000.0,52000000.0,0.0,0.0,26.0,26.0,26.0,2000.0
2021-11-19,26.0,26.0,0.0,26.0,200.0,5200000.0,0.0,0.0,26.0,26.0,26.0,200.0
2021-11-22,26.0,26.0,0.0,26.0,800.0,20800000.0,0.0,0.0,26.0,26.0,26.0,800.0
2021-11-23,26.0,26.0,0.0,26.0,100.0,2600000.0,0.0,0.0,26.0,26.0,26.0,100.0
2021-11-24,26.0,26.0,0.0,26.0,500.0,13000000.0,0.0,0.0,26.0,26.0,26.0,500.0
2021-11-25,25.9,25.9,-0.3846,25.9,500.0,12950000.0,0.0,0.0,25.9,25.9,25.9,500.0
2021-11-26,25.9,25.9,0.0,25.9,0.0,0.0,0.0,0.0,25.9,25.9,25.9,0.0
2021-11-29,25.9,25.9,0.0,25.9,0.0,0.0,0.0,0.0,25.9,25.9,25.9,0.0
