2017-06-14,5.945,10.5,0.0,10.5,0.0,0.0,0.0,0.0,10.5,10.5,10.5,0.0
2017-06-15,5.945,10.5,0.0,10.5,0.0,0.0,0.0,0.0,10.5,10.5,10.5,0.0
2017-06-16,5.945,10.5,0.0,10.5,0.0,0.0,0.0,0.0,10.5,10.5,10.5,0.0
2017-06-19,5.945,10.5,0.0,10.5,0.0,0.0,0.0,0.0,10.5,10.5,10.5,0.0
2017-06-20,5.945,10.5,0.0,10.5,0.0,0.0,0.0,0.0,10.5,10.5,10.5,0.0
2017-06-21,5.945,10.5,0.0,10.5,0.0,0.0,0.0,0.0,10.5,10.5,10.5,0.0
2017-06-22,5.945,10.5,0.0,10.5,0.0,0.0,0.0,0.0,10.5,10.5,10.5,0.0
2017-06-23,5.945,10.5,0.0,10.5,0.0,0.0,0.0,0.0,10.5,10.5,10.5,0.0
2017-06-26,5.945,10.5,0.0,10.5,0.0,0.0,0.0,0.0,10.5,10.5,10.5,0.0
2017-06-27,5.945,10.5,0.0,10.5,0.0,0.0,0.0,0.0,10.5,10.5,10.5,0.0
2017-06-28,5.945,10.5,0.0,10.5,0.0,0.0,0.0,0.0,10.5,10.5,10.5,0.0
2017-06-29,5.945,10.5,0.0,10.5,0.0,0.0,0.0,0.0,10.5,10.5,10.5,0.0
2017-06-30,5.945,10.5,0.0,10.5,0.0,0.0,0.0,0.0,10.5,10.5,10.5,0.0
2017-07-03,5.945,10.5,0.0,10.5,0.0,0.0,0.0,0.0,10.5,10.5,10.5,0.0
2017-07-04,5.945,10.5,0.0,10.5,0.0,0.0,0.0,0.0,10.5,10.5,10.5,0.0
2017-07-05,5.945,10.5,0.0,10.5,0.0,0.0,0.0,0.0,10.5,10.5,10.5,0.0
2017-07-06,5.945,10.5,0.0,10.5,0.0,0.0,0.0,0.0,10.5,10.5,10.5,0.0
2017-07-07,5.945,10.5,0.0,10.5,0.0,0.0,0.0,0.0,10.5,10.5,10.5,0.0
2017-07-10,5.945,10.5,0.0,10.5,0.0,0.0,0.0,0.0,10.5,10.5,10.5,0.0
2017-07-11,5.945,10.5,0.0,10.5,0.0,0.0,0.0,0.0,10.5,10.5,10.5,0.0
2017-07-12,5.945,10.5,0.0,10.5,0.0,0.0,0.0,0.0,10.5,10.5,10.5,0.0
2017-07-13,5.945,10.5,0.0,10.5,0.0,0.0,0.0,0.0,10.5,10.5,10.5,0.0
2017-07-14,5.945,10.5,0.0,10.5,0.0,0.0,0.0,0.0,10.5,10.5,10.5,0.0
2017-07-17,5.945,10.5,0.0,10.5,0.0,0.0,0.0,0.0,10.5,10.5,10.5,0.0
2017-07-18,5.945,10.5,0.0,10.5,0.0,0.0,0.0,0.0,10.5,10.5,10.5,0.0
2017-07-19,5.945,10.5,0.0,10.5,0.0,0.0,0.0,0.0,10.5,10.5,10.5,0.0
2017-07-20,5.945,10.5,0.0,10.5,0.0,0.0,0.0,0.0,10.5,10.5,10.5,0.0
2017-07-21,5.945,10.5,0.0,10.5,0.0,0.0,0.0,0.0,10.5,10.5,10.5,0.0
2017-07-24,5.945,10.5,0.0,10.5,0.0,0.0,0.0,0.0,10.5,10.5,10.5,0.0
2017-07-25,5.945,10.5,0.0,10.5,0.0,0.0,0.0,0.0,10.5,10.5,10.5,0.0
2017-07-26,4.53,8.0,-23.8095,8.0,1300.0,10400000.0,0.0,0.0,8.0,8.0,8.0,1300.0
2017-07-27,4.53,8.0,0.0,8.0,0.0,0.0,0.0,0.0,8.0,8.0,8.0,0.0
2017-07-28,4.53,8.0,0.0,8.0,0.0,0.0,0.0,0.0,8.0,8.0,8.0,0.0
2017-07-31,4.53,8.0,0.0,8.0,0.0,0.0,0.0,0.0,8.0,8.0,8.0,0.0
2017-08-01,4.53,8.0,0.0,8.0,0.0,0.0,0.0,0.0,8.0,8.0,8.0,0.0
2017-08-02,4.302,7.6,-5.0,7.6,400.0,3040000.0,0.0,0.0,7.6,7.6,7.6,400.0
2017-08-03,4.302,7.6,0.0,7.6,0.0,0.0,0.0,0.0,7.6,7.6,7.6,0.0
2017-08-04,4.302,7.2,0.0,7.2,0.0,0.0,0.0,0.0,7.2,7.2,7.2,0.0
2017-08-07,4.302,7.2,0.0,7.2,0.0,0.0,0.0,0.0,7.2,7.2,7.2,0.0
2017-08-08,4.302,7.2,0.0,7.2,0.0,0.0,0.0,0.0,7.2,7.2,7.2,0.0
2017-08-09,4.302,7.2,0.0,7.2,0.0,0.0,0.0,0.0,7.2,7.2,7.2,0.0
2017-08-10,4.302,7.2,0.0,7.2,0.0,0.0,0.0,0.0,7.2,7.2,7.2,0.0
2017-08-11,4.302,7.2,0.0,7.2,0.0,0.0,0.0,0.0,7.2,7.2,7.2,0.0
2017-08-14,4.302,7.2,0.0,7.2,0.0,0.0,0.0,0.0,7.2,7.2,7.2,0.0
2017-08-15,4.302,7.2,0.0,7.2,0.0,0.0,0.0,0.0,7.2,7.2,7.2,0.0
2017-08-16,4.302,7.2,0.0,7.2,0.0,0.0,0.0,0.0,7.2,7.2,7.2,0.0
2017-08-17,4.302,7.2,0.0,7.2,0.0,0.0,0.0,0.0,7.2,7.2,7.2,0.0
2017-08-18,4.302,7.2,0.0,7.2,0.0,0.0,0.0,0.0,7.2,7.2,7.2,0.0
2017-08-21,4.302,7.2,0.0,7.2,0.0,0.0,0.0,0.0,7.2,7.2,7.2,0.0
2017-08-22,4.302,7.2,0.0,7.2,0.0,0.0,0.0,0.0,7.2,7.2,7.2,0.0
2017-08-23,4.302,7.2,0.0,7.2,0.0,0.0,0.0,0.0,7.2,7.2,7.2,0.0
2017-08-24,4.302,7.2,0.0,7.2,0.0,0.0,0.0,0.0,7.2,7.2,7.2,0.0
2017-08-25,4.302,7.2,0.0,7.2,0.0,0.0,0.0,0.0,7.2,7.2,7.2,0.0
2017-08-28,4.781,8.0,11.1111,8.0,700.0,5600000.0,0.0,0.0,8.0,8.0,8.0,700.0
2017-08-29,4.781,8.0,0.0,8.0,300.0,2400000.0,0.0,0.0,8.0,8.0,8.0,300.0
2017-08-30,4.781,8.0,0.0,8.0,800.0,6400000.0,0.0,0.0,8.0,8.0,8.0,800.0
2017-08-31,4.781,8.0,0.0,8.0,500.0,4000000.0,0.0,0.0,8.0,8.0,8.0,500.0
2017-09-01,4.602,7.7,-3.75,7.7,1400.0,10780000.0,0.0,0.0,7.7,7.7,7.7,1400.0
2017-09-05,4.602,7.7,0.0,7.7,0.0,0.0,0.0,0.0,7.7,7.7,7.7,0.0
2017-09-06,4.482,7.5,-2.5974,7.5,2700.0,20250000.0,0.0,0.0,7.5,7.5,7.5,2700.0
2017-09-07,4.482,7.5,0.0,7.5,0.0,0.0,0.0,0.0,7.5,7.5,7.5,0.0
2017-09-08,4.482,7.5,0.0,7.5,0.0,0.0,0.0,0.0,7.5,7.5,7.5,0.0
2017-09-11,4.482,7.5,0.0,7.5,0.0,0.0,0.0,0.0,7.5,7.5,7.5,0.0
2017-09-12,4.482,7.5,0.0,7.5,0.0,0.0,0.0,0.0,7.5,7.5,7.5,0.0
2017-09-13,4.482,7.5,0.0,7.5,0.0,0.0,0.0,0.0,7.5,7.5,7.5,0.0
2017-09-14,4.482,7.5,0.0,7.5,0.0,0.0,0.0,0.0,7.5,7.5,7.5,0.0
2017-09-15,4.302,7.2,-4.0,7.2,1000.0,7200000.0,0.0,0.0,7.2,7.2,7.2,1000.0
2017-09-18,4.302,7.2,0.0,7.2,0.0,0.0,0.0,0.0,7.2,7.2,7.2,0.0
2017-09-19,4.302,7.2,0.0,7.2,0.0,0.0,0.0,0.0,7.2,7.2,7.2,0.0
2017-09-20,4.302,7.2,0.0,7.2,0.0,0.0,0.0,0.0,7.2,7.2,7.2,0.0
2017-09-21,4.302,7.2,0.0,7.2,0.0,0.0,0.0,0.0,7.2,7.2,7.2,0.0
2017-09-22,4.302,7.2,0.0,7.2,0.0,0.0,0.0,0.0,7.2,7.2,7.2,0.0
2017-09-25,4.302,7.2,0.0,7.2,0.0,0.0,0.0,0.0,7.2,7.2,7.2,0.0
2017-09-26,4.302,7.2,0.0,7.2,0.0,0.0,0.0,0.0,7.2,7.2,7.2,0.0
2017-09-27,4.302,7.2,0.0,7.2,0.0,0.0,0.0,0.0,7.2,7.2,7.2,0.0
2017-09-28,4.302,7.2,0.0,7.2,1200.0,8640000.0,0.0,0.0,7.2,7.2,7.2,1200.0
2017-09-29,4.302,7.2,0.0,7.2,500.0,3600000.0,0.0,0.0,7.2,7.2,7.2,500.0
2017-10-02,4.302,7.2,0.0,7.2,0.0,0.0,0.0,0.0,7.2,7.2,7.2,0.0
2017-10-03,4.302,7.2,0.0,7.2,0.0,0.0,0.0,0.0,7.2,7.2,7.2,0.0
2017-10-04,4.302,7.2,0.0,7.2,0.0,0.0,0.0,0.0,7.2,7.2,7.2,0.0
2017-10-05,4.302,7.2,0.0,7.2,0.0,0.0,0.0,0.0,7.2,7.2,7.2,0.0
2017-10-06,4.302,7.2,0.0,7.2,0.0,0.0,0.0,0.0,7.2,7.2,7.2,0.0
2017-10-09,4.302,7.2,0.0,7.2,0.0,0.0,0.0,0.0,7.2,7.2,7.2,0.0
2017-10-10,4.302,7.2,0.0,7.2,0.0,0.0,0.0,0.0,7.2,7.2,7.2,0.0
2017-10-11,4.302,7.2,0.0,7.2,0.0,0.0,0.0,0.0,7.2,7.2,7.2,0.0
2017-10-12,4.302,7.2,0.0,7.2,0.0,0.0,0.0,0.0,7.2,7.2,7.2,0.0
2017-10-13,4.302,7.2,0.0,7.2,0.0,0.0,0.0,0.0,7.2,7.2,7.2,0.0
2017-10-16,4.302,7.2,0.0,7.2,0.0,0.0,0.0,0.0,7.2,7.2,7.2,0.0
2017-10-17,4.302,7.2,0.0,7.2,0.0,0.0,0.0,0.0,7.2,7.2,7.2,0.0
2017-10-18,4.302,7.2,0.0,7.2,0.0,0.0,0.0,0.0,7.2,7.2,7.2,0.0
2017-10-19,4.302,7.2,0.0,7.2,0.0,0.0,0.0,0.0,7.2,7.2,7.2,0.0
2017-10-20,4.302,7.2,0.0,7.2,0.0,0.0,0.0,0.0,7.2,7.2,7.2,0.0
2017-10-23,4.302,7.2,0.0,7.2,1800.0,12960000.0,0.0,0.0,7.2,7.2,7.2,1800.0
2017-10-24,4.302,7.2,0.0,7.2,1200.0,8640000.0,0.0,0.0,7.2,7.2,7.2,1200.0
2017-10-25,4.302,7.2,0.0,7.2,0.0,0.0,0.0,0.0,7.2,7.2,7.2,0.0
2017-10-26,4.302,7.2,0.0,7.2,0.0,0.0,0.0,0.0,7.2,7.2,7.2,0.0
2017-10-27,4.302,7.2,0.0,7.2,0.0,0.0,0.0,0.0,7.2,7.2,7.2,0.0
2017-10-30,4.302,7.2,0.0,7.2,0.0,0.0,0.0,0.0,7.2,7.2,7.2,0.0
2017-10-31,4.302,7.2,0.0,7.2,0.0,0.0,0.0,0.0,7.2,7.2,7.2,0.0
2017-11-01,4.302,7.2,0.0,7.2,0.0,0.0,0.0,0.0,7.2,7.2,7.2,0.0
2017-11-02,4.302,7.2,0.0,7.2,0.0,0.0,0.0,0.0,7.2,7.2,7.2,0.0
2017-11-03,4.302,7.2,0.0,7.2,0.0,0.0,0.0,0.0,7.2,7.2,7.2,0.0
2017-11-06,4.302,7.2,0.0,7.2,0.0,0.0,0.0,0.0,7.2,7.2,7.2,0.0
2017-11-07,4.302,7.2,0.0,7.2,1800.0,12960000.0,0.0,0.0,7.2,7.2,7.2,1800.0
2017-11-08,4.302,7.2,0.0,7.2,0.0,0.0,0.0,0.0,7.2,7.2,7.2,0.0
2017-11-09,4.302,7.2,0.0,7.2,0.0,0.0,0.0,0.0,7.2,7.2,7.2,0.0
2017-11-10,4.302,7.2,0.0,7.2,0.0,0.0,0.0,0.0,7.2,7.2,7.2,0.0
2017-11-13,4.302,7.2,0.0,7.2,0.0,0.0,0.0,0.0,7.2,7.2,7.2,0.0
2017-11-14,4.302,7.2,0.0,7.2,0.0,0.0,0.0,0.0,7.2,7.2,7.2,0.0
2017-11-15,4.302,7.2,0.0,7.2,0.0,0.0,0.0,0.0,7.2,7.2,7.2,0.0
2017-11-16,4.302,7.2,0.0,7.2,0.0,0.0,0.0,0.0,7.2,7.2,7.2,0.0
2017-11-17,4.302,7.2,0.0,7.2,0.0,0.0,0.0,0.0,7.2,7.2,7.2,0.0
2017-11-20,4.302,7.2,0.0,7.2,0.0,0.0,0.0,0.0,7.2,7.2,7.2,0.0
2017-11-21,4.302,7.2,0.0,7.2,1800.0,12960000.0,0.0,0.0,7.2,7.2,7.2,1800.0
2017-11-22,4.302,7.2,0.0,7.2,0.0,0.0,0.0,0.0,7.2,7.2,7.2,0.0
2017-11-23,4.302,7.2,0.0,7.2,0.0,0.0,0.0,0.0,7.2,7.2,7.2,0.0
2017-11-24,4.302,7.2,0.0,7.2,0.0,0.0,0.0,0.0,7.2,7.2,7.2,0.0
2017-11-27,4.302,7.2,0.0,7.2,0.0,0.0,0.0,0.0,7.2,7.2,7.2,0.0
2017-11-28,4.302,7.2,0.0,7.2,0.0,0.0,0.0,0.0,7.2,7.2,7.2,0.0
2017-11-29,4.302,7.2,0.0,7.2,0.0,0.0,0.0,0.0,7.2,7.2,7.2,0.0
2017-11-30,4.302,7.2,0.0,7.2,0.0,0.0,0.0,0.0,7.2,7.2,7.2,0.0
2017-12-01,4.302,7.2,0.0,7.2,0.0,0.0,0.0,0.0,7.2,7.2,7.2,0.0
2017-12-04,4.243,7.1,-1.3889,7.1,400.0,2840000.0,0.0,0.0,7.1,7.1,7.1,400.0
2017-12-05,4.243,7.1,0.0,7.1,0.0,0.0,0.0,0.0,7.1,7.1,7.1,0.0
2017-12-06,4.243,7.1,0.0,7.1,0.0,0.0,0.0,0.0,7.1,7.1,7.1,0.0
2017-12-07,4.243,7.1,0.0,7.1,0.0,0.0,0.0,0.0,7.1,7.1,7.1,0.0
2017-12-08,4.243,7.1,0.0,7.1,0.0,0.0,0.0,0.0,7.1,7.1,7.1,0.0
2017-12-11,4.243,7.1,0.0,7.1,0.0,0.0,0.0,0.0,7.1,7.1,7.1,0.0
2017-12-12,4.243,7.1,0.0,7.1,0.0,0.0,0.0,0.0,7.1,7.1,7.1,0.0
2017-12-13,4.243,7.1,0.0,7.1,0.0,0.0,0.0,0.0,7.1,7.1,7.1,0.0
2017-12-14,4.243,7.1,0.0,7.1,0.0,0.0,0.0,0.0,7.1,7.1,7.1,0.0
2017-12-15,4.243,7.1,0.0,7.1,0.0,0.0,0.0,0.0,7.1,7.1,7.1,0.0
2017-12-18,4.243,7.1,0.0,7.1,0.0,0.0,0.0,0.0,7.1,7.1,7.1,0.0
2017-12-19,4.243,7.1,0.0,7.1,0.0,0.0,0.0,0.0,7.1,7.1,7.1,0.0
2017-12-20,4.243,7.1,0.0,7.1,0.0,0.0,0.0,0.0,7.1,7.1,7.1,0.0
2017-12-21,4.243,7.1,0.0,7.1,0.0,0.0,0.0,0.0,7.1,7.1,7.1,0.0
2017-12-22,4.243,7.1,0.0,7.1,0.0,0.0,0.0,0.0,7.1,7.1,7.1,0.0
2017-12-25,4.243,7.1,0.0,7.1,0.0,0.0,0.0,0.0,7.1,7.1,7.1,0.0
2017-12-26,4.243,7.1,0.0,7.1,0.0,0.0,0.0,0.0,7.1,7.1,7.1,0.0
2017-12-27,4.243,7.1,0.0,7.1,0.0,0.0,0.0,0.0,7.1,7.1,7.1,0.0
2017-12-28,4.243,7.1,0.0,7.1,0.0,0.0,0.0,0.0,7.1,7.1,7.1,0.0
2017-12-29,4.243,7.1,0.0,7.1,0.0,0.0,0.0,0.0,7.1,7.1,7.1,0.0
2018-01-02,4.243,7.1,0.0,7.1,0.0,0.0,0.0,0.0,7.1,7.1,7.1,0.0
2018-01-03,4.243,7.1,0.0,7.1,0.0,0.0,0.0,0.0,7.1,7.1,7.1,0.0
2018-01-04,4.243,7.1,0.0,7.1,0.0,0.0,0.0,0.0,7.1,7.1,7.1,0.0
2018-01-05,4.243,7.1,0.0,7.1,0.0,0.0,0.0,0.0,7.1,7.1,7.1,0.0
2018-01-08,4.243,7.1,0.0,7.1,0.0,0.0,0.0,0.0,7.1,7.1,7.1,0.0
2018-01-09,3.646,6.1,-14.0845,6.1,300.0,1830000.0,0.0,0.0,6.1,6.1,6.1,300.0
2018-01-10,3.646,6.1,0.0,6.1,0.0,0.0,0.0,0.0,6.1,6.1,6.1,0.0
2018-01-11,3.646,6.1,0.0,6.1,0.0,0.0,0.0,0.0,6.1,6.1,6.1,0.0
2018-01-12,4.183,7.0,14.7541,7.0,100.0,700000.0,0.0,0.0,7.0,7.0,7.0,100.0
2018-01-15,4.183,7.0,0.0,7.833,1200.0,9400000.0,0.0,0.0,8.0,8.0,7.0,1200.0
2018-01-16,4.243,7.1,-8.9744,7.1,200.0,1420000.0,0.0,0.0,7.1,7.1,7.1,200.0
2018-01-17,4.243,7.1,0.0,7.1,0.0,0.0,0.0,0.0,7.1,7.1,7.1,0.0
2018-01-18,4.781,8.0,12.6761,8.0,300.0,2400000.0,0.0,0.0,8.0,8.0,8.0,300.0
2018-01-19,4.781,8.0,0.0,8.0,0.0,0.0,0.0,0.0,8.0,8.0,8.0,0.0
2018-01-22,4.781,8.0,0.0,8.0,0.0,0.0,0.0,0.0,8.0,8.0,8.0,0.0
2018-01-23,4.781,8.0,0.0,8.0,0.0,0.0,0.0,0.0,8.0,8.0,8.0,0.0
2018-01-24,4.781,8.0,0.0,8.0,0.0,0.0,0.0,0.0,8.0,8.0,8.0,0.0
2018-01-25,4.781,8.0,0.0,8.0,0.0,0.0,0.0,0.0,8.0,8.0,8.0,0.0
2018-01-26,4.781,8.0,0.0,8.0,0.0,0.0,0.0,0.0,8.0,8.0,8.0,0.0
2018-01-29,4.781,8.0,0.0,8.0,0.0,0.0,0.0,0.0,8.0,8.0,8.0,0.0
2018-01-30,4.781,8.0,0.0,8.0,0.0,0.0,0.0,0.0,8.0,8.0,8.0,0.0
2018-01-31,4.781,8.0,0.0,8.0,0.0,0.0,0.0,0.0,8.0,8.0,8.0,0.0
2018-02-01,4.781,8.0,0.0,8.0,0.0,0.0,0.0,0.0,8.0,8.0,8.0,0.0
2018-02-02,4.781,8.0,0.0,8.0,0.0,0.0,0.0,0.0,8.0,8.0,8.0,0.0
2018-02-05,4.781,8.0,0.0,8.0,0.0,0.0,0.0,0.0,8.0,8.0,8.0,0.0
2018-02-06,4.183,7.0,-12.5,7.02,9900.0,69500000.0,0.0,0.0,7.1,7.1,7.0,9900.0
2018-02-07,4.183,7.0,0.0,7.0,300.0,2100000.0,0.0,0.0,7.0,7.0,7.0,300.0
2018-02-08,4.183,7.0,0.0,7.0,0.0,0.0,0.0,0.0,7.0,7.0,7.0,0.0
2018-02-09,4.183,7.0,0.0,7.0,0.0,0.0,0.0,0.0,7.0,7.0,7.0,0.0
2018-02-12,4.183,7.0,0.0,7.0,0.0,0.0,0.0,0.0,7.0,7.0,7.0,0.0
2018-02-13,4.183,7.0,0.0,7.0,0.0,0.0,0.0,0.0,7.0,7.0,7.0,0.0
2018-02-21,4.183,7.0,0.0,7.0,0.0,0.0,0.0,0.0,7.0,7.0,7.0,0.0
2018-02-22,4.183,7.0,0.0,7.0,0.0,0.0,0.0,0.0,7.0,7.0,7.0,0.0
2018-02-23,4.183,7.0,0.0,7.0,0.0,0.0,0.0,0.0,7.0,7.0,7.0,0.0
2018-02-26,4.183,7.0,0.0,7.0,0.0,0.0,0.0,0.0,7.0,7.0,7.0,0.0
2018-02-27,4.183,7.0,0.0,7.0,0.0,0.0,0.0,0.0,7.0,7.0,7.0,0.0
2018-02-28,4.183,7.0,0.0,7.0,0.0,0.0,0.0,0.0,7.0,7.0,7.0,0.0
2018-03-01,4.183,7.0,0.0,7.0,0.0,0.0,0.0,0.0,7.0,7.0,7.0,0.0
2018-03-02,4.183,7.0,0.0,7.0,0.0,0.0,0.0,0.0,7.0,7.0,7.0,0.0
2018-03-05,4.183,7.0,0.0,7.0,0.0,0.0,0.0,0.0,7.0,7.0,7.0,0.0
2018-03-06,4.183,7.0,0.0,7.0,0.0,0.0,0.0,0.0,7.0,7.0,7.0,0.0
2018-03-07,4.183,7.0,0.0,7.0,0.0,0.0,0.0,0.0,7.0,7.0,7.0,0.0
2018-03-08,4.183,7.0,0.0,7.0,0.0,0.0,0.0,0.0,7.0,7.0,7.0,0.0
2018-03-09,4.183,7.0,0.0,7.0,0.0,0.0,0.0,0.0,7.0,7.0,7.0,0.0
2018-03-12,4.183,7.0,0.0,7.0,0.0,0.0,0.0,0.0,7.0,7.0,7.0,0.0
2018-03-13,4.183,7.0,0.0,7.0,0.0,0.0,0.0,0.0,7.0,7.0,7.0,0.0
2018-03-14,4.183,7.0,0.0,7.0,0.0,0.0,0.0,0.0,7.0,7.0,7.0,0.0
2018-03-15,4.183,7.0,0.0,7.0,0.0,0.0,0.0,0.0,7.0,7.0,7.0,0.0
2018-03-16,4.183,7.0,0.0,7.0,0.0,0.0,0.0,0.0,7.0,7.0,7.0,0.0
2018-03-19,4.183,7.0,0.0,7.0,0.0,0.0,0.0,0.0,7.0,7.0,7.0,0.0
2018-03-20,4.183,7.0,0.0,7.0,0.0,0.0,0.0,0.0,7.0,7.0,7.0,0.0
2018-03-21,4.183,7.0,0.0,7.0,0.0,0.0,0.0,0.0,7.0,7.0,7.0,0.0
2018-03-22,4.183,7.0,0.0,7.0,0.0,0.0,0.0,0.0,7.0,7.0,7.0,0.0
2018-03-23,4.183,7.0,0.0,7.0,0.0,0.0,0.0,0.0,7.0,7.0,7.0,0.0
2018-03-26,4.183,7.0,0.0,7.0,0.0,0.0,0.0,0.0,7.0,7.0,7.0,0.0
2018-03-27,4.183,7.0,0.0,7.0,0.0,0.0,0.0,0.0,7.0,7.0,7.0,0.0
2018-03-28,4.183,7.0,0.0,7.0,0.0,0.0,0.0,0.0,7.0,7.0,7.0,0.0
2018-03-29,4.183,7.0,0.0,7.0,0.0,0.0,0.0,0.0,7.0,7.0,7.0,0.0
2018-03-30,4.183,7.0,0.0,7.0,0.0,0.0,0.0,0.0,7.0,7.0,7.0,0.0
2018-04-02,4.183,7.0,0.0,7.0,0.0,0.0,0.0,0.0,7.0,7.0,7.0,0.0
2018-04-03,4.183,7.0,0.0,7.0,0.0,0.0,0.0,0.0,7.0,7.0,7.0,0.0
2018-04-04,4.183,7.0,0.0,7.0,0.0,0.0,0.0,0.0,7.0,7.0,7.0,0.0
2018-04-05,4.183,7.0,0.0,7.0,1000.0,7000000.0,0.0,0.0,7.0,7.0,7.0,1000.0
2018-04-06,4.183,7.0,0.0,7.0,0.0,0.0,0.0,0.0,7.0,7.0,7.0,0.0
2018-04-09,4.183,7.0,0.0,7.0,0.0,0.0,0.0,0.0,7.0,7.0,7.0,0.0
2018-04-10,4.183,7.0,0.0,7.0,0.0,0.0,0.0,0.0,7.0,7.0,7.0,0.0
2018-04-11,4.183,7.0,0.0,7.0,0.0,0.0,0.0,0.0,7.0,7.0,7.0,0.0
2018-04-12,4.183,7.0,0.0,7.0,0.0,0.0,0.0,0.0,7.0,7.0,7.0,0.0
2018-04-13,4.183,7.0,0.0,7.0,0.0,0.0,0.0,0.0,7.0,7.0,7.0,0.0
2018-04-16,4.183,7.0,0.0,7.0,0.0,0.0,0.0,0.0,7.0,7.0,7.0,0.0
2018-04-17,4.183,7.0,0.0,7.0,0.0,0.0,0.0,0.0,7.0,7.0,7.0,0.0
2018-04-18,4.183,7.0,0.0,7.0,0.0,0.0,0.0,0.0,7.0,7.0,7.0,0.0
2018-04-19,4.183,7.0,0.0,7.0,0.0,0.0,0.0,0.0,7.0,7.0,7.0,0.0
2018-04-20,4.183,7.0,0.0,7.0,0.0,0.0,0.0,0.0,7.0,7.0,7.0,0.0
2018-04-23,4.183,7.0,0.0,7.0,0.0,0.0,0.0,0.0,7.0,7.0,7.0,0.0
2018-04-24,4.183,7.0,0.0,7.0,0.0,0.0,0.0,0.0,7.0,7.0,7.0,0.0
2018-04-26,4.183,7.0,0.0,7.0,0.0,0.0,0.0,0.0,7.0,7.0,7.0,0.0
2018-04-27,4.183,7.0,0.0,7.0,0.0,0.0,0.0,0.0,7.0,7.0,7.0,0.0
2018-05-02,4.183,7.0,0.0,7.0,0.0,0.0,0.0,0.0,7.0,7.0,7.0,0.0
2018-05-03,4.781,8.0,14.2857,8.0,1000.0,8000000.0,0.0,0.0,8.0,8.0,8.0,1000.0
2018-05-04,4.781,8.0,0.0,8.0,0.0,0.0,0.0,0.0,8.0,8.0,8.0,0.0
2018-05-07,4.781,8.0,0.0,8.0,0.0,0.0,0.0,0.0,8.0,8.0,8.0,0.0
2018-05-08,4.781,8.0,0.0,8.0,0.0,0.0,0.0,0.0,8.0,8.0,8.0,0.0
2018-05-09,4.781,8.0,0.0,8.0,0.0,0.0,0.0,0.0,8.0,8.0,8.0,0.0
2018-05-10,4.781,8.0,0.0,8.0,0.0,0.0,0.0,0.0,8.0,8.0,8.0,0.0
2018-05-11,4.781,8.0,0.0,8.0,0.0,0.0,0.0,0.0,8.0,8.0,8.0,0.0
2018-05-14,4.781,8.0,0.0,8.0,0.0,0.0,0.0,0.0,8.0,8.0,8.0,0.0
2018-05-15,4.781,8.0,0.0,8.0,0.0,0.0,0.0,0.0,8.0,8.0,8.0,0.0
2018-05-16,4.781,8.0,0.0,8.0,0.0,0.0,0.0,0.0,8.0,8.0,8.0,0.0
2018-05-17,4.781,8.0,0.0,8.0,0.0,0.0,0.0,0.0,8.0,8.0,8.0,0.0
2018-05-18,4.781,8.0,0.0,8.0,0.0,0.0,0.0,0.0,8.0,8.0,8.0,0.0
2018-05-21,4.781,8.0,0.0,8.0,0.0,0.0,0.0,0.0,8.0,8.0,8.0,0.0
2018-05-22,4.781,8.0,0.0,8.0,0.0,0.0,0.0,0.0,8.0,8.0,8.0,0.0
2018-05-23,4.781,8.0,0.0,8.0,0.0,0.0,0.0,0.0,8.0,8.0,8.0,0.0
2018-05-24,4.781,8.0,0.0,8.0,0.0,0.0,0.0,0.0,8.0,8.0,8.0,0.0
2018-05-25,4.781,8.0,0.0,8.0,0.0,0.0,0.0,0.0,8.0,8.0,8.0,0.0
2018-05-28,4.781,8.0,0.0,8.0,0.0,0.0,0.0,0.0,8.0,8.0,8.0,0.0
2018-05-29,4.781,8.0,0.0,8.0,0.0,0.0,0.0,0.0,8.0,8.0,8.0,0.0
2018-05-30,4.781,8.0,0.0,8.0,0.0,0.0,0.0,0.0,8.0,8.0,8.0,0.0
2018-05-31,4.781,8.0,0.0,8.0,0.0,0.0,0.0,0.0,8.0,8.0,8.0,0.0
2018-06-01,4.781,8.0,0.0,8.0,0.0,0.0,0.0,0.0,8.0,8.0,8.0,0.0
2018-06-04,4.781,8.0,0.0,8.0,0.0,0.0,0.0,0.0,8.0,8.0,8.0,0.0
2018-06-05,4.781,8.0,0.0,8.0,0.0,0.0,0.0,0.0,8.0,8.0,8.0,0.0
2018-06-06,4.781,8.0,0.0,8.0,0.0,0.0,0.0,0.0,8.0,8.0,8.0,0.0
2018-06-07,4.781,8.0,0.0,8.0,0.0,0.0,0.0,0.0,8.0,8.0,8.0,0.0
2018-06-08,4.781,8.0,0.0,8.0,0.0,0.0,0.0,0.0,8.0,8.0,8.0,0.0
2018-06-11,4.781,8.0,0.0,8.0,0.0,0.0,0.0,0.0,8.0,8.0,8.0,0.0
2018-06-12,4.781,8.0,0.0,8.0,0.0,0.0,0.0,0.0,8.0,8.0,8.0,0.0
2018-06-13,4.781,8.0,0.0,8.0,0.0,0.0,0.0,0.0,8.0,8.0,8.0,0.0
2018-06-14,4.781,8.0,0.0,8.0,0.0,0.0,0.0,0.0,8.0,8.0,8.0,0.0
2018-06-15,4.781,8.0,0.0,8.0,0.0,0.0,0.0,0.0,8.0,8.0,8.0,0.0
2018-06-18,4.781,8.0,0.0,8.0,0.0,0.0,0.0,0.0,8.0,8.0,8.0,0.0
2018-06-19,4.781,8.0,0.0,8.0,100.0,800000.0,0.0,0.0,8.0,8.0,8.0,100.0
2018-06-20,4.781,8.0,0.0,8.0,0.0,0.0,0.0,0.0,8.0,8.0,8.0,0.0
2018-06-21,4.781,8.0,0.0,8.0,0.0,0.0,0.0,0.0,8.0,8.0,8.0,0.0
2018-06-22,4.781,8.0,0.0,8.0,0.0,0.0,0.0,0.0,8.0,8.0,8.0,0.0
2018-06-25,4.781,8.0,0.0,8.0,0.0,0.0,0.0,0.0,8.0,8.0,8.0,0.0
2018-06-26,4.781,8.0,0.0,8.0,0.0,0.0,0.0,0.0,8.0,8.0,8.0,0.0
2018-06-27,4.781,8.0,0.0,8.0,0.0,0.0,0.0,0.0,8.0,8.0,8.0,0.0
2018-06-28,4.781,8.0,0.0,8.0,0.0,0.0,0.0,0.0,8.0,8.0,8.0,0.0
2018-06-29,4.781,8.0,0.0,8.0,0.0,0.0,0.0,0.0,8.0,8.0,8.0,0.0
2018-07-02,4.781,8.0,0.0,8.0,0.0,0.0,0.0,0.0,8.0,8.0,8.0,0.0
2018-07-03,4.781,8.0,0.0,8.0,0.0,0.0,0.0,0.0,8.0,8.0,8.0,0.0
2018-07-04,4.781,8.0,0.0,8.0,0.0,0.0,0.0,0.0,8.0,8.0,8.0,0.0
2018-07-05,4.781,8.0,0.0,8.0,0.0,0.0,0.0,0.0,8.0,8.0,8.0,0.0
2018-07-06,4.781,8.0,0.0,8.0,0.0,0.0,0.0,0.0,8.0,8.0,8.0,0.0
2018-07-09,4.781,8.0,0.0,8.0,0.0,0.0,0.0,0.0,8.0,8.0,8.0,0.0
2018-07-10,4.781,8.0,0.0,8.0,0.0,0.0,0.0,0.0,8.0,8.0,8.0,0.0
2018-07-11,4.781,8.0,0.0,8.0,0.0,0.0,0.0,0.0,8.0,8.0,8.0,0.0
2018-07-12,4.781,8.0,0.0,8.0,0.0,0.0,0.0,0.0,8.0,8.0,8.0,0.0
2018-07-13,4.781,8.0,0.0,8.0,0.0,0.0,0.0,0.0,8.0,8.0,8.0,0.0
2018-07-16,4.781,8.0,0.0,8.0,0.0,0.0,0.0,0.0,8.0,8.0,8.0,0.0
2018-07-17,4.781,8.0,0.0,8.0,0.0,0.0,0.0,0.0,8.0,8.0,8.0,0.0
2018-07-18,4.781,8.0,0.0,8.0,0.0,0.0,0.0,0.0,8.0,8.0,8.0,0.0
2018-07-19,4.781,7.4,0.0,7.4,0.0,0.0,0.0,0.0,7.4,7.4,7.4,0.0
2018-07-20,4.781,7.4,0.0,7.4,0.0,0.0,0.0,0.0,7.4,7.4,7.4,0.0
2018-07-23,4.781,7.4,0.0,7.4,0.0,0.0,0.0,0.0,7.4,7.4,7.4,0.0
2018-07-24,4.781,7.4,0.0,7.4,0.0,0.0,0.0,0.0,7.4,7.4,7.4,0.0
2018-07-25,4.781,7.4,0.0,7.4,0.0,0.0,0.0,0.0,7.4,7.4,7.4,0.0
2018-07-26,4.781,7.4,0.0,7.4,0.0,0.0,0.0,0.0,7.4,7.4,7.4,0.0
2018-07-27,4.781,7.4,0.0,7.4,0.0,0.0,0.0,0.0,7.4,7.4,7.4,0.0
2018-07-30,4.781,7.4,0.0,7.4,0.0,0.0,0.0,0.0,7.4,7.4,7.4,0.0
2018-07-31,4.781,7.4,0.0,7.4,0.0,0.0,0.0,0.0,7.4,7.4,7.4,0.0
2018-08-01,4.781,7.4,0.0,7.4,0.0,0.0,0.0,0.0,7.4,7.4,7.4,0.0
2018-08-02,4.781,7.4,0.0,7.4,0.0,0.0,0.0,0.0,7.4,7.4,7.4,0.0
2018-08-03,4.781,7.4,0.0,7.4,0.0,0.0,0.0,0.0,7.4,7.4,7.4,0.0
2018-08-06,4.781,7.4,0.0,7.4,0.0,0.0,0.0,0.0,7.4,7.4,7.4,0.0
2018-08-07,4.781,7.4,0.0,7.4,0.0,0.0,0.0,0.0,7.4,7.4,7.4,0.0
2018-08-08,4.781,7.4,0.0,7.4,0.0,0.0,0.0,0.0,7.4,7.4,7.4,0.0
2018-08-09,4.781,7.4,0.0,7.4,0.0,0.0,0.0,0.0,7.4,7.4,7.4,0.0
2018-08-10,4.781,7.4,0.0,7.4,0.0,0.0,0.0,0.0,7.4,7.4,7.4,0.0
2018-08-13,4.781,7.4,0.0,7.4,0.0,0.0,0.0,0.0,7.4,7.4,7.4,0.0
2018-08-14,4.781,7.4,0.0,7.4,0.0,0.0,0.0,0.0,7.4,7.4,7.4,0.0
2018-08-15,4.781,7.4,0.0,7.4,0.0,0.0,0.0,0.0,7.4,7.4,7.4,0.0
2018-08-16,4.781,7.4,0.0,7.4,0.0,0.0,0.0,0.0,7.4,7.4,7.4,0.0
2018-08-17,4.781,7.4,0.0,7.4,0.0,0.0,0.0,0.0,7.4,7.4,7.4,0.0
2018-08-20,4.781,7.4,0.0,7.4,0.0,0.0,0.0,0.0,7.4,7.4,7.4,0.0
2018-08-21,4.781,7.4,0.0,7.4,0.0,0.0,0.0,0.0,7.4,7.4,7.4,0.0
2018-08-22,6.461,10.0,35.1351,10.0,300.0,3000000.0,0.0,0.0,10.0,10.0,10.0,300.0
2018-08-23,6.461,10.0,0.0,10.0,2100.0,21000000.0,0.0,0.0,10.0,10.0,10.0,2100.0
2018-08-24,6.461,10.0,0.0,10.0,0.0,0.0,0.0,0.0,10.0,10.0,10.0,0.0
2018-08-27,6.461,10.0,0.0,10.0,0.0,0.0,0.0,0.0,10.0,10.0,10.0,0.0
2018-08-28,6.461,10.0,0.0,10.0,0.0,0.0,0.0,0.0,10.0,10.0,10.0,0.0
2018-08-29,6.461,10.0,0.0,10.0,0.0,0.0,0.0,0.0,10.0,10.0,10.0,0.0
2018-08-30,6.461,10.0,0.0,10.0,0.0,0.0,0.0,0.0,10.0,10.0,10.0,0.0
2018-08-31,6.461,10.0,0.0,10.0,0.0,0.0,0.0,0.0,10.0,10.0,10.0,0.0
2018-09-04,6.461,10.0,0.0,10.0,0.0,0.0,0.0,0.0,10.0,10.0,10.0,0.0
2018-09-05,6.461,10.0,0.0,10.0,0.0,0.0,0.0,0.0,10.0,10.0,10.0,0.0
2018-09-06,6.461,10.0,0.0,10.0,0.0,0.0,0.0,0.0,10.0,10.0,10.0,0.0
2018-09-07,6.461,10.0,0.0,10.0,0.0,0.0,0.0,0.0,10.0,10.0,10.0,0.0
2018-09-10,6.461,10.0,0.0,10.0,0.0,0.0,0.0,0.0,10.0,10.0,10.0,0.0
2018-09-11,6.461,10.0,0.0,10.0,0.0,0.0,0.0,0.0,10.0,10.0,10.0,0.0
2018-09-12,6.461,10.0,0.0,10.0,0.0,0.0,0.0,0.0,10.0,10.0,10.0,0.0
2018-09-13,6.461,10.0,0.0,10.0,0.0,0.0,0.0,0.0,10.0,10.0,10.0,0.0
2018-09-14,6.461,10.0,0.0,10.0,0.0,0.0,0.0,0.0,10.0,10.0,10.0,0.0
2018-09-17,6.461,10.0,0.0,10.0,0.0,0.0,0.0,0.0,10.0,10.0,10.0,0.0
2018-09-18,6.461,10.0,0.0,10.0,0.0,0.0,0.0,0.0,10.0,10.0,10.0,0.0
2018-09-19,6.461,10.0,0.0,10.0,0.0,0.0,0.0,0.0,10.0,10.0,10.0,0.0
2018-09-20,6.461,10.0,0.0,10.0,0.0,0.0,0.0,0.0,10.0,10.0,10.0,0.0
2018-09-21,6.461,10.0,0.0,10.0,0.0,0.0,0.0,0.0,10.0,10.0,10.0,0.0
2018-09-24,6.461,10.0,0.0,10.0,0.0,0.0,0.0,0.0,10.0,10.0,10.0,0.0
2018-09-25,6.461,10.0,0.0,10.0,0.0,0.0,0.0,0.0,10.0,10.0,10.0,0.0
2018-09-26,6.461,10.0,0.0,10.0,0.0,0.0,0.0,0.0,10.0,10.0,10.0,0.0
2018-09-27,6.461,10.0,0.0,10.0,0.0,0.0,0.0,0.0,10.0,10.0,10.0,0.0
2018-09-28,6.461,10.0,0.0,10.0,0.0,0.0,0.0,0.0,10.0,10.0,10.0,0.0
2018-10-01,6.461,10.0,0.0,10.0,0.0,0.0,0.0,0.0,10.0,10.0,10.0,0.0
2018-10-02,6.461,10.0,0.0,10.0,0.0,0.0,0.0,0.0,10.0,10.0,10.0,0.0
2018-10-03,6.461,10.0,0.0,10.0,0.0,0.0,0.0,0.0,10.0,10.0,10.0,0.0
2018-10-04,6.461,10.0,0.0,10.0,0.0,0.0,0.0,0.0,10.0,10.0,10.0,0.0
2018-10-05,6.461,10.0,0.0,10.0,0.0,0.0,0.0,0.0,10.0,10.0,10.0,0.0
2018-10-08,6.461,10.0,0.0,10.0,0.0,0.0,0.0,0.0,10.0,10.0,10.0,0.0
2018-10-09,6.461,10.0,0.0,10.0,0.0,0.0,0.0,0.0,10.0,10.0,10.0,0.0
2018-10-10,6.461,10.0,0.0,10.0,0.0,0.0,0.0,0.0,10.0,10.0,10.0,0.0
2018-10-11,3.876,6.0,-40.0,6.0,900.0,5400000.0,0.0,0.0,6.0,6.0,6.0,900.0
2018-10-12,3.876,6.0,0.0,6.0,2800.0,16800000.0,0.0,0.0,6.0,6.0,6.0,2800.0
2018-10-15,3.876,6.0,0.0,6.0,0.0,0.0,0.0,0.0,6.0,6.0,6.0,0.0
2018-10-16,3.876,6.0,0.0,6.0,0.0,0.0,0.0,0.0,6.0,6.0,6.0,0.0
2018-10-17,3.876,6.0,0.0,6.0,300.0,1800000.0,0.0,0.0,6.0,6.0,6.0,300.0
2018-10-18,3.876,6.0,0.0,6.0,0.0,0.0,0.0,0.0,6.0,6.0,6.0,0.0
2018-10-19,3.876,6.0,0.0,6.0,0.0,0.0,0.0,0.0,6.0,6.0,6.0,0.0
2018-10-22,3.876,6.0,0.0,5.722,1800.0,10300000.0,0.0,0.0,5.5,6.0,5.5,1800.0
2018-10-23,3.682,5.7,0.0,5.7,0.0,0.0,0.0,0.0,5.7,5.7,5.7,0.0
2018-10-24,3.682,5.7,0.0,5.7,0.0,0.0,0.0,0.0,5.7,5.7,5.7,0.0
2018-10-25,3.682,5.7,0.0,5.7,0.0,0.0,0.0,0.0,5.7,5.7,5.7,0.0
2018-10-26,3.682,5.7,0.0,5.7,0.0,0.0,0.0,0.0,5.7,5.7,5.7,0.0
2018-10-29,3.682,5.7,0.0,5.7,0.0,0.0,0.0,0.0,5.7,5.7,5.7,0.0
2018-10-30,3.876,6.0,5.2632,6.0,1200.0,7200000.0,0.0,0.0,6.0,6.0,6.0,1200.0
2018-10-31,3.876,6.0,0.0,6.0,0.0,0.0,0.0,0.0,6.0,6.0,6.0,0.0
2018-11-01,3.876,6.0,0.0,6.0,0.0,0.0,0.0,0.0,6.0,6.0,6.0,0.0
2018-11-02,3.876,6.0,0.0,6.0,0.0,0.0,0.0,0.0,6.0,6.0,6.0,0.0
2018-11-05,3.876,6.0,0.0,6.0,0.0,0.0,0.0,0.0,6.0,6.0,6.0,0.0
2018-11-06,3.876,6.0,0.0,6.0,0.0,0.0,0.0,0.0,6.0,6.0,6.0,0.0
2018-11-07,3.876,6.0,0.0,6.0,0.0,0.0,0.0,0.0,6.0,6.0,6.0,0.0
2018-11-08,3.876,6.0,0.0,6.0,0.0,0.0,0.0,0.0,6.0,6.0,6.0,0.0
2018-11-09,3.876,6.0,0.0,6.0,0.0,0.0,0.0,0.0,6.0,6.0,6.0,0.0
2018-11-12,3.876,6.0,0.0,6.0,0.0,0.0,0.0,0.0,6.0,6.0,6.0,0.0
2018-11-13,3.876,6.0,0.0,6.0,0.0,0.0,0.0,0.0,6.0,6.0,6.0,0.0
2018-11-14,3.876,6.0,0.0,6.0,0.0,0.0,0.0,0.0,6.0,6.0,6.0,0.0
2018-11-15,3.876,6.0,0.0,6.0,0.0,0.0,0.0,0.0,6.0,6.0,6.0,0.0
2018-11-16,3.295,5.1,-15.0,5.1,10800.0,55080000.0,0.0,0.0,5.1,5.1,5.1,10800.0
2018-11-19,3.295,5.1,0.0,5.1,0.0,0.0,0.0,0.0,5.1,5.1,5.1,0.0
2018-11-20,3.295,5.1,0.0,5.1,0.0,0.0,0.0,0.0,5.1,5.1,5.1,0.0
2018-11-21,3.295,5.1,0.0,5.1,0.0,0.0,0.0,0.0,5.1,5.1,5.1,0.0
2018-11-22,3.295,5.1,0.0,5.1,0.0,0.0,0.0,0.0,5.1,5.1,5.1,0.0
2018-11-23,3.295,5.1,0.0,5.1,0.0,0.0,0.0,0.0,5.1,5.1,5.1,0.0
2018-11-26,3.295,5.1,0.0,5.1,0.0,0.0,0.0,0.0,5.1,5.1,5.1,0.0
2018-11-27,3.295,5.1,0.0,5.1,0.0,0.0,0.0,0.0,5.1,5.1,5.1,0.0
2018-11-28,3.295,5.1,0.0,5.1,0.0,0.0,0.0,0.0,5.1,5.1,5.1,0.0
2018-11-29,3.295,5.1,0.0,5.1,0.0,0.0,0.0,0.0,5.1,5.1,5.1,0.0
2018-11-30,3.295,5.1,0.0,5.1,0.0,0.0,0.0,0.0,5.1,5.1,5.1,0.0
2018-12-03,3.295,5.1,0.0,5.1,0.0,0.0,0.0,0.0,5.1,5.1,5.1,0.0
2018-12-04,3.295,5.1,0.0,5.1,0.0,0.0,0.0,0.0,5.1,5.1,5.1,0.0
2018-12-05,3.295,5.1,0.0,5.1,0.0,0.0,0.0,0.0,5.1,5.1,5.1,0.0
2018-12-06,3.295,5.1,0.0,5.1,0.0,0.0,0.0,0.0,5.1,5.1,5.1,0.0
2018-12-07,3.295,5.1,0.0,5.1,0.0,0.0,0.0,0.0,5.1,5.1,5.1,0.0
2018-12-10,3.295,5.1,0.0,5.1,0.0,0.0,0.0,0.0,5.1,5.1,5.1,0.0
2018-12-11,3.295,5.1,0.0,5.1,0.0,0.0,0.0,0.0,5.1,5.1,5.1,0.0
2018-12-12,3.295,5.1,0.0,5.1,0.0,0.0,0.0,0.0,5.1,5.1,5.1,0.0
2018-12-13,3.295,5.1,0.0,5.1,0.0,0.0,0.0,0.0,5.1,5.1,5.1,0.0
2018-12-14,3.295,5.1,0.0,5.1,0.0,0.0,0.0,0.0,5.1,5.1,5.1,0.0
2018-12-17,3.295,5.1,0.0,5.1,0.0,0.0,0.0,0.0,5.1,5.1,5.1,0.0
2018-12-18,3.295,5.1,0.0,5.1,0.0,0.0,0.0,0.0,5.1,5.1,5.1,0.0
2018-12-19,3.295,5.1,0.0,5.1,0.0,0.0,0.0,0.0,5.1,5.1,5.1,0.0
2018-12-20,3.295,5.1,0.0,5.1,0.0,0.0,0.0,0.0,5.1,5.1,5.1,0.0
2018-12-21,3.295,5.1,0.0,5.1,0.0,0.0,0.0,0.0,5.1,5.1,5.1,0.0
2018-12-24,3.295,5.1,0.0,5.1,0.0,0.0,0.0,0.0,5.1,5.1,5.1,0.0
2018-12-25,3.295,5.1,0.0,5.1,0.0,0.0,0.0,0.0,5.1,5.1,5.1,0.0
2018-12-26,3.295,5.1,0.0,5.1,0.0,0.0,0.0,0.0,5.1,5.1,5.1,0.0
2018-12-27,3.295,5.1,0.0,5.1,0.0,0.0,0.0,0.0,5.1,5.1,5.1,0.0
2018-12-28,3.295,5.1,0.0,5.1,0.0,0.0,0.0,0.0,5.1,5.1,5.1,0.0
2019-01-02,3.295,5.1,0.0,5.1,0.0,0.0,0.0,0.0,5.1,5.1,5.1,0.0
2019-01-03,3.295,5.1,0.0,5.1,0.0,0.0,0.0,0.0,5.1,5.1,5.1,0.0
2019-01-04,3.295,5.1,0.0,5.1,0.0,0.0,0.0,0.0,5.1,5.1,5.1,0.0
2019-01-07,3.295,5.1,0.0,5.1,0.0,0.0,0.0,0.0,5.1,5.1,5.1,0.0
2019-01-08,3.295,5.1,0.0,5.1,0.0,0.0,0.0,0.0,5.1,5.1,5.1,0.0
2019-01-09,3.295,5.1,0.0,5.1,0.0,0.0,0.0,0.0,5.1,5.1,5.1,0.0
2019-01-10,3.295,5.1,0.0,5.1,0.0,0.0,0.0,0.0,5.1,5.1,5.1,0.0
2019-01-11,3.295,5.1,0.0,5.1,0.0,0.0,0.0,0.0,5.1,5.1,5.1,0.0
2019-01-14,3.295,5.1,0.0,5.1,0.0,0.0,0.0,0.0,5.1,5.1,5.1,0.0
2019-01-15,3.295,5.1,0.0,5.1,0.0,0.0,0.0,0.0,5.1,5.1,5.1,0.0
2019-01-16,3.295,5.1,0.0,5.1,0.0,0.0,0.0,0.0,5.1,5.1,5.1,0.0
2019-01-17,3.295,5.1,0.0,5.1,0.0,0.0,0.0,0.0,5.1,5.1,5.1,0.0
2019-01-18,3.295,5.1,0.0,5.1,0.0,0.0,0.0,0.0,5.1,5.1,5.1,0.0
2019-01-21,3.295,5.1,0.0,5.1,0.0,0.0,0.0,0.0,5.1,5.1,5.1,0.0
2019-01-22,3.295,5.1,0.0,5.1,0.0,0.0,0.0,0.0,5.1,5.1,5.1,0.0
2019-01-23,3.295,5.1,0.0,5.1,0.0,0.0,0.0,0.0,5.1,5.1,5.1,0.0
2019-01-24,3.295,5.1,0.0,5.1,0.0,0.0,0.0,0.0,5.1,5.1,5.1,0.0
2019-01-25,3.295,5.1,0.0,5.1,0.0,0.0,0.0,0.0,5.1,5.1,5.1,0.0
2019-01-28,3.295,5.1,0.0,5.1,0.0,0.0,0.0,0.0,5.1,5.1,5.1,0.0
2019-01-29,3.295,5.1,0.0,5.1,0.0,0.0,0.0,0.0,5.1,5.1,5.1,0.0
2019-01-30,3.295,5.1,0.0,5.1,0.0,0.0,0.0,0.0,5.1,5.1,5.1,0.0
2019-01-31,3.295,5.1,0.0,5.1,0.0,0.0,0.0,0.0,5.1,5.1,5.1,0.0
2019-02-01,3.295,5.1,0.0,5.1,0.0,0.0,0.0,0.0,5.1,5.1,5.1,0.0
2019-02-11,3.295,5.1,0.0,5.1,0.0,0.0,0.0,0.0,5.1,5.1,5.1,0.0
2019-02-12,3.295,5.1,0.0,5.1,0.0,0.0,0.0,0.0,5.1,5.1,5.1,0.0
2019-02-13,3.295,5.1,0.0,5.1,0.0,0.0,0.0,0.0,5.1,5.1,5.1,0.0
2019-02-14,3.295,5.1,0.0,5.1,0.0,0.0,0.0,0.0,5.1,5.1,5.1,0.0
2019-02-15,3.295,5.1,0.0,5.1,0.0,0.0,0.0,0.0,5.1,5.1,5.1,0.0
2019-02-18,3.295,5.1,0.0,5.1,0.0,0.0,0.0,0.0,5.1,5.1,5.1,0.0
2019-02-19,3.295,5.1,0.0,5.1,0.0,0.0,0.0,0.0,5.1,5.1,5.1,0.0
2019-02-20,3.295,5.1,0.0,5.1,0.0,0.0,0.0,0.0,5.1,5.1,5.1,0.0
2019-02-21,3.295,5.1,0.0,5.1,0.0,0.0,0.0,0.0,5.1,5.1,5.1,0.0
2019-02-22,3.295,5.1,0.0,5.1,0.0,0.0,0.0,0.0,5.1,5.1,5.1,0.0
2019-02-25,3.295,5.1,0.0,5.1,0.0,0.0,0.0,0.0,5.1,5.1,5.1,0.0
2019-02-26,3.295,5.1,0.0,5.1,0.0,0.0,0.0,0.0,5.1,5.1,5.1,0.0
2019-02-27,3.295,5.1,0.0,5.1,0.0,0.0,0.0,0.0,5.1,5.1,5.1,0.0
2019-02-28,3.295,5.1,0.0,5.1,0.0,0.0,0.0,0.0,5.1,5.1,5.1,0.0
2019-03-01,3.295,5.1,0.0,5.1,0.0,0.0,0.0,0.0,5.1,5.1,5.1,0.0
2019-03-04,3.295,5.1,0.0,5.1,0.0,0.0,0.0,0.0,5.1,5.1,5.1,0.0
2019-03-05,3.295,5.1,0.0,5.1,0.0,0.0,0.0,0.0,5.1,5.1,5.1,0.0
2019-03-06,3.295,5.1,0.0,5.1,0.0,0.0,0.0,0.0,5.1,5.1,5.1,0.0
2019-03-07,3.295,5.1,0.0,5.1,0.0,0.0,0.0,0.0,5.1,5.1,5.1,0.0
2019-03-08,3.295,5.1,0.0,5.1,0.0,0.0,0.0,0.0,5.1,5.1,5.1,0.0
2019-03-11,3.295,5.1,0.0,5.1,0.0,0.0,0.0,0.0,5.1,5.1,5.1,0.0
2019-03-12,3.295,5.1,0.0,5.1,0.0,0.0,0.0,0.0,5.1,5.1,5.1,0.0
2019-03-13,3.295,5.1,0.0,5.1,0.0,0.0,0.0,0.0,5.1,5.1,5.1,0.0
2019-03-14,3.295,5.1,0.0,5.1,0.0,0.0,0.0,0.0,5.1,5.1,5.1,0.0
2019-03-15,3.295,5.1,0.0,5.1,0.0,0.0,0.0,0.0,5.1,5.1,5.1,0.0
2019-03-18,3.295,5.1,0.0,5.1,0.0,0.0,0.0,0.0,5.1,5.1,5.1,0.0
2019-03-19,3.295,5.1,0.0,5.1,0.0,0.0,0.0,0.0,5.1,5.1,5.1,0.0
2019-03-20,3.295,5.1,0.0,5.1,0.0,0.0,0.0,0.0,5.1,5.1,5.1,0.0
2019-03-21,3.295,5.1,0.0,5.1,0.0,0.0,0.0,0.0,5.1,5.1,5.1,0.0
2019-03-22,3.295,5.1,0.0,5.1,0.0,0.0,0.0,0.0,5.1,5.1,5.1,0.0
2019-03-25,3.295,5.1,0.0,5.1,0.0,0.0,0.0,0.0,5.1,5.1,5.1,0.0
2019-03-26,3.295,5.1,0.0,5.1,0.0,0.0,0.0,0.0,5.1,5.1,5.1,0.0
2019-03-27,3.295,5.1,0.0,5.1,0.0,0.0,0.0,0.0,5.1,5.1,5.1,0.0
2019-03-28,3.295,5.1,0.0,5.1,0.0,0.0,0.0,0.0,5.1,5.1,5.1,0.0
2019-03-29,3.295,5.1,0.0,5.1,0.0,0.0,0.0,0.0,5.1,5.1,5.1,0.0
2019-04-01,3.295,5.1,0.0,5.1,0.0,0.0,0.0,0.0,5.1,5.1,5.1,0.0
2019-04-02,3.295,5.1,0.0,5.1,0.0,0.0,0.0,0.0,5.1,5.1,5.1,0.0
2019-04-03,3.295,5.1,0.0,5.1,0.0,0.0,0.0,0.0,5.1,5.1,5.1,0.0
2019-04-04,3.295,5.1,0.0,5.1,0.0,0.0,0.0,0.0,5.1,5.1,5.1,0.0
2019-04-05,3.295,5.1,0.0,5.1,0.0,0.0,0.0,0.0,5.1,5.1,5.1,0.0
2019-04-08,3.295,5.1,0.0,5.1,0.0,0.0,0.0,0.0,5.1,5.1,5.1,0.0
2019-04-09,3.295,5.1,0.0,5.1,0.0,0.0,0.0,0.0,5.1,5.1,5.1,0.0
2019-04-10,3.295,5.1,0.0,5.1,0.0,0.0,0.0,0.0,5.1,5.1,5.1,0.0
2019-04-11,3.295,5.1,0.0,5.1,0.0,0.0,0.0,0.0,5.1,5.1,5.1,0.0
2019-04-12,3.295,5.1,0.0,5.1,0.0,0.0,0.0,0.0,5.1,5.1,5.1,0.0
2019-04-16,3.295,5.1,0.0,5.1,0.0,0.0,0.0,0.0,5.1,5.1,5.1,0.0
2019-04-17,3.295,5.1,0.0,5.1,0.0,0.0,0.0,0.0,5.1,5.1,5.1,0.0
2019-04-18,3.295,5.1,0.0,5.1,0.0,0.0,0.0,0.0,5.1,5.1,5.1,0.0
2019-04-19,3.295,5.1,0.0,5.1,0.0,0.0,0.0,0.0,5.1,5.1,5.1,0.0
2019-04-22,3.295,5.1,0.0,5.1,0.0,0.0,0.0,0.0,5.1,5.1,5.1,0.0
2019-04-23,3.295,5.1,0.0,5.1,0.0,0.0,0.0,0.0,5.1,5.1,5.1,0.0
2019-04-24,3.295,5.1,0.0,5.1,0.0,0.0,0.0,0.0,5.1,5.1,5.1,0.0
2019-04-25,3.295,5.1,0.0,5.1,0.0,0.0,0.0,0.0,5.1,5.1,5.1,0.0
2019-04-26,3.295,5.1,0.0,5.1,0.0,0.0,0.0,0.0,5.1,5.1,5.1,0.0
2019-05-02,3.295,5.1,0.0,5.1,0.0,0.0,0.0,0.0,5.1,5.1,5.1,0.0
2019-05-03,3.295,5.1,0.0,5.1,0.0,0.0,0.0,0.0,5.1,5.1,5.1,0.0
2019-05-06,3.295,5.1,0.0,5.1,0.0,0.0,0.0,0.0,5.1,5.1,5.1,0.0
2019-05-07,3.295,5.1,0.0,5.1,0.0,0.0,0.0,0.0,5.1,5.1,5.1,0.0
2019-05-08,3.295,5.1,0.0,5.1,0.0,0.0,0.0,0.0,5.1,5.1,5.1,0.0
2019-05-09,3.295,5.1,0.0,5.1,0.0,0.0,0.0,0.0,5.1,5.1,5.1,0.0
2019-05-10,3.295,5.1,0.0,5.1,0.0,0.0,0.0,0.0,5.1,5.1,5.1,0.0
2019-05-13,3.295,5.1,0.0,5.1,0.0,0.0,0.0,0.0,5.1,5.1,5.1,0.0
2019-05-14,3.295,5.1,0.0,5.1,0.0,0.0,0.0,0.0,5.1,5.1,5.1,0.0
2019-05-15,3.295,5.1,0.0,5.1,0.0,0.0,0.0,0.0,5.1,5.1,5.1,0.0
2019-05-16,3.295,5.1,0.0,5.1,0.0,0.0,0.0,0.0,5.1,5.1,5.1,0.0
2019-05-17,3.295,5.1,0.0,5.1,0.0,0.0,0.0,0.0,5.1,5.1,5.1,0.0
2019-05-20,3.295,5.1,0.0,5.1,0.0,0.0,0.0,0.0,5.1,5.1,5.1,0.0
2019-05-21,3.295,5.1,0.0,5.1,0.0,0.0,0.0,0.0,5.1,5.1,5.1,0.0
2019-05-22,3.295,5.1,0.0,5.1,0.0,0.0,0.0,0.0,5.1,5.1,5.1,0.0
2019-05-23,3.295,5.1,0.0,5.1,0.0,0.0,0.0,0.0,5.1,5.1,5.1,0.0
2019-05-24,3.295,5.1,0.0,5.1,0.0,0.0,0.0,0.0,5.1,5.1,5.1,0.0
2019-05-27,3.295,5.1,0.0,5.1,0.0,0.0,0.0,0.0,5.1,5.1,5.1,0.0
2019-05-28,3.295,5.1,0.0,5.1,0.0,0.0,0.0,0.0,5.1,5.1,5.1,0.0
2019-05-29,3.295,5.1,0.0,5.1,0.0,0.0,0.0,0.0,5.1,5.1,5.1,0.0
2019-05-30,3.295,5.1,0.0,5.1,0.0,0.0,0.0,0.0,5.1,5.1,5.1,0.0
2019-05-31,3.295,5.1,0.0,5.1,0.0,0.0,0.0,0.0,5.1,5.1,5.1,0.0
2019-06-03,3.295,5.1,0.0,5.1,0.0,0.0,0.0,0.0,5.1,5.1,5.1,0.0
2019-06-04,3.295,5.1,0.0,5.1,0.0,0.0,0.0,0.0,5.1,5.1,5.1,0.0
2019-06-05,3.295,5.1,0.0,5.1,0.0,0.0,0.0,0.0,5.1,5.1,5.1,0.0
2019-06-06,3.295,5.1,0.0,5.1,0.0,0.0,0.0,0.0,5.1,5.1,5.1,0.0
2019-06-07,3.295,5.1,0.0,5.1,0.0,0.0,0.0,0.0,5.1,5.1,5.1,0.0
2019-06-10,3.295,5.1,0.0,5.1,0.0,0.0,0.0,0.0,5.1,5.1,5.1,0.0
2019-06-11,3.295,5.1,0.0,5.1,0.0,0.0,0.0,0.0,5.1,5.1,5.1,0.0
2019-06-12,3.295,5.1,0.0,5.1,0.0,0.0,0.0,0.0,5.1,5.1,5.1,0.0
2019-06-13,3.295,5.1,0.0,5.1,0.0,0.0,0.0,0.0,5.1,5.1,5.1,0.0
2019-06-14,3.295,5.1,0.0,5.1,0.0,0.0,0.0,0.0,5.1,5.1,5.1,0.0
2019-06-17,3.295,5.1,0.0,5.1,0.0,0.0,0.0,0.0,5.1,5.1,5.1,0.0
2019-06-18,3.295,5.1,0.0,5.1,0.0,0.0,0.0,0.0,5.1,5.1,5.1,0.0
2019-06-19,3.295,5.1,0.0,5.1,0.0,0.0,0.0,0.0,5.1,5.1,5.1,0.0
2019-06-20,3.295,5.1,0.0,5.1,0.0,0.0,0.0,0.0,5.1,5.1,5.1,0.0
2019-06-21,3.295,5.1,0.0,5.1,0.0,0.0,0.0,0.0,5.1,5.1,5.1,0.0
2019-06-24,3.295,5.1,0.0,5.1,0.0,0.0,0.0,0.0,5.1,5.1,5.1,0.0
2019-06-25,3.295,5.1,0.0,5.1,0.0,0.0,0.0,0.0,5.1,5.1,5.1,0.0
2019-06-26,3.295,5.1,0.0,5.1,0.0,0.0,0.0,0.0,5.1,5.1,5.1,0.0
2019-06-27,3.295,5.1,0.0,5.1,0.0,0.0,0.0,0.0,5.1,5.1,5.1,0.0
2019-06-28,3.295,5.1,0.0,5.1,0.0,0.0,0.0,0.0,5.1,5.1,5.1,0.0
2019-07-01,3.295,5.1,0.0,5.1,0.0,0.0,0.0,0.0,5.1,5.1,5.1,0.0
2019-07-02,3.295,5.1,0.0,5.1,0.0,0.0,0.0,0.0,5.1,5.1,5.1,0.0
2019-07-03,3.295,5.1,0.0,5.1,0.0,0.0,0.0,0.0,5.1,5.1,5.1,0.0
2019-07-04,3.295,5.1,0.0,5.1,0.0,0.0,0.0,0.0,5.1,5.1,5.1,0.0
2019-07-05,3.295,5.1,0.0,5.1,0.0,0.0,0.0,0.0,5.1,5.1,5.1,0.0
2019-07-08,3.295,5.1,0.0,5.1,0.0,0.0,0.0,0.0,5.1,5.1,5.1,0.0
2019-07-09,3.295,5.1,0.0,5.1,0.0,0.0,0.0,0.0,5.1,5.1,5.1,0.0
2019-07-10,3.295,5.1,0.0,5.1,0.0,0.0,0.0,0.0,5.1,5.1,5.1,0.0
2019-07-11,3.295,5.1,0.0,5.1,0.0,0.0,0.0,0.0,5.1,5.1,5.1,0.0
2019-07-12,3.295,5.1,0.0,5.1,0.0,0.0,0.0,0.0,5.1,5.1,5.1,0.0
2019-07-15,3.295,5.1,0.0,5.1,0.0,0.0,0.0,0.0,5.1,5.1,5.1,0.0
2019-07-16,3.295,5.1,0.0,5.1,0.0,0.0,0.0,0.0,5.1,5.1,5.1,0.0
2019-07-17,3.295,5.1,0.0,5.1,0.0,0.0,0.0,0.0,5.1,5.1,5.1,0.0
2019-07-18,3.295,5.1,0.0,5.1,0.0,0.0,0.0,0.0,5.1,5.1,5.1,0.0
2019-07-19,3.295,5.1,0.0,5.1,0.0,0.0,0.0,0.0,5.1,5.1,5.1,0.0
2019-07-22,3.295,5.1,0.0,5.1,0.0,0.0,0.0,0.0,5.1,5.1,5.1,0.0
2019-07-23,3.295,5.1,0.0,5.1,0.0,0.0,0.0,0.0,5.1,5.1,5.1,0.0
2019-07-24,3.295,5.1,0.0,5.1,0.0,0.0,0.0,0.0,5.1,5.1,5.1,0.0
2019-07-25,3.295,4.5,0.0,4.5,0.0,0.0,0.0,0.0,4.5,4.5,4.5,0.0
2019-07-26,3.295,4.5,0.0,4.5,0.0,0.0,0.0,0.0,4.5,4.5,4.5,0.0
2019-07-29,3.295,4.5,0.0,4.5,0.0,0.0,0.0,0.0,4.5,4.5,4.5,0.0
2019-07-30,3.295,4.5,0.0,4.5,0.0,0.0,0.0,0.0,4.5,4.5,4.5,0.0
2019-07-31,3.295,4.5,0.0,4.5,0.0,0.0,0.0,0.0,4.5,4.5,4.5,0.0
2019-08-01,3.295,4.5,0.0,4.5,0.0,0.0,0.0,0.0,4.5,4.5,4.5,0.0
2019-08-02,3.295,4.5,0.0,4.5,0.0,0.0,0.0,0.0,4.5,4.5,4.5,0.0
2019-08-05,3.295,4.5,0.0,4.5,0.0,0.0,0.0,0.0,4.5,4.5,4.5,0.0
2019-08-06,3.295,4.5,0.0,4.5,0.0,0.0,0.0,0.0,4.5,4.5,4.5,0.0
2019-08-07,3.295,4.5,0.0,4.5,0.0,0.0,0.0,0.0,4.5,4.5,4.5,0.0
2019-08-08,3.295,4.5,0.0,4.5,0.0,0.0,0.0,0.0,4.5,4.5,4.5,0.0
2019-08-09,3.295,4.5,0.0,4.5,0.0,0.0,0.0,0.0,4.5,4.5,4.5,0.0
2019-08-12,3.295,4.5,0.0,4.5,0.0,0.0,0.0,0.0,4.5,4.5,4.5,0.0
2019-08-13,3.295,4.5,0.0,4.5,0.0,0.0,0.0,0.0,4.5,4.5,4.5,0.0
2019-08-14,3.295,4.5,0.0,4.5,0.0,0.0,0.0,0.0,4.5,4.5,4.5,0.0
2019-08-15,3.295,4.5,0.0,4.5,0.0,0.0,0.0,0.0,4.5,4.5,4.5,0.0
2019-08-16,3.295,4.5,0.0,4.5,0.0,0.0,0.0,0.0,4.5,4.5,4.5,0.0
2019-08-19,3.295,4.5,0.0,4.5,0.0,0.0,0.0,0.0,4.5,4.5,4.5,0.0
2019-08-20,3.295,4.5,0.0,4.5,0.0,0.0,0.0,0.0,4.5,4.5,4.5,0.0
2019-08-21,3.295,4.5,0.0,4.5,0.0,0.0,0.0,0.0,4.5,4.5,4.5,0.0
2019-08-22,3.295,4.5,0.0,4.5,0.0,0.0,0.0,0.0,4.5,4.5,4.5,0.0
2019-08-23,3.295,4.5,0.0,4.5,0.0,0.0,0.0,0.0,4.5,4.5,4.5,0.0
2019-08-26,3.295,4.5,0.0,4.5,0.0,0.0,0.0,0.0,4.5,4.5,4.5,0.0
2019-08-27,3.295,4.5,0.0,4.5,0.0,0.0,0.0,0.0,4.5,4.5,4.5,0.0
2019-08-28,3.295,4.5,0.0,4.5,0.0,0.0,0.0,0.0,4.5,4.5,4.5,0.0
2019-08-29,3.295,4.5,0.0,4.5,0.0,0.0,0.0,0.0,4.5,4.5,4.5,0.0
2019-08-30,3.295,4.5,0.0,4.5,0.0,0.0,0.0,0.0,4.5,4.5,4.5,0.0
2019-09-03,3.295,4.5,0.0,4.5,0.0,0.0,0.0,0.0,4.5,4.5,4.5,0.0
2019-09-04,3.295,4.5,0.0,4.5,0.0,0.0,0.0,0.0,4.5,4.5,4.5,0.0
2019-09-05,3.295,4.5,0.0,4.5,0.0,0.0,0.0,0.0,4.5,4.5,4.5,0.0
2019-09-06,3.295,4.5,0.0,4.5,0.0,0.0,0.0,0.0,4.5,4.5,4.5,0.0
2019-09-09,3.295,4.5,0.0,4.5,0.0,0.0,0.0,0.0,4.5,4.5,4.5,0.0
2019-09-10,3.295,4.5,0.0,4.5,0.0,0.0,0.0,0.0,4.5,4.5,4.5,0.0
2019-09-11,3.295,4.5,0.0,4.5,0.0,0.0,0.0,0.0,4.5,4.5,4.5,0.0
2019-09-12,3.295,4.5,0.0,4.5,0.0,0.0,0.0,0.0,4.5,4.5,4.5,0.0
2019-09-13,4.613,6.3,40.0,6.3,700.0,4410000.0,0.0,0.0,6.3,6.3,6.3,700.0
2019-09-16,5.272,7.2,14.2857,7.2,900.0,6480000.0,0.0,0.0,7.2,7.2,7.2,900.0
2019-09-17,5.272,7.2,0.0,7.2,0.0,0.0,0.0,0.0,7.2,7.2,7.2,0.0
2019-09-18,5.272,7.2,0.0,7.2,0.0,0.0,0.0,0.0,7.2,7.2,7.2,0.0
2019-09-19,5.272,7.2,0.0,7.2,0.0,0.0,0.0,0.0,7.2,7.2,7.2,0.0
2019-09-20,5.272,7.2,0.0,7.2,0.0,0.0,0.0,0.0,7.2,7.2,7.2,0.0
2019-09-23,5.272,7.2,0.0,7.2,0.0,0.0,0.0,0.0,7.2,7.2,7.2,0.0
2019-09-24,5.272,7.2,0.0,7.2,0.0,0.0,0.0,0.0,7.2,7.2,7.2,0.0
2019-09-25,5.272,7.2,0.0,7.2,0.0,0.0,0.0,0.0,7.2,7.2,7.2,0.0
2019-09-26,5.272,7.2,0.0,7.2,0.0,0.0,0.0,0.0,7.2,7.2,7.2,0.0
2019-09-27,5.272,7.2,0.0,7.2,0.0,0.0,0.0,0.0,7.2,7.2,7.2,0.0
2019-09-30,5.272,7.2,0.0,7.2,0.0,0.0,0.0,0.0,7.2,7.2,7.2,0.0
2019-10-01,5.272,7.2,0.0,7.2,0.0,0.0,0.0,0.0,7.2,7.2,7.2,0.0
2019-10-02,5.272,7.2,0.0,7.2,0.0,0.0,0.0,0.0,7.2,7.2,7.2,0.0
2019-10-03,5.272,7.2,0.0,7.2,0.0,0.0,0.0,0.0,7.2,7.2,7.2,0.0
2019-10-04,5.272,7.2,0.0,7.2,0.0,0.0,0.0,0.0,7.2,7.2,7.2,0.0
2019-10-07,5.272,7.2,0.0,7.2,0.0,0.0,0.0,0.0,7.2,7.2,7.2,0.0
2019-10-08,5.272,7.2,0.0,7.2,0.0,0.0,0.0,0.0,7.2,7.2,7.2,0.0
2019-10-09,5.272,7.2,0.0,7.2,0.0,0.0,0.0,0.0,7.2,7.2,7.2,0.0
2019-10-10,5.272,7.2,0.0,7.2,0.0,0.0,0.0,0.0,7.2,7.2,7.2,0.0
2019-10-11,5.272,7.2,0.0,7.2,0.0,0.0,0.0,0.0,7.2,7.2,7.2,0.0
2019-10-14,5.272,7.2,0.0,7.2,0.0,0.0,0.0,0.0,7.2,7.2,7.2,0.0
2019-10-15,5.272,7.2,0.0,7.2,0.0,0.0,0.0,0.0,7.2,7.2,7.2,0.0
2019-10-16,6.004,8.2,13.8889,8.2,700.0,5740000.0,0.0,0.0,8.2,8.2,8.2,700.0
2019-10-17,6.882,9.4,14.6341,9.4,100.0,940000.0,0.0,0.0,9.4,9.4,9.4,100.0
2019-10-18,6.882,9.4,0.0,9.4,0.0,0.0,0.0,0.0,9.4,9.4,9.4,0.0
2019-10-21,7.249,9.9,5.3191,9.9,100.0,990000.0,0.0,0.0,9.9,9.9,9.9,100.0
2019-10-22,7.249,9.9,0.0,9.9,0.0,0.0,0.0,0.0,9.9,9.9,9.9,0.0
2019-10-23,7.249,9.9,0.0,9.9,0.0,0.0,0.0,0.0,9.9,9.9,9.9,0.0
2019-10-24,7.249,9.9,0.0,9.9,0.0,0.0,0.0,0.0,9.9,9.9,9.9,0.0
2019-10-25,7.249,9.9,0.0,9.9,0.0,0.0,0.0,0.0,9.9,9.9,9.9,0.0
2019-10-28,7.249,9.9,0.0,9.9,0.0,0.0,0.0,0.0,9.9,9.9,9.9,0.0
2019-10-29,7.249,9.9,0.0,9.9,0.0,0.0,0.0,0.0,9.9,9.9,9.9,0.0
2019-10-30,7.249,9.9,0.0,9.9,0.0,0.0,0.0,0.0,9.9,9.9,9.9,0.0
2019-10-31,7.249,9.9,0.0,9.9,0.0,0.0,0.0,0.0,9.9,9.9,9.9,0.0
2019-11-01,7.249,9.9,0.0,9.9,0.0,0.0,0.0,0.0,9.9,9.9,9.9,0.0
2019-11-04,7.249,9.9,0.0,9.9,0.0,0.0,0.0,0.0,9.9,9.9,9.9,0.0
2019-11-05,7.249,9.9,0.0,9.9,0.0,0.0,0.0,0.0,9.9,9.9,9.9,0.0
2019-11-06,7.249,9.9,0.0,9.9,0.0,0.0,0.0,0.0,9.9,9.9,9.9,0.0
2019-11-07,7.249,9.9,0.0,9.9,0.0,0.0,0.0,0.0,9.9,9.9,9.9,0.0
2019-11-08,7.249,9.9,0.0,9.9,0.0,0.0,0.0,0.0,9.9,9.9,9.9,0.0
2019-11-11,7.249,9.9,0.0,9.9,0.0,0.0,0.0,0.0,9.9,9.9,9.9,0.0
2019-11-12,7.249,9.9,0.0,9.9,0.0,0.0,0.0,0.0,9.9,9.9,9.9,0.0
2019-11-13,7.249,9.9,0.0,9.9,0.0,0.0,0.0,0.0,9.9,9.9,9.9,0.0
2019-11-14,7.249,9.9,0.0,9.9,0.0,0.0,0.0,0.0,9.9,9.9,9.9,0.0
2019-11-15,7.249,9.9,0.0,9.9,0.0,0.0,0.0,0.0,9.9,9.9,9.9,0.0
2019-11-18,7.249,9.9,0.0,9.9,0.0,0.0,0.0,0.0,9.9,9.9,9.9,0.0
2019-11-19,7.249,9.9,0.0,9.9,0.0,0.0,0.0,0.0,9.9,9.9,9.9,0.0
2019-11-20,7.249,9.9,0.0,9.9,0.0,0.0,0.0,0.0,9.9,9.9,9.9,0.0
2019-11-21,7.249,9.9,0.0,9.9,0.0,0.0,0.0,0.0,9.9,9.9,9.9,0.0
2019-11-22,7.249,9.9,0.0,9.9,0.0,0.0,0.0,0.0,9.9,9.9,9.9,0.0
2019-11-25,7.249,9.9,0.0,9.9,0.0,0.0,0.0,0.0,9.9,9.9,9.9,0.0
2019-11-26,7.249,9.9,0.0,9.9,0.0,0.0,0.0,0.0,9.9,9.9,9.9,0.0
2019-11-27,7.249,9.9,0.0,9.9,0.0,0.0,0.0,0.0,9.9,9.9,9.9,0.0
2019-11-28,7.249,9.9,0.0,9.9,0.0,0.0,0.0,0.0,9.9,9.9,9.9,0.0
2019-11-29,7.249,9.9,0.0,9.9,0.0,0.0,0.0,0.0,9.9,9.9,9.9,0.0
2019-12-02,7.249,9.9,0.0,9.9,0.0,0.0,0.0,0.0,9.9,9.9,9.9,0.0
2019-12-03,7.249,9.9,0.0,9.9,0.0,0.0,0.0,0.0,9.9,9.9,9.9,0.0
2019-12-04,7.249,9.9,0.0,9.9,0.0,0.0,0.0,0.0,9.9,9.9,9.9,0.0
2019-12-05,7.249,9.9,0.0,9.9,0.0,0.0,0.0,0.0,9.9,9.9,9.9,0.0
2019-12-06,7.249,9.9,0.0,9.9,0.0,0.0,0.0,0.0,9.9,9.9,9.9,0.0
2019-12-09,7.249,9.9,0.0,9.9,0.0,0.0,0.0,0.0,9.9,9.9,9.9,0.0
2019-12-10,7.249,9.9,0.0,9.9,0.0,0.0,0.0,0.0,9.9,9.9,9.9,0.0
2019-12-11,7.249,9.9,0.0,9.9,0.0,0.0,0.0,0.0,9.9,9.9,9.9,0.0
2019-12-12,7.249,9.9,0.0,9.9,0.0,0.0,0.0,0.0,9.9,9.9,9.9,0.0
2019-12-13,7.249,9.9,0.0,9.9,0.0,0.0,0.0,0.0,9.9,9.9,9.9,0.0
2019-12-16,7.249,9.9,0.0,9.9,0.0,0.0,0.0,0.0,9.9,9.9,9.9,0.0
2019-12-17,7.249,9.9,0.0,9.9,0.0,0.0,0.0,0.0,9.9,9.9,9.9,0.0
2019-12-18,7.249,9.9,0.0,9.9,0.0,0.0,0.0,0.0,9.9,9.9,9.9,0.0
2019-12-19,7.249,9.9,0.0,9.9,0.0,0.0,0.0,0.0,9.9,9.9,9.9,0.0
2019-12-20,7.249,9.9,0.0,9.9,0.0,0.0,0.0,0.0,9.9,9.9,9.9,0.0
2019-12-23,7.249,9.9,0.0,9.9,0.0,0.0,0.0,0.0,9.9,9.9,9.9,0.0
2019-12-24,7.249,9.9,0.0,9.9,0.0,0.0,0.0,0.0,9.9,9.9,9.9,0.0
2019-12-25,7.249,9.9,0.0,9.9,0.0,0.0,0.0,0.0,9.9,9.9,9.9,0.0
2019-12-26,7.249,9.9,0.0,9.9,0.0,0.0,0.0,0.0,9.9,9.9,9.9,0.0
2019-12-27,7.249,9.9,0.0,9.9,0.0,0.0,0.0,0.0,9.9,9.9,9.9,0.0
2019-12-30,7.249,9.9,0.0,9.9,0.0,0.0,0.0,0.0,9.9,9.9,9.9,0.0
2019-12-31,7.249,9.9,0.0,9.9,0.0,0.0,0.0,0.0,9.9,9.9,9.9,0.0
2020-01-02,7.249,9.9,0.0,9.9,0.0,0.0,0.0,0.0,9.9,9.9,9.9,0.0
2020-01-03,7.249,9.9,0.0,9.9,0.0,0.0,0.0,0.0,9.9,9.9,9.9,0.0
2020-01-06,7.249,9.9,0.0,9.9,0.0,0.0,0.0,0.0,9.9,9.9,9.9,0.0
2020-01-07,7.249,9.9,0.0,9.9,0.0,0.0,0.0,0.0,9.9,9.9,9.9,0.0
2020-01-08,7.249,9.9,0.0,9.9,0.0,0.0,0.0,0.0,9.9,9.9,9.9,0.0
2020-01-09,7.249,9.9,0.0,9.9,0.0,0.0,0.0,0.0,9.9,9.9,9.9,0.0
2020-01-10,7.249,9.9,0.0,9.9,0.0,0.0,0.0,0.0,9.9,9.9,9.9,0.0
2020-01-13,7.249,9.9,0.0,9.9,0.0,0.0,0.0,0.0,9.9,9.9,9.9,0.0
2020-01-14,7.249,9.9,0.0,9.9,0.0,0.0,0.0,0.0,9.9,9.9,9.9,0.0
2020-01-15,7.249,9.9,0.0,9.9,0.0,0.0,0.0,0.0,9.9,9.9,9.9,0.0
2020-01-16,7.249,9.9,0.0,9.9,0.0,0.0,0.0,0.0,9.9,9.9,9.9,0.0
2020-01-17,7.249,9.9,0.0,9.9,0.0,0.0,0.0,0.0,9.9,9.9,9.9,0.0
2020-01-20,7.249,9.9,0.0,9.9,0.0,0.0,0.0,0.0,9.9,9.9,9.9,0.0
2020-01-21,7.249,9.9,0.0,9.9,0.0,0.0,0.0,0.0,9.9,9.9,9.9,0.0
2020-01-22,7.249,9.9,0.0,9.9,0.0,0.0,0.0,0.0,9.9,9.9,9.9,0.0
2020-01-30,7.249,9.9,0.0,9.9,0.0,0.0,0.0,0.0,9.9,9.9,9.9,0.0
2020-01-31,7.249,9.9,0.0,9.9,0.0,0.0,0.0,0.0,9.9,9.9,9.9,0.0
2020-02-03,7.249,9.9,0.0,9.9,0.0,0.0,0.0,0.0,9.9,9.9,9.9,0.0
2020-02-04,7.249,9.9,0.0,9.9,0.0,0.0,0.0,0.0,9.9,9.9,9.9,0.0
2020-02-05,7.249,9.9,0.0,9.9,0.0,0.0,0.0,0.0,9.9,9.9,9.9,0.0
2020-02-06,7.249,9.9,0.0,9.9,0.0,0.0,0.0,0.0,9.9,9.9,9.9,0.0
2020-02-07,10.105,13.8,39.3939,13.8,300.0,4140000.0,0.0,0.0,13.8,13.8,13.8,300.0
2020-02-10,10.105,13.8,0.0,13.8,0.0,0.0,0.0,0.0,13.8,13.8,13.8,0.0
2020-02-11,10.105,13.8,0.0,13.8,0.0,0.0,0.0,0.0,13.8,13.8,13.8,0.0
2020-02-12,10.105,13.8,0.0,13.8,0.0,0.0,0.0,0.0,13.8,13.8,13.8,0.0
2020-02-13,10.105,13.8,0.0,13.8,0.0,0.0,0.0,0.0,13.8,13.8,13.8,0.0
2020-02-14,10.105,13.8,0.0,13.8,0.0,0.0,0.0,0.0,13.8,13.8,13.8,0.0
2020-02-17,10.105,13.8,0.0,13.8,0.0,0.0,0.0,0.0,13.8,13.8,13.8,0.0
2020-02-18,10.105,13.8,0.0,13.8,0.0,0.0,0.0,0.0,13.8,13.8,13.8,0.0
2020-02-19,10.105,13.8,0.0,13.8,0.0,0.0,0.0,0.0,13.8,13.8,13.8,0.0
2020-02-20,8.64,11.8,-14.4928,11.8,100.0,1180000.0,0.0,0.0,11.8,11.8,11.8,100.0
2020-02-21,8.64,11.8,0.0,11.8,0.0,0.0,0.0,0.0,11.8,11.8,11.8,0.0
2020-02-24,8.64,11.8,0.0,11.8,0.0,0.0,0.0,0.0,11.8,11.8,11.8,0.0
2020-02-25,8.64,11.8,0.0,11.8,0.0,0.0,0.0,0.0,11.8,11.8,11.8,0.0
2020-02-26,8.64,11.8,0.0,11.8,0.0,0.0,0.0,0.0,11.8,11.8,11.8,0.0
2020-02-27,8.64,11.8,0.0,11.8,0.0,0.0,0.0,0.0,11.8,11.8,11.8,0.0
2020-02-28,8.64,11.8,0.0,11.8,0.0,0.0,0.0,0.0,11.8,11.8,11.8,0.0
2020-03-02,8.64,11.8,0.0,11.8,0.0,0.0,0.0,0.0,11.8,11.8,11.8,0.0
2020-03-03,8.64,11.8,0.0,11.8,0.0,0.0,0.0,0.0,11.8,11.8,11.8,0.0
2020-03-04,8.64,11.8,0.0,11.8,0.0,0.0,0.0,0.0,11.8,11.8,11.8,0.0
2020-03-05,8.64,11.8,0.0,11.8,0.0,0.0,0.0,0.0,11.8,11.8,11.8,0.0
2020-03-06,8.64,11.8,0.0,11.8,0.0,0.0,0.0,0.0,11.8,11.8,11.8,0.0
2020-03-09,8.64,11.8,0.0,11.8,0.0,0.0,0.0,0.0,11.8,11.8,11.8,0.0
2020-03-10,8.64,11.8,0.0,11.8,0.0,0.0,0.0,0.0,11.8,11.8,11.8,0.0
2020-03-11,8.64,11.8,0.0,11.8,0.0,0.0,0.0,0.0,11.8,11.8,11.8,0.0
2020-03-12,8.64,11.8,0.0,11.8,0.0,0.0,0.0,0.0,11.8,11.8,11.8,0.0
2020-03-13,8.64,11.8,0.0,11.8,0.0,0.0,0.0,0.0,11.8,11.8,11.8,0.0
2020-03-16,8.64,11.8,0.0,11.8,0.0,0.0,0.0,0.0,11.8,11.8,11.8,0.0
2020-03-17,8.64,11.8,0.0,11.8,0.0,0.0,0.0,0.0,11.8,11.8,11.8,0.0
2020-03-18,8.64,11.8,0.0,11.8,0.0,0.0,0.0,0.0,11.8,11.8,11.8,0.0
2020-03-19,8.64,11.8,0.0,11.8,0.0,0.0,0.0,0.0,11.8,11.8,11.8,0.0
2020-03-20,8.64,11.8,0.0,11.8,0.0,0.0,0.0,0.0,11.8,11.8,11.8,0.0
2020-03-23,8.64,11.8,0.0,11.8,0.0,0.0,0.0,0.0,11.8,11.8,11.8,0.0
2020-03-24,8.64,11.8,0.0,11.8,0.0,0.0,0.0,0.0,11.8,11.8,11.8,0.0
2020-03-25,8.64,11.8,0.0,11.8,0.0,0.0,0.0,0.0,11.8,11.8,11.8,0.0
2020-03-26,8.64,11.8,0.0,11.8,0.0,0.0,0.0,0.0,11.8,11.8,11.8,0.0
2020-03-27,8.64,11.8,0.0,11.8,0.0,0.0,0.0,0.0,11.8,11.8,11.8,0.0
2020-03-30,8.64,11.8,0.0,11.8,0.0,0.0,0.0,0.0,11.8,11.8,11.8,0.0
2020-03-31,8.64,11.8,0.0,11.8,0.0,0.0,0.0,0.0,11.8,11.8,11.8,0.0
2020-04-01,8.64,11.8,0.0,11.8,0.0,0.0,0.0,0.0,11.8,11.8,11.8,0.0
2020-04-03,8.64,11.8,0.0,11.8,0.0,0.0,0.0,0.0,11.8,11.8,11.8,0.0
2020-04-06,8.64,11.8,0.0,11.8,0.0,0.0,0.0,0.0,11.8,11.8,11.8,0.0
2020-04-07,8.64,11.8,0.0,11.8,0.0,0.0,0.0,0.0,11.8,11.8,11.8,0.0
2020-04-08,8.64,11.8,0.0,11.8,0.0,0.0,0.0,0.0,11.8,11.8,11.8,0.0
2020-04-09,8.64,11.8,0.0,11.8,0.0,0.0,0.0,0.0,11.8,11.8,11.8,0.0
2020-04-10,8.64,11.8,0.0,11.8,0.0,0.0,0.0,0.0,11.8,11.8,11.8,0.0
2020-04-13,8.64,11.8,0.0,11.8,0.0,0.0,0.0,0.0,11.8,11.8,11.8,0.0
2020-04-14,8.64,11.8,0.0,11.8,0.0,0.0,0.0,0.0,11.8,11.8,11.8,0.0
2020-04-15,8.64,11.8,0.0,11.8,0.0,0.0,0.0,0.0,11.8,11.8,11.8,0.0
2020-04-16,8.64,11.8,0.0,11.8,0.0,0.0,0.0,0.0,11.8,11.8,11.8,0.0
2020-04-17,8.64,11.8,0.0,11.8,0.0,0.0,0.0,0.0,11.8,11.8,11.8,0.0
2020-04-20,8.64,11.8,0.0,11.8,0.0,0.0,0.0,0.0,11.8,11.8,11.8,0.0
2020-04-21,8.64,11.8,0.0,11.8,0.0,0.0,0.0,0.0,11.8,11.8,11.8,0.0
2020-04-22,8.64,11.8,0.0,11.8,0.0,0.0,0.0,0.0,11.8,11.8,11.8,0.0
2020-04-23,8.64,11.8,0.0,11.8,0.0,0.0,0.0,0.0,11.8,11.8,11.8,0.0
2020-04-24,8.64,11.8,0.0,11.8,0.0,0.0,0.0,0.0,11.8,11.8,11.8,0.0
2020-04-27,8.64,11.8,0.0,11.8,0.0,0.0,0.0,0.0,11.8,11.8,11.8,0.0
2020-04-28,8.64,11.8,0.0,11.8,0.0,0.0,0.0,0.0,11.8,11.8,11.8,0.0
2020-04-29,8.64,11.8,0.0,11.8,0.0,0.0,0.0,0.0,11.8,11.8,11.8,0.0
2020-05-04,8.64,11.8,0.0,11.8,0.0,0.0,0.0,0.0,11.8,11.8,11.8,0.0
2020-05-05,8.64,11.8,0.0,11.8,0.0,0.0,0.0,0.0,11.8,11.8,11.8,0.0
2020-05-06,8.64,11.8,0.0,11.8,0.0,0.0,0.0,0.0,11.8,11.8,11.8,0.0
2020-05-07,8.64,11.8,0.0,11.8,0.0,0.0,0.0,0.0,11.8,11.8,11.8,0.0
2020-05-08,8.64,11.8,0.0,11.8,0.0,0.0,0.0,0.0,11.8,11.8,11.8,0.0
2020-05-11,8.64,11.8,0.0,11.8,0.0,0.0,0.0,0.0,11.8,11.8,11.8,0.0
2020-05-12,8.64,11.8,0.0,11.8,0.0,0.0,0.0,0.0,11.8,11.8,11.8,0.0
2020-05-13,8.64,11.8,0.0,11.8,0.0,0.0,0.0,0.0,11.8,11.8,11.8,0.0
2020-05-14,8.64,11.8,0.0,11.8,0.0,0.0,0.0,0.0,11.8,11.8,11.8,0.0
2020-05-15,8.64,11.8,0.0,11.8,0.0,0.0,0.0,0.0,11.8,11.8,11.8,0.0
2020-05-18,8.64,11.8,0.0,11.8,0.0,0.0,0.0,0.0,11.8,11.8,11.8,0.0
2020-05-19,8.64,11.8,0.0,11.8,0.0,0.0,0.0,0.0,11.8,11.8,11.8,0.0
2020-05-20,8.64,11.8,0.0,11.8,0.0,0.0,0.0,0.0,11.8,11.8,11.8,0.0
2020-05-21,8.64,11.8,0.0,11.8,0.0,0.0,0.0,0.0,11.8,11.8,11.8,0.0
2020-05-22,8.64,11.8,0.0,11.8,0.0,0.0,0.0,0.0,11.8,11.8,11.8,0.0
2020-05-25,8.64,11.8,0.0,11.8,0.0,0.0,0.0,0.0,11.8,11.8,11.8,0.0
2020-05-26,8.64,11.8,0.0,11.8,0.0,0.0,0.0,0.0,11.8,11.8,11.8,0.0
2020-05-27,8.64,11.8,0.0,11.8,0.0,0.0,0.0,0.0,11.8,11.8,11.8,0.0
2020-05-28,8.64,11.8,0.0,11.8,0.0,0.0,0.0,0.0,11.8,11.8,11.8,0.0
2020-05-29,8.64,11.8,0.0,11.8,0.0,0.0,0.0,0.0,11.8,11.8,11.8,0.0
2020-06-01,8.64,11.8,0.0,11.8,0.0,0.0,0.0,0.0,11.8,11.8,11.8,0.0
2020-06-02,8.64,11.8,0.0,11.8,0.0,0.0,0.0,0.0,11.8,11.8,11.8,0.0
2020-06-03,8.64,11.8,0.0,11.8,0.0,0.0,0.0,0.0,11.8,11.8,11.8,0.0
2020-06-04,8.64,11.8,0.0,11.8,0.0,0.0,0.0,0.0,11.8,11.8,11.8,0.0
2020-06-05,8.64,11.8,0.0,11.8,0.0,0.0,0.0,0.0,11.8,11.8,11.8,0.0
2020-06-08,8.64,11.8,0.0,11.8,0.0,0.0,0.0,0.0,11.8,11.8,11.8,0.0
2020-06-09,8.64,11.8,0.0,11.8,0.0,0.0,0.0,0.0,11.8,11.8,11.8,0.0
2020-06-10,8.64,11.8,0.0,11.8,0.0,0.0,0.0,0.0,11.8,11.8,11.8,0.0
2020-06-11,8.64,11.8,0.0,11.8,0.0,0.0,0.0,0.0,11.8,11.8,11.8,0.0
2020-06-12,8.64,11.8,0.0,11.8,0.0,0.0,0.0,0.0,11.8,11.8,11.8,0.0
2020-06-15,8.64,11.8,0.0,11.8,0.0,0.0,0.0,0.0,11.8,11.8,11.8,0.0
2020-06-16,8.64,11.8,0.0,11.8,0.0,0.0,0.0,0.0,11.8,11.8,11.8,0.0
2020-06-17,8.64,11.8,0.0,11.8,0.0,0.0,0.0,0.0,11.8,11.8,11.8,0.0
2020-06-18,8.64,11.8,0.0,11.8,0.0,0.0,0.0,0.0,11.8,11.8,11.8,0.0
2020-06-19,8.64,11.8,0.0,11.8,0.0,0.0,0.0,0.0,11.8,11.8,11.8,0.0
2020-06-22,8.64,11.8,0.0,11.8,0.0,0.0,0.0,0.0,11.8,11.8,11.8,0.0
2020-06-23,8.64,11.8,0.0,11.8,0.0,0.0,0.0,0.0,11.8,11.8,11.8,0.0
2020-06-24,8.64,11.8,0.0,11.8,0.0,0.0,0.0,0.0,11.8,11.8,11.8,0.0
2020-06-25,8.64,11.8,0.0,11.8,0.0,0.0,0.0,0.0,11.8,11.8,11.8,0.0
2020-06-26,8.64,11.8,0.0,11.8,0.0,0.0,0.0,0.0,11.8,11.8,11.8,0.0
2020-06-29,8.64,11.8,0.0,11.8,0.0,0.0,0.0,0.0,11.8,11.8,11.8,0.0
2020-06-30,8.64,11.8,0.0,11.8,0.0,0.0,0.0,0.0,11.8,11.8,11.8,0.0
2020-07-01,8.64,11.8,0.0,11.8,0.0,0.0,0.0,0.0,11.8,11.8,11.8,0.0
2020-07-02,8.64,11.8,0.0,11.8,0.0,0.0,0.0,0.0,11.8,11.8,11.8,0.0
2020-07-03,8.64,11.8,0.0,11.8,0.0,0.0,0.0,0.0,11.8,11.8,11.8,0.0
2020-07-06,8.64,11.8,0.0,11.8,0.0,0.0,0.0,0.0,11.8,11.8,11.8,0.0
2020-07-07,8.64,11.8,0.0,11.8,0.0,0.0,0.0,0.0,11.8,11.8,11.8,0.0
2020-07-08,8.64,11.8,0.0,11.8,0.0,0.0,0.0,0.0,11.8,11.8,11.8,0.0
2020-07-09,8.64,11.8,0.0,11.8,0.0,0.0,0.0,0.0,11.8,11.8,11.8,0.0
2020-07-10,8.64,11.8,0.0,11.8,0.0,0.0,0.0,0.0,11.8,11.8,11.8,0.0
2020-07-13,8.64,11.8,0.0,11.8,0.0,0.0,0.0,0.0,11.8,11.8,11.8,0.0
2020-07-14,8.64,11.8,0.0,11.8,0.0,0.0,0.0,0.0,11.8,11.8,11.8,0.0
2020-07-15,8.64,11.8,0.0,11.8,0.0,0.0,0.0,0.0,11.8,11.8,11.8,0.0
2020-07-16,8.64,11.8,0.0,11.8,0.0,0.0,0.0,0.0,11.8,11.8,11.8,0.0
2020-07-17,8.64,11.8,0.0,11.8,0.0,0.0,0.0,0.0,11.8,11.8,11.8,0.0
2020-07-20,8.64,11.8,0.0,11.8,0.0,0.0,0.0,0.0,11.8,11.8,11.8,0.0
2020-07-21,8.64,11.8,0.0,11.8,0.0,0.0,0.0,0.0,11.8,11.8,11.8,0.0
2020-07-22,8.64,11.8,0.0,11.8,0.0,0.0,0.0,0.0,11.8,11.8,11.8,0.0
2020-07-23,8.64,11.8,0.0,11.8,0.0,0.0,0.0,0.0,11.8,11.8,11.8,0.0
2020-07-24,8.64,11.8,0.0,11.8,0.0,0.0,0.0,0.0,11.8,11.8,11.8,0.0
2020-07-27,8.64,11.8,0.0,11.8,0.0,0.0,0.0,0.0,11.8,11.8,11.8,0.0
2020-07-28,8.64,11.8,0.0,11.8,0.0,0.0,0.0,0.0,11.8,11.8,11.8,0.0
2020-07-29,8.64,11.8,0.0,11.8,0.0,0.0,0.0,0.0,11.8,11.8,11.8,0.0
2020-07-30,8.64,10.8,0.0,10.8,0.0,0.0,0.0,0.0,10.8,10.8,10.8,0.0
2020-07-31,8.64,10.8,0.0,10.8,0.0,0.0,0.0,0.0,10.8,10.8,10.8,0.0
2020-08-03,8.64,10.8,0.0,10.8,0.0,0.0,0.0,0.0,10.8,10.8,10.8,0.0
2020-08-04,8.64,10.8,0.0,10.8,0.0,0.0,0.0,0.0,10.8,10.8,10.8,0.0
2020-08-05,8.64,10.8,0.0,10.8,0.0,0.0,0.0,0.0,10.8,10.8,10.8,0.0
2020-08-06,8.64,10.8,0.0,10.8,0.0,0.0,0.0,0.0,10.8,10.8,10.8,0.0
2020-08-07,8.64,10.8,0.0,10.8,0.0,0.0,0.0,0.0,10.8,10.8,10.8,0.0
2020-08-10,8.64,10.8,0.0,10.8,0.0,0.0,0.0,0.0,10.8,10.8,10.8,0.0
2020-08-11,8.64,10.8,0.0,10.8,0.0,0.0,0.0,0.0,10.8,10.8,10.8,0.0
2020-08-12,8.64,10.8,0.0,10.8,0.0,0.0,0.0,0.0,10.8,10.8,10.8,0.0
2020-08-13,5.2,6.5,-39.8148,6.5,100.0,650000.0,0.0,0.0,6.5,6.5,6.5,100.0
2020-08-14,5.6,7.0,7.6923,7.0,3500.0,24500000.0,0.0,0.0,7.0,7.0,7.0,3500.0
2020-08-17,5.44,6.8,-2.8571,6.8,2200.0,14960000.0,0.0,0.0,6.8,6.8,6.8,2200.0
2020-08-18,5.44,6.8,0.0,6.8,0.0,0.0,0.0,0.0,6.8,6.8,6.8,0.0
2020-08-19,5.44,6.8,0.0,6.8,0.0,0.0,0.0,0.0,6.8,6.8,6.8,0.0
2020-08-20,5.44,6.8,0.0,6.8,0.0,0.0,0.0,0.0,6.8,6.8,6.8,0.0
2020-08-21,5.44,6.8,0.0,6.8,0.0,0.0,0.0,0.0,6.8,6.8,6.8,0.0
2020-08-24,5.44,6.8,0.0,6.8,0.0,0.0,0.0,0.0,6.8,6.8,6.8,0.0
2020-08-25,5.44,6.8,0.0,6.8,0.0,0.0,0.0,0.0,6.8,6.8,6.8,0.0
2020-08-26,5.44,6.8,0.0,6.8,0.0,0.0,0.0,0.0,6.8,6.8,6.8,0.0
2020-08-27,5.44,6.8,0.0,6.8,0.0,0.0,0.0,0.0,6.8,6.8,6.8,0.0
2020-08-28,5.44,6.8,0.0,6.8,0.0,0.0,0.0,0.0,6.8,6.8,6.8,0.0
2020-08-31,5.44,6.8,0.0,6.8,0.0,0.0,0.0,0.0,6.8,6.8,6.8,0.0
2020-09-01,5.6,7.0,2.9412,7.0,200.0,1400000.0,0.0,0.0,7.0,7.0,7.0,200.0
2020-09-03,5.6,7.0,0.0,7.0,0.0,0.0,0.0,0.0,7.0,7.0,7.0,0.0
2020-09-04,5.6,7.0,0.0,7.0,0.0,0.0,0.0,0.0,7.0,7.0,7.0,0.0
2020-09-07,5.68,7.1,1.4286,7.1,1600.0,11360000.0,0.0,0.0,7.1,7.1,7.1,1600.0
2020-09-08,5.68,7.1,0.0,7.1,0.0,0.0,0.0,0.0,7.1,7.1,7.1,0.0
2020-09-09,5.68,7.1,0.0,7.1,0.0,0.0,0.0,0.0,7.1,7.1,7.1,0.0
2020-09-10,5.68,7.1,0.0,7.1,0.0,0.0,0.0,0.0,7.1,7.1,7.1,0.0
2020-09-11,5.68,7.1,0.0,7.1,0.0,0.0,0.0,0.0,7.1,7.1,7.1,0.0
2020-09-14,5.68,7.1,0.0,7.1,0.0,0.0,0.0,0.0,7.1,7.1,7.1,0.0
2020-09-15,4.88,6.1,-14.0845,6.1,400.0,2440000.0,0.0,0.0,6.1,6.1,6.1,400.0
2020-09-16,5.12,6.4,4.918,6.4,1800.0,11520000.0,0.0,0.0,6.4,6.4,6.4,1800.0
2020-09-17,5.12,6.4,0.0,6.4,0.0,0.0,0.0,0.0,6.4,6.4,6.4,0.0
2020-09-18,5.12,6.4,0.0,6.4,0.0,0.0,0.0,0.0,6.4,6.4,6.4,0.0
2020-09-21,5.12,6.4,0.0,6.4,0.0,0.0,0.0,0.0,6.4,6.4,6.4,0.0
2020-09-22,5.12,6.4,0.0,6.4,0.0,0.0,0.0,0.0,6.4,6.4,6.4,0.0
2020-09-23,5.84,7.3,14.0625,7.3,2800.0,20440000.0,0.0,0.0,7.3,7.3,7.3,2800.0
2020-09-24,5.84,7.3,0.0,7.3,0.0,0.0,0.0,0.0,7.3,7.3,7.3,0.0
2020-09-25,5.84,7.3,0.0,7.3,0.0,0.0,0.0,0.0,7.3,7.3,7.3,0.0
2020-09-28,5.84,7.3,0.0,7.3,0.0,0.0,0.0,0.0,7.3,7.3,7.3,0.0
2020-09-29,5.84,7.3,0.0,7.3,0.0,0.0,0.0,0.0,7.3,7.3,7.3,0.0
2020-09-30,5.84,7.3,0.0,7.3,0.0,0.0,0.0,0.0,7.3,7.3,7.3,0.0
2020-10-01,5.84,7.3,0.0,7.3,0.0,0.0,0.0,0.0,7.3,7.3,7.3,0.0
2020-10-02,5.84,7.3,0.0,7.3,0.0,0.0,0.0,0.0,7.3,7.3,7.3,0.0
2020-10-05,5.84,7.3,0.0,7.3,0.0,0.0,0.0,0.0,7.3,7.3,7.3,0.0
2020-10-06,5.84,7.3,0.0,7.3,0.0,0.0,0.0,0.0,7.3,7.3,7.3,0.0
2020-10-07,6.64,8.3,13.6986,8.3,100.0,830000.0,0.0,0.0,8.3,8.3,8.3,100.0
2020-10-08,6.64,8.3,0.0,8.3,0.0,0.0,0.0,0.0,8.3,8.3,8.3,0.0
2020-10-09,6.64,8.3,0.0,8.3,0.0,0.0,0.0,0.0,8.3,8.3,8.3,0.0
2020-10-12,6.64,8.3,0.0,8.3,0.0,0.0,0.0,0.0,8.3,8.3,8.3,0.0
2020-10-13,6.64,8.3,0.0,8.3,0.0,0.0,0.0,0.0,8.3,8.3,8.3,0.0
2020-10-14,6.4,8.0,-3.6145,8.0,1500.0,12000000.0,0.0,0.0,8.0,8.0,8.0,1500.0
2020-10-15,6.4,8.0,0.0,8.0,0.0,0.0,0.0,0.0,8.0,8.0,8.0,0.0
2020-10-16,6.4,8.0,0.0,8.0,0.0,0.0,0.0,0.0,8.0,8.0,8.0,0.0
2020-10-19,6.4,8.0,0.0,8.0,0.0,0.0,0.0,0.0,8.0,8.0,8.0,0.0
2020-10-20,6.4,8.0,0.0,8.0,0.0,0.0,0.0,0.0,8.0,8.0,8.0,0.0
2020-10-21,6.4,8.0,0.0,8.0,0.0,0.0,0.0,0.0,8.0,8.0,8.0,0.0
2020-10-22,6.4,8.0,0.0,8.0,0.0,0.0,0.0,0.0,8.0,8.0,8.0,0.0
2020-10-23,6.4,8.0,0.0,8.0,0.0,0.0,0.0,0.0,8.0,8.0,8.0,0.0
2020-10-26,6.4,8.0,0.0,8.0,0.0,0.0,0.0,0.0,8.0,8.0,8.0,0.0
2020-10-27,6.4,8.0,0.0,8.0,0.0,0.0,0.0,0.0,8.0,8.0,8.0,0.0
2020-10-28,6.4,8.0,0.0,8.0,0.0,0.0,0.0,0.0,8.0,8.0,8.0,0.0
2020-10-29,6.4,8.0,0.0,8.0,0.0,0.0,0.0,0.0,8.0,8.0,8.0,0.0
2020-10-30,6.4,8.0,0.0,8.0,0.0,0.0,0.0,0.0,8.0,8.0,8.0,0.0
2020-11-02,6.4,8.0,0.0,8.0,0.0,0.0,0.0,0.0,8.0,8.0,8.0,0.0
2020-11-03,6.4,8.0,0.0,8.0,0.0,0.0,0.0,0.0,8.0,8.0,8.0,0.0
2020-11-04,6.4,8.0,0.0,8.0,0.0,0.0,0.0,0.0,8.0,8.0,8.0,0.0
2020-11-05,6.4,8.0,0.0,8.0,0.0,0.0,0.0,0.0,8.0,8.0,8.0,0.0
2020-11-06,6.4,8.0,0.0,8.0,0.0,0.0,0.0,0.0,8.0,8.0,8.0,0.0
2020-11-09,6.4,8.0,0.0,8.0,0.0,0.0,0.0,0.0,8.0,8.0,8.0,0.0
2020-11-10,6.4,8.0,0.0,8.0,0.0,0.0,0.0,0.0,8.0,8.0,8.0,0.0
2020-11-11,6.4,8.0,0.0,8.0,0.0,0.0,0.0,0.0,8.0,8.0,8.0,0.0
2020-11-12,6.4,8.0,0.0,8.0,0.0,0.0,0.0,0.0,8.0,8.0,8.0,0.0
2020-11-13,6.4,8.0,0.0,8.0,0.0,0.0,0.0,0.0,8.0,8.0,8.0,0.0
2020-11-16,6.4,8.0,0.0,8.0,0.0,0.0,0.0,0.0,8.0,8.0,8.0,0.0
2020-11-17,6.4,8.0,0.0,8.0,0.0,0.0,0.0,0.0,8.0,8.0,8.0,0.0
2020-11-18,6.4,8.0,0.0,8.0,0.0,0.0,0.0,0.0,8.0,8.0,8.0,0.0
2020-11-19,6.4,8.0,0.0,8.0,0.0,0.0,0.0,0.0,8.0,8.0,8.0,0.0
2020-11-20,6.4,8.0,0.0,8.0,0.0,0.0,0.0,0.0,8.0,8.0,8.0,0.0
2020-11-23,6.4,8.0,0.0,8.0,0.0,0.0,0.0,0.0,8.0,8.0,8.0,0.0
2020-11-24,6.4,8.0,0.0,8.0,0.0,0.0,0.0,0.0,8.0,8.0,8.0,0.0
2020-11-25,6.4,8.0,0.0,8.0,0.0,0.0,0.0,0.0,8.0,8.0,8.0,0.0
2020-11-26,6.4,8.0,0.0,8.0,0.0,0.0,0.0,0.0,8.0,8.0,8.0,0.0
2020-11-27,6.4,8.0,0.0,8.0,0.0,0.0,0.0,0.0,8.0,8.0,8.0,0.0
2020-11-30,6.4,8.0,0.0,8.0,0.0,0.0,0.0,0.0,8.0,8.0,8.0,0.0
2020-12-01,6.4,8.0,0.0,8.0,0.0,0.0,0.0,0.0,8.0,8.0,8.0,0.0
2020-12-02,6.4,8.0,0.0,8.0,0.0,0.0,0.0,0.0,8.0,8.0,8.0,0.0
2020-12-03,6.4,8.0,0.0,8.0,0.0,0.0,0.0,0.0,8.0,8.0,8.0,0.0
2020-12-04,6.4,8.0,0.0,8.0,0.0,0.0,0.0,0.0,8.0,8.0,8.0,0.0
2020-12-07,6.4,8.0,0.0,8.0,0.0,0.0,0.0,0.0,8.0,8.0,8.0,0.0
2020-12-08,6.4,8.0,0.0,8.0,0.0,0.0,0.0,0.0,8.0,8.0,8.0,0.0
2020-12-09,6.4,8.0,0.0,8.0,0.0,0.0,0.0,0.0,8.0,8.0,8.0,0.0
2020-12-10,6.4,8.0,0.0,8.0,0.0,0.0,0.0,0.0,8.0,8.0,8.0,0.0
2020-12-11,6.4,8.0,0.0,8.0,0.0,0.0,0.0,0.0,8.0,8.0,8.0,0.0
2020-12-14,6.4,8.0,0.0,8.0,0.0,0.0,0.0,0.0,8.0,8.0,8.0,0.0
2020-12-15,6.4,8.0,0.0,8.0,0.0,0.0,0.0,0.0,8.0,8.0,8.0,0.0
2020-12-16,6.4,8.0,0.0,8.0,0.0,0.0,0.0,0.0,8.0,8.0,8.0,0.0
2020-12-17,6.4,8.0,0.0,8.0,0.0,0.0,0.0,0.0,8.0,8.0,8.0,0.0
2020-12-18,6.4,8.0,0.0,8.0,0.0,0.0,0.0,0.0,8.0,8.0,8.0,0.0
2020-12-21,6.4,8.0,0.0,8.0,0.0,0.0,0.0,0.0,8.0,8.0,8.0,0.0
2020-12-22,6.4,8.0,0.0,8.0,0.0,0.0,0.0,0.0,8.0,8.0,8.0,0.0
2020-12-23,6.4,8.0,0.0,8.0,0.0,0.0,0.0,0.0,8.0,8.0,8.0,0.0
2020-12-24,6.4,8.0,0.0,8.0,0.0,0.0,0.0,0.0,8.0,8.0,8.0,0.0
2020-12-25,6.4,8.0,0.0,8.0,0.0,0.0,0.0,0.0,8.0,8.0,8.0,0.0
2020-12-28,6.4,8.0,0.0,8.0,0.0,0.0,0.0,0.0,8.0,8.0,8.0,0.0
2020-12-29,6.4,8.0,0.0,8.0,0.0,0.0,0.0,0.0,8.0,8.0,8.0,0.0
2020-12-30,6.4,8.0,0.0,8.0,0.0,0.0,0.0,0.0,8.0,8.0,8.0,0.0
2020-12-31,6.4,8.0,0.0,8.0,0.0,0.0,0.0,0.0,8.0,8.0,8.0,0.0
2021-01-04,6.4,8.0,0.0,8.0,0.0,0.0,0.0,0.0,8.0,8.0,8.0,0.0
2021-01-05,6.4,8.0,0.0,8.0,0.0,0.0,0.0,0.0,8.0,8.0,8.0,0.0
2021-01-06,6.4,8.0,0.0,8.0,0.0,0.0,0.0,0.0,8.0,8.0,8.0,0.0
2021-01-07,6.4,8.0,0.0,8.0,0.0,0.0,0.0,0.0,8.0,8.0,8.0,0.0
2021-01-08,6.4,8.0,0.0,8.0,0.0,0.0,0.0,0.0,8.0,8.0,8.0,0.0
2021-01-11,6.4,8.0,0.0,8.0,0.0,0.0,0.0,0.0,8.0,8.0,8.0,0.0
2021-01-12,6.4,8.0,0.0,8.0,0.0,0.0,0.0,0.0,8.0,8.0,8.0,0.0
2021-01-13,6.4,8.0,0.0,8.0,0.0,0.0,0.0,0.0,8.0,8.0,8.0,0.0
2021-01-14,6.0,7.5,-6.25,7.5,500.0,3750000.0,0.0,0.0,7.5,7.5,7.5,500.0
2021-01-15,6.0,7.5,0.0,7.5,0.0,0.0,0.0,0.0,7.5,7.5,7.5,0.0
2021-01-18,6.0,7.5,0.0,7.5,0.0,0.0,0.0,0.0,7.5,7.5,7.5,0.0
2021-01-19,6.0,7.5,0.0,7.5,0.0,0.0,0.0,0.0,7.5,7.5,7.5,0.0
2021-01-20,6.0,7.5,0.0,7.5,0.0,0.0,0.0,0.0,7.5,7.5,7.5,0.0
2021-01-21,6.0,7.5,0.0,7.5,0.0,0.0,0.0,0.0,7.5,7.5,7.5,0.0
2021-01-22,6.0,7.5,0.0,7.5,0.0,0.0,0.0,0.0,7.5,7.5,7.5,0.0
2021-01-25,6.0,7.5,0.0,7.5,0.0,0.0,0.0,0.0,7.5,7.5,7.5,0.0
2021-01-26,6.0,7.5,0.0,7.5,0.0,0.0,0.0,0.0,7.5,7.5,7.5,0.0
2021-01-27,6.0,7.5,0.0,7.5,0.0,0.0,0.0,0.0,7.5,7.5,7.5,0.0
2021-01-28,6.0,7.5,0.0,7.5,0.0,0.0,0.0,0.0,7.5,7.5,7.5,0.0
2021-01-29,6.0,7.5,0.0,7.5,0.0,0.0,0.0,0.0,7.5,7.5,7.5,0.0
2021-02-01,6.0,7.5,0.0,7.5,0.0,0.0,0.0,0.0,7.5,7.5,7.5,0.0
2021-02-02,6.0,7.5,0.0,7.5,0.0,0.0,0.0,0.0,7.5,7.5,7.5,0.0
2021-02-03,6.0,7.5,0.0,7.5,0.0,0.0,0.0,0.0,7.5,7.5,7.5,0.0
2021-02-04,6.0,7.5,0.0,7.5,0.0,0.0,0.0,0.0,7.5,7.5,7.5,0.0
2021-02-05,6.0,7.5,0.0,7.5,0.0,0.0,0.0,0.0,7.5,7.5,7.5,0.0
2021-02-08,6.0,7.5,0.0,7.5,0.0,0.0,0.0,0.0,7.5,7.5,7.5,0.0
2021-02-09,6.0,7.5,0.0,7.5,0.0,0.0,0.0,0.0,7.5,7.5,7.5,0.0
2021-02-17,6.0,7.5,0.0,7.5,0.0,0.0,0.0,0.0,7.5,7.5,7.5,0.0
2021-02-18,6.0,7.5,0.0,7.5,0.0,0.0,0.0,0.0,7.5,7.5,7.5,0.0
2021-02-19,6.0,7.5,0.0,7.5,0.0,0.0,0.0,0.0,7.5,7.5,7.5,0.0
2021-02-22,6.0,7.5,0.0,7.5,0.0,0.0,0.0,0.0,7.5,7.5,7.5,0.0
2021-02-23,6.0,7.5,0.0,7.5,0.0,0.0,0.0,0.0,7.5,7.5,7.5,0.0
2021-02-24,6.0,7.5,0.0,7.5,0.0,0.0,0.0,0.0,7.5,7.5,7.5,0.0
2021-02-25,6.0,7.5,0.0,7.5,0.0,0.0,0.0,0.0,7.5,7.5,7.5,0.0
2021-02-26,6.0,7.5,0.0,7.5,0.0,0.0,0.0,0.0,7.5,7.5,7.5,0.0
2021-03-01,6.0,7.5,0.0,7.5,0.0,0.0,0.0,0.0,7.5,7.5,7.5,0.0
2021-03-02,6.0,7.5,0.0,7.5,0.0,0.0,0.0,0.0,7.5,7.5,7.5,0.0
2021-03-03,6.0,7.5,0.0,7.5,0.0,0.0,0.0,0.0,7.5,7.5,7.5,0.0
2021-03-04,6.0,7.5,0.0,7.5,0.0,0.0,0.0,0.0,7.5,7.5,7.5,0.0
2021-03-05,6.0,7.5,0.0,7.5,0.0,0.0,0.0,0.0,7.5,7.5,7.5,0.0
2021-03-08,6.0,7.5,0.0,7.5,0.0,0.0,0.0,0.0,7.5,7.5,7.5,0.0
2021-03-09,6.0,7.5,0.0,7.5,0.0,0.0,0.0,0.0,7.5,7.5,7.5,0.0
2021-03-10,6.0,7.5,0.0,7.5,0.0,0.0,0.0,0.0,7.5,7.5,7.5,0.0
2021-03-11,6.0,7.5,0.0,7.5,0.0,0.0,0.0,0.0,7.5,7.5,7.5,0.0
2021-03-12,6.0,7.5,0.0,7.5,0.0,0.0,0.0,0.0,7.5,7.5,7.5,0.0
2021-03-15,6.0,7.5,0.0,7.5,0.0,0.0,0.0,0.0,7.5,7.5,7.5,0.0
2021-03-16,6.0,7.5,0.0,7.5,0.0,0.0,0.0,0.0,7.5,7.5,7.5,0.0
2021-03-17,6.0,7.5,0.0,7.5,0.0,0.0,0.0,0.0,7.5,7.5,7.5,0.0
2021-03-18,6.0,7.5,0.0,7.5,0.0,0.0,0.0,0.0,7.5,7.5,7.5,0.0
2021-03-19,6.0,7.5,0.0,7.5,0.0,0.0,0.0,0.0,7.5,7.5,7.5,0.0
2021-03-22,6.0,7.5,0.0,7.5,0.0,0.0,0.0,0.0,7.5,7.5,7.5,0.0
2021-03-23,6.0,7.5,0.0,7.5,0.0,0.0,0.0,0.0,7.5,7.5,7.5,0.0
2021-03-24,6.0,7.5,0.0,7.5,0.0,0.0,0.0,0.0,7.5,7.5,7.5,0.0
2021-03-25,6.0,7.5,0.0,7.5,0.0,0.0,0.0,0.0,7.5,7.5,7.5,0.0
2021-03-26,6.0,7.5,0.0,7.5,0.0,0.0,0.0,0.0,7.5,7.5,7.5,0.0
2021-03-29,6.0,7.5,0.0,7.5,0.0,0.0,0.0,0.0,7.5,7.5,7.5,0.0
2021-03-30,6.0,7.5,0.0,7.5,0.0,0.0,0.0,0.0,7.5,7.5,7.5,0.0
2021-03-31,6.0,7.5,0.0,7.5,0.0,0.0,0.0,0.0,7.5,7.5,7.5,0.0
2021-04-01,6.0,7.5,0.0,7.5,0.0,0.0,0.0,0.0,7.5,7.5,7.5,0.0
2021-04-02,6.0,7.5,0.0,7.5,0.0,0.0,0.0,0.0,7.5,7.5,7.5,0.0
2021-04-05,6.0,7.5,0.0,7.5,0.0,0.0,0.0,0.0,7.5,7.5,7.5,0.0
2021-04-06,6.0,7.5,0.0,7.5,0.0,0.0,0.0,0.0,7.5,7.5,7.5,0.0
2021-04-07,6.0,7.5,0.0,7.5,0.0,0.0,0.0,0.0,7.5,7.5,7.5,0.0
2021-04-08,6.0,7.5,0.0,7.5,0.0,0.0,0.0,0.0,7.5,7.5,7.5,0.0
2021-04-09,6.0,7.5,0.0,7.5,0.0,0.0,0.0,0.0,7.5,7.5,7.5,0.0
2021-04-12,6.0,7.5,0.0,7.5,0.0,0.0,0.0,0.0,7.5,7.5,7.5,0.0
2021-04-13,6.0,7.5,0.0,7.5,0.0,0.0,0.0,0.0,7.5,7.5,7.5,0.0
2021-04-14,6.0,7.5,0.0,7.5,0.0,0.0,0.0,0.0,7.5,7.5,7.5,0.0
2021-04-15,6.0,7.5,0.0,7.5,0.0,0.0,0.0,0.0,7.5,7.5,7.5,0.0
2021-04-16,6.0,7.5,0.0,7.5,0.0,0.0,0.0,0.0,7.5,7.5,7.5,0.0
2021-04-19,6.0,7.5,0.0,7.5,0.0,0.0,0.0,0.0,7.5,7.5,7.5,0.0
2021-04-20,6.0,7.5,0.0,7.5,0.0,0.0,0.0,0.0,7.5,7.5,7.5,0.0
2021-04-22,6.0,7.5,0.0,7.5,0.0,0.0,0.0,0.0,7.5,7.5,7.5,0.0
2021-04-23,6.0,7.5,0.0,7.5,0.0,0.0,0.0,0.0,7.5,7.5,7.5,0.0
2021-04-26,6.0,7.5,0.0,7.5,0.0,0.0,0.0,0.0,7.5,7.5,7.5,0.0
2021-04-27,6.0,7.5,0.0,7.5,0.0,0.0,0.0,0.0,7.5,7.5,7.5,0.0
2021-04-28,6.0,7.5,0.0,7.5,0.0,0.0,0.0,0.0,7.5,7.5,7.5,0.0
2021-04-29,6.0,7.5,0.0,7.5,0.0,0.0,0.0,0.0,7.5,7.5,7.5,0.0
2021-05-04,6.0,7.5,0.0,7.5,0.0,0.0,0.0,0.0,7.5,7.5,7.5,0.0
2021-05-05,6.0,7.5,0.0,7.5,0.0,0.0,0.0,0.0,7.5,7.5,7.5,0.0
2021-05-06,6.0,7.5,0.0,7.5,0.0,0.0,0.0,0.0,7.5,7.5,7.5,0.0
2021-05-07,6.0,7.5,0.0,7.5,0.0,0.0,0.0,0.0,7.5,7.5,7.5,0.0
2021-05-10,6.0,7.5,0.0,7.5,0.0,0.0,0.0,0.0,7.5,7.5,7.5,0.0
2021-05-11,6.0,7.5,0.0,7.5,0.0,0.0,0.0,0.0,7.5,7.5,7.5,0.0
2021-05-12,6.0,7.5,0.0,7.5,0.0,0.0,0.0,0.0,7.5,7.5,7.5,0.0
2021-05-13,6.0,7.5,0.0,7.5,0.0,0.0,0.0,0.0,7.5,7.5,7.5,0.0
2021-05-14,6.0,7.5,0.0,7.5,0.0,0.0,0.0,0.0,7.5,7.5,7.5,0.0
2021-05-17,6.0,7.5,0.0,7.5,0.0,0.0,0.0,0.0,7.5,7.5,7.5,0.0
2021-05-18,6.0,7.5,0.0,7.5,0.0,0.0,0.0,0.0,7.5,7.5,7.5,0.0
2021-05-19,6.0,7.5,0.0,7.5,0.0,0.0,0.0,0.0,7.5,7.5,7.5,0.0
2021-05-20,6.0,7.5,0.0,7.5,0.0,0.0,0.0,0.0,7.5,7.5,7.5,0.0
2021-05-21,6.0,7.5,0.0,7.5,0.0,0.0,0.0,0.0,7.5,7.5,7.5,0.0
2021-05-24,6.0,7.5,0.0,7.5,0.0,0.0,0.0,0.0,7.5,7.5,7.5,0.0
2021-05-25,6.0,7.5,0.0,7.5,0.0,0.0,0.0,0.0,7.5,7.5,7.5,0.0
2021-05-26,6.0,7.5,0.0,7.5,0.0,0.0,0.0,0.0,7.5,7.5,7.5,0.0
2021-05-27,6.0,7.5,0.0,7.5,0.0,0.0,0.0,0.0,7.5,7.5,7.5,0.0
2021-05-28,6.0,7.5,0.0,7.5,0.0,0.0,0.0,0.0,7.5,7.5,7.5,0.0
2021-05-31,6.0,7.5,0.0,7.5,0.0,0.0,0.0,0.0,7.5,7.5,7.5,0.0
2021-06-01,6.0,7.5,0.0,7.5,0.0,0.0,0.0,0.0,7.5,7.5,7.5,0.0
2021-06-02,6.0,7.5,0.0,7.5,0.0,0.0,0.0,0.0,7.5,7.5,7.5,0.0
2021-06-03,6.0,7.5,0.0,7.5,0.0,0.0,0.0,0.0,7.5,7.5,7.5,0.0
2021-06-04,6.0,7.5,0.0,7.5,0.0,0.0,0.0,0.0,7.5,7.5,7.5,0.0
2021-06-07,6.0,7.5,0.0,7.5,0.0,0.0,0.0,0.0,7.5,7.5,7.5,0.0
2021-06-08,6.0,7.5,0.0,7.5,0.0,0.0,0.0,0.0,7.5,7.5,7.5,0.0
2021-06-09,6.0,7.5,0.0,7.5,0.0,0.0,0.0,0.0,7.5,7.5,7.5,0.0
2021-06-10,6.0,7.5,0.0,7.5,0.0,0.0,0.0,0.0,7.5,7.5,7.5,0.0
2021-06-11,6.0,7.5,0.0,7.5,0.0,0.0,0.0,0.0,7.5,7.5,7.5,0.0
2021-06-14,6.0,7.5,0.0,7.5,0.0,0.0,0.0,0.0,7.5,7.5,7.5,0.0
2021-06-15,6.0,7.5,0.0,7.5,0.0,0.0,0.0,0.0,7.5,7.5,7.5,0.0
2021-06-16,6.0,7.5,0.0,7.5,0.0,0.0,0.0,0.0,7.5,7.5,7.5,0.0
2021-06-17,6.0,7.5,0.0,7.5,0.0,0.0,0.0,0.0,7.5,7.5,7.5,0.0
2021-06-18,6.0,7.5,0.0,7.5,0.0,0.0,0.0,0.0,7.5,7.5,7.5,0.0
2021-06-21,6.0,7.5,0.0,7.5,0.0,0.0,0.0,0.0,7.5,7.5,7.5,0.0
2021-06-22,6.0,7.5,0.0,7.5,0.0,0.0,0.0,0.0,7.5,7.5,7.5,0.0
2021-06-23,6.0,7.5,0.0,7.5,0.0,0.0,0.0,0.0,7.5,7.5,7.5,0.0
2021-06-24,6.0,7.5,0.0,7.5,0.0,0.0,0.0,0.0,7.5,7.5,7.5,0.0
2021-06-25,6.0,7.5,0.0,7.5,0.0,0.0,0.0,0.0,7.5,7.5,7.5,0.0
2021-06-28,6.0,7.5,0.0,7.5,0.0,0.0,0.0,0.0,7.5,7.5,7.5,0.0
2021-06-29,6.0,7.5,0.0,7.5,0.0,0.0,0.0,0.0,7.5,7.5,7.5,0.0
2021-06-30,6.0,7.5,0.0,7.5,0.0,0.0,0.0,0.0,7.5,7.5,7.5,0.0
2021-07-01,4.0,5.0,-33.3333,5.0,100.0,500000.0,0.0,0.0,5.0,5.0,5.0,100.0
2021-07-02,4.0,5.0,0.0,5.0,0.0,0.0,177000.0,796500000.0,5.0,5.0,5.0,177000.0
2021-07-05,4.0,5.0,0.0,5.0,0.0,0.0,0.0,0.0,5.0,5.0,5.0,0.0
2021-07-06,4.0,5.0,0.0,5.0,0.0,0.0,163425.0,735412500.0,5.0,5.0,5.0,163425.0
2021-07-07,4.0,5.0,0.0,5.0,0.0,0.0,0.0,0.0,5.0,5.0,5.0,0.0
2021-07-08,4.0,5.0,0.0,5.0,0.0,0.0,0.0,0.0,5.0,5.0,5.0,0.0
2021-07-09,4.0,5.0,0.0,5.0,0.0,0.0,0.0,0.0,5.0,5.0,5.0,0.0
2021-07-12,4.0,5.0,0.0,5.0,0.0,0.0,0.0,0.0,5.0,5.0,5.0,0.0
2021-07-13,4.0,5.0,0.0,5.0,0.0,0.0,0.0,0.0,5.0,5.0,5.0,0.0
2021-07-14,4.0,5.0,0.0,5.0,0.0,0.0,0.0,0.0,5.0,5.0,5.0,0.0
2021-07-15,4.0,5.0,0.0,5.0,0.0,0.0,0.0,0.0,5.0,5.0,5.0,0.0
2021-07-16,4.0,5.0,0.0,5.0,0.0,0.0,0.0,0.0,5.0,5.0,5.0,0.0
2021-07-19,4.0,5.0,0.0,5.0,0.0,0.0,0.0,0.0,5.0,5.0,5.0,0.0
2021-07-20,4.0,5.0,0.0,5.0,0.0,0.0,0.0,0.0,5.0,5.0,5.0,0.0
2021-07-21,4.0,5.0,0.0,5.0,0.0,0.0,0.0,0.0,5.0,5.0,5.0,0.0
2021-07-22,4.0,5.0,0.0,5.0,0.0,0.0,0.0,0.0,5.0,5.0,5.0,0.0
2021-07-23,4.0,5.0,0.0,5.0,0.0,0.0,0.0,0.0,5.0,5.0,5.0,0.0
2021-07-26,4.0,5.0,0.0,5.0,0.0,0.0,27533.0,123898500.0,5.0,5.0,5.0,27533.0
2021-07-27,4.0,5.0,0.0,5.0,0.0,0.0,0.0,0.0,5.0,5.0,5.0,0.0
2021-07-28,4.0,5.0,0.0,5.0,0.0,0.0,0.0,0.0,5.0,5.0,5.0,0.0
2021-07-29,4.0,5.0,0.0,5.0,0.0,0.0,0.0,0.0,5.0,5.0,5.0,0.0
2021-07-30,4.0,5.0,0.0,5.0,0.0,0.0,0.0,0.0,5.0,5.0,5.0,0.0
2021-08-02,4.0,5.0,0.0,5.0,0.0,0.0,0.0,0.0,5.0,5.0,5.0,0.0
2021-08-03,4.0,5.0,0.0,5.0,0.0,0.0,0.0,0.0,5.0,5.0,5.0,0.0
2021-08-04,4.0,4.0,0.0,4.0,0.0,0.0,0.0,0.0,4.0,4.0,4.0,0.0
2021-08-05,4.0,4.0,0.0,4.0,0.0,0.0,0.0,0.0,4.0,4.0,4.0,0.0
2021-08-06,4.0,4.0,0.0,4.0,0.0,0.0,0.0,0.0,4.0,4.0,4.0,0.0
2021-08-09,4.0,4.0,0.0,4.0,0.0,0.0,0.0,0.0,4.0,4.0,4.0,0.0
2021-08-10,4.6,4.6,15.0,4.6,400.0,1840000.0,0.0,0.0,4.6,4.6,4.6,400.0
2021-08-11,4.6,4.6,0.0,4.6,0.0,0.0,0.0,0.0,4.6,4.6,4.6,0.0
2021-08-12,4.6,4.6,0.0,4.6,0.0,0.0,0.0,0.0,4.6,4.6,4.6,0.0
2021-08-13,4.6,4.6,0.0,4.6,0.0,0.0,0.0,0.0,4.6,4.6,4.6,0.0
2021-08-16,4.6,4.6,0.0,4.6,0.0,0.0,0.0,0.0,4.6,4.6,4.6,0.0
2021-08-17,4.6,4.6,0.0,4.6,0.0,0.0,0.0,0.0,4.6,4.6,4.6,0.0
2021-08-18,4.6,4.6,0.0,4.6,0.0,0.0,0.0,0.0,4.6,4.6,4.6,0.0
2021-08-19,4.6,4.6,0.0,4.6,0.0,0.0,0.0,0.0,4.6,4.6,4.6,0.0
2021-08-20,4.6,4.6,0.0,4.6,0.0,0.0,0.0,0.0,4.6,4.6,4.6,0.0
2021-08-23,4.6,4.6,0.0,4.6,0.0,0.0,0.0,0.0,4.6,4.6,4.6,0.0
2021-08-24,4.6,4.6,0.0,4.6,0.0,0.0,0.0,0.0,4.6,4.6,4.6,0.0
2021-08-25,4.6,4.6,0.0,4.6,0.0,0.0,0.0,0.0,4.6,4.6,4.6,0.0
2021-08-26,4.6,4.6,0.0,4.6,0.0,0.0,0.0,0.0,4.6,4.6,4.6,0.0
2021-08-27,4.6,4.6,0.0,4.6,0.0,0.0,0.0,0.0,4.6,4.6,4.6,0.0
2021-08-30,4.6,4.6,0.0,4.6,0.0,0.0,0.0,0.0,4.6,4.6,4.6,0.0
2021-08-31,4.6,4.6,0.0,4.6,0.0,0.0,0.0,0.0,4.6,4.6,4.6,0.0
2021-09-01,4.6,4.6,0.0,4.6,0.0,0.0,0.0,0.0,4.6,4.6,4.6,0.0
2021-09-06,4.6,4.6,0.0,4.6,0.0,0.0,0.0,0.0,4.6,4.6,4.6,0.0
2021-09-07,4.6,4.6,0.0,4.6,0.0,0.0,0.0,0.0,4.6,4.6,4.6,0.0
2021-09-08,4.6,4.6,0.0,4.6,0.0,0.0,0.0,0.0,4.6,4.6,4.6,0.0
2021-09-09,4.6,4.6,0.0,4.6,0.0,0.0,0.0,0.0,4.6,4.6,4.6,0.0
2021-09-10,4.6,4.6,0.0,4.6,0.0,0.0,0.0,0.0,4.6,4.6,4.6,0.0
2021-09-13,4.6,4.6,0.0,4.6,0.0,0.0,0.0,0.0,4.6,4.6,4.6,0.0
2021-09-14,4.6,4.6,0.0,4.6,0.0,0.0,0.0,0.0,4.6,4.6,4.6,0.0
2021-09-15,4.6,4.6,0.0,4.6,0.0,0.0,0.0,0.0,4.6,4.6,4.6,0.0
2021-09-16,4.6,4.6,0.0,4.6,0.0,0.0,0.0,0.0,4.6,4.6,4.6,0.0
2021-09-17,4.6,4.6,0.0,4.6,0.0,0.0,0.0,0.0,4.6,4.6,4.6,0.0
2021-09-20,4.6,4.6,0.0,4.6,0.0,0.0,0.0,0.0,4.6,4.6,4.6,0.0
2021-09-21,4.6,4.6,0.0,4.6,0.0,0.0,0.0,0.0,4.6,4.6,4.6,0.0
2021-09-22,4.6,4.6,0.0,4.6,0.0,0.0,0.0,0.0,4.6,4.6,4.6,0.0
2021-09-23,4.6,4.6,0.0,4.6,0.0,0.0,0.0,0.0,4.6,4.6,4.6,0.0
2021-09-24,4.6,4.6,0.0,4.6,0.0,0.0,0.0,0.0,4.6,4.6,4.6,0.0
2021-09-27,4.6,4.6,0.0,4.6,0.0,0.0,0.0,0.0,4.6,4.6,4.6,0.0
2021-09-28,4.6,4.6,0.0,4.6,0.0,0.0,0.0,0.0,4.6,4.6,4.6,0.0
2021-09-29,4.6,4.6,0.0,4.6,0.0,0.0,0.0,0.0,4.6,4.6,4.6,0.0
2021-09-30,4.6,4.6,0.0,4.6,0.0,0.0,0.0,0.0,4.6,4.6,4.6,0.0
2021-10-01,4.6,4.6,0.0,4.6,0.0,0.0,0.0,0.0,4.6,4.6,4.6,0.0
2021-10-04,4.6,4.6,0.0,4.6,0.0,0.0,0.0,0.0,4.6,4.6,4.6,0.0
2021-10-05,4.6,4.6,0.0,4.6,0.0,0.0,0.0,0.0,4.6,4.6,4.6,0.0
2021-10-06,4.6,4.6,0.0,4.6,0.0,0.0,0.0,0.0,4.6,4.6,4.6,0.0
2021-10-07,4.6,4.6,0.0,4.6,0.0,0.0,0.0,0.0,4.6,4.6,4.6,0.0
2021-10-08,4.6,4.6,0.0,4.6,0.0,0.0,0.0,0.0,4.6,4.6,4.6,0.0
2021-10-11,4.6,4.6,0.0,4.6,0.0,0.0,0.0,0.0,4.6,4.6,4.6,0.0
2021-10-12,4.6,4.6,0.0,4.6,0.0,0.0,0.0,0.0,4.6,4.6,4.6,0.0
2021-10-13,4.6,4.6,0.0,4.6,0.0,0.0,0.0,0.0,4.6,4.6,4.6,0.0
2021-10-14,4.6,4.6,0.0,4.6,0.0,0.0,0.0,0.0,4.6,4.6,4.6,0.0
2021-10-15,4.6,4.6,0.0,4.6,0.0,0.0,0.0,0.0,4.6,4.6,4.6,0.0
2021-10-18,4.6,4.6,0.0,4.6,0.0,0.0,0.0,0.0,4.6,4.6,4.6,0.0
2021-10-19,4.6,4.6,0.0,4.6,0.0,0.0,0.0,0.0,4.6,4.6,4.6,0.0
2021-10-20,4.6,4.6,0.0,4.6,0.0,0.0,0.0,0.0,4.6,4.6,4.6,0.0
2021-10-21,4.6,4.6,0.0,4.6,0.0,0.0,0.0,0.0,4.6,4.6,4.6,0.0
2021-10-22,6.4,6.4,39.1304,6.4,1300.0,8320000.0,0.0,0.0,6.4,6.4,6.4,1300.0
2021-10-25,6.4,6.4,0.0,6.4,0.0,0.0,0.0,0.0,6.4,6.4,6.4,0.0
2021-10-26,6.4,6.4,0.0,6.4,0.0,0.0,0.0,0.0,6.4,6.4,6.4,0.0
2021-10-27,6.4,6.4,0.0,6.4,0.0,0.0,0.0,0.0,6.4,6.4,6.4,0.0
2021-10-28,6.4,6.4,0.0,6.4,0.0,0.0,0.0,0.0,6.4,6.4,6.4,0.0
2021-10-29,6.4,6.4,0.0,6.4,0.0,0.0,0.0,0.0,6.4,6.4,6.4,0.0
2021-11-01,6.4,6.4,0.0,6.4,0.0,0.0,0.0,0.0,6.4,6.4,6.4,0.0
2021-11-02,6.4,6.4,0.0,6.4,0.0,0.0,0.0,0.0,6.4,6.4,6.4,0.0
2021-11-03,6.4,6.4,0.0,6.4,0.0,0.0,0.0,0.0,6.4,6.4,6.4,0.0
2021-11-04,6.4,6.4,0.0,6.4,0.0,0.0,0.0,0.0,6.4,6.4,6.4,0.0
2021-11-05,6.4,6.4,0.0,0.0,0.0,0.0,0.0,0.0,6.4,6.4,6.4,0.0
2021-11-08,6.4,6.4,0.0,6.4,0.0,0.0,0.0,0.0,6.4,6.4,6.4,0.0
2021-11-09,6.4,6.4,0.0,6.4,0.0,0.0,0.0,0.0,6.4,6.4,6.4,0.0
2021-11-10,6.4,6.4,0.0,6.4,0.0,0.0,0.0,0.0,6.4,6.4,6.4,0.0
2021-11-11,6.4,6.4,0.0,6.4,0.0,0.0,0.0,0.0,6.4,6.4,6.4,0.0
2021-11-12,6.4,6.4,0.0,6.4,0.0,0.0,0.0,0.0,6.4,6.4,6.4,0.0
2021-11-15,6.4,6.4,0.0,6.4,0.0,0.0,0.0,0.0,6.4,6.4,6.4,0.0
2021-11-16,6.4,6.4,0.0,6.4,0.0,0.0,0.0,0.0,6.4,6.4,6.4,0.0
2021-11-17,6.4,6.4,0.0,6.4,0.0,0.0,0.0,0.0,6.4,6.4,6.4,0.0
2021-11-18,6.4,6.4,0.0,6.4,0.0,0.0,0.0,0.0,6.4,6.4,6.4,0.0
2021-11-19,6.4,6.4,0.0,6.4,0.0,0.0,0.0,0.0,6.4,6.4,6.4,0.0
2021-11-22,6.4,6.4,0.0,6.4,0.0,0.0,0.0,0.0,6.4,6.4,6.4,0.0
2021-11-23,6.4,6.4,0.0,6.4,0.0,0.0,0.0,0.0,6.4,6.4,6.4,0.0
2021-11-24,6.4,6.4,0.0,6.4,0.0,0.0,0.0,0.0,6.4,6.4,6.4,0.0
2021-11-25,6.4,6.4,0.0,6.4,0.0,0.0,4800.0,27360000.0,6.4,6.4,6.4,4800.0
2021-11-26,6.4,6.4,0.0,6.4,0.0,0.0,0.0,0.0,6.4,6.4,6.4,0.0
2021-11-29,6.4,6.4,0.0,0.0,0.0,0.0,0.0,0.0,6.4,6.4,6.4,0.0
