2017-03-16,10.841,11.9,-5.5556,11.993,2700.0,32380000.0,0.0,0.0,12.0,12.0,11.9,2700.0
2017-03-17,9.292,10.2,-15.0,10.2,500.0,5100000.0,0.0,0.0,10.2,10.2,10.2,500.0
2017-03-20,9.11,10.0,-1.9608,10.0,600.0,6000000.0,0.0,0.0,10.0,10.0,10.0,600.0
2017-03-21,10.386,11.4,14.0,11.4,100.0,1140000.0,0.0,0.0,11.4,11.4,11.4,100.0
2017-03-22,8.837,9.7,-14.9123,9.7,200.0,1940000.0,0.0,0.0,9.7,9.7,9.7,200.0
2017-03-23,10.112,11.1,14.433,10.248,6000.0,61490000.0,0.0,0.0,8.3,11.1,8.3,6000.0
2017-03-24,10.476,11.5,12.7451,11.5,100.0,1150000.0,0.0,0.0,11.5,11.5,11.5,100.0
2017-03-27,10.476,11.5,0.0,11.5,0.0,0.0,0.0,0.0,11.5,11.5,11.5,0.0
2017-03-28,11.935,13.1,13.913,11.832,3100.0,36680000.0,0.0,0.0,9.8,13.1,9.8,3100.0
2017-03-29,11.388,12.5,5.9322,12.5,100.0,1250000.0,0.0,0.0,12.5,12.5,12.5,100.0
2017-03-30,11.752,12.9,3.2,12.9,100.0,1290000.0,0.0,0.0,12.9,12.9,12.9,100.0
2017-03-31,11.752,12.9,0.0,12.9,100.0,1290000.0,0.0,0.0,12.9,12.9,12.9,100.0
2017-04-03,11.752,12.9,0.0,12.9,0.0,0.0,0.0,0.0,12.9,12.9,12.9,0.0
2017-04-04,11.752,12.9,0.0,12.9,0.0,0.0,0.0,0.0,12.9,12.9,12.9,0.0
2017-04-05,11.752,12.9,0.0,12.9,0.0,0.0,0.0,0.0,12.9,12.9,12.9,0.0
2017-04-07,11.752,12.9,0.0,12.9,0.0,0.0,0.0,0.0,12.9,12.9,12.9,0.0
2017-04-10,11.752,12.9,0.0,12.9,0.0,0.0,0.0,0.0,12.9,12.9,12.9,0.0
2017-04-11,11.752,12.9,0.0,12.9,0.0,0.0,0.0,0.0,12.9,12.9,12.9,0.0
2017-04-12,11.752,12.9,0.0,12.9,0.0,0.0,0.0,0.0,12.9,12.9,12.9,0.0
2017-04-13,11.752,12.9,0.0,12.9,0.0,0.0,0.0,0.0,12.9,12.9,12.9,0.0
2017-04-14,11.752,12.9,0.0,12.9,0.0,0.0,0.0,0.0,12.9,12.9,12.9,0.0
2017-04-17,11.752,12.9,0.0,12.9,0.0,0.0,0.0,0.0,12.9,12.9,12.9,0.0
2017-04-18,11.752,12.9,0.0,12.9,0.0,0.0,0.0,0.0,12.9,12.9,12.9,0.0
2017-04-19,11.752,12.9,0.0,12.9,0.0,0.0,0.0,0.0,12.9,12.9,12.9,0.0
2017-04-20,11.752,12.9,0.0,12.25,400.0,4900000.0,0.0,0.0,14.1,14.1,11.0,400.0
2017-04-21,11.206,12.3,0.0,12.3,0.0,0.0,0.0,0.0,12.3,12.3,12.3,0.0
2017-04-24,9.566,10.5,-14.6341,10.5,600.0,6300000.0,0.0,0.0,10.5,10.5,10.5,600.0
2017-04-25,10.932,12.0,14.2857,12.0,100.0,1200000.0,0.0,0.0,12.0,12.0,12.0,100.0
2017-04-26,10.932,12.0,0.0,12.0,0.0,0.0,0.0,0.0,12.0,12.0,12.0,0.0
2017-04-27,11.57,12.7,5.8333,12.7,100.0,1270000.0,0.0,0.0,12.7,12.7,12.7,100.0
2017-04-28,11.296,12.4,-2.3622,11.867,1500.0,17800000.0,0.0,0.0,10.8,12.4,10.8,1500.0
2017-05-03,10.841,11.9,0.0,11.9,0.0,0.0,0.0,0.0,11.9,11.9,11.9,0.0
2017-05-04,10.841,11.9,0.0,11.9,0.0,0.0,0.0,0.0,11.9,11.9,11.9,0.0
2017-05-05,10.841,11.9,0.0,11.9,0.0,0.0,0.0,0.0,11.9,11.9,11.9,0.0
2017-05-08,11.57,12.7,6.7227,12.7,100.0,1270000.0,0.0,0.0,12.7,12.7,12.7,100.0
2017-05-09,11.57,12.7,0.0,12.7,0.0,0.0,0.0,0.0,12.7,12.7,12.7,0.0
2017-05-10,11.57,12.7,0.0,12.7,0.0,0.0,0.0,0.0,12.7,12.7,12.7,0.0
2017-05-11,11.57,12.7,0.0,12.7,0.0,0.0,0.0,0.0,12.7,12.7,12.7,0.0
2017-05-12,12.299,13.5,6.2992,13.5,100.0,1350000.0,0.0,0.0,13.5,13.5,13.5,100.0
2017-05-15,12.299,13.5,0.0,13.5,0.0,0.0,0.0,0.0,13.5,13.5,13.5,0.0
2017-05-16,12.299,13.5,0.0,13.5,0.0,0.0,0.0,0.0,13.5,13.5,13.5,0.0
2017-05-17,12.299,13.5,0.0,13.5,0.0,0.0,0.0,0.0,13.5,13.5,13.5,0.0
2017-05-18,12.299,13.5,0.0,13.5,0.0,0.0,0.0,0.0,13.5,13.5,13.5,0.0
2017-05-19,12.299,13.5,0.0,13.5,0.0,0.0,0.0,0.0,13.5,13.5,13.5,0.0
2017-05-22,12.299,13.5,0.0,13.5,0.0,0.0,0.0,0.0,13.5,13.5,13.5,0.0
2017-05-23,12.299,13.5,0.0,13.5,0.0,0.0,0.0,0.0,13.5,13.5,13.5,0.0
2017-05-24,12.299,13.5,0.0,13.5,0.0,0.0,0.0,0.0,13.5,13.5,13.5,0.0
2017-05-25,13.177,13.5,7.1429,13.5,100.0,1350000.0,0.0,0.0,13.5,13.5,13.5,100.0
2017-05-26,11.225,11.5,-14.8148,11.5,500.0,5750000.0,44000.0,506000000.0,11.5,11.5,11.5,44500.0
2017-05-29,12.689,13.0,13.0435,13.0,100.0,1300000.0,0.0,0.0,13.0,13.0,13.0,100.0
2017-05-30,12.689,13.0,0.0,13.0,0.0,0.0,0.0,0.0,13.0,13.0,13.0,0.0
2017-05-31,13.177,13.5,3.8462,13.5,100.0,1350000.0,0.0,0.0,13.5,13.5,13.5,100.0
2017-06-01,13.177,13.5,0.0,13.5,0.0,0.0,0.0,0.0,13.5,13.5,13.5,0.0
2017-06-02,13.177,13.5,0.0,13.5,0.0,0.0,0.0,0.0,13.5,13.5,13.5,0.0
2017-06-05,13.665,14.0,3.7037,14.0,100.0,1400000.0,0.0,0.0,14.0,14.0,14.0,100.0
2017-06-06,13.763,14.1,0.7143,14.1,600.0,8460000.0,0.0,0.0,14.1,14.1,14.1,600.0
2017-06-07,13.763,14.1,0.0,14.1,0.0,0.0,0.0,0.0,14.1,14.1,14.1,0.0
2017-06-08,14.153,14.5,2.8369,14.5,100.0,1450000.0,0.0,0.0,14.5,14.5,14.5,100.0
2017-06-09,14.153,14.5,0.0,14.5,0.0,0.0,0.0,0.0,14.5,14.5,14.5,0.0
2017-06-12,14.153,14.5,0.0,14.5,0.0,0.0,0.0,0.0,14.5,14.5,14.5,0.0
2017-06-13,14.153,14.5,0.0,14.5,0.0,0.0,0.0,0.0,14.5,14.5,14.5,0.0
2017-06-14,14.153,14.5,0.0,14.5,0.0,0.0,0.0,0.0,14.5,14.5,14.5,0.0
2017-06-15,14.153,14.5,0.0,14.5,0.0,0.0,0.0,0.0,14.5,14.5,14.5,0.0
2017-06-16,14.153,14.5,0.0,14.5,0.0,0.0,0.0,0.0,14.5,14.5,14.5,0.0
2017-06-19,14.153,14.5,0.0,14.5,0.0,0.0,0.0,0.0,14.5,14.5,14.5,0.0
2017-06-20,14.153,14.5,0.0,14.5,0.0,0.0,0.0,0.0,14.5,14.5,14.5,0.0
2017-06-21,12.104,12.4,-14.4828,12.4,29100.0,360840000.0,0.0,0.0,12.4,12.4,12.4,29100.0
2017-06-22,12.104,12.4,0.0,12.434,7025.0,87350000.0,0.0,0.0,13.0,14.2,12.4,7025.0
2017-06-23,12.104,12.4,0.0,12.473,4050.0,50501000.0,0.0,0.0,13.5,13.5,12.4,4050.0
2017-06-26,13.177,13.5,8.0,12.405,5700.0,70710000.0,0.0,0.0,13.0,13.5,12.0,5700.0
2017-06-27,12.201,12.5,0.8065,12.435,7250.0,90150000.0,0.0,0.0,12.4,13.4,12.4,7250.0
2017-06-28,12.104,12.4,0.0,12.4,1600.0,19840000.0,0.0,0.0,12.4,12.4,12.4,1600.0
2017-06-29,12.689,13.0,4.8387,13.0,100.0,1300000.0,0.0,0.0,13.0,13.0,13.0,100.0
2017-06-30,13.177,13.5,3.8462,12.469,1600.0,19950000.0,0.0,0.0,12.4,13.5,12.4,1600.0
2017-07-03,12.689,13.0,4.0,13.0,100.0,1300000.0,0.0,0.0,13.0,13.0,13.0,100.0
2017-07-04,13.177,13.5,3.8462,13.5,100.0,1350000.0,0.0,0.0,13.5,13.5,13.5,100.0
2017-07-05,13.47,13.8,2.2222,13.8,100.0,1380000.0,0.0,0.0,13.8,13.8,13.8,100.0
2017-07-06,13.665,14.0,1.4493,14.0,100.0,1400000.0,0.0,0.0,14.0,14.0,14.0,100.0
2017-07-07,13.861,14.2,1.4286,14.2,100.0,1420000.0,0.0,0.0,14.2,14.2,14.2,100.0
2017-07-10,14.056,14.4,1.4085,14.4,100.0,1440000.0,0.0,0.0,14.4,14.4,14.4,100.0
2017-07-11,14.056,14.4,0.0,14.4,0.0,0.0,0.0,0.0,14.4,14.4,14.4,0.0
2017-07-12,14.251,14.6,1.3889,14.6,100.0,1460000.0,0.0,0.0,14.6,14.6,14.6,100.0
2017-07-13,14.446,14.8,1.3699,14.8,1000.0,14800000.0,0.0,0.0,14.8,14.8,14.8,1000.0
2017-07-14,15.52,15.9,7.4324,14.721,2400.0,35330000.0,0.0,0.0,12.6,15.9,12.6,2400.0
2017-07-17,14.837,15.2,3.4014,15.2,100.0,1520000.0,0.0,0.0,15.2,15.2,15.2,100.0
2017-07-18,15.422,15.8,3.9474,15.8,100.0,1580000.0,0.0,0.0,15.8,15.8,15.8,100.0
2017-07-19,15.422,15.8,0.0,15.8,0.0,0.0,0.0,0.0,15.8,15.8,15.8,0.0
2017-07-20,15.813,16.2,2.5316,16.2,100.0,1620000.0,0.0,0.0,16.2,16.2,16.2,100.0
2017-07-21,16.008,16.4,1.2346,16.071,700.0,11250000.0,0.0,0.0,16.5,16.5,13.8,700.0
2017-07-24,15.715,16.1,0.0,16.1,0.0,0.0,0.0,0.0,16.1,16.1,16.1,0.0
2017-07-25,15.715,16.1,0.0,16.1,0.0,0.0,0.0,0.0,16.1,16.1,16.1,0.0
2017-07-26,15.715,16.1,0.0,16.1,0.0,0.0,0.0,0.0,16.1,16.1,16.1,0.0
2017-07-27,15.715,16.1,0.0,16.1,0.0,0.0,0.0,0.0,16.1,16.1,16.1,0.0
2017-07-28,15.91,16.3,1.2422,16.3,100.0,1630000.0,0.0,0.0,16.3,16.3,16.3,100.0
2017-07-31,15.91,16.3,0.0,16.3,0.0,0.0,0.0,0.0,16.3,16.3,16.3,0.0
2017-08-01,15.91,16.3,0.0,16.3,0.0,0.0,0.0,0.0,16.3,16.3,16.3,0.0
2017-08-02,16.106,16.5,1.227,16.5,100.0,1650000.0,0.0,0.0,16.5,16.5,16.5,100.0
2017-08-03,15.91,16.3,-1.2121,16.163,800.0,12930000.0,0.0,0.0,14.1,16.6,14.1,800.0
2017-08-04,16.008,16.4,1.2346,15.794,4700.0,74230000.0,0.0,0.0,16.5,16.5,13.8,4700.0
2017-08-07,15.91,16.3,3.1646,16.3,100.0,1630000.0,0.0,0.0,16.3,16.3,16.3,100.0
2017-08-08,14.641,15.0,-7.9755,15.5,300.0,4650000.0,0.0,0.0,16.5,16.5,15.0,300.0
2017-08-09,15.422,15.8,1.9355,15.8,100.0,1580000.0,0.0,0.0,15.8,15.8,15.8,100.0
2017-08-10,15.422,15.8,0.0,15.8,0.0,0.0,0.0,0.0,15.8,15.8,15.8,0.0
2017-08-11,15.422,15.8,0.0,15.8,0.0,0.0,0.0,0.0,15.8,15.8,15.8,0.0
2017-08-14,15.422,15.8,0.0,15.8,0.0,0.0,0.0,0.0,15.8,15.8,15.8,0.0
2017-08-15,15.422,15.8,0.0,15.8,0.0,0.0,0.0,0.0,15.8,15.8,15.8,0.0
2017-08-16,15.422,15.8,0.0,15.8,0.0,0.0,0.0,0.0,15.8,15.8,15.8,0.0
2017-08-17,15.715,16.1,1.8987,16.1,100.0,1610000.0,0.0,0.0,16.1,16.1,16.1,100.0
2017-08-18,15.715,16.1,0.0,16.1,0.0,0.0,0.0,0.0,16.1,16.1,16.1,0.0
2017-08-21,15.715,16.1,0.0,16.1,0.0,0.0,0.0,0.0,16.1,16.1,16.1,0.0
2017-08-22,15.715,16.1,0.0,16.1,0.0,0.0,0.0,0.0,16.1,16.1,16.1,0.0
2017-08-23,15.715,16.1,0.0,16.1,0.0,0.0,0.0,0.0,16.1,16.1,16.1,0.0
2017-08-24,15.715,16.1,0.0,16.1,0.0,0.0,0.0,0.0,16.1,16.1,16.1,0.0
2017-08-25,15.91,16.3,1.2422,16.3,100.0,1630000.0,0.0,0.0,16.3,16.3,16.3,100.0
2017-08-28,15.91,16.3,0.0,16.3,0.0,0.0,0.0,0.0,16.3,16.3,16.3,0.0
2017-08-29,15.91,16.3,0.0,16.3,0.0,0.0,0.0,0.0,16.3,16.3,16.3,0.0
2017-08-30,15.91,16.3,0.0,16.3,0.0,0.0,0.0,0.0,16.3,16.3,16.3,0.0
2017-08-31,15.91,16.3,0.0,16.3,0.0,0.0,0.0,0.0,16.3,16.3,16.3,0.0
2017-09-01,15.91,16.3,0.0,16.3,0.0,0.0,0.0,0.0,16.3,16.3,16.3,0.0
2017-09-05,16.106,16.5,1.227,16.5,100.0,1650000.0,0.0,0.0,16.5,16.5,16.5,100.0
2017-09-06,16.106,16.5,0.0,16.5,0.0,0.0,0.0,0.0,16.5,16.5,16.5,0.0
2017-09-07,16.106,16.5,0.0,16.5,0.0,0.0,0.0,0.0,16.5,16.5,16.5,0.0
2017-09-08,16.106,16.5,0.0,16.5,0.0,0.0,0.0,0.0,16.5,16.5,16.5,0.0
2017-09-11,13.763,14.1,-14.5455,14.1,200.0,2820000.0,0.0,0.0,14.1,14.1,14.1,200.0
2017-09-12,13.763,14.1,0.0,14.1,0.0,0.0,0.0,0.0,14.1,14.1,14.1,0.0
2017-09-13,14.446,14.8,4.9645,14.8,100.0,1480000.0,0.0,0.0,14.8,14.8,14.8,100.0
2017-09-14,12.689,13.0,-12.1622,14.976,2100.0,31450000.0,0.0,0.0,14.1,15.5,13.0,2100.0
2017-09-15,14.641,15.0,0.0,15.0,100.0,1500000.0,0.0,0.0,15.0,15.0,15.0,100.0
2017-09-18,14.544,14.9,-0.6667,14.52,500.0,7260000.0,0.0,0.0,13.0,14.9,13.0,500.0
2017-09-19,14.153,14.5,0.0,14.5,0.0,0.0,0.0,0.0,14.5,14.5,14.5,0.0
2017-09-20,14.837,15.2,4.8276,14.945,1100.0,16440000.0,0.0,0.0,14.9,15.3,12.5,1100.0
2017-09-21,14.544,14.9,0.0,14.9,0.0,0.0,0.0,0.0,14.9,14.9,14.9,0.0
2017-09-22,14.837,15.2,2.0134,15.2,100.0,1520000.0,0.0,0.0,15.2,15.2,15.2,100.0
2017-09-25,14.837,15.2,0.0,15.2,0.0,0.0,0.0,0.0,15.2,15.2,15.2,0.0
2017-09-26,14.837,15.2,0.0,15.2,0.0,0.0,0.0,0.0,15.2,15.2,15.2,0.0
2017-09-27,15.129,15.5,1.9737,15.5,100.0,1550000.0,0.0,0.0,15.5,15.5,15.5,100.0
2017-09-28,15.129,15.5,0.0,15.5,0.0,0.0,0.0,0.0,15.5,15.5,15.5,0.0
2017-09-29,15.129,15.5,0.0,15.5,0.0,0.0,0.0,0.0,15.5,15.5,15.5,0.0
2017-10-02,15.129,15.5,0.0,15.5,0.0,0.0,0.0,0.0,15.5,15.5,15.5,0.0
2017-10-03,15.422,15.8,0.0,15.8,100.0,1580000.0,0.0,0.0,15.8,15.8,15.8,100.0
2017-10-04,15.422,15.8,0.0,15.8,0.0,0.0,0.0,0.0,15.8,15.8,15.8,0.0
2017-10-05,15.422,15.8,0.0,15.8,0.0,0.0,0.0,0.0,15.8,15.8,15.8,0.0
2017-10-06,15.618,16.0,1.2658,16.0,100.0,1600000.0,0.0,0.0,16.0,16.0,16.0,100.0
2017-10-09,15.618,16.0,0.0,16.0,0.0,0.0,0.0,0.0,16.0,16.0,16.0,0.0
2017-10-10,15.618,16.0,0.0,16.0,0.0,0.0,0.0,0.0,16.0,16.0,16.0,0.0
2017-10-11,15.618,16.0,0.0,16.0,0.0,0.0,0.0,0.0,16.0,16.0,16.0,0.0
2017-10-12,15.618,16.0,0.0,16.0,0.0,0.0,0.0,0.0,16.0,16.0,16.0,0.0
2017-10-13,15.618,16.0,0.0,16.0,0.0,0.0,0.0,0.0,16.0,16.0,16.0,0.0
2017-10-16,15.618,16.0,0.0,16.0,0.0,0.0,0.0,0.0,16.0,16.0,16.0,0.0
2017-10-17,14.056,14.4,-10.0,14.2,200.0,2840000.0,0.0,0.0,14.0,14.4,14.0,200.0
2017-10-18,13.665,14.0,-1.4085,14.0,100.0,1400000.0,0.0,0.0,14.0,14.0,14.0,100.0
2017-10-19,13.665,14.0,0.0,14.0,0.0,0.0,0.0,0.0,14.0,14.0,14.0,0.0
2017-10-20,15.422,15.8,12.8571,15.8,100.0,1580000.0,0.0,0.0,15.8,15.8,15.8,100.0
2017-10-23,15.422,15.8,0.0,15.8,0.0,0.0,0.0,0.0,15.8,15.8,15.8,0.0
2017-10-24,15.422,15.8,0.0,15.8,0.0,0.0,0.0,0.0,15.8,15.8,15.8,0.0
2017-10-25,15.422,15.8,0.0,15.8,0.0,0.0,0.0,0.0,15.8,15.8,15.8,0.0
2017-10-26,15.422,15.8,0.0,15.8,0.0,0.0,0.0,0.0,15.8,15.8,15.8,0.0
2017-10-27,15.422,15.8,0.0,15.8,0.0,0.0,0.0,0.0,15.8,15.8,15.8,0.0
2017-10-30,15.422,15.8,0.0,15.8,0.0,0.0,0.0,0.0,15.8,15.8,15.8,0.0
2017-10-31,15.422,15.8,0.0,15.8,0.0,0.0,0.0,0.0,15.8,15.8,15.8,0.0
2017-11-01,15.618,16.0,1.2658,16.0,100.0,1600000.0,0.0,0.0,16.0,16.0,16.0,100.0
2017-11-02,15.618,16.0,0.0,16.0,0.0,0.0,0.0,0.0,16.0,16.0,16.0,0.0
2017-11-03,15.618,16.0,0.0,16.0,0.0,0.0,0.0,0.0,16.0,16.0,16.0,0.0
2017-11-06,15.813,16.2,1.25,16.2,100.0,1620000.0,0.0,0.0,16.2,16.2,16.2,100.0
2017-11-07,15.813,16.2,0.0,16.2,0.0,0.0,0.0,0.0,16.2,16.2,16.2,0.0
2017-11-08,15.813,16.2,0.0,16.2,0.0,0.0,0.0,0.0,16.2,16.2,16.2,0.0
2017-11-09,15.813,16.2,0.0,16.2,0.0,0.0,0.0,0.0,16.2,16.2,16.2,0.0
2017-11-10,15.813,16.2,0.0,16.2,0.0,0.0,0.0,0.0,16.2,16.2,16.2,0.0
2017-11-13,15.813,16.2,0.0,16.2,0.0,0.0,0.0,0.0,16.2,16.2,16.2,0.0
2017-11-14,15.813,16.2,0.0,16.2,0.0,0.0,0.0,0.0,16.2,16.2,16.2,0.0
2017-11-15,15.91,16.3,0.6173,16.3,100.0,1630000.0,0.0,0.0,16.3,16.3,16.3,100.0
2017-11-16,15.91,16.3,0.0,16.3,0.0,0.0,0.0,0.0,16.3,16.3,16.3,0.0
2017-11-17,15.91,16.3,0.0,16.3,0.0,0.0,0.0,0.0,16.3,16.3,16.3,0.0
2017-11-20,15.91,16.3,0.0,16.3,0.0,0.0,0.0,0.0,16.3,16.3,16.3,0.0
2017-11-21,15.91,16.3,0.0,16.3,0.0,0.0,0.0,0.0,16.3,16.3,16.3,0.0
2017-11-22,15.91,16.3,0.0,16.3,0.0,0.0,0.0,0.0,16.3,16.3,16.3,0.0
2017-11-23,16.008,16.4,0.6135,16.4,100.0,1640000.0,0.0,0.0,16.4,16.4,16.4,100.0
2017-11-24,16.106,16.5,0.6098,16.5,100.0,1650000.0,0.0,0.0,16.5,16.5,16.5,100.0
2017-11-27,16.106,16.5,0.0,16.5,0.0,0.0,0.0,0.0,16.5,16.5,16.5,0.0
2017-11-28,16.106,16.5,0.0,16.5,0.0,0.0,0.0,0.0,16.5,16.5,16.5,0.0
2017-11-29,16.106,16.5,0.0,16.5,0.0,0.0,0.0,0.0,16.5,16.5,16.5,0.0
2017-11-30,16.203,16.6,0.6061,16.6,100.0,1660000.0,0.0,0.0,16.6,16.6,16.6,100.0
2017-12-01,16.203,16.6,0.0,16.6,0.0,0.0,0.0,0.0,16.6,16.6,16.6,0.0
2017-12-04,16.203,16.6,0.0,16.6,0.0,0.0,0.0,0.0,16.6,16.6,16.6,0.0
2017-12-05,16.203,16.6,0.0,16.6,0.0,0.0,0.0,0.0,16.6,16.6,16.6,0.0
2017-12-06,16.203,16.6,0.0,16.6,0.0,0.0,0.0,0.0,16.6,16.6,16.6,0.0
2017-12-07,16.203,16.6,0.0,16.6,0.0,0.0,0.0,0.0,16.6,16.6,16.6,0.0
2017-12-08,16.203,16.6,0.0,16.6,0.0,0.0,0.0,0.0,16.6,16.6,16.6,0.0
2017-12-11,16.203,16.6,0.0,16.6,0.0,0.0,0.0,0.0,16.6,16.6,16.6,0.0
2017-12-12,16.203,16.6,0.0,16.6,0.0,0.0,0.0,0.0,16.6,16.6,16.6,0.0
2017-12-13,16.203,16.6,0.0,16.6,0.0,0.0,0.0,0.0,16.6,16.6,16.6,0.0
2017-12-14,16.203,16.6,0.0,16.6,0.0,0.0,0.0,0.0,16.6,16.6,16.6,0.0
2017-12-15,16.203,16.6,0.0,16.6,0.0,0.0,0.0,0.0,16.6,16.6,16.6,0.0
2017-12-18,16.203,16.6,0.0,16.6,0.0,0.0,0.0,0.0,16.6,16.6,16.6,0.0
2017-12-19,16.203,16.6,0.0,16.6,0.0,0.0,0.0,0.0,16.6,16.6,16.6,0.0
2017-12-20,16.203,16.6,0.0,16.6,0.0,0.0,0.0,0.0,16.6,16.6,16.6,0.0
2017-12-21,16.203,16.6,0.0,16.6,0.0,0.0,0.0,0.0,16.6,16.6,16.6,0.0
2017-12-22,16.203,16.6,0.0,16.6,0.0,0.0,0.0,0.0,16.6,16.6,16.6,0.0
2017-12-25,16.203,16.6,0.0,16.6,0.0,0.0,0.0,0.0,16.6,16.6,16.6,0.0
2017-12-26,16.496,16.9,1.8072,16.9,100.0,1690000.0,0.0,0.0,16.9,16.9,16.9,100.0
2017-12-27,16.594,17.0,0.5917,17.0,100.0,1700000.0,0.0,0.0,17.0,17.0,17.0,100.0
2017-12-28,16.594,17.0,0.0,17.0,0.0,0.0,0.0,0.0,17.0,17.0,17.0,0.0
2017-12-29,19.034,19.5,14.7059,19.5,100.0,1950000.0,0.0,0.0,19.5,19.5,19.5,100.0
2018-01-02,19.034,19.5,0.0,19.5,0.0,0.0,0.0,0.0,19.5,19.5,19.5,0.0
2018-01-03,19.034,19.5,0.0,19.5,0.0,0.0,0.0,0.0,19.5,19.5,19.5,0.0
2018-01-04,19.034,19.5,0.0,19.5,0.0,0.0,0.0,0.0,19.5,19.5,19.5,0.0
2018-01-05,19.034,19.5,0.0,19.5,0.0,0.0,0.0,0.0,19.5,19.5,19.5,0.0
2018-01-08,19.034,19.5,0.0,19.5,0.0,0.0,0.0,0.0,19.5,19.5,19.5,0.0
2018-01-09,19.034,19.5,0.0,19.5,0.0,0.0,0.0,0.0,19.5,19.5,19.5,0.0
2018-01-10,19.034,19.5,0.0,19.5,0.0,0.0,0.0,0.0,19.5,19.5,19.5,0.0
2018-01-11,19.034,19.5,0.0,19.5,0.0,0.0,0.0,0.0,19.5,19.5,19.5,0.0
2018-01-12,19.034,19.5,0.0,19.5,0.0,0.0,0.0,0.0,19.5,19.5,19.5,0.0
2018-01-15,19.034,19.5,0.0,19.5,0.0,0.0,0.0,0.0,19.5,19.5,19.5,0.0
2018-01-16,19.034,19.5,0.0,19.5,0.0,0.0,0.0,0.0,19.5,19.5,19.5,0.0
2018-01-17,19.131,19.6,0.5128,19.6,100.0,1960000.0,0.0,0.0,19.6,19.6,19.6,100.0
2018-01-18,19.131,19.6,0.0,19.6,0.0,0.0,0.0,0.0,19.6,19.6,19.6,0.0
2018-01-19,19.131,19.6,0.0,19.6,0.0,0.0,0.0,0.0,19.6,19.6,19.6,0.0
2018-01-22,19.131,19.6,0.0,19.6,0.0,0.0,0.0,0.0,19.6,19.6,19.6,0.0
2018-01-23,19.131,19.6,0.0,19.6,0.0,0.0,0.0,0.0,19.6,19.6,19.6,0.0
2018-01-24,19.131,19.6,0.0,19.6,0.0,0.0,0.0,0.0,19.6,19.6,19.6,0.0
2018-01-25,19.131,19.6,0.0,19.6,0.0,0.0,0.0,0.0,19.6,19.6,19.6,0.0
2018-01-26,19.131,19.6,0.0,19.6,0.0,0.0,0.0,0.0,19.6,19.6,19.6,0.0
2018-01-29,19.131,19.6,0.0,19.6,0.0,0.0,0.0,0.0,19.6,19.6,19.6,0.0
2018-01-30,19.131,19.6,0.0,19.6,0.0,0.0,0.0,0.0,19.6,19.6,19.6,0.0
2018-01-31,19.131,19.6,0.0,19.6,0.0,0.0,0.0,0.0,19.6,19.6,19.6,0.0
2018-02-01,19.131,19.6,0.0,19.6,0.0,0.0,0.0,0.0,19.6,19.6,19.6,0.0
2018-02-02,19.131,19.6,0.0,19.6,0.0,0.0,0.0,0.0,19.6,19.6,19.6,0.0
2018-02-05,19.131,19.6,0.0,19.6,0.0,0.0,0.0,0.0,19.6,19.6,19.6,0.0
2018-02-06,19.131,19.6,0.0,19.6,0.0,0.0,0.0,0.0,19.6,19.6,19.6,0.0
2018-02-07,19.131,19.6,0.0,19.6,0.0,0.0,0.0,0.0,19.6,19.6,19.6,0.0
2018-02-08,19.131,19.6,0.0,19.6,0.0,0.0,0.0,0.0,19.6,19.6,19.6,0.0
2018-02-09,19.131,19.6,0.0,19.6,0.0,0.0,0.0,0.0,19.6,19.6,19.6,0.0
2018-02-12,19.327,19.8,1.0204,19.8,100.0,1980000.0,0.0,0.0,19.8,19.8,19.8,100.0
2018-02-13,19.327,19.8,0.0,19.8,0.0,0.0,0.0,0.0,19.8,19.8,19.8,0.0
2018-02-21,19.327,19.8,0.0,19.8,0.0,0.0,0.0,0.0,19.8,19.8,19.8,0.0
2018-02-22,19.327,19.8,0.0,19.8,0.0,0.0,0.0,0.0,19.8,19.8,19.8,0.0
2018-02-23,19.424,19.9,0.5051,19.9,100.0,1990000.0,0.0,0.0,19.9,19.9,19.9,100.0
2018-02-26,19.522,20.0,0.5025,20.0,100.0,2000000.0,0.0,0.0,20.0,20.0,20.0,100.0
2018-02-27,19.522,20.0,0.0,20.0,0.0,0.0,0.0,0.0,20.0,20.0,20.0,0.0
2018-02-28,19.522,20.0,0.0,20.0,0.0,0.0,0.0,0.0,20.0,20.0,20.0,0.0
2018-03-01,19.522,20.0,0.0,20.0,0.0,0.0,0.0,0.0,20.0,20.0,20.0,0.0
2018-03-02,19.522,20.0,0.0,20.0,0.0,0.0,0.0,0.0,20.0,20.0,20.0,0.0
2018-03-05,19.522,20.0,0.0,20.0,0.0,0.0,0.0,0.0,20.0,20.0,20.0,0.0
2018-03-06,19.62,20.1,0.5,20.1,100.0,2010000.0,0.0,0.0,20.1,20.1,20.1,100.0
2018-03-07,19.62,20.1,0.0,20.1,0.0,0.0,0.0,0.0,20.1,20.1,20.1,0.0
2018-03-08,19.62,20.1,0.0,20.1,0.0,0.0,0.0,0.0,20.1,20.1,20.1,0.0
2018-03-09,19.62,20.1,0.0,20.1,0.0,0.0,0.0,0.0,20.1,20.1,20.1,0.0
2018-03-12,19.62,20.1,0.0,20.1,0.0,0.0,0.0,0.0,20.1,20.1,20.1,0.0
2018-03-13,19.62,20.1,0.0,20.1,0.0,0.0,0.0,0.0,20.1,20.1,20.1,0.0
2018-03-14,19.62,20.1,0.0,20.1,0.0,0.0,0.0,0.0,20.1,20.1,20.1,0.0
2018-03-15,19.62,20.1,0.0,20.1,0.0,0.0,0.0,0.0,20.1,20.1,20.1,0.0
2018-03-16,19.62,20.1,0.0,20.1,0.0,0.0,0.0,0.0,20.1,20.1,20.1,0.0
2018-03-19,19.62,20.1,0.0,20.1,0.0,0.0,0.0,0.0,20.1,20.1,20.1,0.0
2018-03-20,19.62,20.1,0.0,20.1,0.0,0.0,0.0,0.0,20.1,20.1,20.1,0.0
2018-03-21,19.62,20.1,0.0,20.1,0.0,0.0,0.0,0.0,20.1,20.1,20.1,0.0
2018-03-22,19.717,20.2,0.4975,20.2,100.0,2020000.0,0.0,0.0,20.2,20.2,20.2,100.0
2018-03-23,19.717,20.2,0.0,20.2,0.0,0.0,0.0,0.0,20.2,20.2,20.2,0.0
2018-03-26,19.717,20.2,0.0,20.2,0.0,0.0,0.0,0.0,20.2,20.2,20.2,0.0
2018-03-27,19.717,20.2,0.0,20.2,0.0,0.0,0.0,0.0,20.2,20.2,20.2,0.0
2018-03-28,21.669,22.2,9.901,22.2,100.0,2220000.0,0.0,0.0,22.2,22.2,22.2,100.0
2018-03-29,21.669,22.2,0.0,22.2,0.0,0.0,0.0,0.0,22.2,22.2,22.2,0.0
2018-03-30,21.962,22.5,1.3514,22.5,100.0,2250000.0,0.0,0.0,22.5,22.5,22.5,100.0
2018-04-02,21.962,22.5,0.0,22.5,0.0,0.0,0.0,0.0,22.5,22.5,22.5,0.0
2018-04-03,21.962,22.5,0.0,22.5,0.0,0.0,0.0,0.0,22.5,22.5,22.5,0.0
2018-04-04,21.962,22.5,0.0,22.5,0.0,0.0,0.0,0.0,22.5,22.5,22.5,0.0
2018-04-05,22.255,22.8,1.3333,22.8,100.0,2280000.0,0.0,0.0,22.8,22.8,22.8,100.0
2018-04-06,22.255,22.8,0.0,22.8,0.0,0.0,0.0,0.0,22.8,22.8,22.8,0.0
2018-04-09,22.255,22.8,0.0,22.8,0.0,0.0,0.0,0.0,22.8,22.8,22.8,0.0
2018-04-10,25.574,26.2,14.9123,25.1,200.0,5020000.0,0.0,0.0,24.0,26.2,24.0,200.0
2018-04-11,24.5,25.1,0.0,25.1,0.0,0.0,0.0,0.0,25.1,25.1,25.1,0.0
2018-04-12,24.5,25.1,0.0,25.1,0.0,0.0,0.0,0.0,25.1,25.1,25.1,0.0
2018-04-13,24.5,25.1,0.0,25.1,0.0,0.0,0.0,0.0,25.1,25.1,25.1,0.0
2018-04-16,24.5,25.1,0.0,25.1,0.0,0.0,0.0,0.0,25.1,25.1,25.1,0.0
2018-04-17,24.5,25.1,0.0,25.1,0.0,0.0,0.0,0.0,25.1,25.1,25.1,0.0
2018-04-18,24.5,25.1,0.0,25.1,0.0,0.0,0.0,0.0,25.1,25.1,25.1,0.0
2018-04-19,24.5,25.1,0.0,25.1,0.0,0.0,0.0,0.0,25.1,25.1,25.1,0.0
2018-04-20,24.5,25.1,0.0,25.1,0.0,0.0,0.0,0.0,25.1,25.1,25.1,0.0
2018-04-23,24.5,25.1,0.0,25.1,0.0,0.0,0.0,0.0,25.1,25.1,25.1,0.0
2018-04-24,24.5,25.1,0.0,25.1,0.0,0.0,0.0,0.0,25.1,25.1,25.1,0.0
2018-04-26,24.5,25.1,0.0,25.1,0.0,0.0,0.0,0.0,25.1,25.1,25.1,0.0
2018-04-27,24.5,25.1,0.0,25.1,0.0,0.0,0.0,0.0,25.1,25.1,25.1,0.0
2018-05-02,24.5,25.1,0.0,25.1,0.0,0.0,0.0,0.0,25.1,25.1,25.1,0.0
2018-05-03,24.5,25.1,0.0,25.1,0.0,0.0,0.0,0.0,25.1,25.1,25.1,0.0
2018-05-04,25.1,25.1,2.449,25.1,100.0,2510000.0,0.0,0.0,25.1,25.1,25.1,100.0
2018-05-07,25.1,25.1,0.0,25.1,0.0,0.0,0.0,0.0,25.1,25.1,25.1,0.0
2018-05-08,25.1,25.1,0.0,25.1,0.0,0.0,0.0,0.0,25.1,25.1,25.1,0.0
2018-05-09,25.1,25.1,0.0,25.1,0.0,0.0,0.0,0.0,25.1,25.1,25.1,0.0
2018-05-10,25.1,25.1,0.0,25.1,0.0,0.0,0.0,0.0,25.1,25.1,25.1,0.0
2018-05-11,25.1,25.1,0.0,25.1,0.0,0.0,0.0,0.0,25.1,25.1,25.1,0.0
2018-05-14,25.5,25.5,1.5936,25.5,100.0,2550000.0,0.0,0.0,25.5,25.5,25.5,100.0
2018-05-15,25.5,25.5,0.0,25.5,0.0,0.0,0.0,0.0,25.5,25.5,25.5,0.0
2018-05-16,25.5,25.5,0.0,25.5,0.0,0.0,0.0,0.0,25.5,25.5,25.5,0.0
2018-05-17,25.5,25.5,0.0,25.5,0.0,0.0,0.0,0.0,25.5,25.5,25.5,0.0
2018-05-18,26.9,26.9,5.4902,26.9,100.0,2690000.0,0.0,0.0,26.9,26.9,26.9,100.0
2018-05-21,26.9,26.9,0.0,26.9,0.0,0.0,0.0,0.0,26.9,26.9,26.9,0.0
2018-05-22,26.9,26.9,0.0,26.9,0.0,0.0,0.0,0.0,26.9,26.9,26.9,0.0
2018-05-23,26.9,26.9,0.0,26.9,0.0,0.0,0.0,0.0,26.9,26.9,26.9,0.0
2018-05-24,26.9,26.9,0.0,26.9,0.0,0.0,0.0,0.0,26.9,26.9,26.9,0.0
2018-05-25,26.9,26.9,0.0,26.9,0.0,0.0,0.0,0.0,26.9,26.9,26.9,0.0
2018-05-28,26.9,26.9,0.0,26.9,0.0,0.0,0.0,0.0,26.9,26.9,26.9,0.0
2018-05-29,26.9,26.9,0.0,26.9,0.0,0.0,0.0,0.0,26.9,26.9,26.9,0.0
2018-05-30,26.9,26.9,0.0,26.9,0.0,0.0,0.0,0.0,26.9,26.9,26.9,0.0
2018-05-31,26.9,26.9,0.0,26.9,0.0,0.0,0.0,0.0,26.9,26.9,26.9,0.0
2018-06-01,26.9,26.9,0.0,26.9,0.0,0.0,0.0,0.0,26.9,26.9,26.9,0.0
2018-06-04,26.9,26.9,0.0,26.9,0.0,0.0,0.0,0.0,26.9,26.9,26.9,0.0
2018-06-05,26.9,26.9,0.0,26.9,0.0,0.0,0.0,0.0,26.9,26.9,26.9,0.0
2018-06-06,26.9,26.9,0.0,26.9,0.0,0.0,0.0,0.0,26.9,26.9,26.9,0.0
2018-06-07,26.9,26.9,0.0,26.9,0.0,0.0,0.0,0.0,26.9,26.9,26.9,0.0
2018-06-08,26.9,26.9,0.0,26.9,0.0,0.0,0.0,0.0,26.9,26.9,26.9,0.0
2018-06-11,26.9,26.9,0.0,26.9,0.0,0.0,0.0,0.0,26.9,26.9,26.9,0.0
2018-06-12,26.9,26.9,0.0,26.9,0.0,0.0,0.0,0.0,26.9,26.9,26.9,0.0
2018-06-13,26.9,26.9,0.0,26.9,0.0,0.0,0.0,0.0,26.9,26.9,26.9,0.0
2018-06-14,26.9,26.9,0.0,26.9,0.0,0.0,0.0,0.0,26.9,26.9,26.9,0.0
2018-06-15,26.9,26.9,0.0,26.9,0.0,0.0,0.0,0.0,26.9,26.9,26.9,0.0
2018-06-18,26.9,26.9,0.0,26.9,0.0,0.0,0.0,0.0,26.9,26.9,26.9,0.0
2018-06-19,26.9,26.9,0.0,26.9,0.0,0.0,0.0,0.0,26.9,26.9,26.9,0.0
2018-06-20,26.9,26.9,0.0,26.9,0.0,0.0,0.0,0.0,26.9,26.9,26.9,0.0
2018-06-21,26.9,26.9,0.0,26.9,0.0,0.0,0.0,0.0,26.9,26.9,26.9,0.0
2018-06-22,26.9,26.9,0.0,26.9,0.0,0.0,0.0,0.0,26.9,26.9,26.9,0.0
2018-06-25,26.9,26.9,0.0,26.9,0.0,0.0,0.0,0.0,26.9,26.9,26.9,0.0
2018-06-26,26.9,26.9,0.0,26.9,0.0,0.0,0.0,0.0,26.9,26.9,26.9,0.0
2018-06-27,26.9,26.9,0.0,26.9,0.0,0.0,0.0,0.0,26.9,26.9,26.9,0.0
2018-06-28,26.9,26.9,0.0,26.9,0.0,0.0,0.0,0.0,26.9,26.9,26.9,0.0
2018-06-29,26.9,26.9,0.0,26.9,0.0,0.0,0.0,0.0,26.9,26.9,26.9,0.0
2018-07-02,26.9,26.9,0.0,26.9,0.0,0.0,0.0,0.0,26.9,26.9,26.9,0.0
2018-07-03,26.9,26.9,0.0,26.9,0.0,0.0,0.0,0.0,26.9,26.9,26.9,0.0
2018-07-04,28.0,28.0,4.0892,28.0,100.0,2800000.0,0.0,0.0,28.0,28.0,28.0,100.0
2018-07-05,28.0,28.0,0.0,28.0,0.0,0.0,0.0,0.0,28.0,28.0,28.0,0.0
2018-07-06,28.0,28.0,0.0,28.0,0.0,0.0,0.0,0.0,28.0,28.0,28.0,0.0
2018-07-09,28.0,28.0,0.0,28.0,0.0,0.0,0.0,0.0,28.0,28.0,28.0,0.0
2018-07-10,28.0,28.0,0.0,28.0,0.0,0.0,0.0,0.0,28.0,28.0,28.0,0.0
2018-07-11,28.0,28.0,0.0,28.0,0.0,0.0,0.0,0.0,28.0,28.0,28.0,0.0
2018-07-12,28.0,28.0,0.0,28.0,0.0,0.0,0.0,0.0,28.0,28.0,28.0,0.0
2018-07-13,28.0,28.0,0.0,28.0,0.0,0.0,0.0,0.0,28.0,28.0,28.0,0.0
2018-07-16,28.0,28.0,0.0,28.0,0.0,0.0,0.0,0.0,28.0,28.0,28.0,0.0
2018-07-17,28.0,28.0,0.0,28.0,0.0,0.0,0.0,0.0,28.0,28.0,28.0,0.0
2018-07-18,28.0,28.0,0.0,28.0,0.0,0.0,0.0,0.0,28.0,28.0,28.0,0.0
2018-07-19,28.0,28.0,0.0,28.0,0.0,0.0,0.0,0.0,28.0,28.0,28.0,0.0
2018-07-20,28.2,28.2,0.7143,28.2,100.0,2820000.0,0.0,0.0,28.2,28.2,28.2,100.0
2018-07-23,28.2,28.2,0.0,28.2,0.0,0.0,0.0,0.0,28.2,28.2,28.2,0.0
2018-07-24,28.2,28.2,0.0,28.2,0.0,0.0,0.0,0.0,28.2,28.2,28.2,0.0
2018-07-25,28.5,28.5,1.0638,28.5,100.0,2850000.0,0.0,0.0,28.5,28.5,28.5,100.0
2018-07-26,28.5,28.5,0.0,28.5,0.0,0.0,0.0,0.0,28.5,28.5,28.5,0.0
2018-07-27,28.5,28.5,0.0,28.5,0.0,0.0,0.0,0.0,28.5,28.5,28.5,0.0
2018-07-30,28.9,28.9,1.4035,28.9,100.0,2890000.0,0.0,0.0,28.9,28.9,28.9,100.0
2018-07-31,28.9,28.9,0.0,28.9,0.0,0.0,0.0,0.0,28.9,28.9,28.9,0.0
2018-08-01,28.9,28.9,0.0,28.9,0.0,0.0,0.0,0.0,28.9,28.9,28.9,0.0
2018-08-02,28.9,28.9,0.0,28.9,0.0,0.0,0.0,0.0,28.9,28.9,28.9,0.0
2018-08-03,29.5,29.5,2.0761,29.5,100.0,2950000.0,0.0,0.0,29.5,29.5,29.5,100.0
2018-08-06,29.5,29.5,0.0,29.5,0.0,0.0,0.0,0.0,29.5,29.5,29.5,0.0
2018-08-07,29.5,29.5,0.0,29.5,0.0,0.0,0.0,0.0,29.5,29.5,29.5,0.0
2018-08-08,29.8,29.8,0.0,29.8,100.0,2980000.0,0.0,0.0,29.8,29.8,29.8,100.0
2018-08-09,29.8,29.8,0.0,29.8,0.0,0.0,0.0,0.0,29.8,29.8,29.8,0.0
2018-08-10,29.8,29.8,0.0,29.8,0.0,0.0,0.0,0.0,29.8,29.8,29.8,0.0
2018-08-13,30.0,30.0,0.6711,30.0,100.0,3000000.0,0.0,0.0,30.0,30.0,30.0,100.0
2018-08-14,30.0,30.0,0.0,30.0,0.0,0.0,0.0,0.0,30.0,30.0,30.0,0.0
2018-08-15,30.0,30.0,0.0,30.0,0.0,0.0,0.0,0.0,30.0,30.0,30.0,0.0
2018-08-16,30.6,30.6,2.0,30.6,100.0,3060000.0,0.0,0.0,30.6,30.6,30.6,100.0
2018-08-17,30.6,30.6,0.0,30.6,0.0,0.0,0.0,0.0,30.6,30.6,30.6,0.0
2018-08-20,30.6,30.6,0.0,30.6,0.0,0.0,0.0,0.0,30.6,30.6,30.6,0.0
2018-08-21,31.0,31.0,1.3072,31.0,100.0,3100000.0,0.0,0.0,31.0,31.0,31.0,100.0
2018-08-22,31.4,31.4,1.2903,31.4,100.0,3140000.0,0.0,0.0,31.4,31.4,31.4,100.0
2018-08-23,31.4,31.4,0.0,31.4,0.0,0.0,0.0,0.0,31.4,31.4,31.4,0.0
2018-08-24,31.4,31.4,0.0,31.4,0.0,0.0,0.0,0.0,31.4,31.4,31.4,0.0
2018-08-27,32.0,32.0,1.9108,32.0,100.0,3200000.0,0.0,0.0,32.0,32.0,32.0,100.0
2018-08-28,32.0,32.0,0.0,32.0,0.0,0.0,0.0,0.0,32.0,32.0,32.0,0.0
2018-08-29,32.0,32.0,0.0,32.0,0.0,0.0,0.0,0.0,32.0,32.0,32.0,0.0
2018-08-30,32.0,32.0,0.0,32.0,0.0,0.0,0.0,0.0,32.0,32.0,32.0,0.0
2018-08-31,32.0,32.0,0.0,32.0,0.0,0.0,0.0,0.0,32.0,32.0,32.0,0.0
2018-09-04,32.6,32.6,1.875,32.6,100.0,3260000.0,0.0,0.0,32.6,32.6,32.6,100.0
2018-09-05,33.0,33.0,1.227,33.0,100.0,3300000.0,0.0,0.0,33.0,33.0,33.0,100.0
2018-09-06,33.3,33.3,0.9091,33.3,100.0,3330000.0,0.0,0.0,33.3,33.3,33.3,100.0
2018-09-07,33.3,33.3,0.0,33.3,0.0,0.0,0.0,0.0,33.3,33.3,33.3,0.0
2018-09-10,33.3,33.3,0.0,33.3,0.0,0.0,0.0,0.0,33.3,33.3,33.3,0.0
2018-09-11,33.3,33.3,0.0,33.3,0.0,0.0,0.0,0.0,33.3,33.3,33.3,0.0
2018-09-12,33.8,33.8,1.5015,33.8,100.0,3380000.0,0.0,0.0,33.8,33.8,33.8,100.0
2018-09-13,33.8,33.8,0.0,33.8,0.0,0.0,0.0,0.0,33.8,33.8,33.8,0.0
2018-09-14,33.8,33.8,0.0,33.8,0.0,0.0,0.0,0.0,33.8,33.8,33.8,0.0
2018-09-17,33.8,33.8,0.0,33.8,0.0,0.0,0.0,0.0,33.8,33.8,33.8,0.0
2018-09-18,33.8,33.8,0.0,33.8,0.0,0.0,0.0,0.0,33.8,33.8,33.8,0.0
2018-09-19,35.0,35.0,3.5503,35.0,100.0,3500000.0,0.0,0.0,35.0,35.0,35.0,100.0
2018-09-20,35.0,35.0,0.0,35.0,0.0,0.0,0.0,0.0,35.0,35.0,35.0,0.0
2018-09-21,35.0,35.0,0.0,35.0,0.0,0.0,0.0,0.0,35.0,35.0,35.0,0.0
2018-09-24,35.0,35.0,0.0,35.0,0.0,0.0,0.0,0.0,35.0,35.0,35.0,0.0
2018-09-25,35.0,35.0,0.0,35.0,0.0,0.0,0.0,0.0,35.0,35.0,35.0,0.0
2018-09-26,36.0,36.0,2.8571,36.0,100.0,3600000.0,0.0,0.0,36.0,36.0,36.0,100.0
2018-09-27,36.0,36.0,0.0,36.0,0.0,0.0,0.0,0.0,36.0,36.0,36.0,0.0
2018-09-28,36.0,36.0,0.0,36.0,0.0,0.0,0.0,0.0,36.0,36.0,36.0,0.0
2018-10-01,36.0,36.0,0.0,36.0,0.0,0.0,0.0,0.0,36.0,36.0,36.0,0.0
2018-10-02,36.0,36.0,0.0,36.0,0.0,0.0,0.0,0.0,36.0,36.0,36.0,0.0
2018-10-03,36.5,36.5,1.3889,36.5,100.0,3650000.0,0.0,0.0,36.5,36.5,36.5,100.0
2018-10-04,36.5,36.5,0.0,36.5,0.0,0.0,0.0,0.0,36.5,36.5,36.5,0.0
2018-10-05,36.5,36.5,0.0,36.5,0.0,0.0,0.0,0.0,36.5,36.5,36.5,0.0
2018-10-08,36.8,36.8,0.8219,36.8,100.0,3680000.0,0.0,0.0,36.8,36.8,36.8,100.0
2018-10-09,37.4,37.4,1.6304,37.4,100.0,3740000.0,0.0,0.0,37.4,37.4,37.4,100.0
2018-10-10,37.4,37.4,0.0,37.4,0.0,0.0,0.0,0.0,37.4,37.4,37.4,0.0
2018-10-11,37.4,37.4,0.0,37.4,0.0,0.0,0.0,0.0,37.4,37.4,37.4,0.0
2018-10-12,37.4,37.4,0.0,37.4,0.0,0.0,0.0,0.0,37.4,37.4,37.4,0.0
2018-10-15,37.4,37.4,0.0,37.4,0.0,0.0,0.0,0.0,37.4,37.4,37.4,0.0
2018-10-16,37.4,37.4,0.0,37.4,0.0,0.0,0.0,0.0,37.4,37.4,37.4,0.0
2018-10-17,37.4,37.4,0.0,37.4,0.0,0.0,0.0,0.0,37.4,37.4,37.4,0.0
2018-10-18,37.4,37.4,0.0,37.4,0.0,0.0,0.0,0.0,37.4,37.4,37.4,0.0
2018-10-19,37.4,37.4,0.0,37.4,0.0,0.0,0.0,0.0,37.4,37.4,37.4,0.0
2018-10-22,37.4,37.4,0.0,37.4,0.0,0.0,0.0,0.0,37.4,37.4,37.4,0.0
2018-10-23,38.0,38.0,1.6043,38.0,100.0,3800000.0,0.0,0.0,38.0,38.0,38.0,100.0
2018-10-24,38.0,38.0,0.0,38.0,0.0,0.0,0.0,0.0,38.0,38.0,38.0,0.0
2018-10-25,40.0,40.0,5.2632,40.0,100.0,4000000.0,0.0,0.0,40.0,40.0,40.0,100.0
2018-10-26,40.0,40.0,0.0,40.0,0.0,0.0,0.0,0.0,40.0,40.0,40.0,0.0
2018-10-29,40.0,40.0,0.0,40.0,0.0,0.0,0.0,0.0,40.0,40.0,40.0,0.0
2018-10-30,40.0,40.0,0.0,40.0,0.0,0.0,0.0,0.0,40.0,40.0,40.0,0.0
2018-10-31,40.0,40.0,0.0,40.0,0.0,0.0,0.0,0.0,40.0,40.0,40.0,0.0
2018-11-01,40.0,40.0,0.0,40.0,0.0,0.0,0.0,0.0,40.0,40.0,40.0,0.0
2018-11-02,40.0,40.0,0.0,40.0,0.0,0.0,0.0,0.0,40.0,40.0,40.0,0.0
2018-11-05,40.0,40.0,0.0,40.0,300.0,12000000.0,0.0,0.0,40.0,40.0,40.0,300.0
2018-11-06,40.0,40.0,0.0,40.0,0.0,0.0,0.0,0.0,40.0,40.0,40.0,0.0
2018-11-07,40.1,40.1,0.25,40.1,500.0,20050000.0,0.0,0.0,40.1,40.1,40.1,500.0
2018-11-08,40.1,40.1,0.0,40.1,500.0,20050000.0,0.0,0.0,40.1,40.1,40.1,500.0
2018-11-09,40.0,40.0,-0.2494,40.0,300.0,12000000.0,0.0,0.0,40.0,40.0,40.0,300.0
2018-11-12,40.0,40.0,0.0,40.0,0.0,0.0,0.0,0.0,40.0,40.0,40.0,0.0
2018-11-13,39.9,39.9,-0.25,39.9,500.0,19950000.0,0.0,0.0,39.9,39.9,39.9,500.0
2018-11-14,40.1,40.1,0.5013,40.133,300.0,12040000.0,0.0,0.0,40.2,40.2,40.1,300.0
2018-11-15,40.1,40.1,0.0,40.1,0.0,0.0,0.0,0.0,40.1,40.1,40.1,0.0
2018-11-16,40.1,40.1,0.0,40.1,0.0,0.0,0.0,0.0,40.1,40.1,40.1,0.0
2018-11-19,40.0,40.0,-0.2494,40.0,100.0,4000000.0,0.0,0.0,40.0,40.0,40.0,100.0
2018-11-20,40.0,40.0,0.0,40.0,0.0,0.0,0.0,0.0,40.0,40.0,40.0,0.0
2018-11-21,40.0,40.0,0.0,40.0,0.0,0.0,0.0,0.0,40.0,40.0,40.0,0.0
2018-11-22,39.9,39.9,-0.25,39.9,100.0,3990000.0,0.0,0.0,39.9,39.9,39.9,100.0
2018-11-23,40.3,40.3,1.0025,40.3,100.0,4030000.0,0.0,0.0,40.3,40.3,40.3,100.0
2018-11-26,40.6,40.6,0.7444,40.6,100.0,4060000.0,0.0,0.0,40.6,40.6,40.6,100.0
2018-11-27,40.5,40.5,-0.2463,40.5,100.0,4050000.0,0.0,0.0,40.5,40.5,40.5,100.0
2018-11-28,39.9,39.9,-1.4815,39.9,100.0,3990000.0,0.0,0.0,39.9,39.9,39.9,100.0
2018-11-29,39.9,39.9,0.0,39.9,0.0,0.0,0.0,0.0,39.9,39.9,39.9,0.0
2018-11-30,39.9,39.9,0.0,39.9,0.0,0.0,0.0,0.0,39.9,39.9,39.9,0.0
2018-12-03,40.4,40.4,1.2531,40.4,100.0,4040000.0,0.0,0.0,40.4,40.4,40.4,100.0
2018-12-04,40.4,40.4,0.0,40.4,0.0,0.0,0.0,0.0,40.4,40.4,40.4,0.0
2018-12-05,40.4,40.4,0.0,40.4,0.0,0.0,0.0,0.0,40.4,40.4,40.4,0.0
2018-12-06,40.4,40.4,0.0,40.4,0.0,0.0,0.0,0.0,40.4,40.4,40.4,0.0
2018-12-07,40.4,40.4,0.0,40.4,0.0,0.0,0.0,0.0,40.4,40.4,40.4,0.0
2018-12-10,39.7,39.7,-1.7327,39.843,700.0,27890000.0,0.0,0.0,39.9,39.9,39.7,700.0
2018-12-11,40.3,40.3,1.2563,40.3,100.0,4030000.0,0.0,0.0,40.3,40.3,40.3,100.0
2018-12-12,40.3,40.3,0.0,40.3,0.0,0.0,0.0,0.0,40.3,40.3,40.3,0.0
2018-12-13,40.3,40.3,0.0,40.3,0.0,0.0,0.0,0.0,40.3,40.3,40.3,0.0
2018-12-14,40.3,40.3,0.0,40.3,0.0,0.0,0.0,0.0,40.3,40.3,40.3,0.0
2018-12-17,40.3,40.3,0.0,40.3,0.0,0.0,0.0,0.0,40.3,40.3,40.3,0.0
2018-12-18,40.3,40.3,0.0,40.3,0.0,0.0,0.0,0.0,40.3,40.3,40.3,0.0
2018-12-19,40.3,40.3,0.0,40.3,0.0,0.0,0.0,0.0,40.3,40.3,40.3,0.0
2018-12-20,40.3,40.3,0.0,40.3,0.0,0.0,0.0,0.0,40.3,40.3,40.3,0.0
2018-12-21,39.9,39.9,-0.9926,39.9,200.0,7980000.0,0.0,0.0,39.9,39.9,39.9,200.0
2018-12-24,40.3,40.3,1.0025,40.3,100.0,4030000.0,0.0,0.0,40.3,40.3,40.3,100.0
2018-12-25,40.3,40.3,0.0,40.3,0.0,0.0,0.0,0.0,40.3,40.3,40.3,0.0
2018-12-26,40.3,40.3,0.0,40.3,0.0,0.0,0.0,0.0,40.3,40.3,40.3,0.0
2018-12-27,40.3,40.3,0.0,40.3,0.0,0.0,0.0,0.0,40.3,40.3,40.3,0.0
2018-12-28,40.3,40.3,0.0,40.3,0.0,0.0,0.0,0.0,40.3,40.3,40.3,0.0
2019-01-02,40.3,40.3,0.0,40.3,0.0,0.0,0.0,0.0,40.3,40.3,40.3,0.0
2019-01-03,40.3,40.3,0.0,40.3,0.0,0.0,0.0,0.0,40.3,40.3,40.3,0.0
2019-01-04,40.3,40.3,0.0,40.3,0.0,0.0,0.0,0.0,40.3,40.3,40.3,0.0
2019-01-07,40.3,40.3,0.0,40.3,0.0,0.0,0.0,0.0,40.3,40.3,40.3,0.0
2019-01-08,40.3,40.3,0.0,40.3,0.0,0.0,0.0,0.0,40.3,40.3,40.3,0.0
2019-01-09,40.3,40.3,0.0,40.3,0.0,0.0,0.0,0.0,40.3,40.3,40.3,0.0
2019-01-10,40.3,40.3,0.0,40.3,0.0,0.0,0.0,0.0,40.3,40.3,40.3,0.0
2019-01-11,40.3,40.3,0.0,40.3,0.0,0.0,0.0,0.0,40.3,40.3,40.3,0.0
2019-01-14,40.3,40.3,0.0,40.3,0.0,0.0,0.0,0.0,40.3,40.3,40.3,0.0
2019-01-15,40.3,40.3,0.0,40.3,0.0,0.0,0.0,0.0,40.3,40.3,40.3,0.0
2019-01-16,40.3,40.3,0.0,40.3,0.0,0.0,0.0,0.0,40.3,40.3,40.3,0.0
2019-01-17,40.3,40.3,0.0,40.3,0.0,0.0,0.0,0.0,40.3,40.3,40.3,0.0
2019-01-18,40.3,40.3,0.0,40.3,0.0,0.0,0.0,0.0,40.3,40.3,40.3,0.0
2019-01-21,40.3,40.3,0.0,40.3,0.0,0.0,0.0,0.0,40.3,40.3,40.3,0.0
2019-01-22,38.9,38.9,-3.4739,38.9,100.0,3890000.0,0.0,0.0,38.9,38.9,38.9,100.0
2019-01-23,38.9,38.9,0.0,38.9,0.0,0.0,0.0,0.0,38.9,38.9,38.9,0.0
2019-01-24,38.9,38.9,0.0,38.9,0.0,0.0,0.0,0.0,38.9,38.9,38.9,0.0
2019-01-25,39.0,39.0,0.2571,39.0,100.0,3900000.0,0.0,0.0,39.0,39.0,39.0,100.0
2019-01-28,39.0,39.0,0.0,39.0,0.0,0.0,0.0,0.0,39.0,39.0,39.0,0.0
2019-01-29,39.0,39.0,0.0,39.0,0.0,0.0,0.0,0.0,39.0,39.0,39.0,0.0
2019-01-30,39.0,39.0,0.0,39.0,0.0,0.0,0.0,0.0,39.0,39.0,39.0,0.0
2019-01-31,33.2,33.2,-14.8718,33.2,300.0,9960000.0,0.0,0.0,33.2,33.2,33.2,300.0
2019-02-01,33.2,33.2,0.0,33.2,100.0,3320000.0,0.0,0.0,33.2,33.2,33.2,100.0
2019-02-11,32.9,32.9,-0.9036,32.02,500.0,16010000.0,0.0,0.0,28.3,33.1,28.3,500.0
2019-02-12,32.0,32.0,0.0,32.0,0.0,0.0,0.0,0.0,32.0,32.0,32.0,0.0
2019-02-13,31.7,31.7,-0.9375,30.2,300.0,9060000.0,0.0,0.0,27.2,31.7,27.2,300.0
2019-02-14,25.7,25.7,-14.9007,25.7,100.0,2570000.0,0.0,0.0,25.7,25.7,25.7,100.0
2019-02-15,21.9,21.9,-14.786,22.914,700.0,16040000.0,0.0,0.0,29.0,29.0,21.9,700.0
2019-02-18,19.5,19.5,-14.8472,22.75,200.0,4550000.0,0.0,0.0,26.0,26.0,19.5,200.0
2019-02-19,19.4,19.4,-14.9123,23.8,300.0,7140000.0,0.0,0.0,26.0,26.0,19.4,300.0
2019-02-20,27.0,27.0,13.4454,27.0,200.0,5400000.0,0.0,0.0,27.0,27.0,27.0,200.0
2019-02-21,23.1,23.1,-14.4444,23.1,200.0,4620000.0,0.0,0.0,23.1,23.1,23.1,200.0
2019-02-22,19.7,19.7,-14.7186,23.05,200.0,4610000.0,0.0,0.0,26.4,26.4,19.7,200.0
2019-02-25,26.4,26.4,14.2857,26.4,100.0,2640000.0,0.0,0.0,26.4,26.4,26.4,100.0
2019-02-26,22.5,22.5,-14.7727,22.5,100.0,2250000.0,0.0,0.0,22.5,22.5,22.5,100.0
2019-02-27,25.6,25.6,13.7778,25.6,100.0,2560000.0,0.0,0.0,25.6,25.6,25.6,100.0
2019-02-28,22.0,22.0,-14.0625,22.242,1900.0,42260000.0,0.0,0.0,29.2,29.2,21.8,1900.0
2019-03-01,24.9,24.9,12.1622,21.3,525.0,11122500.0,0.0,0.0,18.9,24.9,18.9,525.0
2019-03-04,24.4,24.4,14.554,23.7,1000.0,23700000.0,0.0,0.0,18.2,24.4,18.2,1000.0
2019-03-05,20.2,20.2,-14.7679,20.2,500.0,10100000.0,0.0,0.0,20.2,20.2,20.2,500.0
2019-03-06,17.2,17.2,-14.8515,17.856,900.0,16070000.0,0.0,0.0,23.1,23.1,17.2,900.0
2019-03-07,17.2,17.2,-3.9106,17.2,1300.0,22360000.0,0.0,0.0,17.2,17.2,17.2,1300.0
2019-03-08,19.0,19.0,10.4651,19.086,700.0,13360000.0,0.0,0.0,19.6,19.6,19.0,700.0
2019-03-11,19.1,19.1,0.0,19.1,0.0,0.0,0.0,0.0,19.1,19.1,19.1,0.0
2019-03-12,19.1,19.1,0.0,19.1,0.0,0.0,0.0,0.0,19.1,19.1,19.1,0.0
2019-03-13,21.8,21.8,14.1361,21.8,100.0,2180000.0,0.0,0.0,21.8,21.8,21.8,100.0
2019-03-14,24.8,24.8,13.7615,24.8,100.0,2480000.0,0.0,0.0,24.8,24.8,24.8,100.0
2019-03-15,24.5,24.5,-1.2097,24.5,100.0,2450000.0,0.0,0.0,24.5,24.5,24.5,100.0
2019-03-18,24.5,24.5,0.0,24.5,0.0,0.0,0.0,0.0,24.5,24.5,24.5,0.0
2019-03-19,24.5,24.5,0.0,24.5,0.0,0.0,0.0,0.0,24.5,24.5,24.5,0.0
2019-03-20,20.9,20.9,-14.6939,24.45,200.0,4890000.0,0.0,0.0,28.0,28.0,20.9,200.0
2019-03-21,20.9,20.9,-14.6939,20.9,100.0,2090000.0,0.0,0.0,20.9,20.9,20.9,100.0
2019-03-22,17.8,17.8,-14.8325,19.35,200.0,3870000.0,0.0,0.0,20.9,20.9,17.8,200.0
2019-03-25,22.2,22.2,14.433,22.2,100.0,2220000.0,0.0,0.0,22.2,22.2,22.2,100.0
2019-03-26,22.2,22.2,0.0,22.2,0.0,0.0,0.0,0.0,22.2,22.2,22.2,0.0
2019-03-27,18.9,18.9,-14.8649,18.9,400.0,7560000.0,0.0,0.0,18.9,18.9,18.9,400.0
2019-03-28,18.9,18.9,0.0,18.9,0.0,0.0,0.0,0.0,18.9,18.9,18.9,0.0
2019-03-29,18.9,18.9,0.0,18.9,0.0,0.0,0.0,0.0,18.9,18.9,18.9,0.0
2019-04-01,21.6,21.6,14.2857,21.6,100.0,2160000.0,0.0,0.0,21.6,21.6,21.6,100.0
2019-04-02,21.6,21.6,0.0,21.6,0.0,0.0,0.0,0.0,21.6,21.6,21.6,0.0
2019-04-03,21.6,21.6,0.0,21.6,0.0,0.0,0.0,0.0,21.6,21.6,21.6,0.0
2019-04-04,21.6,21.6,0.0,21.6,0.0,0.0,0.0,0.0,21.6,21.6,21.6,0.0
2019-04-05,21.6,21.6,0.0,21.6,0.0,0.0,0.0,0.0,21.6,21.6,21.6,0.0
2019-04-08,18.4,18.4,-14.8148,21.5,200.0,4300000.0,0.0,0.0,24.6,24.6,18.4,200.0
2019-04-09,18.3,18.3,-14.8837,18.3,100.0,1830000.0,0.0,0.0,18.3,18.3,18.3,100.0
2019-04-10,18.1,18.1,-1.0929,17.1,500.0,8550000.0,0.0,0.0,15.6,18.1,15.6,500.0
2019-04-11,14.6,14.6,-14.6199,14.6,300.0,4380000.0,0.0,0.0,14.6,14.6,14.6,300.0
2019-04-12,12.5,12.5,-14.3836,12.55,400.0,5020000.0,0.0,0.0,12.6,12.6,12.5,400.0
2019-04-16,12.6,12.6,0.0,12.6,0.0,0.0,0.0,0.0,12.6,12.6,12.6,0.0
2019-04-17,14.3,14.3,13.4921,14.3,100.0,1430000.0,0.0,0.0,14.3,14.3,14.3,100.0
2019-04-18,16.2,16.2,13.2867,16.2,100.0,1620000.0,0.0,0.0,16.2,16.2,16.2,100.0
2019-04-19,13.8,13.8,-14.8148,13.8,200.0,2760000.0,0.0,0.0,13.8,13.8,13.8,200.0
2019-04-22,11.8,11.8,-14.4928,11.829,700.0,8280000.0,0.0,0.0,12.0,12.0,11.8,700.0
2019-04-23,10.1,10.1,-14.4068,10.351,3600.0,37240000.0,0.0,0.0,10.1,13.5,10.1,3600.0
2019-04-24,10.5,10.5,0.9615,10.332,6950.0,71795000.0,0.0,0.0,10.1,10.5,10.1,6950.0
2019-04-25,11.7,11.7,13.5922,11.7,100.0,1170000.0,0.0,0.0,11.7,11.7,11.7,100.0
2019-04-26,13.0,13.0,11.1111,13.01,2100.0,27320000.0,0.0,0.0,13.2,13.2,13.0,2100.0
2019-05-02,14.5,14.5,11.5385,14.5,100.0,1450000.0,0.0,0.0,14.5,14.5,14.5,100.0
2019-05-03,14.5,14.5,0.0,14.5,0.0,0.0,0.0,0.0,14.5,14.5,14.5,0.0
2019-05-06,15.9,15.9,9.6552,15.9,100.0,1590000.0,0.0,0.0,15.9,15.9,15.9,100.0
2019-05-07,15.9,15.9,0.0,15.9,0.0,0.0,0.0,0.0,15.9,15.9,15.9,0.0
2019-05-08,15.9,15.9,0.0,15.9,0.0,0.0,0.0,0.0,15.9,15.9,15.9,0.0
2019-05-09,15.9,15.9,0.0,15.9,0.0,0.0,0.0,0.0,15.9,15.9,15.9,0.0
2019-05-10,13.6,13.6,-14.4654,13.6,100.0,1360000.0,0.0,0.0,13.6,13.6,13.6,100.0
2019-05-13,15.0,15.0,10.2941,15.25,200.0,3050000.0,0.0,0.0,15.5,15.5,15.0,200.0
2019-05-14,15.3,15.3,0.0,15.3,0.0,0.0,0.0,0.0,15.3,15.3,15.3,0.0
2019-05-15,15.3,15.3,0.0,15.3,0.0,0.0,0.0,0.0,15.3,15.3,15.3,0.0
2019-05-16,16.0,16.0,4.5752,16.0,100.0,1600000.0,0.0,0.0,16.0,16.0,16.0,100.0
2019-05-17,16.0,16.0,0.0,16.0,0.0,0.0,0.0,0.0,16.0,16.0,16.0,0.0
2019-05-20,16.0,16.0,0.0,16.0,0.0,0.0,0.0,0.0,16.0,16.0,16.0,0.0
2019-05-21,16.0,16.0,0.0,16.0,0.0,0.0,0.0,0.0,16.0,16.0,16.0,0.0
2019-05-22,16.0,16.0,0.0,16.0,0.0,0.0,0.0,0.0,16.0,16.0,16.0,0.0
2019-05-23,16.0,16.0,0.0,16.0,0.0,0.0,0.0,0.0,16.0,16.0,16.0,0.0
2019-05-24,16.0,16.0,0.0,16.0,0.0,0.0,0.0,0.0,16.0,16.0,16.0,0.0
2019-05-27,16.0,16.0,0.0,16.0,0.0,0.0,0.0,0.0,16.0,16.0,16.0,0.0
2019-05-28,13.6,13.6,-15.0,13.6,100.0,1360000.0,0.0,0.0,13.6,13.6,13.6,100.0
2019-05-29,13.2,13.2,-2.9412,13.0,800.0,10400000.0,0.0,0.0,11.6,13.2,11.6,800.0
2019-05-30,13.8,13.8,6.1538,13.8,100.0,1380000.0,0.0,0.0,13.8,13.8,13.8,100.0
2019-05-31,13.8,13.8,0.0,13.8,0.0,0.0,0.0,0.0,13.8,13.8,13.8,0.0
2019-06-03,14.3,14.3,3.6232,14.3,1000.0,14300000.0,0.0,0.0,13.7,14.9,13.7,1000.0
2019-06-04,14.3,14.3,0.0,14.3,900.0,12870000.0,0.0,0.0,14.3,14.3,14.3,900.0
2019-06-05,14.3,14.3,0.0,14.3,0.0,0.0,0.0,0.0,14.3,14.3,14.3,0.0
2019-06-06,14.3,14.3,0.0,14.3,0.0,0.0,0.0,0.0,14.3,14.3,14.3,0.0
2019-06-07,14.3,14.3,0.0,14.3,0.0,0.0,0.0,0.0,14.3,14.3,14.3,0.0
2019-06-10,14.3,14.3,0.0,14.3,0.0,0.0,0.0,0.0,14.3,14.3,14.3,0.0
2019-06-11,14.3,14.3,0.0,14.3,0.0,0.0,0.0,0.0,14.3,14.3,14.3,0.0
2019-06-12,14.3,14.3,0.0,14.3,0.0,0.0,0.0,0.0,14.3,14.3,14.3,0.0
2019-06-13,14.3,14.3,0.0,14.3,0.0,0.0,0.0,0.0,14.3,14.3,14.3,0.0
2019-06-14,14.3,14.3,0.0,14.3,0.0,0.0,0.0,0.0,14.3,14.3,14.3,0.0
2019-06-17,14.3,14.3,0.0,14.3,0.0,0.0,0.0,0.0,14.3,14.3,14.3,0.0
2019-06-18,13.9,13.9,-2.7972,13.275,400.0,5310000.0,0.0,0.0,13.0,13.9,12.3,400.0
2019-06-19,13.6,13.6,2.2556,13.6,100.0,1360000.0,0.0,0.0,13.6,13.6,13.6,100.0
2019-06-20,11.6,11.6,-14.7059,11.6,3000.0,34800000.0,0.0,0.0,11.6,11.6,11.6,3000.0
2019-06-21,9.9,9.9,-14.6552,10.081,2700.0,27220000.0,0.0,0.0,12.8,12.8,9.9,2700.0
2019-06-24,10.1,10.1,0.0,10.1,0.0,0.0,0.0,0.0,10.1,10.1,10.1,0.0
2019-06-25,11.2,11.2,10.8911,11.2,100.0,1120000.0,0.0,0.0,11.2,11.2,11.2,100.0
2019-06-26,11.6,11.6,3.5714,11.6,100.0,1160000.0,0.0,0.0,11.6,11.6,11.6,100.0
2019-06-27,11.6,11.6,0.0,11.6,0.0,0.0,0.0,0.0,11.6,11.6,11.6,0.0
2019-06-28,12.4,12.4,6.8966,12.3,400.0,4920000.0,0.0,0.0,12.0,12.4,12.0,400.0
2019-07-01,12.5,12.5,1.626,12.5,100.0,1250000.0,0.0,0.0,12.5,12.5,12.5,100.0
2019-07-02,12.5,12.5,0.0,12.5,0.0,0.0,0.0,0.0,12.5,12.5,12.5,0.0
2019-07-03,12.5,12.5,0.0,12.5,0.0,0.0,0.0,0.0,12.5,12.5,12.5,0.0
2019-07-04,12.5,12.5,0.0,12.5,0.0,0.0,0.0,0.0,12.5,12.5,12.5,0.0
2019-07-05,10.7,10.7,-14.4,10.7,5000.0,53500000.0,0.0,0.0,10.7,10.7,10.7,5000.0
2019-07-08,10.7,10.7,0.0,10.7,0.0,0.0,0.0,0.0,10.7,10.7,10.7,0.0
2019-07-09,10.7,10.7,0.0,10.7,0.0,0.0,0.0,0.0,10.7,10.7,10.7,0.0
2019-07-10,10.7,10.7,0.0,10.7,0.0,0.0,0.0,0.0,10.7,10.7,10.7,0.0
2019-07-11,10.7,10.7,0.0,10.7,0.0,0.0,0.0,0.0,10.7,10.7,10.7,0.0
2019-07-12,10.7,10.7,0.0,10.7,0.0,0.0,0.0,0.0,10.7,10.7,10.7,0.0
2019-07-15,10.7,10.7,0.0,10.7,0.0,0.0,0.0,0.0,10.7,10.7,10.7,0.0
2019-07-16,10.7,10.7,0.0,10.7,0.0,0.0,0.0,0.0,10.7,10.7,10.7,0.0
2019-07-17,10.7,10.7,0.0,10.7,0.0,0.0,0.0,0.0,10.7,10.7,10.7,0.0
2019-07-18,12.0,12.0,12.1495,12.15,200.0,2430000.0,0.0,0.0,12.3,12.3,12.0,200.0
2019-07-19,13.2,13.2,8.1967,13.2,100.0,1320000.0,0.0,0.0,13.2,13.2,13.2,100.0
2019-07-22,13.2,13.2,0.0,13.2,0.0,0.0,0.0,0.0,13.2,13.2,13.2,0.0
2019-07-23,13.2,13.2,0.0,13.2,0.0,0.0,0.0,0.0,13.2,13.2,13.2,0.0
2019-07-24,13.2,13.2,0.0,13.2,0.0,0.0,0.0,0.0,13.2,13.2,13.2,0.0
2019-07-25,13.2,13.2,0.0,13.2,0.0,0.0,0.0,0.0,13.2,13.2,13.2,0.0
2019-07-26,13.2,13.2,0.0,13.2,0.0,0.0,0.0,0.0,13.2,13.2,13.2,0.0
2019-07-29,13.2,13.2,0.0,13.2,0.0,0.0,0.0,0.0,13.2,13.2,13.2,0.0
2019-07-30,13.2,13.2,0.0,13.2,0.0,0.0,0.0,0.0,13.2,13.2,13.2,0.0
2019-07-31,13.2,13.2,0.0,13.2,0.0,0.0,0.0,0.0,13.2,13.2,13.2,0.0
2019-08-01,13.2,13.2,0.0,13.2,0.0,0.0,0.0,0.0,13.2,13.2,13.2,0.0
2019-08-02,13.2,13.2,0.0,13.2,0.0,0.0,0.0,0.0,13.2,13.2,13.2,0.0
2019-08-05,13.2,13.2,0.0,13.2,0.0,0.0,0.0,0.0,13.2,13.2,13.2,0.0
2019-08-06,13.2,13.2,0.0,13.2,0.0,0.0,0.0,0.0,13.2,13.2,13.2,0.0
2019-08-07,13.2,13.2,0.0,13.2,0.0,0.0,0.0,0.0,13.2,13.2,13.2,0.0
2019-08-08,13.2,13.2,0.0,13.2,0.0,0.0,0.0,0.0,13.2,13.2,13.2,0.0
2019-08-09,13.2,13.2,0.0,13.2,0.0,0.0,0.0,0.0,13.2,13.2,13.2,0.0
2019-08-12,13.2,13.2,0.0,13.2,0.0,0.0,0.0,0.0,13.2,13.2,13.2,0.0
2019-08-13,13.2,13.2,0.0,13.2,0.0,0.0,0.0,0.0,13.2,13.2,13.2,0.0
2019-08-14,13.2,13.2,0.0,13.2,0.0,0.0,0.0,0.0,13.2,13.2,13.2,0.0
2019-08-15,13.2,13.2,0.0,13.2,0.0,0.0,0.0,0.0,13.2,13.2,13.2,0.0
2019-08-16,13.2,13.2,0.0,13.2,0.0,0.0,0.0,0.0,13.2,13.2,13.2,0.0
2019-08-19,13.2,13.2,0.0,13.2,0.0,0.0,0.0,0.0,13.2,13.2,13.2,0.0
2019-08-20,13.2,13.2,0.0,13.2,0.0,0.0,0.0,0.0,13.2,13.2,13.2,0.0
2019-08-21,13.2,13.2,0.0,13.2,0.0,0.0,0.0,0.0,13.2,13.2,13.2,0.0
2019-08-22,13.2,13.2,0.0,13.2,0.0,0.0,0.0,0.0,13.2,13.2,13.2,0.0
2019-08-23,11.3,11.3,-14.3939,11.3,300.0,3390000.0,0.0,0.0,11.3,11.3,11.3,300.0
2019-08-26,12.6,12.6,11.5044,11.46,500.0,5730000.0,0.0,0.0,9.7,12.6,9.7,500.0
2019-08-27,9.8,9.8,-14.7826,9.8,800.0,7840000.0,0.0,0.0,9.8,9.8,9.8,800.0
2019-08-28,11.1,11.1,13.2653,11.1,100.0,1110000.0,0.0,0.0,11.1,11.1,11.1,100.0
2019-08-29,12.4,12.4,11.7117,12.4,100.0,1240000.0,0.0,0.0,12.4,12.4,12.4,100.0
2019-08-30,12.4,12.4,0.0,12.4,0.0,0.0,0.0,0.0,12.4,12.4,12.4,0.0
2019-09-03,13.9,13.9,12.0968,11.7,300.0,3510000.0,0.0,0.0,10.6,13.9,10.6,300.0
2019-09-04,12.9,12.9,10.2564,12.9,100.0,1290000.0,0.0,0.0,12.9,12.9,12.9,100.0
2019-09-05,14.2,14.2,10.0775,12.617,600.0,7570000.0,0.0,0.0,11.0,14.3,11.0,600.0
2019-09-06,10.8,10.8,-14.2857,10.8,100.0,1080000.0,0.0,0.0,10.8,10.8,10.8,100.0
2019-09-09,12.3,12.3,13.8889,12.3,100.0,1230000.0,0.0,0.0,12.3,12.3,12.3,100.0
2019-09-10,13.9,13.9,13.0081,13.9,100.0,1390000.0,0.0,0.0,13.9,13.9,13.9,100.0
2019-09-11,13.9,13.9,0.0,13.9,0.0,0.0,0.0,0.0,13.9,13.9,13.9,0.0
2019-09-12,13.9,13.9,0.0,13.9,0.0,0.0,0.0,0.0,13.9,13.9,13.9,0.0
2019-09-13,13.9,13.9,0.0,13.9,0.0,0.0,0.0,0.0,13.9,13.9,13.9,0.0
2019-09-16,13.9,13.9,0.0,13.9,0.0,0.0,0.0,0.0,13.9,13.9,13.9,0.0
2019-09-17,13.9,13.9,0.0,13.9,0.0,0.0,0.0,0.0,13.9,13.9,13.9,0.0
2019-09-18,13.9,13.9,0.0,13.9,0.0,0.0,0.0,0.0,13.9,13.9,13.9,0.0
2019-09-19,13.9,13.9,0.0,13.9,0.0,0.0,0.0,0.0,13.9,13.9,13.9,0.0
2019-09-20,13.9,13.9,0.0,13.9,0.0,0.0,0.0,0.0,13.9,13.9,13.9,0.0
2019-09-23,13.9,13.9,0.0,13.9,0.0,0.0,0.0,0.0,13.9,13.9,13.9,0.0
2019-09-24,13.9,13.9,0.0,13.9,0.0,0.0,0.0,0.0,13.9,13.9,13.9,0.0
2019-09-25,13.9,13.9,0.0,13.9,0.0,0.0,0.0,0.0,13.9,13.9,13.9,0.0
2019-09-26,13.9,13.9,0.0,13.9,0.0,0.0,0.0,0.0,13.9,13.9,13.9,0.0
2019-09-27,13.9,13.9,0.0,13.9,0.0,0.0,0.0,0.0,13.9,13.9,13.9,0.0
2019-09-30,11.9,11.9,-14.3885,11.9,2500.0,29750000.0,0.0,0.0,11.9,11.9,11.9,2500.0
2019-10-01,13.5,13.5,13.4454,13.5,100.0,1350000.0,0.0,0.0,13.5,13.5,13.5,100.0
2019-10-02,14.4,14.4,6.6667,14.4,100.0,1440000.0,0.0,0.0,14.4,14.4,14.4,100.0
2019-10-03,14.4,14.4,0.0,14.4,0.0,0.0,0.0,0.0,14.4,14.4,14.4,0.0
2019-10-04,14.4,14.4,0.0,14.4,0.0,0.0,0.0,0.0,14.4,14.4,14.4,0.0
2019-10-07,14.4,14.4,0.0,14.4,0.0,0.0,0.0,0.0,14.4,14.4,14.4,0.0
2019-10-08,14.4,14.4,0.0,14.4,0.0,0.0,0.0,0.0,14.4,14.4,14.4,0.0
2019-10-09,14.4,14.4,0.0,14.4,0.0,0.0,0.0,0.0,14.4,14.4,14.4,0.0
2019-10-10,14.4,14.4,0.0,14.4,0.0,0.0,0.0,0.0,14.4,14.4,14.4,0.0
2019-10-11,14.4,14.4,0.0,14.4,0.0,0.0,0.0,0.0,14.4,14.4,14.4,0.0
2019-10-14,14.4,14.4,0.0,14.4,0.0,0.0,0.0,0.0,14.4,14.4,14.4,0.0
2019-10-15,14.4,14.4,0.0,14.4,0.0,0.0,0.0,0.0,14.4,14.4,14.4,0.0
2019-10-16,14.4,14.4,0.0,14.4,0.0,0.0,0.0,0.0,14.4,14.4,14.4,0.0
2019-10-17,14.4,14.4,0.0,14.4,0.0,0.0,0.0,0.0,14.4,14.4,14.4,0.0
2019-10-18,14.4,14.4,0.0,14.4,0.0,0.0,0.0,0.0,14.4,14.4,14.4,0.0
2019-10-21,14.4,14.4,0.0,14.4,0.0,0.0,0.0,0.0,14.4,14.4,14.4,0.0
2019-10-22,14.5,14.5,0.6944,14.5,100.0,1450000.0,0.0,0.0,14.5,14.5,14.5,100.0
2019-10-23,14.5,14.5,0.0,14.5,0.0,0.0,0.0,0.0,14.5,14.5,14.5,0.0
2019-10-24,14.5,14.5,0.0,14.5,0.0,0.0,0.0,0.0,14.5,14.5,14.5,0.0
2019-10-25,14.5,14.5,0.0,14.5,0.0,0.0,0.0,0.0,14.5,14.5,14.5,0.0
2019-10-28,14.5,14.5,0.0,14.5,0.0,0.0,0.0,0.0,14.5,14.5,14.5,0.0
2019-10-29,14.5,14.5,0.0,14.5,0.0,0.0,0.0,0.0,14.5,14.5,14.5,0.0
2019-10-30,14.5,14.5,0.0,14.5,0.0,0.0,0.0,0.0,14.5,14.5,14.5,0.0
2019-10-31,14.5,14.5,0.0,14.5,0.0,0.0,0.0,0.0,14.5,14.5,14.5,0.0
2019-11-01,14.9,14.9,2.7586,14.9,100.0,1490000.0,0.0,0.0,14.9,14.9,14.9,100.0
2019-11-04,14.9,14.9,0.0,14.9,0.0,0.0,0.0,0.0,14.9,14.9,14.9,0.0
2019-11-05,14.9,14.9,0.0,14.9,0.0,0.0,0.0,0.0,14.9,14.9,14.9,0.0
2019-11-06,14.9,14.9,0.0,14.9,0.0,0.0,0.0,0.0,14.9,14.9,14.9,0.0
2019-11-07,14.9,14.9,0.0,14.9,0.0,0.0,0.0,0.0,14.9,14.9,14.9,0.0
2019-11-08,14.9,14.9,0.0,14.9,0.0,0.0,0.0,0.0,14.9,14.9,14.9,0.0
2019-11-11,14.9,14.9,0.0,14.9,0.0,0.0,0.0,0.0,14.9,14.9,14.9,0.0
2019-11-12,14.9,14.9,0.0,14.9,0.0,0.0,0.0,0.0,14.9,14.9,14.9,0.0
2019-11-13,14.9,14.9,0.0,14.9,0.0,0.0,0.0,0.0,14.9,14.9,14.9,0.0
2019-11-14,14.9,14.9,0.0,14.9,0.0,0.0,0.0,0.0,14.9,14.9,14.9,0.0
2019-11-15,14.9,14.9,0.0,14.9,0.0,0.0,0.0,0.0,14.9,14.9,14.9,0.0
2019-11-18,14.9,14.9,0.0,14.9,0.0,0.0,0.0,0.0,14.9,14.9,14.9,0.0
2019-11-19,14.9,14.9,0.0,14.9,0.0,0.0,0.0,0.0,14.9,14.9,14.9,0.0
2019-11-20,14.9,14.9,0.0,14.9,0.0,0.0,0.0,0.0,14.9,14.9,14.9,0.0
2019-11-21,14.9,14.9,0.0,14.9,0.0,0.0,0.0,0.0,14.9,14.9,14.9,0.0
2019-11-22,14.9,14.9,0.0,14.9,0.0,0.0,0.0,0.0,14.9,14.9,14.9,0.0
2019-11-25,14.9,14.9,0.0,14.9,0.0,0.0,0.0,0.0,14.9,14.9,14.9,0.0
2019-11-26,14.9,14.9,0.0,14.9,0.0,0.0,0.0,0.0,14.9,14.9,14.9,0.0
2019-11-27,14.8,14.8,-0.6711,14.8,400.0,5920000.0,0.0,0.0,14.8,14.8,14.8,400.0
2019-11-28,16.7,16.7,12.8378,16.7,100.0,1670000.0,0.0,0.0,16.7,16.7,16.7,100.0
2019-11-29,17.9,17.9,7.1856,17.9,100.0,1790000.0,0.0,0.0,17.9,17.9,17.9,100.0
2019-12-02,19.9,19.9,11.1732,19.9,100.0,1990000.0,0.0,0.0,19.9,19.9,19.9,100.0
2019-12-03,20.8,20.8,4.5226,20.8,100.0,2080000.0,0.0,0.0,20.8,20.8,20.8,100.0
2019-12-04,20.8,20.8,0.0,21.9,200.0,4380000.0,0.0,0.0,23.0,23.0,20.8,200.0
2019-12-05,21.9,21.9,0.0,21.9,0.0,0.0,0.0,0.0,21.9,21.9,21.9,0.0
2019-12-06,21.9,21.9,0.0,21.9,0.0,0.0,0.0,0.0,21.9,21.9,21.9,0.0
2019-12-09,21.9,21.9,0.0,21.9,0.0,0.0,0.0,0.0,21.9,21.9,21.9,0.0
2019-12-10,21.9,21.9,0.0,21.9,0.0,0.0,0.0,0.0,21.9,21.9,21.9,0.0
2019-12-11,21.9,21.9,0.0,21.9,0.0,0.0,0.0,0.0,21.9,21.9,21.9,0.0
2019-12-12,21.9,21.9,0.0,21.9,0.0,0.0,0.0,0.0,21.9,21.9,21.9,0.0
2019-12-13,21.9,21.9,0.0,21.9,0.0,0.0,0.0,0.0,21.9,21.9,21.9,0.0
2019-12-16,18.7,18.7,-14.6119,18.7,200.0,3740000.0,0.0,0.0,18.7,18.7,18.7,200.0
2019-12-17,20.4,20.4,9.0909,20.4,100.0,2040000.0,0.0,0.0,20.4,20.4,20.4,100.0
2019-12-18,20.4,20.4,0.0,20.4,50.0,1095000.0,0.0,0.0,20.4,20.4,20.4,50.0
2019-12-19,21.9,21.9,7.3529,21.9,100.0,2190000.0,0.0,0.0,21.9,21.9,21.9,100.0
2019-12-20,21.9,21.9,0.0,21.9,0.0,0.0,0.0,0.0,21.9,21.9,21.9,0.0
2019-12-23,21.9,21.9,0.0,21.9,0.0,0.0,0.0,0.0,21.9,21.9,21.9,0.0
2019-12-24,21.9,21.9,0.0,21.9,0.0,0.0,0.0,0.0,21.9,21.9,21.9,0.0
2019-12-25,21.9,21.9,0.0,21.9,0.0,0.0,0.0,0.0,21.9,21.9,21.9,0.0
2019-12-26,21.9,21.9,0.0,21.9,0.0,0.0,0.0,0.0,21.9,21.9,21.9,0.0
2019-12-27,21.9,21.9,0.0,21.9,0.0,0.0,0.0,0.0,21.9,21.9,21.9,0.0
2019-12-30,21.9,21.9,0.0,21.9,0.0,0.0,0.0,0.0,21.9,21.9,21.9,0.0
2019-12-31,21.9,21.9,0.0,21.9,0.0,0.0,0.0,0.0,21.9,21.9,21.9,0.0
2020-01-02,21.9,21.9,0.0,21.9,0.0,0.0,0.0,0.0,21.9,21.9,21.9,0.0
2020-01-03,21.9,21.9,0.0,21.9,0.0,0.0,0.0,0.0,21.9,21.9,21.9,0.0
2020-01-06,22.9,22.9,4.5662,22.9,100.0,2290000.0,0.0,0.0,22.9,22.9,22.9,100.0
2020-01-07,22.9,22.9,0.0,22.9,0.0,0.0,0.0,0.0,22.9,22.9,22.9,0.0
2020-01-08,22.9,22.9,0.0,22.9,0.0,0.0,0.0,0.0,22.9,22.9,22.9,0.0
2020-01-09,22.9,22.9,0.0,22.9,0.0,0.0,0.0,0.0,22.9,22.9,22.9,0.0
2020-01-10,22.9,22.9,0.0,22.9,0.0,0.0,0.0,0.0,22.9,22.9,22.9,0.0
2020-01-13,22.9,22.9,0.0,22.9,0.0,0.0,0.0,0.0,22.9,22.9,22.9,0.0
2020-01-14,22.9,22.9,0.0,22.9,0.0,0.0,0.0,0.0,22.9,22.9,22.9,0.0
2020-01-15,22.9,22.9,0.0,22.9,0.0,0.0,0.0,0.0,22.9,22.9,22.9,0.0
2020-01-16,22.9,22.9,0.0,22.9,0.0,0.0,0.0,0.0,22.9,22.9,22.9,0.0
2020-01-17,22.9,22.9,0.0,22.9,0.0,0.0,0.0,0.0,22.9,22.9,22.9,0.0
2020-01-20,22.9,22.9,0.0,22.9,0.0,0.0,0.0,0.0,22.9,22.9,22.9,0.0
2020-01-21,22.9,22.9,0.0,22.9,0.0,0.0,0.0,0.0,22.9,22.9,22.9,0.0
2020-01-22,22.9,22.9,0.0,22.9,0.0,0.0,0.0,0.0,22.9,22.9,22.9,0.0
2020-01-30,23.7,23.7,3.4934,23.7,100.0,2370000.0,0.0,0.0,23.7,23.7,23.7,100.0
2020-01-31,23.7,23.7,0.0,23.7,0.0,0.0,0.0,0.0,23.7,23.7,23.7,0.0
2020-02-03,23.7,23.7,0.0,23.7,0.0,0.0,0.0,0.0,23.7,23.7,23.7,0.0
2020-02-04,23.7,23.7,0.0,23.7,0.0,0.0,0.0,0.0,23.7,23.7,23.7,0.0
2020-02-05,23.7,23.7,0.0,23.7,0.0,0.0,0.0,0.0,23.7,23.7,23.7,0.0
2020-02-06,23.7,23.7,0.0,23.7,0.0,0.0,0.0,0.0,23.7,23.7,23.7,0.0
2020-02-07,23.7,23.7,0.0,23.7,0.0,0.0,0.0,0.0,23.7,23.7,23.7,0.0
2020-02-10,23.7,23.7,0.0,23.7,0.0,0.0,0.0,0.0,23.7,23.7,23.7,0.0
2020-02-11,23.7,23.7,0.0,23.7,0.0,0.0,0.0,0.0,23.7,23.7,23.7,0.0
2020-02-12,23.7,23.7,0.0,23.7,0.0,0.0,0.0,0.0,23.7,23.7,23.7,0.0
2020-02-13,23.7,23.7,0.0,23.7,0.0,0.0,0.0,0.0,23.7,23.7,23.7,0.0
2020-02-14,23.7,23.7,0.0,23.7,0.0,0.0,0.0,0.0,23.7,23.7,23.7,0.0
2020-02-17,23.7,23.7,0.0,23.7,0.0,0.0,0.0,0.0,23.7,23.7,23.7,0.0
2020-02-18,23.7,23.7,0.0,23.7,0.0,0.0,0.0,0.0,23.7,23.7,23.7,0.0
2020-02-19,23.7,23.7,0.0,23.7,0.0,0.0,0.0,0.0,23.7,23.7,23.7,0.0
2020-02-20,23.7,23.7,0.0,23.7,0.0,0.0,0.0,0.0,23.7,23.7,23.7,0.0
2020-02-21,23.7,23.7,0.0,23.7,0.0,0.0,0.0,0.0,23.7,23.7,23.7,0.0
2020-02-24,23.7,23.7,0.0,23.7,0.0,0.0,0.0,0.0,23.7,23.7,23.7,0.0
2020-02-25,23.7,23.7,0.0,23.7,0.0,0.0,0.0,0.0,23.7,23.7,23.7,0.0
2020-02-26,23.7,23.7,0.0,23.7,0.0,0.0,0.0,0.0,23.7,23.7,23.7,0.0
2020-02-27,23.7,23.7,0.0,23.7,0.0,0.0,0.0,0.0,23.7,23.7,23.7,0.0
2020-02-28,23.7,23.7,0.0,23.7,0.0,0.0,0.0,0.0,23.7,23.7,23.7,0.0
2020-03-02,23.7,23.7,0.0,23.7,0.0,0.0,0.0,0.0,23.7,23.7,23.7,0.0
2020-03-03,23.7,23.7,0.0,23.7,0.0,0.0,0.0,0.0,23.7,23.7,23.7,0.0
2020-03-04,23.7,23.7,0.0,23.7,0.0,0.0,0.0,0.0,23.7,23.7,23.7,0.0
2020-03-05,23.7,23.7,0.0,23.7,0.0,0.0,0.0,0.0,23.7,23.7,23.7,0.0
2020-03-06,23.7,23.7,0.0,23.7,0.0,0.0,0.0,0.0,23.7,23.7,23.7,0.0
2020-03-09,23.7,23.7,0.0,23.7,0.0,0.0,0.0,0.0,23.7,23.7,23.7,0.0
2020-03-10,23.7,23.7,0.0,23.7,0.0,0.0,0.0,0.0,23.7,23.7,23.7,0.0
2020-03-11,23.7,23.7,0.0,23.7,0.0,0.0,0.0,0.0,23.7,23.7,23.7,0.0
2020-03-12,23.7,23.7,0.0,23.7,0.0,0.0,0.0,0.0,23.7,23.7,23.7,0.0
2020-03-13,23.7,23.7,0.0,23.7,0.0,0.0,0.0,0.0,23.7,23.7,23.7,0.0
2020-03-16,23.7,23.7,0.0,23.7,0.0,0.0,0.0,0.0,23.7,23.7,23.7,0.0
2020-03-17,23.7,23.7,0.0,23.7,0.0,0.0,0.0,0.0,23.7,23.7,23.7,0.0
2020-03-18,23.7,23.7,0.0,23.7,0.0,0.0,0.0,0.0,23.7,23.7,23.7,0.0
2020-03-19,23.7,23.7,0.0,23.7,0.0,0.0,0.0,0.0,23.7,23.7,23.7,0.0
2020-03-20,14.3,14.3,-39.6624,14.3,100.0,1430000.0,0.0,0.0,14.3,14.3,14.3,100.0
2020-03-23,12.2,12.2,-14.6853,14.3,200.0,2860000.0,0.0,0.0,16.4,16.4,12.2,200.0
2020-03-24,12.2,12.2,-14.6853,13.95,200.0,2790000.0,0.0,0.0,15.7,15.7,12.2,200.0
2020-03-25,11.9,11.9,-15.0,11.9,500.0,5950000.0,0.0,0.0,11.9,11.9,11.9,500.0
2020-03-26,10.2,10.2,-14.2857,11.125,400.0,4450000.0,0.0,0.0,10.2,13.6,10.2,400.0
2020-03-27,9.5,9.5,-14.4144,9.5,300.0,2850000.0,0.0,0.0,9.5,9.5,9.5,300.0
2020-03-30,9.5,9.5,0.0,9.5,0.0,0.0,0.0,0.0,9.5,9.5,9.5,0.0
2020-03-31,9.5,9.5,0.0,9.5,0.0,0.0,0.0,0.0,9.5,9.5,9.5,0.0
2020-04-01,10.8,10.8,13.6842,10.8,100.0,1080000.0,0.0,0.0,10.8,10.8,10.8,100.0
2020-04-03,10.8,10.8,0.0,10.8,0.0,0.0,0.0,0.0,10.8,10.8,10.8,0.0
2020-04-06,10.8,10.8,0.0,10.8,0.0,0.0,0.0,0.0,10.8,10.8,10.8,0.0
2020-04-07,10.8,10.8,0.0,10.8,0.0,0.0,0.0,0.0,10.8,10.8,10.8,0.0
2020-04-08,10.8,10.8,0.0,10.8,0.0,0.0,0.0,0.0,10.8,10.8,10.8,0.0
2020-04-09,10.0,10.0,-7.4074,10.0,100.0,1000000.0,0.0,0.0,10.0,10.0,10.0,100.0
2020-04-10,8.5,8.5,-15.0,8.5,200.0,1700000.0,0.0,0.0,8.5,8.5,8.5,200.0
2020-04-13,8.5,8.5,0.0,8.5,0.0,0.0,0.0,0.0,8.5,8.5,8.5,0.0
2020-04-14,9.7,9.7,14.1176,9.7,100.0,970000.0,0.0,0.0,9.7,9.7,9.7,100.0
2020-04-15,10.0,10.0,3.0928,8.867,300.0,2660000.0,0.0,0.0,8.3,10.0,8.3,300.0
2020-04-16,10.0,10.0,12.3596,10.0,100.0,1000000.0,0.0,0.0,10.0,10.0,10.0,100.0
2020-04-17,10.0,10.0,0.0,10.0,0.0,0.0,0.0,0.0,10.0,10.0,10.0,0.0
2020-04-20,10.0,10.0,0.0,10.0,0.0,0.0,0.0,0.0,10.0,10.0,10.0,0.0
2020-04-21,10.0,10.0,0.0,10.0,0.0,0.0,0.0,0.0,10.0,10.0,10.0,0.0
2020-04-22,10.0,10.0,0.0,10.0,0.0,0.0,0.0,0.0,10.0,10.0,10.0,0.0
2020-04-23,10.0,10.0,0.0,10.0,0.0,0.0,0.0,0.0,10.0,10.0,10.0,0.0
2020-04-24,10.0,10.0,0.0,10.0,0.0,0.0,0.0,0.0,10.0,10.0,10.0,0.0
2020-04-27,10.0,10.0,0.0,10.0,0.0,0.0,0.0,0.0,10.0,10.0,10.0,0.0
2020-04-28,10.0,10.0,0.0,10.0,0.0,0.0,0.0,0.0,10.0,10.0,10.0,0.0
2020-04-29,10.0,10.0,0.0,10.0,0.0,0.0,0.0,0.0,10.0,10.0,10.0,0.0
2020-05-04,8.5,8.5,-15.0,8.5,100.0,850000.0,0.0,0.0,8.5,8.5,8.5,100.0
2020-05-05,7.3,7.3,-14.1176,7.3,1500.0,10950000.0,0.0,0.0,7.3,7.3,7.3,1500.0
2020-05-06,6.3,6.3,-13.6986,6.3,300.0,1890000.0,0.0,0.0,6.3,6.3,6.3,300.0
2020-05-07,6.3,6.3,0.0,6.3,0.0,0.0,0.0,0.0,6.3,6.3,6.3,0.0
2020-05-08,6.3,6.3,0.0,6.3,0.0,0.0,0.0,0.0,6.3,6.3,6.3,0.0
2020-05-11,6.3,6.3,0.0,6.3,0.0,0.0,0.0,0.0,6.3,6.3,6.3,0.0
2020-05-12,6.3,6.3,0.0,6.3,0.0,0.0,0.0,0.0,6.3,6.3,6.3,0.0
2020-05-13,6.3,6.3,0.0,6.3,0.0,0.0,0.0,0.0,6.3,6.3,6.3,0.0
2020-05-14,6.8,6.8,7.9365,6.8,200.0,1360000.0,0.0,0.0,6.8,6.8,6.8,200.0
2020-05-15,6.8,6.8,0.0,6.8,0.0,0.0,0.0,0.0,6.8,6.8,6.8,0.0
2020-05-18,6.8,6.8,0.0,6.8,0.0,0.0,0.0,0.0,6.8,6.8,6.8,0.0
2020-05-19,6.8,6.8,0.0,6.8,0.0,0.0,0.0,0.0,6.8,6.8,6.8,0.0
2020-05-20,6.8,6.8,0.0,6.8,0.0,0.0,0.0,0.0,6.8,6.8,6.8,0.0
2020-05-21,7.3,7.3,7.3529,7.3,100.0,730000.0,0.0,0.0,7.3,7.3,7.3,100.0
2020-05-22,6.8,6.8,-6.8493,6.8,6000.0,40800000.0,0.0,0.0,6.8,6.8,6.8,6000.0
2020-05-25,7.3,7.3,7.3529,7.3,100.0,730000.0,0.0,0.0,7.3,7.3,7.3,100.0
2020-05-26,8.2,8.2,12.3288,7.9,500.0,3950000.0,0.0,0.0,7.9,8.2,7.8,500.0
2020-05-27,8.7,8.7,10.1266,8.7,100.0,870000.0,0.0,0.0,8.7,8.7,8.7,100.0
2020-05-28,8.7,8.7,0.0,8.7,0.0,0.0,0.0,0.0,8.7,8.7,8.7,0.0
2020-05-29,8.7,8.7,0.0,8.7,0.0,0.0,0.0,0.0,8.7,8.7,8.7,0.0
2020-06-01,9.3,9.3,6.8966,9.3,100.0,930000.0,0.0,0.0,9.3,9.3,9.3,100.0
2020-06-02,9.3,9.3,0.0,9.3,0.0,0.0,0.0,0.0,9.3,9.3,9.3,0.0
2020-06-03,10.3,10.3,10.7527,10.317,600.0,6190000.0,0.0,0.0,10.4,10.4,10.3,600.0
2020-06-04,10.3,10.3,0.0,10.3,0.0,0.0,0.0,0.0,10.3,10.3,10.3,0.0
2020-06-05,10.3,10.3,0.0,10.3,0.0,0.0,0.0,0.0,10.3,10.3,10.3,0.0
2020-06-08,10.3,10.3,0.0,10.3,0.0,0.0,0.0,0.0,10.3,10.3,10.3,0.0
2020-06-09,11.5,11.5,11.6505,10.5,600.0,6300000.0,0.0,0.0,10.3,11.5,10.3,600.0
2020-06-10,11.7,11.7,11.4286,11.7,100.0,1170000.0,0.0,0.0,11.7,11.7,11.7,100.0
2020-06-11,13.3,13.3,13.6752,13.3,100.0,1330000.0,0.0,0.0,13.3,13.3,13.3,100.0
2020-06-12,13.3,13.3,0.0,13.3,0.0,0.0,0.0,0.0,13.3,13.3,13.3,0.0
2020-06-15,14.9,14.9,12.0301,14.9,100.0,1490000.0,0.0,0.0,14.9,14.9,14.9,100.0
2020-06-16,14.9,14.9,0.0,14.9,0.0,0.0,0.0,0.0,14.9,14.9,14.9,0.0
2020-06-17,14.9,14.9,0.0,14.9,0.0,0.0,0.0,0.0,14.9,14.9,14.9,0.0
2020-06-18,14.9,14.9,0.0,14.9,0.0,0.0,0.0,0.0,14.9,14.9,14.9,0.0
2020-06-19,14.9,14.9,0.0,14.9,0.0,0.0,0.0,0.0,14.9,14.9,14.9,0.0
2020-06-22,14.9,14.9,0.0,14.9,0.0,0.0,0.0,0.0,14.9,14.9,14.9,0.0
2020-06-23,14.9,14.9,0.0,14.9,0.0,0.0,0.0,0.0,14.9,14.9,14.9,0.0
2020-06-24,14.9,14.9,0.0,14.9,0.0,0.0,0.0,0.0,14.9,14.9,14.9,0.0
2020-06-25,14.9,14.9,0.0,14.9,0.0,0.0,0.0,0.0,14.9,14.9,14.9,0.0
2020-06-26,14.9,14.9,0.0,14.9,0.0,0.0,0.0,0.0,14.9,14.9,14.9,0.0
2020-06-29,14.9,14.9,0.0,14.9,0.0,0.0,0.0,0.0,14.9,14.9,14.9,0.0
2020-06-30,14.9,14.9,0.0,14.9,0.0,0.0,0.0,0.0,14.9,14.9,14.9,0.0
2020-07-01,14.9,14.9,0.0,14.9,0.0,0.0,0.0,0.0,14.9,14.9,14.9,0.0
2020-07-02,14.9,14.9,0.0,14.9,0.0,0.0,0.0,0.0,14.9,14.9,14.9,0.0
2020-07-03,14.9,14.9,0.0,14.9,0.0,0.0,0.0,0.0,14.9,14.9,14.9,0.0
2020-07-06,14.9,14.9,0.0,14.9,0.0,0.0,0.0,0.0,14.9,14.9,14.9,0.0
2020-07-07,14.9,14.9,0.0,14.9,0.0,0.0,0.0,0.0,14.9,14.9,14.9,0.0
2020-07-08,14.9,14.9,0.0,14.9,0.0,0.0,0.0,0.0,14.9,14.9,14.9,0.0
2020-07-09,14.9,14.9,0.0,14.9,0.0,0.0,0.0,0.0,14.9,14.9,14.9,0.0
2020-07-10,14.9,14.9,0.0,14.9,0.0,0.0,0.0,0.0,14.9,14.9,14.9,0.0
2020-07-13,14.9,14.9,0.0,14.9,0.0,0.0,0.0,0.0,14.9,14.9,14.9,0.0
2020-07-14,14.9,14.9,0.0,14.9,0.0,0.0,0.0,0.0,14.9,14.9,14.9,0.0
2020-07-15,14.9,14.9,0.0,14.9,0.0,0.0,0.0,0.0,14.9,14.9,14.9,0.0
2020-07-16,14.9,14.9,0.0,14.9,0.0,0.0,0.0,0.0,14.9,14.9,14.9,0.0
2020-07-17,14.9,14.9,0.0,14.9,0.0,0.0,0.0,0.0,14.9,14.9,14.9,0.0
2020-07-20,14.9,14.9,0.0,14.9,0.0,0.0,0.0,0.0,14.9,14.9,14.9,0.0
2020-07-21,14.9,14.9,0.0,14.9,0.0,0.0,0.0,0.0,14.9,14.9,14.9,0.0
2020-07-22,14.9,14.9,0.0,14.9,0.0,0.0,0.0,0.0,14.9,14.9,14.9,0.0
2020-07-23,14.9,14.9,0.0,14.9,0.0,0.0,0.0,0.0,14.9,14.9,14.9,0.0
2020-07-24,14.9,14.9,0.0,14.9,0.0,0.0,0.0,0.0,14.9,14.9,14.9,0.0
2020-07-27,14.9,14.9,0.0,14.9,0.0,0.0,0.0,0.0,14.9,14.9,14.9,0.0
2020-07-28,14.9,14.9,0.0,14.9,0.0,0.0,0.0,0.0,14.9,14.9,14.9,0.0
2020-07-29,14.9,14.9,0.0,14.9,0.0,0.0,0.0,0.0,14.9,14.9,14.9,0.0
2020-07-30,14.9,14.9,0.0,14.9,0.0,0.0,0.0,0.0,14.9,14.9,14.9,0.0
2020-07-31,14.9,14.9,0.0,14.9,0.0,0.0,0.0,0.0,14.9,14.9,14.9,0.0
2020-08-03,14.9,14.9,0.0,14.9,0.0,0.0,0.0,0.0,14.9,14.9,14.9,0.0
2020-08-04,14.9,14.9,0.0,14.9,0.0,0.0,0.0,0.0,14.9,14.9,14.9,0.0
2020-08-05,14.9,14.9,0.0,14.9,0.0,0.0,0.0,0.0,14.9,14.9,14.9,0.0
2020-08-06,14.9,14.9,0.0,14.9,0.0,0.0,0.0,0.0,14.9,14.9,14.9,0.0
2020-08-07,14.9,14.9,0.0,14.9,0.0,0.0,0.0,0.0,14.9,14.9,14.9,0.0
2020-08-10,11.0,11.0,-26.1745,11.0,100.0,1100000.0,0.0,0.0,11.0,11.0,11.0,100.0
2020-08-11,11.0,11.0,0.0,11.0,0.0,0.0,0.0,0.0,11.0,11.0,11.0,0.0
2020-08-12,11.0,11.0,0.0,11.0,0.0,0.0,0.0,0.0,11.0,11.0,11.0,0.0
2020-08-13,11.0,11.0,0.0,11.0,0.0,0.0,0.0,0.0,11.0,11.0,11.0,0.0
2020-08-14,11.0,11.0,0.0,11.0,0.0,0.0,0.0,0.0,11.0,11.0,11.0,0.0
2020-08-17,11.0,11.0,0.0,11.0,0.0,0.0,0.0,0.0,11.0,11.0,11.0,0.0
2020-08-18,11.0,11.0,0.0,11.0,0.0,0.0,0.0,0.0,11.0,11.0,11.0,0.0
2020-08-19,10.0,10.0,-9.0909,10.0,200.0,2000000.0,0.0,0.0,10.0,10.0,10.0,200.0
2020-08-20,10.0,10.0,0.0,10.0,0.0,0.0,0.0,0.0,10.0,10.0,10.0,0.0
2020-08-21,8.5,8.5,-15.0,8.5,500.0,4250000.0,0.0,0.0,8.5,8.5,8.5,500.0
2020-08-24,8.5,8.5,0.0,8.5,0.0,0.0,0.0,0.0,8.5,8.5,8.5,0.0
2020-08-25,7.3,7.3,-14.1176,7.325,400.0,2930000.0,0.0,0.0,7.4,7.4,7.3,400.0
2020-08-26,7.3,7.3,0.0,7.3,0.0,0.0,0.0,0.0,7.3,7.3,7.3,0.0
2020-08-27,7.3,7.3,0.0,7.3,0.0,0.0,0.0,0.0,7.3,7.3,7.3,0.0
2020-08-28,6.8,6.8,-6.8493,6.8,500.0,3400000.0,0.0,0.0,6.8,6.8,6.8,500.0
2020-08-31,6.9,6.9,1.4706,6.9,100.0,690000.0,0.0,0.0,6.9,6.9,6.9,100.0
2020-09-01,6.9,6.9,0.0,6.9,100.0,690000.0,0.0,0.0,6.9,6.9,6.9,100.0
2020-09-03,7.9,7.9,14.4928,7.9,1600.0,12640000.0,0.0,0.0,7.9,7.9,7.9,1600.0
2020-09-04,7.9,7.9,0.0,7.9,0.0,0.0,0.0,0.0,7.9,7.9,7.9,0.0
2020-09-07,7.0,7.0,-11.3924,7.0,100.0,700000.0,0.0,0.0,7.0,7.0,7.0,100.0
2020-09-08,7.5,7.5,7.1429,7.5,400.0,3000000.0,0.0,0.0,7.5,7.5,7.5,400.0
2020-09-09,7.5,7.5,0.0,7.5,0.0,0.0,0.0,0.0,7.5,7.5,7.5,0.0
2020-09-10,7.5,7.5,0.0,7.5,0.0,0.0,0.0,0.0,7.5,7.5,7.5,0.0
2020-09-11,7.5,7.5,0.0,7.5,0.0,0.0,0.0,0.0,7.5,7.5,7.5,0.0
2020-09-14,7.5,7.5,0.0,7.5,0.0,0.0,0.0,0.0,7.5,7.5,7.5,0.0
2020-09-15,7.5,7.5,0.0,7.5,0.0,0.0,0.0,0.0,7.5,7.5,7.5,0.0
2020-09-16,7.2,7.2,-4.0,7.2,600.0,4320000.0,0.0,0.0,7.2,7.2,7.2,600.0
2020-09-17,7.2,7.2,0.0,7.2,0.0,0.0,0.0,0.0,7.2,7.2,7.2,0.0
2020-09-18,7.2,7.2,0.0,7.2,0.0,0.0,0.0,0.0,7.2,7.2,7.2,0.0
2020-09-21,8.0,8.0,11.1111,8.0,100.0,800000.0,0.0,0.0,8.0,8.0,8.0,100.0
2020-09-22,8.0,8.0,0.0,8.0,0.0,0.0,0.0,0.0,8.0,8.0,8.0,0.0
2020-09-23,6.8,6.8,-15.0,7.79,1000.0,7790000.0,0.0,0.0,7.9,7.9,6.8,1000.0
2020-09-24,7.8,7.8,0.0,7.8,0.0,0.0,0.0,0.0,7.8,7.8,7.8,0.0
2020-09-25,7.7,7.7,-1.2821,7.7,200.0,1540000.0,0.0,0.0,7.7,7.7,7.7,200.0
2020-09-28,6.6,6.6,-14.2857,6.6,2900.0,19140000.0,0.0,0.0,6.6,6.6,6.6,2900.0
2020-09-29,7.4,7.4,12.1212,7.4,100.0,740000.0,0.0,0.0,7.4,7.4,7.4,100.0
2020-09-30,8.2,8.2,10.8108,8.2,200.0,1640000.0,0.0,0.0,8.2,8.2,8.2,200.0
2020-10-01,8.2,8.2,0.0,8.2,0.0,0.0,0.0,0.0,8.2,8.2,8.2,0.0
2020-10-02,8.2,8.2,0.0,8.2,0.0,0.0,0.0,0.0,8.2,8.2,8.2,0.0
2020-10-05,8.2,8.2,0.0,8.2,0.0,0.0,0.0,0.0,8.2,8.2,8.2,0.0
2020-10-06,7.3,7.3,-10.9756,7.3,400.0,2920000.0,0.0,0.0,7.3,7.3,7.3,400.0
2020-10-07,7.3,7.3,0.0,7.3,0.0,0.0,0.0,0.0,7.3,7.3,7.3,0.0
2020-10-08,7.3,7.3,0.0,7.3,0.0,0.0,0.0,0.0,7.3,7.3,7.3,0.0
2020-10-09,7.3,7.3,0.0,7.3,0.0,0.0,0.0,0.0,7.3,7.3,7.3,0.0
2020-10-12,7.3,7.3,0.0,7.3,0.0,0.0,0.0,0.0,7.3,7.3,7.3,0.0
2020-10-13,7.3,7.3,0.0,7.3,0.0,0.0,0.0,0.0,7.3,7.3,7.3,0.0
2020-10-14,7.3,7.3,0.0,7.3,0.0,0.0,0.0,0.0,7.3,7.3,7.3,0.0
2020-10-15,7.3,7.3,0.0,7.3,0.0,0.0,0.0,0.0,7.3,7.3,7.3,0.0
2020-10-16,6.5,6.5,-10.9589,6.5,100.0,650000.0,0.0,0.0,6.5,6.5,6.5,100.0
2020-10-19,6.7,6.7,3.0769,6.7,200.0,1340000.0,0.0,0.0,6.7,6.7,6.7,200.0
2020-10-20,6.7,6.7,0.0,6.7,0.0,0.0,0.0,0.0,6.7,6.7,6.7,0.0
2020-10-21,5.9,5.9,-11.9403,5.9,100.0,590000.0,0.0,0.0,5.9,5.9,5.9,100.0
2020-10-22,6.7,6.7,13.5593,6.7,100.0,670000.0,0.0,0.0,6.7,6.7,6.7,100.0
2020-10-23,6.7,6.7,0.0,6.7,0.0,0.0,0.0,0.0,6.7,6.7,6.7,0.0
2020-10-26,6.7,6.7,0.0,6.7,0.0,0.0,0.0,0.0,6.7,6.7,6.7,0.0
2020-10-27,6.7,6.7,0.0,6.7,0.0,0.0,0.0,0.0,6.7,6.7,6.7,0.0
2020-10-28,6.7,6.7,0.0,6.7,0.0,0.0,0.0,0.0,6.7,6.7,6.7,0.0
2020-10-29,6.7,6.7,0.0,6.7,0.0,0.0,0.0,0.0,6.7,6.7,6.7,0.0
2020-10-30,5.8,5.8,-13.4328,5.8,100.0,580000.0,0.0,0.0,5.8,5.8,5.8,100.0
2020-11-02,6.6,6.6,13.7931,6.6,100.0,660000.0,0.0,0.0,6.6,6.6,6.6,100.0
2020-11-03,6.6,6.6,0.0,6.6,0.0,0.0,0.0,0.0,6.6,6.6,6.6,0.0
2020-11-04,6.6,6.6,0.0,6.6,0.0,0.0,0.0,0.0,6.6,6.6,6.6,0.0
2020-11-05,6.6,6.6,0.0,6.6,0.0,0.0,0.0,0.0,6.6,6.6,6.6,0.0
2020-11-06,7.5,7.5,13.6364,7.3,1700.0,12410000.0,0.0,0.0,7.2,7.5,7.2,1700.0
2020-11-09,7.3,7.3,0.0,7.3,0.0,0.0,0.0,0.0,7.3,7.3,7.3,0.0
2020-11-10,7.3,7.3,0.0,7.3,0.0,0.0,0.0,0.0,7.3,7.3,7.3,0.0
2020-11-11,7.3,7.3,0.0,7.3,0.0,0.0,0.0,0.0,7.3,7.3,7.3,0.0
2020-11-12,7.3,7.3,0.0,7.3,0.0,0.0,0.0,0.0,7.3,7.3,7.3,0.0
2020-11-13,7.3,7.3,0.0,7.3,0.0,0.0,0.0,0.0,7.3,7.3,7.3,0.0
2020-11-16,7.3,7.3,0.0,7.3,0.0,0.0,0.0,0.0,7.3,7.3,7.3,0.0
2020-11-17,7.3,7.3,0.0,7.3,0.0,0.0,0.0,0.0,7.3,7.3,7.3,0.0
2020-11-18,7.3,7.3,0.0,7.3,0.0,0.0,0.0,0.0,7.3,7.3,7.3,0.0
2020-11-19,7.3,7.3,0.0,7.3,0.0,0.0,0.0,0.0,7.3,7.3,7.3,0.0
2020-11-20,7.3,7.3,0.0,7.3,0.0,0.0,0.0,0.0,7.3,7.3,7.3,0.0
2020-11-23,7.3,7.3,0.0,7.3,0.0,0.0,0.0,0.0,7.3,7.3,7.3,0.0
2020-11-24,7.3,7.3,0.0,7.3,0.0,0.0,0.0,0.0,7.3,7.3,7.3,0.0
2020-11-25,7.3,7.3,0.0,7.3,2000.0,14600000.0,0.0,0.0,7.3,7.3,7.3,2000.0
2020-11-26,7.3,7.3,0.0,7.3,900.0,6570000.0,0.0,0.0,7.3,7.3,7.3,900.0
2020-11-27,7.3,7.3,0.0,7.3,0.0,0.0,0.0,0.0,7.3,7.3,7.3,0.0
2020-11-30,7.3,7.3,0.0,7.3,0.0,0.0,0.0,0.0,7.3,7.3,7.3,0.0
2020-12-01,7.3,7.3,0.0,7.3,0.0,0.0,0.0,0.0,7.3,7.3,7.3,0.0
2020-12-02,8.3,8.3,13.6986,8.3,100.0,830000.0,0.0,0.0,8.3,8.3,8.3,100.0
2020-12-03,8.3,8.3,0.0,8.3,0.0,0.0,0.0,0.0,8.3,8.3,8.3,0.0
2020-12-04,8.3,8.3,0.0,8.3,0.0,0.0,0.0,0.0,8.3,8.3,8.3,0.0
2020-12-07,8.3,8.3,0.0,8.3,0.0,0.0,0.0,0.0,8.3,8.3,8.3,0.0
2020-12-08,8.3,8.3,0.0,8.3,0.0,0.0,0.0,0.0,8.3,8.3,8.3,0.0
2020-12-09,8.3,8.3,0.0,8.3,0.0,0.0,0.0,0.0,8.3,8.3,8.3,0.0
2020-12-10,8.3,8.3,0.0,8.3,0.0,0.0,0.0,0.0,8.3,8.3,8.3,0.0
2020-12-11,8.3,8.3,0.0,8.3,0.0,0.0,0.0,0.0,8.3,8.3,8.3,0.0
2020-12-14,7.1,7.1,-14.4578,7.1,2500.0,17750000.0,0.0,0.0,7.1,7.1,7.1,2500.0
2020-12-15,7.6,7.6,7.0423,7.6,100.0,760000.0,0.0,0.0,7.6,7.6,7.6,100.0
2020-12-16,7.6,7.6,0.0,7.6,0.0,0.0,0.0,0.0,7.6,7.6,7.6,0.0
2020-12-17,7.6,7.6,0.0,7.6,0.0,0.0,0.0,0.0,7.6,7.6,7.6,0.0
2020-12-18,7.6,7.6,0.0,7.6,0.0,0.0,0.0,0.0,7.6,7.6,7.6,0.0
2020-12-21,7.6,7.6,0.0,7.6,0.0,0.0,0.0,0.0,7.6,7.6,7.6,0.0
2020-12-22,6.6,6.6,-13.1579,6.6,1100.0,7260000.0,0.0,0.0,6.6,6.6,6.6,1100.0
2020-12-23,7.2,7.2,9.0909,7.2,100.0,720000.0,0.0,0.0,7.2,7.2,7.2,100.0
2020-12-24,7.2,7.2,0.0,7.2,0.0,0.0,0.0,0.0,7.2,7.2,7.2,0.0
2020-12-25,7.2,7.2,0.0,7.2,0.0,0.0,0.0,0.0,7.2,7.2,7.2,0.0
2020-12-28,7.2,7.2,0.0,7.2,0.0,0.0,0.0,0.0,7.2,7.2,7.2,0.0
2020-12-29,7.2,7.2,0.0,7.2,0.0,0.0,0.0,0.0,7.2,7.2,7.2,0.0
2020-12-30,7.2,7.2,0.0,7.2,0.0,0.0,0.0,0.0,7.2,7.2,7.2,0.0
2020-12-31,7.2,7.2,0.0,7.2,0.0,0.0,0.0,0.0,7.2,7.2,7.2,0.0
2021-01-04,7.9,7.9,9.7222,7.9,100.0,790000.0,0.0,0.0,7.9,7.9,7.9,100.0
2021-01-05,7.9,7.9,0.0,7.9,0.0,0.0,0.0,0.0,7.9,7.9,7.9,0.0
2021-01-06,7.9,7.9,0.0,7.9,0.0,0.0,0.0,0.0,7.9,7.9,7.9,0.0
2021-01-07,7.4,7.4,-6.3291,7.375,1200.0,8850000.0,0.0,0.0,7.3,7.4,7.3,1200.0
2021-01-08,7.7,7.7,4.0541,7.7,100.0,770000.0,0.0,0.0,7.7,7.7,7.7,100.0
2021-01-11,7.7,7.7,0.0,7.478,900.0,6730000.0,0.0,0.0,7.1,7.7,7.1,900.0
2021-01-12,7.7,7.7,2.6667,7.7,2200.0,16940000.0,0.0,0.0,7.7,7.7,7.7,2200.0
2021-01-13,8.4,8.4,9.0909,8.4,100.0,840000.0,0.0,0.0,8.4,8.4,8.4,100.0
2021-01-14,8.4,8.4,0.0,8.4,0.0,0.0,0.0,0.0,8.4,8.4,8.4,0.0
2021-01-15,8.4,8.4,0.0,8.4,0.0,0.0,0.0,0.0,8.4,8.4,8.4,0.0
2021-01-18,8.4,8.4,0.0,8.4,0.0,0.0,0.0,0.0,8.4,8.4,8.4,0.0
2021-01-19,8.4,8.4,0.0,8.4,0.0,0.0,0.0,0.0,8.4,8.4,8.4,0.0
2021-01-20,8.4,8.4,0.0,8.4,0.0,0.0,0.0,0.0,8.4,8.4,8.4,0.0
2021-01-21,8.0,8.0,-4.7619,8.0,2200.0,17600000.0,0.0,0.0,8.0,8.0,8.0,2200.0
2021-01-22,8.0,8.0,0.0,8.0,0.0,0.0,0.0,0.0,8.0,8.0,8.0,0.0
2021-01-25,8.0,8.0,0.0,8.0,200.0,1600000.0,0.0,0.0,8.0,8.0,8.0,200.0
2021-01-26,8.0,8.0,0.0,8.0,0.0,0.0,0.0,0.0,8.0,8.0,8.0,0.0
2021-01-27,8.0,8.0,0.0,8.0,0.0,0.0,0.0,0.0,8.0,8.0,8.0,0.0
2021-01-28,6.8,6.8,-15.0,6.8,500.0,3400000.0,0.0,0.0,6.8,6.8,6.8,500.0
2021-01-29,6.8,6.8,0.0,6.8,0.0,0.0,0.0,0.0,6.8,6.8,6.8,0.0
2021-02-01,6.6,6.6,-2.9412,6.6,700.0,4620000.0,0.0,0.0,6.6,6.6,6.6,700.0
2021-02-02,6.6,6.6,0.0,6.6,0.0,0.0,0.0,0.0,6.6,6.6,6.6,0.0
2021-02-03,7.5,7.5,13.6364,7.5,100.0,750000.0,0.0,0.0,7.5,7.5,7.5,100.0
2021-02-04,7.5,7.5,0.0,7.5,0.0,0.0,0.0,0.0,7.5,7.5,7.5,0.0
2021-02-05,7.5,7.5,0.0,7.5,900.0,6750000.0,0.0,0.0,7.5,7.5,7.5,900.0
2021-02-08,7.5,7.5,0.0,7.5,0.0,0.0,0.0,0.0,7.5,7.5,7.5,0.0
2021-02-09,7.5,7.5,0.0,7.5,0.0,0.0,0.0,0.0,7.5,7.5,7.5,0.0
2021-02-17,7.5,7.5,0.0,7.5,0.0,0.0,0.0,0.0,7.5,7.5,7.5,0.0
2021-02-18,8.4,8.4,12.0,8.4,100.0,840000.0,0.0,0.0,8.4,8.4,8.4,100.0
2021-02-19,8.4,8.4,0.0,8.4,0.0,0.0,0.0,0.0,8.4,8.4,8.4,0.0
2021-02-22,9.4,9.4,11.9048,9.4,100.0,940000.0,0.0,0.0,9.4,9.4,9.4,100.0
2021-02-23,10.7,10.7,13.8298,10.7,100.0,1070000.0,0.0,0.0,10.7,10.7,10.7,100.0
2021-02-24,9.1,9.1,-14.9533,10.65,200.0,2130000.0,0.0,0.0,12.2,12.2,9.1,200.0
2021-02-25,10.7,10.7,0.0,10.7,0.0,0.0,0.0,0.0,10.7,10.7,10.7,0.0
2021-02-26,11.8,11.8,10.2804,10.45,1000.0,10450000.0,0.0,0.0,11.8,11.8,9.1,1000.0
2021-03-01,11.8,11.8,12.381,11.8,6700.0,79060000.0,0.0,0.0,11.8,11.8,11.8,6700.0
2021-03-02,12.0,12.0,1.6949,10.48,500.0,5240000.0,0.0,0.0,10.1,12.0,10.1,500.0
2021-03-03,10.5,10.5,0.0,10.5,0.0,0.0,0.0,0.0,10.5,10.5,10.5,0.0
2021-03-04,9.0,9.0,-14.2857,9.0,600.0,5400000.0,0.0,0.0,9.0,9.0,9.0,600.0
2021-03-05,8.0,8.0,-11.1111,8.0,100.0,800000.0,0.0,0.0,8.0,8.0,8.0,100.0
2021-03-08,8.0,8.0,0.0,8.0,0.0,0.0,0.0,0.0,8.0,8.0,8.0,0.0
2021-03-09,8.0,8.0,0.0,8.0,1500.0,12000000.0,0.0,0.0,8.0,8.0,8.0,1500.0
2021-03-10,8.0,8.0,0.0,8.0,0.0,0.0,0.0,0.0,8.0,8.0,8.0,0.0
2021-03-11,8.1,8.1,1.25,8.1,200.0,1620000.0,0.0,0.0,8.1,8.1,8.1,200.0
2021-03-12,8.1,8.1,0.0,8.1,0.0,0.0,0.0,0.0,8.1,8.1,8.1,0.0
2021-03-15,8.1,8.1,0.0,8.1,0.0,0.0,0.0,0.0,8.1,8.1,8.1,0.0
2021-03-16,8.1,8.1,0.0,8.1,6600.0,53460000.0,0.0,0.0,8.1,8.1,8.1,6600.0
2021-03-17,8.1,8.1,0.0,8.1,0.0,0.0,0.0,0.0,8.1,8.1,8.1,0.0
2021-03-18,8.1,8.1,0.0,8.1,0.0,0.0,0.0,0.0,8.1,8.1,8.1,0.0
2021-03-19,9.3,9.3,14.8148,9.3,100.0,930000.0,0.0,0.0,9.3,9.3,9.3,100.0
2021-03-22,9.3,9.3,0.0,9.3,3700.0,34410000.0,0.0,0.0,9.3,9.3,9.3,3700.0
2021-03-23,8.0,8.0,-13.9785,9.25,200.0,1850000.0,0.0,0.0,10.5,10.5,8.0,200.0
2021-03-24,10.5,10.5,12.9032,10.5,100.0,1050000.0,0.0,0.0,10.5,10.5,10.5,100.0
2021-03-25,9.1,9.1,-13.3333,9.17,2000.0,18340000.0,0.0,0.0,10.5,10.5,9.1,2000.0
2021-03-26,9.2,9.2,0.0,9.2,0.0,0.0,0.0,0.0,9.2,9.2,9.2,0.0
2021-03-29,9.2,9.2,0.0,9.2,0.0,0.0,0.0,0.0,9.2,9.2,9.2,0.0
2021-03-30,9.5,9.5,3.2609,9.5,100.0,950000.0,0.0,0.0,9.5,9.5,9.5,100.0
2021-03-31,9.5,9.5,0.0,9.5,0.0,0.0,0.0,0.0,9.5,9.5,9.5,0.0
2021-04-01,8.2,8.2,-13.6842,8.2,300.0,2460000.0,0.0,0.0,8.2,8.2,8.2,300.0
2021-04-02,8.2,8.2,0.0,8.2,100.0,820000.0,0.0,0.0,8.2,8.2,8.2,100.0
2021-04-05,8.2,8.2,0.0,8.2,0.0,0.0,0.0,0.0,8.2,8.2,8.2,0.0
2021-04-06,8.2,8.2,0.0,8.2,0.0,0.0,0.0,0.0,8.2,8.2,8.2,0.0
2021-04-07,8.2,8.2,0.0,8.2,0.0,0.0,0.0,0.0,8.2,8.2,8.2,0.0
2021-04-08,8.2,8.2,0.0,8.2,0.0,0.0,0.0,0.0,8.2,8.2,8.2,0.0
2021-04-09,8.2,8.2,0.0,8.2,0.0,0.0,0.0,0.0,8.2,8.2,8.2,0.0
2021-04-12,8.2,8.2,0.0,8.2,0.0,0.0,0.0,0.0,8.2,8.2,8.2,0.0
2021-04-13,8.2,8.2,0.0,8.2,0.0,0.0,0.0,0.0,8.2,8.2,8.2,0.0
2021-04-14,8.2,8.2,0.0,8.2,0.0,0.0,0.0,0.0,8.2,8.2,8.2,0.0
2021-04-15,8.2,8.2,0.0,8.2,0.0,0.0,0.0,0.0,8.2,8.2,8.2,0.0
2021-04-16,8.2,8.2,0.0,8.2,0.0,0.0,0.0,0.0,8.2,8.2,8.2,0.0
2021-04-19,8.2,8.2,0.0,8.2,0.0,0.0,0.0,0.0,8.2,8.2,8.2,0.0
2021-04-20,8.2,8.2,0.0,8.2,0.0,0.0,0.0,0.0,8.2,8.2,8.2,0.0
2021-04-22,8.2,8.2,0.0,8.2,0.0,0.0,0.0,0.0,8.2,8.2,8.2,0.0
2021-04-23,8.2,8.2,0.0,8.2,0.0,0.0,0.0,0.0,8.2,8.2,8.2,0.0
2021-04-26,8.2,8.2,0.0,8.2,0.0,0.0,0.0,0.0,8.2,8.2,8.2,0.0
2021-04-27,8.2,8.2,0.0,8.2,0.0,0.0,0.0,0.0,8.2,8.2,8.2,0.0
2021-04-28,8.2,8.2,0.0,8.2,0.0,0.0,0.0,0.0,8.2,8.2,8.2,0.0
2021-04-29,8.2,8.2,0.0,8.2,0.0,0.0,0.0,0.0,8.2,8.2,8.2,0.0
2021-05-04,8.2,8.2,0.0,8.2,0.0,0.0,0.0,0.0,8.2,8.2,8.2,0.0
2021-05-05,8.2,8.2,0.0,8.2,0.0,0.0,0.0,0.0,8.2,8.2,8.2,0.0
2021-05-06,8.2,8.2,0.0,8.2,0.0,0.0,0.0,0.0,8.2,8.2,8.2,0.0
2021-05-07,8.2,8.2,0.0,8.2,0.0,0.0,0.0,0.0,8.2,8.2,8.2,0.0
2021-05-10,8.0,8.0,-2.439,8.0,100.0,800000.0,0.0,0.0,8.0,8.0,8.0,100.0
2021-05-11,8.0,8.0,0.0,8.0,0.0,0.0,0.0,0.0,8.0,8.0,8.0,0.0
2021-05-12,8.0,8.0,0.0,8.0,0.0,0.0,0.0,0.0,8.0,8.0,8.0,0.0
2021-05-13,8.0,8.0,0.0,8.0,0.0,0.0,0.0,0.0,8.0,8.0,8.0,0.0
2021-05-14,8.0,8.0,0.0,8.0,0.0,0.0,0.0,0.0,8.0,8.0,8.0,0.0
2021-05-17,8.0,8.0,0.0,8.0,0.0,0.0,0.0,0.0,8.0,8.0,8.0,0.0
2021-05-18,8.0,8.0,0.0,8.0,0.0,0.0,0.0,0.0,8.0,8.0,8.0,0.0
2021-05-19,8.0,8.0,0.0,8.0,0.0,0.0,0.0,0.0,8.0,8.0,8.0,0.0
2021-05-20,8.0,8.0,0.0,8.0,0.0,0.0,0.0,0.0,8.0,8.0,8.0,0.0
2021-05-21,8.0,8.0,0.0,8.0,0.0,0.0,0.0,0.0,8.0,8.0,8.0,0.0
2021-05-24,8.0,8.0,0.0,8.0,0.0,0.0,0.0,0.0,8.0,8.0,8.0,0.0
2021-05-25,8.0,8.0,0.0,8.0,0.0,0.0,0.0,0.0,8.0,8.0,8.0,0.0
2021-05-26,8.0,8.0,0.0,8.0,0.0,0.0,0.0,0.0,8.0,8.0,8.0,0.0
2021-05-27,8.0,8.0,0.0,8.0,0.0,0.0,0.0,0.0,8.0,8.0,8.0,0.0
2021-05-28,8.0,8.0,0.0,8.0,0.0,0.0,0.0,0.0,8.0,8.0,8.0,0.0
2021-05-31,8.0,8.0,0.0,8.0,0.0,0.0,0.0,0.0,8.0,8.0,8.0,0.0
2021-06-01,8.0,8.0,0.0,8.0,0.0,0.0,0.0,0.0,8.0,8.0,8.0,0.0
2021-06-02,8.0,8.0,0.0,8.0,0.0,0.0,0.0,0.0,8.0,8.0,8.0,0.0
2021-06-03,8.0,8.0,0.0,8.0,0.0,0.0,0.0,0.0,8.0,8.0,8.0,0.0
2021-06-04,8.0,8.0,0.0,8.0,0.0,0.0,0.0,0.0,8.0,8.0,8.0,0.0
2021-06-07,8.0,8.0,0.0,8.0,0.0,0.0,0.0,0.0,8.0,8.0,8.0,0.0
2021-06-08,7.0,7.0,-12.5,6.822,1800.0,12280000.0,0.0,0.0,6.8,7.0,6.8,1800.0
2021-06-09,6.8,6.8,0.0,6.8,0.0,0.0,0.0,0.0,6.8,6.8,6.8,0.0
2021-06-10,6.8,6.8,0.0,6.8,0.0,0.0,0.0,0.0,6.8,6.8,6.8,0.0
2021-06-11,7.0,7.0,2.9412,6.381,2100.0,13400000.0,0.0,0.0,6.0,7.0,5.8,2100.0
2021-06-14,6.4,6.4,0.0,6.4,0.0,0.0,0.0,0.0,6.4,6.4,6.4,0.0
2021-06-15,6.4,6.4,0.0,6.4,0.0,0.0,0.0,0.0,6.4,6.4,6.4,0.0
2021-06-16,7.3,7.3,14.0625,7.3,1500.0,10950000.0,0.0,0.0,7.3,7.3,7.3,1500.0
2021-06-17,7.3,7.3,0.0,7.3,0.0,0.0,0.0,0.0,7.3,7.3,7.3,0.0
2021-06-18,7.3,7.3,0.0,7.3,0.0,0.0,0.0,0.0,7.3,7.3,7.3,0.0
2021-06-21,8.3,8.3,13.6986,8.3,1860.0,15429000.0,0.0,0.0,8.3,8.3,8.3,1860.0
2021-06-22,9.4,9.4,13.253,9.425,800.0,7540000.0,0.0,0.0,9.5,9.5,9.4,800.0
2021-06-23,9.4,9.4,0.0,9.4,500.0,4700000.0,0.0,0.0,9.4,9.4,9.4,500.0
2021-06-24,8.0,8.0,-14.8936,8.0,500.0,4000000.0,0.0,0.0,8.0,8.0,8.0,500.0
2021-06-25,9.2,9.2,15.0,9.2,2439.0,22372500.0,0.0,0.0,9.2,9.2,9.2,2439.0
2021-06-28,10.4,10.4,13.0435,10.4,300.0,3120000.0,0.0,0.0,10.4,10.4,10.4,300.0
2021-06-29,10.5,10.5,0.9615,10.5,1700.0,17850000.0,10000.0,110000000.0,10.5,10.5,10.5,11700.0
2021-06-30,10.5,10.5,0.0,10.5,2001.0,21010500.0,0.0,0.0,10.5,10.5,10.5,2001.0
2021-07-01,9.0,9.0,-14.2857,9.0,1700.0,15300000.0,0.0,0.0,9.0,9.0,9.0,1700.0
2021-07-02,9.0,9.0,0.0,8.85,1000.0,8850000.0,0.0,0.0,9.0,9.0,8.5,1000.0
2021-07-05,8.9,8.9,0.0,8.9,0.0,0.0,0.0,0.0,8.9,8.9,8.9,0.0
2021-07-06,8.9,8.9,0.0,8.9,0.0,0.0,0.0,0.0,8.9,8.9,8.9,0.0
2021-07-07,8.9,8.9,0.0,8.9,0.0,0.0,0.0,0.0,8.9,8.9,8.9,0.0
2021-07-08,8.9,8.9,0.0,8.9,0.0,0.0,0.0,0.0,8.9,8.9,8.9,0.0
2021-07-09,7.6,7.6,-14.6067,7.6,100.0,760000.0,0.0,0.0,7.6,7.6,7.6,100.0
2021-07-12,7.0,7.0,-7.8947,6.667,300.0,2000000.0,0.0,0.0,6.5,7.0,6.5,300.0
2021-07-13,6.7,6.7,0.0,6.7,0.0,0.0,0.0,0.0,6.7,6.7,6.7,0.0
2021-07-14,7.0,7.0,4.4776,7.0,1100.0,7700000.0,0.0,0.0,7.0,7.0,7.0,1100.0
2021-07-15,7.0,7.0,0.0,7.0,0.0,0.0,0.0,0.0,7.0,7.0,7.0,0.0
2021-07-16,8.0,8.0,14.2857,8.0,900.0,7200000.0,0.0,0.0,8.0,8.0,8.0,900.0
2021-07-19,7.0,7.0,-12.5,7.0,700.0,4900000.0,0.0,0.0,7.0,7.0,7.0,700.0
2021-07-20,6.1,6.1,-12.8571,6.1,100.0,610000.0,0.0,0.0,6.1,6.1,6.1,100.0
2021-07-21,7.0,7.0,14.7541,6.25,200.0,1250000.0,0.0,0.0,5.5,7.0,5.5,200.0
2021-07-22,6.3,6.3,0.0,6.3,0.0,0.0,0.0,0.0,6.3,6.3,6.3,0.0
2021-07-23,6.3,6.3,0.0,6.3,0.0,0.0,0.0,0.0,6.3,6.3,6.3,0.0
2021-07-26,6.3,6.3,0.0,6.3,0.0,0.0,0.0,0.0,6.3,6.3,6.3,0.0
2021-07-27,6.3,6.3,0.0,6.3,34.0,204000.0,0.0,0.0,6.3,6.3,6.3,34.0
2021-07-28,6.3,6.3,0.0,6.3,4.0,28800.0,0.0,0.0,6.3,6.3,6.3,4.0
2021-07-29,6.3,6.3,0.0,6.3,0.0,0.0,0.0,0.0,6.3,6.3,6.3,0.0
2021-07-30,6.3,6.3,0.0,6.3,0.0,0.0,0.0,0.0,6.3,6.3,6.3,0.0
2021-08-02,7.2,7.2,14.2857,7.2,200.0,1440000.0,0.0,0.0,7.2,7.2,7.2,200.0
2021-08-03,7.2,7.2,0.0,7.2,0.0,0.0,0.0,0.0,7.2,7.2,7.2,0.0
2021-08-04,7.2,7.2,0.0,7.2,4.0,32000.0,0.0,0.0,7.2,7.2,7.2,4.0
2021-08-05,7.2,7.2,0.0,7.2,0.0,0.0,0.0,0.0,7.2,7.2,7.2,0.0
2021-08-06,8.1,8.1,12.5,8.1,100.0,810000.0,0.0,0.0,8.1,8.1,8.1,100.0
2021-08-09,9.2,9.2,13.5802,8.879,2400.0,21310000.0,0.0,0.0,8.2,9.2,8.2,2400.0
2021-08-10,9.5,9.5,6.7416,9.427,2210.0,20831000.0,0.0,0.0,9.1,9.5,9.1,2210.0
2021-08-11,10.8,10.8,14.8936,10.8,4900.0,52920000.0,0.0,0.0,10.8,10.8,10.8,4900.0
2021-08-12,12.4,12.4,14.8148,12.375,8020.0,99216000.0,0.0,0.0,12.4,12.4,12.0,8020.0
2021-08-13,12.4,12.4,0.0,12.567,2400.0,30160000.0,0.0,0.0,12.6,12.6,12.4,2400.0
2021-08-16,10.8,10.8,-14.2857,10.897,3600.0,39230000.0,0.0,0.0,12.2,12.2,10.8,3600.0
2021-08-17,10.0,10.0,-8.2569,10.069,2900.0,29200000.0,0.0,0.0,10.0,10.5,10.0,2900.0
2021-08-18,9.5,9.5,-5.9406,9.5,1100.0,10450000.0,0.0,0.0,9.5,9.5,9.5,1100.0
2021-08-19,9.5,9.5,0.0,9.5,200.0,1900000.0,0.0,0.0,9.5,9.5,9.5,200.0
2021-08-20,8.1,8.1,-14.7368,8.1,220.0,1782000.0,0.0,0.0,8.1,8.1,8.1,220.0
2021-08-23,8.0,8.0,-1.2346,8.067,300.0,2420000.0,0.0,0.0,8.1,8.1,8.0,300.0
2021-08-24,8.9,8.9,9.8765,8.9,200.0,1780000.0,0.0,0.0,8.9,8.9,8.9,200.0
2021-08-25,8.9,8.9,0.0,8.9,0.0,0.0,0.0,0.0,8.9,8.9,8.9,0.0
2021-08-26,10.2,10.2,14.6067,9.24,2020.0,18682000.0,0.0,0.0,8.9,10.2,8.9,2020.0
2021-08-27,9.2,9.2,0.0,9.2,0.0,0.0,0.0,0.0,9.2,9.2,9.2,0.0
2021-08-30,10.5,10.5,14.1304,10.329,3400.0,35120000.0,0.0,0.0,9.2,10.5,9.2,3400.0
2021-08-31,11.8,11.8,14.5631,11.226,3802.0,42681200.0,0.0,0.0,10.5,11.8,10.5,3802.0
2021-09-01,12.0,12.0,7.1429,11.946,7010.0,83740000.0,0.0,0.0,11.8,12.0,11.8,7010.0
2021-09-06,12.0,12.0,0.8403,12.0,200.0,2400000.0,0.0,0.0,12.0,12.0,12.0,200.0
2021-09-07,11.9,11.9,-0.8333,11.892,7210.0,85733800.0,0.0,0.0,11.9,11.9,11.5,7210.0
2021-09-08,12.0,12.0,0.8403,12.0,3500.0,42000000.0,0.0,0.0,12.0,12.0,12.0,3500.0
2021-09-09,12.1,12.1,0.8333,12.1,210.0,2541000.0,0.0,0.0,12.1,12.1,12.1,210.0
2021-09-10,10.4,10.4,-14.0496,10.4,100.0,1040000.0,0.0,0.0,10.4,10.4,10.4,100.0
2021-09-13,11.9,11.9,14.4231,11.9,5100.0,60690000.0,0.0,0.0,11.9,11.9,11.9,5100.0
2021-09-14,13.4,13.4,12.605,13.4,100.0,1340000.0,0.0,0.0,13.4,13.4,13.4,100.0
2021-09-15,12.5,12.5,-6.7164,12.133,1500.0,18200000.0,0.0,0.0,12.0,12.5,12.0,1500.0
2021-09-16,13.8,13.8,14.0496,13.284,6100.0,81030000.0,0.0,0.0,12.0,13.8,12.0,6100.0
2021-09-17,12.0,12.0,-9.7744,12.004,2700.0,32410000.0,0.0,0.0,12.0,12.1,12.0,2700.0
2021-09-20,12.0,12.0,0.0,13.333,600.0,8000000.0,0.0,0.0,13.6,13.6,12.0,600.0
2021-09-21,14.4,14.4,8.2707,14.4,1000.0,14400000.0,0.0,0.0,14.4,14.4,14.4,1000.0
2021-09-22,14.4,14.4,0.0,14.4,0.0,0.0,0.0,0.0,14.4,14.4,14.4,0.0
2021-09-23,15.4,15.4,6.9444,15.164,1100.0,16680000.0,0.0,0.0,13.3,15.4,13.3,1100.0
2021-09-24,15.2,15.2,0.0,15.2,0.0,0.0,0.0,0.0,15.2,15.2,15.2,0.0
2021-09-27,15.2,15.2,0.0,15.2,0.0,0.0,0.0,0.0,15.2,15.2,15.2,0.0
2021-09-28,15.2,15.2,0.0,15.2,0.0,0.0,0.0,0.0,15.2,15.2,15.2,0.0
2021-09-29,15.2,15.2,0.0,15.2,0.0,0.0,0.0,0.0,15.2,15.2,15.2,0.0
2021-09-30,15.2,15.2,0.0,15.2,0.0,0.0,0.0,0.0,15.2,15.2,15.2,0.0
2021-10-01,13.0,13.0,-14.4737,13.0,3300.0,42900000.0,0.0,0.0,13.0,13.0,13.0,3300.0
2021-10-04,13.0,13.0,0.0,13.0,0.0,0.0,0.0,0.0,13.0,13.0,13.0,0.0
2021-10-05,13.0,13.0,0.0,13.0,0.0,0.0,0.0,0.0,13.0,13.0,13.0,0.0
2021-10-06,14.8,14.8,13.8462,14.8,200.0,2960000.0,0.0,0.0,14.8,14.8,14.8,200.0
2021-10-07,14.9,14.9,0.6757,14.9,200.0,2980000.0,0.0,0.0,14.9,14.9,14.9,200.0
2021-10-08,13.9,13.9,-6.7114,14.05,600.0,8430000.0,0.0,0.0,14.8,14.8,13.0,600.0
2021-10-11,14.6,14.6,3.5461,14.6,500.0,7300000.0,0.0,0.0,14.6,14.6,14.6,500.0
2021-10-12,14.0,14.0,-4.1096,14.0,100.0,1400000.0,0.0,0.0,14.0,14.0,14.0,100.0
2021-10-13,14.5,14.5,3.5714,15.044,1800.0,27080000.0,0.0,0.0,15.2,15.2,14.5,1800.0
2021-10-14,15.2,15.2,1.3333,15.2,1100.0,16720000.0,0.0,0.0,15.2,15.2,15.2,1100.0
2021-10-15,13.1,13.1,-13.8158,13.571,3500.0,47500000.0,0.0,0.0,14.9,14.9,13.1,3500.0
2021-10-18,13.6,13.6,0.0,13.6,0.0,0.0,0.0,0.0,13.6,13.6,13.6,0.0
2021-10-19,14.4,14.4,5.8824,15.2,500.0,7600000.0,0.0,0.0,15.4,15.4,14.4,500.0
2021-10-20,14.0,14.0,-7.8947,13.875,800.0,11100000.0,0.0,0.0,13.0,14.0,13.0,800.0
2021-10-21,13.8,13.8,-0.7194,13.8,400.0,5520000.0,0.0,0.0,13.8,13.8,13.8,400.0
2021-10-22,12.0,12.0,-13.0435,13.05,800.0,10440000.0,0.0,0.0,13.5,13.5,11.9,800.0
2021-10-25,13.0,13.0,-0.7634,12.583,600.0,7550000.0,0.0,0.0,13.0,13.1,11.7,600.0
2021-10-26,12.8,12.8,1.5873,11.814,700.0,8270000.0,0.0,0.0,12.6,12.8,11.1,700.0
2021-10-27,12.6,12.6,6.7797,12.772,1800.0,22990000.0,0.0,0.0,12.8,12.8,12.6,1800.0
2021-10-28,13.9,13.9,8.5938,12.595,1900.0,23930000.0,0.0,0.0,12.4,14.6,11.2,1900.0
2021-10-29,13.5,13.5,7.1429,13.545,1100.0,14900000.0,0.0,0.0,13.9,13.9,13.5,1100.0
2021-11-01,14.9,14.9,10.3704,14.2,200.0,2840000.0,0.0,0.0,13.5,14.9,13.5,200.0
2021-11-02,14.2,14.2,0.0,14.2,0.0,0.0,0.0,0.0,14.2,14.2,14.2,0.0
2021-11-03,12.5,12.5,-11.9718,12.592,12950.0,163070400.0,0.0,0.0,13.2,13.2,12.4,12950.0
2021-11-04,12.9,12.9,2.381,12.9,800.0,10320000.0,0.0,0.0,12.9,12.9,12.9,800.0
2021-11-05,13.4,13.4,3.876,13.242857143,1400.0,1400.0,0.0,0.0,11.2,13.4,11.2,1400.0
2021-11-08,13.2,13.2,0.0,13.2,0.0,0.0,0.0,0.0,13.2,13.2,13.2,0.0
2021-11-09,13.2,13.2,0.0,13.149,7900.0,103880000.0,0.0,0.0,13.0,13.2,13.0,7900.0
2021-11-10,13.1,13.1,0.0,13.1,0.0,0.0,0.0,0.0,13.1,13.1,13.1,0.0
2021-11-11,11.7,11.7,-10.687,11.7,300.0,3510000.0,0.0,0.0,11.7,11.7,11.7,300.0
2021-11-12,11.9,11.9,1.7094,11.882,1100.0,13070000.0,0.0,0.0,11.7,11.9,11.7,1100.0
2021-11-15,13.0,13.0,9.2437,12.157,11700.0,142240000.0,0.0,0.0,12.0,13.1,12.0,11700.0
2021-11-16,13.2,13.2,8.1967,13.243,14000.0,185400000.0,0.0,0.0,13.0,13.5,13.0,14000.0
2021-11-17,12.3,12.3,-6.8182,12.629,2100.0,26520000.0,0.0,0.0,11.7,15.1,11.7,2100.0
2021-11-18,12.5,12.5,-0.7937,12.5,2300.0,28750000.0,0.0,0.0,12.5,12.5,12.5,2300.0
2021-11-19,12.1,12.1,-3.2,12.495,4300.0,53730000.0,0.0,0.0,12.6,12.6,12.1,4300.0
2021-11-22,12.1,12.1,-3.2,12.343,700.0,8640000.0,0.0,0.0,12.5,12.5,11.8,700.0
2021-11-23,12.3,12.3,0.0,12.3,0.0,0.0,0.0,0.0,12.3,12.3,12.3,0.0
2021-11-24,12.3,12.3,0.0,12.3,1000.0,12300000.0,0.0,0.0,12.3,12.3,12.3,1000.0
2021-11-25,12.2,12.2,-0.813,12.2,400.0,4880000.0,0.0,0.0,12.3,12.3,12.1,400.0
2021-11-26,12.2,12.2,0.0,12.2,0.0,0.0,0.0,0.0,12.2,12.2,12.2,0.0
2021-11-29,11.6,11.6,-4.918,11.9,200.0,2380000.0,0.0,0.0,12.2,12.2,11.6,200.0
