2017-07-26,6.8,6.8,0.0,6.8,0.0,0.0,0.0,0.0,6.8,6.8,6.8,0.0
2017-07-27,6.8,6.8,0.0,6.8,0.0,0.0,0.0,0.0,6.8,6.8,6.8,0.0
2017-07-28,6.8,6.8,0.0,6.8,0.0,0.0,0.0,0.0,6.8,6.8,6.8,0.0
2017-07-31,6.8,6.8,0.0,6.8,0.0,0.0,0.0,0.0,6.8,6.8,6.8,0.0
2017-08-01,6.8,6.8,0.0,6.8,0.0,0.0,0.0,0.0,6.8,6.8,6.8,0.0
2017-08-02,6.8,6.8,0.0,6.8,0.0,0.0,0.0,0.0,6.8,6.8,6.8,0.0
2017-08-03,6.8,6.8,0.0,6.8,0.0,0.0,0.0,0.0,6.8,6.8,6.8,0.0
2017-08-04,6.8,6.8,0.0,6.8,0.0,0.0,0.0,0.0,6.8,6.8,6.8,0.0
2017-08-07,6.8,6.8,0.0,6.8,0.0,0.0,0.0,0.0,6.8,6.8,6.8,0.0
2017-08-08,6.8,6.8,0.0,6.8,0.0,0.0,0.0,0.0,6.8,6.8,6.8,0.0
2017-08-09,6.8,6.8,0.0,6.8,0.0,0.0,0.0,0.0,6.8,6.8,6.8,0.0
2017-08-10,6.8,6.8,0.0,6.8,0.0,0.0,0.0,0.0,6.8,6.8,6.8,0.0
2017-08-11,6.8,6.8,0.0,6.8,0.0,0.0,0.0,0.0,6.8,6.8,6.8,0.0
2017-08-14,6.8,6.8,0.0,6.8,0.0,0.0,0.0,0.0,6.8,6.8,6.8,0.0
2017-08-15,6.8,6.8,0.0,6.8,0.0,0.0,0.0,0.0,6.8,6.8,6.8,0.0
2017-08-16,6.8,6.8,0.0,6.8,0.0,0.0,0.0,0.0,6.8,6.8,6.8,0.0
2017-08-17,6.8,6.8,0.0,6.8,0.0,0.0,0.0,0.0,6.8,6.8,6.8,0.0
2017-08-18,6.8,6.8,0.0,6.8,0.0,0.0,0.0,0.0,6.8,6.8,6.8,0.0
2017-08-21,6.8,6.8,0.0,6.8,0.0,0.0,0.0,0.0,6.8,6.8,6.8,0.0
2017-08-22,6.8,6.8,0.0,6.8,0.0,0.0,0.0,0.0,6.8,6.8,6.8,0.0
2017-08-23,6.8,6.8,0.0,6.8,0.0,0.0,0.0,0.0,6.8,6.8,6.8,0.0
2017-08-24,6.8,6.8,0.0,6.8,0.0,0.0,0.0,0.0,6.8,6.8,6.8,0.0
2017-08-25,6.8,6.8,0.0,6.8,0.0,0.0,0.0,0.0,6.8,6.8,6.8,0.0
2017-08-28,6.8,6.8,0.0,6.8,0.0,0.0,0.0,0.0,6.8,6.8,6.8,0.0
2017-08-29,6.8,6.8,0.0,6.8,0.0,0.0,0.0,0.0,6.8,6.8,6.8,0.0
2017-08-30,6.8,6.8,0.0,6.8,0.0,0.0,0.0,0.0,6.8,6.8,6.8,0.0
2017-08-31,6.8,6.8,0.0,6.8,0.0,0.0,0.0,0.0,6.8,6.8,6.8,0.0
2017-09-01,6.8,6.8,0.0,6.8,0.0,0.0,0.0,0.0,6.8,6.8,6.8,0.0
2017-09-05,6.8,6.8,0.0,6.8,0.0,0.0,0.0,0.0,6.8,6.8,6.8,0.0
2017-09-06,6.8,6.8,0.0,6.8,0.0,0.0,0.0,0.0,6.8,6.8,6.8,0.0
2017-09-07,6.8,6.8,0.0,6.8,0.0,0.0,0.0,0.0,6.8,6.8,6.8,0.0
2017-09-08,6.8,6.8,0.0,6.8,0.0,0.0,0.0,0.0,6.8,6.8,6.8,0.0
2017-09-11,6.8,6.8,0.0,6.8,0.0,0.0,0.0,0.0,6.8,6.8,6.8,0.0
2017-09-12,6.8,6.8,0.0,6.8,0.0,0.0,0.0,0.0,6.8,6.8,6.8,0.0
2017-09-13,6.8,6.8,0.0,6.8,0.0,0.0,0.0,0.0,6.8,6.8,6.8,0.0
2017-09-14,6.8,6.8,0.0,6.8,0.0,0.0,0.0,0.0,6.8,6.8,6.8,0.0
2017-09-15,6.8,6.8,0.0,6.8,0.0,0.0,0.0,0.0,6.8,6.8,6.8,0.0
2017-09-18,6.8,6.8,0.0,6.8,0.0,0.0,0.0,0.0,6.8,6.8,6.8,0.0
2017-09-19,6.8,6.8,0.0,6.8,0.0,0.0,0.0,0.0,6.8,6.8,6.8,0.0
2017-09-20,6.8,6.8,0.0,6.8,0.0,0.0,0.0,0.0,6.8,6.8,6.8,0.0
2017-09-21,6.8,6.8,0.0,6.8,0.0,0.0,0.0,0.0,6.8,6.8,6.8,0.0
2017-09-22,6.8,6.8,0.0,6.8,0.0,0.0,0.0,0.0,6.8,6.8,6.8,0.0
2017-09-25,6.8,6.8,0.0,6.8,0.0,0.0,0.0,0.0,6.8,6.8,6.8,0.0
2017-09-26,6.8,6.8,0.0,6.8,0.0,0.0,0.0,0.0,6.8,6.8,6.8,0.0
2017-09-27,6.8,6.8,0.0,6.8,0.0,0.0,0.0,0.0,6.8,6.8,6.8,0.0
2017-09-28,6.8,6.8,0.0,6.8,0.0,0.0,0.0,0.0,6.8,6.8,6.8,0.0
2017-09-29,6.8,6.8,0.0,6.8,0.0,0.0,0.0,0.0,6.8,6.8,6.8,0.0
2017-10-02,6.8,6.8,0.0,6.8,0.0,0.0,0.0,0.0,6.8,6.8,6.8,0.0
2017-10-03,6.8,6.8,0.0,6.8,0.0,0.0,0.0,0.0,6.8,6.8,6.8,0.0
2017-10-04,6.8,6.8,0.0,6.8,0.0,0.0,0.0,0.0,6.8,6.8,6.8,0.0
2017-10-05,6.8,6.8,0.0,6.8,0.0,0.0,0.0,0.0,6.8,6.8,6.8,0.0
2017-10-06,6.8,6.8,0.0,6.8,0.0,0.0,0.0,0.0,6.8,6.8,6.8,0.0
2017-10-09,6.8,6.8,0.0,6.8,0.0,0.0,0.0,0.0,6.8,6.8,6.8,0.0
2017-10-10,6.8,6.8,0.0,6.8,0.0,0.0,0.0,0.0,6.8,6.8,6.8,0.0
2017-10-11,6.8,6.8,0.0,6.8,0.0,0.0,0.0,0.0,6.8,6.8,6.8,0.0
2017-10-12,6.8,6.8,0.0,6.8,0.0,0.0,0.0,0.0,6.8,6.8,6.8,0.0
2017-10-13,6.8,6.8,0.0,6.8,0.0,0.0,0.0,0.0,6.8,6.8,6.8,0.0
2017-10-16,6.8,6.8,0.0,6.8,0.0,0.0,0.0,0.0,6.8,6.8,6.8,0.0
2017-10-17,6.8,6.8,0.0,6.8,0.0,0.0,0.0,0.0,6.8,6.8,6.8,0.0
2017-10-18,6.8,6.8,0.0,6.8,0.0,0.0,0.0,0.0,6.8,6.8,6.8,0.0
2017-10-19,6.8,6.8,0.0,6.8,0.0,0.0,0.0,0.0,6.8,6.8,6.8,0.0
2017-10-20,6.8,6.8,0.0,6.8,0.0,0.0,0.0,0.0,6.8,6.8,6.8,0.0
2017-10-23,6.8,6.8,0.0,6.8,0.0,0.0,0.0,0.0,6.8,6.8,6.8,0.0
2017-10-24,6.8,6.8,0.0,6.8,0.0,0.0,0.0,0.0,6.8,6.8,6.8,0.0
2017-10-25,6.8,6.8,0.0,6.8,0.0,0.0,0.0,0.0,6.8,6.8,6.8,0.0
2017-10-26,6.8,6.8,0.0,6.8,0.0,0.0,0.0,0.0,6.8,6.8,6.8,0.0
2017-10-27,6.8,6.8,0.0,6.8,0.0,0.0,0.0,0.0,6.8,6.8,6.8,0.0
2017-10-30,6.8,6.8,0.0,6.8,0.0,0.0,0.0,0.0,6.8,6.8,6.8,0.0
2017-10-31,6.8,6.8,0.0,6.8,0.0,0.0,0.0,0.0,6.8,6.8,6.8,0.0
2017-11-01,6.8,6.8,0.0,6.8,0.0,0.0,0.0,0.0,6.8,6.8,6.8,0.0
2017-11-02,6.8,6.8,0.0,6.8,0.0,0.0,0.0,0.0,6.8,6.8,6.8,0.0
2017-11-03,6.8,6.8,0.0,6.8,0.0,0.0,0.0,0.0,6.8,6.8,6.8,0.0
2017-11-06,6.8,6.8,0.0,6.8,0.0,0.0,0.0,0.0,6.8,6.8,6.8,0.0
2017-11-07,6.8,6.8,0.0,6.8,0.0,0.0,0.0,0.0,6.8,6.8,6.8,0.0
2017-11-08,6.8,6.8,0.0,6.8,0.0,0.0,0.0,0.0,6.8,6.8,6.8,0.0
2017-11-09,6.8,6.8,0.0,6.8,0.0,0.0,0.0,0.0,6.8,6.8,6.8,0.0
2017-11-10,6.8,6.8,0.0,6.8,0.0,0.0,0.0,0.0,6.8,6.8,6.8,0.0
2017-11-13,6.8,6.8,0.0,6.8,0.0,0.0,0.0,0.0,6.8,6.8,6.8,0.0
2017-11-14,6.8,6.8,0.0,6.8,0.0,0.0,0.0,0.0,6.8,6.8,6.8,0.0
2017-11-15,6.8,6.8,0.0,6.8,0.0,0.0,0.0,0.0,6.8,6.8,6.8,0.0
2017-11-16,6.8,6.8,0.0,6.8,0.0,0.0,0.0,0.0,6.8,6.8,6.8,0.0
2017-11-17,6.8,6.8,0.0,6.8,0.0,0.0,0.0,0.0,6.8,6.8,6.8,0.0
2017-11-20,6.8,6.8,0.0,6.8,0.0,0.0,0.0,0.0,6.8,6.8,6.8,0.0
2017-11-21,6.8,6.8,0.0,6.8,0.0,0.0,0.0,0.0,6.8,6.8,6.8,0.0
2017-11-22,6.8,6.8,0.0,6.8,0.0,0.0,0.0,0.0,6.8,6.8,6.8,0.0
2017-11-23,6.8,6.8,0.0,6.8,0.0,0.0,0.0,0.0,6.8,6.8,6.8,0.0
2017-11-24,6.8,6.8,0.0,6.8,0.0,0.0,0.0,0.0,6.8,6.8,6.8,0.0
2017-11-27,6.8,6.8,0.0,6.8,0.0,0.0,0.0,0.0,6.8,6.8,6.8,0.0
2017-11-28,6.8,6.8,0.0,6.8,0.0,0.0,0.0,0.0,6.8,6.8,6.8,0.0
2017-11-29,9.2,9.2,35.2941,9.2,10000.0,92000000.0,0.0,0.0,9.2,9.2,9.2,10000.0
2017-11-30,9.2,9.2,0.0,9.2,0.0,0.0,0.0,0.0,9.2,9.2,9.2,0.0
2017-12-01,9.2,9.2,0.0,9.2,0.0,0.0,0.0,0.0,9.2,9.2,9.2,0.0
2017-12-04,9.7,9.7,5.4348,9.35,2000.0,18700000.0,0.0,0.0,9.0,9.7,9.0,2000.0
2017-12-05,9.4,9.4,0.0,9.4,0.0,0.0,0.0,0.0,9.4,9.4,9.4,0.0
2017-12-06,9.4,9.4,0.0,9.4,0.0,0.0,0.0,0.0,9.4,9.4,9.4,0.0
2017-12-07,9.3,9.3,-1.0638,9.3,2100.0,19530000.0,0.0,0.0,9.3,9.3,9.3,2100.0
2017-12-08,9.3,9.3,0.0,9.3,0.0,0.0,0.0,0.0,9.3,9.3,9.3,0.0
2017-12-11,9.3,9.3,0.0,9.3,0.0,0.0,0.0,0.0,9.3,9.3,9.3,0.0
2017-12-12,8.0,8.0,-13.9785,8.0,200.0,1600000.0,0.0,0.0,8.0,8.0,8.0,200.0
2017-12-13,6.8,6.8,-15.0,6.8,100.0,680000.0,0.0,0.0,6.8,6.8,6.8,100.0
2017-12-14,6.8,6.8,0.0,6.8,0.0,0.0,0.0,0.0,6.8,6.8,6.8,0.0
2017-12-15,6.8,6.8,0.0,6.8,0.0,0.0,0.0,0.0,6.8,6.8,6.8,0.0
2017-12-18,6.8,6.8,0.0,6.8,0.0,0.0,0.0,0.0,6.8,6.8,6.8,0.0
2017-12-19,6.8,6.8,0.0,6.8,0.0,0.0,0.0,0.0,6.8,6.8,6.8,0.0
2017-12-20,6.8,6.8,0.0,6.8,0.0,0.0,0.0,0.0,6.8,6.8,6.8,0.0
2017-12-21,6.8,6.8,0.0,6.8,0.0,0.0,0.0,0.0,6.8,6.8,6.8,0.0
2017-12-22,6.8,6.8,0.0,6.8,0.0,0.0,0.0,0.0,6.8,6.8,6.8,0.0
2017-12-25,6.8,6.8,0.0,6.8,0.0,0.0,0.0,0.0,6.8,6.8,6.8,0.0
2017-12-26,6.8,6.8,0.0,6.8,0.0,0.0,0.0,0.0,6.8,6.8,6.8,0.0
2017-12-27,6.8,6.8,0.0,6.8,0.0,0.0,0.0,0.0,6.8,6.8,6.8,0.0
2017-12-28,6.8,6.8,0.0,6.8,0.0,0.0,0.0,0.0,6.8,6.8,6.8,0.0
2017-12-29,6.8,6.8,0.0,6.8,0.0,0.0,0.0,0.0,6.8,6.8,6.8,0.0
2018-01-02,7.8,7.8,14.7059,7.8,100.0,780000.0,0.0,0.0,7.8,7.8,7.8,100.0
2018-01-03,7.8,7.8,0.0,7.8,0.0,0.0,0.0,0.0,7.8,7.8,7.8,0.0
2018-01-04,6.7,6.7,-14.1026,6.7,100.0,670000.0,0.0,0.0,6.7,6.7,6.7,100.0
2018-01-05,6.7,6.7,0.0,6.7,0.0,0.0,0.0,0.0,6.7,6.7,6.7,0.0
2018-01-08,6.7,6.7,0.0,6.7,0.0,0.0,0.0,0.0,6.7,6.7,6.7,0.0
2018-01-09,6.7,6.7,0.0,6.7,0.0,0.0,0.0,0.0,6.7,6.7,6.7,0.0
2018-01-10,6.7,6.7,0.0,6.7,0.0,0.0,0.0,0.0,6.7,6.7,6.7,0.0
2018-01-11,6.2,6.2,-7.4627,6.2,200.0,1240000.0,0.0,0.0,6.2,6.2,6.2,200.0
2018-01-12,5.7,5.7,-8.0645,5.7,200.0,1140000.0,0.0,0.0,5.7,5.7,5.7,200.0
2018-01-15,5.6,5.6,-1.7544,5.6,200.0,1120000.0,0.0,0.0,5.6,5.6,5.6,200.0
2018-01-16,4.8,4.8,-14.2857,4.8,100.0,480000.0,0.0,0.0,4.8,4.8,4.8,100.0
2018-01-17,4.8,4.8,0.0,4.8,0.0,0.0,0.0,0.0,4.8,4.8,4.8,0.0
2018-01-18,4.8,4.8,0.0,4.8,0.0,0.0,0.0,0.0,4.8,4.8,4.8,0.0
2018-01-19,4.8,4.8,0.0,4.8,0.0,0.0,0.0,0.0,4.8,4.8,4.8,0.0
2018-01-22,4.8,4.8,0.0,4.8,0.0,0.0,0.0,0.0,4.8,4.8,4.8,0.0
2018-01-23,4.8,4.8,0.0,4.8,0.0,0.0,0.0,0.0,4.8,4.8,4.8,0.0
2018-01-24,5.5,5.5,14.5833,4.833,300.0,1450000.0,0.0,0.0,4.5,5.5,4.5,300.0
2018-01-25,4.8,4.8,0.0,4.8,100.0,480000.0,0.0,0.0,4.8,4.8,4.8,100.0
2018-01-26,4.8,4.8,0.0,4.8,0.0,0.0,0.0,0.0,4.8,4.8,4.8,0.0
2018-01-29,4.8,4.8,0.0,4.8,0.0,0.0,0.0,0.0,4.8,4.8,4.8,0.0
2018-01-30,4.8,4.8,0.0,4.8,0.0,0.0,0.0,0.0,4.8,4.8,4.8,0.0
2018-01-31,4.8,4.8,0.0,4.8,0.0,0.0,0.0,0.0,4.8,4.8,4.8,0.0
2018-02-01,4.8,4.8,0.0,4.8,0.0,0.0,0.0,0.0,4.8,4.8,4.8,0.0
2018-02-02,4.8,4.8,0.0,4.8,0.0,0.0,0.0,0.0,4.8,4.8,4.8,0.0
2018-02-05,4.8,4.8,0.0,4.8,0.0,0.0,0.0,0.0,4.8,4.8,4.8,0.0
2018-02-06,4.8,4.8,0.0,4.8,0.0,0.0,0.0,0.0,4.8,4.8,4.8,0.0
2018-02-07,4.8,4.8,0.0,4.8,0.0,0.0,0.0,0.0,4.8,4.8,4.8,0.0
2018-02-08,4.8,4.8,0.0,4.8,0.0,0.0,0.0,0.0,4.8,4.8,4.8,0.0
2018-02-09,4.8,4.8,0.0,4.8,0.0,0.0,0.0,0.0,4.8,4.8,4.8,0.0
2018-02-12,4.8,4.8,0.0,4.8,0.0,0.0,0.0,0.0,4.8,4.8,4.8,0.0
2018-02-13,4.8,4.8,0.0,4.8,0.0,0.0,0.0,0.0,4.8,4.8,4.8,0.0
2018-02-21,4.8,4.8,0.0,4.8,0.0,0.0,0.0,0.0,4.8,4.8,4.8,0.0
2018-02-22,4.8,4.8,0.0,4.8,0.0,0.0,0.0,0.0,4.8,4.8,4.8,0.0
2018-02-23,4.8,4.8,0.0,4.8,0.0,0.0,0.0,0.0,4.8,4.8,4.8,0.0
2018-02-26,4.8,4.8,0.0,4.8,0.0,0.0,0.0,0.0,4.8,4.8,4.8,0.0
2018-02-27,4.8,4.8,0.0,4.8,0.0,0.0,0.0,0.0,4.8,4.8,4.8,0.0
2018-02-28,4.8,4.8,0.0,4.8,0.0,0.0,0.0,0.0,4.8,4.8,4.8,0.0
2018-03-01,4.8,4.8,0.0,4.8,0.0,0.0,0.0,0.0,4.8,4.8,4.8,0.0
2018-03-02,4.8,4.8,0.0,4.8,0.0,0.0,0.0,0.0,4.8,4.8,4.8,0.0
2018-03-05,4.8,4.8,0.0,4.8,0.0,0.0,0.0,0.0,4.8,4.8,4.8,0.0
2018-03-06,4.8,4.8,0.0,4.8,0.0,0.0,0.0,0.0,4.8,4.8,4.8,0.0
2018-03-07,4.8,4.8,0.0,4.8,0.0,0.0,0.0,0.0,4.8,4.8,4.8,0.0
2018-03-08,4.8,4.8,0.0,4.8,0.0,0.0,0.0,0.0,4.8,4.8,4.8,0.0
2018-03-09,4.8,4.8,0.0,4.8,0.0,0.0,0.0,0.0,4.8,4.8,4.8,0.0
2018-03-12,4.8,4.8,0.0,4.8,0.0,0.0,0.0,0.0,4.8,4.8,4.8,0.0
2018-03-13,4.8,4.8,0.0,4.8,0.0,0.0,0.0,0.0,4.8,4.8,4.8,0.0
2018-03-14,2.9,2.9,-39.5833,2.9,1400.0,4060000.0,0.0,0.0,2.9,2.9,2.9,1400.0
2018-03-15,2.9,2.9,0.0,2.9,0.0,0.0,0.0,0.0,2.9,2.9,2.9,0.0
2018-03-16,2.9,2.9,0.0,2.9,0.0,0.0,0.0,0.0,2.9,2.9,2.9,0.0
2018-03-19,2.9,2.9,0.0,2.9,0.0,0.0,0.0,0.0,2.9,2.9,2.9,0.0
2018-03-20,2.5,2.5,-13.7931,2.5,100.0,250000.0,0.0,0.0,2.5,2.5,2.5,100.0
2018-03-21,2.2,2.2,-12.0,2.2,100.0,220000.0,0.0,0.0,2.2,2.2,2.2,100.0
2018-03-22,1.9,1.9,-13.6364,1.9,100.0,190000.0,0.0,0.0,1.9,1.9,1.9,100.0
2018-03-23,1.9,1.9,0.0,1.9,0.0,0.0,0.0,0.0,1.9,1.9,1.9,0.0
2018-03-26,1.7,1.7,-10.5263,1.7,100.0,170000.0,0.0,0.0,1.7,1.7,1.7,100.0
2018-03-27,1.5,1.5,-11.7647,1.5,200.0,300000.0,0.0,0.0,1.5,1.5,1.5,200.0
2018-03-28,1.5,1.5,0.0,1.5,0.0,0.0,0.0,0.0,1.5,1.5,1.5,0.0
2018-03-29,1.5,1.5,0.0,1.5,0.0,0.0,0.0,0.0,1.5,1.5,1.5,0.0
2018-03-30,1.5,1.5,0.0,1.5,0.0,0.0,0.0,0.0,1.5,1.5,1.5,0.0
2018-04-02,1.5,1.5,0.0,1.5,0.0,0.0,0.0,0.0,1.5,1.5,1.5,0.0
2018-04-03,1.3,1.3,-13.3333,1.3,100.0,130000.0,0.0,0.0,1.3,1.3,1.3,100.0
2018-04-04,1.3,1.3,0.0,1.3,0.0,0.0,0.0,0.0,1.3,1.3,1.3,0.0
2018-04-05,1.3,1.3,0.0,1.3,0.0,0.0,0.0,0.0,1.3,1.3,1.3,0.0
2018-04-06,1.3,1.3,0.0,1.3,0.0,0.0,0.0,0.0,1.3,1.3,1.3,0.0
2018-04-09,1.4,1.4,7.6923,1.4,200.0,280000.0,0.0,0.0,1.4,1.4,1.4,200.0
2018-04-10,1.4,1.4,0.0,1.4,0.0,0.0,0.0,0.0,1.4,1.4,1.4,0.0
2018-04-11,1.6,1.6,14.2857,1.6,100.0,160000.0,0.0,0.0,1.6,1.6,1.6,100.0
2018-04-12,1.6,1.6,0.0,1.6,0.0,0.0,0.0,0.0,1.6,1.6,1.6,0.0
2018-04-13,1.6,1.6,0.0,1.6,0.0,0.0,0.0,0.0,1.6,1.6,1.6,0.0
2018-04-16,1.6,1.6,0.0,1.6,0.0,0.0,0.0,0.0,1.6,1.6,1.6,0.0
2018-04-17,1.6,1.6,0.0,1.6,0.0,0.0,0.0,0.0,1.6,1.6,1.6,0.0
2018-04-18,1.6,1.6,0.0,1.6,0.0,0.0,0.0,0.0,1.6,1.6,1.6,0.0
2018-04-19,1.6,1.6,0.0,1.6,0.0,0.0,0.0,0.0,1.6,1.6,1.6,0.0
2018-04-20,1.6,1.6,0.0,1.6,0.0,0.0,0.0,0.0,1.6,1.6,1.6,0.0
2018-04-23,1.6,1.6,0.0,1.6,0.0,0.0,0.0,0.0,1.6,1.6,1.6,0.0
2018-04-24,1.6,1.6,0.0,1.6,0.0,0.0,0.0,0.0,1.6,1.6,1.6,0.0
2018-04-26,1.6,1.6,0.0,1.6,0.0,0.0,0.0,0.0,1.6,1.6,1.6,0.0
2018-04-27,1.6,1.6,0.0,1.6,0.0,0.0,0.0,0.0,1.6,1.6,1.6,0.0
2018-05-02,1.4,1.4,-12.5,1.4,700.0,980000.0,0.0,0.0,1.4,1.4,1.4,700.0
2018-05-03,1.4,1.4,0.0,1.4,0.0,0.0,0.0,0.0,1.4,1.4,1.4,0.0
2018-05-04,1.4,1.4,0.0,1.4,0.0,0.0,0.0,0.0,1.4,1.4,1.4,0.0
2018-05-07,1.4,1.4,0.0,1.4,0.0,0.0,0.0,0.0,1.4,1.4,1.4,0.0
2018-05-08,1.4,1.4,0.0,1.4,0.0,0.0,0.0,0.0,1.4,1.4,1.4,0.0
2018-05-09,1.4,1.4,0.0,1.4,0.0,0.0,0.0,0.0,1.4,1.4,1.4,0.0
2018-05-10,1.4,1.4,0.0,1.4,0.0,0.0,0.0,0.0,1.4,1.4,1.4,0.0
2018-05-11,1.4,1.4,0.0,1.4,0.0,0.0,0.0,0.0,1.4,1.4,1.4,0.0
2018-05-14,1.4,1.4,0.0,1.4,0.0,0.0,0.0,0.0,1.4,1.4,1.4,0.0
2018-05-15,1.4,1.4,0.0,1.4,0.0,0.0,0.0,0.0,1.4,1.4,1.4,0.0
2018-05-16,1.4,1.4,0.0,1.4,0.0,0.0,0.0,0.0,1.4,1.4,1.4,0.0
2018-05-17,1.4,1.4,0.0,1.4,0.0,0.0,0.0,0.0,1.4,1.4,1.4,0.0
2018-05-18,1.4,1.4,0.0,1.4,0.0,0.0,0.0,0.0,1.4,1.4,1.4,0.0
2018-05-21,1.4,1.4,0.0,1.4,0.0,0.0,0.0,0.0,1.4,1.4,1.4,0.0
2018-05-22,1.4,1.4,0.0,1.4,0.0,0.0,0.0,0.0,1.4,1.4,1.4,0.0
2018-05-23,1.4,1.4,0.0,1.4,0.0,0.0,0.0,0.0,1.4,1.4,1.4,0.0
2018-05-24,1.4,1.4,0.0,1.4,0.0,0.0,0.0,0.0,1.4,1.4,1.4,0.0
2018-05-25,1.4,1.4,0.0,1.4,0.0,0.0,0.0,0.0,1.4,1.4,1.4,0.0
2018-05-28,1.4,1.4,0.0,1.4,0.0,0.0,0.0,0.0,1.4,1.4,1.4,0.0
2018-05-29,1.4,1.4,0.0,1.4,0.0,0.0,0.0,0.0,1.4,1.4,1.4,0.0
2018-05-30,1.4,1.4,0.0,1.4,0.0,0.0,0.0,0.0,1.4,1.4,1.4,0.0
2018-05-31,1.4,1.4,0.0,1.4,0.0,0.0,0.0,0.0,1.4,1.4,1.4,0.0
2018-06-01,1.4,1.4,0.0,1.4,0.0,0.0,0.0,0.0,1.4,1.4,1.4,0.0
2018-06-04,1.4,1.4,0.0,1.4,0.0,0.0,0.0,0.0,1.4,1.4,1.4,0.0
2018-06-05,1.4,1.4,0.0,1.4,0.0,0.0,0.0,0.0,1.4,1.4,1.4,0.0
2018-06-06,1.4,1.4,0.0,1.4,0.0,0.0,0.0,0.0,1.4,1.4,1.4,0.0
2018-06-07,1.4,1.4,0.0,1.4,0.0,0.0,0.0,0.0,1.4,1.4,1.4,0.0
2018-06-08,1.4,1.4,0.0,1.4,0.0,0.0,0.0,0.0,1.4,1.4,1.4,0.0
2018-06-11,1.4,1.4,0.0,1.4,0.0,0.0,0.0,0.0,1.4,1.4,1.4,0.0
2018-06-12,1.4,1.4,0.0,1.4,0.0,0.0,0.0,0.0,1.4,1.4,1.4,0.0
2018-06-13,1.4,1.4,0.0,1.4,0.0,0.0,0.0,0.0,1.4,1.4,1.4,0.0
2018-06-14,1.4,1.4,0.0,1.4,0.0,0.0,0.0,0.0,1.4,1.4,1.4,0.0
2018-06-15,1.4,1.4,0.0,1.4,0.0,0.0,0.0,0.0,1.4,1.4,1.4,0.0
2018-06-18,1.4,1.4,0.0,1.4,0.0,0.0,0.0,0.0,1.4,1.4,1.4,0.0
2018-06-19,1.4,1.4,0.0,1.4,0.0,0.0,0.0,0.0,1.4,1.4,1.4,0.0
2018-06-20,1.4,1.4,0.0,1.4,0.0,0.0,0.0,0.0,1.4,1.4,1.4,0.0
2018-06-21,1.4,1.4,0.0,1.4,0.0,0.0,0.0,0.0,1.4,1.4,1.4,0.0
2018-06-22,1.4,1.4,0.0,1.4,0.0,0.0,0.0,0.0,1.4,1.4,1.4,0.0
2018-06-25,1.4,1.4,0.0,1.4,0.0,0.0,0.0,0.0,1.4,1.4,1.4,0.0
2018-06-26,1.4,1.4,0.0,1.4,0.0,0.0,0.0,0.0,1.4,1.4,1.4,0.0
2018-06-27,1.4,1.4,0.0,1.4,0.0,0.0,0.0,0.0,1.4,1.4,1.4,0.0
2018-06-28,1.4,1.4,0.0,1.4,0.0,0.0,0.0,0.0,1.4,1.4,1.4,0.0
2018-06-29,1.4,1.4,0.0,1.4,0.0,0.0,0.0,0.0,1.4,1.4,1.4,0.0
2018-07-02,1.4,1.4,0.0,1.4,0.0,0.0,0.0,0.0,1.4,1.4,1.4,0.0
2018-07-03,1.4,1.4,0.0,1.4,0.0,0.0,0.0,0.0,1.4,1.4,1.4,0.0
2018-07-04,1.4,1.4,0.0,1.4,0.0,0.0,0.0,0.0,1.4,1.4,1.4,0.0
2018-07-05,1.4,1.4,0.0,1.4,0.0,0.0,0.0,0.0,1.4,1.4,1.4,0.0
2018-07-06,1.4,1.4,0.0,1.4,0.0,0.0,0.0,0.0,1.4,1.4,1.4,0.0
2018-07-09,1.4,1.4,0.0,1.4,0.0,0.0,0.0,0.0,1.4,1.4,1.4,0.0
2018-07-10,1.4,1.4,0.0,1.4,0.0,0.0,0.0,0.0,1.4,1.4,1.4,0.0
2018-07-11,1.4,1.4,0.0,1.4,0.0,0.0,0.0,0.0,1.4,1.4,1.4,0.0
2018-07-12,1.4,1.4,0.0,1.4,0.0,0.0,0.0,0.0,1.4,1.4,1.4,0.0
2018-07-13,1.4,1.4,0.0,1.4,0.0,0.0,0.0,0.0,1.4,1.4,1.4,0.0
2018-07-16,1.4,1.4,0.0,1.4,0.0,0.0,0.0,0.0,1.4,1.4,1.4,0.0
2018-07-17,1.4,1.4,0.0,1.4,0.0,0.0,0.0,0.0,1.4,1.4,1.4,0.0
2018-07-18,1.4,1.4,0.0,1.4,0.0,0.0,0.0,0.0,1.4,1.4,1.4,0.0
2018-07-19,1.4,1.4,0.0,1.4,0.0,0.0,0.0,0.0,1.4,1.4,1.4,0.0
2018-07-20,1.4,1.4,0.0,1.4,0.0,0.0,0.0,0.0,1.4,1.4,1.4,0.0
2018-07-23,1.4,1.4,0.0,1.4,0.0,0.0,0.0,0.0,1.4,1.4,1.4,0.0
2018-07-24,1.4,1.4,0.0,1.4,0.0,0.0,0.0,0.0,1.4,1.4,1.4,0.0
2018-07-25,1.4,1.4,0.0,1.4,0.0,0.0,0.0,0.0,1.4,1.4,1.4,0.0
2018-07-26,1.4,1.4,0.0,1.4,0.0,0.0,0.0,0.0,1.4,1.4,1.4,0.0
2018-07-27,1.4,1.4,0.0,1.4,0.0,0.0,0.0,0.0,1.4,1.4,1.4,0.0
2018-07-30,1.4,1.4,0.0,1.4,0.0,0.0,0.0,0.0,1.4,1.4,1.4,0.0
2018-07-31,1.4,1.4,0.0,1.4,0.0,0.0,0.0,0.0,1.4,1.4,1.4,0.0
2018-08-01,1.4,1.4,0.0,1.4,0.0,0.0,0.0,0.0,1.4,1.4,1.4,0.0
2018-08-02,1.9,1.9,35.7143,1.9,300.0,570000.0,0.0,0.0,1.9,1.9,1.9,300.0
2018-08-03,1.9,1.9,0.0,1.9,0.0,0.0,0.0,0.0,1.9,1.9,1.9,0.0
2018-08-06,1.9,1.9,0.0,1.9,0.0,0.0,0.0,0.0,1.9,1.9,1.9,0.0
2018-08-07,1.9,1.9,0.0,1.9,0.0,0.0,0.0,0.0,1.9,1.9,1.9,0.0
2018-08-08,1.9,1.9,0.0,1.9,0.0,0.0,0.0,0.0,1.9,1.9,1.9,0.0
2018-08-09,2.1,2.1,10.5263,2.1,200.0,420000.0,0.0,0.0,2.1,2.1,2.1,200.0
2018-08-10,2.1,2.1,0.0,2.1,0.0,0.0,0.0,0.0,2.1,2.1,2.1,0.0
2018-08-13,2.1,2.1,0.0,2.1,0.0,0.0,0.0,0.0,2.1,2.1,2.1,0.0
2018-08-14,2.1,2.1,0.0,2.1,0.0,0.0,0.0,0.0,2.1,2.1,2.1,0.0
2018-08-15,2.1,2.1,0.0,2.1,0.0,0.0,0.0,0.0,2.1,2.1,2.1,0.0
2018-08-16,2.1,2.1,0.0,2.1,0.0,0.0,0.0,0.0,2.1,2.1,2.1,0.0
2018-08-17,2.1,2.1,0.0,2.1,0.0,0.0,0.0,0.0,2.1,2.1,2.1,0.0
2018-08-20,2.4,2.4,14.2857,2.4,100.0,240000.0,0.0,0.0,2.4,2.4,2.4,100.0
2018-08-21,2.7,2.7,12.5,2.7,100.0,270000.0,0.0,0.0,2.7,2.7,2.7,100.0
2018-08-22,2.7,2.7,0.0,2.7,0.0,0.0,0.0,0.0,2.7,2.7,2.7,0.0
2018-08-23,2.7,2.7,0.0,2.7,0.0,0.0,0.0,0.0,2.7,2.7,2.7,0.0
2018-08-24,2.7,2.7,0.0,2.7,0.0,0.0,0.0,0.0,2.7,2.7,2.7,0.0
2018-08-27,2.7,2.7,0.0,2.7,0.0,0.0,0.0,0.0,2.7,2.7,2.7,0.0
2018-08-28,2.7,2.7,0.0,2.7,0.0,0.0,0.0,0.0,2.7,2.7,2.7,0.0
2018-08-29,2.7,2.7,0.0,2.7,0.0,0.0,0.0,0.0,2.7,2.7,2.7,0.0
2018-08-30,2.7,2.7,0.0,2.7,0.0,0.0,0.0,0.0,2.7,2.7,2.7,0.0
2018-08-31,2.7,2.7,0.0,2.7,0.0,0.0,0.0,0.0,2.7,2.7,2.7,0.0
2018-09-04,2.7,2.7,0.0,2.7,0.0,0.0,0.0,0.0,2.7,2.7,2.7,0.0
2018-09-05,2.7,2.7,0.0,2.7,0.0,0.0,0.0,0.0,2.7,2.7,2.7,0.0
2018-09-06,3.1,3.1,14.8148,3.1,1200.0,3720000.0,0.0,0.0,3.1,3.1,3.1,1200.0
2018-09-07,3.1,3.1,0.0,3.1,0.0,0.0,0.0,0.0,3.1,3.1,3.1,0.0
2018-09-10,3.1,3.1,0.0,3.1,0.0,0.0,0.0,0.0,3.1,3.1,3.1,0.0
2018-09-11,3.1,3.1,0.0,3.1,0.0,0.0,0.0,0.0,3.1,3.1,3.1,0.0
2018-09-12,3.1,3.1,0.0,3.1,0.0,0.0,0.0,0.0,3.1,3.1,3.1,0.0
2018-09-13,3.1,3.1,0.0,3.1,200.0,620000.0,0.0,0.0,3.1,3.1,3.1,200.0
2018-09-14,3.1,3.1,0.0,3.1,6000.0,18600000.0,0.0,0.0,3.1,3.1,3.1,6000.0
2018-09-17,3.1,3.1,0.0,3.154,2600.0,8200000.0,0.0,0.0,3.3,3.3,3.1,2600.0
2018-09-18,3.2,3.2,0.0,3.2,0.0,0.0,0.0,0.0,3.2,3.2,3.2,0.0
2018-09-19,3.1,3.1,-3.125,3.1,100.0,310000.0,0.0,0.0,3.1,3.1,3.1,100.0
2018-09-20,3.1,3.1,0.0,3.1,0.0,0.0,0.0,0.0,3.1,3.1,3.1,0.0
2018-09-21,3.4,3.4,9.6774,3.4,100.0,340000.0,0.0,0.0,3.4,3.4,3.4,100.0
2018-09-24,3.4,3.4,0.0,3.4,0.0,0.0,0.0,0.0,3.4,3.4,3.4,0.0
2018-09-25,3.1,3.1,-8.8235,3.1,400.0,1240000.0,0.0,0.0,3.1,3.1,3.1,400.0
2018-09-26,3.5,3.5,12.9032,3.5,1000.0,3500000.0,0.0,0.0,3.5,3.5,3.5,1000.0
2018-09-27,3.5,3.5,0.0,3.5,0.0,0.0,0.0,0.0,3.5,3.5,3.5,0.0
2018-09-28,3.6,3.6,2.8571,3.6,100.0,360000.0,0.0,0.0,3.6,3.6,3.6,100.0
2018-10-01,4.1,4.1,13.8889,4.064,2800.0,11380000.0,0.0,0.0,4.0,4.1,4.0,2800.0
2018-10-02,4.1,4.1,0.0,4.1,0.0,0.0,0.0,0.0,4.1,4.1,4.1,0.0
2018-10-03,4.7,4.7,14.6341,4.7,100.0,470000.0,0.0,0.0,4.7,4.7,4.7,100.0
2018-10-04,4.0,4.0,-14.8936,4.0,1000.0,4000000.0,0.0,0.0,4.0,4.0,4.0,1000.0
2018-10-05,3.6,3.6,-10.0,3.588,800.0,2870000.0,0.0,0.0,3.5,3.6,3.5,800.0
2018-10-08,3.2,3.2,-11.1111,3.2,300.0,960000.0,0.0,0.0,3.2,3.2,3.2,300.0
2018-10-09,3.2,3.2,0.0,3.2,200.0,640000.0,0.0,0.0,3.2,3.2,3.2,200.0
2018-10-10,3.2,3.2,0.0,3.32,500.0,1660000.0,0.0,0.0,3.2,3.5,3.2,500.0
2018-10-11,3.0,3.0,-9.0909,3.163,4000.0,12650000.0,0.0,0.0,3.2,3.2,3.0,4000.0
2018-10-12,3.0,3.0,-6.25,3.273,1100.0,3600000.0,0.0,0.0,3.3,3.3,3.0,1100.0
2018-10-15,3.7,3.7,12.1212,3.7,100.0,370000.0,0.0,0.0,3.7,3.7,3.7,100.0
2018-10-16,3.7,3.7,0.0,3.7,0.0,0.0,0.0,0.0,3.7,3.7,3.7,0.0
2018-10-17,3.7,3.7,0.0,3.7,0.0,0.0,0.0,0.0,3.7,3.7,3.7,0.0
2018-10-18,3.7,3.7,0.0,3.7,0.0,0.0,0.0,0.0,3.7,3.7,3.7,0.0
2018-10-19,3.7,3.7,0.0,3.7,0.0,0.0,0.0,0.0,3.7,3.7,3.7,0.0
2018-10-22,3.7,3.7,0.0,3.7,0.0,0.0,0.0,0.0,3.7,3.7,3.7,0.0
2018-10-23,3.3,3.3,-10.8108,3.3,100.0,330000.0,0.0,0.0,3.3,3.3,3.3,100.0
2018-10-24,3.3,3.3,0.0,3.3,0.0,0.0,0.0,0.0,3.3,3.3,3.3,0.0
2018-10-25,3.3,3.3,0.0,3.3,0.0,0.0,0.0,0.0,3.3,3.3,3.3,0.0
2018-10-26,3.3,3.3,0.0,3.3,0.0,0.0,0.0,0.0,3.3,3.3,3.3,0.0
2018-10-29,3.3,3.3,0.0,3.3,0.0,0.0,0.0,0.0,3.3,3.3,3.3,0.0
2018-10-30,3.3,3.3,0.0,3.3,0.0,0.0,0.0,0.0,3.3,3.3,3.3,0.0
2018-10-31,3.7,3.7,12.1212,3.7,100.0,370000.0,0.0,0.0,3.7,3.7,3.7,100.0
2018-11-01,3.7,3.7,0.0,3.7,0.0,0.0,0.0,0.0,3.7,3.7,3.7,0.0
2018-11-02,3.7,3.7,0.0,3.7,0.0,0.0,0.0,0.0,3.7,3.7,3.7,0.0
2018-11-05,3.7,3.7,0.0,3.7,0.0,0.0,0.0,0.0,3.7,3.7,3.7,0.0
2018-11-06,4.2,4.2,13.5135,4.2,100.0,420000.0,0.0,0.0,4.2,4.2,4.2,100.0
2018-11-07,4.2,4.2,0.0,4.2,0.0,0.0,0.0,0.0,4.2,4.2,4.2,0.0
2018-11-08,4.2,4.2,0.0,4.2,0.0,0.0,0.0,0.0,4.2,4.2,4.2,0.0
2018-11-09,4.4,4.4,4.7619,4.4,100.0,440000.0,0.0,0.0,4.4,4.4,4.4,100.0
2018-11-12,4.4,4.4,0.0,4.4,0.0,0.0,0.0,0.0,4.4,4.4,4.4,0.0
2018-11-13,5.0,5.0,13.6364,4.825,400.0,1930000.0,0.0,0.0,4.7,5.0,4.7,400.0
2018-11-14,4.8,4.8,0.0,4.8,0.0,0.0,0.0,0.0,4.8,4.8,4.8,0.0
2018-11-15,5.4,5.4,12.5,5.4,200.0,1080000.0,0.0,0.0,5.4,5.4,5.4,200.0
2018-11-16,5.4,5.4,0.0,5.4,0.0,0.0,0.0,0.0,5.4,5.4,5.4,0.0
2018-11-19,5.5,5.5,1.8519,5.5,100.0,550000.0,0.0,0.0,5.5,5.5,5.5,100.0
2018-11-20,5.7,5.7,3.6364,5.7,100.0,570000.0,0.0,0.0,5.7,5.7,5.7,100.0
2018-11-21,6.4,6.4,12.2807,6.3,200.0,1260000.0,0.0,0.0,6.2,6.4,6.2,200.0
2018-11-22,6.3,6.3,0.0,6.3,0.0,0.0,0.0,0.0,6.3,6.3,6.3,0.0
2018-11-23,6.3,6.3,0.0,6.3,0.0,0.0,0.0,0.0,6.3,6.3,6.3,0.0
2018-11-26,6.3,6.3,0.0,6.3,0.0,0.0,0.0,0.0,6.3,6.3,6.3,0.0
2018-11-27,6.3,6.3,0.0,6.3,0.0,0.0,0.0,0.0,6.3,6.3,6.3,0.0
2018-11-28,6.3,6.3,0.0,6.3,0.0,0.0,0.0,0.0,6.3,6.3,6.3,0.0
2018-11-29,6.3,6.3,0.0,6.3,0.0,0.0,0.0,0.0,6.3,6.3,6.3,0.0
2018-11-30,6.3,6.3,0.0,6.3,0.0,0.0,0.0,0.0,6.3,6.3,6.3,0.0
2018-12-03,6.3,6.3,0.0,6.3,100.0,630000.0,0.0,0.0,6.3,6.3,6.3,100.0
2018-12-04,6.3,6.3,0.0,6.3,0.0,0.0,0.0,0.0,6.3,6.3,6.3,0.0
2018-12-05,6.3,6.3,0.0,6.3,0.0,0.0,0.0,0.0,6.3,6.3,6.3,0.0
2018-12-06,6.3,6.3,0.0,6.3,0.0,0.0,0.0,0.0,6.3,6.3,6.3,0.0
2018-12-07,6.4,6.4,1.5873,6.4,100.0,640000.0,0.0,0.0,6.4,6.4,6.4,100.0
2018-12-10,6.4,6.4,0.0,6.4,0.0,0.0,0.0,0.0,6.4,6.4,6.4,0.0
2018-12-11,6.4,6.4,0.0,6.4,0.0,0.0,0.0,0.0,6.4,6.4,6.4,0.0
2018-12-12,6.4,6.4,0.0,6.4,0.0,0.0,0.0,0.0,6.4,6.4,6.4,0.0
2018-12-13,6.4,6.4,0.0,6.4,0.0,0.0,0.0,0.0,6.4,6.4,6.4,0.0
2018-12-14,6.4,6.4,0.0,6.4,0.0,0.0,0.0,0.0,6.4,6.4,6.4,0.0
2018-12-17,6.4,6.4,0.0,6.4,0.0,0.0,0.0,0.0,6.4,6.4,6.4,0.0
2018-12-18,6.4,6.4,0.0,6.4,0.0,0.0,0.0,0.0,6.4,6.4,6.4,0.0
2018-12-19,6.4,6.4,0.0,6.4,0.0,0.0,0.0,0.0,6.4,6.4,6.4,0.0
2018-12-20,6.4,6.4,0.0,6.4,0.0,0.0,0.0,0.0,6.4,6.4,6.4,0.0
2018-12-21,6.4,6.4,0.0,6.4,0.0,0.0,0.0,0.0,6.4,6.4,6.4,0.0
2018-12-24,6.4,6.4,0.0,6.4,0.0,0.0,0.0,0.0,6.4,6.4,6.4,0.0
2018-12-25,6.4,6.4,0.0,6.4,0.0,0.0,0.0,0.0,6.4,6.4,6.4,0.0
2018-12-26,6.4,6.4,0.0,6.4,0.0,0.0,0.0,0.0,6.4,6.4,6.4,0.0
2018-12-27,6.4,6.4,0.0,6.4,0.0,0.0,0.0,0.0,6.4,6.4,6.4,0.0
2018-12-28,6.4,6.4,0.0,6.4,0.0,0.0,0.0,0.0,6.4,6.4,6.4,0.0
2019-01-02,6.4,6.4,0.0,6.4,0.0,0.0,0.0,0.0,6.4,6.4,6.4,0.0
2019-01-03,6.4,6.4,0.0,6.4,0.0,0.0,0.0,0.0,6.4,6.4,6.4,0.0
2019-01-04,6.4,6.4,0.0,6.4,0.0,0.0,0.0,0.0,6.4,6.4,6.4,0.0
2019-01-07,6.4,6.4,0.0,6.4,0.0,0.0,0.0,0.0,6.4,6.4,6.4,0.0
2019-01-08,6.4,6.4,0.0,6.4,0.0,0.0,0.0,0.0,6.4,6.4,6.4,0.0
2019-01-09,6.4,6.4,0.0,6.4,700.0,4480000.0,0.0,0.0,6.4,6.4,6.4,700.0
2019-01-10,6.4,6.4,0.0,6.4,0.0,0.0,0.0,0.0,6.4,6.4,6.4,0.0
2019-01-11,6.4,6.4,0.0,6.4,0.0,0.0,0.0,0.0,6.4,6.4,6.4,0.0
2019-01-14,6.4,6.4,0.0,6.4,0.0,0.0,0.0,0.0,6.4,6.4,6.4,0.0
2019-01-15,6.4,6.4,0.0,6.4,0.0,0.0,0.0,0.0,6.4,6.4,6.4,0.0
2019-01-16,6.4,6.4,0.0,6.4,500.0,3200000.0,0.0,0.0,6.4,6.4,6.4,500.0
2019-01-17,6.4,6.4,0.0,6.4,0.0,0.0,0.0,0.0,6.4,6.4,6.4,0.0
2019-01-18,6.4,6.4,0.0,6.4,0.0,0.0,0.0,0.0,6.4,6.4,6.4,0.0
2019-01-21,6.4,6.4,0.0,6.4,0.0,0.0,0.0,0.0,6.4,6.4,6.4,0.0
2019-01-22,6.4,6.4,0.0,6.4,0.0,0.0,0.0,0.0,6.4,6.4,6.4,0.0
2019-01-23,6.4,6.4,0.0,6.4,0.0,0.0,0.0,0.0,6.4,6.4,6.4,0.0
2019-01-24,6.4,6.4,0.0,6.4,0.0,0.0,0.0,0.0,6.4,6.4,6.4,0.0
2019-01-25,6.4,6.4,0.0,6.4,0.0,0.0,0.0,0.0,6.4,6.4,6.4,0.0
2019-01-28,6.4,6.4,0.0,6.4,0.0,0.0,0.0,0.0,6.4,6.4,6.4,0.0
2019-01-29,6.4,6.4,0.0,6.4,0.0,0.0,0.0,0.0,6.4,6.4,6.4,0.0
2019-01-30,6.4,6.4,0.0,6.4,0.0,0.0,0.0,0.0,6.4,6.4,6.4,0.0
2019-01-31,6.4,6.4,0.0,6.4,0.0,0.0,0.0,0.0,6.4,6.4,6.4,0.0
2019-02-01,6.4,6.4,0.0,6.4,0.0,0.0,0.0,0.0,6.4,6.4,6.4,0.0
2019-02-11,6.4,6.4,0.0,6.4,0.0,0.0,0.0,0.0,6.4,6.4,6.4,0.0
2019-02-12,6.4,6.4,0.0,6.4,0.0,0.0,0.0,0.0,6.4,6.4,6.4,0.0
2019-02-13,6.4,6.4,0.0,6.4,0.0,0.0,0.0,0.0,6.4,6.4,6.4,0.0
2019-02-14,6.4,6.4,0.0,6.4,0.0,0.0,0.0,0.0,6.4,6.4,6.4,0.0
2019-02-15,6.4,6.4,0.0,6.4,0.0,0.0,0.0,0.0,6.4,6.4,6.4,0.0
2019-02-18,6.4,6.4,0.0,6.4,0.0,0.0,0.0,0.0,6.4,6.4,6.4,0.0
2019-02-19,6.4,6.4,0.0,6.4,0.0,0.0,0.0,0.0,6.4,6.4,6.4,0.0
2019-02-20,6.4,6.4,0.0,6.4,0.0,0.0,0.0,0.0,6.4,6.4,6.4,0.0
2019-02-21,6.4,6.4,0.0,6.4,0.0,0.0,0.0,0.0,6.4,6.4,6.4,0.0
2019-02-22,7.3,7.3,14.0625,7.3,200.0,1460000.0,0.0,0.0,7.3,7.3,7.3,200.0
2019-02-25,7.3,7.3,0.0,7.3,0.0,0.0,0.0,0.0,7.3,7.3,7.3,0.0
2019-02-26,7.3,7.3,0.0,7.3,0.0,0.0,0.0,0.0,7.3,7.3,7.3,0.0
2019-02-27,7.3,7.3,0.0,7.3,0.0,0.0,0.0,0.0,7.3,7.3,7.3,0.0
2019-02-28,7.3,7.3,0.0,7.3,0.0,0.0,0.0,0.0,7.3,7.3,7.3,0.0
2019-03-01,7.3,7.3,0.0,7.3,0.0,0.0,0.0,0.0,7.3,7.3,7.3,0.0
2019-03-04,7.3,7.3,0.0,7.3,0.0,0.0,0.0,0.0,7.3,7.3,7.3,0.0
2019-03-05,7.3,7.3,0.0,7.3,0.0,0.0,0.0,0.0,7.3,7.3,7.3,0.0
2019-03-06,7.3,7.3,0.0,7.3,0.0,0.0,0.0,0.0,7.3,7.3,7.3,0.0
2019-03-07,6.3,6.3,-13.6986,6.3,100.0,630000.0,0.0,0.0,6.3,6.3,6.3,100.0
2019-03-08,6.3,6.3,0.0,6.3,0.0,0.0,0.0,0.0,6.3,6.3,6.3,0.0
2019-03-11,6.3,6.3,0.0,6.3,0.0,0.0,0.0,0.0,6.3,6.3,6.3,0.0
2019-03-12,7.0,7.0,11.1111,6.467,300.0,1940000.0,0.0,0.0,5.4,7.0,5.4,300.0
2019-03-13,6.5,6.5,0.0,6.5,0.0,0.0,0.0,0.0,6.5,6.5,6.5,0.0
2019-03-14,6.5,6.5,0.0,6.5,0.0,0.0,0.0,0.0,6.5,6.5,6.5,0.0
2019-03-15,6.5,6.5,0.0,6.5,0.0,0.0,0.0,0.0,6.5,6.5,6.5,0.0
2019-03-18,6.5,6.5,0.0,6.5,0.0,0.0,0.0,0.0,6.5,6.5,6.5,0.0
2019-03-19,6.5,6.5,0.0,6.5,0.0,0.0,0.0,0.0,6.5,6.5,6.5,0.0
2019-03-20,6.5,6.5,0.0,6.5,0.0,0.0,0.0,0.0,6.5,6.5,6.5,0.0
2019-03-21,6.5,6.5,0.0,6.5,0.0,0.0,0.0,0.0,6.5,6.5,6.5,0.0
2019-03-22,6.5,6.5,0.0,6.5,0.0,0.0,0.0,0.0,6.5,6.5,6.5,0.0
2019-03-25,6.5,6.5,0.0,6.5,0.0,0.0,0.0,0.0,6.5,6.5,6.5,0.0
2019-03-26,6.5,6.5,0.0,6.5,0.0,0.0,0.0,0.0,6.5,6.5,6.5,0.0
2019-03-27,6.5,6.5,0.0,6.5,0.0,0.0,0.0,0.0,6.5,6.5,6.5,0.0
2019-03-28,6.5,6.5,0.0,6.5,0.0,0.0,0.0,0.0,6.5,6.5,6.5,0.0
2019-03-29,6.5,6.5,0.0,6.5,0.0,0.0,0.0,0.0,6.5,6.5,6.5,0.0
2019-04-01,6.5,6.5,0.0,6.5,0.0,0.0,0.0,0.0,6.5,6.5,6.5,0.0
2019-04-02,6.5,6.5,0.0,6.5,0.0,0.0,0.0,0.0,6.5,6.5,6.5,0.0
2019-04-03,6.5,6.5,0.0,6.5,0.0,0.0,0.0,0.0,6.5,6.5,6.5,0.0
2019-04-04,6.5,6.5,0.0,6.5,0.0,0.0,0.0,0.0,6.5,6.5,6.5,0.0
2019-04-05,6.5,6.5,0.0,6.5,0.0,0.0,0.0,0.0,6.5,6.5,6.5,0.0
2019-04-08,6.5,6.5,0.0,6.5,0.0,0.0,0.0,0.0,6.5,6.5,6.5,0.0
2019-04-09,6.5,6.5,0.0,6.5,0.0,0.0,0.0,0.0,6.5,6.5,6.5,0.0
2019-04-10,6.5,6.5,0.0,6.5,0.0,0.0,0.0,0.0,6.5,6.5,6.5,0.0
2019-04-11,6.5,6.5,0.0,6.5,0.0,0.0,0.0,0.0,6.5,6.5,6.5,0.0
2019-04-12,6.5,6.5,0.0,6.5,0.0,0.0,0.0,0.0,6.5,6.5,6.5,0.0
2019-04-16,6.5,6.5,0.0,6.5,0.0,0.0,0.0,0.0,6.5,6.5,6.5,0.0
2019-04-17,6.5,6.5,0.0,6.5,0.0,0.0,0.0,0.0,6.5,6.5,6.5,0.0
2019-04-18,6.5,6.5,0.0,6.5,0.0,0.0,0.0,0.0,6.5,6.5,6.5,0.0
2019-04-19,6.5,6.5,0.0,6.5,0.0,0.0,0.0,0.0,6.5,6.5,6.5,0.0
2019-04-22,6.5,6.5,0.0,6.5,0.0,0.0,0.0,0.0,6.5,6.5,6.5,0.0
2019-04-23,6.5,6.5,0.0,6.5,0.0,0.0,0.0,0.0,6.5,6.5,6.5,0.0
2019-04-24,6.5,6.5,0.0,6.5,0.0,0.0,0.0,0.0,6.5,6.5,6.5,0.0
2019-04-25,6.5,6.5,0.0,6.5,0.0,0.0,0.0,0.0,6.5,6.5,6.5,0.0
2019-04-26,6.5,6.5,0.0,6.5,0.0,0.0,0.0,0.0,6.5,6.5,6.5,0.0
2019-05-02,6.5,6.5,0.0,6.5,0.0,0.0,0.0,0.0,6.5,6.5,6.5,0.0
2019-05-03,6.5,6.5,0.0,6.5,0.0,0.0,0.0,0.0,6.5,6.5,6.5,0.0
2019-05-06,6.5,6.5,0.0,6.5,0.0,0.0,0.0,0.0,6.5,6.5,6.5,0.0
2019-05-07,6.5,6.5,0.0,6.5,0.0,0.0,0.0,0.0,6.5,6.5,6.5,0.0
2019-05-08,6.5,6.5,0.0,6.5,0.0,0.0,0.0,0.0,6.5,6.5,6.5,0.0
2019-05-09,6.5,6.5,0.0,6.5,0.0,0.0,0.0,0.0,6.5,6.5,6.5,0.0
2019-05-10,6.5,6.5,0.0,6.5,0.0,0.0,0.0,0.0,6.5,6.5,6.5,0.0
2019-05-13,6.5,6.5,0.0,6.5,0.0,0.0,0.0,0.0,6.5,6.5,6.5,0.0
2019-05-14,6.5,6.5,0.0,6.5,0.0,0.0,0.0,0.0,6.5,6.5,6.5,0.0
2019-05-15,6.5,6.5,0.0,6.5,0.0,0.0,0.0,0.0,6.5,6.5,6.5,0.0
2019-05-16,6.5,6.5,0.0,6.5,0.0,0.0,0.0,0.0,6.5,6.5,6.5,0.0
2019-05-17,6.5,6.5,0.0,6.5,0.0,0.0,0.0,0.0,6.5,6.5,6.5,0.0
2019-05-20,6.5,6.5,0.0,6.5,0.0,0.0,0.0,0.0,6.5,6.5,6.5,0.0
2019-05-21,6.5,6.5,0.0,6.5,0.0,0.0,0.0,0.0,6.5,6.5,6.5,0.0
2019-05-22,6.5,6.5,0.0,6.5,0.0,0.0,0.0,0.0,6.5,6.5,6.5,0.0
2019-05-23,6.5,6.5,0.0,6.5,0.0,0.0,0.0,0.0,6.5,6.5,6.5,0.0
2019-05-24,6.5,6.5,0.0,6.5,0.0,0.0,0.0,0.0,6.5,6.5,6.5,0.0
2019-05-27,6.5,6.5,0.0,6.5,0.0,0.0,0.0,0.0,6.5,6.5,6.5,0.0
2019-05-28,6.5,6.5,0.0,6.5,0.0,0.0,0.0,0.0,6.5,6.5,6.5,0.0
2019-05-29,6.5,6.5,0.0,6.5,0.0,0.0,0.0,0.0,6.5,6.5,6.5,0.0
2019-05-30,6.5,6.5,0.0,6.5,0.0,0.0,0.0,0.0,6.5,6.5,6.5,0.0
2019-05-31,6.5,6.5,0.0,6.5,0.0,0.0,0.0,0.0,6.5,6.5,6.5,0.0
2019-06-03,6.5,6.5,0.0,6.5,0.0,0.0,0.0,0.0,6.5,6.5,6.5,0.0
2019-06-04,6.5,6.5,0.0,6.5,0.0,0.0,0.0,0.0,6.5,6.5,6.5,0.0
2019-06-05,6.5,6.5,0.0,6.5,0.0,0.0,0.0,0.0,6.5,6.5,6.5,0.0
2019-06-06,6.5,6.5,0.0,6.5,0.0,0.0,0.0,0.0,6.5,6.5,6.5,0.0
2019-06-07,6.5,6.5,0.0,6.5,0.0,0.0,0.0,0.0,6.5,6.5,6.5,0.0
2019-06-10,6.5,6.5,0.0,6.5,0.0,0.0,0.0,0.0,6.5,6.5,6.5,0.0
2019-06-11,6.5,6.5,0.0,6.5,0.0,0.0,0.0,0.0,6.5,6.5,6.5,0.0
2019-06-12,6.5,6.5,0.0,6.5,0.0,0.0,0.0,0.0,6.5,6.5,6.5,0.0
2019-06-13,6.5,6.5,0.0,6.5,0.0,0.0,0.0,0.0,6.5,6.5,6.5,0.0
2019-06-14,6.5,6.5,0.0,6.5,0.0,0.0,0.0,0.0,6.5,6.5,6.5,0.0
2019-06-17,6.5,6.5,0.0,6.5,0.0,0.0,0.0,0.0,6.5,6.5,6.5,0.0
2019-06-18,6.5,6.5,0.0,6.5,0.0,0.0,0.0,0.0,6.5,6.5,6.5,0.0
2019-06-19,6.5,6.5,0.0,6.5,0.0,0.0,0.0,0.0,6.5,6.5,6.5,0.0
2019-06-20,9.1,9.1,40.0,9.1,2600.0,23660000.0,0.0,0.0,9.1,9.1,9.1,2600.0
2019-06-21,9.1,9.1,0.0,9.1,0.0,0.0,0.0,0.0,9.1,9.1,9.1,0.0
2019-06-24,9.1,9.1,0.0,9.1,0.0,0.0,0.0,0.0,9.1,9.1,9.1,0.0
2019-06-25,9.1,9.1,0.0,9.1,0.0,0.0,0.0,0.0,9.1,9.1,9.1,0.0
2019-06-26,9.1,9.1,0.0,9.1,0.0,0.0,0.0,0.0,9.1,9.1,9.1,0.0
2019-06-27,9.1,9.1,0.0,9.1,0.0,0.0,0.0,0.0,9.1,9.1,9.1,0.0
2019-06-28,9.1,9.1,0.0,9.1,0.0,0.0,0.0,0.0,9.1,9.1,9.1,0.0
2019-07-01,9.1,9.1,0.0,9.1,0.0,0.0,0.0,0.0,9.1,9.1,9.1,0.0
2019-07-02,9.1,9.1,0.0,9.1,0.0,0.0,0.0,0.0,9.1,9.1,9.1,0.0
2019-07-03,9.1,9.1,0.0,9.1,0.0,0.0,0.0,0.0,9.1,9.1,9.1,0.0
2019-07-04,9.1,9.1,0.0,9.1,0.0,0.0,0.0,0.0,9.1,9.1,9.1,0.0
2019-07-05,9.1,9.1,0.0,9.1,0.0,0.0,0.0,0.0,9.1,9.1,9.1,0.0
2019-07-08,9.1,9.1,0.0,9.1,0.0,0.0,0.0,0.0,9.1,9.1,9.1,0.0
2019-07-09,9.1,9.1,0.0,9.1,0.0,0.0,0.0,0.0,9.1,9.1,9.1,0.0
2019-07-10,9.1,9.1,0.0,9.1,0.0,0.0,0.0,0.0,9.1,9.1,9.1,0.0
2019-07-11,9.1,9.1,0.0,9.1,0.0,0.0,0.0,0.0,9.1,9.1,9.1,0.0
2019-07-12,9.1,9.1,0.0,9.1,0.0,0.0,0.0,0.0,9.1,9.1,9.1,0.0
2019-07-15,9.1,9.1,0.0,9.1,0.0,0.0,0.0,0.0,9.1,9.1,9.1,0.0
2019-07-16,9.1,9.1,0.0,9.1,0.0,0.0,0.0,0.0,9.1,9.1,9.1,0.0
2019-07-17,9.1,9.1,0.0,9.1,0.0,0.0,0.0,0.0,9.1,9.1,9.1,0.0
2019-07-18,9.1,9.1,0.0,9.1,0.0,0.0,0.0,0.0,9.1,9.1,9.1,0.0
2019-07-19,9.8,9.8,7.6923,9.8,100.0,980000.0,0.0,0.0,9.8,9.8,9.8,100.0
2019-07-22,9.8,9.8,0.0,9.8,0.0,0.0,0.0,0.0,9.8,9.8,9.8,0.0
2019-07-23,9.8,9.8,0.0,9.8,0.0,0.0,0.0,0.0,9.8,9.8,9.8,0.0
2019-07-24,9.8,9.8,0.0,9.8,0.0,0.0,0.0,0.0,9.8,9.8,9.8,0.0
2019-07-25,9.8,9.8,0.0,9.8,0.0,0.0,0.0,0.0,9.8,9.8,9.8,0.0
2019-07-26,9.9,9.9,1.0204,9.9,100.0,990000.0,0.0,0.0,9.9,9.9,9.9,100.0
2019-07-29,9.9,9.9,0.0,9.9,0.0,0.0,0.0,0.0,9.9,9.9,9.9,0.0
2019-07-30,9.9,9.9,0.0,9.9,0.0,0.0,0.0,0.0,9.9,9.9,9.9,0.0
2019-07-31,9.9,9.9,0.0,9.917,600.0,5950000.0,0.0,0.0,10.0,10.0,9.9,600.0
2019-08-01,9.9,9.9,0.0,9.9,0.0,0.0,0.0,0.0,9.9,9.9,9.9,0.0
2019-08-02,9.9,9.9,0.0,9.9,0.0,0.0,0.0,0.0,9.9,9.9,9.9,0.0
2019-08-05,9.9,9.9,0.0,9.9,0.0,0.0,0.0,0.0,9.9,9.9,9.9,0.0
2019-08-06,9.9,9.9,0.0,9.9,0.0,0.0,0.0,0.0,9.9,9.9,9.9,0.0
2019-08-07,9.9,9.9,0.0,9.9,0.0,0.0,0.0,0.0,9.9,9.9,9.9,0.0
2019-08-08,9.9,9.9,0.0,9.9,0.0,0.0,0.0,0.0,9.9,9.9,9.9,0.0
2019-08-09,9.9,9.9,0.0,9.9,0.0,0.0,0.0,0.0,9.9,9.9,9.9,0.0
2019-08-12,9.9,9.9,0.0,9.9,0.0,0.0,0.0,0.0,9.9,9.9,9.9,0.0
2019-08-13,9.9,9.9,0.0,9.9,0.0,0.0,0.0,0.0,9.9,9.9,9.9,0.0
2019-08-14,9.9,9.9,0.0,9.9,0.0,0.0,0.0,0.0,9.9,9.9,9.9,0.0
2019-08-15,9.9,9.9,0.0,9.9,0.0,0.0,0.0,0.0,9.9,9.9,9.9,0.0
2019-08-16,9.9,9.9,0.0,9.9,0.0,0.0,0.0,0.0,9.9,9.9,9.9,0.0
2019-08-19,9.9,9.9,0.0,9.9,0.0,0.0,0.0,0.0,9.9,9.9,9.9,0.0
2019-08-20,9.9,9.9,0.0,9.9,0.0,0.0,0.0,0.0,9.9,9.9,9.9,0.0
2019-08-21,9.9,9.9,0.0,9.9,0.0,0.0,0.0,0.0,9.9,9.9,9.9,0.0
2019-08-22,9.9,9.9,0.0,9.9,0.0,0.0,0.0,0.0,9.9,9.9,9.9,0.0
2019-08-23,9.9,9.9,0.0,9.9,0.0,0.0,0.0,0.0,9.9,9.9,9.9,0.0
2019-08-26,9.9,9.9,0.0,9.9,0.0,0.0,0.0,0.0,9.9,9.9,9.9,0.0
2019-08-27,9.9,9.9,0.0,9.9,0.0,0.0,0.0,0.0,9.9,9.9,9.9,0.0
2019-08-28,9.9,9.9,0.0,9.9,0.0,0.0,0.0,0.0,9.9,9.9,9.9,0.0
2019-08-29,9.9,9.9,0.0,9.9,0.0,0.0,0.0,0.0,9.9,9.9,9.9,0.0
2019-08-30,9.9,9.9,0.0,9.9,0.0,0.0,0.0,0.0,9.9,9.9,9.9,0.0
2019-09-03,9.9,9.9,0.0,9.9,0.0,0.0,0.0,0.0,9.9,9.9,9.9,0.0
2019-09-04,9.9,9.9,0.0,9.9,0.0,0.0,0.0,0.0,9.9,9.9,9.9,0.0
2019-09-05,9.9,9.9,0.0,9.9,0.0,0.0,0.0,0.0,9.9,9.9,9.9,0.0
2019-09-06,9.9,9.9,0.0,9.9,0.0,0.0,0.0,0.0,9.9,9.9,9.9,0.0
2019-09-09,9.9,9.9,0.0,9.9,0.0,0.0,0.0,0.0,9.9,9.9,9.9,0.0
2019-09-10,9.9,9.9,0.0,9.9,0.0,0.0,0.0,0.0,9.9,9.9,9.9,0.0
2019-09-11,9.9,9.9,0.0,9.9,0.0,0.0,0.0,0.0,9.9,9.9,9.9,0.0
2019-09-12,9.9,9.9,0.0,9.9,0.0,0.0,0.0,0.0,9.9,9.9,9.9,0.0
2019-09-13,9.9,9.9,0.0,9.9,0.0,0.0,0.0,0.0,9.9,9.9,9.9,0.0
2019-09-16,9.9,9.9,0.0,9.9,0.0,0.0,0.0,0.0,9.9,9.9,9.9,0.0
2019-09-17,9.9,9.9,0.0,9.9,0.0,0.0,0.0,0.0,9.9,9.9,9.9,0.0
2019-09-18,9.9,9.9,0.0,9.9,0.0,0.0,0.0,0.0,9.9,9.9,9.9,0.0
2019-09-19,9.9,9.9,0.0,9.9,0.0,0.0,0.0,0.0,9.9,9.9,9.9,0.0
2019-09-20,8.5,8.5,-14.1414,8.5,100.0,850000.0,0.0,0.0,8.5,8.5,8.5,100.0
2019-09-23,8.5,8.5,0.0,8.5,0.0,0.0,0.0,0.0,8.5,8.5,8.5,0.0
2019-09-24,8.5,8.5,0.0,8.5,0.0,0.0,0.0,0.0,8.5,8.5,8.5,0.0
2019-09-25,8.5,8.5,0.0,8.5,0.0,0.0,0.0,0.0,8.5,8.5,8.5,0.0
2019-09-26,8.5,8.5,0.0,8.5,0.0,0.0,0.0,0.0,8.5,8.5,8.5,0.0
2019-09-27,8.5,8.5,0.0,8.5,0.0,0.0,0.0,0.0,8.5,8.5,8.5,0.0
2019-09-30,8.5,8.5,0.0,8.5,0.0,0.0,0.0,0.0,8.5,8.5,8.5,0.0
2019-10-01,8.5,8.5,0.0,8.5,0.0,0.0,0.0,0.0,8.5,8.5,8.5,0.0
2019-10-02,8.5,8.5,0.0,8.5,0.0,0.0,0.0,0.0,8.5,8.5,8.5,0.0
2019-10-03,8.5,8.5,0.0,8.5,0.0,0.0,0.0,0.0,8.5,8.5,8.5,0.0
2019-10-04,8.4,8.4,-1.1765,8.355,2000.0,16710000.0,0.0,0.0,8.2,8.4,8.2,2000.0
2019-10-07,8.4,8.4,0.0,8.4,0.0,0.0,0.0,0.0,8.4,8.4,8.4,0.0
2019-10-08,8.4,8.4,0.0,8.4,0.0,0.0,0.0,0.0,8.4,8.4,8.4,0.0
2019-10-09,8.4,8.4,0.0,8.4,0.0,0.0,0.0,0.0,8.4,8.4,8.4,0.0
2019-10-10,8.4,8.4,0.0,8.4,0.0,0.0,0.0,0.0,8.4,8.4,8.4,0.0
2019-10-11,8.4,8.4,0.0,8.4,0.0,0.0,0.0,0.0,8.4,8.4,8.4,0.0
2019-10-14,8.4,8.4,0.0,8.4,0.0,0.0,0.0,0.0,8.4,8.4,8.4,0.0
2019-10-15,8.4,8.4,0.0,8.4,0.0,0.0,0.0,0.0,8.4,8.4,8.4,0.0
2019-10-16,8.4,8.4,0.0,8.4,0.0,0.0,0.0,0.0,8.4,8.4,8.4,0.0
2019-10-17,8.4,8.4,0.0,8.4,0.0,0.0,0.0,0.0,8.4,8.4,8.4,0.0
2019-10-18,7.2,7.2,-14.2857,7.2,100.0,720000.0,0.0,0.0,7.2,7.2,7.2,100.0
2019-10-21,7.2,7.2,0.0,7.2,0.0,0.0,0.0,0.0,7.2,7.2,7.2,0.0
2019-10-22,7.2,7.2,0.0,7.2,0.0,0.0,0.0,0.0,7.2,7.2,7.2,0.0
2019-10-23,7.2,7.2,0.0,7.2,0.0,0.0,0.0,0.0,7.2,7.2,7.2,0.0
2019-10-24,7.2,7.2,0.0,7.2,0.0,0.0,0.0,0.0,7.2,7.2,7.2,0.0
2019-10-25,7.2,7.2,0.0,7.2,0.0,0.0,0.0,0.0,7.2,7.2,7.2,0.0
2019-10-28,7.2,7.2,0.0,7.2,0.0,0.0,0.0,0.0,7.2,7.2,7.2,0.0
2019-10-29,7.2,7.2,0.0,7.2,0.0,0.0,0.0,0.0,7.2,7.2,7.2,0.0
2019-10-30,7.2,7.2,0.0,7.2,0.0,0.0,0.0,0.0,7.2,7.2,7.2,0.0
2019-10-31,7.2,7.2,0.0,7.2,0.0,0.0,0.0,0.0,7.2,7.2,7.2,0.0
2019-11-01,7.2,7.2,0.0,7.2,0.0,0.0,0.0,0.0,7.2,7.2,7.2,0.0
2019-11-04,7.2,7.2,0.0,7.2,0.0,0.0,0.0,0.0,7.2,7.2,7.2,0.0
2019-11-05,7.2,7.2,0.0,7.2,0.0,0.0,0.0,0.0,7.2,7.2,7.2,0.0
2019-11-06,7.2,7.2,0.0,7.2,0.0,0.0,0.0,0.0,7.2,7.2,7.2,0.0
2019-11-07,7.2,7.2,0.0,7.2,0.0,0.0,0.0,0.0,7.2,7.2,7.2,0.0
2019-11-08,7.2,7.2,0.0,7.2,0.0,0.0,0.0,0.0,7.2,7.2,7.2,0.0
2019-11-11,7.2,7.2,0.0,7.2,0.0,0.0,0.0,0.0,7.2,7.2,7.2,0.0
2019-11-12,7.2,7.2,0.0,7.2,0.0,0.0,0.0,0.0,7.2,7.2,7.2,0.0
2019-11-13,7.2,7.2,0.0,7.2,0.0,0.0,0.0,0.0,7.2,7.2,7.2,0.0
2019-11-14,7.2,7.2,0.0,7.2,0.0,0.0,0.0,0.0,7.2,7.2,7.2,0.0
2019-11-15,7.2,7.2,0.0,7.2,0.0,0.0,0.0,0.0,7.2,7.2,7.2,0.0
2019-11-18,7.2,7.2,0.0,7.2,0.0,0.0,0.0,0.0,7.2,7.2,7.2,0.0
2019-11-19,7.2,7.2,0.0,7.2,0.0,0.0,0.0,0.0,7.2,7.2,7.2,0.0
2019-11-20,7.2,7.2,0.0,7.2,0.0,0.0,0.0,0.0,7.2,7.2,7.2,0.0
2019-11-21,7.2,7.2,0.0,7.2,0.0,0.0,0.0,0.0,7.2,7.2,7.2,0.0
2019-11-22,7.2,7.2,0.0,7.2,0.0,0.0,0.0,0.0,7.2,7.2,7.2,0.0
2019-11-25,7.2,7.2,0.0,7.2,0.0,0.0,0.0,0.0,7.2,7.2,7.2,0.0
2019-11-26,7.2,7.2,0.0,7.2,0.0,0.0,0.0,0.0,7.2,7.2,7.2,0.0
2019-11-27,7.2,7.2,0.0,7.2,0.0,0.0,0.0,0.0,7.2,7.2,7.2,0.0
2019-11-28,7.2,7.2,0.0,7.2,0.0,0.0,0.0,0.0,7.2,7.2,7.2,0.0
2019-11-29,7.2,7.2,0.0,7.2,0.0,0.0,0.0,0.0,7.2,7.2,7.2,0.0
2019-12-02,7.2,7.2,0.0,7.2,0.0,0.0,0.0,0.0,7.2,7.2,7.2,0.0
2019-12-03,7.2,7.2,0.0,7.2,0.0,0.0,0.0,0.0,7.2,7.2,7.2,0.0
2019-12-04,7.2,7.2,0.0,7.2,0.0,0.0,0.0,0.0,7.2,7.2,7.2,0.0
2019-12-05,7.2,7.2,0.0,7.2,0.0,0.0,0.0,0.0,7.2,7.2,7.2,0.0
2019-12-06,7.2,7.2,0.0,7.2,0.0,0.0,0.0,0.0,7.2,7.2,7.2,0.0
2019-12-09,7.2,7.2,0.0,7.2,0.0,0.0,0.0,0.0,7.2,7.2,7.2,0.0
2019-12-10,7.2,7.2,0.0,7.2,0.0,0.0,0.0,0.0,7.2,7.2,7.2,0.0
2019-12-11,7.2,7.2,0.0,7.2,0.0,0.0,0.0,0.0,7.2,7.2,7.2,0.0
2019-12-12,7.2,7.2,0.0,7.2,0.0,0.0,0.0,0.0,7.2,7.2,7.2,0.0
2019-12-13,7.2,7.2,0.0,7.2,0.0,0.0,0.0,0.0,7.2,7.2,7.2,0.0
2019-12-16,7.2,7.2,0.0,7.2,0.0,0.0,0.0,0.0,7.2,7.2,7.2,0.0
2019-12-17,7.2,7.2,0.0,7.2,0.0,0.0,0.0,0.0,7.2,7.2,7.2,0.0
2019-12-18,7.2,7.2,0.0,7.2,0.0,0.0,0.0,0.0,7.2,7.2,7.2,0.0
2019-12-19,7.2,7.2,0.0,7.2,0.0,0.0,0.0,0.0,7.2,7.2,7.2,0.0
2019-12-20,7.2,7.2,0.0,7.2,0.0,0.0,0.0,0.0,7.2,7.2,7.2,0.0
2019-12-23,7.2,7.2,0.0,7.2,0.0,0.0,0.0,0.0,7.2,7.2,7.2,0.0
2019-12-24,7.2,7.2,0.0,7.2,0.0,0.0,0.0,0.0,7.2,7.2,7.2,0.0
2019-12-25,7.2,7.2,0.0,7.2,0.0,0.0,0.0,0.0,7.2,7.2,7.2,0.0
2019-12-26,7.2,7.2,0.0,7.2,0.0,0.0,0.0,0.0,7.2,7.2,7.2,0.0
2019-12-27,7.2,7.2,0.0,7.2,0.0,0.0,0.0,0.0,7.2,7.2,7.2,0.0
2019-12-30,7.2,7.2,0.0,7.2,0.0,0.0,0.0,0.0,7.2,7.2,7.2,0.0
2019-12-31,7.2,7.2,0.0,7.2,0.0,0.0,0.0,0.0,7.2,7.2,7.2,0.0
2020-01-02,7.2,7.2,0.0,7.2,0.0,0.0,0.0,0.0,7.2,7.2,7.2,0.0
2020-01-03,7.2,7.2,0.0,7.2,0.0,0.0,0.0,0.0,7.2,7.2,7.2,0.0
2020-01-06,7.2,7.2,0.0,7.2,0.0,0.0,0.0,0.0,7.2,7.2,7.2,0.0
2020-01-07,7.2,7.2,0.0,7.2,0.0,0.0,0.0,0.0,7.2,7.2,7.2,0.0
2020-01-08,7.2,7.2,0.0,7.2,0.0,0.0,0.0,0.0,7.2,7.2,7.2,0.0
2020-01-09,7.2,7.2,0.0,7.2,0.0,0.0,0.0,0.0,7.2,7.2,7.2,0.0
2020-01-10,7.2,7.2,0.0,7.2,0.0,0.0,0.0,0.0,7.2,7.2,7.2,0.0
2020-01-13,7.2,7.2,0.0,7.2,0.0,0.0,0.0,0.0,7.2,7.2,7.2,0.0
2020-01-14,7.2,7.2,0.0,7.2,0.0,0.0,0.0,0.0,7.2,7.2,7.2,0.0
2020-01-15,7.2,7.2,0.0,7.2,0.0,0.0,0.0,0.0,7.2,7.2,7.2,0.0
2020-01-16,7.2,7.2,0.0,7.2,0.0,0.0,0.0,0.0,7.2,7.2,7.2,0.0
2020-01-17,7.2,7.2,0.0,7.2,0.0,0.0,0.0,0.0,7.2,7.2,7.2,0.0
2020-01-20,7.2,7.2,0.0,7.2,0.0,0.0,0.0,0.0,7.2,7.2,7.2,0.0
2020-01-21,7.2,7.2,0.0,7.2,0.0,0.0,0.0,0.0,7.2,7.2,7.2,0.0
2020-01-22,7.2,7.2,0.0,7.2,0.0,0.0,0.0,0.0,7.2,7.2,7.2,0.0
2020-01-30,7.2,7.2,0.0,7.2,0.0,0.0,0.0,0.0,7.2,7.2,7.2,0.0
2020-01-31,7.2,7.2,0.0,7.2,0.0,0.0,0.0,0.0,7.2,7.2,7.2,0.0
2020-02-03,7.2,7.2,0.0,7.2,0.0,0.0,0.0,0.0,7.2,7.2,7.2,0.0
2020-02-04,7.2,7.2,0.0,7.2,0.0,0.0,0.0,0.0,7.2,7.2,7.2,0.0
2020-02-05,7.2,7.2,0.0,7.2,0.0,0.0,0.0,0.0,7.2,7.2,7.2,0.0
2020-02-06,7.2,7.2,0.0,7.2,0.0,0.0,0.0,0.0,7.2,7.2,7.2,0.0
2020-02-07,7.2,7.2,0.0,7.2,0.0,0.0,0.0,0.0,7.2,7.2,7.2,0.0
2020-02-10,7.2,7.2,0.0,7.2,0.0,0.0,0.0,0.0,7.2,7.2,7.2,0.0
2020-02-11,7.2,7.2,0.0,7.2,0.0,0.0,0.0,0.0,7.2,7.2,7.2,0.0
2020-02-12,7.2,7.2,0.0,7.2,0.0,0.0,0.0,0.0,7.2,7.2,7.2,0.0
2020-02-13,7.2,7.2,0.0,7.2,0.0,0.0,0.0,0.0,7.2,7.2,7.2,0.0
2020-02-14,7.2,7.2,0.0,7.2,0.0,0.0,0.0,0.0,7.2,7.2,7.2,0.0
2020-02-17,7.2,7.2,0.0,7.2,0.0,0.0,0.0,0.0,7.2,7.2,7.2,0.0
2020-02-18,7.2,7.2,0.0,7.2,0.0,0.0,0.0,0.0,7.2,7.2,7.2,0.0
2020-02-19,7.2,7.2,0.0,7.2,0.0,0.0,0.0,0.0,7.2,7.2,7.2,0.0
2020-02-20,7.2,7.2,0.0,7.2,0.0,0.0,0.0,0.0,7.2,7.2,7.2,0.0
2020-02-21,7.2,7.2,0.0,7.2,0.0,0.0,0.0,0.0,7.2,7.2,7.2,0.0
2020-02-24,7.2,7.2,0.0,7.2,0.0,0.0,0.0,0.0,7.2,7.2,7.2,0.0
2020-02-25,7.2,7.2,0.0,7.2,0.0,0.0,0.0,0.0,7.2,7.2,7.2,0.0
2020-02-26,7.2,7.2,0.0,7.2,0.0,0.0,0.0,0.0,7.2,7.2,7.2,0.0
2020-02-27,7.2,7.2,0.0,7.2,0.0,0.0,0.0,0.0,7.2,7.2,7.2,0.0
2020-02-28,7.2,7.2,0.0,7.2,0.0,0.0,0.0,0.0,7.2,7.2,7.2,0.0
2020-03-02,7.2,7.2,0.0,7.2,0.0,0.0,0.0,0.0,7.2,7.2,7.2,0.0
2020-03-03,7.2,7.2,0.0,7.2,0.0,0.0,0.0,0.0,7.2,7.2,7.2,0.0
2020-03-04,7.2,7.2,0.0,7.2,0.0,0.0,0.0,0.0,7.2,7.2,7.2,0.0
2020-03-05,7.2,7.2,0.0,7.2,0.0,0.0,0.0,0.0,7.2,7.2,7.2,0.0
2020-03-06,7.2,7.2,0.0,7.2,0.0,0.0,0.0,0.0,7.2,7.2,7.2,0.0
2020-03-09,7.2,7.2,0.0,7.2,0.0,0.0,0.0,0.0,7.2,7.2,7.2,0.0
2020-03-10,7.2,7.2,0.0,7.2,0.0,0.0,0.0,0.0,7.2,7.2,7.2,0.0
2020-03-11,7.2,7.2,0.0,7.2,0.0,0.0,0.0,0.0,7.2,7.2,7.2,0.0
2020-03-12,7.2,7.2,0.0,7.2,0.0,0.0,0.0,0.0,7.2,7.2,7.2,0.0
2020-03-13,7.2,7.2,0.0,7.2,0.0,0.0,0.0,0.0,7.2,7.2,7.2,0.0
2020-03-16,7.2,7.2,0.0,7.2,0.0,0.0,0.0,0.0,7.2,7.2,7.2,0.0
2020-03-17,7.2,7.2,0.0,7.2,0.0,0.0,0.0,0.0,7.2,7.2,7.2,0.0
2020-03-18,7.2,7.2,0.0,7.2,0.0,0.0,0.0,0.0,7.2,7.2,7.2,0.0
2020-03-19,7.2,7.2,0.0,7.2,0.0,0.0,0.0,0.0,7.2,7.2,7.2,0.0
2020-03-20,7.2,7.2,0.0,7.2,0.0,0.0,0.0,0.0,7.2,7.2,7.2,0.0
2020-03-23,7.2,7.2,0.0,7.2,0.0,0.0,0.0,0.0,7.2,7.2,7.2,0.0
2020-03-24,7.2,7.2,0.0,7.2,0.0,0.0,0.0,0.0,7.2,7.2,7.2,0.0
2020-03-25,7.2,7.2,0.0,7.2,0.0,0.0,0.0,0.0,7.2,7.2,7.2,0.0
2020-03-26,7.2,7.2,0.0,7.2,0.0,0.0,0.0,0.0,7.2,7.2,7.2,0.0
2020-03-27,7.2,7.2,0.0,7.2,0.0,0.0,0.0,0.0,7.2,7.2,7.2,0.0
2020-03-30,7.2,7.2,0.0,7.2,0.0,0.0,0.0,0.0,7.2,7.2,7.2,0.0
2020-03-31,7.2,7.2,0.0,7.2,0.0,0.0,0.0,0.0,7.2,7.2,7.2,0.0
2020-04-01,7.2,7.2,0.0,7.2,0.0,0.0,0.0,0.0,7.2,7.2,7.2,0.0
2020-04-03,7.2,7.2,0.0,7.2,0.0,0.0,0.0,0.0,7.2,7.2,7.2,0.0
2020-04-06,7.2,7.2,0.0,7.2,0.0,0.0,0.0,0.0,7.2,7.2,7.2,0.0
2020-04-07,7.2,7.2,0.0,7.2,0.0,0.0,0.0,0.0,7.2,7.2,7.2,0.0
2020-04-08,7.2,7.2,0.0,7.2,0.0,0.0,0.0,0.0,7.2,7.2,7.2,0.0
2020-04-09,7.2,7.2,0.0,7.2,0.0,0.0,0.0,0.0,7.2,7.2,7.2,0.0
2020-04-10,7.2,7.2,0.0,7.2,0.0,0.0,0.0,0.0,7.2,7.2,7.2,0.0
2020-04-13,7.2,7.2,0.0,7.2,0.0,0.0,0.0,0.0,7.2,7.2,7.2,0.0
2020-04-14,7.2,7.2,0.0,7.2,0.0,0.0,0.0,0.0,7.2,7.2,7.2,0.0
2020-04-15,7.2,7.2,0.0,7.2,0.0,0.0,0.0,0.0,7.2,7.2,7.2,0.0
2020-04-16,7.2,7.2,0.0,7.2,0.0,0.0,0.0,0.0,7.2,7.2,7.2,0.0
2020-04-17,7.2,7.2,0.0,7.2,0.0,0.0,0.0,0.0,7.2,7.2,7.2,0.0
2020-04-20,7.2,7.2,0.0,7.2,0.0,0.0,0.0,0.0,7.2,7.2,7.2,0.0
2020-04-21,7.2,7.2,0.0,7.2,0.0,0.0,0.0,0.0,7.2,7.2,7.2,0.0
2020-04-22,7.2,7.2,0.0,7.2,0.0,0.0,0.0,0.0,7.2,7.2,7.2,0.0
2020-04-23,7.2,7.2,0.0,7.2,0.0,0.0,0.0,0.0,7.2,7.2,7.2,0.0
2020-04-24,7.2,7.2,0.0,7.2,0.0,0.0,0.0,0.0,7.2,7.2,7.2,0.0
2020-04-27,7.2,7.2,0.0,7.2,0.0,0.0,0.0,0.0,7.2,7.2,7.2,0.0
2020-04-28,7.2,7.2,0.0,7.2,0.0,0.0,0.0,0.0,7.2,7.2,7.2,0.0
2020-04-29,7.2,7.2,0.0,7.2,0.0,0.0,0.0,0.0,7.2,7.2,7.2,0.0
2020-05-04,7.2,7.2,0.0,7.2,0.0,0.0,0.0,0.0,7.2,7.2,7.2,0.0
2020-05-05,7.2,7.2,0.0,7.2,0.0,0.0,0.0,0.0,7.2,7.2,7.2,0.0
2020-05-06,7.2,7.2,0.0,7.2,0.0,0.0,0.0,0.0,7.2,7.2,7.2,0.0
2020-05-07,7.2,7.2,0.0,7.2,0.0,0.0,0.0,0.0,7.2,7.2,7.2,0.0
2020-05-08,7.2,7.2,0.0,7.2,0.0,0.0,0.0,0.0,7.2,7.2,7.2,0.0
2020-05-11,7.2,7.2,0.0,7.2,0.0,0.0,0.0,0.0,7.2,7.2,7.2,0.0
2020-05-12,7.2,7.2,0.0,7.2,0.0,0.0,0.0,0.0,7.2,7.2,7.2,0.0
2020-05-13,7.2,7.2,0.0,7.2,0.0,0.0,0.0,0.0,7.2,7.2,7.2,0.0
2020-05-14,7.2,7.2,0.0,7.2,0.0,0.0,0.0,0.0,7.2,7.2,7.2,0.0
2020-05-15,7.2,7.2,0.0,7.2,0.0,0.0,0.0,0.0,7.2,7.2,7.2,0.0
2020-05-18,7.2,7.2,0.0,7.2,0.0,0.0,0.0,0.0,7.2,7.2,7.2,0.0
2020-05-19,7.2,7.2,0.0,7.2,0.0,0.0,0.0,0.0,7.2,7.2,7.2,0.0
2020-05-20,7.2,7.2,0.0,7.2,0.0,0.0,0.0,0.0,7.2,7.2,7.2,0.0
2020-05-21,7.2,7.2,0.0,7.2,0.0,0.0,0.0,0.0,7.2,7.2,7.2,0.0
2020-05-22,7.2,7.2,0.0,7.2,0.0,0.0,0.0,0.0,7.2,7.2,7.2,0.0
2020-05-25,7.2,7.2,0.0,7.2,0.0,0.0,0.0,0.0,7.2,7.2,7.2,0.0
2020-05-26,7.2,7.2,0.0,7.2,0.0,0.0,0.0,0.0,7.2,7.2,7.2,0.0
2020-05-27,7.2,7.2,0.0,7.2,0.0,0.0,0.0,0.0,7.2,7.2,7.2,0.0
2020-05-28,7.2,7.2,0.0,7.2,0.0,0.0,0.0,0.0,7.2,7.2,7.2,0.0
2020-05-29,7.2,7.2,0.0,7.2,0.0,0.0,0.0,0.0,7.2,7.2,7.2,0.0
2020-06-01,7.2,7.2,0.0,7.2,0.0,0.0,0.0,0.0,7.2,7.2,7.2,0.0
2020-06-02,7.2,7.2,0.0,7.2,0.0,0.0,0.0,0.0,7.2,7.2,7.2,0.0
2020-06-03,7.2,7.2,0.0,7.2,0.0,0.0,0.0,0.0,7.2,7.2,7.2,0.0
2020-06-04,7.2,7.2,0.0,7.2,0.0,0.0,0.0,0.0,7.2,7.2,7.2,0.0
2020-06-05,7.2,7.2,0.0,7.2,0.0,0.0,0.0,0.0,7.2,7.2,7.2,0.0
2020-06-08,7.2,7.2,0.0,7.2,0.0,0.0,0.0,0.0,7.2,7.2,7.2,0.0
2020-06-09,7.2,7.2,0.0,7.2,0.0,0.0,0.0,0.0,7.2,7.2,7.2,0.0
2020-06-10,7.2,7.2,0.0,7.2,0.0,0.0,0.0,0.0,7.2,7.2,7.2,0.0
2020-06-11,7.2,7.2,0.0,7.2,0.0,0.0,0.0,0.0,7.2,7.2,7.2,0.0
2020-06-12,7.2,7.2,0.0,7.2,0.0,0.0,0.0,0.0,7.2,7.2,7.2,0.0
2020-06-15,7.2,7.2,0.0,7.2,0.0,0.0,0.0,0.0,7.2,7.2,7.2,0.0
2020-06-16,7.2,7.2,0.0,7.2,0.0,0.0,0.0,0.0,7.2,7.2,7.2,0.0
2020-06-17,7.2,7.2,0.0,7.2,0.0,0.0,0.0,0.0,7.2,7.2,7.2,0.0
2020-06-18,7.2,7.2,0.0,7.2,0.0,0.0,0.0,0.0,7.2,7.2,7.2,0.0
2020-06-19,7.2,7.2,0.0,7.2,0.0,0.0,0.0,0.0,7.2,7.2,7.2,0.0
2020-06-22,7.2,7.2,0.0,7.2,0.0,0.0,0.0,0.0,7.2,7.2,7.2,0.0
2020-06-23,7.2,7.2,0.0,7.2,0.0,0.0,0.0,0.0,7.2,7.2,7.2,0.0
2020-06-24,7.2,7.2,0.0,7.2,0.0,0.0,0.0,0.0,7.2,7.2,7.2,0.0
2020-06-25,7.2,7.2,0.0,7.2,0.0,0.0,0.0,0.0,7.2,7.2,7.2,0.0
2020-06-26,7.2,7.2,0.0,7.2,0.0,0.0,0.0,0.0,7.2,7.2,7.2,0.0
2020-06-29,7.2,7.2,0.0,7.2,0.0,0.0,0.0,0.0,7.2,7.2,7.2,0.0
2020-06-30,7.2,7.2,0.0,7.2,0.0,0.0,0.0,0.0,7.2,7.2,7.2,0.0
2020-07-01,7.2,7.2,0.0,7.2,0.0,0.0,0.0,0.0,7.2,7.2,7.2,0.0
2020-07-02,7.2,7.2,0.0,7.2,0.0,0.0,0.0,0.0,7.2,7.2,7.2,0.0
2020-07-03,7.2,7.2,0.0,7.2,0.0,0.0,0.0,0.0,7.2,7.2,7.2,0.0
2020-07-06,7.2,7.2,0.0,7.2,0.0,0.0,0.0,0.0,7.2,7.2,7.2,0.0
2020-07-07,7.2,7.2,0.0,7.2,0.0,0.0,0.0,0.0,7.2,7.2,7.2,0.0
2020-07-08,7.2,7.2,0.0,7.2,0.0,0.0,0.0,0.0,7.2,7.2,7.2,0.0
2020-07-09,7.2,7.2,0.0,7.2,0.0,0.0,0.0,0.0,7.2,7.2,7.2,0.0
2020-07-10,7.2,7.2,0.0,7.2,0.0,0.0,0.0,0.0,7.2,7.2,7.2,0.0
2020-07-13,7.2,7.2,0.0,7.2,0.0,0.0,0.0,0.0,7.2,7.2,7.2,0.0
2020-07-14,7.2,7.2,0.0,7.2,0.0,0.0,0.0,0.0,7.2,7.2,7.2,0.0
2020-07-15,7.2,7.2,0.0,7.2,0.0,0.0,0.0,0.0,7.2,7.2,7.2,0.0
2020-07-16,7.2,7.2,0.0,7.2,0.0,0.0,0.0,0.0,7.2,7.2,7.2,0.0
2020-07-17,7.2,7.2,0.0,7.2,0.0,0.0,0.0,0.0,7.2,7.2,7.2,0.0
2020-07-20,7.2,7.2,0.0,7.2,0.0,0.0,0.0,0.0,7.2,7.2,7.2,0.0
2020-07-21,7.2,7.2,0.0,7.2,0.0,0.0,0.0,0.0,7.2,7.2,7.2,0.0
2020-07-22,7.2,7.2,0.0,7.2,0.0,0.0,0.0,0.0,7.2,7.2,7.2,0.0
2020-07-23,7.2,7.2,0.0,7.2,0.0,0.0,0.0,0.0,7.2,7.2,7.2,0.0
2020-07-24,7.2,7.2,0.0,7.2,0.0,0.0,0.0,0.0,7.2,7.2,7.2,0.0
2020-07-27,7.2,7.2,0.0,7.2,0.0,0.0,0.0,0.0,7.2,7.2,7.2,0.0
2020-07-28,7.2,7.2,0.0,7.2,0.0,0.0,0.0,0.0,7.2,7.2,7.2,0.0
2020-07-29,7.2,7.2,0.0,7.2,0.0,0.0,0.0,0.0,7.2,7.2,7.2,0.0
2020-07-30,7.2,7.2,0.0,7.2,0.0,0.0,0.0,0.0,7.2,7.2,7.2,0.0
2020-07-31,7.2,7.2,0.0,7.2,0.0,0.0,0.0,0.0,7.2,7.2,7.2,0.0
2020-08-03,7.2,7.2,0.0,7.2,0.0,0.0,0.0,0.0,7.2,7.2,7.2,0.0
2020-08-04,7.2,7.2,0.0,7.2,0.0,0.0,0.0,0.0,7.2,7.2,7.2,0.0
2020-08-05,7.2,7.2,0.0,7.2,0.0,0.0,0.0,0.0,7.2,7.2,7.2,0.0
2020-08-06,7.2,7.2,0.0,7.2,0.0,0.0,0.0,0.0,7.2,7.2,7.2,0.0
2020-08-07,7.2,7.2,0.0,7.2,0.0,0.0,0.0,0.0,7.2,7.2,7.2,0.0
2020-08-10,7.2,7.2,0.0,7.2,0.0,0.0,0.0,0.0,7.2,7.2,7.2,0.0
2020-08-11,7.2,7.2,0.0,7.2,0.0,0.0,0.0,0.0,7.2,7.2,7.2,0.0
2020-08-12,7.2,7.2,0.0,7.2,0.0,0.0,0.0,0.0,7.2,7.2,7.2,0.0
2020-08-13,7.2,7.2,0.0,7.2,0.0,0.0,0.0,0.0,7.2,7.2,7.2,0.0
2020-08-14,7.2,7.2,0.0,7.2,0.0,0.0,0.0,0.0,7.2,7.2,7.2,0.0
2020-08-17,7.2,7.2,0.0,7.2,0.0,0.0,0.0,0.0,7.2,7.2,7.2,0.0
2020-08-18,7.2,7.2,0.0,7.2,0.0,0.0,0.0,0.0,7.2,7.2,7.2,0.0
2020-08-19,7.2,7.2,0.0,7.2,0.0,0.0,0.0,0.0,7.2,7.2,7.2,0.0
2020-08-20,7.2,7.2,0.0,7.2,0.0,0.0,0.0,0.0,7.2,7.2,7.2,0.0
2020-08-21,7.2,7.2,0.0,7.2,0.0,0.0,0.0,0.0,7.2,7.2,7.2,0.0
2020-08-24,7.2,7.2,0.0,7.2,0.0,0.0,0.0,0.0,7.2,7.2,7.2,0.0
2020-08-25,7.2,7.2,0.0,7.2,0.0,0.0,0.0,0.0,7.2,7.2,7.2,0.0
2020-08-26,7.2,7.2,0.0,7.2,0.0,0.0,0.0,0.0,7.2,7.2,7.2,0.0
2020-08-27,7.2,7.2,0.0,7.2,0.0,0.0,0.0,0.0,7.2,7.2,7.2,0.0
2020-08-28,7.2,7.2,0.0,7.2,0.0,0.0,0.0,0.0,7.2,7.2,7.2,0.0
2020-08-31,7.2,7.2,0.0,7.2,0.0,0.0,0.0,0.0,7.2,7.2,7.2,0.0
2020-09-01,7.2,7.2,0.0,7.2,0.0,0.0,0.0,0.0,7.2,7.2,7.2,0.0
2020-09-03,7.2,7.2,0.0,7.2,0.0,0.0,0.0,0.0,7.2,7.2,7.2,0.0
2020-09-04,7.2,7.2,0.0,7.2,0.0,0.0,0.0,0.0,7.2,7.2,7.2,0.0
2020-09-07,7.2,7.2,0.0,7.2,0.0,0.0,0.0,0.0,7.2,7.2,7.2,0.0
2020-09-08,7.2,7.2,0.0,7.2,0.0,0.0,0.0,0.0,7.2,7.2,7.2,0.0
2020-09-09,7.2,7.2,0.0,7.2,0.0,0.0,0.0,0.0,7.2,7.2,7.2,0.0
2020-09-10,7.2,7.2,0.0,7.2,0.0,0.0,0.0,0.0,7.2,7.2,7.2,0.0
2020-09-11,7.2,7.2,0.0,7.2,0.0,0.0,0.0,0.0,7.2,7.2,7.2,0.0
2020-09-14,7.2,7.2,0.0,7.2,0.0,0.0,0.0,0.0,7.2,7.2,7.2,0.0
2020-09-15,7.2,7.2,0.0,7.2,0.0,0.0,0.0,0.0,7.2,7.2,7.2,0.0
2020-09-16,7.2,7.2,0.0,7.2,0.0,0.0,0.0,0.0,7.2,7.2,7.2,0.0
2020-09-17,7.2,7.2,0.0,7.2,0.0,0.0,0.0,0.0,7.2,7.2,7.2,0.0
2020-09-18,7.2,7.2,0.0,7.2,0.0,0.0,0.0,0.0,7.2,7.2,7.2,0.0
2020-09-21,7.2,7.2,0.0,7.2,0.0,0.0,0.0,0.0,7.2,7.2,7.2,0.0
2020-09-22,7.2,7.2,0.0,7.2,0.0,0.0,0.0,0.0,7.2,7.2,7.2,0.0
2020-09-23,7.2,7.2,0.0,7.2,0.0,0.0,0.0,0.0,7.2,7.2,7.2,0.0
2020-09-24,7.2,7.2,0.0,7.2,0.0,0.0,0.0,0.0,7.2,7.2,7.2,0.0
2020-09-25,7.2,7.2,0.0,7.2,0.0,0.0,0.0,0.0,7.2,7.2,7.2,0.0
2020-09-28,7.2,7.2,0.0,7.2,0.0,0.0,0.0,0.0,7.2,7.2,7.2,0.0
2020-09-29,7.2,7.2,0.0,7.2,0.0,0.0,0.0,0.0,7.2,7.2,7.2,0.0
2020-09-30,7.2,7.2,0.0,7.2,0.0,0.0,0.0,0.0,7.2,7.2,7.2,0.0
2020-10-01,7.2,7.2,0.0,7.2,0.0,0.0,0.0,0.0,7.2,7.2,7.2,0.0
2020-10-02,7.2,7.2,0.0,7.2,0.0,0.0,0.0,0.0,7.2,7.2,7.2,0.0
2020-10-05,7.2,7.2,0.0,7.2,0.0,0.0,0.0,0.0,7.2,7.2,7.2,0.0
2020-10-06,7.2,7.2,0.0,7.2,0.0,0.0,0.0,0.0,7.2,7.2,7.2,0.0
2020-10-07,7.2,7.2,0.0,7.2,0.0,0.0,0.0,0.0,7.2,7.2,7.2,0.0
2020-10-08,7.2,7.2,0.0,7.2,0.0,0.0,0.0,0.0,7.2,7.2,7.2,0.0
2020-10-09,7.2,7.2,0.0,7.2,0.0,0.0,0.0,0.0,7.2,7.2,7.2,0.0
2020-10-12,7.2,7.2,0.0,7.2,0.0,0.0,0.0,0.0,7.2,7.2,7.2,0.0
2020-10-13,7.2,7.2,0.0,7.2,0.0,0.0,0.0,0.0,7.2,7.2,7.2,0.0
2020-10-14,7.2,7.2,0.0,7.2,0.0,0.0,0.0,0.0,7.2,7.2,7.2,0.0
2020-10-15,7.2,7.2,0.0,7.2,0.0,0.0,0.0,0.0,7.2,7.2,7.2,0.0
2020-10-16,7.2,7.2,0.0,7.2,0.0,0.0,0.0,0.0,7.2,7.2,7.2,0.0
2020-10-19,7.2,7.2,0.0,7.2,0.0,0.0,0.0,0.0,7.2,7.2,7.2,0.0
2020-10-20,7.2,7.2,0.0,7.2,0.0,0.0,0.0,0.0,7.2,7.2,7.2,0.0
2020-10-21,7.2,7.2,0.0,7.2,0.0,0.0,0.0,0.0,7.2,7.2,7.2,0.0
2020-10-22,7.2,7.2,0.0,7.2,0.0,0.0,0.0,0.0,7.2,7.2,7.2,0.0
2020-10-23,7.2,7.2,0.0,7.2,0.0,0.0,0.0,0.0,7.2,7.2,7.2,0.0
2020-10-26,7.2,7.2,0.0,7.2,0.0,0.0,0.0,0.0,7.2,7.2,7.2,0.0
2020-10-27,7.2,7.2,0.0,7.2,0.0,0.0,0.0,0.0,7.2,7.2,7.2,0.0
2020-10-28,7.2,7.2,0.0,7.2,0.0,0.0,0.0,0.0,7.2,7.2,7.2,0.0
2020-10-29,7.2,7.2,0.0,7.2,0.0,0.0,0.0,0.0,7.2,7.2,7.2,0.0
2020-10-30,7.2,7.2,0.0,7.2,0.0,0.0,0.0,0.0,7.2,7.2,7.2,0.0
2020-11-02,7.2,7.2,0.0,7.2,0.0,0.0,0.0,0.0,7.2,7.2,7.2,0.0
2020-11-03,7.2,7.2,0.0,7.2,0.0,0.0,0.0,0.0,7.2,7.2,7.2,0.0
2020-11-04,7.2,7.2,0.0,7.2,0.0,0.0,0.0,0.0,7.2,7.2,7.2,0.0
2020-11-05,7.2,7.2,0.0,7.2,0.0,0.0,0.0,0.0,7.2,7.2,7.2,0.0
2020-11-06,7.2,7.2,0.0,7.2,0.0,0.0,0.0,0.0,7.2,7.2,7.2,0.0
2020-11-09,7.2,7.2,0.0,7.2,0.0,0.0,0.0,0.0,7.2,7.2,7.2,0.0
2020-11-10,7.2,7.2,0.0,7.2,0.0,0.0,0.0,0.0,7.2,7.2,7.2,0.0
2020-11-11,7.2,7.2,0.0,7.2,0.0,0.0,0.0,0.0,7.2,7.2,7.2,0.0
2020-11-12,7.2,7.2,0.0,7.2,0.0,0.0,0.0,0.0,7.2,7.2,7.2,0.0
2020-11-13,7.2,7.2,0.0,7.2,0.0,0.0,0.0,0.0,7.2,7.2,7.2,0.0
2020-11-16,7.2,7.2,0.0,7.2,0.0,0.0,0.0,0.0,7.2,7.2,7.2,0.0
2020-11-17,7.2,7.2,0.0,7.2,0.0,0.0,0.0,0.0,7.2,7.2,7.2,0.0
2020-11-18,7.2,7.2,0.0,7.2,0.0,0.0,0.0,0.0,7.2,7.2,7.2,0.0
2020-11-19,7.2,7.2,0.0,7.2,0.0,0.0,0.0,0.0,7.2,7.2,7.2,0.0
2020-11-20,7.2,7.2,0.0,7.2,0.0,0.0,0.0,0.0,7.2,7.2,7.2,0.0
2020-11-23,7.2,7.2,0.0,7.2,0.0,0.0,0.0,0.0,7.2,7.2,7.2,0.0
2020-11-24,7.2,7.2,0.0,7.2,0.0,0.0,0.0,0.0,7.2,7.2,7.2,0.0
2020-11-25,7.2,7.2,0.0,7.2,0.0,0.0,0.0,0.0,7.2,7.2,7.2,0.0
2020-11-26,7.2,7.2,0.0,7.2,0.0,0.0,0.0,0.0,7.2,7.2,7.2,0.0
2020-11-27,7.2,7.2,0.0,7.2,0.0,0.0,0.0,0.0,7.2,7.2,7.2,0.0
2020-11-30,7.2,7.2,0.0,7.2,0.0,0.0,0.0,0.0,7.2,7.2,7.2,0.0
2020-12-01,7.2,7.2,0.0,7.2,0.0,0.0,0.0,0.0,7.2,7.2,7.2,0.0
2020-12-02,7.2,7.2,0.0,7.2,0.0,0.0,0.0,0.0,7.2,7.2,7.2,0.0
2020-12-03,7.2,7.2,0.0,7.2,0.0,0.0,0.0,0.0,7.2,7.2,7.2,0.0
2020-12-04,7.2,7.2,0.0,7.2,0.0,0.0,0.0,0.0,7.2,7.2,7.2,0.0
2020-12-07,7.2,7.2,0.0,7.2,0.0,0.0,0.0,0.0,7.2,7.2,7.2,0.0
2020-12-08,7.2,7.2,0.0,7.2,0.0,0.0,0.0,0.0,7.2,7.2,7.2,0.0
2020-12-09,7.2,7.2,0.0,7.2,0.0,0.0,0.0,0.0,7.2,7.2,7.2,0.0
2020-12-10,7.2,7.2,0.0,7.2,0.0,0.0,0.0,0.0,7.2,7.2,7.2,0.0
2020-12-11,7.2,7.2,0.0,7.2,0.0,0.0,0.0,0.0,7.2,7.2,7.2,0.0
2020-12-14,7.2,7.2,0.0,7.2,0.0,0.0,0.0,0.0,7.2,7.2,7.2,0.0
2020-12-15,7.2,7.2,0.0,7.2,0.0,0.0,0.0,0.0,7.2,7.2,7.2,0.0
2020-12-16,7.2,7.2,0.0,7.2,0.0,0.0,0.0,0.0,7.2,7.2,7.2,0.0
2020-12-17,7.2,7.2,0.0,7.2,0.0,0.0,0.0,0.0,7.2,7.2,7.2,0.0
2020-12-18,7.2,7.2,0.0,7.2,0.0,0.0,0.0,0.0,7.2,7.2,7.2,0.0
2020-12-21,7.2,7.2,0.0,7.2,0.0,0.0,0.0,0.0,7.2,7.2,7.2,0.0
2020-12-22,7.2,7.2,0.0,7.2,0.0,0.0,0.0,0.0,7.2,7.2,7.2,0.0
2020-12-23,7.2,7.2,0.0,7.2,0.0,0.0,0.0,0.0,7.2,7.2,7.2,0.0
2020-12-24,7.2,7.2,0.0,7.2,0.0,0.0,0.0,0.0,7.2,7.2,7.2,0.0
2020-12-25,7.2,7.2,0.0,7.2,0.0,0.0,0.0,0.0,7.2,7.2,7.2,0.0
2020-12-28,7.2,7.2,0.0,7.2,0.0,0.0,0.0,0.0,7.2,7.2,7.2,0.0
2020-12-29,7.2,7.2,0.0,7.2,0.0,0.0,0.0,0.0,7.2,7.2,7.2,0.0
2020-12-30,7.2,7.2,0.0,7.2,0.0,0.0,0.0,0.0,7.2,7.2,7.2,0.0
2020-12-31,7.2,7.2,0.0,7.2,0.0,0.0,0.0,0.0,7.2,7.2,7.2,0.0
2021-01-04,7.2,7.2,0.0,7.2,0.0,0.0,0.0,0.0,7.2,7.2,7.2,0.0
2021-01-05,7.2,7.2,0.0,7.2,0.0,0.0,0.0,0.0,7.2,7.2,7.2,0.0
2021-01-06,7.2,7.2,0.0,7.2,0.0,0.0,0.0,0.0,7.2,7.2,7.2,0.0
2021-01-07,7.2,7.2,0.0,7.2,0.0,0.0,0.0,0.0,7.2,7.2,7.2,0.0
2021-01-08,7.2,7.2,0.0,7.2,0.0,0.0,0.0,0.0,7.2,7.2,7.2,0.0
2021-01-11,7.2,7.2,0.0,7.2,0.0,0.0,0.0,0.0,7.2,7.2,7.2,0.0
2021-01-12,7.2,7.2,0.0,7.2,0.0,0.0,0.0,0.0,7.2,7.2,7.2,0.0
2021-01-13,7.2,7.2,0.0,7.2,0.0,0.0,0.0,0.0,7.2,7.2,7.2,0.0
2021-01-14,7.2,7.2,0.0,7.2,0.0,0.0,0.0,0.0,7.2,7.2,7.2,0.0
2021-01-15,7.2,7.2,0.0,7.2,0.0,0.0,0.0,0.0,7.2,7.2,7.2,0.0
2021-01-18,7.2,7.2,0.0,7.2,0.0,0.0,0.0,0.0,7.2,7.2,7.2,0.0
2021-01-19,7.2,7.2,0.0,7.2,0.0,0.0,0.0,0.0,7.2,7.2,7.2,0.0
2021-01-20,7.2,7.2,0.0,7.2,0.0,0.0,0.0,0.0,7.2,7.2,7.2,0.0
2021-01-21,7.2,7.2,0.0,7.2,0.0,0.0,0.0,0.0,7.2,7.2,7.2,0.0
2021-01-22,7.2,7.2,0.0,7.2,0.0,0.0,0.0,0.0,7.2,7.2,7.2,0.0
2021-01-25,7.2,7.2,0.0,7.2,0.0,0.0,0.0,0.0,7.2,7.2,7.2,0.0
2021-01-26,7.2,7.2,0.0,7.2,0.0,0.0,0.0,0.0,7.2,7.2,7.2,0.0
2021-01-27,7.2,7.2,0.0,7.2,0.0,0.0,0.0,0.0,7.2,7.2,7.2,0.0
2021-01-28,7.2,7.2,0.0,7.2,0.0,0.0,0.0,0.0,7.2,7.2,7.2,0.0
2021-01-29,7.2,7.2,0.0,7.2,0.0,0.0,0.0,0.0,7.2,7.2,7.2,0.0
2021-02-01,7.2,7.2,0.0,7.2,0.0,0.0,0.0,0.0,7.2,7.2,7.2,0.0
2021-02-02,7.2,7.2,0.0,7.2,0.0,0.0,0.0,0.0,7.2,7.2,7.2,0.0
2021-02-03,7.2,7.2,0.0,7.2,0.0,0.0,0.0,0.0,7.2,7.2,7.2,0.0
2021-02-04,7.2,7.2,0.0,7.2,0.0,0.0,0.0,0.0,7.2,7.2,7.2,0.0
2021-02-05,7.2,7.2,0.0,7.2,0.0,0.0,0.0,0.0,7.2,7.2,7.2,0.0
2021-02-08,7.2,7.2,0.0,7.2,0.0,0.0,0.0,0.0,7.2,7.2,7.2,0.0
2021-02-09,7.2,7.2,0.0,7.2,0.0,0.0,0.0,0.0,7.2,7.2,7.2,0.0
2021-02-17,7.2,7.2,0.0,7.2,0.0,0.0,0.0,0.0,7.2,7.2,7.2,0.0
2021-02-18,7.2,7.2,0.0,7.2,0.0,0.0,0.0,0.0,7.2,7.2,7.2,0.0
2021-02-19,7.2,7.2,0.0,7.2,0.0,0.0,0.0,0.0,7.2,7.2,7.2,0.0
2021-02-22,7.2,7.2,0.0,7.2,0.0,0.0,0.0,0.0,7.2,7.2,7.2,0.0
2021-02-23,7.2,7.2,0.0,7.2,0.0,0.0,0.0,0.0,7.2,7.2,7.2,0.0
2021-02-24,7.2,7.2,0.0,7.2,0.0,0.0,0.0,0.0,7.2,7.2,7.2,0.0
2021-02-25,7.2,7.2,0.0,7.2,0.0,0.0,0.0,0.0,7.2,7.2,7.2,0.0
2021-02-26,7.2,7.2,0.0,7.2,0.0,0.0,0.0,0.0,7.2,7.2,7.2,0.0
2021-03-01,7.2,7.2,0.0,7.2,0.0,0.0,0.0,0.0,7.2,7.2,7.2,0.0
2021-03-02,7.2,7.2,0.0,7.2,0.0,0.0,0.0,0.0,7.2,7.2,7.2,0.0
2021-03-03,7.2,7.2,0.0,7.2,0.0,0.0,0.0,0.0,7.2,7.2,7.2,0.0
2021-03-04,7.2,7.2,0.0,7.2,0.0,0.0,0.0,0.0,7.2,7.2,7.2,0.0
2021-03-05,7.2,7.2,0.0,7.2,0.0,0.0,0.0,0.0,7.2,7.2,7.2,0.0
2021-03-08,7.2,7.2,0.0,7.2,0.0,0.0,0.0,0.0,7.2,7.2,7.2,0.0
2021-03-09,7.2,7.2,0.0,7.2,0.0,0.0,0.0,0.0,7.2,7.2,7.2,0.0
2021-03-10,7.2,7.2,0.0,7.2,0.0,0.0,0.0,0.0,7.2,7.2,7.2,0.0
2021-03-11,7.2,7.2,0.0,7.2,0.0,0.0,0.0,0.0,7.2,7.2,7.2,0.0
2021-03-12,7.2,7.2,0.0,7.2,0.0,0.0,0.0,0.0,7.2,7.2,7.2,0.0
2021-03-15,7.2,7.2,0.0,7.2,0.0,0.0,0.0,0.0,7.2,7.2,7.2,0.0
2021-03-16,7.2,7.2,0.0,7.2,0.0,0.0,0.0,0.0,7.2,7.2,7.2,0.0
2021-03-17,7.2,7.2,0.0,7.2,0.0,0.0,0.0,0.0,7.2,7.2,7.2,0.0
2021-03-18,7.2,7.2,0.0,7.2,0.0,0.0,0.0,0.0,7.2,7.2,7.2,0.0
2021-03-19,7.2,7.2,0.0,7.2,0.0,0.0,0.0,0.0,7.2,7.2,7.2,0.0
2021-03-22,7.2,7.2,0.0,7.2,0.0,0.0,0.0,0.0,7.2,7.2,7.2,0.0
2021-03-23,7.2,7.2,0.0,7.2,0.0,0.0,0.0,0.0,7.2,7.2,7.2,0.0
2021-03-24,7.2,7.2,0.0,7.2,0.0,0.0,0.0,0.0,7.2,7.2,7.2,0.0
2021-03-25,7.2,7.2,0.0,7.2,0.0,0.0,0.0,0.0,7.2,7.2,7.2,0.0
2021-03-26,7.2,7.2,0.0,7.2,0.0,0.0,0.0,0.0,7.2,7.2,7.2,0.0
2021-03-29,7.2,7.2,0.0,7.2,0.0,0.0,0.0,0.0,7.2,7.2,7.2,0.0
2021-03-30,7.2,7.2,0.0,7.2,0.0,0.0,0.0,0.0,7.2,7.2,7.2,0.0
2021-03-31,7.2,7.2,0.0,7.2,0.0,0.0,0.0,0.0,7.2,7.2,7.2,0.0
2021-04-01,7.2,7.2,0.0,7.2,0.0,0.0,0.0,0.0,7.2,7.2,7.2,0.0
2021-04-02,7.2,7.2,0.0,7.2,0.0,0.0,0.0,0.0,7.2,7.2,7.2,0.0
2021-04-05,7.2,7.2,0.0,7.2,0.0,0.0,0.0,0.0,7.2,7.2,7.2,0.0
2021-04-06,7.2,7.2,0.0,7.2,0.0,0.0,0.0,0.0,7.2,7.2,7.2,0.0
2021-04-07,7.2,7.2,0.0,7.2,0.0,0.0,0.0,0.0,7.2,7.2,7.2,0.0
2021-04-08,7.2,7.2,0.0,7.2,0.0,0.0,0.0,0.0,7.2,7.2,7.2,0.0
2021-04-09,7.2,7.2,0.0,7.2,0.0,0.0,0.0,0.0,7.2,7.2,7.2,0.0
2021-04-12,7.2,7.2,0.0,7.2,0.0,0.0,0.0,0.0,7.2,7.2,7.2,0.0
2021-04-13,7.2,7.2,0.0,7.2,0.0,0.0,0.0,0.0,7.2,7.2,7.2,0.0
2021-04-14,7.2,7.2,0.0,7.2,0.0,0.0,0.0,0.0,7.2,7.2,7.2,0.0
2021-04-15,7.2,7.2,0.0,7.2,0.0,0.0,0.0,0.0,7.2,7.2,7.2,0.0
2021-04-16,7.2,7.2,0.0,7.2,0.0,0.0,0.0,0.0,7.2,7.2,7.2,0.0
2021-04-19,7.2,7.2,0.0,7.2,0.0,0.0,0.0,0.0,7.2,7.2,7.2,0.0
2021-04-20,7.2,7.2,0.0,7.2,0.0,0.0,0.0,0.0,7.2,7.2,7.2,0.0
2021-04-22,7.2,7.2,0.0,7.2,0.0,0.0,0.0,0.0,7.2,7.2,7.2,0.0
2021-04-23,7.2,7.2,0.0,7.2,0.0,0.0,0.0,0.0,7.2,7.2,7.2,0.0
2021-04-26,7.2,7.2,0.0,7.2,0.0,0.0,0.0,0.0,7.2,7.2,7.2,0.0
2021-04-27,7.2,7.2,0.0,7.2,0.0,0.0,0.0,0.0,7.2,7.2,7.2,0.0
2021-04-28,7.2,7.2,0.0,7.2,0.0,0.0,0.0,0.0,7.2,7.2,7.2,0.0
2021-04-29,7.2,7.2,0.0,7.2,0.0,0.0,0.0,0.0,7.2,7.2,7.2,0.0
2021-05-04,7.2,7.2,0.0,7.2,0.0,0.0,0.0,0.0,7.2,7.2,7.2,0.0
2021-05-05,7.2,7.2,0.0,7.2,0.0,0.0,0.0,0.0,7.2,7.2,7.2,0.0
2021-05-06,7.2,7.2,0.0,7.2,0.0,0.0,0.0,0.0,7.2,7.2,7.2,0.0
2021-05-07,8.5,8.5,18.0556,8.703,11800.0,102690000.0,0.0,0.0,4.4,9.0,4.4,11800.0
2021-05-10,8.7,8.7,0.0,8.7,0.0,0.0,0.0,0.0,8.7,8.7,8.7,0.0
2021-05-11,8.7,8.7,0.0,8.7,0.0,0.0,0.0,0.0,8.7,8.7,8.7,0.0
2021-05-12,8.7,8.7,0.0,8.7,0.0,0.0,0.0,0.0,8.7,8.7,8.7,0.0
2021-05-13,8.7,8.7,0.0,8.7,0.0,0.0,0.0,0.0,8.7,8.7,8.7,0.0
2021-05-14,8.7,8.7,0.0,8.7,0.0,0.0,11400.0,84360000.0,8.7,8.7,8.7,11400.0
2021-05-17,8.7,8.7,0.0,8.7,0.0,0.0,0.0,0.0,8.7,8.7,8.7,0.0
2021-05-18,8.7,8.7,0.0,8.7,0.0,0.0,0.0,0.0,8.7,8.7,8.7,0.0
2021-05-19,8.7,8.7,0.0,8.7,0.0,0.0,0.0,0.0,8.7,8.7,8.7,0.0
2021-05-20,8.7,8.7,0.0,8.7,0.0,0.0,0.0,0.0,8.7,8.7,8.7,0.0
2021-05-21,8.7,8.7,0.0,8.7,0.0,0.0,0.0,0.0,8.7,8.7,8.7,0.0
2021-05-24,8.7,8.7,0.0,8.7,0.0,0.0,0.0,0.0,8.7,8.7,8.7,0.0
2021-05-25,8.7,8.7,0.0,8.7,0.0,0.0,0.0,0.0,8.7,8.7,8.7,0.0
2021-05-26,8.7,8.7,0.0,8.7,0.0,0.0,0.0,0.0,8.7,8.7,8.7,0.0
2021-05-27,8.7,8.7,0.0,8.7,0.0,0.0,0.0,0.0,8.7,8.7,8.7,0.0
2021-05-28,8.7,8.7,0.0,8.7,0.0,0.0,0.0,0.0,8.7,8.7,8.7,0.0
2021-05-31,8.7,8.7,0.0,8.7,0.0,0.0,0.0,0.0,8.7,8.7,8.7,0.0
2021-06-01,8.7,8.7,0.0,8.7,0.0,0.0,0.0,0.0,8.7,8.7,8.7,0.0
2021-06-02,8.7,8.7,0.0,8.7,0.0,0.0,0.0,0.0,8.7,8.7,8.7,0.0
2021-06-03,8.7,8.7,0.0,8.7,0.0,0.0,0.0,0.0,8.7,8.7,8.7,0.0
2021-06-04,7.4,7.4,0.0,7.4,2000.0,14800000.0,0.0,0.0,7.4,7.4,7.4,2000.0
2021-06-07,7.4,7.4,0.0,7.4,0.0,0.0,0.0,0.0,7.4,7.4,7.4,0.0
2021-06-08,7.4,7.4,0.0,7.4,0.0,0.0,0.0,0.0,7.4,7.4,7.4,0.0
2021-06-09,7.4,7.4,0.0,7.4,0.0,0.0,0.0,0.0,7.4,7.4,7.4,0.0
2021-06-10,7.4,7.4,0.0,7.4,0.0,0.0,0.0,0.0,7.4,7.4,7.4,0.0
2021-06-11,6.3,6.3,-14.8649,6.3,1400.0,8820000.0,0.0,0.0,6.3,6.3,6.3,1400.0
2021-06-14,6.3,6.3,0.0,6.3,0.0,0.0,0.0,0.0,6.3,6.3,6.3,0.0
2021-06-15,6.3,6.3,0.0,6.3,0.0,0.0,0.0,0.0,6.3,6.3,6.3,0.0
2021-06-16,6.3,6.3,0.0,6.3,0.0,0.0,0.0,0.0,6.3,6.3,6.3,0.0
2021-06-17,6.3,6.3,0.0,6.3,0.0,0.0,0.0,0.0,6.3,6.3,6.3,0.0
2021-06-18,7.2,7.2,14.2857,5.656,16200.0,91620000.0,0.0,0.0,5.4,7.2,5.4,16200.0
2021-06-21,5.7,5.7,0.0,5.7,0.0,0.0,0.0,0.0,5.7,5.7,5.7,0.0
2021-06-22,5.7,5.7,0.0,5.7,0.0,0.0,0.0,0.0,5.7,5.7,5.7,0.0
2021-06-23,5.7,5.7,0.0,5.7,0.0,0.0,0.0,0.0,5.7,5.7,5.7,0.0
2021-06-24,5.7,5.7,0.0,5.7,0.0,0.0,0.0,0.0,5.7,5.7,5.7,0.0
2021-06-25,5.0,5.0,-12.2807,4.974,5400.0,26860000.0,0.0,0.0,5.0,5.0,4.9,5400.0
2021-06-28,5.0,5.0,0.0,5.0,0.0,0.0,0.0,0.0,5.0,5.0,5.0,0.0
2021-06-29,5.0,5.0,0.0,5.0,0.0,0.0,0.0,0.0,5.0,5.0,5.0,0.0
2021-06-30,5.0,5.0,0.0,5.0,0.0,0.0,0.0,0.0,5.0,5.0,5.0,0.0
2021-07-01,5.0,5.0,0.0,5.0,0.0,0.0,0.0,0.0,5.0,5.0,5.0,0.0
2021-07-02,5.0,5.0,0.0,5.0,1800.0,9000000.0,0.0,0.0,5.0,5.0,5.0,1800.0
2021-07-05,5.0,5.0,0.0,5.0,0.0,0.0,0.0,0.0,5.0,5.0,5.0,0.0
2021-07-06,5.0,5.0,0.0,5.0,0.0,0.0,0.0,0.0,5.0,5.0,5.0,0.0
2021-07-07,5.0,5.0,0.0,5.0,0.0,0.0,0.0,0.0,5.0,5.0,5.0,0.0
2021-07-08,5.0,5.0,0.0,5.0,0.0,0.0,0.0,0.0,5.0,5.0,5.0,0.0
2021-07-09,5.0,5.0,0.0,5.271,700.0,3690000.0,0.0,0.0,5.0,5.5,5.0,700.0
2021-07-12,5.3,5.3,0.0,5.3,0.0,0.0,0.0,0.0,5.3,5.3,5.3,0.0
2021-07-13,5.3,5.3,0.0,5.3,0.0,0.0,0.0,0.0,5.3,5.3,5.3,0.0
2021-07-14,5.3,5.3,0.0,5.3,0.0,0.0,0.0,0.0,5.3,5.3,5.3,0.0
2021-07-15,5.3,5.3,0.0,5.3,0.0,0.0,0.0,0.0,5.3,5.3,5.3,0.0
2021-07-16,5.3,5.3,0.0,5.3,0.0,0.0,0.0,0.0,5.3,5.3,5.3,0.0
2021-07-19,5.3,5.3,0.0,5.3,0.0,0.0,0.0,0.0,5.3,5.3,5.3,0.0
2021-07-20,5.3,5.3,0.0,5.3,0.0,0.0,0.0,0.0,5.3,5.3,5.3,0.0
2021-07-21,5.3,5.3,0.0,5.3,0.0,0.0,0.0,0.0,5.3,5.3,5.3,0.0
2021-07-22,5.3,5.3,0.0,5.3,0.0,0.0,0.0,0.0,5.3,5.3,5.3,0.0
2021-07-23,5.3,5.3,0.0,5.3,0.0,0.0,0.0,0.0,5.3,5.3,5.3,0.0
2021-07-26,5.3,5.3,0.0,5.3,0.0,0.0,0.0,0.0,5.3,5.3,5.3,0.0
2021-07-27,5.3,5.3,0.0,5.3,0.0,0.0,0.0,0.0,5.3,5.3,5.3,0.0
2021-07-28,5.3,5.3,0.0,5.3,0.0,0.0,0.0,0.0,5.3,5.3,5.3,0.0
2021-07-29,5.3,5.3,0.0,5.3,0.0,0.0,0.0,0.0,5.3,5.3,5.3,0.0
2021-07-30,6.0,6.0,13.2075,5.104,2400.0,12250000.0,0.0,0.0,5.0,6.0,4.6,2400.0
2021-08-02,5.1,5.1,0.0,5.1,0.0,0.0,0.0,0.0,5.1,5.1,5.1,0.0
2021-08-03,5.1,5.1,0.0,5.1,0.0,0.0,0.0,0.0,5.1,5.1,5.1,0.0
2021-08-04,5.1,5.1,0.0,5.1,0.0,0.0,0.0,0.0,5.1,5.1,5.1,0.0
2021-08-05,5.1,5.1,0.0,5.1,0.0,0.0,0.0,0.0,5.1,5.1,5.1,0.0
2021-08-06,5.0,5.0,-1.9608,5.0,1200.0,6000000.0,0.0,0.0,5.0,5.0,5.0,1200.0
2021-08-09,5.0,5.0,0.0,5.0,0.0,0.0,0.0,0.0,5.0,5.0,5.0,0.0
2021-08-10,5.0,5.0,0.0,5.0,0.0,0.0,0.0,0.0,5.0,5.0,5.0,0.0
2021-08-11,5.0,5.0,0.0,5.0,0.0,0.0,0.0,0.0,5.0,5.0,5.0,0.0
2021-08-12,5.0,5.0,0.0,5.0,0.0,0.0,0.0,0.0,5.0,5.0,5.0,0.0
2021-08-13,5.3,5.3,6.0,5.1,600.0,3060000.0,0.0,0.0,5.0,5.3,5.0,600.0
2021-08-16,5.1,5.1,0.0,5.1,0.0,0.0,0.0,0.0,5.1,5.1,5.1,0.0
2021-08-17,5.1,5.1,0.0,5.1,0.0,0.0,0.0,0.0,5.1,5.1,5.1,0.0
2021-08-18,5.1,5.1,0.0,5.1,0.0,0.0,0.0,0.0,5.1,5.1,5.1,0.0
2021-08-19,5.1,5.1,0.0,5.1,0.0,0.0,0.0,0.0,5.1,5.1,5.1,0.0
2021-08-20,5.6,5.6,9.8039,5.778,900.0,5200000.0,0.0,0.0,5.8,5.8,5.6,900.0
2021-08-23,5.8,5.8,0.0,5.8,0.0,0.0,0.0,0.0,5.8,5.8,5.8,0.0
2021-08-24,5.8,5.8,0.0,5.8,0.0,0.0,0.0,0.0,5.8,5.8,5.8,0.0
2021-08-25,5.8,5.8,0.0,5.8,0.0,0.0,0.0,0.0,5.8,5.8,5.8,0.0
2021-08-26,5.8,5.8,0.0,5.8,0.0,0.0,0.0,0.0,5.8,5.8,5.8,0.0
2021-08-27,5.8,5.8,0.0,5.8,200.0,1160000.0,0.0,0.0,5.8,5.8,5.8,200.0
2021-08-30,5.8,5.8,0.0,5.8,0.0,0.0,0.0,0.0,5.8,5.8,5.8,0.0
2021-08-31,5.8,5.8,0.0,5.8,0.0,0.0,0.0,0.0,5.8,5.8,5.8,0.0
2021-09-01,5.8,5.8,0.0,5.8,0.0,0.0,0.0,0.0,5.8,5.8,5.8,0.0
2021-09-06,5.8,5.8,0.0,5.8,0.0,0.0,0.0,0.0,5.8,5.8,5.8,0.0
2021-09-07,5.8,5.8,0.0,5.8,0.0,0.0,0.0,0.0,5.8,5.8,5.8,0.0
2021-09-08,5.8,5.8,0.0,5.8,0.0,0.0,0.0,0.0,5.8,5.8,5.8,0.0
2021-09-09,5.8,5.8,0.0,5.8,0.0,0.0,0.0,0.0,5.8,5.8,5.8,0.0
2021-09-10,5.3,5.3,-8.6207,5.3,1100.0,5830000.0,0.0,0.0,5.3,5.3,5.3,1100.0
2021-09-13,5.3,5.3,0.0,5.3,0.0,0.0,0.0,0.0,5.3,5.3,5.3,0.0
2021-09-14,5.3,5.3,0.0,5.3,0.0,0.0,0.0,0.0,5.3,5.3,5.3,0.0
2021-09-15,5.3,5.3,0.0,5.3,0.0,0.0,0.0,0.0,5.3,5.3,5.3,0.0
2021-09-16,5.3,5.3,0.0,5.3,0.0,0.0,0.0,0.0,5.3,5.3,5.3,0.0
2021-09-17,5.0,5.0,-5.6604,5.04,500.0,2520000.0,0.0,0.0,5.1,5.1,5.0,500.0
2021-09-20,5.0,5.0,0.0,5.0,0.0,0.0,0.0,0.0,5.0,5.0,5.0,0.0
2021-09-21,5.0,5.0,0.0,5.0,0.0,0.0,0.0,0.0,5.0,5.0,5.0,0.0
2021-09-22,5.0,5.0,0.0,5.0,0.0,0.0,0.0,0.0,5.0,5.0,5.0,0.0
2021-09-23,5.0,5.0,0.0,5.0,0.0,0.0,0.0,0.0,5.0,5.0,5.0,0.0
2021-09-24,5.0,5.0,0.0,5.0,1300.0,6500000.0,0.0,0.0,5.0,5.0,5.0,1300.0
2021-09-27,5.0,5.0,0.0,5.0,0.0,0.0,0.0,0.0,5.0,5.0,5.0,0.0
2021-09-28,5.0,5.0,0.0,5.0,0.0,0.0,0.0,0.0,5.0,5.0,5.0,0.0
2021-09-29,5.0,5.0,0.0,5.0,0.0,0.0,0.0,0.0,5.0,5.0,5.0,0.0
2021-09-30,5.0,5.0,0.0,5.0,0.0,0.0,0.0,0.0,5.0,5.0,5.0,0.0
2021-10-01,5.7,5.7,14.0,5.609,1100.0,6170000.0,0.0,0.0,5.5,5.7,5.5,1100.0
2021-10-04,5.6,5.6,0.0,5.6,0.0,0.0,0.0,0.0,5.6,5.6,5.6,0.0
2021-10-05,5.6,5.6,0.0,5.6,0.0,0.0,0.0,0.0,5.6,5.6,5.6,0.0
2021-10-06,5.6,5.6,0.0,5.6,0.0,0.0,0.0,0.0,5.6,5.6,5.6,0.0
2021-10-07,5.6,5.6,0.0,5.6,0.0,0.0,0.0,0.0,5.6,5.6,5.6,0.0
2021-10-08,6.4,6.4,14.2857,6.383,9500.0,60640000.0,0.0,0.0,5.6,6.4,5.6,9500.0
2021-10-11,6.4,6.4,0.0,6.4,0.0,0.0,0.0,0.0,6.4,6.4,6.4,0.0
2021-10-12,6.4,6.4,0.0,6.4,0.0,0.0,0.0,0.0,6.4,6.4,6.4,0.0
2021-10-13,6.4,6.4,0.0,6.4,0.0,0.0,0.0,0.0,6.4,6.4,6.4,0.0
2021-10-14,6.4,6.4,0.0,6.4,0.0,0.0,0.0,0.0,6.4,6.4,6.4,0.0
2021-10-15,7.3,7.3,14.0625,7.3,100.0,730000.0,0.0,0.0,7.3,7.3,7.3,100.0
2021-10-18,7.3,7.3,0.0,7.3,0.0,0.0,0.0,0.0,7.3,7.3,7.3,0.0
2021-10-19,7.3,7.3,0.0,7.3,0.0,0.0,0.0,0.0,7.3,7.3,7.3,0.0
2021-10-20,7.3,7.3,0.0,7.3,0.0,0.0,0.0,0.0,7.3,7.3,7.3,0.0
2021-10-21,7.3,7.3,0.0,7.3,0.0,0.0,0.0,0.0,7.3,7.3,7.3,0.0
2021-10-22,8.3,8.3,13.6986,8.3,4700.0,39010000.0,0.0,0.0,8.3,8.3,8.3,4700.0
2021-10-25,8.3,8.3,0.0,8.3,0.0,0.0,0.0,0.0,8.3,8.3,8.3,0.0
2021-10-26,8.3,8.3,0.0,8.3,0.0,0.0,0.0,0.0,8.3,8.3,8.3,0.0
2021-10-27,8.3,8.3,0.0,8.3,0.0,0.0,0.0,0.0,8.3,8.3,8.3,0.0
2021-10-28,8.3,8.3,0.0,8.3,0.0,0.0,0.0,0.0,8.3,8.3,8.3,0.0
2021-10-29,9.5,9.5,14.4578,9.5,13500.0,128250000.0,0.0,0.0,9.5,9.5,9.5,13500.0
2021-11-01,9.5,9.5,0.0,9.5,0.0,0.0,0.0,0.0,9.5,9.5,9.5,0.0
2021-11-02,9.5,9.5,0.0,9.5,0.0,0.0,0.0,0.0,9.5,9.5,9.5,0.0
2021-11-03,9.5,9.5,0.0,9.5,0.0,0.0,0.0,0.0,9.5,9.5,9.5,0.0
2021-11-04,9.5,9.5,0.0,9.5,0.0,0.0,0.0,0.0,9.5,9.5,9.5,0.0
2021-11-05,10.9,10.9,14.7368,10.9,6100.0,6100.0,0.0,0.0,10.9,10.9,10.9,6100.0
2021-11-08,10.9,10.9,0.0,10.9,0.0,0.0,0.0,0.0,10.9,10.9,10.9,0.0
2021-11-09,10.9,10.9,0.0,10.9,0.0,0.0,0.0,0.0,10.9,10.9,10.9,0.0
2021-11-10,10.9,10.9,0.0,10.9,0.0,0.0,0.0,0.0,10.9,10.9,10.9,0.0
2021-11-11,10.9,10.9,0.0,10.9,0.0,0.0,0.0,0.0,10.9,10.9,10.9,0.0
2021-11-12,12.5,12.5,14.6789,12.5,9500.0,118750000.0,0.0,0.0,12.5,12.5,12.5,9500.0
2021-11-15,12.5,12.5,0.0,12.5,0.0,0.0,0.0,0.0,12.5,12.5,12.5,0.0
2021-11-16,12.5,12.5,0.0,12.5,0.0,0.0,0.0,0.0,12.5,12.5,12.5,0.0
2021-11-17,12.5,12.5,0.0,12.5,0.0,0.0,0.0,0.0,12.5,12.5,12.5,0.0
2021-11-18,12.5,12.5,0.0,12.5,0.0,0.0,0.0,0.0,12.5,12.5,12.5,0.0
2021-11-19,12.5,12.5,0.0,13.937,35400.0,493380000.0,0.0,0.0,14.3,14.3,12.5,35400.0
2021-11-22,13.9,13.9,0.0,13.9,0.0,0.0,0.0,0.0,13.9,13.9,13.9,0.0
2021-11-23,13.9,13.9,0.0,13.9,0.0,0.0,0.0,0.0,13.9,13.9,13.9,0.0
2021-11-24,13.9,13.9,0.0,13.9,0.0,0.0,0.0,0.0,13.9,13.9,13.9,0.0
2021-11-25,13.9,13.9,0.0,13.9,0.0,0.0,0.0,0.0,13.9,13.9,13.9,0.0
2021-11-26,13.4,13.4,-3.5971,12.593,17900.0,225420000.0,0.0,0.0,11.9,13.9,11.9,17900.0
2021-11-29,12.6,12.6,0.0,12.6,0.0,0.0,0.0,0.0,12.6,12.6,12.6,0.0
