2016-01-04,12.3,12.3,0.0,12.3,0.0,0.0,0.0,0.0,12.3,12.3,12.3,0.0
2016-01-05,11.3,11.3,-8.1301,11.3,200.0,2260000.0,0.0,0.0,11.3,11.3,11.3,200.0
2016-01-06,12.2,12.2,7.9646,12.1,200.0,2420000.0,0.0,0.0,12.0,12.2,12.0,200.0
2016-01-07,12.1,12.1,-0.8197,12.1,11900.0,143990000.0,0.0,0.0,12.1,12.1,12.1,11900.0
2016-01-08,12.1,12.1,0.0,12.1,0.0,0.0,0.0,0.0,12.1,12.1,12.1,0.0
2016-01-11,12.1,12.1,0.0,12.1,2200.0,26620000.0,0.0,0.0,12.1,12.1,12.1,2200.0
2016-01-12,11.3,11.3,-6.6116,11.3,1000.0,11300000.0,0.0,0.0,11.3,11.3,11.3,1000.0
2016-01-13,11.3,11.3,0.0,11.3,0.0,0.0,0.0,0.0,11.3,11.3,11.3,0.0
2016-01-14,11.3,11.3,0.0,11.3,0.0,0.0,0.0,0.0,11.3,11.3,11.3,0.0
2016-01-15,11.3,11.3,0.0,11.3,100.0,1130000.0,0.0,0.0,11.3,11.3,11.3,100.0
2016-01-18,11.3,11.3,0.0,11.3,0.0,0.0,0.0,0.0,11.3,11.3,11.3,0.0
2016-01-19,11.3,11.3,0.0,11.3,0.0,0.0,0.0,0.0,11.3,11.3,11.3,0.0
2016-01-20,11.3,11.3,0.0,11.3,0.0,0.0,0.0,0.0,11.3,11.3,11.3,0.0
2016-01-21,11.3,11.3,0.0,11.3,0.0,0.0,0.0,0.0,11.3,11.3,11.3,0.0
2016-01-22,11.3,11.3,0.0,11.3,0.0,0.0,0.0,0.0,11.3,11.3,11.3,0.0
2016-01-25,12.0,12.0,6.1947,12.0,100.0,1200000.0,0.0,0.0,12.0,12.0,12.0,100.0
2016-01-26,12.0,12.0,0.0,12.0,0.0,0.0,0.0,0.0,12.0,12.0,12.0,0.0
2016-01-27,12.0,12.0,0.0,12.0,0.0,0.0,0.0,0.0,12.0,12.0,12.0,0.0
2016-01-28,11.5,11.5,-4.1667,11.5,200.0,2300000.0,0.0,0.0,11.5,11.5,11.5,200.0
2016-01-29,11.5,11.5,0.0,11.5,1200.0,13800000.0,0.0,0.0,11.5,11.5,11.5,1200.0
2016-02-01,11.5,11.5,0.0,11.5,0.0,0.0,0.0,0.0,11.5,11.5,11.5,0.0
2016-02-02,11.5,11.5,0.0,11.5,0.0,0.0,0.0,0.0,11.5,11.5,11.5,0.0
2016-02-03,11.5,11.5,0.0,11.5,0.0,0.0,0.0,0.0,11.5,11.5,11.5,0.0
2016-02-04,11.5,11.5,0.0,11.5,0.0,0.0,0.0,0.0,11.5,11.5,11.5,0.0
2016-02-05,11.5,11.5,0.0,11.5,0.0,0.0,0.0,0.0,11.5,11.5,11.5,0.0
2016-02-15,12.1,12.1,5.2174,11.35,200.0,2270000.0,0.0,0.0,10.6,12.1,10.6,200.0
2016-02-16,11.0,11.0,-9.0909,11.0,100.0,1100000.0,0.0,0.0,11.0,11.0,11.0,100.0
2016-02-17,12.1,12.1,10.0,12.1,300.0,3630000.0,0.0,0.0,12.1,12.1,12.1,300.0
2016-02-18,12.1,12.1,0.0,12.1,100.0,1210000.0,0.0,0.0,12.1,12.1,12.1,100.0
2016-02-19,12.1,12.1,0.0,12.1,0.0,0.0,0.0,0.0,12.1,12.1,12.1,0.0
2016-02-22,12.1,12.1,0.0,12.1,0.0,0.0,0.0,0.0,12.1,12.1,12.1,0.0
2016-02-23,12.1,12.1,0.0,12.1,0.0,0.0,0.0,0.0,12.1,12.1,12.1,0.0
2016-02-24,12.1,12.1,0.0,12.1,0.0,0.0,0.0,0.0,12.1,12.1,12.1,0.0
2016-02-25,12.1,12.1,0.0,12.1,0.0,0.0,0.0,0.0,12.1,12.1,12.1,0.0
2016-02-26,12.2,12.2,0.8264,12.2,1600.0,19520000.0,0.0,0.0,12.2,12.2,12.2,1600.0
2016-02-29,12.2,12.2,0.0,12.2,0.0,0.0,0.0,0.0,12.2,12.2,12.2,0.0
2016-03-01,11.2,11.2,-8.1967,12.167,300.0,3650000.0,0.0,0.0,12.0,13.3,11.2,300.0
2016-03-02,12.2,12.2,8.9286,12.2,100.0,1220000.0,0.0,0.0,12.2,12.2,12.2,100.0
2016-03-03,12.2,12.2,0.0,12.2,0.0,0.0,0.0,0.0,12.2,12.2,12.2,0.0
2016-03-04,12.2,12.2,0.0,12.2,0.0,0.0,0.0,0.0,12.2,12.2,12.2,0.0
2016-03-07,12.2,12.2,0.0,12.2,0.0,0.0,0.0,0.0,12.2,12.2,12.2,0.0
2016-03-08,12.2,12.2,0.0,12.2,0.0,0.0,0.0,0.0,12.2,12.2,12.2,0.0
2016-03-09,12.2,12.2,0.0,12.2,0.0,0.0,0.0,0.0,12.2,12.2,12.2,0.0
2016-03-10,12.2,12.2,0.0,12.2,0.0,0.0,0.0,0.0,12.2,12.2,12.2,0.0
2016-03-11,12.0,12.0,-1.6393,11.05,4400.0,48620000.0,20.0,220000.0,12.1,12.1,11.0,4420.0
2016-03-14,10.9,10.9,-9.1667,10.9,400.0,4360000.0,0.0,0.0,10.9,10.9,10.9,400.0
2016-03-15,11.9,11.9,9.1743,11.9,100.0,1190000.0,0.0,0.0,11.9,11.9,11.9,100.0
2016-03-16,11.9,11.9,0.0,11.9,0.0,0.0,0.0,0.0,11.9,11.9,11.9,0.0
2016-03-17,11.8,11.8,-0.8403,11.8,200.0,2360000.0,0.0,0.0,11.8,11.8,11.8,200.0
2016-03-18,11.8,11.8,0.0,11.8,0.0,0.0,0.0,0.0,11.8,11.8,11.8,0.0
2016-03-21,12.9,12.9,9.322,12.9,100.0,1290000.0,0.0,0.0,12.9,12.9,12.9,100.0
2016-03-22,12.9,12.9,0.0,12.9,0.0,0.0,0.0,0.0,12.9,12.9,12.9,0.0
2016-03-23,12.8,12.8,-0.7752,11.8,1100.0,12980000.0,0.0,0.0,11.7,12.8,11.7,1100.0
2016-03-24,12.8,12.8,0.0,12.8,0.0,0.0,0.0,0.0,12.8,12.8,12.8,0.0
2016-03-25,12.8,12.8,0.0,12.8,0.0,0.0,0.0,0.0,12.8,12.8,12.8,0.0
2016-03-28,12.8,12.8,0.0,12.8,0.0,0.0,0.0,0.0,12.8,12.8,12.8,0.0
2016-03-29,12.8,12.8,0.0,12.8,0.0,0.0,0.0,0.0,12.8,12.8,12.8,0.0
2016-03-30,12.8,12.8,0.0,12.8,0.0,0.0,0.0,0.0,12.8,12.8,12.8,0.0
2016-03-31,12.8,12.8,0.0,12.8,0.0,0.0,0.0,0.0,12.8,12.8,12.8,0.0
2016-04-01,12.8,12.8,0.0,12.8,0.0,0.0,0.0,0.0,12.8,12.8,12.8,0.0
2016-04-04,12.8,12.8,0.0,12.8,0.0,0.0,0.0,0.0,12.8,12.8,12.8,0.0
2016-04-05,12.8,12.8,0.0,12.8,0.0,0.0,0.0,0.0,12.8,12.8,12.8,0.0
2016-04-06,12.8,12.8,0.0,12.8,0.0,0.0,0.0,0.0,12.8,12.8,12.8,0.0
2016-04-07,12.8,12.8,0.0,12.8,0.0,0.0,0.0,0.0,12.8,12.8,12.8,0.0
2016-04-08,12.8,12.8,0.0,12.8,0.0,0.0,0.0,0.0,12.8,12.8,12.8,0.0
2016-04-11,12.8,12.8,0.0,12.8,0.0,0.0,0.0,0.0,12.8,12.8,12.8,0.0
2016-04-12,12.8,12.8,0.0,12.8,0.0,0.0,0.0,0.0,12.8,12.8,12.8,0.0
2016-04-13,12.5,12.5,-2.3438,12.024,2100.0,25250000.0,0.0,0.0,12.0,12.5,12.0,2100.0
2016-04-14,12.5,12.5,0.0,12.5,0.0,0.0,0.0,0.0,12.5,12.5,12.5,0.0
2016-04-15,12.5,12.5,0.0,12.5,0.0,0.0,0.0,0.0,12.5,12.5,12.5,0.0
2016-04-19,12.5,12.5,0.0,12.5,0.0,0.0,0.0,0.0,12.5,12.5,12.5,0.0
2016-04-20,12.5,12.5,0.0,12.5,0.0,0.0,0.0,0.0,12.5,12.5,12.5,0.0
2016-04-21,12.5,12.5,0.0,12.5,0.0,0.0,0.0,0.0,12.5,12.5,12.5,0.0
2016-04-22,12.5,12.5,0.0,12.5,0.0,0.0,0.0,0.0,12.5,12.5,12.5,0.0
2016-04-25,12.5,12.5,0.0,12.5,0.0,0.0,0.0,0.0,12.5,12.5,12.5,0.0
2016-04-26,11.9,11.9,-4.8,12.014,9800.0,117740000.0,0.0,0.0,12.3,12.3,11.9,9800.0
2016-04-27,11.9,11.9,0.0,11.9,0.0,0.0,0.0,0.0,11.9,11.9,11.9,0.0
2016-04-28,11.9,11.9,0.0,11.9,0.0,0.0,0.0,0.0,11.9,11.9,11.9,0.0
2016-04-29,11.9,11.9,0.0,11.9,0.0,0.0,0.0,0.0,11.9,11.9,11.9,0.0
2016-05-04,12.9,12.9,8.4034,10.852,6400.0,69450000.0,0.0,0.0,11.0,12.9,10.8,6400.0
2016-05-05,12.9,12.9,0.0,12.9,0.0,0.0,0.0,0.0,12.9,12.9,12.9,0.0
2016-05-06,12.9,12.9,0.0,12.9,0.0,0.0,0.0,0.0,12.9,12.9,12.9,0.0
2016-05-09,12.9,12.9,0.0,12.9,0.0,0.0,0.0,0.0,12.9,12.9,12.9,0.0
2016-05-10,12.9,12.9,0.0,12.9,0.0,0.0,0.0,0.0,12.9,12.9,12.9,0.0
2016-05-11,12.9,12.9,0.0,12.9,0.0,0.0,0.0,0.0,12.9,12.9,12.9,0.0
2016-05-12,12.9,12.9,0.0,12.9,0.0,0.0,233500.0,2731950000.0,12.9,12.9,12.9,233500.0
2016-05-13,12.9,12.9,0.0,12.9,0.0,0.0,0.0,0.0,12.9,12.9,12.9,0.0
2016-05-16,12.9,12.9,0.0,12.9,0.0,0.0,0.0,0.0,12.9,12.9,12.9,0.0
2016-05-17,12.9,12.9,0.0,12.9,0.0,0.0,0.0,0.0,12.9,12.9,12.9,0.0
2016-05-18,12.9,12.9,0.0,12.9,0.0,0.0,0.0,0.0,12.9,12.9,12.9,0.0
2016-05-19,12.9,12.9,0.0,12.9,0.0,0.0,0.0,0.0,12.9,12.9,12.9,0.0
2016-05-20,12.9,12.9,0.0,12.9,0.0,0.0,0.0,0.0,12.9,12.9,12.9,0.0
2016-05-23,12.9,12.9,0.0,12.9,0.0,0.0,0.0,0.0,12.9,12.9,12.9,0.0
2016-05-24,12.9,12.9,0.0,12.9,0.0,0.0,0.0,0.0,12.9,12.9,12.9,0.0
2016-05-25,12.9,12.9,0.0,12.9,0.0,0.0,0.0,0.0,12.9,12.9,12.9,0.0
2016-05-26,11.7,11.7,-9.3023,11.7,100.0,1170000.0,0.0,0.0,11.7,11.7,11.7,100.0
2016-05-27,10.8,10.8,-7.6923,10.8,500.0,5400000.0,10.0,106000.0,10.8,10.8,10.8,510.0
2016-05-30,10.8,10.8,0.0,10.8,0.0,0.0,0.0,0.0,10.8,10.8,10.8,0.0
2016-05-31,10.8,10.8,0.0,10.8,0.0,0.0,0.0,0.0,10.8,10.8,10.8,0.0
2016-06-01,10.8,10.8,0.0,10.8,0.0,0.0,0.0,0.0,10.8,10.8,10.8,0.0
2016-06-02,10.8,10.8,0.0,10.8,0.0,0.0,22.0,215600.0,10.8,10.8,10.8,22.0
2016-06-03,10.8,10.8,0.0,10.8,0.0,0.0,0.0,0.0,10.8,10.8,10.8,0.0
2016-06-06,9.8,9.8,-9.2593,9.8,100.0,980000.0,0.0,0.0,9.8,9.8,9.8,100.0
2016-06-07,10.7,10.7,9.1837,10.7,100.0,1070000.0,0.0,0.0,10.7,10.7,10.7,100.0
2016-06-08,10.6,10.6,-0.9346,10.6,5300.0,56180000.0,0.0,0.0,10.6,10.6,10.6,5300.0
2016-06-09,10.6,10.6,0.0,10.6,100.0,1060000.0,0.0,0.0,10.6,10.6,10.6,100.0
2016-06-10,10.6,10.6,0.0,10.6,0.0,0.0,0.0,0.0,10.6,10.6,10.6,0.0
2016-06-13,10.6,10.6,0.0,10.6,0.0,0.0,0.0,0.0,10.6,10.6,10.6,0.0
2016-06-14,10.6,10.6,0.0,9.691,1100.0,10660000.0,0.0,0.0,9.6,10.6,9.6,1100.0
2016-06-15,10.6,10.6,0.0,10.6,0.0,0.0,0.0,0.0,10.6,10.6,10.6,0.0
2016-06-16,10.6,10.6,0.0,10.6,800.0,8480000.0,0.0,0.0,10.6,10.6,10.6,800.0
2016-06-17,10.6,10.6,0.0,10.6,0.0,0.0,0.0,0.0,10.6,10.6,10.6,0.0
2016-06-20,10.6,10.6,0.0,10.6,0.0,0.0,0.0,0.0,10.6,10.6,10.6,0.0
2016-06-21,10.6,10.6,0.0,10.6,1600.0,16960000.0,0.0,0.0,10.6,10.6,10.6,1600.0
2016-06-22,9.7,9.7,-8.4906,10.983,4000.0,43930000.0,0.0,0.0,11.0,11.6,9.7,4000.0
2016-06-23,9.0,9.0,-7.2165,9.0,25000.0,225000000.0,0.0,0.0,9.0,9.0,9.0,25000.0
2016-06-24,9.9,9.9,10.0,9.9,200.0,1980000.0,0.0,0.0,9.9,9.9,9.9,200.0
2016-06-27,9.9,9.9,0.0,9.9,0.0,0.0,0.0,0.0,9.9,9.9,9.9,0.0
2016-06-28,9.9,9.9,0.0,9.9,0.0,0.0,0.0,0.0,9.9,9.9,9.9,0.0
2016-06-29,9.9,9.9,0.0,9.9,0.0,0.0,0.0,0.0,9.9,9.9,9.9,0.0
2016-06-30,9.9,9.9,0.0,9.9,0.0,0.0,0.0,0.0,9.9,9.9,9.9,0.0
2016-07-01,9.9,9.9,0.0,9.9,0.0,0.0,0.0,0.0,9.9,9.9,9.9,0.0
2016-07-04,9.9,9.9,0.0,9.9,0.0,0.0,0.0,0.0,9.9,9.9,9.9,0.0
2016-07-05,10.7,10.7,8.0808,9.85,200.0,1970000.0,0.0,0.0,9.0,10.7,9.0,200.0
2016-07-06,10.7,10.7,0.0,10.7,0.0,0.0,0.0,0.0,10.7,10.7,10.7,0.0
2016-07-07,10.7,10.7,0.0,10.7,0.0,0.0,0.0,0.0,10.7,10.7,10.7,0.0
2016-07-08,10.7,10.7,0.0,10.7,0.0,0.0,0.0,0.0,10.7,10.7,10.7,0.0
2016-07-11,10.7,10.7,0.0,10.7,0.0,0.0,0.0,0.0,10.7,10.7,10.7,0.0
2016-07-12,10.7,10.7,0.0,10.7,0.0,0.0,0.0,0.0,10.7,10.7,10.7,0.0
2016-07-13,10.7,10.7,0.0,10.7,0.0,0.0,0.0,0.0,10.7,10.7,10.7,0.0
2016-07-14,10.7,10.7,0.0,10.7,0.0,0.0,0.0,0.0,10.7,10.7,10.7,0.0
2016-07-15,10.7,10.7,0.0,10.7,0.0,0.0,0.0,0.0,10.7,10.7,10.7,0.0
2016-07-18,10.7,10.7,0.0,10.7,0.0,0.0,0.0,0.0,10.7,10.7,10.7,0.0
2016-07-19,10.6,10.6,-0.9346,9.712,11300.0,109750000.0,0.0,0.0,9.8,10.6,9.7,11300.0
2016-07-20,11.0,11.0,3.7736,11.0,100.0,1100000.0,0.0,0.0,11.0,11.0,11.0,100.0
2016-07-21,11.8,11.8,7.2727,10.85,200.0,2170000.0,0.0,0.0,9.9,11.8,9.9,200.0
2016-07-22,11.8,11.8,0.0,11.8,0.0,0.0,0.0,0.0,11.8,11.8,11.8,0.0
2016-07-25,11.8,11.8,0.0,11.8,0.0,0.0,0.0,0.0,11.8,11.8,11.8,0.0
2016-07-26,10.7,10.7,-9.322,10.7,1900.0,20330000.0,0.0,0.0,10.7,10.7,10.7,1900.0
2016-07-27,10.6,10.6,-0.9346,9.739,2300.0,22400000.0,0.0,0.0,9.7,10.6,9.7,2300.0
2016-07-28,9.6,9.6,-9.434,9.6,500.0,4800000.0,0.0,0.0,9.6,9.6,9.6,500.0
2016-07-29,10.2,10.2,6.25,10.2,100.0,1020000.0,0.0,0.0,10.2,10.2,10.2,100.0
2016-08-01,11.2,11.2,9.8039,9.295,2100.0,19520000.0,0.0,0.0,9.2,11.2,9.2,2100.0
2016-08-02,11.2,11.2,0.0,11.2,0.0,0.0,0.0,0.0,11.2,11.2,11.2,0.0
2016-08-03,11.2,11.2,0.0,11.2,0.0,0.0,0.0,0.0,11.2,11.2,11.2,0.0
2016-08-04,11.2,11.2,0.0,11.2,0.0,0.0,0.0,0.0,11.2,11.2,11.2,0.0
2016-08-05,11.2,11.2,0.0,11.2,0.0,0.0,0.0,0.0,11.2,11.2,11.2,0.0
2016-08-08,11.2,11.2,0.0,11.2,0.0,0.0,0.0,0.0,11.2,11.2,11.2,0.0
2016-08-09,11.2,11.2,0.0,11.2,0.0,0.0,0.0,0.0,11.2,11.2,11.2,0.0
2016-08-10,11.2,11.2,0.0,11.2,0.0,0.0,0.0,0.0,11.2,11.2,11.2,0.0
2016-08-11,11.2,11.2,0.0,11.2,0.0,0.0,0.0,0.0,11.2,11.2,11.2,0.0
2016-08-12,11.2,11.2,0.0,11.2,0.0,0.0,0.0,0.0,11.2,11.2,11.2,0.0
2016-08-15,10.1,10.1,-9.8214,10.1,100.0,1010000.0,0.0,0.0,10.1,10.1,10.1,100.0
2016-08-16,9.1,9.1,-9.901,9.1,2900.0,26390000.0,0.0,0.0,9.1,9.1,9.1,2900.0
2016-08-17,9.1,9.1,0.0,9.1,0.0,0.0,0.0,0.0,9.1,9.1,9.1,0.0
2016-08-18,10.0,10.0,9.8901,10.0,100.0,1000000.0,0.0,0.0,10.0,10.0,10.0,100.0
2016-08-19,9.0,9.0,-10.0,9.0,1300.0,11700000.0,0.0,0.0,9.0,9.0,9.0,1300.0
2016-08-22,9.0,9.0,0.0,9.0,0.0,0.0,0.0,0.0,9.0,9.0,9.0,0.0
2016-08-23,9.7,9.7,7.7778,9.7,100.0,970000.0,0.0,0.0,9.7,9.7,9.7,100.0
2016-08-24,9.5,9.5,-2.0619,8.807,9600.0,84550000.0,0.0,0.0,8.8,9.5,8.8,9600.0
2016-08-25,9.6,9.6,1.0526,8.612,8100.0,69760000.0,0.0,0.0,8.6,9.6,8.6,8100.0
2016-08-26,9.6,9.6,0.0,9.6,0.0,0.0,0.0,0.0,9.6,9.6,9.6,0.0
2016-08-29,9.7,9.7,1.0417,9.2,222.0,2031400.0,0.0,0.0,8.7,9.7,8.7,222.0
2016-08-30,10.1,10.1,4.1237,8.816,8200.0,72290000.0,0.0,0.0,8.8,10.1,8.8,8200.0
2016-08-31,10.1,10.1,0.0,10.1,0.0,0.0,0.0,0.0,10.1,10.1,10.1,0.0
2016-09-01,10.1,10.1,0.0,10.1,0.0,0.0,0.0,0.0,10.1,10.1,10.1,0.0
2016-09-05,10.1,10.1,0.0,10.1,0.0,0.0,0.0,0.0,10.1,10.1,10.1,0.0
2016-09-06,10.1,10.1,0.0,10.1,0.0,0.0,0.0,0.0,10.1,10.1,10.1,0.0
2016-09-07,10.1,10.1,0.0,10.1,0.0,0.0,0.0,0.0,10.1,10.1,10.1,0.0
2016-09-08,10.1,10.1,0.0,10.1,0.0,0.0,0.0,0.0,10.1,10.1,10.1,0.0
2016-09-09,10.1,10.1,0.0,10.1,0.0,0.0,78.0,709800.0,10.1,10.1,10.1,78.0
2016-09-12,9.1,9.1,-9.901,9.1,100.0,910000.0,0.0,0.0,9.1,9.1,9.1,100.0
2016-09-13,8.2,8.2,-9.8901,8.2,1700.0,13940000.0,0.0,0.0,8.2,8.2,8.2,1700.0
2016-09-14,8.1,8.1,-1.2195,8.1,400.0,3240000.0,79454.0,587959600.0,8.1,8.1,8.1,79854.0
2016-09-15,7.3,7.3,-9.8765,7.3,100.0,730000.0,0.0,0.0,7.3,7.3,7.3,100.0
2016-09-16,7.3,7.3,0.0,7.3,1600.0,11680000.0,0.0,0.0,7.3,7.3,7.3,1600.0
2016-09-19,7.3,7.3,0.0,7.3,0.0,0.0,0.0,0.0,7.3,7.3,7.3,0.0
2016-09-20,6.8,6.8,-6.8493,6.8,1500.0,10200000.0,0.0,0.0,6.8,6.8,6.8,1500.0
2016-09-21,6.8,6.8,0.0,6.8,0.0,0.0,0.0,0.0,6.8,6.8,6.8,0.0
2016-09-22,6.5,6.5,-4.4118,6.5,9144.0,59392800.0,0.0,0.0,6.5,6.5,6.5,9144.0
2016-09-23,7.1,7.1,9.2308,7.1,500.0,3550000.0,0.0,0.0,7.1,7.1,7.1,500.0
2016-09-26,6.4,6.4,-9.8592,6.412,9200.0,58990000.0,0.0,0.0,6.5,6.5,6.4,9200.0
2016-09-27,6.3,6.3,-1.5625,6.383,685.0,4323000.0,0.0,0.0,6.8,6.8,6.3,685.0
2016-09-28,6.2,6.2,-1.5873,5.978,1898.0,11318600.0,0.0,0.0,6.0,6.2,5.9,1898.0
2016-09-29,6.2,6.2,0.0,6.2,0.0,0.0,0.0,0.0,6.2,6.2,6.2,0.0
2016-09-30,6.0,6.0,-3.2258,6.0,100.0,600000.0,0.0,0.0,6.0,6.0,6.0,100.0
2016-10-03,5.8,5.8,-3.3333,5.8,100.0,580000.0,0.0,0.0,5.8,5.8,5.8,100.0
2016-10-04,6.0,6.0,3.4483,6.0,100.0,600000.0,0.0,0.0,6.0,6.0,6.0,100.0
2016-10-05,6.6,6.6,10.0,6.517,3620.0,23580000.0,0.0,0.0,6.4,6.6,6.4,3620.0
2016-10-06,7.2,7.2,9.0909,7.167,3300.0,23650000.0,0.0,0.0,7.2,7.2,7.1,3300.0
2016-10-07,7.8,7.8,8.3333,7.835,17168.0,134456000.0,0.0,0.0,7.9,7.9,7.8,17168.0
2016-10-10,7.5,7.5,-3.8462,7.66,1500.0,11490000.0,0.0,0.0,7.8,7.8,7.5,1500.0
2016-10-11,7.5,7.5,0.0,7.5,0.0,0.0,0.0,0.0,7.5,7.5,7.5,0.0
2016-10-12,7.5,7.5,0.0,6.865,2391.0,16408800.0,0.0,0.0,6.8,7.5,6.8,2391.0
2016-10-13,7.5,7.5,0.0,7.5,0.0,0.0,0.0,0.0,7.5,7.5,7.5,0.0
2016-10-14,7.5,7.5,0.0,7.5,0.0,0.0,0.0,0.0,7.5,7.5,7.5,0.0
2016-10-17,7.5,7.5,0.0,7.5,1300.0,9750000.0,0.0,0.0,7.5,7.5,7.5,1300.0
2016-10-18,7.6,7.6,1.3333,7.067,3900.0,27560000.0,0.0,0.0,7.3,7.6,6.8,3900.0
2016-10-19,7.6,7.6,0.0,7.6,0.0,0.0,0.0,0.0,7.6,7.6,7.6,0.0
2016-10-20,7.6,7.6,0.0,7.6,0.0,0.0,0.0,0.0,7.6,7.6,7.6,0.0
2016-10-21,7.9,7.9,3.9474,6.906,25100.0,173340000.0,0.0,0.0,7.0,7.9,6.9,25100.0
2016-10-24,7.9,7.9,0.0,7.9,0.0,0.0,0.0,0.0,7.9,7.9,7.9,0.0
2016-10-25,7.9,7.9,0.0,7.9,0.0,0.0,0.0,0.0,7.9,7.9,7.9,0.0
2016-10-26,7.2,7.2,-8.8608,7.2,200.0,1440000.0,0.0,0.0,7.2,7.2,7.2,200.0
2016-10-27,7.2,7.2,0.0,7.2,0.0,0.0,0.0,0.0,7.2,7.2,7.2,0.0
2016-10-28,7.2,7.2,0.0,7.2,20.0,130000.0,0.0,0.0,7.2,7.2,7.2,20.0
2016-10-31,6.8,6.8,-5.5556,6.8,1661.0,11276500.0,0.0,0.0,6.8,6.8,6.8,1661.0
2016-11-01,6.8,6.8,0.0,6.8,0.0,0.0,0.0,0.0,6.8,6.8,6.8,0.0
2016-11-02,6.8,6.8,0.0,6.8,0.0,0.0,0.0,0.0,6.8,6.8,6.8,0.0
2016-11-03,6.8,6.8,0.0,6.8,0.0,0.0,0.0,0.0,6.8,6.8,6.8,0.0
2016-11-04,6.8,6.8,0.0,6.8,0.0,0.0,0.0,0.0,6.8,6.8,6.8,0.0
2016-11-07,6.8,6.8,0.0,6.8,0.0,0.0,0.0,0.0,6.8,6.8,6.8,0.0
2016-11-08,6.8,6.8,0.0,6.8,0.0,0.0,0.0,0.0,6.8,6.8,6.8,0.0
2016-11-09,6.8,6.8,0.0,6.8,0.0,0.0,0.0,0.0,6.8,6.8,6.8,0.0
2016-11-10,6.3,6.3,-7.3529,6.3,100.0,630000.0,0.0,0.0,6.3,6.3,6.3,100.0
2016-11-11,6.7,6.7,6.3492,6.7,2100.0,14070000.0,0.0,0.0,6.7,6.7,6.7,2100.0
2016-11-14,6.7,6.7,0.0,6.7,0.0,0.0,0.0,0.0,6.7,6.7,6.7,0.0
2016-11-15,6.7,6.7,0.0,6.7,0.0,0.0,0.0,0.0,6.7,6.7,6.7,0.0
2016-11-16,6.8,6.8,1.4925,6.804,10713.0,72888400.0,0.0,0.0,7.2,7.2,6.8,10713.0
2016-11-17,6.8,6.8,0.0,6.8,0.0,0.0,0.0,0.0,6.8,6.8,6.8,0.0
2016-11-18,6.8,6.8,0.0,6.8,0.0,0.0,0.0,0.0,6.8,6.8,6.8,0.0
2016-11-21,6.3,6.3,-7.3529,6.3,100.0,630000.0,0.0,0.0,6.3,6.3,6.3,100.0
2016-11-22,6.5,6.5,3.1746,6.5,1000.0,6500000.0,0.0,0.0,6.5,6.5,6.5,1000.0
2016-11-23,6.5,6.5,0.0,6.5,0.0,0.0,0.0,0.0,6.5,6.5,6.5,0.0
2016-11-24,6.5,6.5,0.0,6.5,300.0,1950000.0,0.0,0.0,6.5,6.5,6.5,300.0
2016-11-25,6.5,6.5,0.0,6.5,0.0,0.0,0.0,0.0,6.5,6.5,6.5,0.0
2016-11-28,6.5,6.5,0.0,6.5,4500.0,29450000.0,0.0,0.0,6.6,6.6,6.5,4500.0
2016-11-29,6.9,6.9,6.1538,6.9,200.0,1380000.0,0.0,0.0,6.9,6.9,6.9,200.0
2016-11-30,6.9,6.9,0.0,6.9,0.0,0.0,0.0,0.0,6.9,6.9,6.9,0.0
2016-12-01,6.9,6.9,0.0,6.9,0.0,0.0,0.0,0.0,6.9,6.9,6.9,0.0
2016-12-02,7.5,7.5,8.6957,7.481,1600.0,11970000.0,0.0,0.0,7.2,7.5,7.2,1600.0
2016-12-05,7.5,7.5,0.0,7.5,0.0,0.0,0.0,0.0,7.5,7.5,7.5,0.0
2016-12-06,7.5,7.5,0.0,7.5,0.0,0.0,0.0,0.0,7.5,7.5,7.5,0.0
2016-12-07,7.6,7.6,1.3333,7.6,100.0,760000.0,0.0,0.0,7.6,7.6,7.6,100.0
2016-12-08,7.6,7.6,0.0,7.6,0.0,0.0,0.0,0.0,7.6,7.6,7.6,0.0
2016-12-09,7.6,7.6,0.0,7.6,0.0,0.0,0.0,0.0,7.6,7.6,7.6,0.0
2016-12-12,7.3,7.3,-3.9474,7.3,2000.0,14600000.0,0.0,0.0,7.3,7.3,7.3,2000.0
2016-12-13,7.3,7.3,0.0,7.3,0.0,0.0,10.0,66000.0,7.3,7.3,7.3,10.0
2016-12-14,7.1,7.1,-2.7397,7.1,300.0,2130000.0,0.0,0.0,7.1,7.1,7.1,300.0
2016-12-15,7.1,7.1,0.0,7.1,0.0,0.0,0.0,0.0,7.1,7.1,7.1,0.0
2016-12-16,7.1,7.1,0.0,7.1,0.0,0.0,0.0,0.0,7.1,7.1,7.1,0.0
2016-12-19,7.1,7.1,0.0,7.1,0.0,0.0,0.0,0.0,7.1,7.1,7.1,0.0
2016-12-20,6.5,6.5,-8.4507,6.5,1000.0,6500000.0,0.0,0.0,6.5,6.5,6.5,1000.0
2016-12-21,7.1,7.1,9.2308,6.338,2100.0,13310000.0,0.0,0.0,6.3,7.1,6.3,2100.0
2016-12-22,7.1,7.1,0.0,7.1,0.0,0.0,0.0,0.0,7.1,7.1,7.1,0.0
2016-12-23,7.1,7.1,0.0,7.1,0.0,0.0,0.0,0.0,7.1,7.1,7.1,0.0
2016-12-26,7.1,7.1,0.0,7.1,0.0,0.0,0.0,0.0,7.1,7.1,7.1,0.0
2016-12-27,7.1,7.1,0.0,7.1,1.0,6400.0,0.0,0.0,7.1,7.1,7.1,1.0
2016-12-28,7.1,7.1,0.0,7.1,0.0,0.0,0.0,0.0,7.1,7.1,7.1,0.0
2016-12-29,7.1,7.1,0.0,7.1,0.0,0.0,0.0,0.0,7.1,7.1,7.1,0.0
2016-12-30,7.1,7.1,0.0,7.1,5.0,32500.0,0.0,0.0,7.1,7.1,7.1,5.0
2017-01-03,7.1,7.1,0.0,7.1,0.0,0.0,0.0,0.0,7.1,7.1,7.1,0.0
2017-01-04,7.1,7.1,0.0,7.1,0.0,0.0,0.0,0.0,7.1,7.1,7.1,0.0
2017-01-05,7.1,7.1,0.0,7.1,0.0,0.0,0.0,0.0,7.1,7.1,7.1,0.0
2017-01-06,7.1,7.1,0.0,7.1,0.0,0.0,0.0,0.0,7.1,7.1,7.1,0.0
2017-01-09,7.1,7.1,0.0,7.1,0.0,0.0,0.0,0.0,7.1,7.1,7.1,0.0
2017-01-10,7.1,7.1,0.0,7.1,0.0,0.0,0.0,0.0,7.1,7.1,7.1,0.0
2017-01-11,7.1,7.1,0.0,7.1,0.0,0.0,0.0,0.0,7.1,7.1,7.1,0.0
2017-01-12,7.1,7.1,0.0,7.1,0.0,0.0,0.0,0.0,7.1,7.1,7.1,0.0
2017-01-13,7.1,7.1,0.0,7.1,0.0,0.0,0.0,0.0,7.1,7.1,7.1,0.0
2017-01-16,7.1,7.1,0.0,7.1,0.0,0.0,0.0,0.0,7.1,7.1,7.1,0.0
2017-01-17,7.1,7.1,0.0,7.1,0.0,0.0,0.0,0.0,7.1,7.1,7.1,0.0
2017-01-18,7.1,7.1,0.0,7.1,0.0,0.0,0.0,0.0,7.1,7.1,7.1,0.0
2017-01-19,7.1,7.1,0.0,7.1,0.0,0.0,0.0,0.0,7.1,7.1,7.1,0.0
2017-01-20,7.1,7.1,0.0,7.1,0.0,0.0,0.0,0.0,7.1,7.1,7.1,0.0
2017-01-23,7.1,7.1,0.0,7.1,0.0,0.0,0.0,0.0,7.1,7.1,7.1,0.0
2017-01-24,7.1,7.1,0.0,7.1,0.0,0.0,0.0,0.0,7.1,7.1,7.1,0.0
2017-01-25,7.1,7.1,0.0,7.1,0.0,0.0,0.0,0.0,7.1,7.1,7.1,0.0
2017-02-02,7.1,7.1,0.0,7.1,0.0,0.0,0.0,0.0,7.1,7.1,7.1,0.0
2017-02-03,7.1,7.1,0.0,7.1,0.0,0.0,0.0,0.0,7.1,7.1,7.1,0.0
2017-02-06,7.2,7.2,1.4085,7.2,100.0,720000.0,0.0,0.0,7.2,7.2,7.2,100.0
2017-02-07,7.2,7.2,0.0,7.2,10.0,65000.0,0.0,0.0,7.2,7.2,7.2,10.0
2017-02-08,7.1,7.1,-1.3889,7.133,19120.0,136370000.0,0.0,0.0,6.6,7.2,6.6,19120.0
2017-02-09,7.1,7.1,0.0,7.1,5.0,32500.0,0.0,0.0,7.1,7.1,7.1,5.0
2017-02-10,7.1,7.1,0.0,7.1,0.0,0.0,0.0,0.0,7.1,7.1,7.1,0.0
2017-02-13,7.1,7.1,0.0,7.1,0.0,0.0,0.0,0.0,7.1,7.1,7.1,0.0
2017-02-14,7.1,7.1,0.0,7.1,0.0,0.0,0.0,0.0,7.1,7.1,7.1,0.0
2017-02-15,6.9,6.9,-2.8169,6.9,174.0,1171000.0,0.0,0.0,6.9,6.9,6.9,174.0
2017-02-16,6.9,6.9,0.0,6.9,0.0,0.0,0.0,0.0,6.9,6.9,6.9,0.0
2017-02-17,6.9,6.9,0.0,6.9,0.0,0.0,0.0,0.0,6.9,6.9,6.9,0.0
2017-02-20,6.9,6.9,0.0,6.9,0.0,0.0,0.0,0.0,6.9,6.9,6.9,0.0
2017-02-21,6.3,6.3,-8.6957,6.3,100.0,630000.0,0.0,0.0,6.3,6.3,6.3,100.0
2017-02-22,6.0,6.0,-4.7619,5.775,1200.0,6930000.0,0.0,0.0,5.7,6.0,5.7,1200.0
2017-02-23,6.0,6.0,0.0,6.0,0.0,0.0,0.0,0.0,6.0,6.0,6.0,0.0
2017-02-24,6.0,6.0,0.0,6.0,0.0,0.0,0.0,0.0,6.0,6.0,6.0,0.0
2017-02-27,6.0,6.0,0.0,6.0,0.0,0.0,0.0,0.0,6.0,6.0,6.0,0.0
2017-02-28,6.0,6.0,0.0,6.0,0.0,0.0,0.0,0.0,6.0,6.0,6.0,0.0
2017-03-01,6.4,6.4,6.6667,5.436,3300.0,17940000.0,0.0,0.0,5.5,6.4,5.4,3300.0
2017-03-02,6.4,6.4,0.0,6.4,0.0,0.0,0.0,0.0,6.4,6.4,6.4,0.0
2017-03-03,6.4,6.4,0.0,6.4,0.0,0.0,0.0,0.0,6.4,6.4,6.4,0.0
2017-03-06,6.4,6.4,0.0,6.4,0.0,0.0,0.0,0.0,6.4,6.4,6.4,0.0
2017-03-07,6.4,6.4,0.0,6.4,0.0,0.0,0.0,0.0,6.4,6.4,6.4,0.0
2017-03-08,6.7,6.7,4.6875,5.879,1531.0,8996800.0,0.0,0.0,5.8,6.7,5.8,1531.0
2017-03-09,6.2,6.2,-7.4627,6.2,1000.0,6200000.0,0.0,0.0,6.2,6.2,6.2,1000.0
2017-03-10,6.2,6.2,0.0,6.2,0.0,0.0,0.0,0.0,6.2,6.2,6.2,0.0
2017-03-13,6.0,6.0,-3.2258,6.0,400.0,2400000.0,0.0,0.0,6.0,6.0,6.0,400.0
2017-03-14,6.0,6.0,0.0,6.0,0.0,0.0,0.0,0.0,6.0,6.0,6.0,0.0
2017-03-15,5.8,5.8,-3.3333,5.8,300.0,1740000.0,0.0,0.0,5.8,5.8,5.8,300.0
2017-03-16,5.9,5.9,1.7241,5.9,4300.0,25370000.0,0.0,0.0,5.9,5.9,5.9,4300.0
2017-03-17,5.9,5.9,0.0,5.9,0.0,0.0,0.0,0.0,5.9,5.9,5.9,0.0
2017-03-20,5.9,5.9,0.0,5.9,0.0,0.0,0.0,0.0,5.9,5.9,5.9,0.0
2017-03-21,5.7,5.7,-3.3898,5.7,1400.0,7980000.0,0.0,0.0,5.7,5.8,5.6,1400.0
2017-03-22,5.9,5.9,3.5088,5.918,3300.0,19530000.0,0.0,0.0,6.0,6.0,5.9,3300.0
2017-03-23,6.0,6.0,1.6949,5.975,1610.0,9617000.0,0.0,0.0,5.9,6.0,5.9,1610.0
2017-03-24,6.2,6.2,3.3333,6.115,2000.0,12230000.0,0.0,0.0,6.1,6.2,6.1,2000.0
2017-03-27,6.0,6.0,-3.2258,5.997,3000.0,17990000.0,0.0,0.0,6.0,6.0,5.9,3000.0
2017-03-28,6.1,6.1,1.6667,6.1,2200.0,13420000.0,0.0,0.0,6.1,6.1,6.1,2200.0
2017-03-29,6.0,6.0,-1.6393,6.0,500.0,3000000.0,0.0,0.0,6.0,6.0,6.0,500.0
2017-03-30,6.0,6.0,0.0,6.0,0.0,0.0,0.0,0.0,6.0,6.0,6.0,0.0
2017-03-31,6.0,6.0,0.0,6.0,852.0,5096400.0,0.0,0.0,6.0,6.0,6.0,852.0
2017-04-03,6.0,6.0,0.0,6.0,0.0,0.0,0.0,0.0,6.0,6.0,6.0,0.0
2017-04-04,6.0,6.0,0.0,6.0,0.0,0.0,0.0,0.0,6.0,6.0,6.0,0.0
2017-04-05,5.9,5.9,-1.6667,5.9,100.0,590000.0,0.0,0.0,5.9,5.9,5.9,100.0
2017-04-07,6.0,6.0,1.6949,6.0,3000.0,18000000.0,0.0,0.0,6.0,6.0,6.0,3000.0
2017-04-10,6.0,6.0,0.0,6.0,0.0,0.0,0.0,0.0,6.0,6.0,6.0,0.0
2017-04-11,5.8,5.8,-3.3333,5.8,100.0,580000.0,0.0,0.0,5.8,5.8,5.8,100.0
2017-04-12,5.8,5.8,0.0,5.8,56.0,313600.0,0.0,0.0,5.8,5.8,5.8,56.0
2017-04-13,5.8,5.8,0.0,5.8,0.0,0.0,0.0,0.0,5.8,5.8,5.8,0.0
2017-04-14,5.8,5.8,0.0,5.8,0.0,0.0,0.0,0.0,5.8,5.8,5.8,0.0
2017-04-17,5.5,5.5,-5.1724,5.5,100.0,550000.0,0.0,0.0,5.5,5.5,5.5,100.0
2017-04-18,6.0,6.0,9.0909,5.75,200.0,1150000.0,0.0,0.0,5.5,6.0,5.5,200.0
2017-04-19,6.0,6.0,0.0,6.0,0.0,0.0,0.0,0.0,6.0,6.0,6.0,0.0
2017-04-20,6.1,6.1,1.6667,6.1,100.0,610000.0,0.0,0.0,6.1,6.1,6.1,100.0
2017-04-21,6.1,6.1,0.0,6.1,200.0,1220000.0,0.0,0.0,6.1,6.1,6.1,200.0
2017-04-24,6.1,6.1,0.0,6.1,200.0,1220000.0,0.0,0.0,6.1,6.1,6.1,200.0
2017-04-25,6.1,6.1,0.0,6.1,0.0,0.0,0.0,0.0,6.1,6.1,6.1,0.0
2017-04-26,6.1,6.1,0.0,6.1,0.0,0.0,0.0,0.0,6.1,6.1,6.1,0.0
2017-04-27,6.1,6.1,0.0,6.1,0.0,0.0,0.0,0.0,6.1,6.1,6.1,0.0
2017-04-28,6.1,6.1,0.0,6.1,0.0,0.0,0.0,0.0,6.1,6.1,6.1,0.0
2017-05-03,6.1,6.1,0.0,6.1,0.0,0.0,0.0,0.0,6.1,6.1,6.1,0.0
2017-05-04,6.1,6.1,0.0,6.1,0.0,0.0,0.0,0.0,6.1,6.1,6.1,0.0
2017-05-05,5.9,5.9,-3.2787,5.9,100.0,590000.0,0.0,0.0,5.9,5.9,5.9,100.0
2017-05-08,5.9,5.9,0.0,5.9,80.0,440800.0,0.0,0.0,5.9,5.9,5.9,80.0
2017-05-09,5.9,5.9,0.0,5.9,5.0,27000.0,0.0,0.0,5.9,5.9,5.9,5.0
2017-05-10,5.5,5.5,-6.7797,5.5,183.0,1006500.0,0.0,0.0,5.5,5.5,5.5,183.0
2017-05-11,5.5,5.5,0.0,5.5,0.0,0.0,0.0,0.0,5.5,5.5,5.5,0.0
2017-05-12,6.0,6.0,9.0909,6.0,300.0,1800000.0,0.0,0.0,6.0,6.0,6.0,300.0
2017-05-15,5.7,5.7,-5.0,5.65,200.0,1130000.0,0.0,0.0,5.6,5.7,5.6,200.0
2017-05-16,6.0,6.0,5.2632,5.75,1022.0,5871000.0,0.0,0.0,5.6,6.0,5.6,1022.0
2017-05-17,6.0,6.0,0.0,6.0,2000.0,12000000.0,0.0,0.0,6.0,6.0,6.0,2000.0
2017-05-18,5.5,5.5,-8.3333,5.5,500.0,2750000.0,0.0,0.0,5.5,5.5,5.5,500.0
2017-05-19,5.7,5.7,3.6364,5.963,800.0,4770000.0,0.0,0.0,6.0,6.0,5.7,800.0
2017-05-22,5.7,5.7,0.0,5.7,4.0,22800.0,0.0,0.0,5.7,5.7,5.7,4.0
2017-05-23,6.1,6.1,7.0175,6.064,1110.0,6723000.0,0.0,0.0,5.7,6.1,5.7,1110.0
2017-05-24,6.1,6.1,0.0,6.1,0.0,0.0,0.0,0.0,6.1,6.1,6.1,0.0
2017-05-25,5.9,5.9,-3.2787,5.914,700.0,4140000.0,0.0,0.0,6.0,6.0,5.9,700.0
2017-05-26,5.9,5.9,0.0,5.9,2000.0,11800000.0,0.0,0.0,5.9,5.9,5.9,2000.0
2017-05-29,5.9,5.9,0.0,5.9,0.0,0.0,0.0,0.0,5.9,5.9,5.9,0.0
2017-05-30,6.4,6.4,8.4746,6.324,5800.0,36680000.0,0.0,0.0,6.1,6.4,6.1,5800.0
2017-05-31,7.0,7.0,9.375,7.0,300.0,2100000.0,0.0,0.0,7.0,7.0,7.0,300.0
2017-06-01,7.0,7.0,0.0,7.0,0.0,0.0,0.0,0.0,7.0,7.0,7.0,0.0
2017-06-02,6.5,6.5,-7.1429,6.5,400.0,2600000.0,0.0,0.0,6.5,6.5,6.5,400.0
2017-06-05,6.0,6.0,-7.6923,5.976,4200.0,25100000.0,0.0,0.0,6.0,6.0,5.9,4200.0
2017-06-06,6.6,6.6,10.0,6.6,1230.0,8085000.0,0.0,0.0,6.6,6.6,6.6,1230.0
2017-06-07,7.2,7.2,9.0909,7.2,8900.0,64080000.0,0.0,0.0,7.2,7.2,7.2,8900.0
2017-06-08,7.6,7.6,5.5556,7.563,800.0,6050000.0,0.0,0.0,7.5,7.6,7.5,800.0
2017-06-09,7.9,7.9,3.9474,7.86,500.0,3930000.0,0.0,0.0,7.8,7.9,7.8,500.0
2017-06-12,7.9,7.9,0.0,7.9,300.0,2370000.0,0.0,0.0,7.9,7.9,7.9,300.0
2017-06-13,8.2,8.2,3.7975,7.675,400.0,3070000.0,0.0,0.0,7.5,8.2,7.5,400.0
2017-06-14,8.2,8.2,0.0,8.2,0.0,0.0,0.0,0.0,8.2,8.2,8.2,0.0
2017-06-15,8.2,8.2,0.0,8.2,0.0,0.0,0.0,0.0,8.2,8.2,8.2,0.0
2017-06-16,8.2,8.2,0.0,8.2,0.0,0.0,0.0,0.0,8.2,8.2,8.2,0.0
2017-06-19,8.2,8.2,0.0,8.2,0.0,0.0,0.0,0.0,8.2,8.2,8.2,0.0
2017-06-20,7.4,7.4,-9.7561,7.5,600.0,4500000.0,0.0,0.0,8.0,8.0,7.4,600.0
2017-06-21,6.7,6.7,-9.4595,6.791,2280.0,15476000.0,0.0,0.0,6.9,6.9,6.7,2280.0
2017-06-22,6.7,6.7,0.0,6.7,0.0,0.0,0.0,0.0,6.7,6.7,6.7,0.0
2017-06-23,6.6,6.6,-1.4925,6.57,1040.0,6826000.0,0.0,0.0,6.5,6.6,6.5,1040.0
2017-06-26,6.6,6.6,0.0,6.6,0.0,0.0,0.0,0.0,6.6,6.6,6.6,0.0
2017-06-27,6.0,6.0,-9.0909,6.0,35700.0,214200000.0,0.0,0.0,6.0,6.0,6.0,35700.0
2017-06-28,6.0,6.0,0.0,6.0,0.0,0.0,0.0,0.0,6.0,6.0,6.0,0.0
2017-06-29,5.6,5.6,-6.6667,5.6,100.0,560000.0,0.0,0.0,5.6,5.6,5.6,100.0
2017-06-30,6.1,6.1,8.9286,6.1,720.0,4390000.0,0.0,0.0,6.1,6.1,6.1,720.0
2017-07-03,6.5,6.5,6.5574,6.21,20800.0,129160000.0,0.0,0.0,6.2,6.5,6.2,20800.0
2017-07-04,6.3,6.3,-3.0769,6.3,532.0,3346200.0,0.0,0.0,6.3,6.3,6.3,532.0
2017-07-05,6.3,6.3,0.0,6.3,0.0,0.0,0.0,0.0,6.3,6.3,6.3,0.0
2017-07-06,6.6,6.6,4.7619,6.464,1100.0,7110000.0,0.0,0.0,6.4,6.6,6.3,1100.0
2017-07-07,6.8,6.8,3.0303,6.8,327.0,2218200.0,0.0,0.0,6.8,6.8,6.8,327.0
2017-07-10,6.9,6.9,1.4706,6.9,100.0,690000.0,0.0,0.0,6.9,6.9,6.9,100.0
2017-07-11,6.8,6.8,-1.4493,6.475,852.0,5518000.0,0.0,0.0,6.5,6.8,6.4,852.0
2017-07-12,6.8,6.8,0.0,6.792,1300.0,8830000.0,0.0,0.0,6.9,6.9,6.7,1300.0
2017-07-13,7.0,7.0,2.9412,7.0,170.0,1148000.0,0.0,0.0,7.0,7.0,7.0,170.0
2017-07-14,7.0,7.0,0.0,7.0,44.0,286000.0,0.0,0.0,7.0,7.0,7.0,44.0
2017-07-17,7.0,7.0,0.0,7.0,0.0,0.0,0.0,0.0,7.0,7.0,7.0,0.0
2017-07-18,7.0,7.0,0.0,6.943,1400.0,9720000.0,0.0,0.0,6.9,7.0,6.9,1400.0
2017-07-19,6.8,6.8,-2.8571,6.768,5600.0,37900000.0,0.0,0.0,7.0,7.0,6.4,5600.0
2017-07-20,6.8,6.8,0.0,6.8,0.0,0.0,0.0,0.0,6.8,6.8,6.8,0.0
2017-07-21,6.8,6.8,0.0,6.8,0.0,0.0,0.0,0.0,6.8,6.8,6.8,0.0
2017-07-24,6.8,6.8,0.0,6.8,0.0,0.0,0.0,0.0,6.8,6.8,6.8,0.0
2017-07-25,6.8,6.8,0.0,6.8,0.0,0.0,0.0,0.0,6.8,6.8,6.8,0.0
2017-07-26,6.8,6.8,0.0,6.8,0.0,0.0,0.0,0.0,6.8,6.8,6.8,0.0
2017-07-27,6.2,6.2,-8.8235,6.2,166.0,1068800.0,0.0,0.0,6.2,6.2,6.2,166.0
2017-07-28,6.2,6.2,0.0,6.2,0.0,0.0,0.0,0.0,6.2,6.2,6.2,0.0
2017-07-31,6.2,6.2,0.0,6.2,0.0,0.0,0.0,0.0,6.2,6.2,6.2,0.0
2017-08-01,6.2,6.2,0.0,6.2,94.0,535800.0,0.0,0.0,6.2,6.2,6.2,94.0
2017-08-02,6.2,6.2,0.0,6.2,0.0,0.0,0.0,0.0,6.2,6.2,6.2,0.0
2017-08-03,6.2,6.2,0.0,6.2,0.0,0.0,0.0,0.0,6.2,6.2,6.2,0.0
2017-08-04,6.2,6.2,0.0,6.2,2500.0,15500000.0,0.0,0.0,6.2,6.2,6.2,2500.0
2017-08-07,6.2,6.2,0.0,6.2,0.0,0.0,0.0,0.0,6.2,6.2,6.2,0.0
2017-08-08,6.5,6.5,4.8387,6.167,366.0,2246000.0,0.0,0.0,6.0,6.5,6.0,366.0
2017-08-09,6.0,6.0,-7.6923,6.0,294.0,1773400.0,0.0,0.0,6.0,6.0,6.0,294.0
2017-08-10,6.0,6.0,0.0,6.0,0.0,0.0,0.0,0.0,6.0,6.0,6.0,0.0
2017-08-11,6.6,6.6,10.0,6.514,700.0,4560000.0,0.0,0.0,6.4,6.6,6.4,700.0
2017-08-14,6.6,6.6,0.0,6.6,0.0,0.0,0.0,0.0,6.6,6.6,6.6,0.0
2017-08-15,6.8,6.8,3.0303,6.8,306.0,2079600.0,0.0,0.0,6.8,6.8,6.8,306.0
2017-08-16,6.8,6.8,0.0,6.8,0.0,0.0,0.0,0.0,6.8,6.8,6.8,0.0
2017-08-17,6.8,6.8,0.0,6.8,0.0,0.0,0.0,0.0,6.8,6.8,6.8,0.0
2017-08-18,6.8,6.8,0.0,6.8,0.0,0.0,0.0,0.0,6.8,6.8,6.8,0.0
2017-08-21,6.2,6.2,-8.8235,6.2,100.0,620000.0,0.0,0.0,6.2,6.2,6.2,100.0
2017-08-22,6.2,6.2,0.0,6.2,0.0,0.0,0.0,0.0,6.2,6.2,6.2,0.0
2017-08-23,6.2,6.2,0.0,6.2,0.0,0.0,0.0,0.0,6.2,6.2,6.2,0.0
2017-08-24,6.2,6.2,0.0,6.2,0.0,0.0,0.0,0.0,6.2,6.2,6.2,0.0
2017-08-25,6.2,6.2,0.0,6.2,0.0,0.0,0.0,0.0,6.2,6.2,6.2,0.0
2017-08-28,6.2,6.2,0.0,6.2,0.0,0.0,0.0,0.0,6.2,6.2,6.2,0.0
2017-08-29,5.6,5.6,-9.6774,5.6,200.0,1120000.0,0.0,0.0,5.6,5.6,5.6,200.0
2017-08-30,5.4,5.4,-3.5714,5.4,100.0,540000.0,0.0,0.0,5.4,5.4,5.4,100.0
2017-08-31,5.4,5.4,0.0,5.4,0.0,0.0,0.0,0.0,5.4,5.4,5.4,0.0
2017-09-01,5.9,5.9,9.2593,5.9,200.0,1180000.0,0.0,0.0,5.9,5.9,5.9,200.0
2017-09-05,6.4,6.4,8.4746,5.929,1410.0,8356000.0,0.0,0.0,5.9,6.4,5.8,1410.0
2017-09-06,6.4,6.4,0.0,6.4,0.0,0.0,0.0,0.0,6.4,6.4,6.4,0.0
2017-09-07,6.4,6.4,0.0,6.4,0.0,0.0,0.0,0.0,6.4,6.4,6.4,0.0
2017-09-08,6.4,6.4,0.0,6.4,0.0,0.0,0.0,0.0,6.4,6.4,6.4,0.0
2017-09-11,6.0,6.0,-6.25,6.075,800.0,4860000.0,0.0,0.0,6.2,6.2,6.0,800.0
2017-09-12,6.6,6.6,10.0,6.254,1300.0,8130000.0,0.0,0.0,6.0,6.6,5.8,1300.0
2017-09-13,7.1,7.1,7.5758,7.1,200.0,1420000.0,0.0,0.0,7.1,7.1,7.1,200.0
2017-09-14,7.1,7.1,0.0,7.1,0.0,0.0,0.0,0.0,7.1,7.1,7.1,0.0
2017-09-15,7.1,7.1,0.0,7.1,0.0,0.0,0.0,0.0,7.1,7.1,7.1,0.0
2017-09-18,6.8,6.8,-4.2254,6.8,700.0,4760000.0,0.0,0.0,6.8,6.8,6.8,700.0
2017-09-19,7.1,7.1,4.4118,7.033,600.0,4220000.0,0.0,0.0,6.9,7.1,6.9,600.0
2017-09-20,7.0,7.0,-1.4085,6.467,7010.0,45340000.0,0.0,0.0,6.6,7.0,6.4,7010.0
2017-09-21,7.6,7.6,8.5714,7.54,500.0,3770000.0,0.0,0.0,7.5,7.6,7.5,500.0
2017-09-22,7.6,7.6,0.0,7.6,0.0,0.0,0.0,0.0,7.6,7.6,7.6,0.0
2017-09-25,7.6,7.6,0.0,7.6,0.0,0.0,0.0,0.0,7.6,7.6,7.6,0.0
2017-09-26,7.6,7.6,0.0,7.6,0.0,0.0,0.0,0.0,7.6,7.6,7.6,0.0
2017-09-27,8.2,8.2,7.8947,8.153,1500.0,12230000.0,0.0,0.0,7.5,8.2,7.5,1500.0
2017-09-28,8.2,8.2,0.0,8.2,0.0,0.0,0.0,0.0,8.2,8.2,8.2,0.0
2017-09-29,8.2,8.2,0.0,8.2,0.0,0.0,0.0,0.0,8.2,8.2,8.2,0.0
2017-10-02,8.2,8.2,0.0,8.2,0.0,0.0,0.0,0.0,8.2,8.2,8.2,0.0
2017-10-03,8.2,8.2,0.0,8.2,0.0,0.0,0.0,0.0,8.2,8.2,8.2,0.0
2017-10-04,8.2,8.2,0.0,8.2,0.0,0.0,0.0,0.0,8.2,8.2,8.2,0.0
2017-10-05,8.2,8.2,0.0,8.2,0.0,0.0,0.0,0.0,8.2,8.2,8.2,0.0
2017-10-06,8.2,8.2,0.0,8.2,0.0,0.0,0.0,0.0,8.2,8.2,8.2,0.0
2017-10-09,8.2,8.2,0.0,8.2,0.0,0.0,0.0,0.0,8.2,8.2,8.2,0.0
2017-10-10,8.2,8.2,0.0,8.2,0.0,0.0,0.0,0.0,8.2,8.2,8.2,0.0
2017-10-11,8.2,8.2,0.0,8.2,0.0,0.0,0.0,0.0,8.2,8.2,8.2,0.0
2017-10-12,8.2,8.2,0.0,8.2,0.0,0.0,0.0,0.0,8.2,8.2,8.2,0.0
2017-10-13,8.2,8.2,0.0,8.2,0.0,0.0,0.0,0.0,8.2,8.2,8.2,0.0
2017-10-16,8.2,8.2,0.0,8.2,0.0,0.0,0.0,0.0,8.2,8.2,8.2,0.0
2017-10-17,8.2,8.2,0.0,8.2,0.0,0.0,0.0,0.0,8.2,8.2,8.2,0.0
2017-10-18,8.2,8.2,0.0,8.2,0.0,0.0,0.0,0.0,8.2,8.2,8.2,0.0
2017-10-19,8.2,8.2,0.0,8.2,0.0,0.0,0.0,0.0,8.2,8.2,8.2,0.0
2017-10-20,8.2,8.2,0.0,8.2,0.0,0.0,0.0,0.0,8.2,8.2,8.2,0.0
2017-10-23,8.2,8.2,0.0,8.2,0.0,0.0,0.0,0.0,8.2,8.2,8.2,0.0
2017-10-24,7.4,7.4,-9.7561,7.4,5500.0,40700000.0,0.0,0.0,7.4,7.4,7.4,5500.0
2017-10-25,7.4,7.4,0.0,7.4,0.0,0.0,0.0,0.0,7.4,7.4,7.4,0.0
2017-10-26,7.4,7.4,0.0,7.4,0.0,0.0,0.0,0.0,7.4,7.4,7.4,0.0
2017-10-27,7.4,7.4,0.0,7.4,0.0,0.0,0.0,0.0,7.4,7.4,7.4,0.0
2017-10-30,7.4,7.4,0.0,7.4,0.0,0.0,0.0,0.0,7.4,7.4,7.4,0.0
2017-10-31,7.4,7.4,0.0,7.4,0.0,0.0,0.0,0.0,7.4,7.4,7.4,0.0
2017-11-01,7.4,7.4,0.0,7.4,0.0,0.0,0.0,0.0,7.4,7.4,7.4,0.0
2017-11-02,7.4,7.4,0.0,7.4,0.0,0.0,0.0,0.0,7.4,7.4,7.4,0.0
2017-11-03,7.4,7.4,0.0,7.4,0.0,0.0,0.0,0.0,7.4,7.4,7.4,0.0
2017-11-06,7.4,7.4,0.0,7.4,0.0,0.0,0.0,0.0,7.4,7.4,7.4,0.0
2017-11-07,7.4,7.4,0.0,7.4,0.0,0.0,0.0,0.0,7.4,7.4,7.4,0.0
2017-11-08,7.4,7.4,0.0,7.4,0.0,0.0,0.0,0.0,7.4,7.4,7.4,0.0
2017-11-09,7.4,7.4,0.0,7.4,0.0,0.0,0.0,0.0,7.4,7.4,7.4,0.0
2017-11-10,7.4,7.4,0.0,7.4,0.0,0.0,0.0,0.0,7.4,7.4,7.4,0.0
2017-11-13,7.4,7.4,0.0,7.4,0.0,0.0,0.0,0.0,7.4,7.4,7.4,0.0
2017-11-14,7.4,7.4,0.0,7.4,0.0,0.0,0.0,0.0,7.4,7.4,7.4,0.0
2017-11-15,7.4,7.4,0.0,7.4,0.0,0.0,0.0,0.0,7.4,7.4,7.4,0.0
2017-11-16,7.4,7.4,0.0,7.4,66.0,442200.0,0.0,0.0,7.4,7.4,7.4,66.0
2017-11-17,7.4,7.4,0.0,7.4,0.0,0.0,0.0,0.0,7.4,7.4,7.4,0.0
2017-11-20,7.4,7.4,0.0,7.4,0.0,0.0,0.0,0.0,7.4,7.4,7.4,0.0
2017-11-21,7.4,7.4,0.0,7.4,0.0,0.0,0.0,0.0,7.4,7.4,7.4,0.0
2017-11-22,7.4,7.4,0.0,7.4,0.0,0.0,0.0,0.0,7.4,7.4,7.4,0.0
2017-11-23,7.8,7.8,5.4054,6.929,6206.0,43000200.0,0.0,0.0,6.7,7.9,6.7,6206.0
2017-11-24,7.8,7.8,0.0,7.8,0.0,0.0,0.0,0.0,7.8,7.8,7.8,0.0
2017-11-27,7.8,7.8,0.0,7.8,0.0,0.0,0.0,0.0,7.8,7.8,7.8,0.0
2017-11-28,7.8,7.8,0.0,7.8,0.0,0.0,0.0,0.0,7.8,7.8,7.8,0.0
2017-11-29,7.8,7.8,0.0,7.8,0.0,0.0,0.0,0.0,7.8,7.8,7.8,0.0
2017-11-30,7.1,7.1,-8.9744,7.1,4000.0,28400000.0,0.0,0.0,7.1,7.1,7.1,4000.0
2017-12-01,7.1,7.1,0.0,7.1,0.0,0.0,0.0,0.0,7.1,7.1,7.1,0.0
2017-12-04,6.4,6.4,-9.8592,6.404,10200.0,65320000.0,0.0,0.0,6.8,6.8,6.4,10200.0
2017-12-05,6.4,6.4,0.0,6.4,15.0,87000.0,0.0,0.0,6.4,6.4,6.4,15.0
2017-12-06,6.4,6.4,0.0,6.4,0.0,0.0,0.0,0.0,6.4,6.4,6.4,0.0
2017-12-07,6.9,6.9,7.8125,5.832,4700.0,27410000.0,0.0,0.0,5.8,6.9,5.8,4700.0
2017-12-08,7.4,7.4,7.2464,7.363,862.0,6280600.0,0.0,0.0,7.3,7.4,7.3,862.0
2017-12-11,7.4,7.4,0.0,7.4,0.0,0.0,0.0,0.0,7.4,7.4,7.4,0.0
2017-12-12,7.7,7.7,4.0541,7.75,1000.0,7750000.0,0.0,0.0,7.8,7.8,7.7,1000.0
2017-12-13,7.7,7.7,0.0,7.7,0.0,0.0,0.0,0.0,7.7,7.7,7.7,0.0
2017-12-14,7.7,7.7,0.0,7.7,0.0,0.0,0.0,0.0,7.7,7.7,7.7,0.0
2017-12-15,8.4,8.4,9.0909,7.675,400.0,3070000.0,0.0,0.0,7.6,8.4,7.3,400.0
2017-12-18,8.4,8.4,0.0,8.4,0.0,0.0,0.0,0.0,8.4,8.4,8.4,0.0
2017-12-19,8.4,8.4,0.0,8.4,0.0,0.0,0.0,0.0,8.4,8.4,8.4,0.0
2017-12-20,8.4,8.4,0.0,8.4,0.0,0.0,0.0,0.0,8.4,8.4,8.4,0.0
2017-12-21,8.4,8.4,0.0,8.4,0.0,0.0,0.0,0.0,8.4,8.4,8.4,0.0
2017-12-22,8.4,8.4,0.0,8.4,0.0,0.0,0.0,0.0,8.4,8.4,8.4,0.0
2017-12-25,9.2,9.2,9.5238,8.471,720.0,6082000.0,0.0,0.0,8.3,9.2,8.3,720.0
2017-12-26,8.3,8.3,-9.7826,8.3,100.0,830000.0,0.0,0.0,8.3,8.3,8.3,100.0
2017-12-27,8.3,8.3,0.0,8.3,0.0,0.0,0.0,0.0,8.3,8.3,8.3,0.0
2017-12-28,8.3,8.3,0.0,8.3,0.0,0.0,0.0,0.0,8.3,8.3,8.3,0.0
2017-12-29,8.3,8.3,0.0,8.3,0.0,0.0,0.0,0.0,8.3,8.3,8.3,0.0
2018-01-02,8.3,8.3,0.0,8.3,0.0,0.0,0.0,0.0,8.3,8.3,8.3,0.0
2018-01-03,8.3,8.3,0.0,8.3,0.0,0.0,0.0,0.0,8.3,8.3,8.3,0.0
2018-01-04,8.3,8.3,0.0,8.3,0.0,0.0,0.0,0.0,8.3,8.3,8.3,0.0
2018-01-05,8.3,8.3,0.0,8.3,0.0,0.0,0.0,0.0,8.3,8.3,8.3,0.0
2018-01-08,8.3,8.3,0.0,8.3,0.0,0.0,0.0,0.0,8.3,8.3,8.3,0.0
2018-01-09,8.3,8.3,0.0,8.3,0.0,0.0,10.0,75000.0,8.3,8.3,8.3,10.0
2018-01-10,8.3,8.3,0.0,8.3,0.0,0.0,0.0,0.0,8.3,8.3,8.3,0.0
2018-01-11,8.3,8.3,0.0,8.3,0.0,0.0,0.0,0.0,8.3,8.3,8.3,0.0
2018-01-12,8.3,8.3,0.0,8.3,20.0,150000.0,0.0,0.0,8.3,8.3,8.3,20.0
2018-01-15,8.3,8.3,0.0,8.3,0.0,0.0,0.0,0.0,8.3,8.3,8.3,0.0
2018-01-16,8.3,8.3,0.0,8.3,0.0,0.0,0.0,0.0,8.3,8.3,8.3,0.0
2018-01-17,8.3,8.3,0.0,8.3,0.0,0.0,0.0,0.0,8.3,8.3,8.3,0.0
2018-01-18,9.0,9.0,8.4337,8.833,600.0,5300000.0,0.0,0.0,8.8,9.0,8.8,600.0
2018-01-19,9.1,9.1,1.1111,9.1,111.0,999100.0,0.0,0.0,9.1,9.1,9.1,111.0
2018-01-22,9.1,9.1,0.0,9.1,0.0,0.0,0.0,0.0,9.1,9.1,9.1,0.0
2018-01-23,9.1,9.1,0.0,9.1,0.0,0.0,0.0,0.0,9.1,9.1,9.1,0.0
2018-01-24,9.1,9.1,0.0,9.1,141.0,1246200.0,0.0,0.0,9.1,9.1,9.1,141.0
2018-01-25,9.1,9.1,0.0,9.1,0.0,0.0,0.0,0.0,9.1,9.1,9.1,0.0
2018-01-26,9.1,9.1,0.0,9.1,0.0,0.0,0.0,0.0,9.1,9.1,9.1,0.0
2018-01-29,9.1,9.1,0.0,9.1,0.0,0.0,0.0,0.0,9.1,9.1,9.1,0.0
2018-01-30,9.1,9.1,0.0,9.1,0.0,0.0,0.0,0.0,9.1,9.1,9.1,0.0
2018-01-31,9.1,9.1,0.0,9.1,0.0,0.0,0.0,0.0,9.1,9.1,9.1,0.0
2018-02-01,9.1,9.1,0.0,9.1,0.0,0.0,0.0,0.0,9.1,9.1,9.1,0.0
2018-02-02,9.1,9.1,0.0,9.1,0.0,0.0,0.0,0.0,9.1,9.1,9.1,0.0
2018-02-05,9.1,9.1,0.0,9.1,0.0,0.0,0.0,0.0,9.1,9.1,9.1,0.0
2018-02-06,9.1,9.1,0.0,9.1,0.0,0.0,0.0,0.0,9.1,9.1,9.1,0.0
2018-02-07,9.1,9.1,0.0,9.1,0.0,0.0,0.0,0.0,9.1,9.1,9.1,0.0
2018-02-08,9.1,9.1,0.0,9.1,0.0,0.0,0.0,0.0,9.1,9.1,9.1,0.0
2018-02-09,9.1,9.1,0.0,9.1,0.0,0.0,0.0,0.0,9.1,9.1,9.1,0.0
2018-02-12,9.1,9.1,0.0,9.1,0.0,0.0,0.0,0.0,9.1,9.1,9.1,0.0
2018-02-13,9.1,9.1,0.0,9.1,0.0,0.0,0.0,0.0,9.1,9.1,9.1,0.0
2018-02-21,9.1,9.1,0.0,9.1,0.0,0.0,0.0,0.0,9.1,9.1,9.1,0.0
2018-02-22,9.1,9.1,0.0,9.1,0.0,0.0,0.0,0.0,9.1,9.1,9.1,0.0
2018-02-23,9.1,9.1,0.0,9.1,0.0,0.0,0.0,0.0,9.1,9.1,9.1,0.0
2018-02-26,9.1,9.1,0.0,9.1,0.0,0.0,0.0,0.0,9.1,9.1,9.1,0.0
2018-02-27,9.1,9.1,0.0,9.1,0.0,0.0,0.0,0.0,9.1,9.1,9.1,0.0
2018-02-28,9.1,9.1,0.0,9.1,0.0,0.0,0.0,0.0,9.1,9.1,9.1,0.0
2018-03-01,9.1,9.1,0.0,9.1,0.0,0.0,0.0,0.0,9.1,9.1,9.1,0.0
2018-03-02,9.1,9.1,0.0,9.1,0.0,0.0,0.0,0.0,9.1,9.1,9.1,0.0
2018-03-05,9.1,9.1,0.0,9.1,0.0,0.0,0.0,0.0,9.1,9.1,9.1,0.0
2018-03-06,9.1,9.1,0.0,9.1,0.0,0.0,0.0,0.0,9.1,9.1,9.1,0.0
2018-03-07,9.1,9.1,0.0,9.1,0.0,0.0,0.0,0.0,9.1,9.1,9.1,0.0
2018-03-08,9.1,9.1,0.0,9.1,0.0,0.0,0.0,0.0,9.1,9.1,9.1,0.0
2018-03-09,9.1,9.1,0.0,9.1,0.0,0.0,0.0,0.0,9.1,9.1,9.1,0.0
2018-03-12,9.1,9.1,0.0,9.1,0.0,0.0,0.0,0.0,9.1,9.1,9.1,0.0
2018-03-13,9.1,9.1,0.0,9.1,0.0,0.0,0.0,0.0,9.1,9.1,9.1,0.0
2018-03-14,9.1,9.1,0.0,9.1,0.0,0.0,0.0,0.0,9.1,9.1,9.1,0.0
2018-03-15,9.1,9.1,0.0,9.1,0.0,0.0,0.0,0.0,9.1,9.1,9.1,0.0
2018-03-16,9.1,9.1,0.0,9.1,0.0,0.0,0.0,0.0,9.1,9.1,9.1,0.0
2018-03-19,9.1,9.1,0.0,9.1,0.0,0.0,0.0,0.0,9.1,9.1,9.1,0.0
2018-03-20,9.1,9.1,0.0,9.1,0.0,0.0,0.0,0.0,9.1,9.1,9.1,0.0
2018-03-21,8.2,8.2,-9.8901,8.206,20200.0,165770000.0,0.0,0.0,8.2,9.5,8.2,20200.0
2018-03-22,8.8,8.8,7.3171,8.65,400.0,3460000.0,0.0,0.0,8.5,8.8,8.5,400.0
2018-03-23,8.8,8.8,0.0,8.8,0.0,0.0,0.0,0.0,8.8,8.8,8.8,0.0
2018-03-26,8.8,8.8,0.0,8.8,0.0,0.0,0.0,0.0,8.8,8.8,8.8,0.0
2018-03-27,8.8,8.8,0.0,8.8,0.0,0.0,0.0,0.0,8.8,8.8,8.8,0.0
2018-03-28,8.8,8.8,0.0,8.8,0.0,0.0,0.0,0.0,8.8,8.8,8.8,0.0
2018-03-29,8.8,8.8,0.0,8.8,0.0,0.0,0.0,0.0,8.8,8.8,8.8,0.0
2018-03-30,8.8,8.8,0.0,8.8,0.0,0.0,0.0,0.0,8.8,8.8,8.8,0.0
2018-04-02,8.8,8.8,0.0,8.8,0.0,0.0,0.0,0.0,8.8,8.8,8.8,0.0
2018-04-03,8.8,8.8,0.0,8.8,0.0,0.0,0.0,0.0,8.8,8.8,8.8,0.0
2018-04-04,8.8,8.8,0.0,8.8,0.0,0.0,0.0,0.0,8.8,8.8,8.8,0.0
2018-04-05,8.8,8.8,0.0,8.8,0.0,0.0,0.0,0.0,8.8,8.8,8.8,0.0
2018-04-06,8.8,8.8,0.0,8.8,0.0,0.0,0.0,0.0,8.8,8.8,8.8,0.0
2018-04-09,8.8,8.8,0.0,8.8,0.0,0.0,0.0,0.0,8.8,8.8,8.8,0.0
2018-04-10,8.8,8.8,0.0,8.8,0.0,0.0,0.0,0.0,8.8,8.8,8.8,0.0
2018-04-11,8.8,8.8,0.0,8.8,0.0,0.0,0.0,0.0,8.8,8.8,8.8,0.0
2018-04-12,8.8,8.8,0.0,8.8,0.0,0.0,0.0,0.0,8.8,8.8,8.8,0.0
2018-04-13,8.8,8.8,0.0,8.8,0.0,0.0,0.0,0.0,8.8,8.8,8.8,0.0
2018-04-16,8.8,8.8,0.0,8.8,0.0,0.0,0.0,0.0,8.8,8.8,8.8,0.0
2018-04-17,8.8,8.8,0.0,8.8,0.0,0.0,0.0,0.0,8.8,8.8,8.8,0.0
2018-04-18,8.8,8.8,0.0,8.8,0.0,0.0,0.0,0.0,8.8,8.8,8.8,0.0
2018-04-19,8.8,8.8,0.0,8.8,0.0,0.0,0.0,0.0,8.8,8.8,8.8,0.0
2018-04-20,8.8,8.8,0.0,8.8,0.0,0.0,0.0,0.0,8.8,8.8,8.8,0.0
2018-04-23,8.8,8.8,0.0,8.8,0.0,0.0,0.0,0.0,8.8,8.8,8.8,0.0
2018-04-24,8.8,8.8,0.0,8.8,0.0,0.0,0.0,0.0,8.8,8.8,8.8,0.0
2018-04-26,8.8,8.8,0.0,8.8,0.0,0.0,0.0,0.0,8.8,8.8,8.8,0.0
2018-04-27,8.8,8.8,0.0,8.8,0.0,0.0,0.0,0.0,8.8,8.8,8.8,0.0
2018-05-02,8.8,8.8,0.0,8.8,0.0,0.0,0.0,0.0,8.8,8.8,8.8,0.0
2018-05-03,8.8,8.8,0.0,8.8,0.0,0.0,0.0,0.0,8.8,8.8,8.8,0.0
2018-05-04,8.8,8.8,0.0,8.8,0.0,0.0,0.0,0.0,8.8,8.8,8.8,0.0
2018-05-07,8.8,8.8,0.0,8.8,0.0,0.0,0.0,0.0,8.8,8.8,8.8,0.0
2018-05-08,8.8,8.8,0.0,8.8,0.0,0.0,0.0,0.0,8.8,8.8,8.8,0.0
2018-05-09,8.8,8.8,0.0,8.8,0.0,0.0,0.0,0.0,8.8,8.8,8.8,0.0
2018-05-10,8.8,8.8,0.0,8.8,0.0,0.0,0.0,0.0,8.8,8.8,8.8,0.0
2018-05-11,8.8,8.8,0.0,8.8,0.0,0.0,0.0,0.0,8.8,8.8,8.8,0.0
2018-05-14,8.8,8.8,0.0,8.8,0.0,0.0,0.0,0.0,8.8,8.8,8.8,0.0
2018-05-15,8.0,8.0,-9.0909,8.0,900.0,7200000.0,0.0,0.0,8.0,8.0,8.0,900.0
2018-05-16,8.0,8.0,0.0,8.0,0.0,0.0,0.0,0.0,8.0,8.0,8.0,0.0
2018-05-17,7.8,7.8,-2.5,7.82,1000.0,7820000.0,0.0,0.0,8.0,8.0,7.8,1000.0
2018-05-18,7.8,7.8,0.0,7.8,0.0,0.0,0.0,0.0,7.8,7.8,7.8,0.0
2018-05-21,7.8,7.8,0.0,7.8,0.0,0.0,0.0,0.0,7.8,7.8,7.8,0.0
2018-05-22,7.8,7.8,0.0,7.8,0.0,0.0,0.0,0.0,7.8,7.8,7.8,0.0
2018-05-23,7.8,7.8,0.0,7.8,0.0,0.0,0.0,0.0,7.8,7.8,7.8,0.0
2018-05-24,7.8,7.8,0.0,7.8,0.0,0.0,0.0,0.0,7.8,7.8,7.8,0.0
2018-05-25,7.8,7.8,0.0,7.8,0.0,0.0,0.0,0.0,7.8,7.8,7.8,0.0
2018-05-28,7.8,7.8,0.0,7.8,0.0,0.0,0.0,0.0,7.8,7.8,7.8,0.0
2018-05-29,7.8,7.8,0.0,7.8,0.0,0.0,0.0,0.0,7.8,7.8,7.8,0.0
2018-05-30,7.8,7.8,0.0,7.8,0.0,0.0,0.0,0.0,7.8,7.8,7.8,0.0
2018-05-31,7.8,7.8,0.0,7.8,0.0,0.0,0.0,0.0,7.8,7.8,7.8,0.0
2018-06-01,7.8,7.8,0.0,7.8,0.0,0.0,0.0,0.0,7.8,7.8,7.8,0.0
2018-06-04,7.8,7.8,0.0,7.8,0.0,0.0,0.0,0.0,7.8,7.8,7.8,0.0
2018-06-05,7.8,7.8,0.0,7.8,0.0,0.0,0.0,0.0,7.8,7.8,7.8,0.0
2018-06-06,7.8,7.8,0.0,7.8,0.0,0.0,0.0,0.0,7.8,7.8,7.8,0.0
2018-06-07,7.8,7.8,0.0,7.8,0.0,0.0,0.0,0.0,7.8,7.8,7.8,0.0
2018-06-08,7.8,7.8,0.0,7.8,0.0,0.0,0.0,0.0,7.8,7.8,7.8,0.0
2018-06-11,7.8,7.8,0.0,7.8,0.0,0.0,0.0,0.0,7.8,7.8,7.8,0.0
2018-06-12,7.8,7.8,0.0,7.8,0.0,0.0,0.0,0.0,7.8,7.8,7.8,0.0
2018-06-13,7.8,7.8,0.0,7.8,0.0,0.0,0.0,0.0,7.8,7.8,7.8,0.0
2018-06-14,7.8,7.8,0.0,7.8,0.0,0.0,0.0,0.0,7.8,7.8,7.8,0.0
2018-06-15,7.8,7.8,0.0,7.8,0.0,0.0,0.0,0.0,7.8,7.8,7.8,0.0
2018-06-18,7.8,7.8,0.0,7.8,0.0,0.0,0.0,0.0,7.8,7.8,7.8,0.0
2018-06-19,7.8,7.8,0.0,7.8,0.0,0.0,0.0,0.0,7.8,7.8,7.8,0.0
2018-06-20,7.8,7.8,0.0,7.8,0.0,0.0,0.0,0.0,7.8,7.8,7.8,0.0
2018-06-21,7.8,7.8,0.0,7.8,0.0,0.0,0.0,0.0,7.8,7.8,7.8,0.0
2018-06-22,7.8,7.8,0.0,7.8,0.0,0.0,0.0,0.0,7.8,7.8,7.8,0.0
2018-06-25,7.8,7.8,0.0,7.8,0.0,0.0,0.0,0.0,7.8,7.8,7.8,0.0
2018-06-26,7.8,7.8,0.0,7.8,0.0,0.0,0.0,0.0,7.8,7.8,7.8,0.0
2018-06-27,7.8,7.8,0.0,7.8,0.0,0.0,0.0,0.0,7.8,7.8,7.8,0.0
2018-06-28,7.8,7.8,0.0,7.8,0.0,0.0,0.0,0.0,7.8,7.8,7.8,0.0
2018-06-29,7.8,7.8,0.0,7.8,0.0,0.0,0.0,0.0,7.8,7.8,7.8,0.0
2018-07-02,7.8,7.8,0.0,7.8,0.0,0.0,0.0,0.0,7.8,7.8,7.8,0.0
2018-07-03,7.8,7.8,0.0,7.8,0.0,0.0,0.0,0.0,7.8,7.8,7.8,0.0
2018-07-04,7.8,7.8,0.0,7.8,0.0,0.0,0.0,0.0,7.8,7.8,7.8,0.0
2018-07-05,7.8,7.8,0.0,7.8,0.0,0.0,0.0,0.0,7.8,7.8,7.8,0.0
2018-07-06,7.8,7.8,0.0,7.8,0.0,0.0,0.0,0.0,7.8,7.8,7.8,0.0
2018-07-09,7.8,7.8,0.0,7.8,0.0,0.0,0.0,0.0,7.8,7.8,7.8,0.0
2018-07-10,7.8,7.8,0.0,7.8,0.0,0.0,0.0,0.0,7.8,7.8,7.8,0.0
2018-07-11,7.8,7.8,0.0,7.8,0.0,0.0,0.0,0.0,7.8,7.8,7.8,0.0
2018-07-12,7.8,7.8,0.0,7.8,0.0,0.0,0.0,0.0,7.8,7.8,7.8,0.0
2018-07-13,8.5,8.5,8.9744,8.5,100.0,850000.0,0.0,0.0,8.5,8.5,8.5,100.0
2018-07-16,8.5,8.5,0.0,8.5,0.0,0.0,0.0,0.0,8.5,8.5,8.5,0.0
2018-07-17,8.5,8.5,0.0,8.5,0.0,0.0,0.0,0.0,8.5,8.5,8.5,0.0
2018-07-18,8.5,8.5,0.0,8.5,0.0,0.0,0.0,0.0,8.5,8.5,8.5,0.0
2018-07-19,8.5,8.5,0.0,8.5,0.0,0.0,0.0,0.0,8.5,8.5,8.5,0.0
2018-07-20,8.5,8.5,0.0,8.5,0.0,0.0,0.0,0.0,8.5,8.5,8.5,0.0
2018-07-23,8.5,8.5,0.0,8.5,0.0,0.0,0.0,0.0,8.5,8.5,8.5,0.0
2018-07-24,8.5,8.5,0.0,8.5,0.0,0.0,0.0,0.0,8.5,8.5,8.5,0.0
2018-07-25,8.5,8.5,0.0,8.5,0.0,0.0,0.0,0.0,8.5,8.5,8.5,0.0
2018-07-26,8.5,8.5,0.0,8.5,0.0,0.0,0.0,0.0,8.5,8.5,8.5,0.0
2018-07-27,8.5,8.5,0.0,8.5,0.0,0.0,0.0,0.0,8.5,8.5,8.5,0.0
2018-07-30,8.5,8.5,0.0,8.5,0.0,0.0,0.0,0.0,8.5,8.5,8.5,0.0
2018-07-31,8.5,8.5,0.0,8.5,0.0,0.0,0.0,0.0,8.5,8.5,8.5,0.0
2018-08-01,8.5,8.5,0.0,8.5,0.0,0.0,0.0,0.0,8.5,8.5,8.5,0.0
2018-08-02,8.5,8.5,0.0,8.5,0.0,0.0,0.0,0.0,8.5,8.5,8.5,0.0
2018-08-03,8.5,8.5,0.0,8.5,0.0,0.0,0.0,0.0,8.5,8.5,8.5,0.0
2018-08-06,8.5,8.5,0.0,8.5,0.0,0.0,0.0,0.0,8.5,8.5,8.5,0.0
2018-08-07,8.5,8.5,0.0,8.5,0.0,0.0,0.0,0.0,8.5,8.5,8.5,0.0
2018-08-08,8.5,8.5,0.0,8.5,0.0,0.0,0.0,0.0,8.5,8.5,8.5,0.0
2018-08-09,8.5,8.5,0.0,8.5,0.0,0.0,0.0,0.0,8.5,8.5,8.5,0.0
2018-08-10,8.5,8.5,0.0,8.5,0.0,0.0,0.0,0.0,8.5,8.5,8.5,0.0
2018-08-13,8.5,8.5,0.0,8.5,0.0,0.0,0.0,0.0,8.5,8.5,8.5,0.0
2018-08-14,8.5,8.5,0.0,8.5,0.0,0.0,0.0,0.0,8.5,8.5,8.5,0.0
2018-08-15,8.5,8.5,0.0,8.5,0.0,0.0,0.0,0.0,8.5,8.5,8.5,0.0
2018-08-16,8.5,8.5,0.0,8.5,0.0,0.0,0.0,0.0,8.5,8.5,8.5,0.0
2018-08-17,8.5,8.5,0.0,8.5,0.0,0.0,0.0,0.0,8.5,8.5,8.5,0.0
2018-08-20,8.5,8.5,0.0,8.5,0.0,0.0,0.0,0.0,8.5,8.5,8.5,0.0
2018-08-21,8.5,8.5,0.0,8.5,0.0,0.0,0.0,0.0,8.5,8.5,8.5,0.0
2018-08-22,8.5,8.5,0.0,8.5,0.0,0.0,0.0,0.0,8.5,8.5,8.5,0.0
2018-08-23,7.7,7.7,-9.4118,7.7,100.0,770000.0,0.0,0.0,7.7,7.7,7.7,100.0
2018-08-24,7.0,7.0,-9.0909,7.0,2000.0,14000000.0,0.0,0.0,7.0,7.0,7.0,2000.0
2018-08-27,7.0,7.0,0.0,7.0,0.0,0.0,0.0,0.0,7.0,7.0,7.0,0.0
2018-08-28,6.3,6.3,-10.0,6.3,6910.0,43533000.0,0.0,0.0,6.3,6.3,6.3,6910.0
2018-08-29,6.3,6.3,0.0,6.3,4900.0,30870000.0,0.0,0.0,6.3,6.3,6.3,4900.0
2018-08-30,5.7,5.7,-9.5238,5.701,21660.0,123478000.0,0.0,0.0,5.8,5.8,5.7,21660.0
2018-08-31,6.0,6.0,5.2632,5.724,3705.0,21206500.0,0.0,0.0,5.7,6.0,5.7,3705.0
2018-09-04,6.0,6.0,0.0,6.0,0.0,0.0,0.0,0.0,6.0,6.0,6.0,0.0
2018-09-05,6.5,6.5,8.3333,6.294,1650.0,10370000.0,0.0,0.0,6.2,6.5,6.2,1650.0
2018-09-06,6.7,6.7,3.0769,6.62,500.0,3310000.0,0.0,0.0,6.5,6.7,6.5,500.0
2018-09-07,7.0,7.0,4.4776,7.0,400.0,2800000.0,0.0,0.0,7.0,7.0,7.0,400.0
2018-09-10,6.3,6.3,-10.0,6.3,100.0,630000.0,0.0,0.0,6.3,6.3,6.3,100.0
2018-09-11,6.7,6.7,6.3492,6.58,500.0,3290000.0,0.0,0.0,6.5,6.7,6.5,500.0
2018-09-12,7.2,7.2,7.4627,7.2,400.0,2880000.0,0.0,0.0,7.2,7.2,7.2,400.0
2018-09-13,7.9,7.9,9.7222,7.9,200.0,1580000.0,0.0,0.0,7.9,7.9,7.9,200.0
2018-09-14,8.6,8.6,8.8608,8.6,200.0,1720000.0,0.0,0.0,8.6,8.6,8.6,200.0
2018-09-17,8.6,8.6,0.0,8.6,0.0,0.0,0.0,0.0,8.6,8.6,8.6,0.0
2018-09-18,9.3,9.3,8.1395,9.0,900.0,8100000.0,0.0,0.0,8.8,9.3,8.8,900.0
2018-09-19,8.4,8.4,-9.6774,8.4,200.0,1680000.0,0.0,0.0,8.4,8.4,8.4,200.0
2018-09-20,8.4,8.4,0.0,8.4,0.0,0.0,0.0,0.0,8.4,8.4,8.4,0.0
2018-09-21,9.1,9.1,8.3333,9.1,100.0,910000.0,0.0,0.0,9.1,9.1,9.1,100.0
2018-09-24,9.1,9.1,0.0,9.1,0.0,0.0,0.0,0.0,9.1,9.1,9.1,0.0
2018-09-25,9.1,9.1,0.0,9.1,0.0,0.0,0.0,0.0,9.1,9.1,9.1,0.0
2018-09-26,9.1,9.1,0.0,9.1,0.0,0.0,0.0,0.0,9.1,9.1,9.1,0.0
2018-09-27,9.1,9.1,0.0,9.1,0.0,0.0,0.0,0.0,9.1,9.1,9.1,0.0
2018-09-28,9.1,9.1,0.0,9.1,0.0,0.0,0.0,0.0,9.1,9.1,9.1,0.0
2018-10-01,9.1,9.1,0.0,9.1,0.0,0.0,0.0,0.0,9.1,9.1,9.1,0.0
2018-10-02,9.1,9.1,0.0,9.1,0.0,0.0,0.0,0.0,9.1,9.1,9.1,0.0
2018-10-03,9.1,9.1,0.0,9.1,0.0,0.0,0.0,0.0,9.1,9.1,9.1,0.0
2018-10-04,9.1,9.1,0.0,9.1,0.0,0.0,0.0,0.0,9.1,9.1,9.1,0.0
2018-10-05,9.1,9.1,0.0,9.1,0.0,0.0,0.0,0.0,9.1,9.1,9.1,0.0
2018-10-08,9.1,9.1,0.0,9.1,0.0,0.0,0.0,0.0,9.1,9.1,9.1,0.0
2018-10-09,9.1,9.1,0.0,9.1,0.0,0.0,0.0,0.0,9.1,9.1,9.1,0.0
2018-10-10,9.1,9.1,0.0,9.1,0.0,0.0,0.0,0.0,9.1,9.1,9.1,0.0
2018-10-11,9.1,9.1,0.0,9.1,0.0,0.0,0.0,0.0,9.1,9.1,9.1,0.0
2018-10-12,9.1,9.1,0.0,9.1,0.0,0.0,0.0,0.0,9.1,9.1,9.1,0.0
2018-10-15,9.1,9.1,0.0,9.1,0.0,0.0,0.0,0.0,9.1,9.1,9.1,0.0
2018-10-16,9.1,9.1,0.0,9.1,0.0,0.0,0.0,0.0,9.1,9.1,9.1,0.0
2018-10-17,9.1,9.1,0.0,9.1,0.0,0.0,0.0,0.0,9.1,9.1,9.1,0.0
2018-10-18,9.1,9.1,0.0,9.1,0.0,0.0,0.0,0.0,9.1,9.1,9.1,0.0
2018-10-19,9.1,9.1,0.0,9.1,0.0,0.0,0.0,0.0,9.1,9.1,9.1,0.0
2018-10-22,9.1,9.1,0.0,9.1,0.0,0.0,0.0,0.0,9.1,9.1,9.1,0.0
2018-10-23,9.1,9.1,0.0,9.1,0.0,0.0,0.0,0.0,9.1,9.1,9.1,0.0
2018-10-24,9.1,9.1,0.0,9.1,0.0,0.0,0.0,0.0,9.1,9.1,9.1,0.0
2018-10-25,9.1,9.1,0.0,9.1,0.0,0.0,0.0,0.0,9.1,9.1,9.1,0.0
2018-10-26,9.1,9.1,0.0,9.1,0.0,0.0,0.0,0.0,9.1,9.1,9.1,0.0
2018-10-29,9.1,9.1,0.0,9.1,0.0,0.0,0.0,0.0,9.1,9.1,9.1,0.0
2018-10-30,9.1,9.1,0.0,9.1,0.0,0.0,0.0,0.0,9.1,9.1,9.1,0.0
2018-10-31,9.1,9.1,0.0,9.1,0.0,0.0,0.0,0.0,9.1,9.1,9.1,0.0
2018-11-01,9.1,9.1,0.0,9.1,0.0,0.0,0.0,0.0,9.1,9.1,9.1,0.0
2018-11-02,9.1,9.1,0.0,9.1,0.0,0.0,0.0,0.0,9.1,9.1,9.1,0.0
2018-11-05,9.1,9.1,0.0,9.1,0.0,0.0,0.0,0.0,9.1,9.1,9.1,0.0
2018-11-06,9.1,9.1,0.0,9.1,0.0,0.0,0.0,0.0,9.1,9.1,9.1,0.0
2018-11-07,9.1,9.1,0.0,9.1,0.0,0.0,0.0,0.0,9.1,9.1,9.1,0.0
2018-11-08,9.1,9.1,0.0,9.1,0.0,0.0,0.0,0.0,9.1,9.1,9.1,0.0
2018-11-09,9.1,9.1,0.0,9.1,0.0,0.0,0.0,0.0,9.1,9.1,9.1,0.0
2018-11-12,9.1,9.1,0.0,9.1,0.0,0.0,0.0,0.0,9.1,9.1,9.1,0.0
2018-11-13,9.1,9.1,0.0,9.1,0.0,0.0,0.0,0.0,9.1,9.1,9.1,0.0
2018-11-14,9.1,9.1,0.0,9.1,0.0,0.0,0.0,0.0,9.1,9.1,9.1,0.0
2018-11-15,9.1,9.1,0.0,9.1,0.0,0.0,0.0,0.0,9.1,9.1,9.1,0.0
2018-11-16,9.1,9.1,0.0,9.1,0.0,0.0,0.0,0.0,9.1,9.1,9.1,0.0
2018-11-19,9.1,9.1,0.0,9.1,0.0,0.0,0.0,0.0,9.1,9.1,9.1,0.0
2018-11-20,9.1,9.1,0.0,9.1,0.0,0.0,0.0,0.0,9.1,9.1,9.1,0.0
2018-11-21,9.1,9.1,0.0,9.1,0.0,0.0,0.0,0.0,9.1,9.1,9.1,0.0
2018-11-22,9.1,9.1,0.0,9.1,0.0,0.0,0.0,0.0,9.1,9.1,9.1,0.0
2018-11-23,9.1,9.1,0.0,9.1,0.0,0.0,0.0,0.0,9.1,9.1,9.1,0.0
2018-11-26,9.1,9.1,0.0,9.1,0.0,0.0,0.0,0.0,9.1,9.1,9.1,0.0
2018-11-27,9.1,9.1,0.0,9.1,0.0,0.0,0.0,0.0,9.1,9.1,9.1,0.0
2018-11-28,9.1,9.1,0.0,9.1,0.0,0.0,0.0,0.0,9.1,9.1,9.1,0.0
2018-11-29,9.1,9.1,0.0,9.1,0.0,0.0,0.0,0.0,9.1,9.1,9.1,0.0
2018-11-30,9.1,9.1,0.0,9.1,0.0,0.0,0.0,0.0,9.1,9.1,9.1,0.0
2018-12-03,9.1,9.1,0.0,9.1,0.0,0.0,0.0,0.0,9.1,9.1,9.1,0.0
2018-12-04,9.1,9.1,0.0,9.1,0.0,0.0,0.0,0.0,9.1,9.1,9.1,0.0
2018-12-05,9.1,9.1,0.0,9.1,0.0,0.0,0.0,0.0,9.1,9.1,9.1,0.0
2018-12-06,9.1,9.1,0.0,9.1,0.0,0.0,0.0,0.0,9.1,9.1,9.1,0.0
2018-12-07,9.1,9.1,0.0,9.1,0.0,0.0,0.0,0.0,9.1,9.1,9.1,0.0
2018-12-10,9.1,9.1,0.0,9.1,0.0,0.0,0.0,0.0,9.1,9.1,9.1,0.0
2018-12-11,9.1,9.1,0.0,9.1,0.0,0.0,0.0,0.0,9.1,9.1,9.1,0.0
2018-12-12,9.1,9.1,0.0,9.1,0.0,0.0,0.0,0.0,9.1,9.1,9.1,0.0
2018-12-13,9.1,9.1,0.0,9.1,0.0,0.0,0.0,0.0,9.1,9.1,9.1,0.0
2018-12-14,9.1,9.1,0.0,9.1,0.0,0.0,0.0,0.0,9.1,9.1,9.1,0.0
2018-12-17,9.1,9.1,0.0,9.1,0.0,0.0,0.0,0.0,9.1,9.1,9.1,0.0
2018-12-18,9.1,9.1,0.0,9.1,0.0,0.0,0.0,0.0,9.1,9.1,9.1,0.0
2018-12-19,9.1,9.1,0.0,9.1,0.0,0.0,0.0,0.0,9.1,9.1,9.1,0.0
2018-12-20,9.1,9.1,0.0,9.1,200.0,1820000.0,0.0,0.0,9.1,9.1,9.1,200.0
2018-12-21,9.1,9.1,0.0,9.1,0.0,0.0,0.0,0.0,9.1,9.1,9.1,0.0
2018-12-24,9.1,9.1,0.0,9.1,0.0,0.0,0.0,0.0,9.1,9.1,9.1,0.0
2018-12-25,9.1,9.1,0.0,9.1,0.0,0.0,0.0,0.0,9.1,9.1,9.1,0.0
2018-12-26,9.1,9.1,0.0,9.1,0.0,0.0,0.0,0.0,9.1,9.1,9.1,0.0
2018-12-27,9.1,9.1,0.0,9.1,0.0,0.0,0.0,0.0,9.1,9.1,9.1,0.0
2018-12-28,9.1,9.1,0.0,9.1,0.0,0.0,0.0,0.0,9.1,9.1,9.1,0.0
2019-01-02,9.1,9.1,0.0,9.1,0.0,0.0,0.0,0.0,9.1,9.1,9.1,0.0
2019-01-03,9.1,9.1,0.0,9.1,0.0,0.0,0.0,0.0,9.1,9.1,9.1,0.0
2019-01-04,9.1,9.1,0.0,9.1,0.0,0.0,0.0,0.0,9.1,9.1,9.1,0.0
2019-01-07,9.1,9.1,0.0,9.1,0.0,0.0,0.0,0.0,9.1,9.1,9.1,0.0
2019-01-08,9.1,9.1,0.0,9.1,0.0,0.0,0.0,0.0,9.1,9.1,9.1,0.0
2019-01-09,9.1,9.1,0.0,9.1,0.0,0.0,0.0,0.0,9.1,9.1,9.1,0.0
2019-01-10,9.1,9.1,0.0,9.1,0.0,0.0,0.0,0.0,9.1,9.1,9.1,0.0
2019-01-11,9.1,9.1,0.0,9.1,0.0,0.0,0.0,0.0,9.1,9.1,9.1,0.0
2019-01-14,9.1,9.1,0.0,9.1,0.0,0.0,0.0,0.0,9.1,9.1,9.1,0.0
2019-01-15,9.1,9.1,0.0,9.1,0.0,0.0,0.0,0.0,9.1,9.1,9.1,0.0
2019-01-16,9.1,9.1,0.0,9.1,0.0,0.0,0.0,0.0,9.1,9.1,9.1,0.0
2019-01-17,9.1,9.1,0.0,9.1,0.0,0.0,0.0,0.0,9.1,9.1,9.1,0.0
2019-01-18,9.1,9.1,0.0,9.1,0.0,0.0,0.0,0.0,9.1,9.1,9.1,0.0
2019-01-21,9.1,9.1,0.0,9.1,0.0,0.0,0.0,0.0,9.1,9.1,9.1,0.0
2019-01-22,9.1,9.1,0.0,9.1,0.0,0.0,0.0,0.0,9.1,9.1,9.1,0.0
2019-01-23,9.1,9.1,0.0,9.1,0.0,0.0,0.0,0.0,9.1,9.1,9.1,0.0
2019-01-24,9.1,9.1,0.0,9.1,0.0,0.0,0.0,0.0,9.1,9.1,9.1,0.0
2019-01-25,9.1,9.1,0.0,9.1,0.0,0.0,0.0,0.0,9.1,9.1,9.1,0.0
2019-01-28,9.1,9.1,0.0,9.1,0.0,0.0,0.0,0.0,9.1,9.1,9.1,0.0
2019-01-29,9.1,9.1,0.0,9.1,0.0,0.0,0.0,0.0,9.1,9.1,9.1,0.0
2019-01-30,9.1,9.1,0.0,9.1,0.0,0.0,0.0,0.0,9.1,9.1,9.1,0.0
2019-01-31,9.1,9.1,0.0,9.1,0.0,0.0,0.0,0.0,9.1,9.1,9.1,0.0
2019-02-01,9.1,9.1,0.0,9.1,0.0,0.0,0.0,0.0,9.1,9.1,9.1,0.0
2019-02-11,9.1,9.1,0.0,9.1,0.0,0.0,0.0,0.0,9.1,9.1,9.1,0.0
2019-02-12,9.1,9.1,0.0,9.1,0.0,0.0,0.0,0.0,9.1,9.1,9.1,0.0
2019-02-13,9.1,9.1,0.0,9.1,0.0,0.0,0.0,0.0,9.1,9.1,9.1,0.0
2019-02-14,9.1,9.1,0.0,9.1,0.0,0.0,0.0,0.0,9.1,9.1,9.1,0.0
2019-02-15,9.1,9.1,0.0,9.1,0.0,0.0,0.0,0.0,9.1,9.1,9.1,0.0
2019-02-18,9.1,9.1,0.0,9.1,0.0,0.0,0.0,0.0,9.1,9.1,9.1,0.0
2019-02-19,9.1,9.1,0.0,9.1,0.0,0.0,0.0,0.0,9.1,9.1,9.1,0.0
2019-02-20,9.1,9.1,0.0,9.1,0.0,0.0,0.0,0.0,9.1,9.1,9.1,0.0
2019-02-21,9.1,9.1,0.0,9.1,0.0,0.0,0.0,0.0,9.1,9.1,9.1,0.0
2019-02-22,9.1,9.1,0.0,9.1,0.0,0.0,0.0,0.0,9.1,9.1,9.1,0.0
2019-02-25,9.1,9.1,0.0,9.1,0.0,0.0,0.0,0.0,9.1,9.1,9.1,0.0
2019-02-26,9.1,9.1,0.0,9.1,0.0,0.0,0.0,0.0,9.1,9.1,9.1,0.0
2019-02-27,9.1,9.1,0.0,9.1,0.0,0.0,0.0,0.0,9.1,9.1,9.1,0.0
2019-02-28,9.1,9.1,0.0,9.1,0.0,0.0,0.0,0.0,9.1,9.1,9.1,0.0
2019-03-01,9.1,9.1,0.0,9.1,0.0,0.0,0.0,0.0,9.1,9.1,9.1,0.0
2019-03-04,9.1,9.1,0.0,9.1,0.0,0.0,0.0,0.0,9.1,9.1,9.1,0.0
2019-03-05,9.1,9.1,0.0,9.1,0.0,0.0,0.0,0.0,9.1,9.1,9.1,0.0
2019-03-06,9.1,9.1,0.0,9.1,0.0,0.0,0.0,0.0,9.1,9.1,9.1,0.0
2019-03-07,9.1,9.1,0.0,9.1,0.0,0.0,0.0,0.0,9.1,9.1,9.1,0.0
2019-03-08,9.1,9.1,0.0,9.1,0.0,0.0,0.0,0.0,9.1,9.1,9.1,0.0
2019-03-11,9.1,9.1,0.0,9.1,0.0,0.0,0.0,0.0,9.1,9.1,9.1,0.0
2019-03-12,9.1,9.1,0.0,9.1,0.0,0.0,0.0,0.0,9.1,9.1,9.1,0.0
2019-03-13,9.1,9.1,0.0,9.1,0.0,0.0,0.0,0.0,9.1,9.1,9.1,0.0
2019-03-14,9.1,9.1,0.0,9.1,0.0,0.0,0.0,0.0,9.1,9.1,9.1,0.0
2019-03-15,9.1,9.1,0.0,9.1,0.0,0.0,0.0,0.0,9.1,9.1,9.1,0.0
2019-03-18,9.1,9.1,0.0,9.1,0.0,0.0,0.0,0.0,9.1,9.1,9.1,0.0
2019-03-19,9.1,9.1,0.0,9.1,0.0,0.0,0.0,0.0,9.1,9.1,9.1,0.0
2019-03-20,9.1,9.1,0.0,9.1,0.0,0.0,0.0,0.0,9.1,9.1,9.1,0.0
2019-03-21,9.1,9.1,0.0,9.1,0.0,0.0,0.0,0.0,9.1,9.1,9.1,0.0
2019-03-22,9.1,9.1,0.0,9.1,0.0,0.0,0.0,0.0,9.1,9.1,9.1,0.0
2019-03-25,9.1,9.1,0.0,9.1,0.0,0.0,0.0,0.0,9.1,9.1,9.1,0.0
2019-03-26,9.1,9.1,0.0,9.1,0.0,0.0,0.0,0.0,9.1,9.1,9.1,0.0
2019-03-27,8.2,8.2,-9.8901,8.2,100.0,820000.0,0.0,0.0,8.2,8.2,8.2,100.0
2019-03-28,8.2,8.2,0.0,8.2,0.0,0.0,0.0,0.0,8.2,8.2,8.2,0.0
2019-03-29,8.2,8.2,0.0,8.2,0.0,0.0,0.0,0.0,8.2,8.2,8.2,0.0
2019-04-01,8.2,8.2,0.0,8.2,100.0,820000.0,0.0,0.0,8.2,8.2,8.2,100.0
2019-04-02,7.5,7.5,-8.5366,7.5,100.0,750000.0,0.0,0.0,7.5,7.5,7.5,100.0
2019-04-03,7.5,7.5,0.0,7.5,0.0,0.0,0.0,0.0,7.5,7.5,7.5,0.0
2019-04-04,7.5,7.5,0.0,7.5,0.0,0.0,0.0,0.0,7.5,7.5,7.5,0.0
2019-04-05,7.5,7.5,0.0,7.5,0.0,0.0,0.0,0.0,7.5,7.5,7.5,0.0
2019-04-08,6.9,6.9,-8.0,7.141,1710.0,12209000.0,0.0,0.0,7.3,7.3,6.9,1710.0
2019-04-09,6.9,6.9,0.0,6.9,0.0,0.0,0.0,0.0,6.9,6.9,6.9,0.0
2019-04-10,6.3,6.3,-8.6957,6.4,1600.0,10240000.0,0.0,0.0,6.5,6.5,6.3,1600.0
2019-04-11,5.7,5.7,-9.5238,5.75,3200.0,18400000.0,0.0,0.0,5.9,5.9,5.7,3200.0
2019-04-12,5.4,5.4,-5.2632,5.4,344.0,1853200.0,0.0,0.0,5.4,5.4,5.4,344.0
2019-04-16,5.4,5.4,0.0,5.4,22.0,118800.0,0.0,0.0,5.4,5.4,5.4,22.0
2019-04-17,5.4,5.4,0.0,5.4,20.0,102000.0,0.0,0.0,5.4,5.4,5.4,20.0
2019-04-18,5.4,5.4,0.0,5.4,0.0,0.0,0.0,0.0,5.4,5.4,5.4,0.0
2019-04-19,5.8,5.8,7.4074,5.6,1500.0,8400000.0,0.0,0.0,5.5,5.8,5.5,1500.0
2019-04-22,6.2,6.2,6.8966,6.1,410.0,2498000.0,0.0,0.0,6.2,6.2,6.0,410.0
2019-04-23,6.2,6.2,0.0,6.2,0.0,0.0,0.0,0.0,6.2,6.2,6.2,0.0
2019-04-24,6.8,6.8,9.6774,6.8,400.0,2720000.0,0.0,0.0,6.8,6.8,6.8,400.0
2019-04-25,6.8,6.8,0.0,6.8,0.0,0.0,0.0,0.0,6.8,6.8,6.8,0.0
2019-04-26,6.8,6.8,0.0,6.8,0.0,0.0,0.0,0.0,6.8,6.8,6.8,0.0
2019-05-02,6.8,6.8,0.0,6.8,0.0,0.0,0.0,0.0,6.8,6.8,6.8,0.0
2019-05-03,6.8,6.8,0.0,6.8,0.0,0.0,0.0,0.0,6.8,6.8,6.8,0.0
2019-05-06,6.8,6.8,0.0,6.8,0.0,0.0,0.0,0.0,6.8,6.8,6.8,0.0
2019-05-07,6.8,6.8,0.0,6.8,0.0,0.0,0.0,0.0,6.8,6.8,6.8,0.0
2019-05-08,6.8,6.8,0.0,6.8,0.0,0.0,0.0,0.0,6.8,6.8,6.8,0.0
2019-05-09,6.8,6.8,0.0,6.8,0.0,0.0,0.0,0.0,6.8,6.8,6.8,0.0
2019-05-10,6.8,6.8,0.0,6.8,0.0,0.0,0.0,0.0,6.8,6.8,6.8,0.0
2019-05-13,6.2,6.2,-8.8235,6.2,700.0,4340000.0,0.0,0.0,6.2,6.2,6.2,700.0
2019-05-14,6.2,6.2,0.0,6.2,10.0,57000.0,0.0,0.0,6.2,6.2,6.2,10.0
2019-05-15,6.2,6.2,0.0,6.2,0.0,0.0,0.0,0.0,6.2,6.2,6.2,0.0
2019-05-16,6.2,6.2,0.0,6.2,0.0,0.0,0.0,0.0,6.2,6.2,6.2,0.0
2019-05-17,6.2,6.2,0.0,6.2,0.0,0.0,0.0,0.0,6.2,6.2,6.2,0.0
2019-05-20,6.2,6.2,0.0,6.2,0.0,0.0,0.0,0.0,6.2,6.2,6.2,0.0
2019-05-21,6.2,6.2,0.0,6.2,0.0,0.0,0.0,0.0,6.2,6.2,6.2,0.0
2019-05-22,6.2,6.2,0.0,6.2,0.0,0.0,0.0,0.0,6.2,6.2,6.2,0.0
2019-05-23,6.2,6.2,0.0,6.2,0.0,0.0,0.0,0.0,6.2,6.2,6.2,0.0
2019-05-24,6.2,6.2,0.0,6.2,0.0,0.0,0.0,0.0,6.2,6.2,6.2,0.0
2019-05-27,6.2,6.2,0.0,6.2,0.0,0.0,0.0,0.0,6.2,6.2,6.2,0.0
2019-05-28,5.8,5.8,-6.4516,5.8,800.0,4640000.0,0.0,0.0,5.8,5.8,5.8,800.0
2019-05-29,5.8,5.8,0.0,5.8,0.0,0.0,0.0,0.0,5.8,5.8,5.8,0.0
2019-05-30,5.8,5.8,0.0,5.8,0.0,0.0,0.0,0.0,5.8,5.8,5.8,0.0
2019-05-31,5.8,5.8,0.0,5.8,0.0,0.0,0.0,0.0,5.8,5.8,5.8,0.0
2019-06-03,5.8,5.8,0.0,5.8,0.0,0.0,0.0,0.0,5.8,5.8,5.8,0.0
2019-06-04,5.8,5.8,0.0,5.8,0.0,0.0,0.0,0.0,5.8,5.8,5.8,0.0
2019-06-05,5.8,5.8,0.0,5.8,0.0,0.0,0.0,0.0,5.8,5.8,5.8,0.0
2019-06-06,5.8,5.8,0.0,5.8,0.0,0.0,0.0,0.0,5.8,5.8,5.8,0.0
2019-06-07,5.8,5.8,0.0,5.8,0.0,0.0,0.0,0.0,5.8,5.8,5.8,0.0
2019-06-10,5.8,5.8,0.0,5.8,0.0,0.0,0.0,0.0,5.8,5.8,5.8,0.0
2019-06-11,5.8,5.8,0.0,5.8,0.0,0.0,0.0,0.0,5.8,5.8,5.8,0.0
2019-06-12,5.8,5.8,0.0,5.8,0.0,0.0,0.0,0.0,5.8,5.8,5.8,0.0
2019-06-13,5.8,5.8,0.0,5.8,0.0,0.0,0.0,0.0,5.8,5.8,5.8,0.0
2019-06-14,5.8,5.8,0.0,5.8,0.0,0.0,0.0,0.0,5.8,5.8,5.8,0.0
2019-06-17,5.8,5.8,0.0,5.8,0.0,0.0,0.0,0.0,5.8,5.8,5.8,0.0
2019-06-18,5.8,5.8,0.0,5.8,0.0,0.0,0.0,0.0,5.8,5.8,5.8,0.0
2019-06-19,5.8,5.8,0.0,5.8,0.0,0.0,0.0,0.0,5.8,5.8,5.8,0.0
2019-06-20,5.8,5.8,0.0,5.8,0.0,0.0,0.0,0.0,5.8,5.8,5.8,0.0
2019-06-21,5.8,5.8,0.0,5.8,0.0,0.0,0.0,0.0,5.8,5.8,5.8,0.0
2019-06-24,5.8,5.8,0.0,5.8,0.0,0.0,0.0,0.0,5.8,5.8,5.8,0.0
2019-06-25,5.8,5.8,0.0,5.8,0.0,0.0,0.0,0.0,5.8,5.8,5.8,0.0
2019-06-26,5.8,5.8,0.0,5.8,0.0,0.0,0.0,0.0,5.8,5.8,5.8,0.0
2019-06-27,5.8,5.8,0.0,5.8,0.0,0.0,0.0,0.0,5.8,5.8,5.8,0.0
2019-06-28,5.8,5.8,0.0,5.8,0.0,0.0,0.0,0.0,5.8,5.8,5.8,0.0
2019-07-01,5.8,5.8,0.0,5.8,0.0,0.0,0.0,0.0,5.8,5.8,5.8,0.0
2019-07-02,5.8,5.8,0.0,5.8,0.0,0.0,0.0,0.0,5.8,5.8,5.8,0.0
2019-07-03,5.8,5.8,0.0,5.8,0.0,0.0,0.0,0.0,5.8,5.8,5.8,0.0
2019-07-04,5.8,5.8,0.0,5.8,0.0,0.0,0.0,0.0,5.8,5.8,5.8,0.0
2019-07-05,5.8,5.8,0.0,5.8,0.0,0.0,0.0,0.0,5.8,5.8,5.8,0.0
2019-07-08,5.8,5.8,0.0,5.8,0.0,0.0,0.0,0.0,5.8,5.8,5.8,0.0
2019-07-09,5.8,5.8,0.0,5.8,0.0,0.0,0.0,0.0,5.8,5.8,5.8,0.0
2019-07-10,5.8,5.8,0.0,5.8,0.0,0.0,0.0,0.0,5.8,5.8,5.8,0.0
2019-07-11,5.8,5.8,0.0,5.8,0.0,0.0,0.0,0.0,5.8,5.8,5.8,0.0
2019-07-12,5.8,5.8,0.0,5.8,0.0,0.0,0.0,0.0,5.8,5.8,5.8,0.0
2019-07-15,5.8,5.8,0.0,5.8,0.0,0.0,0.0,0.0,5.8,5.8,5.8,0.0
2019-07-16,5.8,5.8,0.0,5.8,0.0,0.0,0.0,0.0,5.8,5.8,5.8,0.0
2019-07-17,5.8,5.8,0.0,5.8,0.0,0.0,0.0,0.0,5.8,5.8,5.8,0.0
2019-07-18,5.8,5.8,0.0,5.8,0.0,0.0,0.0,0.0,5.8,5.8,5.8,0.0
2019-07-19,5.8,5.8,0.0,5.8,0.0,0.0,0.0,0.0,5.8,5.8,5.8,0.0
2019-07-22,5.8,5.8,0.0,5.8,0.0,0.0,0.0,0.0,5.8,5.8,5.8,0.0
2019-07-23,5.8,5.8,0.0,5.8,0.0,0.0,0.0,0.0,5.8,5.8,5.8,0.0
2019-07-24,5.8,5.8,0.0,5.8,0.0,0.0,0.0,0.0,5.8,5.8,5.8,0.0
2019-07-25,5.8,5.8,0.0,5.8,0.0,0.0,0.0,0.0,5.8,5.8,5.8,0.0
2019-07-26,5.8,5.8,0.0,5.8,0.0,0.0,0.0,0.0,5.8,5.8,5.8,0.0
2019-07-29,5.8,5.8,0.0,5.8,0.0,0.0,0.0,0.0,5.8,5.8,5.8,0.0
2019-07-30,5.8,5.8,0.0,5.8,0.0,0.0,0.0,0.0,5.8,5.8,5.8,0.0
2019-07-31,5.8,5.8,0.0,5.8,0.0,0.0,0.0,0.0,5.8,5.8,5.8,0.0
2019-08-01,5.8,5.8,0.0,5.8,0.0,0.0,0.0,0.0,5.8,5.8,5.8,0.0
2019-08-02,5.8,5.8,0.0,5.8,1000.0,5800000.0,0.0,0.0,5.8,5.8,5.8,1000.0
2019-08-05,5.8,5.8,0.0,5.8,10.0,53000.0,0.0,0.0,5.8,5.8,5.8,10.0
2019-08-06,5.8,5.8,0.0,5.8,0.0,0.0,0.0,0.0,5.8,5.8,5.8,0.0
2019-08-07,5.8,5.8,0.0,5.8,0.0,0.0,0.0,0.0,5.8,5.8,5.8,0.0
2019-08-08,5.8,5.8,0.0,5.8,88.0,466400.0,0.0,0.0,5.8,5.8,5.8,88.0
2019-08-09,5.8,5.8,0.0,5.8,0.0,0.0,0.0,0.0,5.8,5.8,5.8,0.0
2019-08-12,5.8,5.8,0.0,5.8,0.0,0.0,0.0,0.0,5.8,5.8,5.8,0.0
2019-08-13,5.7,5.7,-1.7241,5.7,100.0,570000.0,0.0,0.0,5.7,5.7,5.7,100.0
2019-08-14,5.8,5.8,1.7544,5.8,1000.0,5800000.0,0.0,0.0,5.8,5.8,5.8,1000.0
2019-08-15,5.8,5.8,0.0,5.8,0.0,0.0,0.0,0.0,5.8,5.8,5.8,0.0
2019-08-16,5.8,5.8,0.0,5.8,0.0,0.0,0.0,0.0,5.8,5.8,5.8,0.0
2019-08-19,5.8,5.8,0.0,5.8,600.0,3480000.0,0.0,0.0,5.8,5.8,5.8,600.0
2019-08-20,5.8,5.8,0.0,5.8,0.0,0.0,0.0,0.0,5.8,5.8,5.8,0.0
2019-08-21,5.8,5.8,0.0,5.8,0.0,0.0,0.0,0.0,5.8,5.8,5.8,0.0
2019-08-22,5.8,5.8,0.0,5.8,0.0,0.0,0.0,0.0,5.8,5.8,5.8,0.0
2019-08-23,5.8,5.8,0.0,5.8,0.0,0.0,0.0,0.0,5.8,5.8,5.8,0.0
2019-08-26,5.8,5.8,0.0,5.8,0.0,0.0,0.0,0.0,5.8,5.8,5.8,0.0
2019-08-27,5.8,5.8,0.0,5.8,0.0,0.0,0.0,0.0,5.8,5.8,5.8,0.0
2019-08-28,5.8,5.8,0.0,5.8,0.0,0.0,0.0,0.0,5.8,5.8,5.8,0.0
2019-08-29,5.8,5.8,0.0,5.8,0.0,0.0,0.0,0.0,5.8,5.8,5.8,0.0
2019-08-30,5.8,5.8,0.0,5.8,0.0,0.0,0.0,0.0,5.8,5.8,5.8,0.0
2019-09-03,5.8,5.8,0.0,5.8,0.0,0.0,0.0,0.0,5.8,5.8,5.8,0.0
2019-09-04,5.8,5.8,0.0,5.8,0.0,0.0,0.0,0.0,5.8,5.8,5.8,0.0
2019-09-05,5.8,5.8,0.0,5.8,0.0,0.0,0.0,0.0,5.8,5.8,5.8,0.0
2019-09-06,5.8,5.8,0.0,5.8,0.0,0.0,0.0,0.0,5.8,5.8,5.8,0.0
2019-09-09,5.8,5.8,0.0,5.8,0.0,0.0,0.0,0.0,5.8,5.8,5.8,0.0
2019-09-10,5.8,5.8,0.0,5.8,0.0,0.0,0.0,0.0,5.8,5.8,5.8,0.0
2019-09-11,5.8,5.8,0.0,5.8,0.0,0.0,0.0,0.0,5.8,5.8,5.8,0.0
2019-09-12,5.8,5.8,0.0,5.8,0.0,0.0,0.0,0.0,5.8,5.8,5.8,0.0
2019-09-13,5.8,5.8,0.0,5.8,0.0,0.0,0.0,0.0,5.8,5.8,5.8,0.0
2019-09-16,5.8,5.8,0.0,5.8,0.0,0.0,0.0,0.0,5.8,5.8,5.8,0.0
2019-09-17,5.3,5.3,-8.6207,5.3,800.0,4240000.0,0.0,0.0,5.3,5.3,5.3,800.0
2019-09-18,5.3,5.3,0.0,5.3,10.0,49000.0,0.0,0.0,5.3,5.3,5.3,10.0
2019-09-19,5.3,5.3,0.0,5.3,0.0,0.0,0.0,0.0,5.3,5.3,5.3,0.0
2019-09-20,5.3,5.3,0.0,5.3,0.0,0.0,0.0,0.0,5.3,5.3,5.3,0.0
2019-09-23,5.3,5.3,0.0,5.3,93.0,455700.0,0.0,0.0,5.3,5.3,5.3,93.0
2019-09-24,5.3,5.3,0.0,5.3,200.0,1060000.0,0.0,0.0,5.3,5.3,5.3,200.0
2019-09-25,5.3,5.3,0.0,5.3,0.0,0.0,0.0,0.0,5.3,5.3,5.3,0.0
2019-09-26,5.8,5.8,9.434,5.8,100.0,580000.0,0.0,0.0,5.8,5.8,5.8,100.0
2019-09-27,5.8,5.8,0.0,5.8,0.0,0.0,0.0,0.0,5.8,5.8,5.8,0.0
2019-09-30,5.8,5.8,0.0,5.8,0.0,0.0,0.0,0.0,5.8,5.8,5.8,0.0
2019-10-01,5.8,5.8,0.0,5.8,0.0,0.0,0.0,0.0,5.8,5.8,5.8,0.0
2019-10-02,5.8,5.8,0.0,5.8,0.0,0.0,0.0,0.0,5.8,5.8,5.8,0.0
2019-10-03,6.3,6.3,8.6207,6.3,100.0,630000.0,0.0,0.0,6.3,6.3,6.3,100.0
2019-10-04,6.3,6.3,0.0,6.3,0.0,0.0,0.0,0.0,6.3,6.3,6.3,0.0
2019-10-07,6.3,6.3,0.0,6.3,0.0,0.0,0.0,0.0,6.3,6.3,6.3,0.0
2019-10-08,5.7,5.7,-9.5238,5.7,100.0,570000.0,0.0,0.0,5.7,5.7,5.7,100.0
2019-10-09,5.7,5.7,0.0,5.7,0.0,0.0,0.0,0.0,5.7,5.7,5.7,0.0
2019-10-10,5.7,5.7,0.0,5.7,0.0,0.0,0.0,0.0,5.7,5.7,5.7,0.0
2019-10-11,5.7,5.7,0.0,5.7,0.0,0.0,0.0,0.0,5.7,5.7,5.7,0.0
2019-10-14,5.7,5.7,0.0,5.7,0.0,0.0,0.0,0.0,5.7,5.7,5.7,0.0
2019-10-15,5.7,5.7,0.0,5.7,0.0,0.0,0.0,0.0,5.7,5.7,5.7,0.0
2019-10-16,5.7,5.7,0.0,5.7,0.0,0.0,0.0,0.0,5.7,5.7,5.7,0.0
2019-10-17,5.7,5.7,0.0,5.7,0.0,0.0,0.0,0.0,5.7,5.7,5.7,0.0
2019-10-18,5.7,5.7,0.0,5.7,0.0,0.0,0.0,0.0,5.7,5.7,5.7,0.0
2019-10-21,5.7,5.7,0.0,5.7,0.0,0.0,0.0,0.0,5.7,5.7,5.7,0.0
2019-10-22,5.7,5.7,0.0,5.7,0.0,0.0,0.0,0.0,5.7,5.7,5.7,0.0
2019-10-23,5.7,5.7,0.0,5.7,0.0,0.0,0.0,0.0,5.7,5.7,5.7,0.0
2019-10-24,5.7,5.7,0.0,5.7,0.0,0.0,0.0,0.0,5.7,5.7,5.7,0.0
2019-10-25,5.7,5.7,0.0,5.7,0.0,0.0,0.0,0.0,5.7,5.7,5.7,0.0
2019-10-28,5.7,5.7,0.0,5.7,0.0,0.0,0.0,0.0,5.7,5.7,5.7,0.0
2019-10-29,5.7,5.7,0.0,5.7,0.0,0.0,0.0,0.0,5.7,5.7,5.7,0.0
2019-10-30,5.7,5.7,0.0,5.7,0.0,0.0,0.0,0.0,5.7,5.7,5.7,0.0
2019-10-31,6.2,6.2,8.7719,6.2,100.0,620000.0,0.0,0.0,6.2,6.2,6.2,100.0
2019-11-01,6.2,6.2,0.0,6.2,0.0,0.0,0.0,0.0,6.2,6.2,6.2,0.0
2019-11-04,6.2,6.2,0.0,6.2,0.0,0.0,0.0,0.0,6.2,6.2,6.2,0.0
2019-11-05,6.2,6.2,0.0,6.2,0.0,0.0,0.0,0.0,6.2,6.2,6.2,0.0
2019-11-06,5.6,5.6,-9.6774,5.6,100.0,560000.0,0.0,0.0,5.6,5.6,5.6,100.0
2019-11-07,5.6,5.6,0.0,5.6,0.0,0.0,0.0,0.0,5.6,5.6,5.6,0.0
2019-11-08,5.6,5.6,0.0,5.6,0.0,0.0,0.0,0.0,5.6,5.6,5.6,0.0
2019-11-11,5.6,5.6,0.0,5.6,0.0,0.0,0.0,0.0,5.6,5.6,5.6,0.0
2019-11-12,5.6,5.6,0.0,5.6,0.0,0.0,0.0,0.0,5.6,5.6,5.6,0.0
2019-11-13,5.6,5.6,0.0,5.6,400.0,2240000.0,0.0,0.0,5.6,5.6,5.6,400.0
2019-11-14,5.6,5.6,0.0,5.6,0.0,0.0,0.0,0.0,5.6,5.6,5.6,0.0
2019-11-15,5.6,5.6,0.0,5.6,0.0,0.0,0.0,0.0,5.6,5.6,5.6,0.0
2019-11-18,5.3,5.3,-5.3571,5.3,200.0,1060000.0,0.0,0.0,5.3,5.3,5.3,200.0
2019-11-19,5.3,5.3,0.0,5.3,0.0,0.0,0.0,0.0,5.3,5.3,5.3,0.0
2019-11-20,5.3,5.3,0.0,5.3,0.0,0.0,0.0,0.0,5.3,5.3,5.3,0.0
2019-11-21,5.3,5.3,0.0,5.3,0.0,0.0,0.0,0.0,5.3,5.3,5.3,0.0
2019-11-22,5.3,5.3,0.0,5.3,0.0,0.0,0.0,0.0,5.3,5.3,5.3,0.0
2019-11-25,5.3,5.3,0.0,5.3,0.0,0.0,0.0,0.0,5.3,5.3,5.3,0.0
2019-11-26,5.3,5.3,0.0,5.3,0.0,0.0,0.0,0.0,5.3,5.3,5.3,0.0
2019-11-27,5.8,5.8,9.434,5.8,200.0,1160000.0,0.0,0.0,5.8,5.8,5.8,200.0
2019-11-28,5.3,5.3,-8.6207,5.3,300.0,1590000.0,0.0,0.0,5.3,5.3,5.3,300.0
2019-11-29,5.3,5.3,0.0,5.3,0.0,0.0,0.0,0.0,5.3,5.3,5.3,0.0
2019-12-02,4.9,4.9,-7.5472,4.9,500.0,2450000.0,0.0,0.0,4.9,4.9,4.9,500.0
2019-12-03,4.9,4.9,0.0,4.9,0.0,0.0,0.0,0.0,4.9,4.9,4.9,0.0
2019-12-04,4.9,4.9,0.0,4.9,59.0,271400.0,0.0,0.0,4.9,4.9,4.9,59.0
2019-12-05,5.3,5.3,8.1633,5.09,10000.0,50900000.0,0.0,0.0,5.0,5.3,5.0,10000.0
2019-12-06,5.3,5.3,0.0,5.3,0.0,0.0,0.0,0.0,5.3,5.3,5.3,0.0
2019-12-09,5.3,5.3,0.0,5.3,0.0,0.0,0.0,0.0,5.3,5.3,5.3,0.0
2019-12-10,5.3,5.3,0.0,5.3,0.0,0.0,0.0,0.0,5.3,5.3,5.3,0.0
2019-12-11,5.3,5.3,0.0,5.3,0.0,0.0,0.0,0.0,5.3,5.3,5.3,0.0
2019-12-12,5.3,5.3,0.0,5.3,0.0,0.0,0.0,0.0,5.3,5.3,5.3,0.0
2019-12-13,5.8,5.8,9.434,5.8,100.0,580000.0,0.0,0.0,5.8,5.8,5.8,100.0
2019-12-16,5.8,5.8,0.0,5.8,0.0,0.0,0.0,0.0,5.8,5.8,5.8,0.0
2019-12-17,5.8,5.8,0.0,5.8,0.0,0.0,0.0,0.0,5.8,5.8,5.8,0.0
2019-12-18,6.3,6.3,8.6207,6.3,100.0,630000.0,0.0,0.0,6.3,6.3,6.3,100.0
2019-12-19,6.3,6.3,0.0,6.3,0.0,0.0,0.0,0.0,6.3,6.3,6.3,0.0
2019-12-20,6.3,6.3,0.0,6.3,0.0,0.0,0.0,0.0,6.3,6.3,6.3,0.0
2019-12-23,6.3,6.3,0.0,6.3,0.0,0.0,0.0,0.0,6.3,6.3,6.3,0.0
2019-12-24,6.5,6.5,3.1746,6.5,100.0,650000.0,0.0,0.0,6.5,6.5,6.5,100.0
2019-12-25,6.5,6.5,0.0,6.5,0.0,0.0,0.0,0.0,6.5,6.5,6.5,0.0
2019-12-26,6.5,6.5,0.0,6.5,0.0,0.0,0.0,0.0,6.5,6.5,6.5,0.0
2019-12-27,5.9,5.9,-9.2308,5.9,109.0,643100.0,0.0,0.0,5.9,5.9,5.9,109.0
2019-12-30,5.9,5.9,0.0,5.9,0.0,0.0,0.0,0.0,5.9,5.9,5.9,0.0
2019-12-31,5.9,5.9,0.0,5.9,0.0,0.0,0.0,0.0,5.9,5.9,5.9,0.0
2020-01-02,5.9,5.9,0.0,5.9,0.0,0.0,0.0,0.0,5.9,5.9,5.9,0.0
2020-01-03,6.3,6.3,6.7797,6.3,100.0,630000.0,0.0,0.0,6.3,6.3,6.3,100.0
2020-01-06,6.5,6.5,3.1746,6.5,200.0,1300000.0,0.0,0.0,6.5,6.5,6.5,200.0
2020-01-07,6.5,6.5,0.0,6.5,0.0,0.0,0.0,0.0,6.5,6.5,6.5,0.0
2020-01-08,6.9,6.9,6.1538,6.9,100.0,690000.0,0.0,0.0,6.9,6.9,6.9,100.0
2020-01-09,6.9,6.9,0.0,6.9,0.0,0.0,0.0,0.0,6.9,6.9,6.9,0.0
2020-01-10,6.9,6.9,0.0,6.9,0.0,0.0,0.0,0.0,6.9,6.9,6.9,0.0
2020-01-13,6.3,6.3,-8.6957,6.3,500.0,3150000.0,0.0,0.0,6.3,6.3,6.3,500.0
2020-01-14,6.3,6.3,0.0,6.3,0.0,0.0,0.0,0.0,6.3,6.3,6.3,0.0
2020-01-15,6.3,6.3,0.0,6.3,500.0,3150000.0,0.0,0.0,6.3,6.3,6.3,500.0
2020-01-16,5.8,5.8,-7.9365,5.8,1900.0,11020000.0,0.0,0.0,5.8,5.8,5.8,1900.0
2020-01-17,5.8,5.8,0.0,5.8,0.0,0.0,0.0,0.0,5.8,5.8,5.8,0.0
2020-01-20,5.8,5.8,0.0,5.8,100.0,580000.0,0.0,0.0,5.8,5.8,5.8,100.0
2020-01-21,5.8,5.8,0.0,5.8,0.0,0.0,0.0,0.0,5.8,5.8,5.8,0.0
2020-01-22,5.8,5.8,0.0,5.8,0.0,0.0,0.0,0.0,5.8,5.8,5.8,0.0
2020-01-30,5.8,5.8,0.0,5.8,0.0,0.0,0.0,0.0,5.8,5.8,5.8,0.0
2020-01-31,5.8,5.8,0.0,5.8,0.0,0.0,0.0,0.0,5.8,5.8,5.8,0.0
2020-02-03,5.8,5.8,0.0,5.8,0.0,0.0,0.0,0.0,5.8,5.8,5.8,0.0
2020-02-04,5.8,5.8,0.0,5.8,0.0,0.0,0.0,0.0,5.8,5.8,5.8,0.0
2020-02-05,5.8,5.8,0.0,5.8,0.0,0.0,0.0,0.0,5.8,5.8,5.8,0.0
2020-02-06,5.4,5.4,-6.8966,5.76,500.0,2880000.0,0.0,0.0,6.3,6.3,5.4,500.0
2020-02-07,5.4,5.4,0.0,5.4,0.0,0.0,0.0,0.0,5.4,5.4,5.4,0.0
2020-02-10,5.4,5.4,0.0,5.4,0.0,0.0,0.0,0.0,5.4,5.4,5.4,0.0
2020-02-11,4.9,4.9,-9.2593,4.92,2000.0,9840000.0,0.0,0.0,5.0,5.0,4.9,2000.0
2020-02-12,4.9,4.9,0.0,4.9,0.0,0.0,0.0,0.0,4.9,4.9,4.9,0.0
2020-02-13,4.9,4.9,0.0,4.9,0.0,0.0,0.0,0.0,4.9,4.9,4.9,0.0
2020-02-14,4.9,4.9,0.0,4.9,0.0,0.0,0.0,0.0,4.9,4.9,4.9,0.0
2020-02-17,5.3,5.3,8.1633,5.225,400.0,2090000.0,0.0,0.0,5.0,5.3,5.0,400.0
2020-02-18,5.8,5.8,9.434,5.8,700.0,4060000.0,0.0,0.0,5.8,5.8,5.8,700.0
2020-02-19,5.8,5.8,0.0,5.8,200.0,1160000.0,0.0,0.0,5.8,5.8,5.8,200.0
2020-02-20,5.8,5.8,0.0,5.8,100.0,580000.0,0.0,0.0,5.8,5.8,5.8,100.0
2020-02-21,5.8,5.8,0.0,5.8,0.0,0.0,0.0,0.0,5.8,5.8,5.8,0.0
2020-02-24,5.8,5.8,0.0,5.8,0.0,0.0,0.0,0.0,5.8,5.8,5.8,0.0
2020-02-25,5.8,5.8,0.0,5.8,0.0,0.0,0.0,0.0,5.8,5.8,5.8,0.0
2020-02-26,5.8,5.8,0.0,5.8,0.0,0.0,0.0,0.0,5.8,5.8,5.8,0.0
2020-02-27,5.8,5.8,0.0,5.8,0.0,0.0,0.0,0.0,5.8,5.8,5.8,0.0
2020-02-28,5.8,5.8,0.0,5.8,0.0,0.0,0.0,0.0,5.8,5.8,5.8,0.0
2020-03-02,5.8,5.8,0.0,5.8,0.0,0.0,0.0,0.0,5.8,5.8,5.8,0.0
2020-03-03,6.0,6.0,3.4483,6.0,400.0,2400000.0,0.0,0.0,6.0,6.0,6.0,400.0
2020-03-04,5.5,5.5,-8.3333,5.5,1600.0,8800000.0,0.0,0.0,5.5,5.5,5.5,1600.0
2020-03-05,5.8,5.8,5.4545,5.8,400.0,2320000.0,0.0,0.0,5.8,5.8,5.8,400.0
2020-03-06,5.8,5.8,0.0,5.8,0.0,0.0,0.0,0.0,5.8,5.8,5.8,0.0
2020-03-09,5.8,5.8,0.0,5.8,0.0,0.0,0.0,0.0,5.8,5.8,5.8,0.0
2020-03-10,5.8,5.8,0.0,5.8,0.0,0.0,0.0,0.0,5.8,5.8,5.8,0.0
2020-03-11,5.8,5.8,0.0,5.8,0.0,0.0,0.0,0.0,5.8,5.8,5.8,0.0
2020-03-12,5.8,5.8,0.0,5.8,0.0,0.0,0.0,0.0,5.8,5.8,5.8,0.0
2020-03-13,6.0,6.0,3.4483,6.0,2000.0,12000000.0,0.0,0.0,6.0,6.0,6.0,2000.0
2020-03-16,6.0,6.0,0.0,6.0,0.0,0.0,0.0,0.0,6.0,6.0,6.0,0.0
2020-03-17,6.0,6.0,0.0,6.0,0.0,0.0,0.0,0.0,6.0,6.0,6.0,0.0
2020-03-18,6.0,6.0,0.0,6.0,0.0,0.0,0.0,0.0,6.0,6.0,6.0,0.0
2020-03-19,6.0,6.0,0.0,6.0,0.0,0.0,0.0,0.0,6.0,6.0,6.0,0.0
2020-03-20,6.0,6.0,0.0,6.0,0.0,0.0,0.0,0.0,6.0,6.0,6.0,0.0
2020-03-23,6.0,6.0,0.0,6.0,0.0,0.0,0.0,0.0,6.0,6.0,6.0,0.0
2020-03-24,6.0,6.0,0.0,6.0,0.0,0.0,0.0,0.0,6.0,6.0,6.0,0.0
2020-03-25,6.0,6.0,0.0,6.0,0.0,0.0,0.0,0.0,6.0,6.0,6.0,0.0
2020-03-26,6.0,6.0,0.0,6.0,0.0,0.0,0.0,0.0,6.0,6.0,6.0,0.0
2020-03-27,6.0,6.0,0.0,6.0,0.0,0.0,0.0,0.0,6.0,6.0,6.0,0.0
2020-03-30,6.0,6.0,0.0,6.0,0.0,0.0,0.0,0.0,6.0,6.0,6.0,0.0
2020-03-31,6.0,6.0,0.0,6.0,0.0,0.0,0.0,0.0,6.0,6.0,6.0,0.0
2020-04-01,6.0,6.0,0.0,6.0,0.0,0.0,0.0,0.0,6.0,6.0,6.0,0.0
2020-04-03,5.4,5.4,-10.0,6.28,500.0,3140000.0,0.0,0.0,6.5,6.5,5.4,500.0
2020-04-06,5.9,5.9,9.2593,5.9,300.0,1770000.0,0.0,0.0,5.9,5.9,5.9,300.0
2020-04-07,5.6,5.6,-5.0847,5.6,3000.0,16800000.0,0.0,0.0,5.6,5.6,5.6,3000.0
2020-04-08,5.6,5.6,0.0,5.6,300.0,1680000.0,0.0,0.0,5.6,5.6,5.6,300.0
2020-04-09,5.6,5.6,0.0,5.6,0.0,0.0,0.0,0.0,5.6,5.6,5.6,0.0
2020-04-10,5.6,5.6,0.0,5.6,0.0,0.0,0.0,0.0,5.6,5.6,5.6,0.0
2020-04-13,5.6,5.6,0.0,5.6,0.0,0.0,0.0,0.0,5.6,5.6,5.6,0.0
2020-04-14,5.6,5.6,0.0,5.6,0.0,0.0,0.0,0.0,5.6,5.6,5.6,0.0
2020-04-15,5.6,5.6,0.0,5.6,0.0,0.0,0.0,0.0,5.6,5.6,5.6,0.0
2020-04-16,6.1,6.1,8.9286,6.1,1000.0,6100000.0,0.0,0.0,6.1,6.1,6.1,1000.0
2020-04-17,6.5,6.5,6.5574,6.5,800.0,5200000.0,0.0,0.0,6.5,6.5,6.5,800.0
2020-04-20,6.5,6.5,0.0,6.5,60.0,354000.0,0.0,0.0,6.5,6.5,6.5,60.0
2020-04-21,6.5,6.5,0.0,6.5,0.0,0.0,0.0,0.0,6.5,6.5,6.5,0.0
2020-04-22,6.5,6.5,0.0,6.5,0.0,0.0,0.0,0.0,6.5,6.5,6.5,0.0
2020-04-23,6.5,6.5,0.0,6.5,0.0,0.0,0.0,0.0,6.5,6.5,6.5,0.0
2020-04-24,6.5,6.5,0.0,6.5,0.0,0.0,0.0,0.0,6.5,6.5,6.5,0.0
2020-04-27,6.5,6.5,0.0,6.5,0.0,0.0,0.0,0.0,6.5,6.5,6.5,0.0
2020-04-28,5.9,5.9,-9.2308,5.9,1610.0,9499000.0,0.0,0.0,5.9,5.9,5.9,1610.0
2020-04-29,5.9,5.9,0.0,5.9,0.0,0.0,0.0,0.0,5.9,5.9,5.9,0.0
2020-05-04,5.9,5.9,0.0,5.9,0.0,0.0,0.0,0.0,5.9,5.9,5.9,0.0
2020-05-05,5.9,5.9,0.0,5.9,0.0,0.0,0.0,0.0,5.9,5.9,5.9,0.0
2020-05-06,5.9,5.9,0.0,5.9,0.0,0.0,0.0,0.0,5.9,5.9,5.9,0.0
2020-05-07,5.9,5.9,0.0,5.9,0.0,0.0,0.0,0.0,5.9,5.9,5.9,0.0
2020-05-08,5.9,5.9,0.0,5.9,61.0,335500.0,0.0,0.0,5.9,5.9,5.9,61.0
2020-05-11,5.9,5.9,0.0,5.9,10.0,59000.0,0.0,0.0,5.9,5.9,5.9,10.0
2020-05-12,5.9,5.9,0.0,5.9,0.0,0.0,0.0,0.0,5.9,5.9,5.9,0.0
2020-05-13,5.4,5.4,-8.4746,5.4,1040.0,5636000.0,0.0,0.0,5.4,5.4,5.4,1040.0
2020-05-14,5.4,5.4,0.0,5.4,0.0,0.0,0.0,0.0,5.4,5.4,5.4,0.0
2020-05-15,5.4,5.4,0.0,5.4,30.0,177000.0,0.0,0.0,5.4,5.4,5.4,30.0
2020-05-18,5.4,5.4,0.0,5.4,0.0,0.0,0.0,0.0,5.4,5.4,5.4,0.0
2020-05-19,5.9,5.9,9.2593,5.9,500.0,2950000.0,0.0,0.0,5.9,5.9,5.9,500.0
2020-05-20,5.9,5.9,0.0,5.9,100.0,590000.0,0.0,0.0,5.9,5.9,5.9,100.0
2020-05-21,5.9,5.9,0.0,5.9,0.0,0.0,0.0,0.0,5.9,5.9,5.9,0.0
2020-05-22,5.9,5.9,0.0,5.9,0.0,0.0,0.0,0.0,5.9,5.9,5.9,0.0
2020-05-25,5.9,5.9,0.0,5.9,0.0,0.0,0.0,0.0,5.9,5.9,5.9,0.0
2020-05-26,5.6,5.6,-5.0847,5.6,200.0,1120000.0,0.0,0.0,5.6,5.6,5.6,200.0
2020-05-27,5.6,5.6,0.0,5.6,0.0,0.0,0.0,0.0,5.6,5.6,5.6,0.0
2020-05-28,5.6,5.6,0.0,5.6,0.0,0.0,0.0,0.0,5.6,5.6,5.6,0.0
2020-05-29,5.6,5.6,0.0,5.6,0.0,0.0,0.0,0.0,5.6,5.6,5.6,0.0
2020-06-01,5.6,5.6,0.0,5.6,0.0,0.0,0.0,0.0,5.6,5.6,5.6,0.0
2020-06-02,5.6,5.6,0.0,5.6,0.0,0.0,0.0,0.0,5.6,5.6,5.6,0.0
2020-06-03,5.6,5.6,0.0,5.6,0.0,0.0,0.0,0.0,5.6,5.6,5.6,0.0
2020-06-04,5.6,5.6,0.0,5.6,0.0,0.0,0.0,0.0,5.6,5.6,5.6,0.0
2020-06-05,5.6,5.6,0.0,5.6,0.0,0.0,0.0,0.0,5.6,5.6,5.6,0.0
2020-06-08,6.1,6.1,8.9286,6.1,500.0,3050000.0,0.0,0.0,6.1,6.1,6.1,500.0
2020-06-09,6.1,6.1,0.0,6.1,0.0,0.0,0.0,0.0,6.1,6.1,6.1,0.0
2020-06-10,6.1,6.1,0.0,6.1,0.0,0.0,0.0,0.0,6.1,6.1,6.1,0.0
2020-06-11,6.1,6.1,0.0,6.1,0.0,0.0,0.0,0.0,6.1,6.1,6.1,0.0
2020-06-12,6.1,6.1,0.0,6.1,0.0,0.0,0.0,0.0,6.1,6.1,6.1,0.0
2020-06-15,5.6,5.6,-8.1967,5.62,500.0,2810000.0,0.0,0.0,5.7,5.7,5.6,500.0
2020-06-16,6.1,6.1,8.9286,6.1,1305.0,7958000.0,0.0,0.0,6.1,6.1,6.1,1305.0
2020-06-17,6.1,6.1,0.0,6.1,0.0,0.0,0.0,0.0,6.1,6.1,6.1,0.0
2020-06-18,6.1,6.1,0.0,6.1,0.0,0.0,0.0,0.0,6.1,6.1,6.1,0.0
2020-06-19,6.1,6.1,0.0,6.1,0.0,0.0,0.0,0.0,6.1,6.1,6.1,0.0
2020-06-22,6.1,6.1,0.0,6.1,0.0,0.0,0.0,0.0,6.1,6.1,6.1,0.0
2020-06-23,6.1,6.1,0.0,6.1,0.0,0.0,0.0,0.0,6.1,6.1,6.1,0.0
2020-06-24,6.1,6.1,0.0,6.1,0.0,0.0,0.0,0.0,6.1,6.1,6.1,0.0
2020-06-25,6.1,6.1,0.0,6.1,51.0,306000.0,0.0,0.0,6.1,6.1,6.1,51.0
2020-06-26,6.0,6.0,-1.6393,6.0,5006.0,30033600.0,0.0,0.0,6.0,6.0,6.0,5006.0
2020-06-29,6.0,6.0,0.0,6.0,0.0,0.0,0.0,0.0,6.0,6.0,6.0,0.0
2020-06-30,6.0,6.0,0.0,6.0,0.0,0.0,0.0,0.0,6.0,6.0,6.0,0.0
2020-07-01,6.0,6.0,0.0,6.0,0.0,0.0,0.0,0.0,6.0,6.0,6.0,0.0
2020-07-02,6.0,6.0,0.0,6.0,0.0,0.0,0.0,0.0,6.0,6.0,6.0,0.0
2020-07-03,5.5,5.5,-8.3333,5.5,121.0,667600.0,0.0,0.0,5.5,5.5,5.5,121.0
2020-07-06,5.5,5.5,0.0,5.5,0.0,0.0,0.0,0.0,5.5,5.5,5.5,0.0
2020-07-07,5.5,5.5,0.0,5.5,0.0,0.0,0.0,0.0,5.5,5.5,5.5,0.0
2020-07-08,5.5,5.5,0.0,5.5,0.0,0.0,0.0,0.0,5.5,5.5,5.5,0.0
2020-07-09,5.5,5.5,0.0,5.5,0.0,0.0,0.0,0.0,5.5,5.5,5.5,0.0
2020-07-10,5.5,5.5,0.0,5.5,0.0,0.0,0.0,0.0,5.5,5.5,5.5,0.0
2020-07-13,5.5,5.5,0.0,5.5,0.0,0.0,0.0,0.0,5.5,5.5,5.5,0.0
2020-07-14,5.5,5.5,0.0,5.5,0.0,0.0,0.0,0.0,5.5,5.5,5.5,0.0
2020-07-15,5.8,5.8,5.4545,5.8,1200.0,6960000.0,0.0,0.0,5.8,5.8,5.8,1200.0
2020-07-16,5.8,5.8,0.0,5.8,0.0,0.0,0.0,0.0,5.8,5.8,5.8,0.0
2020-07-17,5.8,5.8,0.0,5.8,0.0,0.0,0.0,0.0,5.8,5.8,5.8,0.0
2020-07-20,5.8,5.8,0.0,5.8,0.0,0.0,0.0,0.0,5.8,5.8,5.8,0.0
2020-07-21,5.8,5.8,0.0,5.8,0.0,0.0,0.0,0.0,5.8,5.8,5.8,0.0
2020-07-22,5.8,5.8,0.0,5.8,0.0,0.0,0.0,0.0,5.8,5.8,5.8,0.0
2020-07-23,5.8,5.8,0.0,5.8,0.0,0.0,0.0,0.0,5.8,5.8,5.8,0.0
2020-07-24,5.8,5.8,0.0,5.8,1.0,6000.0,0.0,0.0,5.8,5.8,5.8,1.0
2020-07-27,5.8,5.8,0.0,5.8,0.0,0.0,0.0,0.0,5.8,5.8,5.8,0.0
2020-07-28,5.8,5.8,0.0,5.8,0.0,0.0,0.0,0.0,5.8,5.8,5.8,0.0
2020-07-29,5.8,5.8,0.0,5.8,0.0,0.0,0.0,0.0,5.8,5.8,5.8,0.0
2020-07-30,5.8,5.8,0.0,5.8,0.0,0.0,0.0,0.0,5.8,5.8,5.8,0.0
2020-07-31,5.8,5.8,0.0,5.8,0.0,0.0,0.0,0.0,5.8,5.8,5.8,0.0
2020-08-03,5.8,5.8,0.0,5.8,0.0,0.0,0.0,0.0,5.8,5.8,5.8,0.0
2020-08-04,5.8,5.8,0.0,5.8,0.0,0.0,0.0,0.0,5.8,5.8,5.8,0.0
2020-08-05,5.8,5.8,0.0,5.8,0.0,0.0,0.0,0.0,5.8,5.8,5.8,0.0
2020-08-06,5.8,5.8,0.0,5.8,0.0,0.0,0.0,0.0,5.8,5.8,5.8,0.0
2020-08-07,5.8,5.8,0.0,5.8,0.0,0.0,0.0,0.0,5.8,5.8,5.8,0.0
2020-08-10,5.8,5.8,0.0,5.8,0.0,0.0,0.0,0.0,5.8,5.8,5.8,0.0
2020-08-11,5.8,5.8,0.0,5.8,0.0,0.0,0.0,0.0,5.8,5.8,5.8,0.0
2020-08-12,5.8,5.8,0.0,5.8,0.0,0.0,0.0,0.0,5.8,5.8,5.8,0.0
2020-08-13,5.8,5.8,0.0,5.8,1.0,5400.0,0.0,0.0,5.8,5.8,5.8,1.0
2020-08-14,5.8,5.8,0.0,5.8,0.0,0.0,0.0,0.0,5.8,5.8,5.8,0.0
2020-08-17,5.8,5.8,0.0,5.8,0.0,0.0,0.0,0.0,5.8,5.8,5.8,0.0
2020-08-18,5.8,5.8,0.0,5.8,0.0,0.0,0.0,0.0,5.8,5.8,5.8,0.0
2020-08-19,5.8,5.8,0.0,5.8,0.0,0.0,0.0,0.0,5.8,5.8,5.8,0.0
2020-08-20,5.3,5.3,-8.6207,5.3,200.0,1060000.0,0.0,0.0,5.3,5.3,5.3,200.0
2020-08-21,5.8,5.8,9.434,5.8,1000.0,5800000.0,0.0,0.0,5.8,5.8,5.8,1000.0
2020-08-24,5.8,5.8,0.0,5.8,300.0,1740000.0,0.0,0.0,5.8,5.8,5.8,300.0
2020-08-25,5.8,5.8,0.0,5.8,1.0,5800.0,0.0,0.0,5.8,5.8,5.8,1.0
2020-08-26,5.8,5.8,0.0,5.8,0.0,0.0,0.0,0.0,5.8,5.8,5.8,0.0
2020-08-27,5.5,5.5,-5.1724,5.5,1200.0,6600000.0,0.0,0.0,5.5,5.5,5.5,1200.0
2020-08-28,5.5,5.5,0.0,5.5,0.0,0.0,0.0,0.0,5.5,5.5,5.5,0.0
2020-08-31,5.2,5.2,-5.4545,5.2,1000.0,5200000.0,0.0,0.0,5.2,5.2,5.2,1000.0
2020-09-01,5.2,5.2,0.0,5.2,0.0,0.0,0.0,0.0,5.2,5.2,5.2,0.0
2020-09-03,5.2,5.2,0.0,5.2,0.0,0.0,0.0,0.0,5.2,5.2,5.2,0.0
2020-09-04,5.2,5.2,0.0,5.2,40.0,208000.0,0.0,0.0,5.2,5.2,5.2,40.0
2020-09-07,5.2,5.2,0.0,5.2,0.0,0.0,0.0,0.0,5.2,5.2,5.2,0.0
2020-09-08,5.2,5.2,0.0,5.2,0.0,0.0,0.0,0.0,5.2,5.2,5.2,0.0
2020-09-09,5.2,5.2,0.0,5.2,0.0,0.0,0.0,0.0,5.2,5.2,5.2,0.0
2020-09-10,5.2,5.2,0.0,5.2,0.0,0.0,0.0,0.0,5.2,5.2,5.2,0.0
2020-09-11,4.9,4.9,-5.7692,4.9,102.0,501400.0,0.0,0.0,4.9,4.9,4.9,102.0
2020-09-14,4.9,4.9,0.0,4.9,0.0,0.0,0.0,0.0,4.9,4.9,4.9,0.0
2020-09-15,4.7,4.7,-4.0816,4.7,100.0,470000.0,0.0,0.0,4.7,4.7,4.7,100.0
2020-09-16,4.6,4.6,-2.1277,4.6,100.0,460000.0,0.0,0.0,4.6,4.6,4.6,100.0
2020-09-17,5.0,5.0,8.6957,5.0,112.0,552800.0,0.0,0.0,5.0,5.0,5.0,112.0
2020-09-18,5.5,5.5,10.0,5.5,500.0,2750000.0,0.0,0.0,5.5,5.5,5.5,500.0
2020-09-21,5.5,5.5,0.0,5.5,100.0,550000.0,0.0,0.0,5.5,5.5,5.5,100.0
2020-09-22,5.5,5.5,0.0,5.5,0.0,0.0,0.0,0.0,5.5,5.5,5.5,0.0
2020-09-23,5.5,5.5,0.0,5.5,0.0,0.0,0.0,0.0,5.5,5.5,5.5,0.0
2020-09-24,5.1,5.1,-7.2727,5.1,900.0,4590000.0,0.0,0.0,5.1,5.1,5.1,900.0
2020-09-25,4.8,4.8,-5.8824,4.8,581.0,2788800.0,0.0,0.0,4.8,4.8,4.8,581.0
2020-09-28,4.8,4.8,0.0,4.8,80.0,384000.0,0.0,0.0,4.8,4.8,4.8,80.0
2020-09-29,5.2,5.2,8.3333,5.2,100.0,520000.0,0.0,0.0,5.2,5.2,5.2,100.0
2020-09-30,5.5,5.5,5.7692,5.517,600.0,3310000.0,0.0,0.0,5.6,5.6,5.5,600.0
2020-10-01,5.5,5.5,0.0,5.5,0.0,0.0,0.0,0.0,5.5,5.5,5.5,0.0
2020-10-02,6.0,6.0,9.0909,6.0,105.0,625500.0,0.0,0.0,6.0,6.0,6.0,105.0
2020-10-05,5.6,5.6,-6.6667,5.6,100.0,560000.0,0.0,0.0,5.6,5.6,5.6,100.0
2020-10-06,5.6,5.6,0.0,5.6,0.0,0.0,0.0,0.0,5.6,5.6,5.6,0.0
2020-10-07,6.1,6.1,8.9286,5.317,600.0,3190000.0,0.0,0.0,5.4,6.1,5.1,600.0
2020-10-08,6.1,6.1,0.0,6.1,0.0,0.0,0.0,0.0,6.1,6.1,6.1,0.0
2020-10-09,6.1,6.1,0.0,6.1,0.0,0.0,0.0,0.0,6.1,6.1,6.1,0.0
2020-10-12,6.1,6.1,0.0,6.1,0.0,0.0,0.0,0.0,6.1,6.1,6.1,0.0
2020-10-13,6.1,6.1,0.0,6.1,0.0,0.0,0.0,0.0,6.1,6.1,6.1,0.0
2020-10-14,6.1,6.1,0.0,6.1,0.0,0.0,0.0,0.0,6.1,6.1,6.1,0.0
2020-10-15,6.7,6.7,9.8361,6.7,100.0,670000.0,0.0,0.0,6.7,6.7,6.7,100.0
2020-10-16,6.7,6.7,0.0,6.7,0.0,0.0,0.0,0.0,6.7,6.7,6.7,0.0
2020-10-19,6.1,6.1,-8.9552,6.4,400.0,2560000.0,0.0,0.0,7.3,7.3,6.1,400.0
2020-10-20,5.5,5.5,-9.8361,5.5,100.0,550000.0,0.0,0.0,5.5,5.5,5.5,100.0
2020-10-21,5.1,5.1,-7.2727,5.1,200.0,1020000.0,0.0,0.0,5.1,5.1,5.1,200.0
2020-10-22,5.6,5.6,9.8039,5.6,100.0,560000.0,0.0,0.0,5.6,5.6,5.6,100.0
2020-10-23,5.6,5.6,0.0,5.6,0.0,0.0,0.0,0.0,5.6,5.6,5.6,0.0
2020-10-26,5.9,5.9,5.3571,5.9,100.0,590000.0,0.0,0.0,5.9,5.9,5.9,100.0
2020-10-27,5.9,5.9,0.0,5.9,40.0,236000.0,0.0,0.0,5.9,5.9,5.9,40.0
2020-10-28,5.9,5.9,0.0,5.9,0.0,0.0,0.0,0.0,5.9,5.9,5.9,0.0
2020-10-29,5.9,5.9,0.0,5.9,0.0,0.0,0.0,0.0,5.9,5.9,5.9,0.0
2020-10-30,5.9,5.9,0.0,5.9,0.0,0.0,0.0,0.0,5.9,5.9,5.9,0.0
2020-11-02,5.9,5.9,0.0,5.9,0.0,0.0,0.0,0.0,5.9,5.9,5.9,0.0
2020-11-03,5.9,5.9,0.0,5.9,0.0,0.0,0.0,0.0,5.9,5.9,5.9,0.0
2020-11-04,5.9,5.9,0.0,5.9,0.0,0.0,0.0,0.0,5.9,5.9,5.9,0.0
2020-11-05,5.9,5.9,0.0,5.9,0.0,0.0,0.0,0.0,5.9,5.9,5.9,0.0
2020-11-06,5.9,5.9,0.0,5.9,0.0,0.0,0.0,0.0,5.9,5.9,5.9,0.0
2020-11-09,5.9,5.9,0.0,5.9,0.0,0.0,0.0,0.0,5.9,5.9,5.9,0.0
2020-11-10,5.9,5.9,0.0,5.9,0.0,0.0,0.0,0.0,5.9,5.9,5.9,0.0
2020-11-11,5.9,5.9,0.0,5.9,0.0,0.0,0.0,0.0,5.9,5.9,5.9,0.0
2020-11-12,5.9,5.9,0.0,5.9,0.0,0.0,0.0,0.0,5.9,5.9,5.9,0.0
2020-11-13,5.9,5.9,0.0,5.9,0.0,0.0,0.0,0.0,5.9,5.9,5.9,0.0
2020-11-16,5.9,5.9,0.0,5.9,0.0,0.0,0.0,0.0,5.9,5.9,5.9,0.0
2020-11-17,6.4,6.4,8.4746,6.4,100.0,640000.0,0.0,0.0,6.4,6.4,6.4,100.0
2020-11-18,6.4,6.4,0.0,6.4,0.0,0.0,0.0,0.0,6.4,6.4,6.4,0.0
2020-11-19,6.4,6.4,0.0,6.4,0.0,0.0,0.0,0.0,6.4,6.4,6.4,0.0
2020-11-20,6.4,6.4,0.0,6.4,0.0,0.0,0.0,0.0,6.4,6.4,6.4,0.0
2020-11-23,5.8,5.8,-9.375,6.1,400.0,2440000.0,0.0,0.0,7.0,7.0,5.8,400.0
2020-11-24,5.8,5.8,0.0,5.8,0.0,0.0,0.0,0.0,5.8,5.8,5.8,0.0
2020-11-25,5.8,5.8,0.0,5.8,0.0,0.0,0.0,0.0,5.8,5.8,5.8,0.0
2020-11-26,5.8,5.8,0.0,5.8,0.0,0.0,0.0,0.0,5.8,5.8,5.8,0.0
2020-11-27,5.3,5.3,-8.6207,5.3,100.0,530000.0,0.0,0.0,5.3,5.3,5.3,100.0
2020-11-30,5.3,5.3,0.0,5.3,0.0,0.0,0.0,0.0,5.3,5.3,5.3,0.0
2020-12-01,5.1,5.1,-3.7736,5.1,1000.0,5100000.0,0.0,0.0,5.1,5.1,5.1,1000.0
2020-12-02,5.1,5.1,0.0,5.1,0.0,0.0,0.0,0.0,5.1,5.1,5.1,0.0
2020-12-03,5.1,5.1,0.0,5.1,0.0,0.0,0.0,0.0,5.1,5.1,5.1,0.0
2020-12-04,4.7,4.7,-7.8431,4.7,100.0,470000.0,0.0,0.0,4.7,4.7,4.7,100.0
2020-12-07,4.7,4.7,0.0,4.7,1000.0,4700000.0,0.0,0.0,4.7,4.7,4.7,1000.0
2020-12-08,4.9,4.9,4.2553,4.9,722.0,3537800.0,0.0,0.0,4.9,4.9,4.9,722.0
2020-12-09,5.2,5.2,6.1224,5.2,100.0,520000.0,0.0,0.0,5.2,5.2,5.2,100.0
2020-12-10,5.2,5.2,0.0,5.2,0.0,0.0,0.0,0.0,5.2,5.2,5.2,0.0
2020-12-11,5.6,5.6,7.6923,5.6,100.0,560000.0,0.0,0.0,5.6,5.6,5.6,100.0
2020-12-14,5.6,5.6,0.0,5.6,10.0,56000.0,0.0,0.0,5.6,5.6,5.6,10.0
2020-12-15,5.6,5.6,0.0,5.6,1037.0,5788700.0,0.0,0.0,5.6,5.6,5.6,1037.0
2020-12-16,5.6,5.6,0.0,5.6,10.0,51000.0,0.0,0.0,5.6,5.6,5.6,10.0
2020-12-17,5.1,5.1,-8.9286,5.225,410.0,2141000.0,0.0,0.0,5.6,5.6,5.1,410.0
2020-12-18,5.1,5.1,0.0,5.1,70.0,343000.0,0.0,0.0,5.1,5.1,5.1,70.0
2020-12-21,5.1,5.1,0.0,5.1,0.0,0.0,0.0,0.0,5.1,5.1,5.1,0.0
2020-12-22,4.7,4.7,-7.8431,4.7,100.0,470000.0,0.0,0.0,4.7,4.7,4.7,100.0
2020-12-23,5.0,5.0,6.383,4.857,2300.0,11170000.0,0.0,0.0,5.1,5.1,4.7,2300.0
2020-12-24,5.1,5.1,2.0,5.1,200.0,1020000.0,0.0,0.0,5.1,5.1,5.1,200.0
2020-12-25,5.5,5.5,7.8431,4.746,1300.0,6170000.0,0.0,0.0,4.8,5.5,4.6,1300.0
2020-12-28,5.9,5.9,7.2727,5.9,100.0,590000.0,0.0,0.0,5.9,5.9,5.9,100.0
2020-12-29,5.4,5.4,-8.4746,5.4,1510.0,8158000.0,0.0,0.0,5.4,5.4,5.4,1510.0
2020-12-30,4.9,4.9,-9.2593,4.9,4000.0,19600000.0,0.0,0.0,4.9,4.9,4.9,4000.0
2020-12-31,4.9,4.9,0.0,4.9,10.0,47000.0,0.0,0.0,4.9,4.9,4.9,10.0
2021-01-04,4.9,4.9,0.0,4.9,0.0,0.0,0.0,0.0,4.9,4.9,4.9,0.0
2021-01-05,5.1,5.1,4.0816,5.1,4000.0,20400000.0,0.0,0.0,5.1,5.1,5.1,4000.0
2021-01-06,4.7,4.7,-7.8431,4.806,5221.0,25108800.0,0.0,0.0,5.1,5.1,4.7,5221.0
2021-01-07,4.7,4.7,0.0,4.7,0.0,0.0,0.0,0.0,4.7,4.7,4.7,0.0
2021-01-08,4.7,4.7,0.0,4.86,540.0,2618000.0,0.0,0.0,4.9,4.9,4.7,540.0
2021-01-11,4.6,4.6,-2.1277,4.625,12000.0,55500000.0,0.0,0.0,4.7,4.7,4.6,12000.0
2021-01-12,4.8,4.8,4.3478,4.8,3000.0,14400000.0,0.0,0.0,4.8,4.8,4.8,3000.0
2021-01-13,4.8,4.8,0.0,4.8,900.0,4320000.0,0.0,0.0,4.8,4.8,4.8,900.0
2021-01-14,5.0,5.0,4.1667,4.904,4607.0,22595000.0,0.0,0.0,4.8,5.0,4.8,4607.0
2021-01-15,5.5,5.5,10.0,5.359,8800.0,47160000.0,0.0,0.0,5.0,5.5,5.0,8800.0
2021-01-18,6.0,6.0,9.0909,5.931,12700.0,75320000.0,0.0,0.0,6.0,6.0,5.6,12700.0
2021-01-19,6.6,6.6,10.0,6.6,3730.0,24618000.0,0.0,0.0,6.6,6.6,6.6,3730.0
2021-01-20,7.1,7.1,7.5758,7.18,500.0,3590000.0,0.0,0.0,7.2,7.2,7.1,500.0
2021-01-21,6.7,6.7,-5.6338,6.783,6900.0,46800000.0,0.0,0.0,7.1,7.1,6.4,6900.0
2021-01-22,6.1,6.1,-8.9552,6.117,17600.0,107660000.0,0.0,0.0,6.7,6.7,6.1,17600.0
2021-01-25,5.5,5.5,-9.8361,5.671,2800.0,15880000.0,0.0,0.0,6.1,6.1,5.5,2800.0
2021-01-26,5.5,5.5,0.0,5.029,1707.0,8585700.0,0.0,0.0,5.0,5.5,5.0,1707.0
2021-01-27,5.0,5.0,-9.0909,5.0,244.0,1264000.0,0.0,0.0,5.0,5.0,5.0,244.0
2021-01-28,5.0,5.0,0.0,5.0,300.0,1500000.0,0.0,0.0,5.0,5.0,5.0,300.0
2021-01-29,4.6,4.6,-8.0,4.6,300.0,1380000.0,0.0,0.0,4.6,4.6,4.6,300.0
2021-02-01,4.6,4.6,0.0,4.6,1000.0,4600000.0,0.0,0.0,4.6,4.6,4.6,1000.0
2021-02-02,4.6,4.6,0.0,4.6,300.0,1380000.0,0.0,0.0,4.6,4.6,4.6,300.0
2021-02-03,4.6,4.6,0.0,4.6,100.0,460000.0,0.0,0.0,4.6,4.6,4.6,100.0
2021-02-04,4.6,4.6,0.0,4.6,0.0,0.0,0.0,0.0,4.6,4.6,4.6,0.0
2021-02-05,4.6,4.6,0.0,4.6,0.0,0.0,0.0,0.0,4.6,4.6,4.6,0.0
2021-02-08,4.6,4.6,0.0,4.6,0.0,0.0,0.0,0.0,4.6,4.6,4.6,0.0
2021-02-09,5.0,5.0,8.6957,4.667,612.0,2856800.0,0.0,0.0,4.6,5.0,4.6,612.0
2021-02-17,5.0,5.0,0.0,5.0,100.0,500000.0,0.0,0.0,5.0,5.0,5.0,100.0
2021-02-18,5.0,5.0,0.0,5.0,0.0,0.0,0.0,0.0,5.0,5.0,5.0,0.0
2021-02-19,5.0,5.0,0.0,5.0,1003.0,5016200.0,0.0,0.0,5.0,5.0,5.0,1003.0
2021-02-22,5.0,5.0,0.0,5.0,0.0,0.0,0.0,0.0,5.0,5.0,5.0,0.0
2021-02-23,4.7,4.7,-6.0,4.7,13000.0,61100000.0,0.0,0.0,4.7,4.7,4.7,13000.0
2021-02-24,5.1,5.1,8.5106,5.1,4800.0,24480000.0,0.0,0.0,5.1,5.1,5.1,4800.0
2021-02-25,5.6,5.6,9.8039,5.56,3002.0,16689400.0,0.0,0.0,5.6,5.6,5.3,3002.0
2021-02-26,5.6,5.6,0.0,5.629,700.0,3940000.0,0.0,0.0,5.8,5.8,5.6,700.0
2021-03-01,5.6,5.6,0.0,5.6,2800.0,15680000.0,0.0,0.0,5.6,5.6,5.6,2800.0
2021-03-02,5.6,5.6,0.0,5.6,800.0,4480000.0,0.0,0.0,5.6,5.6,5.6,800.0
2021-03-03,5.9,5.9,5.3571,5.146,13302.0,68450200.0,0.0,0.0,5.5,5.9,5.1,13302.0
2021-03-04,5.9,5.9,0.0,5.9,0.0,0.0,0.0,0.0,5.9,5.9,5.9,0.0
2021-03-05,5.6,5.6,-5.0847,5.55,1600.0,8880000.0,0.0,0.0,5.4,5.6,5.4,1600.0
2021-03-08,5.2,5.2,-7.1429,5.155,6423.0,33109600.0,0.0,0.0,5.1,5.4,5.1,6423.0
2021-03-09,5.5,5.5,5.7692,5.26,1020.0,5364000.0,0.0,0.0,5.2,5.5,5.2,1020.0
2021-03-10,5.4,5.4,-1.8182,5.45,600.0,3270000.0,0.0,0.0,5.5,5.5,5.4,600.0
2021-03-11,5.3,5.3,-1.8519,5.167,300.0,1550000.0,0.0,0.0,5.0,5.3,5.0,300.0
2021-03-12,5.2,5.2,-1.8868,5.23,1052.0,5490000.0,0.0,0.0,5.0,5.3,5.0,1052.0
2021-03-15,5.2,5.2,0.0,5.2,300.0,1560000.0,0.0,0.0,5.2,5.2,5.2,300.0
2021-03-16,5.2,5.2,0.0,5.135,3100.0,15920000.0,0.0,0.0,5.2,5.2,5.0,3100.0
2021-03-17,5.4,5.4,3.8462,5.326,9200.0,49000000.0,0.0,0.0,5.2,5.4,5.2,9200.0
2021-03-18,5.4,5.4,0.0,5.403,3752.0,20270800.0,0.0,0.0,5.4,5.5,5.4,3752.0
2021-03-19,5.4,5.4,0.0,5.4,63.0,308700.0,0.0,0.0,5.4,5.4,5.4,63.0
2021-03-22,5.3,5.3,-1.8519,5.273,2200.0,11600000.0,51.0,275400.0,5.0,5.3,5.0,2251.0
2021-03-23,5.3,5.3,0.0,5.3,3450.0,18265000.0,0.0,0.0,5.3,5.3,5.3,3450.0
2021-03-24,5.4,5.4,1.8868,5.408,1200.0,6490000.0,0.0,0.0,5.0,5.5,5.0,1200.0
2021-03-25,5.4,5.4,0.0,5.407,1500.0,8110000.0,0.0,0.0,5.5,5.5,5.4,1500.0
2021-03-26,5.4,5.4,0.0,5.033,1200.0,6040000.0,0.0,0.0,5.0,5.4,5.0,1200.0
2021-03-29,5.4,5.4,0.0,5.4,0.0,0.0,0.0,0.0,5.4,5.4,5.4,0.0
2021-03-30,5.4,5.4,0.0,5.229,2897.0,15137700.0,0.0,0.0,5.0,5.4,5.0,2897.0
2021-03-31,5.3,5.3,-1.8519,5.2,1000.0,5200000.0,0.0,0.0,5.2,5.3,5.1,1000.0
2021-04-01,5.4,5.4,1.8868,5.382,3861.0,20763000.0,0.0,0.0,5.3,5.5,5.3,3861.0
2021-04-02,5.4,5.4,0.0,5.391,5810.0,31325000.0,0.0,0.0,5.4,5.4,5.0,5810.0
2021-04-05,5.6,5.6,3.7037,5.504,2340.0,12879000.0,0.0,0.0,5.4,5.7,5.4,2340.0
2021-04-06,5.6,5.6,0.0,5.6,800.0,4480000.0,0.0,0.0,5.7,5.7,5.5,800.0
2021-04-07,5.5,5.5,-1.7857,5.526,3840.0,21220000.0,0.0,0.0,5.6,5.6,5.5,3840.0
2021-04-08,5.9,5.9,7.2727,5.746,6373.0,36616100.0,0.0,0.0,5.5,5.9,5.5,6373.0
2021-04-09,6.1,6.1,3.3898,6.032,4102.0,24741800.0,0.0,0.0,6.0,6.1,6.0,4102.0
2021-04-12,6.7,6.7,9.8361,6.206,6200.0,38480000.0,0.0,0.0,6.1,6.7,6.1,6200.0
2021-04-13,6.6,6.6,-1.4925,6.171,7510.0,46351000.0,0.0,0.0,6.7,6.7,6.1,7510.0
2021-04-14,6.3,6.3,-4.5455,6.3,5800.0,36540000.0,0.0,0.0,6.3,6.3,6.3,5800.0
2021-04-15,6.2,6.2,-1.5873,6.243,3700.0,23100000.0,0.0,0.0,6.3,6.3,6.2,3700.0
2021-04-16,6.2,6.2,0.0,6.2,0.0,0.0,0.0,0.0,6.2,6.2,6.2,0.0
2021-04-19,6.2,6.2,0.0,6.023,3103.0,18686800.0,0.0,0.0,5.7,6.2,5.6,3103.0
2021-04-20,6.2,6.2,0.0,6.2,0.0,0.0,0.0,0.0,6.2,6.2,6.2,0.0
2021-04-22,6.2,6.2,0.0,6.2,50.0,280000.0,0.0,0.0,6.2,6.2,6.2,50.0
2021-04-23,6.0,6.0,-3.2258,6.115,5200.0,31800000.0,0.0,0.0,6.2,6.2,6.0,5200.0
2021-04-26,6.0,6.0,0.0,6.0,0.0,0.0,0.0,0.0,6.0,6.0,6.0,0.0
2021-04-27,6.0,6.0,0.0,6.0,0.0,0.0,0.0,0.0,6.0,6.0,6.0,0.0
2021-04-28,6.0,6.0,0.0,6.0,0.0,0.0,0.0,0.0,6.0,6.0,6.0,0.0
2021-04-29,6.0,6.0,0.0,6.0,0.0,0.0,0.0,0.0,6.0,6.0,6.0,0.0
2021-05-04,6.0,6.0,0.0,6.0,0.0,0.0,0.0,0.0,6.0,6.0,6.0,0.0
2021-05-05,6.0,6.0,0.0,6.0,0.0,0.0,0.0,0.0,6.0,6.0,6.0,0.0
2021-05-06,6.0,6.0,0.0,6.0,0.0,0.0,0.0,0.0,6.0,6.0,6.0,0.0
2021-05-07,5.6,5.6,-6.6667,5.6,173.0,954200.0,0.0,0.0,5.6,5.6,5.6,173.0
2021-05-10,5.6,5.6,0.0,5.6,110.0,612000.0,0.0,0.0,5.6,5.6,5.6,110.0
2021-05-11,5.2,5.2,-7.1429,5.127,2670.0,13722000.0,0.0,0.0,5.6,5.6,5.1,2670.0
2021-05-12,5.4,5.4,3.8462,5.255,3800.0,19970000.0,0.0,0.0,5.2,5.4,5.2,3800.0
2021-05-13,5.5,5.5,1.8519,5.507,2710.0,14927000.0,0.0,0.0,5.7,5.7,5.5,2710.0
2021-05-14,5.6,5.6,1.8182,5.528,6703.0,37056500.0,0.0,0.0,5.5,5.7,5.4,6703.0
2021-05-17,5.4,5.4,-3.5714,5.4,301.0,1625700.0,0.0,0.0,5.4,5.4,5.4,301.0
2021-05-18,5.7,5.7,5.5556,5.7,300.0,1710000.0,0.0,0.0,5.7,5.7,5.7,300.0
2021-05-19,5.7,5.7,0.0,5.7,0.0,0.0,0.0,0.0,5.7,5.7,5.7,0.0
2021-05-20,5.7,5.7,0.0,5.7,0.0,0.0,0.0,0.0,5.7,5.7,5.7,0.0
2021-05-21,5.6,5.6,-1.7544,5.6,200.0,1120000.0,0.0,0.0,5.6,5.6,5.6,200.0
2021-05-24,5.6,5.6,0.0,5.55,600.0,3330000.0,0.0,0.0,5.5,5.6,5.5,600.0
2021-05-25,5.5,5.5,-1.7857,5.5,600.0,3300000.0,0.0,0.0,5.5,5.5,5.5,600.0
2021-05-26,5.5,5.5,0.0,5.5,23.0,121900.0,0.0,0.0,5.5,5.5,5.5,23.0
2021-05-27,5.4,5.4,-1.8182,5.4,207.0,1116400.0,0.0,0.0,5.4,5.4,5.4,207.0
2021-05-28,5.4,5.4,0.0,5.154,1370.0,7078000.0,0.0,0.0,5.0,5.4,5.0,1370.0
2021-05-31,5.0,5.0,-7.4074,4.963,3025.0,15027000.0,0.0,0.0,5.0,5.4,4.9,3025.0
2021-06-01,5.0,5.0,0.0,5.0,2510.0,12546000.0,0.0,0.0,5.0,5.0,5.0,2510.0
2021-06-02,5.0,5.0,0.0,5.0,1400.0,7000000.0,0.0,0.0,5.0,5.0,5.0,1400.0
2021-06-03,5.5,5.5,10.0,5.038,1355.0,6821000.0,0.0,0.0,5.0,5.5,5.0,1355.0
2021-06-04,5.4,5.4,0.0,5.216,16110.0,84020600.0,0.0,0.0,5.4,5.4,5.1,16110.0
2021-06-07,5.2,5.2,-3.7037,5.221,3800.0,19840000.0,0.0,0.0,5.4,5.4,5.2,3800.0
2021-06-08,5.2,5.2,0.0,5.2,500.0,2600000.0,0.0,0.0,5.2,5.2,5.2,500.0
2021-06-09,5.1,5.1,-1.9231,5.117,600.0,3070000.0,0.0,0.0,5.2,5.2,5.1,600.0
2021-06-10,5.0,5.0,-1.9608,5.085,9400.0,47800000.0,0.0,0.0,5.1,5.1,5.0,9400.0
2021-06-11,5.3,5.3,6.0,5.3,100.0,530000.0,0.0,0.0,5.3,5.3,5.3,100.0
2021-06-14,5.3,5.3,0.0,5.069,1300.0,6590000.0,0.0,0.0,5.0,5.3,5.0,1300.0
2021-06-15,5.3,5.3,0.0,5.3,0.0,0.0,0.0,0.0,5.3,5.3,5.3,0.0
2021-06-16,5.2,5.2,-1.8868,5.1,1100.0,5610000.0,0.0,0.0,5.1,5.2,5.0,1100.0
2021-06-17,5.4,5.4,3.8462,5.4,300.0,1620000.0,0.0,0.0,5.4,5.4,5.4,300.0
2021-06-18,5.2,5.2,-3.7037,5.248,2150.0,11290000.0,0.0,0.0,5.4,5.4,5.2,2150.0
2021-06-21,5.3,5.3,1.9231,5.364,5800.0,31110000.0,0.0,0.0,5.4,5.4,5.3,5800.0
2021-06-22,5.4,5.4,1.8868,5.4,320.0,1726000.0,0.0,0.0,5.4,5.4,5.4,320.0
2021-06-23,5.1,5.1,-5.5556,5.406,1800.0,9730000.0,0.0,0.0,5.4,5.5,5.1,1800.0
2021-06-24,5.6,5.6,9.8039,5.492,6200.0,34050000.0,0.0,0.0,5.4,5.6,5.4,6200.0
2021-06-25,5.6,5.6,0.0,5.6,3000.0,16800000.0,0.0,0.0,5.6,5.6,5.6,3000.0
2021-06-28,5.8,5.8,3.5714,5.641,7805.0,44028000.0,0.0,0.0,5.5,5.8,5.5,7805.0
2021-06-29,5.5,5.5,-5.1724,5.387,3900.0,21010000.0,0.0,0.0,5.5,5.7,5.3,3900.0
2021-06-30,5.4,5.4,-1.8182,5.258,12110.0,63672000.0,0.0,0.0,5.4,5.4,5.1,12110.0
2021-07-01,5.1,5.1,-5.5556,5.115,2003.0,10245300.0,0.0,0.0,5.3,5.3,5.1,2003.0
2021-07-02,5.4,5.4,5.8824,5.4,2200.0,11880000.0,0.0,0.0,5.4,5.4,5.4,2200.0
2021-07-05,5.4,5.4,0.0,5.4,1078.0,5792000.0,0.0,0.0,5.4,5.4,5.4,1078.0
2021-07-06,5.4,5.4,0.0,5.35,200.0,1070000.0,0.0,0.0,5.3,5.4,5.3,200.0
2021-07-07,5.0,5.0,-7.4074,5.0,1100.0,5500000.0,0.0,0.0,5.0,5.0,5.0,1100.0
2021-07-08,5.4,5.4,8.0,5.4,100.0,540000.0,0.0,0.0,5.4,5.4,5.4,100.0
2021-07-09,5.4,5.4,0.0,5.4,260.0,1380000.0,0.0,0.0,5.4,5.4,5.4,260.0
2021-07-12,5.4,5.4,0.0,5.4,0.0,0.0,0.0,0.0,5.4,5.4,5.4,0.0
2021-07-13,5.4,5.4,0.0,5.067,300.0,1520000.0,0.0,0.0,4.9,5.4,4.9,300.0
2021-07-14,5.3,5.3,-1.8519,5.257,700.0,3680000.0,0.0,0.0,5.0,5.3,5.0,700.0
2021-07-15,5.5,5.5,3.7736,5.5,1119.0,6154500.0,0.0,0.0,5.5,5.5,5.5,1119.0
2021-07-16,5.5,5.5,0.0,5.125,405.0,2075000.0,0.0,0.0,5.0,5.5,5.0,405.0
2021-07-19,5.4,5.4,-1.8182,5.2,700.0,3640000.0,0.0,0.0,5.0,5.4,5.0,700.0
2021-07-20,5.4,5.4,0.0,5.4,0.0,0.0,0.0,0.0,5.4,5.4,5.4,0.0
2021-07-21,5.0,5.0,-7.4074,5.017,610.0,3060000.0,0.0,0.0,4.9,5.3,4.9,610.0
2021-07-22,5.2,5.2,4.0,4.91,3100.0,15220000.0,0.0,0.0,4.9,5.2,4.9,3100.0
2021-07-23,5.2,5.2,0.0,5.2,0.0,0.0,0.0,0.0,5.2,5.2,5.2,0.0
2021-07-26,4.9,4.9,-5.7692,4.9,600.0,2940000.0,0.0,0.0,4.9,4.9,4.9,600.0
2021-07-27,4.9,4.9,0.0,4.9,209.0,1023200.0,0.0,0.0,4.9,4.9,4.9,209.0
2021-07-28,4.9,4.9,0.0,4.9,0.0,0.0,0.0,0.0,4.9,4.9,4.9,0.0
2021-07-29,4.9,4.9,0.0,4.9,0.0,0.0,0.0,0.0,4.9,4.9,4.9,0.0
2021-07-30,4.6,4.6,-6.1224,4.63,2000.0,9260000.0,0.0,0.0,4.7,4.7,4.6,2000.0
2021-08-02,4.6,4.6,0.0,4.57,5600.0,25590000.0,0.0,0.0,4.5,4.7,4.5,5600.0
2021-08-03,4.7,4.7,2.1739,4.7,300.0,1410000.0,0.0,0.0,4.7,4.7,4.7,300.0
2021-08-04,4.8,4.8,2.1277,4.74,500.0,2370000.0,0.0,0.0,4.7,4.8,4.7,500.0
2021-08-05,4.8,4.8,0.0,4.8,100.0,480000.0,0.0,0.0,4.8,4.8,4.8,100.0
2021-08-06,4.7,4.7,-2.0833,4.711,3700.0,17430000.0,0.0,0.0,4.7,4.8,4.7,3700.0
2021-08-09,4.7,4.7,0.0,4.7,300.0,1410000.0,0.0,0.0,4.7,4.7,4.7,300.0
2021-08-10,4.9,4.9,4.2553,4.803,6400.0,30740000.0,0.0,0.0,4.7,4.9,4.7,6400.0
2021-08-11,4.9,4.9,0.0,4.991,3256.0,16250000.0,0.0,0.0,5.0,5.0,4.9,3256.0
2021-08-12,5.1,5.1,4.0816,5.012,6000.0,30070000.0,0.0,0.0,5.0,5.1,5.0,6000.0
2021-08-13,5.1,5.1,0.0,5.1,300.0,1530000.0,0.0,0.0,5.1,5.1,5.1,300.0
2021-08-16,4.9,4.9,-3.9216,4.905,4310.0,21141000.0,0.0,0.0,4.9,5.0,4.9,4310.0
2021-08-17,4.9,4.9,0.0,4.9,500.0,2450000.0,0.0,0.0,4.9,4.9,4.9,500.0
2021-08-18,5.1,5.1,4.0816,5.053,4700.0,23750000.0,0.0,0.0,5.0,5.1,5.0,4700.0
2021-08-19,5.1,5.1,0.0,5.1,0.0,0.0,0.0,0.0,5.1,5.1,5.1,0.0
2021-08-20,4.8,4.8,-5.8824,4.738,8750.0,41460000.0,0.0,0.0,4.7,5.1,4.7,8750.0
2021-08-23,4.8,4.8,0.0,4.714,1400.0,6600000.0,0.0,0.0,4.7,4.8,4.7,1400.0
2021-08-24,4.8,4.8,0.0,4.8,1300.0,6240000.0,0.0,0.0,4.8,4.8,4.8,1300.0
2021-08-25,4.9,4.9,2.0833,4.94,4200.0,20750000.0,0.0,0.0,4.8,5.1,4.8,4200.0
2021-08-26,4.8,4.8,-2.0408,4.8,523.0,2512700.0,0.0,0.0,4.8,4.8,4.8,523.0
2021-08-27,4.8,4.8,0.0,4.8,0.0,0.0,0.0,0.0,4.8,4.8,4.8,0.0
2021-08-30,4.8,4.8,0.0,4.723,2600.0,12280000.0,0.0,0.0,4.8,4.8,4.7,2600.0
2021-08-31,4.9,4.9,2.0833,4.777,2600.0,12420000.0,0.0,0.0,4.8,4.9,4.7,2600.0
2021-09-01,4.9,4.9,0.0,4.898,5727.0,28050900.0,0.0,0.0,4.8,4.9,4.8,5727.0
2021-09-06,5.3,5.3,8.1633,5.154,22584.0,116381600.0,0.0,0.0,4.9,5.3,4.9,22584.0
2021-09-07,5.5,5.5,3.7736,5.483,8310.0,45565000.0,0.0,0.0,5.3,5.6,5.3,8310.0
2021-09-08,5.3,5.3,-3.6364,5.3,6700.0,35510000.0,0.0,0.0,5.0,6.0,5.0,6700.0
2021-09-09,5.5,5.5,3.7736,5.408,19400.0,104920000.0,0.0,0.0,5.3,5.8,5.1,19400.0
2021-09-10,6.0,6.0,9.0909,5.872,27264.0,160098600.0,0.0,0.0,5.1,6.0,5.1,27264.0
2021-09-13,5.9,5.9,-1.6667,5.902,6026.0,35565000.0,0.0,0.0,5.9,6.0,5.9,6026.0
2021-09-14,6.2,6.2,5.0847,6.09,11824.0,71984000.0,0.0,0.0,5.7,6.3,5.6,11824.0
2021-09-15,6.1,6.1,-1.6129,5.939,14870.0,88320600.0,0.0,0.0,6.2,6.2,5.7,14870.0
2021-09-16,6.1,6.1,0.0,5.98,30400.0,181790000.0,0.0,0.0,6.1,6.2,5.5,30400.0
2021-09-17,6.7,6.7,9.8361,6.568,25022.0,164335700.0,0.0,0.0,6.2,6.7,6.1,25022.0
2021-09-20,7.3,7.3,8.9552,6.899,18851.0,130065500.0,0.0,0.0,6.8,7.3,6.6,18851.0
2021-09-21,8.0,8.0,9.589,7.833,24341.0,190651400.0,0.0,0.0,6.8,8.0,6.7,24341.0
2021-09-22,8.8,8.8,10.0,8.8,14410.0,126808000.0,0.0,0.0,8.8,8.8,8.8,14410.0
2021-09-23,9.6,9.6,9.0909,9.597,37961.0,364276400.0,0.0,0.0,9.6,9.6,9.4,37961.0
2021-09-24,8.7,8.7,-9.375,9.249,46038.0,425785600.0,0.0,0.0,10.5,10.5,8.7,46038.0
2021-09-27,7.9,7.9,-9.1954,8.152,2100.0,17120000.0,0.0,0.0,8.7,8.7,7.9,2100.0
2021-09-28,7.2,7.2,-8.8608,7.2,13700.0,98640000.0,0.0,0.0,7.2,7.2,7.2,13700.0
2021-09-29,7.6,7.6,5.5556,7.199,21131.0,152107000.0,0.0,0.0,6.6,7.8,6.6,21131.0
2021-09-30,8.3,8.3,9.2105,8.18,13358.0,109281400.0,0.0,0.0,7.9,8.3,7.8,13358.0
2021-10-01,9.0,9.0,8.4337,9.035,33215.0,300086500.0,0.0,0.0,9.1,9.1,8.3,33215.0
