2016-01-04,4.716,5.2,6.1224,4.5,500.0,2320000.0,0.0,0.0,4.5,5.2,4.5,500.0
2016-01-05,4.535,5.0,-3.8462,4.727,1100.0,5200000.0,0.0,0.0,4.7,5.0,4.7,1100.0
2016-01-06,4.535,5.0,0.0,5.0,0.0,0.0,0.0,0.0,5.0,5.0,5.0,0.0
2016-01-07,4.081,4.5,-10.0,4.5,1900.0,8550000.0,0.0,0.0,4.5,4.5,4.5,1900.0
2016-01-08,4.444,4.9,8.8889,4.498,21500.0,96750000.0,0.0,0.0,4.5,4.9,4.1,21500.0
2016-01-11,4.444,4.9,0.0,4.9,0.0,0.0,0.0,0.0,4.9,4.9,4.9,0.0
2016-01-12,4.626,5.1,4.0816,4.736,2200.0,10420000.0,0.0,0.0,4.7,5.1,4.7,2200.0
2016-01-13,4.626,5.1,0.0,5.1,0.0,0.0,0.0,0.0,5.1,5.1,5.1,0.0
2016-01-14,4.626,5.1,0.0,5.1,0.0,0.0,0.0,0.0,5.1,5.1,5.1,0.0
2016-01-15,4.626,5.1,0.0,5.1,0.0,0.0,0.0,0.0,5.1,5.1,5.1,0.0
2016-01-18,4.626,5.1,0.0,5.1,0.0,0.0,0.0,0.0,5.1,5.1,5.1,0.0
2016-01-19,4.626,5.1,0.0,5.1,0.0,0.0,0.0,0.0,5.1,5.1,5.1,0.0
2016-01-20,4.626,5.1,0.0,5.1,0.0,0.0,0.0,0.0,5.1,5.1,5.1,0.0
2016-01-21,4.626,5.1,0.0,5.1,0.0,0.0,0.0,0.0,5.1,5.1,5.1,0.0
2016-01-22,4.626,5.1,0.0,5.1,0.0,0.0,0.0,0.0,5.1,5.1,5.1,0.0
2016-01-25,4.626,5.1,0.0,5.1,0.0,0.0,0.0,0.0,5.1,5.1,5.1,0.0
2016-01-26,4.172,4.6,-9.8039,4.6,1700.0,7820000.0,0.0,0.0,4.6,4.6,4.6,1700.0
2016-01-27,4.535,5.0,8.6957,5.0,100.0,500000.0,0.0,0.0,5.0,5.0,5.0,100.0
2016-01-28,4.535,5.0,0.0,5.0,0.0,0.0,0.0,0.0,5.0,5.0,5.0,0.0
2016-01-29,4.898,5.4,8.0,5.4,100.0,540000.0,0.0,0.0,5.4,5.4,5.4,100.0
2016-02-01,5.26,5.8,7.4074,5.6,200.0,1120000.0,0.0,0.0,5.4,5.8,5.4,200.0
2016-02-02,4.807,5.3,-8.6207,5.3,100.0,530000.0,0.0,0.0,5.3,5.3,5.3,100.0
2016-02-03,4.716,5.2,-1.8868,5.201,7800.0,40570000.0,0.0,0.0,5.8,5.8,4.8,7800.0
2016-02-04,4.716,5.2,0.0,5.2,0.0,0.0,0.0,0.0,5.2,5.2,5.2,0.0
2016-02-05,5.17,5.7,9.6154,5.7,100.0,570000.0,0.0,0.0,5.7,5.7,5.7,100.0
2016-02-15,4.898,5.4,-5.2632,5.4,200.0,1080000.0,0.0,0.0,5.4,5.4,5.4,200.0
2016-02-16,4.898,5.4,0.0,5.4,100.0,540000.0,0.0,0.0,5.4,5.4,5.4,100.0
2016-02-17,4.444,4.9,-9.2593,5.22,1000.0,5220000.0,0.0,0.0,5.3,5.3,4.9,1000.0
2016-02-18,4.807,5.3,8.1633,5.3,100.0,530000.0,0.0,0.0,5.3,5.3,5.3,100.0
2016-02-19,5.079,5.6,5.6604,5.6,100.0,560000.0,0.0,0.0,5.6,5.6,5.6,100.0
2016-02-22,5.351,5.9,5.3571,5.325,1200.0,6390000.0,0.0,0.0,5.2,5.9,5.2,1200.0
2016-02-23,5.351,5.9,0.0,5.9,0.0,0.0,0.0,0.0,5.9,5.9,5.9,0.0
2016-02-24,5.17,5.7,-3.3898,5.7,100.0,570000.0,0.0,0.0,5.7,5.7,5.7,100.0
2016-02-25,5.17,5.7,0.0,5.7,0.0,0.0,0.0,0.0,5.7,5.7,5.7,0.0
2016-02-26,4.988,5.5,-3.5088,5.582,1100.0,6140000.0,0.0,0.0,5.6,5.6,5.5,1100.0
2016-02-29,5.26,5.8,5.4545,5.8,100.0,580000.0,0.0,0.0,5.8,5.8,5.8,100.0
2016-03-01,5.533,6.1,5.1724,5.95,400.0,2380000.0,0.0,0.0,5.9,6.1,5.9,400.0
2016-03-02,5.533,6.1,0.0,6.1,0.0,0.0,0.0,0.0,6.1,6.1,6.1,0.0
2016-03-03,5.533,6.1,0.0,6.1,0.0,0.0,0.0,0.0,6.1,6.1,6.1,0.0
2016-03-04,5.895,6.5,6.5574,5.538,2600.0,14400000.0,0.0,0.0,5.5,6.5,5.5,2600.0
2016-03-07,5.895,6.5,0.0,6.5,1500.0,9750000.0,0.0,0.0,6.5,6.5,6.5,1500.0
2016-03-08,5.351,5.9,-9.2308,5.9,100.0,590000.0,0.0,0.0,5.9,5.9,5.9,100.0
2016-03-09,4.898,5.4,-8.4746,5.4,100.0,540000.0,0.0,0.0,5.4,5.4,5.4,100.0
2016-03-10,5.26,5.8,7.4074,5.19,2100.0,10900000.0,0.0,0.0,5.8,5.8,4.9,2100.0
2016-03-11,5.26,5.8,0.0,5.8,0.0,0.0,0.0,0.0,5.8,5.8,5.8,0.0
2016-03-14,4.988,5.5,-5.1724,5.4,600.0,3240000.0,0.0,0.0,5.5,5.5,5.3,600.0
2016-03-15,4.535,5.0,-9.0909,5.018,4900.0,24590000.0,0.0,0.0,5.0,5.1,5.0,4900.0
2016-03-16,4.807,5.3,6.0,4.867,600.0,2920000.0,0.0,0.0,4.8,5.3,4.7,600.0
2016-03-17,4.807,5.3,0.0,5.3,100.0,530000.0,0.0,0.0,5.3,5.3,5.3,100.0
2016-03-18,4.535,5.0,-5.6604,5.005,1900.0,9510000.0,0.0,0.0,5.1,5.1,5.0,1900.0
2016-03-21,4.807,5.3,6.0,4.513,14100.0,63630000.0,0.0,0.0,4.6,5.4,4.5,14100.0
2016-03-22,4.353,4.8,-9.434,4.809,1100.0,5290000.0,0.0,0.0,4.9,4.9,4.8,1100.0
2016-03-23,3.991,4.4,-8.3333,4.459,24000.0,107010000.0,0.0,0.0,4.6,4.9,4.4,24000.0
2016-03-24,3.719,4.1,-6.8182,4.35,21700.0,94400000.0,0.0,0.0,4.4,4.4,4.0,21700.0
2016-03-25,4.081,4.5,9.7561,4.354,8200.0,35700000.0,0.0,0.0,4.5,4.5,4.3,8200.0
2016-03-28,3.719,4.1,-8.8889,4.128,68000.0,280680000.0,0.0,0.0,4.3,4.3,4.1,68000.0
2016-03-29,3.719,4.1,0.0,4.185,3400.0,14230000.0,0.0,0.0,4.2,4.3,4.1,3400.0
2016-03-30,3.719,4.1,0.0,4.1,3900.0,15990000.0,0.0,0.0,4.1,4.1,4.1,3900.0
2016-03-31,3.809,4.2,2.439,4.2,1600.0,6720000.0,0.0,0.0,4.2,4.2,4.2,1600.0
2016-04-01,3.719,4.1,-2.381,4.1,1020.0,4182000.0,0.0,0.0,4.1,4.1,4.1,1020.0
2016-04-04,3.809,4.2,2.439,4.138,3200.0,13240000.0,0.0,0.0,4.1,4.2,4.1,3200.0
2016-04-05,3.809,4.2,0.0,4.2,1700.0,7140000.0,0.0,0.0,4.2,4.2,4.2,1700.0
2016-04-06,3.9,4.3,2.381,4.107,2900.0,11910000.0,0.0,0.0,4.0,4.3,4.0,2900.0
2016-04-07,3.628,4.0,-6.9767,4.137,5100.0,21100000.0,0.0,0.0,4.2,4.2,4.0,5100.0
2016-04-08,3.809,4.2,5.0,4.208,1300.0,5470000.0,0.0,0.0,4.3,4.3,4.2,1300.0
2016-04-11,3.809,4.2,0.0,4.227,2200.0,9300000.0,0.0,0.0,4.3,4.3,4.2,2200.0
2016-04-12,4.172,4.6,9.5238,4.31,1000.0,4310000.0,0.0,0.0,4.4,4.6,4.2,1000.0
2016-04-13,4.172,4.6,0.0,4.6,200.0,920000.0,0.0,0.0,4.6,4.6,4.6,200.0
2016-04-14,4.263,4.7,2.1739,4.7,400.0,1880000.0,0.0,0.0,4.7,4.7,4.7,400.0
2016-04-15,4.081,4.5,-4.2553,4.5,100.0,450000.0,0.0,0.0,4.5,4.5,4.5,100.0
2016-04-19,3.809,4.2,-6.6667,4.109,62400.0,256390000.0,0.0,0.0,4.1,4.2,4.1,62400.0
2016-04-20,3.809,4.2,0.0,4.181,48400.0,202350000.0,0.0,0.0,4.1,4.3,4.1,48400.0
2016-04-21,3.719,4.1,-2.381,4.077,7000.0,28540000.0,0.0,0.0,4.2,4.3,3.9,7000.0
2016-04-22,3.9,4.3,4.878,3.911,3600.0,14080000.0,0.0,0.0,3.9,4.3,3.9,3600.0
2016-04-25,3.809,4.2,-2.3256,4.2,1400.0,5880000.0,0.0,0.0,4.2,4.2,4.2,1400.0
2016-04-26,3.9,4.3,2.381,4.104,4500.0,18470000.0,0.0,0.0,4.1,4.3,4.1,4500.0
2016-04-27,3.9,4.3,0.0,4.246,23500.0,99770000.0,0.0,0.0,4.3,4.3,4.1,23500.0
2016-04-28,3.9,4.3,0.0,4.109,4400.0,18080000.0,0.0,0.0,4.3,4.3,4.1,4400.0
2016-04-29,3.809,4.2,-2.3256,4.296,2400.0,10310000.0,0.0,0.0,4.3,4.3,4.2,2400.0
2016-05-04,3.9,4.3,2.381,4.005,37300.0,149390000.0,0.0,0.0,4.2,4.3,3.8,37300.0
2016-05-05,3.719,4.1,-4.6512,4.101,22800.0,93510000.0,0.0,0.0,4.3,4.3,4.1,22800.0
2016-05-06,3.9,4.3,4.878,4.091,10850.0,44381000.0,0.0,0.0,4.1,4.3,3.8,10850.0
2016-05-09,3.809,4.2,-2.3256,4.2,100.0,420000.0,0.0,0.0,4.2,4.2,4.2,100.0
2016-05-10,3.809,4.2,0.0,4.2,100.0,420000.0,0.0,0.0,4.2,4.2,4.2,100.0
2016-05-11,3.628,4.0,-4.7619,4.07,13300.0,54130000.0,0.0,0.0,4.2,4.2,4.0,13300.0
2016-05-12,3.719,4.1,2.5,4.1,600.0,2460000.0,0.0,0.0,4.1,4.1,4.1,600.0
2016-05-13,4.081,4.5,9.7561,4.5,500.0,2250000.0,0.0,0.0,4.5,4.5,4.5,500.0
2016-05-16,3.719,4.1,-8.8889,4.13,21550.0,89045000.0,0.0,0.0,4.4,4.6,4.1,21550.0
2016-05-17,3.991,4.4,7.3171,4.267,9300.0,39680000.0,0.0,0.0,4.2,4.4,4.2,9300.0
2016-05-18,3.9,4.3,-2.2727,4.269,28300.0,120800000.0,0.0,0.0,4.4,4.4,4.2,28300.0
2016-05-19,3.809,4.2,-2.3256,4.197,2900.0,12170000.0,0.0,0.0,4.0,4.3,4.0,2900.0
2016-05-20,3.9,4.3,2.381,4.237,3800.0,16100000.0,0.0,0.0,4.2,4.5,4.2,3800.0
2016-05-23,3.9,4.3,0.0,4.293,6100.0,26190000.0,0.0,0.0,3.9,4.3,3.9,6100.0
2016-05-24,4.0,4.0,2.5641,3.904,2300.0,8980000.0,0.0,0.0,4.0,4.0,3.8,2300.0
2016-05-25,4.0,4.0,0.0,4.017,600.0,2410000.0,0.0,0.0,4.1,4.1,4.0,600.0
2016-05-26,4.2,4.2,5.0,4.2,100.0,420000.0,0.0,0.0,4.2,4.2,4.2,100.0
2016-05-27,4.2,4.2,0.0,4.305,6500.0,27980000.0,0.0,0.0,4.3,4.4,4.2,6500.0
2016-05-30,4.2,4.2,0.0,4.04,3000.0,12120000.0,0.0,0.0,4.3,4.4,4.0,3000.0
2016-05-31,4.2,4.2,0.0,4.2,0.0,0.0,0.0,0.0,4.2,4.2,4.2,0.0
2016-06-01,4.0,4.0,-4.7619,3.851,14600.0,56230000.0,0.0,0.0,4.0,4.2,3.8,14600.0
2016-06-02,3.9,3.9,-2.5,3.807,1500.0,5710000.0,0.0,0.0,3.8,3.9,3.8,1500.0
2016-06-03,4.0,4.0,2.5641,3.946,2800.0,11050000.0,0.0,0.0,3.9,4.0,3.8,2800.0
2016-06-06,3.9,3.9,-2.5,3.881,4200.0,16300000.0,0.0,0.0,4.1,4.1,3.8,4200.0
2016-06-07,3.7,3.7,-5.1282,3.802,4100.0,15590000.0,0.0,0.0,3.8,4.0,3.7,4100.0
2016-06-08,3.9,3.9,5.4054,3.861,6200.0,23940000.0,0.0,0.0,3.7,3.9,3.7,6200.0
2016-06-09,3.9,3.9,0.0,3.9,800.0,3120000.0,0.0,0.0,3.9,4.0,3.8,800.0
2016-06-10,3.8,3.8,-2.5641,3.879,8600.0,33360000.0,0.0,0.0,4.0,4.0,3.8,8600.0
2016-06-13,3.8,3.8,0.0,3.825,14300.0,54700000.0,0.0,0.0,3.9,4.0,3.8,14300.0
2016-06-14,3.8,3.8,0.0,3.8,1000.0,3800000.0,0.0,0.0,3.8,3.8,3.8,1000.0
2016-06-15,3.9,3.9,2.6316,3.809,2200.0,8380000.0,0.0,0.0,3.9,3.9,3.8,2200.0
2016-06-16,3.7,3.7,-5.1282,3.719,3700.0,13760000.0,0.0,0.0,4.0,4.0,3.7,3700.0
2016-06-17,3.8,3.8,2.7027,3.708,4000.0,14830000.0,0.0,0.0,3.7,3.8,3.7,4000.0
2016-06-20,3.7,3.7,-2.6316,3.7,17300.0,64010000.0,0.0,0.0,3.7,3.7,3.7,17300.0
2016-06-21,3.7,3.7,0.0,3.703,2900.0,10740000.0,0.0,0.0,3.8,3.8,3.7,2900.0
2016-06-22,3.7,3.7,0.0,3.7,21700.0,80290000.0,0.0,0.0,3.7,3.7,3.7,21700.0
2016-06-23,4.0,4.0,8.1081,3.995,40500.0,161790000.0,0.0,0.0,3.8,4.0,3.8,40500.0
2016-06-24,4.0,4.0,0.0,3.81,2100.0,8000000.0,0.0,0.0,3.8,4.0,3.8,2100.0
2016-06-27,4.1,4.1,2.5,4.025,37900.0,152550000.0,0.0,0.0,4.1,4.1,4.0,37900.0
2016-06-28,4.2,4.2,2.439,4.022,5400.0,21720000.0,0.0,0.0,4.4,4.4,4.0,5400.0
2016-06-29,4.2,4.2,0.0,4.009,3500.0,14030000.0,0.0,0.0,3.8,4.3,3.8,3500.0
2016-06-30,4.0,4.0,-4.7619,4.0,5500.0,22000000.0,0.0,0.0,4.0,4.0,4.0,5500.0
2016-07-01,3.8,3.8,-5.0,3.867,1500.0,5800000.0,0.0,0.0,4.0,4.0,3.8,1500.0
2016-07-04,4.0,4.0,5.2632,4.0,100.0,400000.0,0.0,0.0,4.0,4.0,4.0,100.0
2016-07-05,4.0,4.0,0.0,4.0,0.0,0.0,0.0,0.0,4.0,4.0,4.0,0.0
2016-07-06,4.0,4.0,0.0,3.82,1000.0,3820000.0,0.0,0.0,3.8,4.0,3.8,1000.0
2016-07-07,3.8,3.8,-5.0,3.655,23100.0,84420000.0,0.0,0.0,3.8,3.9,3.6,23100.0
2016-07-08,3.8,3.8,0.0,3.8,0.0,0.0,0.0,0.0,3.8,3.8,3.8,0.0
2016-07-11,4.0,4.0,5.2632,3.509,13200.0,46320000.0,0.0,0.0,4.0,4.0,3.5,13200.0
2016-07-12,3.7,3.7,-7.5,3.7,100.0,370000.0,0.0,0.0,3.7,3.7,3.7,100.0
2016-07-13,3.9,3.9,5.4054,3.7,200.0,740000.0,0.0,0.0,3.5,3.9,3.5,200.0
2016-07-14,3.8,3.8,-2.5641,3.8,200.0,760000.0,0.0,0.0,3.8,3.8,3.8,200.0
2016-07-15,3.7,3.7,-2.6316,3.7,300.0,1110000.0,0.0,0.0,3.7,3.7,3.7,300.0
2016-07-18,3.7,3.7,0.0,3.7,300.0,1110000.0,0.0,0.0,3.7,3.7,3.7,300.0
2016-07-19,3.9,3.9,5.4054,3.8,11000.0,41800000.0,0.0,0.0,3.7,3.9,3.7,11000.0
2016-07-20,3.9,3.9,0.0,3.9,7200.0,28080000.0,0.0,0.0,3.9,3.9,3.9,7200.0
2016-07-21,3.9,3.9,0.0,3.614,9600.0,34690000.0,0.0,0.0,3.7,3.9,3.6,9600.0
2016-07-22,3.8,3.8,-2.5641,3.603,6500.0,23420000.0,0.0,0.0,3.6,3.8,3.6,6500.0
2016-07-25,3.8,3.8,0.0,3.667,300.0,1100000.0,0.0,0.0,3.6,3.8,3.6,300.0
2016-07-26,3.8,3.8,0.0,3.8,0.0,0.0,0.0,0.0,3.8,3.8,3.8,0.0
2016-07-27,3.8,3.8,0.0,3.8,0.0,0.0,0.0,0.0,3.8,3.8,3.8,0.0
2016-07-28,3.7,3.7,-2.6316,3.503,6100.0,21370000.0,0.0,0.0,3.5,3.7,3.5,6100.0
2016-07-29,3.9,3.9,5.4054,3.85,200.0,770000.0,0.0,0.0,3.8,3.9,3.8,200.0
2016-08-01,3.9,3.9,0.0,3.9,0.0,0.0,0.0,0.0,3.9,3.9,3.9,0.0
2016-08-02,3.9,3.9,0.0,3.817,600.0,2290000.0,0.0,0.0,3.8,3.9,3.8,600.0
2016-08-03,3.9,3.9,0.0,3.9,0.0,0.0,0.0,0.0,3.9,3.9,3.9,0.0
2016-08-04,3.9,3.9,0.0,3.9,7300.0,28470000.0,0.0,0.0,3.9,3.9,3.9,7300.0
2016-08-05,3.9,3.9,0.0,3.9,0.0,0.0,0.0,0.0,3.9,3.9,3.9,0.0
2016-08-08,3.9,3.9,0.0,3.9,0.0,0.0,0.0,0.0,3.9,3.9,3.9,0.0
2016-08-09,3.9,3.9,0.0,3.9,0.0,0.0,0.0,0.0,3.9,3.9,3.9,0.0
2016-08-10,3.9,3.9,0.0,3.9,0.0,0.0,0.0,0.0,3.9,3.9,3.9,0.0
2016-08-11,3.9,3.9,0.0,3.9,0.0,0.0,0.0,0.0,3.9,3.9,3.9,0.0
2016-08-12,3.9,3.9,0.0,3.9,0.0,0.0,0.0,0.0,3.9,3.9,3.9,0.0
2016-08-15,3.9,3.9,0.0,3.9,0.0,0.0,0.0,0.0,3.9,3.9,3.9,0.0
2016-08-16,3.8,3.8,-2.5641,3.8,100.0,380000.0,0.0,0.0,3.8,3.8,3.8,100.0
2016-08-17,3.8,3.8,0.0,3.501,55300.0,193580000.0,0.0,0.0,3.5,3.8,3.5,55300.0
2016-08-18,3.6,3.6,-5.2632,3.531,7700.0,27190000.0,0.0,0.0,3.5,3.7,3.5,7700.0
2016-08-19,3.3,3.3,-8.3333,3.444,900.0,3100000.0,30.0,99000.0,3.3,3.6,3.3,930.0
2016-08-22,3.6,3.6,9.0909,3.183,630.0,2000000.0,0.0,0.0,3.1,3.6,3.1,630.0
2016-08-23,3.6,3.6,0.0,3.502,5800.0,20310000.0,0.0,0.0,3.5,3.6,3.5,5800.0
2016-08-24,3.3,3.3,-8.3333,3.483,4600.0,16020000.0,0.0,0.0,3.5,3.5,3.3,4600.0
2016-08-25,3.6,3.6,9.0909,3.553,8000.0,28420000.0,0.0,0.0,3.5,3.6,3.5,8000.0
2016-08-26,3.9,3.9,8.3333,3.868,14500.0,56090000.0,30.0,99000.0,3.7,3.9,3.7,14530.0
2016-08-29,4.2,4.2,7.6923,4.2,43000.0,180600000.0,40.0,144000.0,4.2,4.2,4.2,43040.0
2016-08-30,4.6,4.6,9.5238,4.6,54370.0,250102000.0,0.0,0.0,4.6,4.6,4.6,54370.0
2016-08-31,4.9,4.9,6.5217,4.8,1700.0,8160000.0,0.0,0.0,4.2,5.0,4.2,1700.0
2016-09-01,4.6,4.6,-6.1224,4.503,11400.0,51330000.0,50.0,225000.0,4.5,4.6,4.5,11450.0
2016-09-05,4.2,4.2,-8.6957,4.275,2840.0,12138000.0,0.0,0.0,4.4,4.4,4.2,2840.0
2016-09-06,4.2,4.2,0.0,4.2,160.0,672000.0,0.0,0.0,4.2,4.2,4.2,160.0
2016-09-07,4.2,4.2,0.0,4.19,42050.0,176150000.0,0.0,0.0,4.1,4.2,3.9,42050.0
2016-09-08,4.4,4.4,4.7619,4.4,200.0,880000.0,0.0,0.0,4.4,4.4,4.4,200.0
2016-09-09,4.8,4.8,9.0909,4.78,500.0,2390000.0,0.0,0.0,4.7,4.8,4.7,500.0
2016-09-12,4.4,4.4,-8.3333,4.644,4100.0,19040000.0,0.0,0.0,4.8,4.8,4.4,4100.0
2016-09-13,4.4,4.4,0.0,4.4,10.0,40000.0,0.0,0.0,4.4,4.4,4.4,10.0
2016-09-14,4.4,4.4,0.0,4.4,0.0,0.0,0.0,0.0,4.4,4.4,4.4,0.0
2016-09-15,4.4,4.4,0.0,4.433,320.0,1426000.0,0.0,0.0,4.2,4.7,4.2,320.0
2016-09-16,4.0,4.0,-9.0909,4.015,1310.0,5260000.0,0.0,0.0,4.0,4.2,4.0,1310.0
2016-09-19,4.0,4.0,0.0,4.0,30.0,112000.0,0.0,0.0,4.0,4.0,4.0,30.0
2016-09-20,4.0,4.0,0.0,4.067,610.0,2476000.0,0.0,0.0,4.4,4.4,4.0,610.0
2016-09-21,3.7,3.7,-7.5,3.602,11000.0,39620000.0,0.0,0.0,3.6,3.7,3.6,11000.0
2016-09-22,4.0,4.0,8.1081,4.0,11700.0,46800000.0,0.0,0.0,4.0,4.0,4.0,11700.0
2016-09-23,4.0,4.0,0.0,4.042,6600.0,26680000.0,0.0,0.0,4.0,4.2,4.0,6600.0
2016-09-26,3.8,3.8,-5.0,3.918,1710.0,6696000.0,0.0,0.0,4.0,4.0,3.8,1710.0
2016-09-27,3.9,3.9,2.6316,3.846,1300.0,5000000.0,0.0,0.0,3.6,3.9,3.6,1300.0
2016-09-28,3.9,3.9,0.0,3.86,4800.0,18530000.0,0.0,0.0,3.6,3.9,3.6,4800.0
2016-09-29,3.9,3.9,0.0,3.9,0.0,0.0,0.0,0.0,3.9,3.9,3.9,0.0
2016-09-30,3.9,3.9,0.0,3.767,300.0,1130000.0,0.0,0.0,3.7,3.9,3.7,300.0
2016-10-03,3.9,3.9,0.0,3.9,100.0,390000.0,0.0,0.0,3.9,3.9,3.9,100.0
2016-10-04,3.6,3.6,-7.6923,3.621,6700.0,24260000.0,0.0,0.0,3.7,3.7,3.6,6700.0
2016-10-05,3.5,3.5,-2.7778,3.5,2000.0,7000000.0,0.0,0.0,3.5,3.5,3.5,2000.0
2016-10-06,3.5,3.5,0.0,3.525,1200.0,4230000.0,0.0,0.0,3.8,3.8,3.5,1200.0
2016-10-07,3.8,3.8,8.5714,3.757,750.0,2790000.0,0.0,0.0,3.5,3.8,3.5,750.0
2016-10-10,3.6,3.6,-5.2632,3.681,2100.0,7730000.0,0.0,0.0,3.8,3.8,3.6,2100.0
2016-10-11,3.8,3.8,5.5556,3.6,300.0,1080000.0,0.0,0.0,3.5,3.8,3.5,300.0
2016-10-12,3.7,3.7,-2.6316,3.608,1300.0,4690000.0,0.0,0.0,3.6,3.7,3.6,1300.0
2016-10-13,3.7,3.7,0.0,3.7,0.0,0.0,0.0,0.0,3.7,3.7,3.7,0.0
2016-10-14,3.8,3.8,2.7027,3.516,1900.0,6680000.0,0.0,0.0,3.5,3.8,3.5,1900.0
2016-10-17,3.6,3.6,-5.2632,3.6,2000.0,7200000.0,0.0,0.0,3.6,3.6,3.6,2000.0
2016-10-18,3.8,3.8,5.5556,3.867,300.0,1160000.0,0.0,0.0,3.9,3.9,3.8,300.0
2016-10-19,3.8,3.8,0.0,3.8,0.0,0.0,0.0,0.0,3.8,3.8,3.8,0.0
2016-10-20,3.8,3.8,0.0,3.8,300.0,1140000.0,0.0,0.0,3.8,3.8,3.8,300.0
2016-10-21,3.8,3.8,0.0,3.8,0.0,0.0,0.0,0.0,3.8,3.8,3.8,0.0
2016-10-24,3.5,3.5,-7.8947,3.5,2700.0,9450000.0,0.0,0.0,3.5,3.5,3.5,2700.0
2016-10-25,3.5,3.5,0.0,3.5,0.0,0.0,0.0,0.0,3.5,3.5,3.5,0.0
2016-10-26,3.5,3.5,0.0,3.5,1100.0,3850000.0,0.0,0.0,3.5,3.5,3.5,1100.0
2016-10-27,3.5,3.5,0.0,3.457,2300.0,7950000.0,0.0,0.0,3.5,3.5,3.4,2300.0
2016-10-28,3.5,3.5,0.0,3.5,200.0,700000.0,0.0,0.0,3.5,3.5,3.5,200.0
2016-10-31,3.8,3.8,8.5714,3.788,25300.0,95830000.0,0.0,0.0,3.8,3.8,3.6,25300.0
2016-11-01,4.1,4.1,7.8947,4.071,22900.0,93230000.0,0.0,0.0,3.9,4.1,3.9,22900.0
2016-11-02,4.4,4.4,7.3171,4.075,3200.0,13040000.0,0.0,0.0,4.5,4.5,3.9,3200.0
2016-11-03,4.4,4.4,0.0,4.329,3460.0,14978000.0,0.0,0.0,4.4,4.4,4.3,3460.0
2016-11-04,4.1,4.1,-6.8182,4.166,6800.0,28330000.0,0.0,0.0,4.2,4.2,4.1,6800.0
2016-11-07,4.3,4.3,4.878,4.214,8800.0,37080000.0,0.0,0.0,4.1,4.3,4.1,8800.0
2016-11-08,4.4,4.4,2.3256,4.342,7400.0,32130000.0,0.0,0.0,4.3,4.4,4.3,7400.0
2016-11-09,4.4,4.4,0.0,4.124,5550.0,22880000.0,0.0,0.0,4.2,4.4,4.1,5550.0
2016-11-10,4.5,4.5,2.2727,4.45,3000.0,13350000.0,0.0,0.0,4.4,4.6,4.4,3000.0
2016-11-11,4.8,4.8,6.6667,4.551,15600.0,71000000.0,0.0,0.0,4.5,4.8,4.4,15600.0
2016-11-14,4.8,4.8,0.0,4.657,2800.0,13040000.0,0.0,0.0,4.8,4.8,4.6,2800.0
2016-11-15,4.9,4.9,2.0833,4.737,10200.0,48320000.0,0.0,0.0,4.8,4.9,4.7,10200.0
2016-11-16,4.8,4.8,-2.0408,4.618,1100.0,5080000.0,0.0,0.0,4.6,4.8,4.6,1100.0
2016-11-17,4.8,4.8,0.0,4.6,300.0,1380000.0,0.0,0.0,4.5,4.8,4.5,300.0
2016-11-18,4.8,4.8,0.0,4.75,200.0,950000.0,0.0,0.0,4.7,4.8,4.7,200.0
2016-11-21,4.8,4.8,0.0,4.8,0.0,0.0,0.0,0.0,4.8,4.8,4.8,0.0
2016-11-22,4.8,4.8,0.0,4.713,2300.0,10840000.0,0.0,0.0,4.8,4.8,4.7,2300.0
2016-11-23,4.6,4.6,-4.1667,4.633,3000.0,13900000.0,0.0,0.0,4.7,4.7,4.6,3000.0
2016-11-24,5.0,5.0,8.6957,4.997,52710.0,263408000.0,0.0,0.0,4.8,5.0,4.8,52710.0
2016-11-25,5.3,5.3,6.0,5.077,3510.0,17825000.0,0.0,0.0,5.5,5.5,5.0,3510.0
2016-11-28,5.5,5.5,3.7736,5.0,4400.0,22200000.0,0.0,0.0,5.0,5.5,5.0,4400.0
2016-11-29,5.4,5.4,-1.8182,5.193,1580.0,8190000.0,0.0,0.0,5.3,5.4,5.1,1580.0
2016-11-30,5.8,5.8,7.4074,5.64,500.0,2820000.0,0.0,0.0,5.4,5.8,5.4,500.0
2016-12-01,5.8,5.8,0.0,5.5,1000.0,5500000.0,0.0,0.0,5.3,5.8,5.3,1000.0
2016-12-02,5.8,5.8,0.0,5.8,0.0,0.0,0.0,0.0,5.8,5.8,5.8,0.0
2016-12-05,6.2,6.2,6.8966,6.0,300.0,1800000.0,0.0,0.0,5.9,6.2,5.9,300.0
2016-12-06,6.1,6.1,-1.6129,6.1,300.0,1830000.0,0.0,0.0,6.1,6.1,6.1,300.0
2016-12-07,6.0,6.0,-1.6393,6.0,400.0,2400000.0,0.0,0.0,6.0,6.0,6.0,400.0
2016-12-08,5.5,5.5,-8.3333,5.5,500.0,2750000.0,0.0,0.0,5.5,5.5,5.5,500.0
2016-12-09,5.5,5.5,0.0,5.4,200.0,1080000.0,0.0,0.0,5.3,5.5,5.3,200.0
2016-12-12,5.3,5.3,-3.6364,5.2,300.0,1560000.0,0.0,0.0,5.0,5.3,5.0,300.0
2016-12-13,5.8,5.8,9.434,5.8,100.0,580000.0,0.0,0.0,5.8,5.8,5.8,100.0
2016-12-14,6.2,6.2,6.8966,6.2,100.0,620000.0,0.0,0.0,6.2,6.2,6.2,100.0
2016-12-15,6.2,6.2,0.0,6.2,0.0,0.0,0.0,0.0,6.2,6.2,6.2,0.0
2016-12-16,6.7,6.7,8.0645,6.117,600.0,3670000.0,0.0,0.0,6.0,6.7,6.0,600.0
2016-12-19,6.7,6.7,0.0,6.7,0.0,0.0,0.0,0.0,6.7,6.7,6.7,0.0
2016-12-20,6.1,6.1,-8.9552,6.7,200.0,1340000.0,0.0,0.0,7.3,7.3,6.1,200.0
2016-12-21,6.7,6.7,9.8361,6.7,100.0,670000.0,0.0,0.0,6.7,6.7,6.7,100.0
2016-12-22,6.7,6.7,0.0,6.7,0.0,0.0,0.0,0.0,6.7,6.7,6.7,0.0
2016-12-23,6.6,6.6,-1.4925,6.287,1500.0,9430000.0,0.0,0.0,7.2,7.3,6.1,1500.0
2016-12-26,6.0,6.0,-9.0909,6.016,10600.0,63770000.0,0.0,0.0,7.1,7.1,6.0,10600.0
2016-12-27,5.4,5.4,-10.0,5.4,1100.0,5940000.0,0.0,0.0,5.4,5.4,5.4,1100.0
2016-12-28,5.7,5.7,5.5556,5.75,200.0,1150000.0,0.0,0.0,5.8,5.8,5.7,200.0
2016-12-29,6.1,6.1,7.0175,6.1,100.0,610000.0,0.0,0.0,6.1,6.1,6.1,100.0
2016-12-30,6.0,6.0,-1.6393,6.0,300.0,1800000.0,0.0,0.0,6.5,6.5,5.5,300.0
2017-01-03,6.0,6.0,0.0,6.09,1000.0,6090000.0,0.0,0.0,6.4,6.5,6.0,1000.0
2017-01-04,6.0,6.0,0.0,6.0,0.0,0.0,0.0,0.0,6.0,6.0,6.0,0.0
2017-01-05,6.3,6.3,5.0,6.3,100.0,630000.0,0.0,0.0,6.3,6.3,6.3,100.0
2017-01-06,6.8,6.8,7.9365,5.8,1100.0,6380000.0,0.0,0.0,5.7,6.8,5.7,1100.0
2017-01-09,6.8,6.8,0.0,6.8,0.0,0.0,0.0,0.0,6.8,6.8,6.8,0.0
2017-01-10,6.2,6.2,-8.8235,6.2,100.0,620000.0,0.0,0.0,6.2,6.2,6.2,100.0
2017-01-11,6.2,6.2,0.0,6.2,0.0,0.0,0.0,0.0,6.2,6.2,6.2,0.0
2017-01-12,6.2,6.2,0.0,6.2,0.0,0.0,0.0,0.0,6.2,6.2,6.2,0.0
2017-01-13,6.8,6.8,9.6774,6.8,100.0,680000.0,0.0,0.0,6.8,6.8,6.8,100.0
2017-01-16,6.8,6.8,0.0,6.8,0.0,0.0,0.0,0.0,6.8,6.8,6.8,0.0
2017-01-17,7.0,7.0,2.9412,7.0,100.0,700000.0,0.0,0.0,7.0,7.0,7.0,100.0
2017-01-18,6.3,6.3,-10.0,6.3,100.0,630000.0,0.0,0.0,6.3,6.3,6.3,100.0
2017-01-19,6.2,6.2,-1.5873,5.8,500.0,2900000.0,0.0,0.0,5.7,6.2,5.7,500.0
2017-01-20,6.4,6.4,3.2258,6.4,100.0,640000.0,0.0,0.0,6.4,6.4,6.4,100.0
2017-01-23,6.4,6.4,0.0,6.4,0.0,0.0,0.0,0.0,6.4,6.4,6.4,0.0
2017-01-24,6.4,6.4,0.0,6.4,0.0,0.0,0.0,0.0,6.4,6.4,6.4,0.0
2017-01-25,7.0,7.0,9.375,7.0,100.0,700000.0,0.0,0.0,7.0,7.0,7.0,100.0
2017-02-02,7.0,7.0,0.0,7.0,0.0,0.0,0.0,0.0,7.0,7.0,7.0,0.0
2017-02-03,7.0,7.0,0.0,7.0,0.0,0.0,0.0,0.0,7.0,7.0,7.0,0.0
2017-02-06,7.0,7.0,0.0,7.0,0.0,0.0,0.0,0.0,7.0,7.0,7.0,0.0
2017-02-07,7.5,7.5,7.1429,7.5,100.0,750000.0,0.0,0.0,7.5,7.5,7.5,100.0
2017-02-08,7.5,7.5,0.0,7.5,0.0,0.0,0.0,0.0,7.5,7.5,7.5,0.0
2017-02-09,7.5,7.5,0.0,7.5,0.0,0.0,0.0,0.0,7.5,7.5,7.5,0.0
2017-02-10,7.5,7.5,0.0,7.5,0.0,0.0,0.0,0.0,7.5,7.5,7.5,0.0
2017-02-13,6.8,6.8,-9.3333,6.8,1200.0,8160000.0,0.0,0.0,6.8,6.8,6.8,1200.0
2017-02-14,6.2,6.2,-8.8235,6.2,1000.0,6200000.0,0.0,0.0,6.2,6.2,6.2,1000.0
2017-02-15,5.6,5.6,-9.6774,5.6,1700.0,9520000.0,0.0,0.0,5.6,5.6,5.6,1700.0
2017-02-16,5.1,5.1,-8.9286,5.1,17300.0,88230000.0,0.0,0.0,5.1,5.1,5.1,17300.0
2017-02-17,5.0,5.0,-1.9608,4.949,8000.0,39590000.0,0.0,0.0,5.2,5.2,4.8,8000.0
2017-02-20,5.0,5.0,0.0,4.962,11600.0,57560000.0,0.0,0.0,5.0,5.4,4.6,11600.0
2017-02-21,4.7,4.7,-6.0,4.665,17470.0,81499000.0,0.0,0.0,4.7,5.2,4.5,17470.0
2017-02-22,4.7,4.7,0.0,4.7,6300.0,29610000.0,0.0,0.0,4.7,4.7,4.7,6300.0
2017-02-23,4.6,4.6,-2.1277,4.675,400.0,1870000.0,0.0,0.0,4.9,4.9,4.6,400.0
2017-02-24,4.6,4.6,0.0,4.767,7330.0,34932000.0,0.0,0.0,5.0,5.0,4.6,7330.0
2017-02-27,4.7,4.7,2.1739,4.651,4900.0,22790000.0,0.0,0.0,4.8,4.8,4.6,4900.0
2017-02-28,4.7,4.7,0.0,4.533,18100.0,82050000.0,0.0,0.0,4.6,4.7,4.4,18100.0
2017-03-01,4.7,4.7,0.0,4.7,0.0,0.0,0.0,0.0,4.7,4.7,4.7,0.0
2017-03-02,4.4,4.4,-6.383,4.4,3000.0,13200000.0,0.0,0.0,4.4,4.4,4.4,3000.0
2017-03-03,4.6,4.6,4.5455,4.488,800.0,3590000.0,0.0,0.0,4.4,4.6,4.4,800.0
2017-03-06,4.5,4.5,-2.1739,4.5,100.0,450000.0,0.0,0.0,4.5,4.5,4.5,100.0
2017-03-07,4.4,4.4,-2.2222,4.55,200.0,910000.0,0.0,0.0,4.7,4.7,4.4,200.0
2017-03-08,4.7,4.7,6.8182,4.4,1400.0,6160000.0,0.0,0.0,4.3,4.7,4.3,1400.0
2017-03-09,4.6,4.6,-2.1277,4.6,100.0,460000.0,0.0,0.0,4.6,4.6,4.6,100.0
2017-03-10,4.4,4.4,-4.3478,4.408,1300.0,5730000.0,0.0,0.0,4.4,4.6,4.3,1300.0
2017-03-13,4.7,4.7,6.8182,4.667,300.0,1400000.0,0.0,0.0,4.6,4.7,4.6,300.0
2017-03-14,4.4,4.4,-6.383,4.4,1600.0,7040000.0,0.0,0.0,4.4,4.4,4.4,1600.0
2017-03-15,4.3,4.3,-2.2727,4.3,100.0,430000.0,0.0,0.0,4.3,4.3,4.3,100.0
2017-03-16,4.5,4.5,4.6512,4.313,4750.0,20485000.0,0.0,0.0,4.3,4.5,4.3,4750.0
2017-03-17,4.4,4.4,-2.2222,4.475,400.0,1790000.0,0.0,0.0,4.5,4.5,4.4,400.0
2017-03-20,4.3,4.3,-2.2727,4.213,5200.0,21910000.0,0.0,0.0,4.3,4.6,4.2,5200.0
2017-03-21,4.2,4.2,-2.3256,4.298,4100.0,17620000.0,0.0,0.0,4.3,4.3,4.2,4100.0
2017-03-22,4.5,4.5,7.1429,4.433,320.0,1420000.0,0.0,0.0,4.3,4.5,4.3,320.0
2017-03-23,4.2,4.2,-6.6667,4.244,7900.0,33530000.0,0.0,0.0,4.3,4.4,4.2,7900.0
2017-03-24,4.1,4.1,-2.381,4.1,2900.0,11890000.0,0.0,0.0,4.1,4.1,4.1,2900.0
2017-03-27,4.2,4.2,2.439,4.264,3900.0,16630000.0,0.0,0.0,4.5,4.5,4.2,3900.0
2017-03-28,4.0,4.0,-4.7619,4.012,18100.0,72610000.0,0.0,0.0,4.5,4.5,3.9,18100.0
2017-03-29,3.7,3.7,-7.5,3.764,13900.0,52320000.0,0.0,0.0,4.1,4.1,3.7,13900.0
2017-03-30,4.0,4.0,8.1081,3.644,2700.0,9840000.0,0.0,0.0,3.7,4.0,3.6,2700.0
2017-03-31,4.1,4.1,2.5,4.1,200.0,820000.0,0.0,0.0,4.1,4.1,4.1,200.0
2017-04-03,3.8,3.8,-7.3171,3.878,4000.0,15510000.0,0.0,0.0,3.9,3.9,3.8,4000.0
2017-04-04,4.0,4.0,5.2632,4.0,300.0,1200000.0,0.0,0.0,4.0,4.0,4.0,300.0
2017-04-05,3.7,3.7,-7.5,3.7,100.0,370000.0,0.0,0.0,3.7,3.7,3.7,100.0
2017-04-07,3.7,3.7,0.0,3.846,6900.0,26540000.0,0.0,0.0,3.9,3.9,3.7,6900.0
2017-04-10,3.7,3.7,0.0,3.8,200.0,760000.0,0.0,0.0,3.9,3.9,3.7,200.0
2017-04-11,3.7,3.7,0.0,3.7,1400.0,5180000.0,0.0,0.0,3.7,3.7,3.7,1400.0
2017-04-12,3.6,3.6,-2.7027,3.683,610.0,2245000.0,0.0,0.0,3.7,3.7,3.6,610.0
2017-04-13,3.6,3.6,0.0,3.538,1600.0,5660000.0,0.0,0.0,3.5,3.6,3.5,1600.0
2017-04-14,3.8,3.8,5.5556,3.64,500.0,1820000.0,0.0,0.0,3.6,3.8,3.6,500.0
2017-04-17,3.7,3.7,-2.6316,3.525,5920.0,20870000.0,0.0,0.0,3.5,3.7,3.5,5920.0
2017-04-18,3.9,3.9,5.4054,3.8,200.0,760000.0,0.0,0.0,3.7,3.9,3.7,200.0
2017-04-19,3.8,3.8,-2.5641,3.756,3200.0,12020000.0,0.0,0.0,3.9,3.9,3.7,3200.0
2017-04-20,3.8,3.8,0.0,3.753,1530.0,5737000.0,0.0,0.0,3.7,3.8,3.7,1530.0
2017-04-21,4.1,4.1,7.8947,3.93,2300.0,9040000.0,0.0,0.0,3.8,4.1,3.7,2300.0
2017-04-24,4.1,4.1,0.0,4.1,0.0,0.0,0.0,0.0,4.1,4.1,4.1,0.0
2017-04-25,4.2,4.2,2.439,4.2,2060.0,8623000.0,0.0,0.0,4.2,4.2,4.2,2060.0
2017-04-26,4.1,4.1,-2.381,3.996,6900.0,27570000.0,0.0,0.0,3.8,4.1,3.8,6900.0
2017-04-27,4.5,4.5,9.7561,4.37,45108.0,197132800.0,0.0,0.0,4.1,4.5,4.1,45108.0
2017-04-28,4.5,4.5,0.0,4.162,50200.0,208920000.0,0.0,0.0,4.5,4.5,4.1,50200.0
2017-05-03,4.5,4.5,0.0,4.5,2700.0,12150000.0,0.0,0.0,4.5,4.5,4.5,2700.0
2017-05-04,4.5,4.5,0.0,4.5,0.0,0.0,0.0,0.0,4.5,4.5,4.5,0.0
2017-05-05,4.2,4.2,-6.6667,4.114,12900.0,53070000.0,0.0,0.0,4.2,4.2,4.1,12900.0
2017-05-08,4.1,4.1,-2.381,3.918,1100.0,4310000.0,0.0,0.0,3.9,4.1,3.9,1100.0
2017-05-09,4.2,4.2,2.439,4.139,5100.0,21110000.0,0.0,0.0,4.1,4.2,4.1,5100.0
2017-05-10,4.2,4.2,0.0,4.172,10500.0,43810000.0,0.0,0.0,3.9,4.4,3.8,10500.0
2017-05-11,4.3,4.3,2.381,4.3,100.0,430000.0,30.0,114000.0,4.3,4.3,4.3,130.0
2017-05-12,4.3,4.3,0.0,4.3,0.0,0.0,0.0,0.0,4.3,4.3,4.3,0.0
2017-05-15,4.1,4.1,-4.6512,4.113,60100.0,247210000.0,0.0,0.0,4.1,4.2,4.1,60100.0
2017-05-16,4.3,4.3,4.878,4.003,10600.0,42430000.0,0.0,0.0,4.0,4.3,4.0,10600.0
2017-05-17,4.3,4.3,0.0,4.3,1000.0,4300000.0,0.0,0.0,4.3,4.3,4.3,1000.0
2017-05-18,4.7,4.7,9.3023,4.225,44700.0,188860000.0,0.0,0.0,4.2,4.7,4.1,44700.0
2017-05-19,4.5,4.5,-4.2553,4.453,12000.0,53430000.0,0.0,0.0,4.4,4.5,4.4,12000.0
2017-05-22,4.7,4.7,4.4444,4.7,100.0,470000.0,0.0,0.0,4.7,4.7,4.7,100.0
2017-05-23,4.4,4.4,-6.383,4.32,500.0,2160000.0,0.0,0.0,4.3,4.4,4.3,500.0
2017-05-24,4.4,4.4,0.0,4.152,20100.0,83460000.0,0.0,0.0,4.2,4.4,4.1,20100.0
2017-05-25,4.4,4.4,0.0,4.4,401.0,1764400.0,0.0,0.0,4.4,4.4,4.4,401.0
2017-05-26,4.4,4.4,0.0,4.4,20.0,82000.0,0.0,0.0,4.4,4.4,4.4,20.0
2017-05-29,4.3,4.3,-2.2727,4.33,4000.0,17320000.0,0.0,0.0,4.5,4.5,4.3,4000.0
2017-05-30,4.4,4.4,2.3256,4.4,107.0,468000.0,0.0,0.0,4.4,4.4,4.4,107.0
2017-05-31,4.3,4.3,-2.2727,4.2,200.0,840000.0,0.0,0.0,4.1,4.3,4.1,200.0
2017-06-01,4.3,4.3,0.0,4.3,0.0,0.0,0.0,0.0,4.3,4.3,4.3,0.0
2017-06-02,4.3,4.3,0.0,4.3,0.0,0.0,0.0,0.0,4.3,4.3,4.3,0.0
2017-06-05,4.3,4.3,0.0,4.305,2100.0,9040000.0,0.0,0.0,4.4,4.4,4.3,2100.0
2017-06-06,4.3,4.3,0.0,4.3,1000.0,4300000.0,0.0,0.0,4.3,4.3,4.3,1000.0
2017-06-07,4.3,4.3,0.0,4.009,17200.0,68960000.0,0.0,0.0,4.0,4.3,4.0,17200.0
2017-06-08,4.0,4.0,-6.9767,4.018,1700.0,6830000.0,0.0,0.0,4.0,4.3,4.0,1700.0
2017-06-09,4.2,4.2,5.0,4.104,4600.0,18880000.0,0.0,0.0,4.2,4.2,4.0,4600.0
2017-06-12,4.2,4.2,0.0,4.002,17300.0,69240000.0,0.0,0.0,4.0,4.2,4.0,17300.0
2017-06-13,4.2,4.2,0.0,4.176,4200.0,17540000.0,0.0,0.0,4.1,4.2,4.1,4200.0
2017-06-14,4.2,4.2,0.0,4.2,0.0,0.0,0.0,0.0,4.2,4.2,4.2,0.0
2017-06-15,4.0,4.0,-4.7619,4.13,28700.0,118540000.0,0.0,0.0,4.1,4.3,4.0,28700.0
2017-06-16,4.0,4.0,0.0,3.978,1850.0,7340000.0,0.0,0.0,4.0,4.2,3.9,1850.0
2017-06-19,4.2,4.2,5.0,4.002,13100.0,52420000.0,0.0,0.0,4.0,4.2,4.0,13100.0
2017-06-20,4.4,4.4,4.7619,4.4,500.0,2200000.0,0.0,0.0,4.4,4.4,4.4,500.0
2017-06-21,4.4,4.4,0.0,4.4,0.0,0.0,0.0,0.0,4.4,4.4,4.4,0.0
2017-06-22,4.4,4.4,0.0,4.4,20.0,90000.0,0.0,0.0,4.4,4.4,4.4,20.0
2017-06-23,4.4,4.4,0.0,4.043,20100.0,81270000.0,0.0,0.0,4.7,4.7,4.0,20100.0
2017-06-26,4.4,4.4,0.0,4.4,0.0,0.0,0.0,0.0,4.4,4.4,4.4,0.0
2017-06-27,4.2,4.2,-4.5455,4.2,3200.0,13440000.0,0.0,0.0,4.2,4.2,4.2,3200.0
2017-06-28,4.1,4.1,-2.381,4.1,1000.0,4100000.0,0.0,0.0,4.1,4.1,4.1,1000.0
2017-06-29,4.0,4.0,-2.439,3.902,4100.0,16000000.0,0.0,0.0,3.9,4.0,3.9,4100.0
2017-06-30,4.1,4.1,2.5,3.904,5100.0,19910000.0,0.0,0.0,3.9,4.1,3.9,5100.0
2017-07-03,4.1,4.1,0.0,4.1,1000.0,4100000.0,0.0,0.0,4.1,4.1,4.1,1000.0
2017-07-04,4.1,4.1,0.0,4.1,0.0,0.0,0.0,0.0,4.1,4.1,4.1,0.0
2017-07-05,4.1,4.1,0.0,4.101,67900.0,278480000.0,0.0,0.0,4.1,4.2,4.1,67900.0
2017-07-06,4.1,4.1,0.0,4.1,0.0,0.0,0.0,0.0,4.1,4.1,4.1,0.0
2017-07-07,4.2,4.2,2.439,4.013,12620.0,50634000.0,0.0,0.0,4.0,4.2,4.0,12620.0
2017-07-10,4.2,4.2,0.0,4.029,11810.0,47578000.0,0.0,0.0,4.2,4.3,4.0,11810.0
2017-07-11,4.2,4.2,0.0,4.096,5600.0,22940000.0,0.0,0.0,4.1,4.2,4.0,5600.0
2017-07-12,4.1,4.1,-2.381,4.014,3500.0,14050000.0,0.0,0.0,4.1,4.1,4.0,3500.0
2017-07-13,4.1,4.1,0.0,4.009,24760.0,99238000.0,0.0,0.0,4.1,4.1,4.0,24760.0
2017-07-14,4.1,4.1,0.0,4.102,5100.0,20920000.0,0.0,0.0,4.2,4.2,4.1,5100.0
2017-07-17,4.1,4.1,0.0,3.993,1400.0,5590000.0,0.0,0.0,4.0,4.1,3.9,1400.0
2017-07-18,4.1,4.1,0.0,4.1,7100.0,29110000.0,0.0,0.0,4.1,4.1,4.1,7100.0
2017-07-19,4.3,4.3,4.878,4.189,2830.0,11841000.0,0.0,0.0,4.1,4.3,4.0,2830.0
2017-07-20,4.3,4.3,0.0,4.3,0.0,0.0,0.0,0.0,4.3,4.3,4.3,0.0
2017-07-21,4.3,4.3,0.0,4.3,0.0,0.0,0.0,0.0,4.3,4.3,4.3,0.0
2017-07-24,4.2,4.2,-2.3256,4.057,700.0,2840000.0,0.0,0.0,4.0,4.2,4.0,700.0
2017-07-25,4.2,4.2,0.0,4.2,200.0,840000.0,0.0,0.0,4.2,4.2,4.2,200.0
2017-07-26,4.2,4.2,0.0,4.2,0.0,0.0,0.0,0.0,4.2,4.2,4.2,0.0
2017-07-27,4.2,4.2,0.0,4.063,29000.0,117840000.0,0.0,0.0,4.2,4.2,4.0,29000.0
2017-07-28,4.2,4.2,0.0,4.1,4100.0,16810000.0,0.0,0.0,4.0,4.2,4.0,4100.0
2017-07-31,4.3,4.3,2.381,4.23,8900.0,37650000.0,0.0,0.0,4.2,4.6,4.2,8900.0
2017-08-01,4.3,4.3,0.0,4.191,7600.0,31850000.0,0.0,0.0,4.2,4.3,4.1,7600.0
2017-08-02,4.3,4.3,0.0,4.231,35720.0,151126000.0,0.0,0.0,4.2,4.7,4.2,35720.0
2017-08-03,4.6,4.6,6.9767,4.54,14200.0,64470000.0,0.0,0.0,4.4,4.7,4.4,14200.0
2017-08-04,4.6,4.6,0.0,4.367,2150.0,9380000.0,0.0,0.0,4.9,4.9,4.2,2150.0
2017-08-07,5.0,5.0,8.6957,4.8,200.0,960000.0,0.0,0.0,4.6,5.0,4.6,200.0
2017-08-08,4.7,4.7,-6.0,4.628,5800.0,26840000.0,0.0,0.0,5.0,5.0,4.5,5800.0
2017-08-09,4.5,4.5,-4.2553,4.304,23100.0,99430000.0,0.0,0.0,4.5,4.5,4.3,23100.0
2017-08-10,4.7,4.7,4.4444,4.7,100.0,470000.0,0.0,0.0,4.7,4.7,4.7,100.0
2017-08-11,4.7,4.7,0.0,4.7,0.0,0.0,0.0,0.0,4.7,4.7,4.7,0.0
2017-08-14,4.7,4.7,0.0,4.344,22700.0,98600000.0,0.0,0.0,4.7,5.1,4.3,22700.0
2017-08-15,4.7,4.7,0.0,4.414,2100.0,9270000.0,0.0,0.0,4.4,4.7,4.4,2100.0
2017-08-16,4.8,4.8,2.1277,4.8,150.0,700000.0,0.0,0.0,4.8,4.8,4.8,150.0
2017-08-17,4.8,4.8,0.0,4.6,900.0,4140000.0,0.0,0.0,4.5,4.8,4.5,900.0
2017-08-18,4.9,4.9,2.0833,4.825,1200.0,5790000.0,0.0,0.0,5.1,5.1,4.4,1200.0
2017-08-21,5.2,5.2,6.1224,5.08,500.0,2540000.0,0.0,0.0,5.0,5.2,5.0,500.0
2017-08-22,5.2,5.2,0.0,5.2,0.0,0.0,0.0,0.0,5.2,5.2,5.2,0.0
2017-08-23,5.2,5.2,0.0,5.2,0.0,0.0,0.0,0.0,5.2,5.2,5.2,0.0
2017-08-24,5.2,5.2,0.0,5.2,0.0,0.0,0.0,0.0,5.2,5.2,5.2,0.0
2017-08-25,5.2,5.2,0.0,5.2,0.0,0.0,0.0,0.0,5.2,5.2,5.2,0.0
2017-08-28,5.0,5.0,-3.8462,4.767,4200.0,20020000.0,0.0,0.0,4.7,5.2,4.7,4200.0
2017-08-29,4.9,4.9,-2.0,4.54,1040.0,4720000.0,0.0,0.0,4.5,4.9,4.5,1040.0
2017-08-30,4.5,4.5,-8.1633,4.5,2000.0,9000000.0,0.0,0.0,4.5,4.5,4.5,2000.0
2017-08-31,4.5,4.5,0.0,4.5,500.0,2250000.0,0.0,0.0,4.5,4.5,4.5,500.0
2017-09-01,4.5,4.5,0.0,4.5,100.0,450000.0,0.0,0.0,4.5,4.5,4.5,100.0
2017-09-05,4.8,4.8,6.6667,4.527,1100.0,4980000.0,0.0,0.0,4.5,4.8,4.5,1100.0
2017-09-06,4.8,4.8,0.0,4.8,200.0,960000.0,0.0,0.0,4.8,4.8,4.8,200.0
2017-09-07,4.4,4.4,-8.3333,4.401,15620.0,68748000.0,0.0,0.0,4.4,4.6,4.4,15620.0
2017-09-08,4.4,4.4,0.0,4.275,1600.0,6840000.0,0.0,0.0,4.3,4.4,4.2,1600.0
2017-09-11,4.5,4.5,2.2727,4.5,400.0,1800000.0,0.0,0.0,4.4,4.6,4.4,400.0
2017-09-12,4.5,4.5,0.0,4.5,0.0,0.0,0.0,0.0,4.5,4.5,4.5,0.0
2017-09-13,4.2,4.2,-6.6667,4.204,8100.0,34050000.0,0.0,0.0,4.2,4.5,4.2,8100.0
2017-09-14,4.5,4.5,7.1429,4.5,200.0,900000.0,0.0,0.0,4.5,4.5,4.5,200.0
2017-09-15,4.5,4.5,0.0,4.5,0.0,0.0,0.0,0.0,4.5,4.5,4.5,0.0
2017-09-18,4.5,4.5,0.0,4.5,0.0,0.0,0.0,0.0,4.5,4.5,4.5,0.0
2017-09-19,4.5,4.5,0.0,4.5,0.0,0.0,0.0,0.0,4.5,4.5,4.5,0.0
2017-09-20,4.3,4.3,-4.4444,4.262,2600.0,11080000.0,0.0,0.0,4.2,4.3,4.2,2600.0
2017-09-21,4.4,4.4,2.3256,4.204,5770.0,24242000.0,0.0,0.0,4.2,4.4,4.2,5770.0
2017-09-22,4.4,4.4,0.0,4.4,0.0,0.0,0.0,0.0,4.4,4.4,4.4,0.0
2017-09-25,4.5,4.5,2.2727,4.4,300.0,1320000.0,0.0,0.0,4.3,4.5,4.3,300.0
2017-09-26,4.5,4.5,0.0,4.355,1100.0,4790000.0,0.0,0.0,4.2,4.5,4.2,1100.0
2017-09-27,4.5,4.5,0.0,4.5,0.0,0.0,0.0,0.0,4.5,4.5,4.5,0.0
2017-09-28,4.5,4.5,0.0,4.5,0.0,0.0,0.0,0.0,4.5,4.5,4.5,0.0
2017-09-29,4.5,4.5,0.0,4.5,0.0,0.0,0.0,0.0,4.5,4.5,4.5,0.0
2017-10-02,4.5,4.5,0.0,4.5,0.0,0.0,0.0,0.0,4.5,4.5,4.5,0.0
2017-10-03,4.2,4.2,0.0,4.2,5100.0,21420000.0,0.0,0.0,4.2,4.2,4.2,5100.0
2017-10-04,4.2,4.2,0.0,4.2,0.0,0.0,0.0,0.0,4.2,4.2,4.2,0.0
2017-10-05,4.5,4.5,7.1429,4.5,100.0,450000.0,0.0,0.0,4.5,4.5,4.5,100.0
2017-10-06,4.2,4.2,-6.6667,4.186,2900.0,12140000.0,0.0,0.0,4.2,4.2,4.1,2900.0
2017-10-09,4.4,4.4,4.7619,4.232,3100.0,13120000.0,0.0,0.0,4.4,4.4,4.2,3100.0
2017-10-10,4.4,4.4,0.0,4.127,1100.0,4540000.0,0.0,0.0,4.1,4.4,4.1,1100.0
2017-10-11,4.4,4.4,0.0,4.4,0.0,0.0,0.0,0.0,4.4,4.4,4.4,0.0
2017-10-12,4.4,4.4,0.0,4.4,0.0,0.0,0.0,0.0,4.4,4.4,4.4,0.0
2017-10-13,4.3,4.3,-2.2727,4.001,47600.0,190430000.0,0.0,0.0,4.0,4.3,4.0,47600.0
2017-10-16,4.3,4.3,0.0,4.3,300.0,1290000.0,0.0,0.0,4.3,4.3,4.3,300.0
2017-10-17,4.3,4.3,0.0,4.075,400.0,1630000.0,0.0,0.0,4.0,4.3,4.0,400.0
2017-10-18,4.2,4.2,-2.3256,3.902,25600.0,99890000.0,0.0,0.0,4.0,4.2,3.9,25600.0
2017-10-19,4.3,4.3,2.381,3.802,76300.0,290120000.0,0.0,0.0,3.9,4.3,3.8,76300.0
2017-10-20,4.1,4.1,-4.6512,4.1,800.0,3280000.0,0.0,0.0,4.1,4.1,4.1,800.0
2017-10-23,4.2,4.2,2.439,4.205,2070.0,8683000.0,0.0,0.0,4.2,4.3,4.2,2070.0
2017-10-24,4.2,4.2,0.0,4.133,1500.0,6200000.0,0.0,0.0,3.9,4.2,3.9,1500.0
2017-10-25,4.3,4.3,2.381,4.26,7000.0,29820000.0,0.0,0.0,4.3,4.3,4.2,7000.0
2017-10-26,4.3,4.3,0.0,4.089,1900.0,7770000.0,0.0,0.0,4.3,4.5,3.9,1900.0
2017-10-27,4.3,4.3,0.0,4.3,0.0,0.0,0.0,0.0,4.3,4.3,4.3,0.0
2017-10-30,4.3,4.3,0.0,4.3,0.0,0.0,0.0,0.0,4.3,4.3,4.3,0.0
2017-10-31,4.7,4.7,9.3023,4.4,400.0,1760000.0,0.0,0.0,4.3,4.7,4.3,400.0
2017-11-01,4.3,4.3,-8.5106,4.3,500.0,2150000.0,0.0,0.0,4.3,4.3,4.3,500.0
2017-11-02,4.6,4.6,6.9767,3.984,2500.0,9960000.0,0.0,0.0,4.5,4.7,3.9,2500.0
2017-11-03,4.6,4.6,0.0,4.6,0.0,0.0,0.0,0.0,4.6,4.6,4.6,0.0
2017-11-06,4.6,4.6,0.0,4.6,0.0,0.0,0.0,0.0,4.6,4.6,4.6,0.0
2017-11-07,4.6,4.6,0.0,4.6,0.0,0.0,0.0,0.0,4.6,4.6,4.6,0.0
2017-11-08,5.0,5.0,8.6957,4.667,300.0,1400000.0,0.0,0.0,4.5,5.0,4.5,300.0
2017-11-09,5.0,5.0,0.0,5.0,0.0,0.0,0.0,0.0,5.0,5.0,5.0,0.0
2017-11-10,4.5,4.5,-10.0,4.5,700.0,3150000.0,0.0,0.0,4.5,4.5,4.5,700.0
2017-11-13,4.9,4.9,8.8889,4.9,100.0,490000.0,0.0,0.0,4.9,4.9,4.9,100.0
2017-11-14,4.9,4.9,0.0,4.9,0.0,0.0,0.0,0.0,4.9,4.9,4.9,0.0
2017-11-15,4.9,4.9,0.0,4.9,0.0,0.0,0.0,0.0,4.9,4.9,4.9,0.0
2017-11-16,4.9,4.9,0.0,4.9,0.0,0.0,0.0,0.0,4.9,4.9,4.9,0.0
2017-11-17,4.9,4.9,0.0,4.9,0.0,0.0,0.0,0.0,4.9,4.9,4.9,0.0
2017-11-20,4.9,4.9,0.0,4.9,0.0,0.0,0.0,0.0,4.9,4.9,4.9,0.0
2017-11-21,4.5,4.5,0.0,4.5,1000.0,4500000.0,0.0,0.0,4.5,4.5,4.5,1000.0
2017-11-22,4.6,4.6,2.2222,4.7,500.0,2350000.0,0.0,0.0,4.9,4.9,4.4,500.0
2017-11-23,4.5,4.5,-2.1739,4.275,430.0,1836000.0,0.0,0.0,4.2,4.5,4.2,430.0
2017-11-24,4.5,4.5,0.0,4.5,0.0,0.0,0.0,0.0,4.5,4.5,4.5,0.0
2017-11-27,4.6,4.6,2.2222,4.107,16200.0,66540000.0,0.0,0.0,4.8,4.8,4.1,16200.0
2017-11-28,4.3,4.3,-6.5217,4.209,1100.0,4630000.0,0.0,0.0,4.2,4.3,4.2,1100.0
2017-11-29,4.3,4.3,0.0,4.3,0.0,0.0,0.0,0.0,4.3,4.3,4.3,0.0
2017-11-30,3.9,3.9,-9.3023,3.902,52200.0,203710000.0,0.0,0.0,3.9,4.2,3.9,52200.0
2017-12-01,3.9,3.9,0.0,3.9,0.0,0.0,0.0,0.0,3.9,3.9,3.9,0.0
2017-12-04,4.1,4.1,5.1282,3.903,20300.0,79230000.0,0.0,0.0,4.0,4.2,3.9,20300.0
2017-12-05,3.8,3.8,-7.3171,3.707,7200.0,26690000.0,0.0,0.0,3.7,4.0,3.7,7200.0
2017-12-06,3.9,3.9,2.6316,3.92,500.0,1960000.0,0.0,0.0,3.9,4.0,3.9,500.0
2017-12-07,3.9,3.9,0.0,3.9,400.0,1560000.0,0.0,0.0,3.9,3.9,3.9,400.0
2017-12-08,3.8,3.8,-2.5641,3.8,1000.0,3800000.0,0.0,0.0,3.8,3.8,3.8,1000.0
2017-12-11,3.8,3.8,0.0,3.8,420.0,1602000.0,0.0,0.0,3.8,3.8,3.8,420.0
2017-12-12,3.8,3.8,0.0,3.8,0.0,0.0,0.0,0.0,3.8,3.8,3.8,0.0
2017-12-13,3.8,3.8,0.0,3.516,8150.0,28655000.0,0.0,0.0,3.5,3.8,3.5,8150.0
2017-12-14,3.8,3.8,0.0,3.703,3100.0,11480000.0,0.0,0.0,3.7,3.8,3.7,3100.0
2017-12-15,3.8,3.8,0.0,3.8,0.0,0.0,0.0,0.0,3.8,3.8,3.8,0.0
2017-12-18,3.9,3.9,2.6316,3.84,500.0,1920000.0,0.0,0.0,3.7,3.9,3.7,500.0
2017-12-19,3.9,3.9,0.0,3.9,0.0,0.0,0.0,0.0,3.9,3.9,3.9,0.0
2017-12-20,3.9,3.9,0.0,3.9,0.0,0.0,0.0,0.0,3.9,3.9,3.9,0.0
2017-12-21,3.7,3.7,-5.1282,3.7,5000.0,18500000.0,0.0,0.0,3.7,3.7,3.7,5000.0
2017-12-22,3.7,3.7,0.0,3.7,500.0,1850000.0,0.0,0.0,3.7,3.7,3.7,500.0
2017-12-25,3.7,3.7,0.0,3.7,0.0,0.0,0.0,0.0,3.7,3.7,3.7,0.0
2017-12-26,3.9,3.9,5.4054,3.825,400.0,1530000.0,0.0,0.0,3.8,3.9,3.8,400.0
2017-12-27,3.9,3.9,0.0,3.9,0.0,0.0,0.0,0.0,3.9,3.9,3.9,0.0
2017-12-28,3.9,3.9,0.0,3.9,0.0,0.0,0.0,0.0,3.9,3.9,3.9,0.0
2017-12-29,3.9,3.9,0.0,3.9,0.0,0.0,0.0,0.0,3.9,3.9,3.9,0.0
2018-01-02,3.9,3.9,0.0,3.9,0.0,0.0,0.0,0.0,3.9,3.9,3.9,0.0
2018-01-03,3.9,3.9,0.0,3.66,500.0,1830000.0,0.0,0.0,3.6,3.9,3.6,500.0
2018-01-04,3.9,3.9,0.0,3.9,1800.0,7020000.0,0.0,0.0,3.9,3.9,3.9,1800.0
2018-01-05,3.9,3.9,0.0,3.75,200.0,750000.0,0.0,0.0,3.6,3.9,3.6,200.0
2018-01-08,3.8,3.8,-2.5641,3.617,122300.0,442370000.0,0.0,0.0,4.0,4.0,3.6,122300.0
2018-01-09,3.8,3.8,0.0,3.8,10.0,38000.0,0.0,0.0,3.8,3.8,3.8,10.0
2018-01-10,3.8,3.8,0.0,3.886,700.0,2720000.0,0.0,0.0,3.9,3.9,3.8,700.0
2018-01-11,3.8,3.8,0.0,3.702,5100.0,18880000.0,0.0,0.0,3.7,3.8,3.7,5100.0
2018-01-12,3.7,3.7,-2.6316,3.7,2500.0,9250000.0,0.0,0.0,3.7,3.7,3.7,2500.0
2018-01-15,3.7,3.7,0.0,3.767,300.0,1130000.0,0.0,0.0,3.8,3.8,3.7,300.0
2018-01-16,3.7,3.7,0.0,3.56,500.0,1780000.0,0.0,0.0,3.6,3.7,3.5,500.0
2018-01-17,3.6,3.6,-2.7027,3.6,600.0,2160000.0,0.0,0.0,3.6,3.6,3.6,600.0
2018-01-18,3.8,3.8,5.5556,3.8,100.0,380000.0,0.0,0.0,3.8,3.8,3.8,100.0
2018-01-19,3.7,3.7,-2.6316,3.601,8100.0,29170000.0,0.0,0.0,3.6,3.7,3.6,8100.0
2018-01-22,3.8,3.8,2.7027,3.635,7700.0,27990000.0,0.0,0.0,3.6,3.8,3.6,7700.0
2018-01-23,3.8,3.8,0.0,3.604,25800.0,92980000.0,0.0,0.0,3.8,3.8,3.6,25800.0
2018-01-24,3.8,3.8,0.0,3.8,0.0,0.0,0.0,0.0,3.8,3.8,3.8,0.0
2018-01-25,3.7,3.7,-2.6316,3.7,500.0,1850000.0,0.0,0.0,3.7,3.7,3.7,500.0
2018-01-26,3.6,3.6,-2.7027,3.675,400.0,1470000.0,10.0,34000.0,3.9,3.9,3.6,410.0
2018-01-29,3.8,3.8,5.5556,3.667,300.0,1100000.0,0.0,0.0,3.6,3.8,3.6,300.0
2018-01-30,3.8,3.8,0.0,3.8,10.0,38000.0,0.0,0.0,3.8,3.8,3.8,10.0
2018-01-31,3.9,3.9,2.6316,3.74,500.0,1870000.0,0.0,0.0,3.7,3.9,3.7,500.0
2018-02-01,3.9,3.9,0.0,3.9,10.0,39000.0,0.0,0.0,3.9,3.9,3.9,10.0
2018-02-02,3.9,3.9,0.0,3.601,28900.0,104070000.0,0.0,0.0,3.6,3.9,3.6,28900.0
2018-02-05,3.9,3.9,0.0,3.9,2000.0,7800000.0,0.0,0.0,3.9,3.9,3.9,2000.0
2018-02-06,3.9,3.9,0.0,3.9,0.0,0.0,0.0,0.0,3.9,3.9,3.9,0.0
2018-02-07,3.9,3.9,0.0,3.9,10.0,36000.0,0.0,0.0,3.9,3.9,3.9,10.0
2018-02-08,3.9,3.9,0.0,3.9,0.0,0.0,0.0,0.0,3.9,3.9,3.9,0.0
2018-02-09,3.6,3.6,-7.6923,3.6,6200.0,22320000.0,0.0,0.0,3.6,3.6,3.6,6200.0
2018-02-12,3.7,3.7,2.7778,3.376,12400.0,41860000.0,0.0,0.0,3.4,3.7,3.3,12400.0
2018-02-13,3.8,3.8,2.7027,3.511,8800.0,30900000.0,0.0,0.0,4.0,4.0,3.4,8800.0
2018-02-21,4.0,4.0,5.2632,4.0,100.0,400000.0,0.0,0.0,4.0,4.0,4.0,100.0
2018-02-22,4.0,4.0,0.0,4.0,0.0,0.0,0.0,0.0,4.0,4.0,4.0,0.0
2018-02-23,3.8,3.8,-5.0,3.856,6400.0,24680000.0,0.0,0.0,3.8,4.4,3.8,6400.0
2018-02-26,3.5,3.5,-7.8947,3.538,5000.0,17690000.0,0.0,0.0,3.6,3.6,3.5,5000.0
2018-02-27,3.5,3.5,0.0,3.406,1800.0,6130000.0,0.0,0.0,3.4,3.5,3.4,1800.0
2018-02-28,3.5,3.5,0.0,3.31,2100.0,6950000.0,0.0,0.0,3.3,3.5,3.3,2100.0
2018-03-01,3.5,3.5,0.0,3.5,0.0,0.0,0.0,0.0,3.5,3.5,3.5,0.0
2018-03-02,3.5,3.5,0.0,3.5,0.0,0.0,0.0,0.0,3.5,3.5,3.5,0.0
2018-03-05,3.5,3.5,0.0,3.402,6100.0,20750000.0,0.0,0.0,3.4,3.5,3.4,6100.0
2018-03-06,3.5,3.5,0.0,3.402,4800.0,16330000.0,0.0,0.0,3.4,3.5,3.4,4800.0
2018-03-07,3.5,3.5,0.0,3.5,0.0,0.0,0.0,0.0,3.5,3.5,3.5,0.0
2018-03-08,3.5,3.5,0.0,3.367,900.0,3030000.0,0.0,0.0,3.5,3.5,3.2,900.0
2018-03-09,3.5,3.5,0.0,3.5,0.0,0.0,0.0,0.0,3.5,3.5,3.5,0.0
2018-03-12,3.5,3.5,0.0,3.5,0.0,0.0,0.0,0.0,3.5,3.5,3.5,0.0
2018-03-13,3.5,3.5,0.0,3.3,300.0,990000.0,0.0,0.0,3.2,3.5,3.2,300.0
2018-03-14,3.5,3.5,0.0,3.5,0.0,0.0,0.0,0.0,3.5,3.5,3.5,0.0
2018-03-15,3.5,3.5,0.0,3.5,0.0,0.0,0.0,0.0,3.5,3.5,3.5,0.0
2018-03-16,3.5,3.5,0.0,3.5,0.0,0.0,0.0,0.0,3.5,3.5,3.5,0.0
2018-03-19,3.5,3.5,0.0,3.5,0.0,0.0,0.0,0.0,3.5,3.5,3.5,0.0
2018-03-20,3.5,3.5,0.0,3.5,0.0,0.0,0.0,0.0,3.5,3.5,3.5,0.0
2018-03-21,3.5,3.5,0.0,3.5,0.0,0.0,0.0,0.0,3.5,3.5,3.5,0.0
2018-03-22,3.3,3.3,-5.7143,3.3,300.0,990000.0,0.0,0.0,3.3,3.3,3.3,300.0
2018-03-23,3.0,3.0,-9.0909,3.0,6700.0,20100000.0,0.0,0.0,3.0,3.0,3.0,6700.0
2018-03-26,3.2,3.2,6.6667,3.26,1500.0,4890000.0,0.0,0.0,3.3,3.3,3.2,1500.0
2018-03-27,3.2,3.2,0.0,3.2,0.0,0.0,0.0,0.0,3.2,3.2,3.2,0.0
2018-03-28,3.2,3.2,0.0,3.2,0.0,0.0,0.0,0.0,3.2,3.2,3.2,0.0
2018-03-29,3.2,3.2,0.0,3.2,0.0,0.0,0.0,0.0,3.2,3.2,3.2,0.0
2018-03-30,2.9,2.9,-9.375,2.9,24900.0,72210000.0,0.0,0.0,2.9,2.9,2.9,24900.0
2018-04-02,2.9,2.9,0.0,2.9,0.0,0.0,0.0,0.0,2.9,2.9,2.9,0.0
2018-04-03,2.9,2.9,0.0,2.9,0.0,0.0,0.0,0.0,2.9,2.9,2.9,0.0
2018-04-04,2.9,2.9,0.0,2.9,0.0,0.0,0.0,0.0,2.9,2.9,2.9,0.0
2018-04-05,2.9,2.9,0.0,2.9,0.0,0.0,0.0,0.0,2.9,2.9,2.9,0.0
2018-04-06,2.9,2.9,0.0,2.9,0.0,0.0,0.0,0.0,2.9,2.9,2.9,0.0
2018-04-09,3.0,3.0,3.4483,2.8,300.0,840000.0,0.0,0.0,2.7,3.0,2.7,300.0
2018-04-10,3.0,3.0,0.0,3.0,0.0,0.0,0.0,0.0,3.0,3.0,3.0,0.0
2018-04-11,3.0,3.0,0.0,3.0,0.0,0.0,0.0,0.0,3.0,3.0,3.0,0.0
2018-04-12,3.0,3.0,0.0,3.0,0.0,0.0,0.0,0.0,3.0,3.0,3.0,0.0
2018-04-13,3.3,3.3,10.0,3.027,1100.0,3330000.0,0.0,0.0,3.0,3.3,3.0,1100.0
2018-04-16,3.0,3.0,-9.0909,3.0,1000.0,3000000.0,0.0,0.0,3.0,3.0,3.0,1000.0
2018-04-17,3.0,3.0,0.0,3.0,0.0,0.0,0.0,0.0,3.0,3.0,3.0,0.0
2018-04-18,2.9,2.9,-3.3333,2.9,600.0,1740000.0,0.0,0.0,2.9,2.9,2.9,600.0
2018-04-19,2.9,2.9,0.0,2.9,2900.0,8410000.0,0.0,0.0,2.9,2.9,2.9,2900.0
2018-04-20,2.9,2.9,0.0,2.9,0.0,0.0,0.0,0.0,2.9,2.9,2.9,0.0
2018-04-23,2.9,2.9,0.0,2.9,0.0,0.0,0.0,0.0,2.9,2.9,2.9,0.0
2018-04-24,2.9,2.9,0.0,2.9,0.0,0.0,0.0,0.0,2.9,2.9,2.9,0.0
2018-04-26,2.9,2.9,0.0,2.9,0.0,0.0,0.0,0.0,2.9,2.9,2.9,0.0
2018-04-27,2.9,2.9,0.0,2.9,60.0,162000.0,0.0,0.0,2.9,2.9,2.9,60.0
2018-05-02,2.9,2.9,0.0,2.9,0.0,0.0,0.0,0.0,2.9,2.9,2.9,0.0
2018-05-03,2.9,2.9,0.0,2.9,0.0,0.0,0.0,0.0,2.9,2.9,2.9,0.0
2018-05-04,2.9,2.9,0.0,2.705,4000.0,10820000.0,0.0,0.0,2.7,2.9,2.7,4000.0
2018-05-07,2.9,2.9,0.0,2.9,0.0,0.0,0.0,0.0,2.9,2.9,2.9,0.0
2018-05-08,2.7,2.7,-6.8966,2.7,500.0,1350000.0,0.0,0.0,2.7,2.7,2.7,500.0
2018-05-09,2.7,2.7,0.0,2.7,100.0,270000.0,0.0,0.0,2.7,2.7,2.7,100.0
2018-05-10,2.9,2.9,7.4074,2.55,800.0,2040000.0,0.0,0.0,2.5,2.9,2.5,800.0
2018-05-11,2.9,2.9,0.0,2.9,0.0,0.0,0.0,0.0,2.9,2.9,2.9,0.0
2018-05-14,3.0,3.0,3.4483,2.9,22320.0,64738000.0,0.0,0.0,2.9,3.0,2.9,22320.0
2018-05-15,2.9,2.9,-3.3333,2.91,32900.0,95730000.0,0.0,0.0,2.9,3.3,2.9,32900.0
2018-05-16,3.0,3.0,3.4483,2.889,900.0,2600000.0,50.0,135000.0,3.0,3.0,2.8,950.0
2018-05-17,3.0,3.0,0.0,3.0,0.0,0.0,0.0,0.0,3.0,3.0,3.0,0.0
2018-05-18,3.2,3.2,6.6667,3.05,400.0,1220000.0,0.0,0.0,3.0,3.2,3.0,400.0
2018-05-21,3.3,3.3,3.125,3.233,300.0,970000.0,0.0,0.0,3.2,3.3,3.2,300.0
2018-05-22,3.3,3.3,0.0,3.3,0.0,0.0,0.0,0.0,3.3,3.3,3.3,0.0
2018-05-23,3.3,3.3,0.0,3.3,0.0,0.0,0.0,0.0,3.3,3.3,3.3,0.0
2018-05-24,3.6,3.6,9.0909,3.6,100.0,360000.0,0.0,0.0,3.6,3.6,3.6,100.0
2018-05-25,3.6,3.6,0.0,3.6,0.0,0.0,0.0,0.0,3.6,3.6,3.6,0.0
2018-05-28,3.6,3.6,0.0,3.6,0.0,0.0,0.0,0.0,3.6,3.6,3.6,0.0
2018-05-29,3.9,3.9,8.3333,3.9,100.0,390000.0,0.0,0.0,3.9,3.9,3.9,100.0
2018-05-30,3.9,3.9,0.0,3.9,0.0,0.0,0.0,0.0,3.9,3.9,3.9,0.0
2018-05-31,3.9,3.9,0.0,3.9,0.0,0.0,0.0,0.0,3.9,3.9,3.9,0.0
2018-06-01,3.9,3.9,0.0,3.9,0.0,0.0,0.0,0.0,3.9,3.9,3.9,0.0
2018-06-04,3.9,3.9,0.0,3.9,0.0,0.0,0.0,0.0,3.9,3.9,3.9,0.0
2018-06-05,3.9,3.9,0.0,3.9,0.0,0.0,0.0,0.0,3.9,3.9,3.9,0.0
2018-06-06,3.9,3.9,0.0,3.9,0.0,0.0,0.0,0.0,3.9,3.9,3.9,0.0
2018-06-07,3.9,3.9,0.0,3.9,0.0,0.0,0.0,0.0,3.9,3.9,3.9,0.0
2018-06-08,3.9,3.9,0.0,3.9,0.0,0.0,0.0,0.0,3.9,3.9,3.9,0.0
2018-06-11,3.9,3.9,0.0,3.9,0.0,0.0,0.0,0.0,3.9,3.9,3.9,0.0
2018-06-12,3.9,3.9,0.0,3.9,0.0,0.0,0.0,0.0,3.9,3.9,3.9,0.0
2018-06-13,3.9,3.9,0.0,3.9,0.0,0.0,0.0,0.0,3.9,3.9,3.9,0.0
2018-06-14,4.2,4.2,7.6923,3.85,1800.0,6930000.0,0.0,0.0,3.6,4.2,3.6,1800.0
2018-06-15,4.2,4.2,0.0,4.2,0.0,0.0,0.0,0.0,4.2,4.2,4.2,0.0
2018-06-18,4.2,4.2,0.0,4.2,0.0,0.0,0.0,0.0,4.2,4.2,4.2,0.0
2018-06-19,4.2,4.2,0.0,4.2,0.0,0.0,0.0,0.0,4.2,4.2,4.2,0.0
2018-06-20,4.2,4.2,0.0,4.2,0.0,0.0,0.0,0.0,4.2,4.2,4.2,0.0
2018-06-21,4.2,4.2,0.0,4.2,0.0,0.0,0.0,0.0,4.2,4.2,4.2,0.0
2018-06-22,4.2,4.2,0.0,4.2,0.0,0.0,0.0,0.0,4.2,4.2,4.2,0.0
2018-06-25,3.8,3.8,-9.5238,3.8,100.0,380000.0,0.0,0.0,3.8,3.8,3.8,100.0
2018-06-26,3.8,3.8,0.0,3.514,2110.0,7418000.0,0.0,0.0,3.5,3.8,3.5,2110.0
2018-06-27,3.8,3.8,0.0,3.8,0.0,0.0,0.0,0.0,3.8,3.8,3.8,0.0
2018-06-28,3.8,3.8,0.0,3.8,0.0,0.0,0.0,0.0,3.8,3.8,3.8,0.0
2018-06-29,3.8,3.8,0.0,3.8,0.0,0.0,0.0,0.0,3.8,3.8,3.8,0.0
2018-07-02,3.8,3.8,0.0,3.8,0.0,0.0,0.0,0.0,3.8,3.8,3.8,0.0
2018-07-03,3.8,3.8,0.0,3.8,0.0,0.0,0.0,0.0,3.8,3.8,3.8,0.0
2018-07-04,3.8,3.8,0.0,3.8,0.0,0.0,0.0,0.0,3.8,3.8,3.8,0.0
2018-07-05,3.8,3.8,0.0,3.8,0.0,0.0,0.0,0.0,3.8,3.8,3.8,0.0
2018-07-06,3.8,3.8,0.0,3.8,0.0,0.0,0.0,0.0,3.8,3.8,3.8,0.0
2018-07-09,3.8,3.8,0.0,3.8,0.0,0.0,0.0,0.0,3.8,3.8,3.8,0.0
2018-07-10,3.8,3.8,0.0,3.8,0.0,0.0,0.0,0.0,3.8,3.8,3.8,0.0
2018-07-11,3.8,3.8,0.0,3.6,300.0,1080000.0,0.0,0.0,3.5,3.8,3.5,300.0
2018-07-12,3.8,3.8,0.0,3.8,0.0,0.0,0.0,0.0,3.8,3.8,3.8,0.0
2018-07-13,3.8,3.8,0.0,3.55,600.0,2130000.0,0.0,0.0,3.5,3.8,3.5,600.0
2018-07-16,3.7,3.7,-2.6316,3.567,300.0,1070000.0,0.0,0.0,3.5,3.7,3.5,300.0
2018-07-17,3.6,3.6,-2.7027,3.467,300.0,1040000.0,0.0,0.0,3.4,3.6,3.4,300.0
2018-07-18,3.6,3.6,0.0,3.6,0.0,0.0,0.0,0.0,3.6,3.6,3.6,0.0
2018-07-19,3.4,3.4,-5.5556,3.4,1100.0,3740000.0,0.0,0.0,3.4,3.4,3.4,1100.0
2018-07-20,3.1,3.1,-8.8235,3.26,500.0,1630000.0,0.0,0.0,3.3,3.3,3.1,500.0
2018-07-23,2.9,2.9,-6.4516,2.803,36300.0,101760000.0,0.0,0.0,2.8,3.0,2.8,36300.0
2018-07-24,2.9,2.9,0.0,2.817,1200.0,3380000.0,0.0,0.0,2.8,2.9,2.8,1200.0
2018-07-25,2.9,2.9,0.0,2.9,200.0,580000.0,0.0,0.0,2.9,2.9,2.9,200.0
2018-07-26,3.0,3.0,3.4483,2.833,1810.0,5127000.0,0.0,0.0,2.8,3.0,2.7,1810.0
2018-07-27,3.0,3.0,0.0,3.0,0.0,0.0,0.0,0.0,3.0,3.0,3.0,0.0
2018-07-30,3.0,3.0,0.0,2.863,8400.0,24050000.0,0.0,0.0,3.0,3.1,2.8,8400.0
2018-07-31,3.0,3.0,0.0,2.831,15900.0,45010000.0,0.0,0.0,2.8,3.0,2.7,15900.0
2018-08-01,3.0,3.0,0.0,3.0,90.0,260000.0,0.0,0.0,3.0,3.0,3.0,90.0
2018-08-02,2.8,2.8,-6.6667,2.8,200.0,560000.0,0.0,0.0,2.8,2.8,2.8,200.0
2018-08-03,2.8,2.8,0.0,2.797,3200.0,8950000.0,0.0,0.0,2.8,2.8,2.7,3200.0
2018-08-06,2.7,2.7,0.0,2.629,8500.0,22350000.0,0.0,0.0,2.7,2.7,2.6,8500.0
2018-08-07,2.8,2.8,0.0,2.8,18400.0,51520000.0,0.0,0.0,2.8,2.8,2.8,18400.0
2018-08-08,2.9,2.9,0.0,2.8,300.0,840000.0,0.0,0.0,2.7,2.9,2.7,300.0
2018-08-09,2.9,2.9,0.0,2.9,0.0,0.0,0.0,0.0,2.9,2.9,2.9,0.0
2018-08-10,2.9,2.9,0.0,2.9,0.0,0.0,0.0,0.0,2.9,2.9,2.9,0.0
2018-08-13,2.9,2.9,0.0,2.9,0.0,0.0,0.0,0.0,2.9,2.9,2.9,0.0
2018-08-14,2.8,2.8,-3.4483,2.715,4700.0,12760000.0,0.0,0.0,2.8,2.8,2.7,4700.0
2018-08-15,2.8,2.8,0.0,2.733,600.0,1640000.0,0.0,0.0,2.7,2.8,2.7,600.0
2018-08-16,2.7,2.7,-3.5714,2.7,200.0,540000.0,0.0,0.0,2.7,2.7,2.7,200.0
2018-08-17,2.8,2.8,3.7037,2.8,1500.0,4200000.0,0.0,0.0,2.8,2.8,2.8,1500.0
2018-08-20,2.7,2.7,-3.5714,2.7,810.0,2188000.0,0.0,0.0,2.8,2.8,2.6,810.0
2018-08-21,2.6,2.6,-3.7037,2.676,11800.0,31580000.0,0.0,0.0,2.7,2.8,2.6,11800.0
2018-08-22,2.8,2.8,7.6923,2.796,6800.0,19010000.0,0.0,0.0,2.6,2.8,2.6,6800.0
2018-08-23,2.8,2.8,0.0,2.8,0.0,0.0,0.0,0.0,2.8,2.8,2.8,0.0
2018-08-24,2.9,2.9,3.5714,2.86,500.0,1430000.0,0.0,0.0,2.7,2.9,2.7,500.0
2018-08-27,2.8,2.8,-3.4483,2.792,2550.0,7120000.0,0.0,0.0,2.8,2.8,2.7,2550.0
2018-08-28,2.8,2.8,0.0,2.84,500.0,1420000.0,0.0,0.0,2.8,2.9,2.8,500.0
2018-08-29,2.8,2.8,0.0,2.8,0.0,0.0,0.0,0.0,2.8,2.8,2.8,0.0
2018-08-30,2.8,2.8,0.0,2.8,0.0,0.0,0.0,0.0,2.8,2.8,2.8,0.0
2018-08-31,2.8,2.8,0.0,2.8,0.0,0.0,0.0,0.0,2.8,2.8,2.8,0.0
2018-09-04,2.7,2.7,-3.5714,2.7,300.0,810000.0,0.0,0.0,2.7,2.7,2.7,300.0
2018-09-05,2.7,2.7,0.0,2.669,8630.0,23025000.0,0.0,0.0,2.5,2.7,2.5,8630.0
2018-09-06,2.6,2.6,-3.7037,2.6,7700.0,20020000.0,0.0,0.0,2.6,2.6,2.6,7700.0
2018-09-07,2.6,2.6,0.0,2.6,4000.0,10400000.0,0.0,0.0,2.6,2.6,2.6,4000.0
2018-09-10,2.6,2.6,0.0,2.6,1000.0,2600000.0,0.0,0.0,2.6,2.6,2.6,1000.0
2018-09-11,2.6,2.6,0.0,2.6,200.0,520000.0,0.0,0.0,2.6,2.6,2.6,200.0
2018-09-12,2.6,2.6,0.0,2.548,2700.0,6880000.0,0.0,0.0,2.6,2.6,2.4,2700.0
2018-09-13,2.6,2.6,0.0,2.6,3300.0,8580000.0,0.0,0.0,2.6,2.6,2.6,3300.0
2018-09-14,2.8,2.8,7.6923,2.763,1600.0,4420000.0,0.0,0.0,2.7,2.8,2.7,1600.0
2018-09-17,2.9,2.9,3.5714,2.966,12100.0,35890000.0,0.0,0.0,3.0,3.0,2.8,12100.0
2018-09-18,2.9,2.9,0.0,2.9,0.0,0.0,0.0,0.0,2.9,2.9,2.9,0.0
2018-09-19,2.9,2.9,0.0,2.722,1800.0,4900000.0,0.0,0.0,2.7,2.9,2.7,1800.0
2018-09-20,3.0,3.0,3.4483,2.901,6900.0,20020000.0,0.0,0.0,2.9,3.0,2.9,6900.0
2018-09-21,3.1,3.1,3.3333,2.817,7000.0,19720000.0,0.0,0.0,2.8,3.1,2.8,7000.0
2018-09-24,3.1,3.1,0.0,3.1,0.0,0.0,0.0,0.0,3.1,3.1,3.1,0.0
2018-09-25,3.1,3.1,0.0,3.1,0.0,0.0,0.0,0.0,3.1,3.1,3.1,0.0
2018-09-26,3.1,3.1,0.0,3.1,0.0,0.0,0.0,0.0,3.1,3.1,3.1,0.0
2018-09-27,3.1,3.1,0.0,3.1,0.0,0.0,0.0,0.0,3.1,3.1,3.1,0.0
2018-09-28,3.1,3.1,0.0,3.078,900.0,2770000.0,0.0,0.0,3.1,3.2,2.8,900.0
2018-10-01,3.1,3.1,0.0,3.1,0.0,0.0,0.0,0.0,3.1,3.1,3.1,0.0
2018-10-02,3.1,3.1,0.0,3.1,0.0,0.0,0.0,0.0,3.1,3.1,3.1,0.0
2018-10-03,3.1,3.1,0.0,3.1,0.0,0.0,0.0,0.0,3.1,3.1,3.1,0.0
2018-10-04,3.1,3.1,0.0,3.1,0.0,0.0,0.0,0.0,3.1,3.1,3.1,0.0
2018-10-05,2.9,2.9,-6.4516,2.925,800.0,2340000.0,0.0,0.0,3.1,3.1,2.9,800.0
2018-10-08,2.9,2.9,0.0,2.9,0.0,0.0,0.0,0.0,2.9,2.9,2.9,0.0
2018-10-09,2.9,2.9,0.0,2.9,0.0,0.0,0.0,0.0,2.9,2.9,2.9,0.0
2018-10-10,2.9,2.9,0.0,2.9,0.0,0.0,0.0,0.0,2.9,2.9,2.9,0.0
2018-10-11,2.9,2.9,0.0,2.9,0.0,0.0,0.0,0.0,2.9,2.9,2.9,0.0
2018-10-12,3.1,3.1,6.8966,3.1,200.0,620000.0,0.0,0.0,3.1,3.1,3.1,200.0
2018-10-15,3.1,3.1,0.0,3.1,0.0,0.0,0.0,0.0,3.1,3.1,3.1,0.0
2018-10-16,3.1,3.1,0.0,3.1,0.0,0.0,0.0,0.0,3.1,3.1,3.1,0.0
2018-10-17,3.1,3.1,0.0,3.1,0.0,0.0,0.0,0.0,3.1,3.1,3.1,0.0
2018-10-18,3.1,3.1,0.0,3.1,0.0,0.0,0.0,0.0,3.1,3.1,3.1,0.0
2018-10-19,3.1,3.1,0.0,3.125,400.0,1250000.0,0.0,0.0,3.1,3.2,3.1,400.0
2018-10-22,3.1,3.1,0.0,3.1,0.0,0.0,0.0,0.0,3.1,3.1,3.1,0.0
2018-10-23,3.1,3.1,0.0,3.1,0.0,0.0,0.0,0.0,3.1,3.1,3.1,0.0
2018-10-24,3.1,3.1,0.0,3.1,0.0,0.0,0.0,0.0,3.1,3.1,3.1,0.0
2018-10-25,3.1,3.1,0.0,3.1,0.0,0.0,0.0,0.0,3.1,3.1,3.1,0.0
2018-10-26,3.1,3.1,0.0,3.1,0.0,0.0,0.0,0.0,3.1,3.1,3.1,0.0
2018-10-29,3.1,3.1,0.0,3.1,0.0,0.0,0.0,0.0,3.1,3.1,3.1,0.0
2018-10-30,3.1,3.1,0.0,3.1,0.0,0.0,0.0,0.0,3.1,3.1,3.1,0.0
2018-10-31,3.1,3.1,0.0,3.1,0.0,0.0,0.0,0.0,3.1,3.1,3.1,0.0
2018-11-01,3.1,3.1,0.0,3.1,0.0,0.0,0.0,0.0,3.1,3.1,3.1,0.0
2018-11-02,3.1,3.1,0.0,3.1,0.0,0.0,0.0,0.0,3.1,3.1,3.1,0.0
2018-11-05,3.1,3.1,0.0,3.1,0.0,0.0,0.0,0.0,3.1,3.1,3.1,0.0
2018-11-06,3.1,3.1,0.0,3.1,0.0,0.0,0.0,0.0,3.1,3.1,3.1,0.0
2018-11-07,3.1,3.1,0.0,3.1,0.0,0.0,0.0,0.0,3.1,3.1,3.1,0.0
2018-11-08,3.1,3.1,0.0,3.1,0.0,0.0,0.0,0.0,3.1,3.1,3.1,0.0
2018-11-09,3.4,3.4,9.6774,3.233,650.0,2110000.0,0.0,0.0,3.2,3.4,3.2,650.0
2018-11-12,3.4,3.4,0.0,3.4,0.0,0.0,0.0,0.0,3.4,3.4,3.4,0.0
2018-11-13,3.4,3.4,0.0,3.4,0.0,0.0,0.0,0.0,3.4,3.4,3.4,0.0
2018-11-14,3.4,3.4,0.0,3.4,0.0,0.0,0.0,0.0,3.4,3.4,3.4,0.0
2018-11-15,3.4,3.4,0.0,3.4,0.0,0.0,0.0,0.0,3.4,3.4,3.4,0.0
2018-11-16,3.5,3.5,2.9412,3.45,200.0,690000.0,0.0,0.0,3.4,3.5,3.4,200.0
2018-11-19,3.5,3.5,0.0,3.5,0.0,0.0,0.0,0.0,3.5,3.5,3.5,0.0
2018-11-20,3.5,3.5,0.0,3.5,0.0,0.0,0.0,0.0,3.5,3.5,3.5,0.0
2018-11-21,3.5,3.5,0.0,3.5,0.0,0.0,0.0,0.0,3.5,3.5,3.5,0.0
2018-11-22,3.5,3.5,0.0,3.5,0.0,0.0,0.0,0.0,3.5,3.5,3.5,0.0
2018-11-23,3.5,3.5,0.0,3.213,18700.0,60090000.0,0.0,0.0,3.2,3.5,3.2,18700.0
2018-11-26,3.5,3.5,0.0,3.5,0.0,0.0,0.0,0.0,3.5,3.5,3.5,0.0
2018-11-27,3.5,3.5,0.0,3.5,0.0,0.0,0.0,0.0,3.5,3.5,3.5,0.0
2018-11-28,3.5,3.5,0.0,3.5,0.0,0.0,0.0,0.0,3.5,3.5,3.5,0.0
2018-11-29,3.5,3.5,0.0,3.5,0.0,0.0,0.0,0.0,3.5,3.5,3.5,0.0
2018-11-30,3.5,3.5,0.0,3.5,0.0,0.0,0.0,0.0,3.5,3.5,3.5,0.0
2018-12-03,3.5,3.5,0.0,3.5,0.0,0.0,0.0,0.0,3.5,3.5,3.5,0.0
2018-12-04,3.5,3.5,0.0,3.5,0.0,0.0,0.0,0.0,3.5,3.5,3.5,0.0
2018-12-05,3.5,3.5,0.0,3.5,0.0,0.0,0.0,0.0,3.5,3.5,3.5,0.0
2018-12-06,3.5,3.5,0.0,3.5,0.0,0.0,0.0,0.0,3.5,3.5,3.5,0.0
2018-12-07,3.2,3.2,-8.5714,3.2,100.0,320000.0,0.0,0.0,3.2,3.2,3.2,100.0
2018-12-10,3.2,3.2,0.0,3.2,0.0,0.0,0.0,0.0,3.2,3.2,3.2,0.0
2018-12-11,3.2,3.2,0.0,3.2,0.0,0.0,0.0,0.0,3.2,3.2,3.2,0.0
2018-12-12,3.2,3.2,0.0,3.2,0.0,0.0,0.0,0.0,3.2,3.2,3.2,0.0
2018-12-13,3.2,3.2,0.0,3.2,0.0,0.0,0.0,0.0,3.2,3.2,3.2,0.0
2018-12-14,3.3,3.3,3.125,2.909,10300.0,29960000.0,0.0,0.0,3.0,3.3,2.9,10300.0
2018-12-17,3.3,3.3,0.0,3.3,0.0,0.0,0.0,0.0,3.3,3.3,3.3,0.0
2018-12-18,3.3,3.3,0.0,3.3,0.0,0.0,0.0,0.0,3.3,3.3,3.3,0.0
2018-12-19,3.3,3.3,0.0,3.3,0.0,0.0,0.0,0.0,3.3,3.3,3.3,0.0
2018-12-20,3.3,3.3,0.0,3.3,0.0,0.0,0.0,0.0,3.3,3.3,3.3,0.0
2018-12-21,3.4,3.4,3.0303,3.333,300.0,1000000.0,0.0,0.0,3.3,3.4,3.3,300.0
2018-12-24,3.4,3.4,0.0,3.4,0.0,0.0,0.0,0.0,3.4,3.4,3.4,0.0
2018-12-25,3.4,3.4,0.0,3.4,0.0,0.0,0.0,0.0,3.4,3.4,3.4,0.0
2018-12-26,3.4,3.4,0.0,3.4,0.0,0.0,0.0,0.0,3.4,3.4,3.4,0.0
2018-12-27,3.4,3.4,0.0,3.4,0.0,0.0,0.0,0.0,3.4,3.4,3.4,0.0
2018-12-28,3.4,3.4,0.0,3.45,1020.0,3519000.0,0.0,0.0,3.4,3.7,3.4,1020.0
2019-01-02,3.4,3.4,0.0,3.4,0.0,0.0,0.0,0.0,3.4,3.4,3.4,0.0
2019-01-03,3.4,3.4,0.0,3.4,0.0,0.0,0.0,0.0,3.4,3.4,3.4,0.0
2019-01-04,3.4,3.4,0.0,3.4,0.0,0.0,0.0,0.0,3.4,3.4,3.4,0.0
2019-01-07,3.4,3.4,0.0,3.4,0.0,0.0,0.0,0.0,3.4,3.4,3.4,0.0
2019-01-08,3.4,3.4,0.0,3.4,0.0,0.0,0.0,0.0,3.4,3.4,3.4,0.0
2019-01-09,3.4,3.4,0.0,3.4,0.0,0.0,0.0,0.0,3.4,3.4,3.4,0.0
2019-01-10,3.4,3.4,0.0,3.4,0.0,0.0,0.0,0.0,3.4,3.4,3.4,0.0
2019-01-11,3.7,3.7,8.8235,3.7,100.0,370000.0,0.0,0.0,3.7,3.7,3.7,100.0
2019-01-14,3.7,3.7,0.0,3.7,0.0,0.0,0.0,0.0,3.7,3.7,3.7,0.0
2019-01-15,3.7,3.7,0.0,3.7,0.0,0.0,0.0,0.0,3.7,3.7,3.7,0.0
2019-01-16,3.7,3.7,0.0,3.7,0.0,0.0,0.0,0.0,3.7,3.7,3.7,0.0
2019-01-17,3.7,3.7,0.0,3.7,0.0,0.0,0.0,0.0,3.7,3.7,3.7,0.0
2019-01-18,3.7,3.7,0.0,3.7,0.0,0.0,0.0,0.0,3.7,3.7,3.7,0.0
2019-01-21,3.7,3.7,0.0,3.7,0.0,0.0,0.0,0.0,3.7,3.7,3.7,0.0
2019-01-22,3.7,3.7,0.0,3.7,0.0,0.0,0.0,0.0,3.7,3.7,3.7,0.0
2019-01-23,3.7,3.7,0.0,3.7,0.0,0.0,0.0,0.0,3.7,3.7,3.7,0.0
2019-01-24,3.7,3.7,0.0,3.7,0.0,0.0,0.0,0.0,3.7,3.7,3.7,0.0
2019-01-25,3.7,3.7,0.0,3.7,0.0,0.0,0.0,0.0,3.7,3.7,3.7,0.0
2019-01-28,3.7,3.7,0.0,3.7,0.0,0.0,0.0,0.0,3.7,3.7,3.7,0.0
2019-01-29,3.7,3.7,0.0,3.7,0.0,0.0,0.0,0.0,3.7,3.7,3.7,0.0
2019-01-30,3.7,3.7,0.0,3.7,0.0,0.0,0.0,0.0,3.7,3.7,3.7,0.0
2019-01-31,3.7,3.7,0.0,3.7,0.0,0.0,0.0,0.0,3.7,3.7,3.7,0.0
2019-02-01,3.7,3.7,0.0,3.7,0.0,0.0,0.0,0.0,3.7,3.7,3.7,0.0
2019-02-11,3.7,3.7,0.0,3.7,0.0,0.0,0.0,0.0,3.7,3.7,3.7,0.0
2019-02-12,3.7,3.7,0.0,3.7,0.0,0.0,0.0,0.0,3.7,3.7,3.7,0.0
2019-02-13,3.7,3.7,0.0,3.7,0.0,0.0,0.0,0.0,3.7,3.7,3.7,0.0
2019-02-14,3.7,3.7,0.0,3.7,0.0,0.0,0.0,0.0,3.7,3.7,3.7,0.0
2019-02-15,3.7,3.7,0.0,3.7,0.0,0.0,0.0,0.0,3.7,3.7,3.7,0.0
2019-02-18,3.7,3.7,0.0,3.7,0.0,0.0,0.0,0.0,3.7,3.7,3.7,0.0
2019-02-19,3.7,3.7,0.0,3.7,0.0,0.0,0.0,0.0,3.7,3.7,3.7,0.0
2019-02-20,3.7,3.7,0.0,3.7,0.0,0.0,0.0,0.0,3.7,3.7,3.7,0.0
2019-02-21,3.7,3.7,0.0,3.7,0.0,0.0,0.0,0.0,3.7,3.7,3.7,0.0
2019-02-22,3.4,3.4,-8.1081,3.564,1100.0,3920000.0,0.0,0.0,3.7,4.0,3.4,1100.0
2019-02-25,3.4,3.4,0.0,3.4,0.0,0.0,0.0,0.0,3.4,3.4,3.4,0.0
2019-02-26,3.4,3.4,0.0,3.4,0.0,0.0,0.0,0.0,3.4,3.4,3.4,0.0
2019-02-27,3.4,3.4,0.0,3.4,0.0,0.0,0.0,0.0,3.4,3.4,3.4,0.0
2019-02-28,3.4,3.4,0.0,3.4,0.0,0.0,0.0,0.0,3.4,3.4,3.4,0.0
2019-03-01,3.4,3.4,0.0,3.4,1000.0,3400000.0,0.0,0.0,3.4,3.4,3.4,1000.0
2019-03-04,3.4,3.4,0.0,3.4,0.0,0.0,0.0,0.0,3.4,3.4,3.4,0.0
2019-03-05,3.4,3.4,0.0,3.4,0.0,0.0,0.0,0.0,3.4,3.4,3.4,0.0
2019-03-06,3.4,3.4,0.0,3.4,0.0,0.0,0.0,0.0,3.4,3.4,3.4,0.0
2019-03-07,3.4,3.4,0.0,3.4,0.0,0.0,0.0,0.0,3.4,3.4,3.4,0.0
2019-03-08,3.1,3.1,-8.8235,3.1,5200.0,16120000.0,0.0,0.0,3.1,3.1,3.1,5200.0
2019-03-11,3.1,3.1,0.0,3.1,0.0,0.0,0.0,0.0,3.1,3.1,3.1,0.0
2019-03-12,3.1,3.1,0.0,3.1,0.0,0.0,0.0,0.0,3.1,3.1,3.1,0.0
2019-03-13,3.1,3.1,0.0,3.1,0.0,0.0,0.0,0.0,3.1,3.1,3.1,0.0
2019-03-14,3.1,3.1,0.0,3.1,0.0,0.0,0.0,0.0,3.1,3.1,3.1,0.0
2019-03-15,3.3,3.3,6.4516,2.9,550.0,1590000.0,0.0,0.0,2.8,3.3,2.8,550.0
2019-03-18,3.3,3.3,0.0,3.3,0.0,0.0,0.0,0.0,3.3,3.3,3.3,0.0
2019-03-19,3.3,3.3,0.0,3.3,0.0,0.0,0.0,0.0,3.3,3.3,3.3,0.0
2019-03-20,3.3,3.3,0.0,3.3,0.0,0.0,0.0,0.0,3.3,3.3,3.3,0.0
2019-03-21,3.3,3.3,0.0,3.3,0.0,0.0,0.0,0.0,3.3,3.3,3.3,0.0
2019-03-22,3.3,3.3,0.0,3.4,300.0,1020000.0,0.0,0.0,3.5,3.5,3.3,300.0
2019-03-25,3.3,3.3,0.0,3.3,0.0,0.0,0.0,0.0,3.3,3.3,3.3,0.0
2019-03-26,3.3,3.3,0.0,3.3,0.0,0.0,0.0,0.0,3.3,3.3,3.3,0.0
2019-03-27,3.3,3.3,0.0,3.3,0.0,0.0,0.0,0.0,3.3,3.3,3.3,0.0
2019-03-28,3.3,3.3,0.0,3.3,0.0,0.0,0.0,0.0,3.3,3.3,3.3,0.0
2019-03-29,3.2,3.2,-3.0303,3.35,600.0,2010000.0,0.0,0.0,3.4,3.5,3.2,600.0
2019-04-01,3.2,3.2,0.0,3.2,0.0,0.0,0.0,0.0,3.2,3.2,3.2,0.0
2019-04-02,3.2,3.2,0.0,3.2,0.0,0.0,0.0,0.0,3.2,3.2,3.2,0.0
2019-04-03,3.2,3.2,0.0,3.2,0.0,0.0,0.0,0.0,3.2,3.2,3.2,0.0
2019-04-04,3.2,3.2,0.0,3.2,0.0,0.0,0.0,0.0,3.2,3.2,3.2,0.0
2019-04-05,3.2,3.2,0.0,3.2,200.0,640000.0,0.0,0.0,3.2,3.2,3.2,200.0
2019-04-08,3.2,3.2,0.0,3.2,0.0,0.0,0.0,0.0,3.2,3.2,3.2,0.0
2019-04-09,3.2,3.2,0.0,3.2,0.0,0.0,0.0,0.0,3.2,3.2,3.2,0.0
2019-04-10,3.2,3.2,0.0,3.2,0.0,0.0,0.0,0.0,3.2,3.2,3.2,0.0
2019-04-11,3.2,3.2,0.0,3.2,0.0,0.0,0.0,0.0,3.2,3.2,3.2,0.0
2019-04-12,3.2,3.2,0.0,3.213,8810.0,28302000.0,0.0,0.0,3.0,3.3,3.0,8810.0
2019-04-16,3.2,3.2,0.0,3.2,0.0,0.0,0.0,0.0,3.2,3.2,3.2,0.0
2019-04-17,3.2,3.2,0.0,3.2,0.0,0.0,0.0,0.0,3.2,3.2,3.2,0.0
2019-04-18,3.2,3.2,0.0,3.2,0.0,0.0,0.0,0.0,3.2,3.2,3.2,0.0
2019-04-19,3.2,3.2,0.0,2.914,2100.0,6120000.0,0.0,0.0,2.9,3.2,2.9,2100.0
2019-04-22,3.2,3.2,0.0,3.2,0.0,0.0,0.0,0.0,3.2,3.2,3.2,0.0
2019-04-23,3.2,3.2,0.0,3.2,0.0,0.0,0.0,0.0,3.2,3.2,3.2,0.0
2019-04-24,3.2,3.2,0.0,3.2,0.0,0.0,0.0,0.0,3.2,3.2,3.2,0.0
2019-04-25,3.2,3.2,0.0,3.2,0.0,0.0,0.0,0.0,3.2,3.2,3.2,0.0
2019-04-26,2.9,2.9,-9.375,2.954,2610.0,7712000.0,0.0,0.0,3.2,3.2,2.9,2610.0
2019-05-02,2.9,2.9,0.0,2.9,0.0,0.0,0.0,0.0,2.9,2.9,2.9,0.0
2019-05-03,2.9,2.9,0.0,2.857,2800.0,8000000.0,0.0,0.0,2.9,2.9,2.7,2800.0
2019-05-06,2.9,2.9,0.0,2.9,0.0,0.0,0.0,0.0,2.9,2.9,2.9,0.0
2019-05-07,2.9,2.9,0.0,2.9,0.0,0.0,0.0,0.0,2.9,2.9,2.9,0.0
2019-05-08,2.9,2.9,0.0,2.9,0.0,0.0,0.0,0.0,2.9,2.9,2.9,0.0
2019-05-09,2.9,2.9,0.0,2.9,0.0,0.0,0.0,0.0,2.9,2.9,2.9,0.0
2019-05-10,2.7,2.7,-6.8966,2.706,16600.0,44920000.0,0.0,0.0,2.7,3.0,2.7,16600.0
2019-05-13,2.7,2.7,0.0,2.7,0.0,0.0,0.0,0.0,2.7,2.7,2.7,0.0
2019-05-14,2.7,2.7,0.0,2.7,0.0,0.0,0.0,0.0,2.7,2.7,2.7,0.0
2019-05-15,2.7,2.7,0.0,2.7,0.0,0.0,0.0,0.0,2.7,2.7,2.7,0.0
2019-05-16,2.7,2.7,0.0,2.7,0.0,0.0,0.0,0.0,2.7,2.7,2.7,0.0
2019-05-17,2.9,2.9,7.4074,2.502,86000.0,215140000.0,0.0,0.0,2.5,2.9,2.5,86000.0
2019-05-20,2.9,2.9,0.0,2.9,0.0,0.0,0.0,0.0,2.9,2.9,2.9,0.0
2019-05-21,2.9,2.9,0.0,2.9,0.0,0.0,0.0,0.0,2.9,2.9,2.9,0.0
2019-05-22,2.9,2.9,0.0,2.9,0.0,0.0,0.0,0.0,2.9,2.9,2.9,0.0
2019-05-23,2.9,2.9,0.0,2.9,0.0,0.0,0.0,0.0,2.9,2.9,2.9,0.0
2019-05-24,2.7,2.7,-6.8966,2.7,23500.0,63450000.0,0.0,0.0,2.7,2.7,2.7,23500.0
2019-05-27,2.7,2.7,0.0,2.7,0.0,0.0,0.0,0.0,2.7,2.7,2.7,0.0
2019-05-28,2.7,2.7,0.0,2.7,0.0,0.0,0.0,0.0,2.7,2.7,2.7,0.0
2019-05-29,2.7,2.7,0.0,2.7,0.0,0.0,0.0,0.0,2.7,2.7,2.7,0.0
2019-05-30,2.7,2.7,0.0,2.7,0.0,0.0,0.0,0.0,2.7,2.7,2.7,0.0
2019-05-31,2.5,2.5,-7.4074,2.5,100.0,250000.0,0.0,0.0,2.5,2.5,2.5,100.0
2019-06-03,2.5,2.5,0.0,2.5,0.0,0.0,0.0,0.0,2.5,2.5,2.5,0.0
2019-06-04,2.5,2.5,0.0,2.5,0.0,0.0,0.0,0.0,2.5,2.5,2.5,0.0
2019-06-05,2.5,2.5,0.0,2.5,0.0,0.0,0.0,0.0,2.5,2.5,2.5,0.0
2019-06-06,2.5,2.5,0.0,2.5,0.0,0.0,0.0,0.0,2.5,2.5,2.5,0.0
2019-06-07,2.3,2.3,-8.0,2.3,11400.0,26220000.0,0.0,0.0,2.3,2.3,2.3,11400.0
2019-06-10,2.3,2.3,0.0,2.3,0.0,0.0,0.0,0.0,2.3,2.3,2.3,0.0
2019-06-11,2.3,2.3,0.0,2.3,0.0,0.0,0.0,0.0,2.3,2.3,2.3,0.0
2019-06-12,2.3,2.3,0.0,2.3,0.0,0.0,0.0,0.0,2.3,2.3,2.3,0.0
2019-06-13,2.3,2.3,0.0,2.3,0.0,0.0,0.0,0.0,2.3,2.3,2.3,0.0
2019-06-14,2.1,2.1,-8.6957,2.1,25100.0,52710000.0,0.0,0.0,2.1,2.1,2.1,25100.0
2019-06-17,2.1,2.1,0.0,2.1,0.0,0.0,0.0,0.0,2.1,2.1,2.1,0.0
2019-06-18,2.1,2.1,0.0,2.1,0.0,0.0,0.0,0.0,2.1,2.1,2.1,0.0
2019-06-19,2.1,2.1,0.0,2.1,0.0,0.0,0.0,0.0,2.1,2.1,2.1,0.0
2019-06-20,2.1,2.1,0.0,2.1,0.0,0.0,0.0,0.0,2.1,2.1,2.1,0.0
2019-06-21,1.9,1.9,-9.5238,1.9,3000.0,5700000.0,0.0,0.0,1.9,1.9,1.9,3000.0
2019-06-24,1.9,1.9,0.0,1.9,0.0,0.0,0.0,0.0,1.9,1.9,1.9,0.0
2019-06-25,1.9,1.9,0.0,1.9,0.0,0.0,0.0,0.0,1.9,1.9,1.9,0.0
2019-06-26,1.9,1.9,0.0,1.9,0.0,0.0,0.0,0.0,1.9,1.9,1.9,0.0
2019-06-27,1.9,1.9,0.0,1.9,0.0,0.0,0.0,0.0,1.9,1.9,1.9,0.0
2019-06-28,2.0,2.0,5.2632,1.904,2400.0,4570000.0,0.0,0.0,1.9,2.0,1.9,2400.0
2019-07-01,2.0,2.0,0.0,2.0,0.0,0.0,0.0,0.0,2.0,2.0,2.0,0.0
2019-07-02,2.0,2.0,0.0,2.0,0.0,0.0,0.0,0.0,2.0,2.0,2.0,0.0
2019-07-03,2.0,2.0,0.0,2.0,0.0,0.0,0.0,0.0,2.0,2.0,2.0,0.0
2019-07-04,2.0,2.0,0.0,2.0,0.0,0.0,0.0,0.0,2.0,2.0,2.0,0.0
2019-07-05,2.0,2.0,0.0,1.801,20400.0,36740000.0,0.0,0.0,1.8,2.0,1.8,20400.0
2019-07-08,2.0,2.0,0.0,2.0,0.0,0.0,0.0,0.0,2.0,2.0,2.0,0.0
2019-07-09,2.0,2.0,0.0,2.0,0.0,0.0,0.0,0.0,2.0,2.0,2.0,0.0
2019-07-10,2.0,2.0,0.0,2.0,0.0,0.0,0.0,0.0,2.0,2.0,2.0,0.0
2019-07-11,2.0,2.0,0.0,2.0,0.0,0.0,0.0,0.0,2.0,2.0,2.0,0.0
2019-07-12,1.8,1.8,-10.0,1.801,14200.0,25570000.0,0.0,0.0,1.9,1.9,1.8,14200.0
2019-07-15,1.8,1.8,0.0,1.8,0.0,0.0,0.0,0.0,1.8,1.8,1.8,0.0
2019-07-16,1.8,1.8,0.0,1.8,0.0,0.0,0.0,0.0,1.8,1.8,1.8,0.0
2019-07-17,1.8,1.8,0.0,1.8,0.0,0.0,0.0,0.0,1.8,1.8,1.8,0.0
2019-07-18,1.8,1.8,0.0,1.8,0.0,0.0,0.0,0.0,1.8,1.8,1.8,0.0
2019-07-19,1.8,1.8,0.0,1.813,810.0,1467000.0,0.0,0.0,1.9,1.9,1.8,810.0
2019-07-22,1.8,1.8,0.0,1.8,0.0,0.0,0.0,0.0,1.8,1.8,1.8,0.0
2019-07-23,1.8,1.8,0.0,1.8,0.0,0.0,0.0,0.0,1.8,1.8,1.8,0.0
2019-07-24,1.8,1.8,0.0,1.8,0.0,0.0,0.0,0.0,1.8,1.8,1.8,0.0
2019-07-25,1.8,1.8,0.0,1.8,0.0,0.0,0.0,0.0,1.8,1.8,1.8,0.0
2019-07-26,1.8,1.8,0.0,1.8,1500.0,2700000.0,0.0,0.0,1.8,1.8,1.8,1500.0
2019-07-29,1.8,1.8,0.0,1.8,0.0,0.0,0.0,0.0,1.8,1.8,1.8,0.0
2019-07-30,1.8,1.8,0.0,1.8,0.0,0.0,0.0,0.0,1.8,1.8,1.8,0.0
2019-07-31,1.8,1.8,0.0,1.8,0.0,0.0,0.0,0.0,1.8,1.8,1.8,0.0
2019-08-01,1.8,1.8,0.0,1.8,0.0,0.0,0.0,0.0,1.8,1.8,1.8,0.0
2019-08-02,1.8,1.8,0.0,1.8,2500.0,4500000.0,0.0,0.0,1.8,1.8,1.8,2500.0
2019-08-05,1.8,1.8,0.0,1.8,0.0,0.0,0.0,0.0,1.8,1.8,1.8,0.0
2019-08-06,1.8,1.8,0.0,1.8,0.0,0.0,0.0,0.0,1.8,1.8,1.8,0.0
2019-08-07,1.8,1.8,0.0,1.8,0.0,0.0,0.0,0.0,1.8,1.8,1.8,0.0
2019-08-08,1.8,1.8,0.0,1.8,0.0,0.0,0.0,0.0,1.8,1.8,1.8,0.0
2019-08-09,1.8,1.8,0.0,1.754,7000.0,12280000.0,0.0,0.0,1.8,1.8,1.7,7000.0
2019-08-12,1.8,1.8,0.0,1.8,0.0,0.0,0.0,0.0,1.8,1.8,1.8,0.0
2019-08-13,1.8,1.8,0.0,1.8,0.0,0.0,0.0,0.0,1.8,1.8,1.8,0.0
2019-08-14,1.8,1.8,0.0,1.8,0.0,0.0,0.0,0.0,1.8,1.8,1.8,0.0
2019-08-15,1.8,1.8,0.0,1.8,0.0,0.0,0.0,0.0,1.8,1.8,1.8,0.0
2019-08-16,1.8,1.8,0.0,1.8,86400.0,155520000.0,0.0,0.0,1.8,1.8,1.8,86400.0
2019-08-19,1.8,1.8,0.0,1.8,0.0,0.0,0.0,0.0,1.8,1.8,1.8,0.0
2019-08-20,1.8,1.8,0.0,1.8,0.0,0.0,0.0,0.0,1.8,1.8,1.8,0.0
2019-08-21,1.8,1.8,0.0,1.8,0.0,0.0,0.0,0.0,1.8,1.8,1.8,0.0
2019-08-22,1.8,1.8,0.0,1.8,0.0,0.0,0.0,0.0,1.8,1.8,1.8,0.0
2019-08-23,1.9,1.9,5.5556,1.9,100.0,190000.0,0.0,0.0,1.9,1.9,1.9,100.0
2019-08-26,1.9,1.9,0.0,1.9,0.0,0.0,0.0,0.0,1.9,1.9,1.9,0.0
2019-08-27,1.9,1.9,0.0,1.9,0.0,0.0,0.0,0.0,1.9,1.9,1.9,0.0
2019-08-28,1.9,1.9,0.0,1.9,0.0,0.0,0.0,0.0,1.9,1.9,1.9,0.0
2019-08-29,1.9,1.9,0.0,1.9,0.0,0.0,0.0,0.0,1.9,1.9,1.9,0.0
2019-08-30,2.0,2.0,5.2632,2.0,617.0,1234000.0,0.0,0.0,2.0,2.0,2.0,617.0
2019-09-03,2.0,2.0,0.0,2.0,0.0,0.0,0.0,0.0,2.0,2.0,2.0,0.0
2019-09-04,2.0,2.0,0.0,2.0,0.0,0.0,0.0,0.0,2.0,2.0,2.0,0.0
2019-09-05,2.0,2.0,0.0,2.0,0.0,0.0,0.0,0.0,2.0,2.0,2.0,0.0
2019-09-06,2.2,2.2,10.0,2.2,1100.0,2420000.0,0.0,0.0,2.2,2.2,2.2,1100.0
2019-09-09,2.2,2.2,0.0,2.2,0.0,0.0,0.0,0.0,2.2,2.2,2.2,0.0
2019-09-10,2.2,2.2,0.0,2.2,0.0,0.0,0.0,0.0,2.2,2.2,2.2,0.0
2019-09-11,2.2,2.2,0.0,2.2,0.0,0.0,0.0,0.0,2.2,2.2,2.2,0.0
2019-09-12,2.2,2.2,0.0,2.2,0.0,0.0,0.0,0.0,2.2,2.2,2.2,0.0
2019-09-13,2.4,2.4,9.0909,2.4,4700.0,11280000.0,0.0,0.0,2.4,2.4,2.4,4700.0
2019-09-16,2.4,2.4,0.0,2.4,0.0,0.0,0.0,0.0,2.4,2.4,2.4,0.0
2019-09-17,2.4,2.4,0.0,2.4,0.0,0.0,0.0,0.0,2.4,2.4,2.4,0.0
2019-09-18,2.4,2.4,0.0,2.4,0.0,0.0,0.0,0.0,2.4,2.4,2.4,0.0
2019-09-19,2.4,2.4,0.0,2.4,0.0,0.0,0.0,0.0,2.4,2.4,2.4,0.0
2019-09-20,2.6,2.6,8.3333,2.6,4820.0,12532000.0,0.0,0.0,2.6,2.6,2.6,4820.0
2019-09-23,2.6,2.6,0.0,2.6,0.0,0.0,0.0,0.0,2.6,2.6,2.6,0.0
2019-09-24,2.6,2.6,0.0,2.6,0.0,0.0,0.0,0.0,2.6,2.6,2.6,0.0
2019-09-25,2.6,2.6,0.0,2.6,0.0,0.0,0.0,0.0,2.6,2.6,2.6,0.0
2019-09-26,2.6,2.6,0.0,2.6,0.0,0.0,0.0,0.0,2.6,2.6,2.6,0.0
2019-09-27,2.8,2.8,7.6923,2.8,1500.0,4200000.0,0.0,0.0,2.8,2.8,2.8,1500.0
2019-09-30,2.8,2.8,0.0,2.8,0.0,0.0,0.0,0.0,2.8,2.8,2.8,0.0
2019-10-01,2.8,2.8,0.0,2.8,0.0,0.0,0.0,0.0,2.8,2.8,2.8,0.0
2019-10-02,2.8,2.8,0.0,2.8,0.0,0.0,0.0,0.0,2.8,2.8,2.8,0.0
2019-10-03,2.8,2.8,0.0,2.8,0.0,0.0,0.0,0.0,2.8,2.8,2.8,0.0
2019-10-04,3.0,3.0,7.1429,3.0,9000.0,27000000.0,0.0,0.0,3.0,3.0,3.0,9000.0
2019-10-07,3.0,3.0,0.0,3.0,0.0,0.0,0.0,0.0,3.0,3.0,3.0,0.0
2019-10-08,3.0,3.0,0.0,3.0,0.0,0.0,0.0,0.0,3.0,3.0,3.0,0.0
2019-10-09,3.0,3.0,0.0,3.0,0.0,0.0,0.0,0.0,3.0,3.0,3.0,0.0
2019-10-10,3.0,3.0,0.0,3.0,0.0,0.0,0.0,0.0,3.0,3.0,3.0,0.0
2019-10-11,3.3,3.3,10.0,3.3,32100.0,105930000.0,0.0,0.0,3.3,3.3,3.3,32100.0
2019-10-14,3.3,3.3,0.0,3.3,0.0,0.0,0.0,0.0,3.3,3.3,3.3,0.0
2019-10-15,3.3,3.3,0.0,3.3,0.0,0.0,0.0,0.0,3.3,3.3,3.3,0.0
2019-10-16,3.3,3.3,0.0,3.3,0.0,0.0,0.0,0.0,3.3,3.3,3.3,0.0
2019-10-17,3.3,3.3,0.0,3.3,0.0,0.0,0.0,0.0,3.3,3.3,3.3,0.0
2019-10-18,3.4,3.4,3.0303,3.547,31700.0,112440000.0,0.0,0.0,3.6,3.6,3.4,31700.0
2019-10-21,3.4,3.4,0.0,3.4,0.0,0.0,0.0,0.0,3.4,3.4,3.4,0.0
2019-10-22,3.4,3.4,0.0,3.4,0.0,0.0,0.0,0.0,3.4,3.4,3.4,0.0
2019-10-23,3.4,3.4,0.0,3.4,0.0,0.0,0.0,0.0,3.4,3.4,3.4,0.0
2019-10-24,3.4,3.4,0.0,3.4,0.0,0.0,0.0,0.0,3.4,3.4,3.4,0.0
2019-10-25,3.7,3.7,8.8235,3.7,66310.0,245346000.0,0.0,0.0,3.7,3.7,3.7,66310.0
2019-10-28,3.7,3.7,0.0,3.7,0.0,0.0,0.0,0.0,3.7,3.7,3.7,0.0
2019-10-29,3.7,3.7,0.0,3.7,0.0,0.0,0.0,0.0,3.7,3.7,3.7,0.0
2019-10-30,3.7,3.7,0.0,3.7,0.0,0.0,0.0,0.0,3.7,3.7,3.7,0.0
2019-10-31,3.7,3.7,0.0,3.7,0.0,0.0,0.0,0.0,3.7,3.7,3.7,0.0
2019-11-01,4.0,4.0,8.1081,4.0,101317.0,405268000.0,0.0,0.0,4.0,4.0,4.0,101317.0
2019-11-04,4.0,4.0,0.0,4.0,0.0,0.0,0.0,0.0,4.0,4.0,4.0,0.0
2019-11-05,4.0,4.0,0.0,4.0,0.0,0.0,0.0,0.0,4.0,4.0,4.0,0.0
2019-11-06,4.0,4.0,0.0,4.0,0.0,0.0,0.0,0.0,4.0,4.0,4.0,0.0
2019-11-07,4.0,4.0,0.0,4.0,0.0,0.0,0.0,0.0,4.0,4.0,4.0,0.0
2019-11-08,4.4,4.4,10.0,4.301,45735.0,196700000.0,0.0,0.0,4.4,4.4,4.1,45735.0
2019-11-11,4.4,4.4,0.0,4.4,0.0,0.0,0.0,0.0,4.4,4.4,4.4,0.0
2019-11-12,4.4,4.4,0.0,4.4,0.0,0.0,0.0,0.0,4.4,4.4,4.4,0.0
2019-11-13,4.4,4.4,0.0,4.4,0.0,0.0,0.0,0.0,4.4,4.4,4.4,0.0
2019-11-14,4.4,4.4,0.0,4.4,0.0,0.0,0.0,0.0,4.4,4.4,4.4,0.0
2019-11-15,4.2,4.2,-4.5455,4.262,9800.0,41770000.0,0.0,0.0,4.4,4.4,4.1,9800.0
2019-11-18,4.2,4.2,0.0,4.2,0.0,0.0,0.0,0.0,4.2,4.2,4.2,0.0
2019-11-19,4.2,4.2,0.0,4.2,0.0,0.0,0.0,0.0,4.2,4.2,4.2,0.0
2019-11-20,4.2,4.2,0.0,4.2,0.0,0.0,0.0,0.0,4.2,4.2,4.2,0.0
2019-11-21,4.2,4.2,0.0,4.2,0.0,0.0,0.0,0.0,4.2,4.2,4.2,0.0
2019-11-22,3.8,3.8,-9.5238,3.807,73400.0,279410000.0,0.0,0.0,4.3,4.3,3.8,73400.0
2019-11-25,3.8,3.8,0.0,3.8,0.0,0.0,0.0,0.0,3.8,3.8,3.8,0.0
2019-11-26,3.8,3.8,0.0,3.8,0.0,0.0,0.0,0.0,3.8,3.8,3.8,0.0
2019-11-27,3.8,3.8,0.0,3.8,0.0,0.0,0.0,0.0,3.8,3.8,3.8,0.0
2019-11-28,3.8,3.8,0.0,3.8,0.0,0.0,0.0,0.0,3.8,3.8,3.8,0.0
2019-11-29,3.8,3.8,0.0,3.8,16500.0,62700000.0,0.0,0.0,3.8,3.8,3.8,16500.0
2019-12-02,3.8,3.8,0.0,3.8,0.0,0.0,0.0,0.0,3.8,3.8,3.8,0.0
2019-12-03,3.8,3.8,0.0,3.8,0.0,0.0,0.0,0.0,3.8,3.8,3.8,0.0
2019-12-04,3.8,3.8,0.0,3.8,0.0,0.0,0.0,0.0,3.8,3.8,3.8,0.0
2019-12-05,3.8,3.8,0.0,3.8,0.0,0.0,0.0,0.0,3.8,3.8,3.8,0.0
2019-12-06,4.0,4.0,5.2632,3.822,7200.0,27520000.0,0.0,0.0,3.6,4.0,3.6,7200.0
2019-12-09,4.0,4.0,0.0,4.0,0.0,0.0,0.0,0.0,4.0,4.0,4.0,0.0
2019-12-10,4.0,4.0,0.0,4.0,0.0,0.0,0.0,0.0,4.0,4.0,4.0,0.0
2019-12-11,4.0,4.0,0.0,4.0,0.0,0.0,0.0,0.0,4.0,4.0,4.0,0.0
2019-12-12,4.0,4.0,0.0,4.0,0.0,0.0,0.0,0.0,4.0,4.0,4.0,0.0
2019-12-13,4.0,4.0,0.0,3.636,3300.0,12000000.0,0.0,0.0,3.6,4.0,3.6,3300.0
2019-12-16,4.0,4.0,0.0,4.0,0.0,0.0,0.0,0.0,4.0,4.0,4.0,0.0
2019-12-17,4.0,4.0,0.0,4.0,0.0,0.0,0.0,0.0,4.0,4.0,4.0,0.0
2019-12-18,4.0,4.0,0.0,4.0,0.0,0.0,0.0,0.0,4.0,4.0,4.0,0.0
2019-12-19,4.0,4.0,0.0,4.0,0.0,0.0,0.0,0.0,4.0,4.0,4.0,0.0
2019-12-20,3.6,3.6,-10.0,3.6,1300.0,4680000.0,0.0,0.0,3.6,3.6,3.6,1300.0
2019-12-23,3.6,3.6,0.0,3.6,0.0,0.0,0.0,0.0,3.6,3.6,3.6,0.0
2019-12-24,3.6,3.6,0.0,3.6,0.0,0.0,0.0,0.0,3.6,3.6,3.6,0.0
2019-12-25,3.6,3.6,0.0,3.6,0.0,0.0,0.0,0.0,3.6,3.6,3.6,0.0
2019-12-26,3.6,3.6,0.0,3.6,0.0,0.0,0.0,0.0,3.6,3.6,3.6,0.0
2019-12-27,3.9,3.9,8.3333,3.714,26400.0,98060000.0,0.0,0.0,3.3,3.9,3.3,26400.0
2019-12-30,3.9,3.9,0.0,3.9,0.0,0.0,0.0,0.0,3.9,3.9,3.9,0.0
2019-12-31,3.9,3.9,0.0,3.9,0.0,0.0,0.0,0.0,3.9,3.9,3.9,0.0
2020-01-02,3.9,3.9,0.0,3.9,0.0,0.0,0.0,0.0,3.9,3.9,3.9,0.0
2020-01-03,3.6,3.6,-7.6923,3.807,6947.0,26453300.0,0.0,0.0,3.8,3.9,3.6,6947.0
2020-01-06,3.6,3.6,0.0,3.6,0.0,0.0,0.0,0.0,3.6,3.6,3.6,0.0
2020-01-07,3.6,3.6,0.0,3.6,0.0,0.0,0.0,0.0,3.6,3.6,3.6,0.0
2020-01-08,3.6,3.6,0.0,3.6,0.0,0.0,0.0,0.0,3.6,3.6,3.6,0.0
2020-01-09,3.6,3.6,0.0,3.6,0.0,0.0,0.0,0.0,3.6,3.6,3.6,0.0
2020-01-10,3.9,3.9,8.3333,3.616,7440.0,26904000.0,0.0,0.0,3.9,3.9,3.6,7440.0
2020-01-13,3.9,3.9,0.0,3.9,0.0,0.0,0.0,0.0,3.9,3.9,3.9,0.0
2020-01-14,3.9,3.9,0.0,3.9,0.0,0.0,0.0,0.0,3.9,3.9,3.9,0.0
2020-01-15,3.9,3.9,0.0,3.9,0.0,0.0,0.0,0.0,3.9,3.9,3.9,0.0
2020-01-16,3.9,3.9,0.0,3.9,0.0,0.0,0.0,0.0,3.9,3.9,3.9,0.0
2020-01-17,3.9,3.9,0.0,3.901,13500.0,52660000.0,0.0,0.0,3.9,4.0,3.9,13500.0
2020-01-20,3.9,3.9,0.0,3.9,0.0,0.0,0.0,0.0,3.9,3.9,3.9,0.0
2020-01-21,3.9,3.9,0.0,3.9,0.0,0.0,0.0,0.0,3.9,3.9,3.9,0.0
2020-01-22,3.9,3.9,0.0,3.9,0.0,0.0,0.0,0.0,3.9,3.9,3.9,0.0
2020-01-30,3.9,3.9,0.0,3.9,0.0,0.0,0.0,0.0,3.9,3.9,3.9,0.0
2020-01-31,3.9,3.9,0.0,3.606,10400.0,37500000.0,0.0,0.0,3.6,3.9,3.6,10400.0
2020-02-03,3.9,3.9,0.0,3.9,0.0,0.0,0.0,0.0,3.9,3.9,3.9,0.0
2020-02-04,3.9,3.9,0.0,3.9,0.0,0.0,0.0,0.0,3.9,3.9,3.9,0.0
2020-02-05,3.9,3.9,0.0,3.9,0.0,0.0,0.0,0.0,3.9,3.9,3.9,0.0
2020-02-06,3.9,3.9,0.0,3.9,0.0,0.0,0.0,0.0,3.9,3.9,3.9,0.0
2020-02-07,3.8,3.8,-2.5641,3.635,9600.0,34900000.0,0.0,0.0,3.6,3.8,3.6,9600.0
2020-02-10,3.8,3.8,0.0,3.8,0.0,0.0,0.0,0.0,3.8,3.8,3.8,0.0
2020-02-11,3.8,3.8,0.0,3.8,0.0,0.0,0.0,0.0,3.8,3.8,3.8,0.0
2020-02-12,3.8,3.8,0.0,3.8,0.0,0.0,0.0,0.0,3.8,3.8,3.8,0.0
2020-02-13,3.8,3.8,0.0,3.8,0.0,0.0,0.0,0.0,3.8,3.8,3.8,0.0
2020-02-14,3.5,3.5,-7.8947,3.5,4700.0,16450000.0,0.0,0.0,3.5,3.5,3.5,4700.0
2020-02-17,3.5,3.5,0.0,3.5,0.0,0.0,0.0,0.0,3.5,3.5,3.5,0.0
2020-02-18,3.5,3.5,0.0,3.5,0.0,0.0,0.0,0.0,3.5,3.5,3.5,0.0
2020-02-19,3.5,3.5,0.0,3.5,0.0,0.0,0.0,0.0,3.5,3.5,3.5,0.0
2020-02-20,3.5,3.5,0.0,3.5,0.0,0.0,0.0,0.0,3.5,3.5,3.5,0.0
2020-02-21,3.2,3.2,-8.5714,3.242,22600.0,73260000.0,0.0,0.0,3.2,3.3,3.2,22600.0
2020-02-24,3.2,3.2,0.0,3.2,0.0,0.0,0.0,0.0,3.2,3.2,3.2,0.0
2020-02-25,3.2,3.2,0.0,3.2,0.0,0.0,0.0,0.0,3.2,3.2,3.2,0.0
2020-02-26,3.2,3.2,0.0,3.2,0.0,0.0,0.0,0.0,3.2,3.2,3.2,0.0
2020-02-27,3.2,3.2,0.0,3.2,0.0,0.0,0.0,0.0,3.2,3.2,3.2,0.0
2020-02-28,3.4,3.4,6.25,2.969,5100.0,15140000.0,0.0,0.0,2.9,3.4,2.9,5100.0
2020-03-02,3.4,3.4,0.0,3.4,0.0,0.0,0.0,0.0,3.4,3.4,3.4,0.0
2020-03-03,3.4,3.4,0.0,3.4,0.0,0.0,0.0,0.0,3.4,3.4,3.4,0.0
2020-03-04,3.4,3.4,0.0,3.4,0.0,0.0,0.0,0.0,3.4,3.4,3.4,0.0
2020-03-05,3.4,3.4,0.0,3.4,0.0,0.0,0.0,0.0,3.4,3.4,3.4,0.0
2020-03-06,3.4,3.4,0.0,3.158,19900.0,62840000.0,0.0,0.0,3.2,3.5,3.1,19900.0
2020-03-09,3.4,3.4,0.0,3.4,0.0,0.0,0.0,0.0,3.4,3.4,3.4,0.0
2020-03-10,3.4,3.4,0.0,3.4,0.0,0.0,0.0,0.0,3.4,3.4,3.4,0.0
2020-03-11,3.4,3.4,0.0,3.4,0.0,0.0,0.0,0.0,3.4,3.4,3.4,0.0
2020-03-12,3.4,3.4,0.0,3.4,0.0,0.0,0.0,0.0,3.4,3.4,3.4,0.0
2020-03-13,3.1,3.1,-8.8235,3.1,3500.0,10850000.0,0.0,0.0,3.1,3.1,3.1,3500.0
2020-03-16,3.1,3.1,0.0,3.1,0.0,0.0,0.0,0.0,3.1,3.1,3.1,0.0
2020-03-17,3.1,3.1,0.0,3.1,0.0,0.0,0.0,0.0,3.1,3.1,3.1,0.0
2020-03-18,3.1,3.1,0.0,3.1,0.0,0.0,0.0,0.0,3.1,3.1,3.1,0.0
2020-03-19,3.1,3.1,0.0,3.1,0.0,0.0,0.0,0.0,3.1,3.1,3.1,0.0
2020-03-20,2.8,2.8,-9.6774,2.802,17400.0,48750000.0,0.0,0.0,2.8,2.9,2.8,17400.0
2020-03-23,2.8,2.8,0.0,2.8,0.0,0.0,0.0,0.0,2.8,2.8,2.8,0.0
2020-03-24,2.8,2.8,0.0,2.8,0.0,0.0,0.0,0.0,2.8,2.8,2.8,0.0
2020-03-25,2.8,2.8,0.0,2.8,0.0,0.0,0.0,0.0,2.8,2.8,2.8,0.0
2020-03-26,2.8,2.8,0.0,2.8,0.0,0.0,0.0,0.0,2.8,2.8,2.8,0.0
2020-03-27,3.0,3.0,7.1429,2.628,10900.0,28640000.0,0.0,0.0,2.6,3.0,2.6,10900.0
2020-03-30,3.0,3.0,0.0,3.0,0.0,0.0,0.0,0.0,3.0,3.0,3.0,0.0
2020-03-31,3.0,3.0,0.0,3.0,0.0,0.0,0.0,0.0,3.0,3.0,3.0,0.0
2020-04-01,3.0,3.0,0.0,3.0,0.0,0.0,0.0,0.0,3.0,3.0,3.0,0.0
2020-04-03,2.7,2.7,-10.0,2.7,4600.0,12420000.0,0.0,0.0,2.7,2.7,2.7,4600.0
2020-04-06,2.7,2.7,0.0,2.7,0.0,0.0,0.0,0.0,2.7,2.7,2.7,0.0
2020-04-07,2.7,2.7,0.0,2.7,0.0,0.0,0.0,0.0,2.7,2.7,2.7,0.0
2020-04-08,2.7,2.7,0.0,2.7,0.0,0.0,0.0,0.0,2.7,2.7,2.7,0.0
2020-04-09,2.7,2.7,0.0,2.7,0.0,0.0,0.0,0.0,2.7,2.7,2.7,0.0
2020-04-10,2.5,2.5,-7.4074,2.5,21800.0,54500000.0,0.0,0.0,2.5,2.5,2.5,21800.0
2020-04-13,2.5,2.5,0.0,2.5,0.0,0.0,0.0,0.0,2.5,2.5,2.5,0.0
2020-04-14,2.5,2.5,0.0,2.5,0.0,0.0,0.0,0.0,2.5,2.5,2.5,0.0
2020-04-15,2.5,2.5,0.0,2.5,0.0,0.0,0.0,0.0,2.5,2.5,2.5,0.0
2020-04-16,2.5,2.5,0.0,2.5,0.0,0.0,0.0,0.0,2.5,2.5,2.5,0.0
2020-04-17,2.4,2.4,-4.0,2.315,32400.0,74990000.0,0.0,0.0,2.3,2.6,2.3,32400.0
2020-04-20,2.4,2.4,0.0,2.4,0.0,0.0,0.0,0.0,2.4,2.4,2.4,0.0
2020-04-21,2.4,2.4,0.0,2.4,0.0,0.0,0.0,0.0,2.4,2.4,2.4,0.0
2020-04-22,2.4,2.4,0.0,2.4,0.0,0.0,0.0,0.0,2.4,2.4,2.4,0.0
2020-04-23,2.4,2.4,0.0,2.4,0.0,0.0,0.0,0.0,2.4,2.4,2.4,0.0
2020-04-24,2.3,2.3,-4.1667,2.498,10900.0,27230000.0,0.0,0.0,2.5,2.5,2.3,10900.0
2020-04-27,2.3,2.3,0.0,2.3,0.0,0.0,0.0,0.0,2.3,2.3,2.3,0.0
2020-04-28,2.3,2.3,0.0,2.3,0.0,0.0,0.0,0.0,2.3,2.3,2.3,0.0
2020-04-29,2.3,2.3,0.0,2.3,0.0,0.0,0.0,0.0,2.3,2.3,2.3,0.0
2020-05-04,2.3,2.3,0.0,2.3,0.0,0.0,0.0,0.0,2.3,2.3,2.3,0.0
2020-05-05,2.3,2.3,0.0,2.3,0.0,0.0,0.0,0.0,2.3,2.3,2.3,0.0
2020-05-06,2.3,2.3,0.0,2.3,0.0,0.0,0.0,0.0,2.3,2.3,2.3,0.0
2020-05-07,2.3,2.3,0.0,2.3,0.0,0.0,0.0,0.0,2.3,2.3,2.3,0.0
2020-05-08,2.4,2.4,4.3478,2.219,106425.0,236142500.0,0.0,0.0,2.4,2.5,2.2,106425.0
2020-05-11,2.4,2.4,0.0,2.4,0.0,0.0,0.0,0.0,2.4,2.4,2.4,0.0
2020-05-12,2.4,2.4,0.0,2.4,0.0,0.0,0.0,0.0,2.4,2.4,2.4,0.0
2020-05-13,2.4,2.4,0.0,2.4,0.0,0.0,0.0,0.0,2.4,2.4,2.4,0.0
2020-05-14,2.4,2.4,0.0,2.4,0.0,0.0,0.0,0.0,2.4,2.4,2.4,0.0
2020-05-15,2.6,2.6,8.3333,2.6,17225.0,44785000.0,0.0,0.0,2.6,2.6,2.6,17225.0
2020-05-18,2.6,2.6,0.0,2.6,0.0,0.0,0.0,0.0,2.6,2.6,2.6,0.0
2020-05-19,2.6,2.6,0.0,2.6,0.0,0.0,0.0,0.0,2.6,2.6,2.6,0.0
2020-05-20,2.6,2.6,0.0,2.6,0.0,0.0,0.0,0.0,2.6,2.6,2.6,0.0
2020-05-21,2.6,2.6,0.0,2.6,0.0,0.0,0.0,0.0,2.6,2.6,2.6,0.0
2020-05-22,2.8,2.8,7.6923,2.532,2800.0,7090000.0,0.0,0.0,2.5,2.8,2.5,2800.0
2020-05-25,2.8,2.8,0.0,2.8,0.0,0.0,0.0,0.0,2.8,2.8,2.8,0.0
2020-05-26,2.8,2.8,0.0,2.8,0.0,0.0,0.0,0.0,2.8,2.8,2.8,0.0
2020-05-27,2.8,2.8,0.0,2.8,0.0,0.0,0.0,0.0,2.8,2.8,2.8,0.0
2020-05-28,2.8,2.8,0.0,2.8,0.0,0.0,0.0,0.0,2.8,2.8,2.8,0.0
2020-05-29,3.0,3.0,7.1429,2.913,19100.0,55640000.0,0.0,0.0,3.0,3.0,2.9,19100.0
2020-06-01,3.0,3.0,0.0,3.0,0.0,0.0,0.0,0.0,3.0,3.0,3.0,0.0
2020-06-02,3.0,3.0,0.0,3.0,0.0,0.0,0.0,0.0,3.0,3.0,3.0,0.0
2020-06-03,3.0,3.0,0.0,3.0,0.0,0.0,0.0,0.0,3.0,3.0,3.0,0.0
2020-06-04,3.0,3.0,0.0,3.0,0.0,0.0,0.0,0.0,3.0,3.0,3.0,0.0
2020-06-05,3.2,3.2,6.6667,3.117,22300.0,69510000.0,0.0,0.0,3.1,3.2,2.7,22300.0
2020-06-08,3.2,3.2,0.0,3.2,0.0,0.0,0.0,0.0,3.2,3.2,3.2,0.0
2020-06-09,3.2,3.2,0.0,3.2,0.0,0.0,0.0,0.0,3.2,3.2,3.2,0.0
2020-06-10,3.2,3.2,0.0,3.2,0.0,0.0,0.0,0.0,3.2,3.2,3.2,0.0
2020-06-11,3.2,3.2,0.0,3.2,0.0,0.0,0.0,0.0,3.2,3.2,3.2,0.0
2020-06-12,2.9,2.9,-9.375,2.901,36025.0,104522500.0,0.0,0.0,3.4,3.4,2.9,36025.0
2020-06-15,2.9,2.9,0.0,2.9,0.0,0.0,0.0,0.0,2.9,2.9,2.9,0.0
2020-06-16,2.9,2.9,0.0,2.9,0.0,0.0,0.0,0.0,2.9,2.9,2.9,0.0
2020-06-17,2.9,2.9,0.0,2.9,0.0,0.0,0.0,0.0,2.9,2.9,2.9,0.0
2020-06-18,2.9,2.9,0.0,2.9,0.0,0.0,0.0,0.0,2.9,2.9,2.9,0.0
2020-06-19,3.0,3.0,3.4483,2.78,127170.0,353539000.0,0.0,0.0,2.9,3.0,2.7,127170.0
2020-06-22,3.0,3.0,0.0,3.0,0.0,0.0,0.0,0.0,3.0,3.0,3.0,0.0
2020-06-23,3.0,3.0,0.0,3.0,0.0,0.0,0.0,0.0,3.0,3.0,3.0,0.0
2020-06-24,3.0,3.0,0.0,3.0,0.0,0.0,0.0,0.0,3.0,3.0,3.0,0.0
2020-06-25,3.0,3.0,0.0,3.0,0.0,0.0,0.0,0.0,3.0,3.0,3.0,0.0
2020-06-26,3.0,3.0,0.0,2.703,46540.0,125812000.0,0.0,0.0,2.7,3.0,2.7,46540.0
2020-06-29,3.0,3.0,0.0,3.0,0.0,0.0,0.0,0.0,3.0,3.0,3.0,0.0
2020-06-30,3.0,3.0,0.0,3.0,0.0,0.0,0.0,0.0,3.0,3.0,3.0,0.0
2020-07-01,3.0,3.0,0.0,3.0,0.0,0.0,0.0,0.0,3.0,3.0,3.0,0.0
2020-07-02,3.0,3.0,0.0,3.0,0.0,0.0,0.0,0.0,3.0,3.0,3.0,0.0
2020-07-03,3.0,3.0,0.0,2.706,10760.0,29115000.0,0.0,0.0,2.7,3.0,2.7,10760.0
2020-07-06,3.0,3.0,0.0,3.0,0.0,0.0,0.0,0.0,3.0,3.0,3.0,0.0
2020-07-07,3.0,3.0,0.0,3.0,0.0,0.0,0.0,0.0,3.0,3.0,3.0,0.0
2020-07-08,3.0,3.0,0.0,3.0,0.0,0.0,0.0,0.0,3.0,3.0,3.0,0.0
2020-07-09,3.0,3.0,0.0,3.0,0.0,0.0,0.0,0.0,3.0,3.0,3.0,0.0
2020-07-10,2.9,2.9,-3.3333,2.896,25400.0,73560000.0,0.0,0.0,3.0,3.0,2.7,25400.0
2020-07-13,2.9,2.9,0.0,2.9,0.0,0.0,0.0,0.0,2.9,2.9,2.9,0.0
2020-07-14,2.9,2.9,0.0,2.9,0.0,0.0,0.0,0.0,2.9,2.9,2.9,0.0
2020-07-15,2.9,2.9,0.0,2.9,0.0,0.0,0.0,0.0,2.9,2.9,2.9,0.0
2020-07-16,2.9,2.9,0.0,2.9,0.0,0.0,0.0,0.0,2.9,2.9,2.9,0.0
2020-07-17,2.8,2.8,-3.4483,2.8,9810.0,27468000.0,0.0,0.0,2.8,2.8,2.8,9810.0
2020-07-20,2.8,2.8,0.0,2.8,0.0,0.0,0.0,0.0,2.8,2.8,2.8,0.0
2020-07-21,2.8,2.8,0.0,2.8,0.0,0.0,0.0,0.0,2.8,2.8,2.8,0.0
2020-07-22,2.8,2.8,0.0,2.8,0.0,0.0,0.0,0.0,2.8,2.8,2.8,0.0
2020-07-23,2.8,2.8,0.0,2.8,0.0,0.0,0.0,0.0,2.8,2.8,2.8,0.0
2020-07-24,2.9,2.9,3.5714,2.772,28700.0,79560000.0,0.0,0.0,2.9,2.9,2.7,28700.0
2020-07-27,2.9,2.9,0.0,2.9,0.0,0.0,0.0,0.0,2.9,2.9,2.9,0.0
2020-07-28,2.9,2.9,0.0,2.9,0.0,0.0,0.0,0.0,2.9,2.9,2.9,0.0
2020-07-29,2.9,2.9,0.0,2.9,0.0,0.0,0.0,0.0,2.9,2.9,2.9,0.0
2020-07-30,2.9,2.9,0.0,2.9,0.0,0.0,0.0,0.0,2.9,2.9,2.9,0.0
2020-07-31,3.0,3.0,3.4483,2.707,11300.0,30590000.0,0.0,0.0,2.7,3.0,2.7,11300.0
2020-08-03,3.0,3.0,0.0,3.0,0.0,0.0,0.0,0.0,3.0,3.0,3.0,0.0
2020-08-04,3.0,3.0,0.0,3.0,0.0,0.0,0.0,0.0,3.0,3.0,3.0,0.0
2020-08-05,3.0,3.0,0.0,3.0,0.0,0.0,0.0,0.0,3.0,3.0,3.0,0.0
2020-08-06,3.0,3.0,0.0,3.0,0.0,0.0,0.0,0.0,3.0,3.0,3.0,0.0
2020-08-07,2.9,2.9,-3.3333,2.809,14370.0,40359000.0,0.0,0.0,2.9,2.9,2.8,14370.0
2020-08-10,2.9,2.9,0.0,2.9,0.0,0.0,0.0,0.0,2.9,2.9,2.9,0.0
2020-08-11,2.9,2.9,0.0,2.9,0.0,0.0,0.0,0.0,2.9,2.9,2.9,0.0
2020-08-12,2.9,2.9,0.0,2.9,0.0,0.0,0.0,0.0,2.9,2.9,2.9,0.0
2020-08-13,2.9,2.9,0.0,2.9,0.0,0.0,0.0,0.0,2.9,2.9,2.9,0.0
2020-08-14,2.9,2.9,0.0,2.903,3100.0,9000000.0,0.0,0.0,3.0,3.0,2.9,3100.0
2020-08-17,2.9,2.9,0.0,2.9,0.0,0.0,0.0,0.0,2.9,2.9,2.9,0.0
2020-08-18,2.9,2.9,0.0,2.9,0.0,0.0,0.0,0.0,2.9,2.9,2.9,0.0
2020-08-19,2.9,2.9,0.0,2.9,0.0,0.0,0.0,0.0,2.9,2.9,2.9,0.0
2020-08-20,2.9,2.9,0.0,2.9,0.0,0.0,0.0,0.0,2.9,2.9,2.9,0.0
2020-08-21,2.9,2.9,0.0,2.9,58400.0,169360000.0,0.0,0.0,2.9,2.9,2.9,58400.0
2020-08-24,2.9,2.9,0.0,2.9,0.0,0.0,0.0,0.0,2.9,2.9,2.9,0.0
2020-08-25,2.9,2.9,0.0,2.9,0.0,0.0,0.0,0.0,2.9,2.9,2.9,0.0
2020-08-26,2.9,2.9,0.0,2.9,0.0,0.0,0.0,0.0,2.9,2.9,2.9,0.0
2020-08-27,2.9,2.9,0.0,2.9,0.0,0.0,0.0,0.0,2.9,2.9,2.9,0.0
2020-08-28,3.1,3.1,6.8966,3.016,18600.0,56100000.0,0.0,0.0,3.0,3.1,3.0,18600.0
2020-08-31,3.1,3.1,0.0,3.1,0.0,0.0,0.0,0.0,3.1,3.1,3.1,0.0
2020-09-01,3.1,3.1,0.0,3.1,0.0,0.0,0.0,0.0,3.1,3.1,3.1,0.0
2020-09-03,3.1,3.1,0.0,3.1,0.0,0.0,0.0,0.0,3.1,3.1,3.1,0.0
2020-09-04,3.2,3.2,3.2258,3.198,24600.0,78660000.0,0.0,0.0,3.1,3.2,3.1,24600.0
2020-09-07,3.2,3.2,0.0,3.2,0.0,0.0,0.0,0.0,3.2,3.2,3.2,0.0
2020-09-08,3.2,3.2,0.0,3.2,0.0,0.0,0.0,0.0,3.2,3.2,3.2,0.0
2020-09-09,3.2,3.2,0.0,3.2,0.0,0.0,0.0,0.0,3.2,3.2,3.2,0.0
2020-09-10,3.2,3.2,0.0,3.2,0.0,0.0,0.0,0.0,3.2,3.2,3.2,0.0
2020-09-11,3.4,3.4,6.25,3.292,7800.0,25680000.0,0.0,0.0,3.2,3.4,3.2,7800.0
2020-09-14,3.4,3.4,0.0,3.4,0.0,0.0,0.0,0.0,3.4,3.4,3.4,0.0
2020-09-15,3.4,3.4,0.0,3.4,0.0,0.0,0.0,0.0,3.4,3.4,3.4,0.0
2020-09-16,3.4,3.4,0.0,3.4,0.0,0.0,0.0,0.0,3.4,3.4,3.4,0.0
2020-09-17,3.4,3.4,0.0,3.4,0.0,0.0,0.0,0.0,3.4,3.4,3.4,0.0
2020-09-18,3.7,3.7,8.8235,3.603,89010.0,320724000.0,0.0,0.0,3.5,3.7,3.5,89010.0
2020-09-21,3.7,3.7,0.0,3.7,0.0,0.0,0.0,0.0,3.7,3.7,3.7,0.0
2020-09-22,3.7,3.7,0.0,3.7,0.0,0.0,0.0,0.0,3.7,3.7,3.7,0.0
2020-09-23,3.7,3.7,0.0,3.7,0.0,0.0,0.0,0.0,3.7,3.7,3.7,0.0
2020-09-24,3.7,3.7,0.0,3.7,0.0,0.0,0.0,0.0,3.7,3.7,3.7,0.0
2020-09-25,3.7,3.7,0.0,3.7,6500.0,24050000.0,0.0,0.0,3.7,3.7,3.7,6500.0
2020-09-28,3.7,3.7,0.0,3.7,0.0,0.0,0.0,0.0,3.7,3.7,3.7,0.0
2020-09-29,3.7,3.7,0.0,3.7,0.0,0.0,0.0,0.0,3.7,3.7,3.7,0.0
2020-09-30,3.7,3.7,0.0,3.7,0.0,0.0,0.0,0.0,3.7,3.7,3.7,0.0
2020-10-01,3.7,3.7,0.0,3.7,0.0,0.0,0.0,0.0,3.7,3.7,3.7,0.0
2020-10-02,3.7,3.7,0.0,3.565,9506.0,33890400.0,0.0,0.0,3.6,3.7,3.5,9506.0
2020-10-05,3.7,3.7,0.0,3.7,0.0,0.0,0.0,0.0,3.7,3.7,3.7,0.0
2020-10-06,3.7,3.7,0.0,3.7,0.0,0.0,0.0,0.0,3.7,3.7,3.7,0.0
2020-10-07,3.7,3.7,0.0,3.7,0.0,0.0,0.0,0.0,3.7,3.7,3.7,0.0
2020-10-08,3.7,3.7,0.0,3.7,0.0,0.0,0.0,0.0,3.7,3.7,3.7,0.0
2020-10-09,3.7,3.7,0.0,3.54,4800.0,16990000.0,0.0,0.0,3.5,3.7,3.5,4800.0
2020-10-12,3.7,3.7,0.0,3.7,0.0,0.0,0.0,0.0,3.7,3.7,3.7,0.0
2020-10-13,3.7,3.7,0.0,3.7,0.0,0.0,0.0,0.0,3.7,3.7,3.7,0.0
2020-10-14,3.7,3.7,0.0,3.7,0.0,0.0,0.0,0.0,3.7,3.7,3.7,0.0
2020-10-15,3.7,3.7,0.0,3.7,0.0,0.0,0.0,0.0,3.7,3.7,3.7,0.0
2020-10-16,3.4,3.4,-8.1081,3.567,1500.0,5350000.0,0.0,0.0,3.8,3.8,3.4,1500.0
2020-10-19,3.4,3.4,0.0,3.4,0.0,0.0,0.0,0.0,3.4,3.4,3.4,0.0
2020-10-20,3.4,3.4,0.0,3.4,0.0,0.0,0.0,0.0,3.4,3.4,3.4,0.0
2020-10-21,3.4,3.4,0.0,3.4,0.0,0.0,0.0,0.0,3.4,3.4,3.4,0.0
2020-10-22,3.4,3.4,0.0,3.4,0.0,0.0,0.0,0.0,3.4,3.4,3.4,0.0
2020-10-23,3.5,3.5,2.9412,3.5,400.0,1400000.0,0.0,0.0,3.5,3.5,3.5,400.0
2020-10-26,3.5,3.5,0.0,3.5,0.0,0.0,0.0,0.0,3.5,3.5,3.5,0.0
2020-10-27,3.5,3.5,0.0,3.5,0.0,0.0,0.0,0.0,3.5,3.5,3.5,0.0
2020-10-28,3.5,3.5,0.0,3.5,0.0,0.0,0.0,0.0,3.5,3.5,3.5,0.0
2020-10-29,3.5,3.5,0.0,3.5,0.0,0.0,0.0,0.0,3.5,3.5,3.5,0.0
2020-10-30,3.4,3.4,-2.8571,3.4,1200.0,4080000.0,0.0,0.0,3.4,3.4,3.4,1200.0
2020-11-02,3.4,3.4,0.0,3.4,0.0,0.0,0.0,0.0,3.4,3.4,3.4,0.0
2020-11-03,3.4,3.4,0.0,3.4,0.0,0.0,0.0,0.0,3.4,3.4,3.4,0.0
2020-11-04,3.4,3.4,0.0,3.4,0.0,0.0,0.0,0.0,3.4,3.4,3.4,0.0
2020-11-05,3.4,3.4,0.0,3.4,0.0,0.0,0.0,0.0,3.4,3.4,3.4,0.0
2020-11-06,3.5,3.5,2.9412,3.367,1200.0,4040000.0,0.0,0.0,3.1,3.5,3.1,1200.0
2020-11-09,3.5,3.5,0.0,3.5,0.0,0.0,0.0,0.0,3.5,3.5,3.5,0.0
2020-11-10,3.5,3.5,0.0,3.5,0.0,0.0,0.0,0.0,3.5,3.5,3.5,0.0
2020-11-11,3.5,3.5,0.0,3.5,0.0,0.0,0.0,0.0,3.5,3.5,3.5,0.0
2020-11-12,3.5,3.5,0.0,3.5,0.0,0.0,0.0,0.0,3.5,3.5,3.5,0.0
2020-11-13,3.3,3.3,-5.7143,3.225,400.0,1290000.0,0.0,0.0,3.2,3.3,3.2,400.0
2020-11-16,3.3,3.3,0.0,3.3,0.0,0.0,0.0,0.0,3.3,3.3,3.3,0.0
2020-11-17,3.3,3.3,0.0,3.3,0.0,0.0,0.0,0.0,3.3,3.3,3.3,0.0
2020-11-18,3.3,3.3,0.0,3.3,0.0,0.0,0.0,0.0,3.3,3.3,3.3,0.0
2020-11-19,3.3,3.3,0.0,3.3,0.0,0.0,0.0,0.0,3.3,3.3,3.3,0.0
2020-11-20,3.5,3.5,6.0606,3.5,200.0,700000.0,0.0,0.0,3.5,3.5,3.5,200.0
2020-11-23,3.5,3.5,0.0,3.5,0.0,0.0,0.0,0.0,3.5,3.5,3.5,0.0
2020-11-24,3.5,3.5,0.0,3.5,0.0,0.0,0.0,0.0,3.5,3.5,3.5,0.0
2020-11-25,3.5,3.5,0.0,3.5,0.0,0.0,0.0,0.0,3.5,3.5,3.5,0.0
2020-11-26,3.5,3.5,0.0,3.5,0.0,0.0,0.0,0.0,3.5,3.5,3.5,0.0
2020-11-27,3.5,3.5,0.0,3.402,5100.0,17350000.0,0.0,0.0,3.4,3.5,3.4,5100.0
2020-11-30,3.5,3.5,0.0,3.5,0.0,0.0,0.0,0.0,3.5,3.5,3.5,0.0
2020-12-01,3.5,3.5,0.0,3.5,0.0,0.0,0.0,0.0,3.5,3.5,3.5,0.0
2020-12-02,3.5,3.5,0.0,3.5,0.0,0.0,0.0,0.0,3.5,3.5,3.5,0.0
2020-12-03,3.5,3.5,0.0,3.5,0.0,0.0,0.0,0.0,3.5,3.5,3.5,0.0
2020-12-04,3.4,3.4,-2.8571,3.367,1200.0,4040000.0,0.0,0.0,3.2,3.4,3.2,1200.0
2020-12-07,3.4,3.4,0.0,3.4,0.0,0.0,0.0,0.0,3.4,3.4,3.4,0.0
2020-12-08,3.4,3.4,0.0,3.4,0.0,0.0,0.0,0.0,3.4,3.4,3.4,0.0
2020-12-09,3.4,3.4,0.0,3.4,0.0,0.0,0.0,0.0,3.4,3.4,3.4,0.0
2020-12-10,3.4,3.4,0.0,3.4,0.0,0.0,0.0,0.0,3.4,3.4,3.4,0.0
2020-12-11,3.4,3.4,0.0,3.4,0.0,0.0,0.0,0.0,3.4,3.4,3.4,0.0
2020-12-14,3.4,3.4,0.0,3.4,0.0,0.0,0.0,0.0,3.4,3.4,3.4,0.0
2020-12-15,3.4,3.4,0.0,3.4,0.0,0.0,0.0,0.0,3.4,3.4,3.4,0.0
2020-12-16,3.4,3.4,0.0,3.4,0.0,0.0,0.0,0.0,3.4,3.4,3.4,0.0
2020-12-17,3.4,3.4,0.0,3.4,0.0,0.0,0.0,0.0,3.4,3.4,3.4,0.0
2020-12-18,3.2,3.2,-5.8824,3.121,3409.0,10637900.0,0.0,0.0,3.3,3.3,3.1,3409.0
2020-12-21,3.2,3.2,0.0,3.2,0.0,0.0,0.0,0.0,3.2,3.2,3.2,0.0
2020-12-22,3.2,3.2,0.0,3.2,0.0,0.0,0.0,0.0,3.2,3.2,3.2,0.0
2020-12-23,3.2,3.2,0.0,3.2,0.0,0.0,0.0,0.0,3.2,3.2,3.2,0.0
2020-12-24,3.2,3.2,0.0,3.2,0.0,0.0,0.0,0.0,3.2,3.2,3.2,0.0
2020-12-25,3.2,3.2,0.0,2.913,32530.0,94770000.0,0.0,0.0,3.5,3.5,2.9,32530.0
2020-12-28,3.2,3.2,0.0,3.2,0.0,0.0,0.0,0.0,3.2,3.2,3.2,0.0
2020-12-29,3.2,3.2,0.0,3.2,0.0,0.0,0.0,0.0,3.2,3.2,3.2,0.0
2020-12-30,3.2,3.2,0.0,3.2,0.0,0.0,0.0,0.0,3.2,3.2,3.2,0.0
2020-12-31,3.2,3.2,0.0,3.2,0.0,0.0,0.0,0.0,3.2,3.2,3.2,0.0
2021-01-04,3.2,3.2,0.0,3.2,0.0,0.0,0.0,0.0,3.2,3.2,3.2,0.0
2021-01-05,3.2,3.2,0.0,3.2,0.0,0.0,0.0,0.0,3.2,3.2,3.2,0.0
2021-01-06,3.2,3.2,0.0,3.2,0.0,0.0,0.0,0.0,3.2,3.2,3.2,0.0
2021-01-07,3.2,3.2,0.0,3.2,0.0,0.0,0.0,0.0,3.2,3.2,3.2,0.0
2021-01-08,3.4,3.4,6.25,3.101,8620.0,26736000.0,0.0,0.0,3.3,3.4,3.0,8620.0
2021-01-11,3.4,3.4,0.0,3.4,0.0,0.0,0.0,0.0,3.4,3.4,3.4,0.0
2021-01-12,3.4,3.4,0.0,3.4,0.0,0.0,0.0,0.0,3.4,3.4,3.4,0.0
2021-01-13,3.4,3.4,0.0,3.4,0.0,0.0,0.0,0.0,3.4,3.4,3.4,0.0
2021-01-14,3.4,3.4,0.0,3.4,0.0,0.0,0.0,0.0,3.4,3.4,3.4,0.0
2021-01-15,3.4,3.4,0.0,3.397,17200.0,58420000.0,0.0,0.0,3.3,3.4,3.3,17200.0
2021-01-18,3.4,3.4,0.0,3.4,0.0,0.0,0.0,0.0,3.4,3.4,3.4,0.0
2021-01-19,3.4,3.4,0.0,3.4,0.0,0.0,0.0,0.0,3.4,3.4,3.4,0.0
2021-01-20,3.4,3.4,0.0,3.4,0.0,0.0,0.0,0.0,3.4,3.4,3.4,0.0
2021-01-21,3.4,3.4,0.0,3.4,0.0,0.0,0.0,0.0,3.4,3.4,3.4,0.0
2021-01-22,3.4,3.4,0.0,3.218,7300.0,23490000.0,0.0,0.0,3.1,3.4,3.1,7300.0
2021-01-25,3.4,3.4,0.0,3.4,0.0,0.0,0.0,0.0,3.4,3.4,3.4,0.0
2021-01-26,3.4,3.4,0.0,3.4,0.0,0.0,0.0,0.0,3.4,3.4,3.4,0.0
2021-01-27,3.4,3.4,0.0,3.4,0.0,0.0,0.0,0.0,3.4,3.4,3.4,0.0
2021-01-28,3.4,3.4,0.0,3.4,0.0,0.0,0.0,0.0,3.4,3.4,3.4,0.0
2021-01-29,3.3,3.3,-2.9412,3.109,13800.0,42900000.0,0.0,0.0,3.1,3.4,3.1,13800.0
2021-02-01,3.3,3.3,0.0,3.3,0.0,0.0,0.0,0.0,3.3,3.3,3.3,0.0
2021-02-02,3.3,3.3,0.0,3.3,0.0,0.0,0.0,0.0,3.3,3.3,3.3,0.0
2021-02-03,3.3,3.3,0.0,3.3,0.0,0.0,0.0,0.0,3.3,3.3,3.3,0.0
2021-02-04,3.3,3.3,0.0,3.3,0.0,0.0,0.0,0.0,3.3,3.3,3.3,0.0
2021-02-05,3.2,3.2,-3.0303,3.107,7600.0,23610000.0,0.0,0.0,3.1,3.2,3.1,7600.0
2021-02-08,3.2,3.2,0.0,3.2,0.0,0.0,0.0,0.0,3.2,3.2,3.2,0.0
2021-02-09,3.2,3.2,0.0,3.2,0.0,0.0,0.0,0.0,3.2,3.2,3.2,0.0
2021-02-17,3.2,3.2,0.0,3.2,0.0,0.0,0.0,0.0,3.2,3.2,3.2,0.0
2021-02-18,3.2,3.2,0.0,3.2,0.0,0.0,0.0,0.0,3.2,3.2,3.2,0.0
2021-02-19,3.3,3.3,3.125,3.142,27900.0,87650000.0,0.0,0.0,3.2,3.3,3.1,27900.0
2021-02-22,3.3,3.3,0.0,3.3,0.0,0.0,0.0,0.0,3.3,3.3,3.3,0.0
2021-02-23,3.3,3.3,0.0,3.3,0.0,0.0,0.0,0.0,3.3,3.3,3.3,0.0
2021-02-24,3.3,3.3,0.0,3.3,0.0,0.0,0.0,0.0,3.3,3.3,3.3,0.0
2021-02-25,3.3,3.3,0.0,3.3,0.0,0.0,0.0,0.0,3.3,3.3,3.3,0.0
2021-02-26,3.1,3.1,-6.0606,3.1,37000.0,114700000.0,0.0,0.0,3.1,3.1,3.1,37000.0
2021-03-01,3.1,3.1,0.0,3.1,0.0,0.0,0.0,0.0,3.1,3.1,3.1,0.0
2021-03-02,3.1,3.1,0.0,3.1,0.0,0.0,0.0,0.0,3.1,3.1,3.1,0.0
2021-03-03,3.1,3.1,0.0,3.1,0.0,0.0,0.0,0.0,3.1,3.1,3.1,0.0
2021-03-04,3.1,3.1,0.0,3.1,0.0,0.0,0.0,0.0,3.1,3.1,3.1,0.0
2021-03-05,3.4,3.4,9.6774,3.324,14000.0,46540000.0,0.0,0.0,3.1,3.4,3.1,14000.0
2021-03-08,3.4,3.4,0.0,3.4,0.0,0.0,0.0,0.0,3.4,3.4,3.4,0.0
2021-03-09,3.4,3.4,0.0,3.4,0.0,0.0,0.0,0.0,3.4,3.4,3.4,0.0
2021-03-10,3.4,3.4,0.0,3.4,0.0,0.0,0.0,0.0,3.4,3.4,3.4,0.0
2021-03-11,3.4,3.4,0.0,3.4,0.0,0.0,0.0,0.0,3.4,3.4,3.4,0.0
2021-03-12,3.2,3.2,-5.8824,3.21,6900.0,22150000.0,0.0,0.0,3.2,3.3,3.2,6900.0
2021-03-15,3.2,3.2,0.0,3.2,0.0,0.0,0.0,0.0,3.2,3.2,3.2,0.0
2021-03-16,3.2,3.2,0.0,3.2,0.0,0.0,0.0,0.0,3.2,3.2,3.2,0.0
2021-03-17,3.2,3.2,0.0,3.2,0.0,0.0,0.0,0.0,3.2,3.2,3.2,0.0
2021-03-18,3.2,3.2,0.0,3.2,0.0,0.0,0.0,0.0,3.2,3.2,3.2,0.0
2021-03-19,3.3,3.3,3.125,3.132,33940.0,106300000.0,0.0,0.0,3.3,3.3,3.0,33940.0
2021-03-22,3.3,3.3,0.0,3.3,0.0,0.0,0.0,0.0,3.3,3.3,3.3,0.0
2021-03-23,3.3,3.3,0.0,3.3,0.0,0.0,0.0,0.0,3.3,3.3,3.3,0.0
2021-03-24,3.3,3.3,0.0,3.3,0.0,0.0,0.0,0.0,3.3,3.3,3.3,0.0
2021-03-25,3.3,3.3,0.0,3.3,0.0,0.0,0.0,0.0,3.3,3.3,3.3,0.0
2021-03-26,3.3,3.3,0.0,3.3,11300.0,37290000.0,0.0,0.0,3.3,3.3,3.3,11300.0
2021-03-29,3.3,3.3,0.0,3.3,0.0,0.0,0.0,0.0,3.3,3.3,3.3,0.0
2021-03-30,3.3,3.3,0.0,3.3,0.0,0.0,0.0,0.0,3.3,3.3,3.3,0.0
2021-03-31,3.3,3.3,0.0,3.3,0.0,0.0,0.0,0.0,3.3,3.3,3.3,0.0
2021-04-01,3.3,3.3,0.0,3.3,0.0,0.0,0.0,0.0,3.3,3.3,3.3,0.0
2021-04-02,3.6,3.6,9.0909,3.592,94351.0,338835600.0,10.0,30000.0,3.4,3.6,3.4,94361.0
2021-04-05,3.6,3.6,0.0,3.6,0.0,0.0,0.0,0.0,3.6,3.6,3.6,0.0
2021-04-06,3.6,3.6,0.0,3.6,0.0,0.0,0.0,0.0,3.6,3.6,3.6,0.0
2021-04-07,3.6,3.6,0.0,3.6,0.0,0.0,0.0,0.0,3.6,3.6,3.6,0.0
2021-04-08,3.6,3.6,0.0,3.6,0.0,0.0,0.0,0.0,3.6,3.6,3.6,0.0
2021-04-09,3.9,3.9,8.3333,3.9,30807.0,120147300.0,0.0,0.0,3.9,3.9,3.9,30807.0
2021-04-12,3.9,3.9,0.0,3.9,0.0,0.0,0.0,0.0,3.9,3.9,3.9,0.0
2021-04-13,3.9,3.9,0.0,3.9,0.0,0.0,0.0,0.0,3.9,3.9,3.9,0.0
2021-04-14,3.9,3.9,0.0,3.9,0.0,0.0,0.0,0.0,3.9,3.9,3.9,0.0
2021-04-15,3.9,3.9,0.0,3.9,0.0,0.0,0.0,0.0,3.9,3.9,3.9,0.0
2021-04-16,4.2,4.2,7.6923,4.198,56106.0,235545200.0,0.0,0.0,4.2,4.2,4.1,56106.0
2021-04-19,4.2,4.2,0.0,4.2,0.0,0.0,0.0,0.0,4.2,4.2,4.2,0.0
2021-04-20,4.2,4.2,0.0,4.2,0.0,0.0,0.0,0.0,4.2,4.2,4.2,0.0
2021-04-22,4.2,4.2,0.0,4.2,0.0,0.0,0.0,0.0,4.2,4.2,4.2,0.0
2021-04-23,3.8,3.8,-9.5238,3.864,132113.0,510509400.0,0.0,0.0,4.2,4.2,3.8,132113.0
2021-04-26,3.8,3.8,0.0,3.8,0.0,0.0,0.0,0.0,3.8,3.8,3.8,0.0
2021-04-27,3.8,3.8,0.0,3.8,0.0,0.0,0.0,0.0,3.8,3.8,3.8,0.0
2021-04-28,3.8,3.8,0.0,3.8,0.0,0.0,0.0,0.0,3.8,3.8,3.8,0.0
2021-04-29,3.8,3.8,0.0,3.8,0.0,0.0,0.0,0.0,3.8,3.8,3.8,0.0
2021-05-04,3.8,3.8,0.0,3.8,0.0,0.0,0.0,0.0,3.8,3.8,3.8,0.0
2021-05-05,3.8,3.8,0.0,3.8,0.0,0.0,0.0,0.0,3.8,3.8,3.8,0.0
2021-05-06,3.8,3.8,0.0,3.8,0.0,0.0,0.0,0.0,3.8,3.8,3.8,0.0
2021-05-07,3.9,3.9,2.6316,3.519,128700.0,452850000.0,0.0,0.0,3.5,3.9,3.5,128700.0
2021-05-10,3.9,3.9,0.0,3.9,0.0,0.0,0.0,0.0,3.9,3.9,3.9,0.0
2021-05-11,3.9,3.9,0.0,3.9,0.0,0.0,0.0,0.0,3.9,3.9,3.9,0.0
2021-05-12,3.9,3.9,0.0,3.9,0.0,0.0,0.0,0.0,3.9,3.9,3.9,0.0
2021-05-13,3.9,3.9,0.0,3.9,0.0,0.0,0.0,0.0,3.9,3.9,3.9,0.0
2021-05-14,3.6,3.6,-7.6923,3.643,62300.0,226930000.0,80.0,288000.0,3.9,3.9,3.6,62380.0
2021-05-17,3.6,3.6,0.0,3.6,0.0,0.0,0.0,0.0,3.6,3.6,3.6,0.0
2021-05-18,3.6,3.6,0.0,3.6,0.0,0.0,0.0,0.0,3.6,3.6,3.6,0.0
2021-05-19,3.6,3.6,0.0,3.6,0.0,0.0,0.0,0.0,3.6,3.6,3.6,0.0
2021-05-20,3.6,3.6,0.0,3.6,0.0,0.0,0.0,0.0,3.6,3.6,3.6,0.0
2021-05-21,3.5,3.5,-2.7778,3.369,17316.0,58335800.0,0.0,0.0,3.3,3.7,3.3,17316.0
2021-05-24,3.5,3.5,0.0,3.5,0.0,0.0,0.0,0.0,3.5,3.5,3.5,0.0
2021-05-25,3.5,3.5,0.0,3.5,0.0,0.0,0.0,0.0,3.5,3.5,3.5,0.0
2021-05-26,3.5,3.5,0.0,3.5,0.0,0.0,0.0,0.0,3.5,3.5,3.5,0.0
2021-05-27,3.5,3.5,0.0,3.5,0.0,0.0,0.0,0.0,3.5,3.5,3.5,0.0
2021-05-28,3.7,3.7,5.7143,3.35,4813.0,16121600.0,0.0,0.0,3.3,3.7,3.3,4813.0
2021-05-31,3.7,3.7,0.0,3.7,0.0,0.0,0.0,0.0,3.7,3.7,3.7,0.0
2021-06-01,3.7,3.7,0.0,3.7,0.0,0.0,0.0,0.0,3.7,3.7,3.7,0.0
2021-06-02,3.7,3.7,0.0,3.7,0.0,0.0,0.0,0.0,3.7,3.7,3.7,0.0
2021-06-03,3.7,3.7,0.0,3.7,0.0,0.0,0.0,0.0,3.7,3.7,3.7,0.0
2021-06-04,3.6,3.6,0.0,3.427,35560.0,121867500.0,0.0,0.0,3.5,3.6,3.4,35560.0
2021-06-07,3.6,3.6,0.0,3.6,0.0,0.0,0.0,0.0,3.6,3.6,3.6,0.0
2021-06-08,3.6,3.6,0.0,3.6,0.0,0.0,0.0,0.0,3.6,3.6,3.6,0.0
2021-06-09,3.6,3.6,0.0,3.6,0.0,0.0,0.0,0.0,3.6,3.6,3.6,0.0
2021-06-10,3.6,3.6,0.0,3.6,0.0,0.0,0.0,0.0,3.6,3.6,3.6,0.0
2021-06-11,3.4,3.4,-5.5556,3.414,45131.0,154071400.0,0.0,0.0,3.6,3.6,3.4,45131.0
2021-06-14,3.4,3.4,0.0,3.4,0.0,0.0,0.0,0.0,3.4,3.4,3.4,0.0
2021-06-15,3.4,3.4,0.0,3.4,0.0,0.0,0.0,0.0,3.4,3.4,3.4,0.0
2021-06-16,3.4,3.4,0.0,3.4,0.0,0.0,0.0,0.0,3.4,3.4,3.4,0.0
2021-06-17,3.4,3.4,0.0,3.4,0.0,0.0,0.0,0.0,3.4,3.4,3.4,0.0
2021-06-18,3.4,3.4,0.0,3.387,13400.0,45390000.0,0.0,0.0,3.5,3.5,3.3,13400.0
2021-06-21,3.4,3.4,0.0,3.4,0.0,0.0,0.0,0.0,3.4,3.4,3.4,0.0
2021-06-22,3.4,3.4,0.0,3.4,0.0,0.0,0.0,0.0,3.4,3.4,3.4,0.0
2021-06-23,3.4,3.4,0.0,3.4,0.0,0.0,0.0,0.0,3.4,3.4,3.4,0.0
2021-06-24,3.4,3.4,0.0,3.4,0.0,0.0,0.0,0.0,3.4,3.4,3.4,0.0
2021-06-25,3.4,3.4,0.0,3.4,38213.0,129924200.0,0.0,0.0,3.4,3.4,3.4,38213.0
2021-06-28,3.4,3.4,0.0,3.4,0.0,0.0,0.0,0.0,3.4,3.4,3.4,0.0
2021-06-29,3.4,3.4,0.0,3.4,0.0,0.0,0.0,0.0,3.4,3.4,3.4,0.0
2021-06-30,3.4,3.4,0.0,3.4,0.0,0.0,0.0,0.0,3.4,3.4,3.4,0.0
2021-07-01,3.4,3.4,0.0,3.4,0.0,0.0,0.0,0.0,3.4,3.4,3.4,0.0
2021-07-02,3.3,3.3,-2.9412,3.218,124000.0,399020000.0,0.0,0.0,3.3,3.5,3.2,124000.0
2021-07-05,3.3,3.3,0.0,3.3,0.0,0.0,0.0,0.0,3.3,3.3,3.3,0.0
2021-07-06,3.3,3.3,0.0,3.3,0.0,0.0,0.0,0.0,3.3,3.3,3.3,0.0
2021-07-07,3.3,3.3,0.0,3.3,0.0,0.0,0.0,0.0,3.3,3.3,3.3,0.0
2021-07-08,3.3,3.3,0.0,3.3,0.0,0.0,0.0,0.0,3.3,3.3,3.3,0.0
2021-07-09,3.3,3.3,0.0,3.036,16800.0,51000000.0,0.0,0.0,3.1,3.3,3.0,16800.0
2021-07-12,3.3,3.3,0.0,3.3,0.0,0.0,0.0,0.0,3.3,3.3,3.3,0.0
2021-07-13,3.3,3.3,0.0,3.3,0.0,0.0,0.0,0.0,3.3,3.3,3.3,0.0
2021-07-14,3.3,3.3,0.0,3.3,0.0,0.0,0.0,0.0,3.3,3.3,3.3,0.0
2021-07-15,3.3,3.3,0.0,3.3,0.0,0.0,0.0,0.0,3.3,3.3,3.3,0.0
2021-07-16,3.1,3.1,-6.0606,3.107,3013.0,9361600.0,0.0,0.0,3.2,3.2,3.1,3013.0
2021-07-19,3.1,3.1,0.0,3.1,0.0,0.0,0.0,0.0,3.1,3.1,3.1,0.0
2021-07-20,3.1,3.1,0.0,3.1,0.0,0.0,0.0,0.0,3.1,3.1,3.1,0.0
2021-07-21,3.1,3.1,0.0,3.1,0.0,0.0,0.0,0.0,3.1,3.1,3.1,0.0
2021-07-22,3.1,3.1,0.0,3.1,0.0,0.0,0.0,0.0,3.1,3.1,3.1,0.0
2021-07-23,3.2,3.2,3.2258,3.175,19900.0,63180000.0,0.0,0.0,3.3,3.3,3.1,19900.0
2021-07-26,3.2,3.2,0.0,3.2,0.0,0.0,0.0,0.0,3.2,3.2,3.2,0.0
2021-07-27,3.2,3.2,0.0,3.2,0.0,0.0,0.0,0.0,3.2,3.2,3.2,0.0
2021-07-28,3.2,3.2,0.0,3.2,0.0,0.0,0.0,0.0,3.2,3.2,3.2,0.0
2021-07-29,3.2,3.2,0.0,3.2,0.0,0.0,0.0,0.0,3.2,3.2,3.2,0.0
2021-07-30,3.1,3.1,-3.125,2.921,32900.0,96100000.0,0.0,0.0,3.0,3.1,2.9,32900.0
2021-08-02,3.1,3.1,0.0,3.1,0.0,0.0,0.0,0.0,3.1,3.1,3.1,0.0
2021-08-03,3.1,3.1,0.0,3.1,0.0,0.0,0.0,0.0,3.1,3.1,3.1,0.0
2021-08-04,3.1,3.1,0.0,3.1,0.0,0.0,0.0,0.0,3.1,3.1,3.1,0.0
2021-08-05,3.1,3.1,0.0,3.1,0.0,0.0,0.0,0.0,3.1,3.1,3.1,0.0
2021-08-06,2.9,2.9,-6.4516,2.851,178205.0,508145500.0,0.0,0.0,3.1,3.1,2.8,178205.0
2021-08-09,2.9,2.9,0.0,2.9,0.0,0.0,0.0,0.0,2.9,2.9,2.9,0.0
2021-08-10,2.9,2.9,0.0,2.9,0.0,0.0,0.0,0.0,2.9,2.9,2.9,0.0
2021-08-11,2.9,2.9,0.0,2.9,0.0,0.0,0.0,0.0,2.9,2.9,2.9,0.0
2021-08-12,2.9,2.9,0.0,2.9,0.0,0.0,0.0,0.0,2.9,2.9,2.9,0.0
2021-08-13,2.8,2.8,-3.4483,2.924,36205.0,105854000.0,0.0,0.0,3.1,3.1,2.8,36205.0
2021-08-16,2.8,2.8,0.0,2.8,0.0,0.0,0.0,0.0,2.8,2.8,2.8,0.0
2021-08-17,2.8,2.8,0.0,2.8,0.0,0.0,0.0,0.0,2.8,2.8,2.8,0.0
2021-08-18,2.8,2.8,0.0,2.8,0.0,0.0,0.0,0.0,2.8,2.8,2.8,0.0
2021-08-19,2.8,2.8,0.0,2.8,0.0,0.0,0.0,0.0,2.8,2.8,2.8,0.0
2021-08-20,2.9,2.9,3.5714,2.909,34420.0,100127000.0,0.0,0.0,2.8,3.0,2.8,34420.0
2021-08-23,2.9,2.9,0.0,2.9,0.0,0.0,0.0,0.0,2.9,2.9,2.9,0.0
2021-08-24,2.9,2.9,0.0,2.9,0.0,0.0,0.0,0.0,2.9,2.9,2.9,0.0
2021-08-25,2.9,2.9,0.0,2.9,0.0,0.0,0.0,0.0,2.9,2.9,2.9,0.0
2021-08-26,2.9,2.9,0.0,2.9,0.0,0.0,0.0,0.0,2.9,2.9,2.9,0.0
2021-08-27,3.0,3.0,3.4483,2.96,17600.0,52100000.0,0.0,0.0,2.9,3.0,2.9,17600.0
2021-08-30,3.0,3.0,0.0,3.0,0.0,0.0,0.0,0.0,3.0,3.0,3.0,0.0
2021-08-31,3.0,3.0,0.0,3.0,0.0,0.0,0.0,0.0,3.0,3.0,3.0,0.0
2021-09-01,3.0,3.0,0.0,3.0,0.0,0.0,0.0,0.0,3.0,3.0,3.0,0.0
2021-09-06,3.0,3.0,0.0,3.0,0.0,0.0,0.0,0.0,3.0,3.0,3.0,0.0
2021-09-07,3.0,3.0,0.0,3.0,0.0,0.0,0.0,0.0,3.0,3.0,3.0,0.0
2021-09-08,3.0,3.0,0.0,3.0,0.0,0.0,0.0,0.0,3.0,3.0,3.0,0.0
2021-09-09,3.0,3.0,0.0,3.0,0.0,0.0,0.0,0.0,3.0,3.0,3.0,0.0
2021-09-10,3.1,3.1,3.3333,3.164,125310.0,396530000.0,0.0,0.0,3.0,3.3,2.9,125310.0
2021-09-13,3.1,3.1,0.0,3.1,0.0,0.0,0.0,0.0,3.1,3.1,3.1,0.0
2021-09-14,3.1,3.1,0.0,3.1,0.0,0.0,0.0,0.0,3.1,3.1,3.1,0.0
2021-09-15,3.1,3.1,0.0,3.1,0.0,0.0,0.0,0.0,3.1,3.1,3.1,0.0
2021-09-16,3.1,3.1,0.0,3.1,0.0,0.0,0.0,0.0,3.1,3.1,3.1,0.0
2021-09-17,3.4,3.4,9.6774,3.248,172810.0,561311000.0,0.0,0.0,2.9,3.4,2.8,172810.0
2021-09-20,3.4,3.4,0.0,3.4,0.0,0.0,0.0,0.0,3.4,3.4,3.4,0.0
2021-09-21,3.4,3.4,0.0,3.4,0.0,0.0,0.0,0.0,3.4,3.4,3.4,0.0
2021-09-22,3.4,3.4,0.0,3.4,0.0,0.0,0.0,0.0,3.4,3.4,3.4,0.0
2021-09-23,3.4,3.4,0.0,3.4,0.0,0.0,0.0,0.0,3.4,3.4,3.4,0.0
2021-09-24,3.3,3.3,-2.9412,3.292,96400.0,317310000.0,0.0,0.0,3.4,3.5,3.2,96400.0
2021-09-27,3.3,3.3,0.0,3.3,0.0,0.0,0.0,0.0,3.3,3.3,3.3,0.0
2021-09-28,3.3,3.3,0.0,3.3,0.0,0.0,0.0,0.0,3.3,3.3,3.3,0.0
2021-09-29,3.3,3.3,0.0,3.3,0.0,0.0,0.0,0.0,3.3,3.3,3.3,0.0
2021-09-30,3.3,3.3,0.0,3.3,0.0,0.0,0.0,0.0,3.3,3.3,3.3,0.0
2021-10-01,3.2,3.2,-3.0303,3.169,48600.0,153990000.0,0.0,0.0,3.2,3.2,3.1,48600.0
