2016-11-21,13.851,14.1,38.2353,14.198,9400.0,133460000.0,0.0,0.0,14.2,14.2,14.1,9400.0
2016-11-22,13.458,13.7,-3.5211,13.7,400.0,5480000.0,1100.0,13310000.0,13.7,13.7,13.7,1500.0
2016-11-23,11.592,11.8,-13.8686,11.8,4700.0,55460000.0,0.0,0.0,11.8,11.8,11.8,4700.0
2016-11-24,10.02,10.2,-13.5593,10.2,2500.0,25500000.0,0.0,0.0,10.2,10.2,10.2,2500.0
2016-11-25,10.904,11.1,8.8235,11.047,1700.0,18780000.0,0.0,0.0,10.2,11.7,10.2,1700.0
2016-11-28,10.708,10.9,-0.9091,10.9,800.0,8720000.0,0.0,0.0,10.9,10.9,10.9,800.0
2016-11-29,9.136,9.3,-14.6789,9.3,1200.0,11160000.0,0.0,0.0,9.3,9.3,9.3,1200.0
2016-11-30,7.859,8.0,-13.9785,8.0,4600.0,36800000.0,0.0,0.0,8.0,8.0,8.0,4600.0
2016-12-01,8.841,9.0,12.5,9.0,100.0,900000.0,0.0,0.0,9.0,9.0,9.0,100.0
2016-12-02,9.725,9.9,10.0,9.9,1000.0,9900000.0,0.0,0.0,9.9,9.9,9.9,1000.0
2016-12-05,9.725,9.9,0.0,9.9,300.0,2970000.0,0.0,0.0,9.9,9.9,9.9,300.0
2016-12-06,8.841,9.0,-9.0909,9.0,500.0,4500000.0,0.0,0.0,9.0,9.0,9.0,500.0
2016-12-07,8.841,9.0,0.0,9.0,0.0,0.0,0.0,0.0,9.0,9.0,9.0,0.0
2016-12-08,8.35,8.5,-5.5556,8.5,300.0,2550000.0,0.0,0.0,8.5,8.5,8.5,300.0
2016-12-09,8.35,8.5,0.0,8.5,200.0,1700000.0,0.0,0.0,8.5,8.5,8.5,200.0
2016-12-12,8.448,8.6,1.1765,8.6,2000.0,17200000.0,0.0,0.0,8.6,8.6,8.6,2000.0
2016-12-13,8.448,8.6,0.0,8.6,1200.0,10320000.0,0.0,0.0,8.6,8.6,8.6,1200.0
2016-12-14,8.94,9.1,5.814,9.235,2600.0,24010000.0,0.0,0.0,8.6,9.5,8.6,2600.0
2016-12-15,8.841,9.0,-2.1739,9.0,2200.0,19800000.0,0.0,0.0,9.0,9.0,9.0,2200.0
2016-12-16,9.332,9.5,5.5556,9.5,100.0,950000.0,0.0,0.0,9.5,9.5,9.5,100.0
2016-12-19,8.841,9.0,-5.2632,8.856,4500.0,39850000.0,1200.0,10200000.0,8.5,9.5,8.5,5700.0
2016-12-20,8.841,9.0,1.1236,9.0,800.0,7200000.0,2700.0,21600000.0,9.0,9.0,9.0,3500.0
2016-12-21,8.94,9.1,1.1111,9.125,13800.0,125920000.0,0.0,0.0,9.4,9.4,9.0,13800.0
2016-12-22,10.217,10.4,14.2857,9.586,6400.0,61350000.0,0.0,0.0,9.0,10.4,9.0,6400.0
2016-12-23,10.315,10.5,9.375,10.5,1000.0,10500000.0,0.0,0.0,10.5,10.5,10.5,1000.0
2016-12-26,10.315,10.5,0.0,10.538,4700.0,49530000.0,0.0,0.0,9.0,11.0,9.0,4700.0
2016-12-27,10.806,11.0,4.7619,10.446,6100.0,63720000.0,0.0,0.0,10.5,11.0,10.0,6100.0
2016-12-28,10.806,11.0,5.7692,10.676,10300.0,109960000.0,0.0,0.0,10.5,11.0,10.5,10300.0
2016-12-29,10.806,11.0,2.8037,10.817,1800.0,19470000.0,0.0,0.0,10.7,11.0,10.7,1800.0
2016-12-30,10.806,11.0,1.8519,11.067,1800.0,19920000.0,2300.0,23000000.0,11.2,11.2,11.0,4100.0
2017-01-03,10.904,11.1,0.0,11.1,0.0,0.0,0.0,0.0,11.1,11.1,11.1,0.0
2017-01-04,10.708,10.9,-1.8018,10.938,800.0,8750000.0,0.0,0.0,11.2,11.2,10.9,800.0
2017-01-05,10.708,10.9,0.0,10.9,800.0,8720000.0,3800.0,35340000.0,10.9,10.9,10.9,4600.0
2017-01-06,10.217,10.4,-4.5872,10.555,2000.0,21110000.0,1600.0,15200000.0,10.7,10.7,10.4,3600.0
2017-01-09,10.806,11.0,3.7736,10.31,1000.0,10310000.0,0.0,0.0,10.4,11.0,10.1,1000.0
2017-01-10,9.824,10.0,-2.9126,10.125,400.0,4050000.0,0.0,0.0,11.7,11.7,8.8,400.0
2017-01-11,9.627,9.8,-2.9703,9.567,300.0,2870000.0,0.0,0.0,9.1,9.8,9.1,300.0
2017-01-12,9.332,9.5,-1.0417,9.563,800.0,7650000.0,1200.0,10800000.0,9.7,9.7,9.5,2000.0
2017-01-13,10.217,10.4,8.3333,9.976,1700.0,16960000.0,0.0,0.0,9.1,10.4,9.1,1700.0
2017-01-16,10.02,10.2,2.0,10.111,4700.0,47520000.0,0.0,0.0,8.6,10.3,8.6,4700.0
2017-01-17,10.708,10.9,7.9208,10.9,1000.0,10900000.0,0.0,0.0,10.9,10.9,10.9,1000.0
2017-01-18,10.61,10.8,-0.9174,10.33,3000.0,30990000.0,0.0,0.0,10.0,10.8,10.0,3000.0
2017-01-19,11.003,11.2,8.7379,11.2,1000.0,11200000.0,0.0,0.0,11.2,11.2,11.2,1000.0
2017-01-20,10.315,10.5,-6.25,10.5,3000.0,31500000.0,0.0,0.0,10.5,10.5,10.5,3000.0
2017-01-23,9.824,10.0,-4.7619,9.918,1100.0,10910000.0,0.0,0.0,9.9,10.0,9.9,1100.0
2017-01-24,9.824,10.0,1.0101,10.0,1400.0,14000000.0,0.0,0.0,10.0,10.0,10.0,1400.0
2017-01-25,10.315,10.5,5.0,10.779,43000.0,463500000.0,0.0,0.0,10.5,10.8,10.5,43000.0
2017-02-02,10.61,10.8,0.0,10.8,10000.0,108000000.0,0.0,0.0,10.8,10.8,10.8,10000.0
2017-02-03,10.61,10.8,0.0,10.8,0.0,0.0,0.0,0.0,10.8,10.8,10.8,0.0
2017-02-06,10.511,10.7,-0.9259,10.279,1900.0,19530000.0,0.0,0.0,10.2,10.7,10.2,1900.0
2017-02-07,10.02,10.2,-0.9709,10.25,6000.0,61500000.0,0.0,0.0,10.5,10.5,10.2,6000.0
2017-02-08,10.413,10.6,2.9126,10.6,3100.0,32860000.0,0.0,0.0,10.6,10.6,10.6,3100.0
2017-02-09,10.511,10.7,0.9434,10.7,7000.0,74900000.0,0.0,0.0,10.7,10.7,10.7,7000.0
2017-02-10,10.02,10.2,-4.6729,10.486,2100.0,22020000.0,0.0,0.0,10.5,10.5,10.2,2100.0
2017-02-13,10.315,10.5,0.0,10.5,2000.0,21000000.0,2300.0,20700000.0,10.5,10.5,10.5,4300.0
2017-02-14,10.217,10.4,-0.9524,10.4,900.0,9360000.0,600.0,5400000.0,10.4,10.4,10.4,1500.0
2017-02-15,10.118,10.3,-0.9615,10.3,10000.0,103000000.0,0.0,0.0,10.3,10.3,10.3,10000.0
2017-02-16,10.61,10.8,4.8544,10.528,3200.0,33690000.0,0.0,0.0,10.5,10.8,10.5,3200.0
2017-02-17,10.118,10.3,-1.9048,10.3,2500.0,25750000.0,0.0,0.0,10.3,10.3,10.3,2500.0
2017-02-20,10.118,10.3,0.0,10.3,0.0,0.0,0.0,0.0,10.3,10.3,10.3,0.0
2017-02-21,9.922,10.1,-1.9417,10.05,400.0,4020000.0,0.0,0.0,10.0,10.1,10.0,400.0
2017-02-22,9.824,10.0,-0.9901,10.008,1300.0,13010000.0,0.0,0.0,10.1,10.1,10.0,1300.0
2017-02-23,9.824,10.0,0.0,10.0,0.0,0.0,0.0,0.0,10.0,10.0,10.0,0.0
2017-02-24,9.824,10.0,0.0,10.0,1200.0,12000000.0,0.0,0.0,10.0,10.0,10.0,1200.0
2017-02-27,9.824,10.0,0.0,10.0,400.0,4000000.0,0.0,0.0,10.0,10.0,10.0,400.0
2017-02-28,8.841,9.0,-10.0,9.0,400.0,3600000.0,400.0,3600000.0,9.0,9.0,9.0,800.0
2017-03-01,8.841,9.0,0.0,9.0,0.0,0.0,0.0,0.0,9.0,9.0,9.0,0.0
2017-03-02,8.841,9.0,0.0,9.0,0.0,0.0,0.0,0.0,9.0,9.0,9.0,0.0
2017-03-03,9.431,9.6,6.6667,9.218,1100.0,10140000.0,0.0,0.0,9.0,9.6,9.0,1100.0
2017-03-06,9.038,9.2,0.0,9.2,0.0,0.0,0.0,0.0,9.2,9.2,9.2,0.0
2017-03-07,9.038,9.2,0.0,9.2,0.0,0.0,0.0,0.0,9.2,9.2,9.2,0.0
2017-03-08,9.038,9.2,0.0,9.2,0.0,0.0,0.0,0.0,9.2,9.2,9.2,0.0
2017-03-09,8.841,9.0,-2.1739,9.0,500.0,4500000.0,0.0,0.0,9.0,9.0,9.0,500.0
2017-03-10,8.841,9.0,0.0,9.0,0.0,0.0,0.0,0.0,9.0,9.0,9.0,0.0
2017-03-13,8.35,8.5,-5.5556,8.522,6700.0,57100000.0,1200.0,10200000.0,9.5,9.5,8.5,7900.0
2017-03-14,9.332,9.5,11.7647,9.5,300.0,2850000.0,0.0,0.0,9.5,9.5,9.5,300.0
2017-03-15,9.824,10.0,5.2632,10.0,1500.0,15000000.0,800.0,6800000.0,10.0,10.0,10.0,2300.0
2017-03-16,9.824,10.0,0.0,10.0,400.0,4000000.0,0.0,0.0,10.0,10.0,10.0,400.0
2017-03-17,8.35,8.5,-15.0,9.912,1700.0,16850000.0,0.0,0.0,10.0,10.0,8.5,1700.0
2017-03-20,8.35,8.5,-14.1414,9.945,9100.0,90500000.0,0.0,0.0,10.0,10.0,8.5,9100.0
2017-03-21,9.824,10.0,1.0101,10.0,3000.0,30000000.0,0.0,0.0,10.0,10.0,10.0,3000.0
2017-03-22,9.725,9.9,-1.0,9.967,3000.0,29900000.0,0.0,0.0,10.0,10.0,9.9,3000.0
2017-03-23,9.725,9.9,-1.0,9.983,3600.0,35940000.0,0.0,0.0,10.0,10.0,9.9,3600.0
2017-03-24,9.922,10.1,1.0,9.949,4900.0,48750000.0,0.0,0.0,10.0,10.1,9.9,4900.0
2017-03-27,9.824,10.0,1.0101,10.0,3000.0,30000000.0,0.0,0.0,10.0,10.0,10.0,3000.0
2017-03-28,9.824,10.0,0.0,10.0,0.0,0.0,0.0,0.0,10.0,10.0,10.0,0.0
2017-03-29,9.922,10.1,1.0,9.955,1100.0,10950000.0,0.0,0.0,8.5,10.1,8.5,1100.0
2017-03-30,9.824,10.0,0.0,10.0,600.0,6000000.0,0.0,0.0,10.0,10.0,10.0,600.0
2017-03-31,9.824,10.0,0.0,10.0,400.0,4000000.0,0.0,0.0,10.0,10.0,10.0,400.0
2017-04-03,8.448,8.6,-14.0,8.6,100.0,860000.0,0.0,0.0,8.6,8.6,8.6,100.0
2017-04-04,8.448,8.6,0.0,8.6,0.0,0.0,0.0,0.0,8.6,8.6,8.6,0.0
2017-04-05,9.627,9.8,13.9535,9.8,100.0,980000.0,0.0,0.0,9.8,9.8,9.8,100.0
2017-04-07,9.824,10.0,2.0408,10.0,1000.0,10000000.0,0.0,0.0,10.0,10.0,10.0,1000.0
2017-04-10,9.824,10.0,0.0,10.0,900.0,9000000.0,0.0,0.0,10.0,10.0,10.0,900.0
2017-04-11,9.824,10.0,0.0,10.0,0.0,0.0,2300.0,19780000.0,10.0,10.0,10.0,2300.0
2017-04-12,9.824,10.0,0.0,10.0,1000.0,10000000.0,0.0,0.0,10.0,10.0,10.0,1000.0
2017-04-13,9.922,10.1,1.0,10.091,2200.0,22200000.0,0.0,0.0,10.0,10.1,10.0,2200.0
2017-04-14,9.922,10.1,0.0,10.1,0.0,0.0,0.0,0.0,10.1,10.1,10.1,0.0
2017-04-17,8.645,8.8,-12.8713,8.8,100.0,880000.0,0.0,0.0,8.8,8.8,8.8,100.0
2017-04-18,8.645,8.8,0.0,8.8,0.0,0.0,0.0,0.0,8.8,8.8,8.8,0.0
2017-04-19,9.725,9.9,12.5,9.9,100.0,990000.0,0.0,0.0,9.9,9.9,9.9,100.0
2017-04-20,8.841,9.0,-9.0909,8.9,300.0,2670000.0,0.0,0.0,8.7,9.0,8.7,300.0
2017-04-21,8.743,8.9,0.0,8.9,0.0,0.0,0.0,0.0,8.9,8.9,8.9,0.0
2017-04-24,8.743,8.9,0.0,8.9,0.0,0.0,0.0,0.0,8.9,8.9,8.9,0.0
2017-04-25,8.35,8.5,-4.4944,8.5,800.0,6800000.0,1500.0,13500000.0,8.5,8.5,8.5,2300.0
2017-04-26,8.35,8.5,0.0,8.5,0.0,0.0,0.0,0.0,8.5,8.5,8.5,0.0
2017-04-27,9.529,9.7,14.1176,9.7,400.0,3880000.0,0.0,0.0,9.7,9.7,9.7,400.0
2017-04-28,9.824,10.0,3.0928,10.0,100.0,1000000.0,0.0,0.0,10.0,10.0,10.0,100.0
2017-05-03,9.824,10.0,0.0,10.182,1100.0,11200000.0,0.0,0.0,10.2,10.2,10.0,1100.0
2017-05-04,10.02,10.2,0.0,10.2,0.0,0.0,0.0,0.0,10.2,10.2,10.2,0.0
2017-05-05,10.02,10.2,0.0,10.2,0.0,0.0,0.0,0.0,10.2,10.2,10.2,0.0
2017-05-08,8.645,8.8,-13.7255,8.8,100.0,880000.0,0.0,0.0,8.8,8.8,8.8,100.0
2017-05-09,7.368,7.5,-14.7727,7.5,100.0,750000.0,0.0,0.0,7.5,7.5,7.5,100.0
2017-05-10,8.448,8.6,14.6667,8.6,100.0,860000.0,0.0,0.0,8.6,8.6,8.6,100.0
2017-05-11,9.529,9.7,12.7907,9.7,100.0,970000.0,0.0,0.0,9.7,9.7,9.7,100.0
2017-05-12,8.154,8.3,-14.433,8.3,100.0,830000.0,0.0,0.0,8.3,8.3,8.3,100.0
2017-05-15,8.154,8.3,0.0,8.3,0.0,0.0,0.0,0.0,8.3,8.3,8.3,0.0
2017-05-16,8.154,8.3,0.0,8.3,0.0,0.0,0.0,0.0,8.3,8.3,8.3,0.0
2017-05-17,8.154,8.3,0.0,8.3,0.0,0.0,1100.0,8800000.0,8.3,8.3,8.3,1100.0
2017-05-18,8.154,8.3,0.0,8.3,0.0,0.0,0.0,0.0,8.3,8.3,8.3,0.0
2017-05-19,8.154,8.3,0.0,8.3,0.0,0.0,0.0,0.0,8.3,8.3,8.3,0.0
2017-05-22,8.154,8.3,0.0,8.3,0.0,0.0,0.0,0.0,8.3,8.3,8.3,0.0
2017-05-23,7.859,8.0,-3.6145,8.0,1000.0,8000000.0,0.0,0.0,8.0,8.0,8.0,1000.0
2017-05-24,7.859,8.0,0.0,8.0,0.0,0.0,0.0,0.0,8.0,8.0,8.0,0.0
2017-05-25,7.859,8.0,0.0,8.0,0.0,0.0,0.0,0.0,8.0,8.0,8.0,0.0
2017-05-26,9.038,9.2,15.0,9.2,500.0,4600000.0,0.0,0.0,9.2,9.2,9.2,500.0
2017-05-29,9.038,9.2,0.0,9.2,0.0,0.0,0.0,0.0,9.2,9.2,9.2,0.0
2017-05-30,9.627,9.8,6.5217,9.804,5400.0,52940000.0,0.0,0.0,9.8,10.0,9.8,5400.0
2017-05-31,10.315,10.5,7.1429,10.45,1000.0,10450000.0,0.0,0.0,10.5,10.5,10.3,1000.0
2017-06-01,10.315,10.5,0.0,10.5,0.0,0.0,0.0,0.0,10.5,10.5,10.5,0.0
2017-06-02,10.315,10.5,0.0,10.5,0.0,0.0,0.0,0.0,10.5,10.5,10.5,0.0
2017-06-05,10.315,10.5,0.0,10.5,0.0,0.0,0.0,0.0,10.5,10.5,10.5,0.0
2017-06-06,9.922,10.1,-3.8095,10.1,200.0,2020000.0,0.0,0.0,10.1,10.1,10.1,200.0
2017-06-07,9.038,9.2,-8.9109,9.2,100.0,920000.0,0.0,0.0,9.2,9.2,9.2,100.0
2017-06-08,7.859,8.0,-13.0435,8.0,100.0,800000.0,0.0,0.0,8.0,8.0,8.0,100.0
2017-06-09,9.038,9.2,15.0,9.2,400.0,3680000.0,0.0,0.0,9.2,9.2,9.2,400.0
2017-06-12,9.038,9.2,0.0,9.2,0.0,0.0,0.0,0.0,9.2,9.2,9.2,0.0
2017-06-13,8.35,8.5,-7.6087,8.083,600.0,4850000.0,683000.0,5396000000.0,8.0,8.5,8.0,683600.0
2017-06-14,7.957,8.1,0.0,8.1,0.0,0.0,2120000.0,14628000000.0,8.1,8.1,8.1,2120000.0
2017-06-15,7.957,8.1,0.0,8.1,0.0,0.0,0.0,0.0,8.1,8.1,8.1,0.0
2017-06-16,7.957,8.1,0.0,8.092,6600.0,53410000.0,0.0,0.0,8.1,8.1,8.0,6600.0
2017-06-19,7.957,8.1,0.0,8.1,1000.0,8100000.0,0.0,0.0,8.1,8.1,8.1,1000.0
2017-06-20,7.957,8.1,0.0,8.1,0.0,0.0,0.0,0.0,8.1,8.1,8.1,0.0
2017-06-21,8.841,9.0,11.1111,9.0,100.0,900000.0,0.0,0.0,9.0,9.0,9.0,100.0
2017-06-22,8.841,9.0,0.0,9.0,0.0,0.0,0.0,0.0,9.0,9.0,9.0,0.0
2017-06-23,8.841,9.0,0.0,9.0,0.0,0.0,0.0,0.0,9.0,9.0,9.0,0.0
2017-06-26,8.841,9.0,0.0,9.0,0.0,0.0,0.0,0.0,9.0,9.0,9.0,0.0
2017-06-27,7.957,8.1,-10.0,8.1,100.0,810000.0,0.0,0.0,8.1,8.1,8.1,100.0
2017-06-28,8.35,8.5,4.9383,8.5,700.0,5950000.0,0.0,0.0,8.5,8.5,8.5,700.0
2017-06-29,9.332,9.5,11.7647,9.5,100.0,950000.0,0.0,0.0,9.5,9.5,9.5,100.0
2017-06-30,9.332,9.5,0.0,9.5,0.0,0.0,0.0,0.0,9.5,9.5,9.5,0.0
2017-07-03,7.957,8.1,-14.7368,8.1,500.0,4050000.0,0.0,0.0,8.1,8.1,8.1,500.0
2017-07-04,8.252,8.4,3.7037,8.4,100.0,840000.0,1300.0,10400000.0,8.4,8.4,8.4,1400.0
2017-07-05,9.431,9.6,14.2857,9.6,100.0,960000.0,0.0,0.0,9.6,9.6,9.6,100.0
2017-07-06,8.055,8.2,-14.5833,8.243,3700.0,30500000.0,0.0,0.0,8.3,8.3,8.2,3700.0
2017-07-07,8.252,8.4,2.439,8.4,100.0,840000.0,0.0,0.0,8.4,8.4,8.4,100.0
2017-07-10,8.252,8.4,0.0,8.4,0.0,0.0,0.0,0.0,8.4,8.4,8.4,0.0
2017-07-11,9.234,9.4,11.9048,9.4,100.0,940000.0,0.0,0.0,9.4,9.4,9.4,100.0
2017-07-12,10.217,10.4,10.6383,9.667,300.0,2900000.0,0.0,0.0,10.5,10.5,8.1,300.0
2017-07-13,8.252,8.4,-13.4021,8.347,1500.0,12520000.0,0.0,0.0,8.4,8.4,8.3,1500.0
2017-07-14,8.154,8.3,0.0,8.3,0.0,0.0,0.0,0.0,8.3,8.3,8.3,0.0
2017-07-17,8.154,8.3,0.0,8.3,0.0,0.0,0.0,0.0,8.3,8.3,8.3,0.0
2017-07-18,8.154,8.3,0.0,8.3,0.0,0.0,0.0,0.0,8.3,8.3,8.3,0.0
2017-07-19,8.154,8.3,0.0,8.3,0.0,0.0,6200000.0,50575000000.0,8.3,8.3,8.3,6200000.0
2017-07-20,8.154,8.3,0.0,8.3,0.0,0.0,0.0,0.0,8.3,8.3,8.3,0.0
2017-07-21,8.743,8.9,7.2289,8.9,1600.0,14240000.0,0.0,0.0,8.9,8.9,8.9,1600.0
2017-07-24,8.743,8.9,0.0,8.9,0.0,0.0,0.0,0.0,8.9,8.9,8.9,0.0
2017-07-25,8.743,8.9,0.0,8.9,0.0,0.0,0.0,0.0,8.9,8.9,8.9,0.0
2017-07-26,9.431,9.6,7.8652,9.8,300.0,2940000.0,0.0,0.0,10.2,10.2,9.6,300.0
2017-07-27,10.217,10.4,6.1224,10.4,100.0,1040000.0,0.0,0.0,10.4,10.4,10.4,100.0
2017-07-28,9.234,9.4,-9.6154,9.4,100.0,940000.0,0.0,0.0,9.4,9.4,9.4,100.0
2017-07-31,9.234,9.4,0.0,9.4,0.0,0.0,0.0,0.0,9.4,9.4,9.4,0.0
2017-08-01,9.234,9.4,0.0,9.4,0.0,0.0,0.0,0.0,9.4,9.4,9.4,0.0
2017-08-02,9.234,9.4,0.0,9.4,0.0,0.0,0.0,0.0,9.4,9.4,9.4,0.0
2017-08-03,9.234,9.4,0.0,9.4,0.0,0.0,0.0,0.0,9.4,9.4,9.4,0.0
2017-08-04,7.859,8.0,-14.8936,8.0,800.0,6400000.0,0.0,0.0,8.0,8.0,8.0,800.0
2017-08-07,7.859,8.0,0.0,8.0,0.0,0.0,0.0,0.0,8.0,8.0,8.0,0.0
2017-08-08,7.859,8.0,0.0,8.0,0.0,0.0,0.0,0.0,8.0,8.0,8.0,0.0
2017-08-09,9.038,9.2,15.0,9.2,100.0,920000.0,0.0,0.0,9.2,9.2,9.2,100.0
2017-08-10,8.841,9.0,-2.1739,9.0,100.0,900000.0,0.0,0.0,9.0,9.0,9.0,100.0
2017-08-11,8.841,9.0,0.0,9.0,0.0,0.0,0.0,0.0,9.0,9.0,9.0,0.0
2017-08-14,8.841,9.0,0.0,9.0,0.0,0.0,0.0,0.0,9.0,9.0,9.0,0.0
2017-08-15,8.841,9.0,0.0,9.0,0.0,0.0,0.0,0.0,9.0,9.0,9.0,0.0
2017-08-16,8.547,8.7,-3.3333,8.7,200.0,1740000.0,0.0,0.0,8.7,8.7,8.7,200.0
2017-08-17,8.547,8.7,0.0,8.7,0.0,0.0,0.0,0.0,8.7,8.7,8.7,0.0
2017-08-18,8.547,8.7,0.0,8.7,100.0,870000.0,0.0,0.0,8.7,8.7,8.7,100.0
2017-08-21,8.547,8.7,0.0,8.7,0.0,0.0,0.0,0.0,8.7,8.7,8.7,0.0
2017-08-22,8.547,8.7,0.0,8.7,0.0,0.0,0.0,0.0,8.7,8.7,8.7,0.0
2017-08-23,8.547,8.7,0.0,8.7,0.0,0.0,0.0,0.0,8.7,8.7,8.7,0.0
2017-08-24,8.547,8.7,0.0,8.7,0.0,0.0,0.0,0.0,8.7,8.7,8.7,0.0
2017-08-25,8.448,8.6,-1.1494,8.6,100.0,860000.0,0.0,0.0,8.6,8.6,8.6,100.0
2017-08-28,8.448,8.6,0.0,8.6,0.0,0.0,0.0,0.0,8.6,8.6,8.6,0.0
2017-08-29,7.859,8.0,-6.9767,8.0,100.0,800000.0,0.0,0.0,8.0,8.0,8.0,100.0
2017-08-30,8.35,8.5,6.25,8.0,200.0,1600000.0,0.0,0.0,7.5,8.5,7.5,200.0
2017-08-31,7.859,8.0,0.0,8.0,0.0,0.0,0.0,0.0,8.0,8.0,8.0,0.0
2017-09-01,8.841,9.0,12.5,9.0,100.0,900000.0,0.0,0.0,9.0,9.0,9.0,100.0
2017-09-05,8.841,9.0,0.0,9.0,0.0,0.0,0.0,0.0,9.0,9.0,9.0,0.0
2017-09-06,8.841,9.0,0.0,9.0,0.0,0.0,0.0,0.0,9.0,9.0,9.0,0.0
2017-09-07,8.743,8.9,-1.1111,8.9,100.0,890000.0,0.0,0.0,8.9,8.9,8.9,100.0
2017-09-08,8.743,8.9,0.0,8.9,0.0,0.0,1100.0,9350000.0,8.9,8.9,8.9,1100.0
2017-09-11,8.743,8.9,0.0,8.9,0.0,0.0,0.0,0.0,8.9,8.9,8.9,0.0
2017-09-12,8.743,8.9,0.0,8.9,0.0,0.0,0.0,0.0,8.9,8.9,8.9,0.0
2017-09-13,8.743,8.9,0.0,8.9,0.0,0.0,700.0,5600000.0,8.9,8.9,8.9,700.0
2017-09-14,8.743,8.9,0.0,8.9,0.0,0.0,0.0,0.0,8.9,8.9,8.9,0.0
2017-09-15,8.743,8.9,0.0,8.9,0.0,0.0,0.0,0.0,8.9,8.9,8.9,0.0
2017-09-18,8.743,8.9,0.0,8.9,0.0,0.0,0.0,0.0,8.9,8.9,8.9,0.0
2017-09-19,8.743,8.9,0.0,8.9,0.0,0.0,0.0,0.0,8.9,8.9,8.9,0.0
2017-09-20,8.743,8.9,0.0,8.9,0.0,0.0,0.0,0.0,8.9,8.9,8.9,0.0
2017-09-21,8.743,8.9,0.0,8.9,0.0,0.0,0.0,0.0,8.9,8.9,8.9,0.0
2017-09-22,8.743,8.9,0.0,8.9,0.0,0.0,0.0,0.0,8.9,8.9,8.9,0.0
2017-09-25,8.743,8.9,0.0,8.9,0.0,0.0,0.0,0.0,8.9,8.9,8.9,0.0
2017-09-26,8.743,8.9,0.0,8.9,0.0,0.0,0.0,0.0,8.9,8.9,8.9,0.0
2017-09-27,8.743,8.9,0.0,8.9,0.0,0.0,0.0,0.0,8.9,8.9,8.9,0.0
2017-09-28,8.743,8.9,0.0,8.9,0.0,0.0,0.0,0.0,8.9,8.9,8.9,0.0
2017-09-29,8.743,8.9,0.0,8.9,0.0,0.0,0.0,0.0,8.9,8.9,8.9,0.0
2017-10-02,8.743,8.9,0.0,8.9,0.0,0.0,0.0,0.0,8.9,8.9,8.9,0.0
2017-10-03,8.743,8.9,0.0,8.9,0.0,0.0,0.0,0.0,8.9,8.9,8.9,0.0
2017-10-04,8.743,8.9,0.0,8.9,0.0,0.0,500.0,4000000.0,8.9,8.9,8.9,500.0
2017-10-05,8.743,8.9,0.0,8.9,0.0,0.0,0.0,0.0,8.9,8.9,8.9,0.0
2017-10-06,8.743,8.9,0.0,8.9,0.0,0.0,0.0,0.0,8.9,8.9,8.9,0.0
2017-10-09,8.743,8.9,0.0,8.9,0.0,0.0,0.0,0.0,8.9,8.9,8.9,0.0
2017-10-10,9.824,10.0,12.3596,10.0,100.0,1000000.0,0.0,0.0,10.0,10.0,10.0,100.0
2017-10-11,9.824,10.0,0.0,10.0,0.0,0.0,0.0,0.0,10.0,10.0,10.0,0.0
2017-10-12,9.824,10.0,0.0,10.0,0.0,0.0,0.0,0.0,10.0,10.0,10.0,0.0
2017-10-13,9.824,10.0,0.0,10.0,0.0,0.0,0.0,0.0,10.0,10.0,10.0,0.0
2017-10-16,9.824,10.0,0.0,9.681,5300.0,51310000.0,0.0,0.0,10.2,10.2,9.0,5300.0
2017-10-17,9.824,10.0,3.0928,10.0,1100.0,11000000.0,0.0,0.0,10.0,10.0,10.0,1100.0
2017-10-18,9.824,10.0,0.0,10.0,0.0,0.0,0.0,0.0,10.0,10.0,10.0,0.0
2017-10-19,9.824,10.0,0.0,10.0,0.0,0.0,0.0,0.0,10.0,10.0,10.0,0.0
2017-10-20,9.824,10.0,0.0,10.0,0.0,0.0,0.0,0.0,10.0,10.0,10.0,0.0
2017-10-23,9.824,10.0,0.0,10.0,0.0,0.0,0.0,0.0,10.0,10.0,10.0,0.0
2017-10-24,9.824,10.0,0.0,10.0,0.0,0.0,0.0,0.0,10.0,10.0,10.0,0.0
2017-10-25,9.824,10.0,0.0,10.0,0.0,0.0,0.0,0.0,10.0,10.0,10.0,0.0
2017-10-26,9.824,10.0,0.0,10.0,0.0,0.0,0.0,0.0,10.0,10.0,10.0,0.0
2017-10-27,9.824,10.0,0.0,10.0,0.0,0.0,0.0,0.0,10.0,10.0,10.0,0.0
2017-10-30,9.824,10.0,0.0,10.0,0.0,0.0,0.0,0.0,10.0,10.0,10.0,0.0
2017-10-31,9.824,10.0,0.0,10.0,0.0,0.0,0.0,0.0,10.0,10.0,10.0,0.0
2017-11-01,9.824,10.0,0.0,10.0,0.0,0.0,400.0,3400000.0,10.0,10.0,10.0,400.0
2017-11-02,9.725,9.9,-1.0,9.9,100.0,990000.0,0.0,0.0,9.9,9.9,9.9,100.0
2017-11-03,9.725,9.9,0.0,9.9,0.0,0.0,0.0,0.0,9.9,9.9,9.9,0.0
2017-11-06,8.35,8.5,-14.1414,8.5,100.0,850000.0,0.0,0.0,8.5,8.5,8.5,100.0
2017-11-07,7.171,7.3,-14.1176,7.3,100.0,730000.0,0.0,0.0,7.3,7.3,7.3,100.0
2017-11-08,7.27,7.4,1.3699,7.5,2300.0,17250000.0,0.0,0.0,8.3,8.3,7.4,2300.0
2017-11-09,7.368,7.5,0.0,7.5,0.0,0.0,0.0,0.0,7.5,7.5,7.5,0.0
2017-11-10,7.368,7.5,0.0,7.5,600.0,4500000.0,0.0,0.0,7.5,7.5,7.5,600.0
2017-11-13,7.368,7.5,0.0,7.5,0.0,0.0,0.0,0.0,7.5,7.5,7.5,0.0
2017-11-14,7.368,7.5,0.0,7.5,0.0,0.0,0.0,0.0,7.5,7.5,7.5,0.0
2017-11-15,7.859,8.0,6.6667,8.0,300.0,2400000.0,0.0,0.0,8.0,8.0,8.0,300.0
2017-11-16,7.859,8.0,0.0,8.0,0.0,0.0,0.0,0.0,8.0,8.0,8.0,0.0
2017-11-17,7.859,8.0,0.0,8.0,0.0,0.0,0.0,0.0,8.0,8.0,8.0,0.0
2017-11-20,7.859,8.0,0.0,8.0,0.0,0.0,0.0,0.0,8.0,8.0,8.0,0.0
2017-11-21,7.859,8.0,0.0,8.0,0.0,0.0,0.0,0.0,8.0,8.0,8.0,0.0
2017-11-22,7.859,8.0,0.0,8.0,0.0,0.0,0.0,0.0,8.0,8.0,8.0,0.0
2017-11-23,7.859,8.0,0.0,8.0,0.0,0.0,0.0,0.0,8.0,8.0,8.0,0.0
2017-11-24,7.859,8.0,0.0,8.0,0.0,0.0,0.0,0.0,8.0,8.0,8.0,0.0
2017-11-27,7.859,8.0,0.0,8.0,0.0,0.0,0.0,0.0,8.0,8.0,8.0,0.0
2017-11-28,7.859,8.0,0.0,8.0,0.0,0.0,0.0,0.0,8.0,8.0,8.0,0.0
2017-11-29,8.645,8.8,10.0,8.156,1600.0,13050000.0,0.0,0.0,6.8,8.8,6.8,1600.0
2017-11-30,8.35,8.5,3.6585,8.5,2000.0,17000000.0,0.0,0.0,8.5,8.5,8.5,2000.0
2017-12-01,8.841,9.0,5.8824,9.0,2000.0,18000000.0,0.0,0.0,9.0,9.0,9.0,2000.0
2017-12-04,9.725,9.9,10.0,9.148,2100.0,19210000.0,0.0,0.0,7.7,9.9,7.7,2100.0
2017-12-05,7.662,7.8,-14.2857,9.527,1100.0,10480000.0,0.0,0.0,9.7,9.7,7.8,1100.0
2017-12-06,9.332,9.5,0.0,9.5,0.0,0.0,0.0,0.0,9.5,9.5,9.5,0.0
2017-12-07,9.332,9.5,0.0,9.5,0.0,0.0,0.0,0.0,9.5,9.5,9.5,0.0
2017-12-08,9.332,9.5,0.0,9.5,0.0,0.0,0.0,0.0,9.5,9.5,9.5,0.0
2017-12-11,9.332,9.5,0.0,9.5,0.0,0.0,0.0,0.0,9.5,9.5,9.5,0.0
2017-12-12,9.332,9.5,0.0,9.5,0.0,0.0,0.0,0.0,9.5,9.5,9.5,0.0
2017-12-13,8.841,9.0,-5.2632,9.0,200.0,1800000.0,0.0,0.0,9.0,9.0,9.0,200.0
2017-12-14,8.841,9.0,0.0,9.0,0.0,0.0,0.0,0.0,9.0,9.0,9.0,0.0
2017-12-15,8.841,9.0,0.0,9.0,0.0,0.0,0.0,0.0,9.0,9.0,9.0,0.0
2017-12-18,8.841,9.0,0.0,9.0,0.0,0.0,0.0,0.0,9.0,9.0,9.0,0.0
2017-12-19,8.841,9.0,0.0,9.0,0.0,0.0,0.0,0.0,9.0,9.0,9.0,0.0
2017-12-20,8.841,9.0,0.0,9.0,0.0,0.0,0.0,0.0,9.0,9.0,9.0,0.0
2017-12-21,8.841,9.0,0.0,9.0,0.0,0.0,0.0,0.0,9.0,9.0,9.0,0.0
2017-12-22,9.038,9.2,2.2222,9.2,2000.0,18400000.0,0.0,0.0,9.2,9.2,9.2,2000.0
2017-12-25,10.02,10.2,10.8696,10.2,2000.0,20400000.0,0.0,0.0,10.2,10.2,10.2,2000.0
2017-12-26,10.02,10.2,0.0,10.2,0.0,0.0,0.0,0.0,10.2,10.2,10.2,0.0
2017-12-27,10.02,10.2,0.0,10.2,0.0,0.0,0.0,0.0,10.2,10.2,10.2,0.0
2017-12-28,10.02,10.2,0.0,10.2,0.0,0.0,0.0,0.0,10.2,10.2,10.2,0.0
2017-12-29,10.02,10.2,0.0,10.2,0.0,0.0,0.0,0.0,10.2,10.2,10.2,0.0
2018-01-02,10.02,10.2,0.0,10.2,0.0,0.0,0.0,0.0,10.2,10.2,10.2,0.0
2018-01-03,9.529,9.7,-4.902,9.7,1400.0,13580000.0,0.0,0.0,9.7,9.7,9.7,1400.0
2018-01-04,9.529,9.7,0.0,9.7,0.0,0.0,0.0,0.0,9.7,9.7,9.7,0.0
2018-01-05,9.529,9.7,0.0,9.7,0.0,0.0,0.0,0.0,9.7,9.7,9.7,0.0
2018-01-08,9.529,9.7,0.0,9.7,0.0,0.0,0.0,0.0,9.7,9.7,9.7,0.0
2018-01-09,9.529,9.7,0.0,9.7,0.0,0.0,0.0,0.0,9.7,9.7,9.7,0.0
2018-01-10,9.529,9.7,0.0,9.7,0.0,0.0,0.0,0.0,9.7,9.7,9.7,0.0
2018-01-11,8.35,8.5,-12.3711,8.5,200.0,1700000.0,0.0,0.0,8.5,8.5,8.5,200.0
2018-01-12,8.35,8.5,0.0,8.5,0.0,0.0,0.0,0.0,8.5,8.5,8.5,0.0
2018-01-15,8.35,8.5,0.0,8.5,0.0,0.0,0.0,0.0,8.5,8.5,8.5,0.0
2018-01-16,8.35,8.5,0.0,8.5,0.0,0.0,0.0,0.0,8.5,8.5,8.5,0.0
2018-01-17,7.368,7.5,-11.7647,7.5,900.0,6750000.0,0.0,0.0,7.5,7.5,7.5,900.0
2018-01-18,8.35,8.5,13.3333,8.5,142.0,1118800.0,0.0,0.0,8.5,8.5,8.5,142.0
2018-01-19,8.35,8.5,0.0,8.5,0.0,0.0,0.0,0.0,8.5,8.5,8.5,0.0
2018-01-22,8.35,8.5,0.0,8.5,0.0,0.0,0.0,0.0,8.5,8.5,8.5,0.0
2018-01-23,8.35,8.5,0.0,8.5,0.0,0.0,500.0,3650000.0,8.5,8.5,8.5,500.0
2018-01-24,8.35,8.5,0.0,8.5,0.0,0.0,0.0,0.0,8.5,8.5,8.5,0.0
2018-01-25,8.35,8.5,0.0,8.5,0.0,0.0,0.0,0.0,8.5,8.5,8.5,0.0
2018-01-26,8.35,8.5,0.0,8.5,0.0,0.0,0.0,0.0,8.5,8.5,8.5,0.0
2018-01-29,9.431,9.6,12.9412,9.6,500.0,4800000.0,0.0,0.0,9.6,9.6,9.6,500.0
2018-01-30,8.841,9.0,-6.25,9.0,200.0,1800000.0,0.0,0.0,9.0,9.0,9.0,200.0
2018-01-31,8.841,9.0,0.0,9.0,0.0,0.0,0.0,0.0,9.0,9.0,9.0,0.0
2018-02-01,8.841,9.0,0.0,9.0,0.0,0.0,0.0,0.0,9.0,9.0,9.0,0.0
2018-02-02,8.841,9.0,0.0,9.0,0.0,0.0,0.0,0.0,9.0,9.0,9.0,0.0
2018-02-05,9.234,9.4,4.4444,9.308,1300.0,12100000.0,0.0,0.0,9.0,9.4,9.0,1300.0
2018-02-06,9.136,9.3,0.0,9.3,0.0,0.0,0.0,0.0,9.3,9.3,9.3,0.0
2018-02-07,9.136,9.3,0.0,9.3,0.0,0.0,0.0,0.0,9.3,9.3,9.3,0.0
2018-02-08,9.136,9.3,0.0,9.3,0.0,0.0,0.0,0.0,9.3,9.3,9.3,0.0
2018-02-09,9.136,9.3,0.0,9.3,0.0,0.0,0.0,0.0,9.3,9.3,9.3,0.0
2018-02-12,9.136,9.3,0.0,9.3,0.0,0.0,0.0,0.0,9.3,9.3,9.3,0.0
2018-02-13,9.136,9.3,0.0,9.3,0.0,0.0,0.0,0.0,9.3,9.3,9.3,0.0
2018-02-21,9.136,9.3,0.0,9.3,0.0,0.0,0.0,0.0,9.3,9.3,9.3,0.0
2018-02-22,9.136,9.3,0.0,9.3,0.0,0.0,0.0,0.0,9.3,9.3,9.3,0.0
2018-02-23,9.136,9.3,0.0,9.3,400.0,3720000.0,0.0,0.0,9.3,9.3,9.3,400.0
2018-02-26,9.136,9.3,0.0,9.3,0.0,0.0,0.0,0.0,9.3,9.3,9.3,0.0
2018-02-27,9.136,9.3,0.0,9.3,0.0,0.0,0.0,0.0,9.3,9.3,9.3,0.0
2018-02-28,9.136,9.3,0.0,9.3,0.0,0.0,0.0,0.0,9.3,9.3,9.3,0.0
2018-03-01,8.743,8.9,-4.3011,8.45,600.0,5070000.0,0.0,0.0,8.0,8.9,8.0,600.0
2018-03-02,8.35,8.5,0.0,8.5,0.0,0.0,0.0,0.0,8.5,8.5,8.5,0.0
2018-03-05,8.35,8.5,0.0,8.5,0.0,0.0,0.0,0.0,8.5,8.5,8.5,0.0
2018-03-06,8.35,8.5,0.0,8.5,0.0,0.0,0.0,0.0,8.5,8.5,8.5,0.0
2018-03-07,9.431,9.6,12.9412,9.6,100.0,960000.0,0.0,0.0,9.6,9.6,9.6,100.0
2018-03-08,9.431,9.6,0.0,9.6,0.0,0.0,0.0,0.0,9.6,9.6,9.6,0.0
2018-03-09,9.332,9.5,-1.0417,9.5,100.0,950000.0,0.0,0.0,9.5,9.5,9.5,100.0
2018-03-12,9.725,9.9,4.2105,10.511,2700.0,28380000.0,0.0,0.0,10.8,10.8,9.9,2700.0
2018-03-13,10.315,10.5,0.0,10.5,0.0,0.0,0.0,0.0,10.5,10.5,10.5,0.0
2018-03-14,8.841,9.0,-14.2857,9.0,100.0,900000.0,0.0,0.0,9.0,9.0,9.0,100.0
2018-03-15,8.841,9.0,0.0,9.0,100.0,900000.0,0.0,0.0,9.0,9.0,9.0,100.0
2018-03-16,8.841,9.0,0.0,9.0,0.0,0.0,0.0,0.0,9.0,9.0,9.0,0.0
2018-03-19,8.841,9.0,0.0,9.0,0.0,0.0,0.0,0.0,9.0,9.0,9.0,0.0
2018-03-20,9.332,9.5,5.5556,9.498,12600.0,119670000.0,0.0,0.0,9.2,9.5,9.2,12600.0
2018-03-21,9.332,9.5,0.0,9.5,0.0,0.0,0.0,0.0,9.5,9.5,9.5,0.0
2018-03-22,9.332,9.5,0.0,9.5,0.0,0.0,0.0,0.0,9.5,9.5,9.5,0.0
2018-03-23,9.332,9.5,0.0,9.5,0.0,0.0,0.0,0.0,9.5,9.5,9.5,0.0
2018-03-26,9.332,9.5,0.0,9.5,0.0,0.0,0.0,0.0,9.5,9.5,9.5,0.0
2018-03-27,9.332,9.5,0.0,9.5,14.0,152600.0,0.0,0.0,9.5,9.5,9.5,14.0
2018-03-28,7.957,8.1,-14.7368,8.1,100.0,810000.0,0.0,0.0,8.1,8.1,8.1,100.0
2018-03-29,6.778,6.9,-14.8148,6.9,100.0,690000.0,0.0,0.0,6.9,6.9,6.9,100.0
2018-03-30,7.761,7.9,14.4928,7.9,2000.0,15800000.0,0.0,0.0,7.9,7.9,7.9,2000.0
2018-04-02,7.761,7.9,0.0,8.9,2200.0,19580000.0,0.0,0.0,9.0,9.0,7.9,2200.0
2018-04-03,9.824,10.0,12.3596,10.0,100.0,1000000.0,0.0,0.0,10.0,10.0,10.0,100.0
2018-04-04,9.824,10.0,0.0,10.0,0.0,0.0,0.0,0.0,10.0,10.0,10.0,0.0
2018-04-05,9.824,10.0,0.0,10.0,0.0,0.0,0.0,0.0,10.0,10.0,10.0,0.0
2018-04-06,9.824,10.0,0.0,10.0,0.0,0.0,0.0,0.0,10.0,10.0,10.0,0.0
2018-04-09,9.824,10.0,0.0,10.0,0.0,0.0,0.0,0.0,10.0,10.0,10.0,0.0
2018-04-10,9.824,10.0,0.0,10.0,0.0,0.0,0.0,0.0,10.0,10.0,10.0,0.0
2018-04-11,9.824,10.0,0.0,10.0,0.0,0.0,0.0,0.0,10.0,10.0,10.0,0.0
2018-04-12,9.824,10.0,0.0,10.0,0.0,0.0,0.0,0.0,10.0,10.0,10.0,0.0
2018-04-13,9.824,10.0,0.0,10.0,0.0,0.0,0.0,0.0,10.0,10.0,10.0,0.0
2018-04-16,9.824,10.0,0.0,10.0,0.0,0.0,0.0,0.0,10.0,10.0,10.0,0.0
2018-04-17,9.824,10.0,0.0,10.0,0.0,0.0,0.0,0.0,10.0,10.0,10.0,0.0
2018-04-18,9.824,10.0,0.0,10.0,0.0,0.0,0.0,0.0,10.0,10.0,10.0,0.0
2018-04-19,9.824,10.0,0.0,10.0,0.0,0.0,0.0,0.0,10.0,10.0,10.0,0.0
2018-04-20,9.824,10.0,0.0,10.0,0.0,0.0,0.0,0.0,10.0,10.0,10.0,0.0
2018-04-23,9.824,10.0,0.0,10.0,0.0,0.0,0.0,0.0,10.0,10.0,10.0,0.0
2018-04-24,9.824,10.0,0.0,10.0,0.0,0.0,0.0,0.0,10.0,10.0,10.0,0.0
2018-04-26,9.824,10.0,0.0,10.0,0.0,0.0,0.0,0.0,10.0,10.0,10.0,0.0
2018-04-27,8.35,8.5,-15.0,8.5,100.0,850000.0,0.0,0.0,8.5,8.5,8.5,100.0
2018-05-02,8.35,8.5,0.0,8.5,0.0,0.0,0.0,0.0,8.5,8.5,8.5,0.0
2018-05-03,8.35,8.5,0.0,8.5,0.0,0.0,0.0,0.0,8.5,8.5,8.5,0.0
2018-05-04,8.35,8.5,0.0,8.5,0.0,0.0,0.0,0.0,8.5,8.5,8.5,0.0
2018-05-07,8.35,8.5,0.0,8.5,0.0,0.0,0.0,0.0,8.5,8.5,8.5,0.0
2018-05-08,8.252,8.4,-1.1765,7.614,2100.0,15990000.0,0.0,0.0,7.3,8.4,7.3,2100.0
2018-05-09,8.154,8.3,9.2105,8.3,100.0,830000.0,3600.0,25200000.0,8.3,8.3,8.3,3700.0
2018-05-10,8.154,8.3,0.0,8.3,0.0,0.0,0.0,0.0,8.3,8.3,8.3,0.0
2018-05-11,8.154,8.3,0.0,8.3,0.0,0.0,0.0,0.0,8.3,8.3,8.3,0.0
2018-05-14,8.154,8.3,0.0,8.3,0.0,0.0,0.0,0.0,8.3,8.3,8.3,0.0
2018-05-15,8.154,8.3,0.0,8.3,0.0,0.0,0.0,0.0,8.3,8.3,8.3,0.0
2018-05-16,6.975,7.1,-14.4578,7.1,100.0,710000.0,900.0,6390000.0,7.1,7.1,7.1,1000.0
2018-05-17,6.975,7.1,0.0,7.1,500.0,3550000.0,0.0,0.0,7.1,7.1,7.1,500.0
2018-05-18,7.662,7.8,9.8592,7.8,1000.0,7800000.0,0.0,0.0,7.8,7.8,7.8,1000.0
2018-05-21,7.662,7.8,0.0,7.8,0.0,0.0,0.0,0.0,7.8,7.8,7.8,0.0
2018-05-22,7.662,7.8,0.0,7.8,0.0,0.0,0.0,0.0,7.8,7.8,7.8,0.0
2018-05-23,7.662,7.8,0.0,7.8,0.0,0.0,0.0,0.0,7.8,7.8,7.8,0.0
2018-05-24,6.68,6.8,-12.8205,7.795,2200.0,17150000.0,0.0,0.0,6.7,7.9,6.7,2200.0
2018-05-25,7.662,7.8,0.0,7.8,0.0,0.0,0.0,0.0,7.8,7.8,7.8,0.0
2018-05-28,7.662,7.8,0.0,7.8,0.0,0.0,700.0,4900000.0,7.8,7.8,7.8,700.0
2018-05-29,7.662,7.8,0.0,7.8,0.0,0.0,0.0,0.0,7.8,7.8,7.8,0.0
2018-05-30,7.564,7.7,-1.2821,7.688,800.0,6150000.0,0.0,0.0,7.6,7.7,7.6,800.0
2018-05-31,7.564,7.7,0.0,7.7,0.0,0.0,0.0,0.0,7.7,7.7,7.7,0.0
2018-06-01,7.564,7.7,0.0,7.7,0.0,0.0,0.0,0.0,7.7,7.7,7.7,0.0
2018-06-04,7.564,7.7,0.0,7.7,0.0,0.0,0.0,0.0,7.7,7.7,7.7,0.0
2018-06-05,7.564,7.7,0.0,7.7,0.0,0.0,0.0,0.0,7.7,7.7,7.7,0.0
2018-06-06,7.564,7.7,0.0,7.7,0.0,0.0,0.0,0.0,7.7,7.7,7.7,0.0
2018-06-07,7.564,7.7,0.0,7.7,0.0,0.0,0.0,0.0,7.7,7.7,7.7,0.0
2018-06-08,7.564,7.7,0.0,7.7,0.0,0.0,0.0,0.0,7.7,7.7,7.7,0.0
2018-06-11,7.564,7.7,0.0,7.7,0.0,0.0,0.0,0.0,7.7,7.7,7.7,0.0
2018-06-12,7.564,7.7,0.0,7.7,0.0,0.0,0.0,0.0,7.7,7.7,7.7,0.0
2018-06-13,7.564,7.7,0.0,7.7,0.0,0.0,0.0,0.0,7.7,7.7,7.7,0.0
2018-06-14,7.564,7.7,0.0,7.7,0.0,0.0,0.0,0.0,7.7,7.7,7.7,0.0
2018-06-15,7.564,7.7,0.0,7.7,0.0,0.0,0.0,0.0,7.7,7.7,7.7,0.0
2018-06-18,7.564,7.7,0.0,7.7,0.0,0.0,1100.0,7700000.0,7.7,7.7,7.7,1100.0
2018-06-19,8.547,8.7,12.987,8.7,100.0,870000.0,0.0,0.0,8.7,8.7,8.7,100.0
2018-06-20,8.547,8.7,0.0,8.7,0.0,0.0,0.0,0.0,8.7,8.7,8.7,0.0
2018-06-21,8.547,8.7,0.0,8.7,0.0,0.0,0.0,0.0,8.7,8.7,8.7,0.0
2018-06-22,8.547,8.7,0.0,8.7,0.0,0.0,0.0,0.0,8.7,8.7,8.7,0.0
2018-06-25,8.547,8.7,0.0,8.7,0.0,0.0,0.0,0.0,8.7,8.7,8.7,0.0
2018-06-26,8.547,8.7,0.0,8.7,0.0,0.0,0.0,0.0,8.7,8.7,8.7,0.0
2018-06-27,8.547,8.7,0.0,8.7,0.0,0.0,0.0,0.0,8.7,8.7,8.7,0.0
2018-06-28,8.547,8.7,0.0,8.7,0.0,0.0,2300.0,18400000.0,8.7,8.7,8.7,2300.0
2018-06-29,8.547,8.7,0.0,8.7,0.0,0.0,0.0,0.0,8.7,8.7,8.7,0.0
2018-07-02,8.547,8.7,0.0,8.7,0.0,0.0,0.0,0.0,8.7,8.7,8.7,0.0
2018-07-03,8.547,8.7,0.0,8.7,0.0,0.0,0.0,0.0,8.7,8.7,8.7,0.0
2018-07-04,8.547,8.7,0.0,8.7,0.0,0.0,0.0,0.0,8.7,8.7,8.7,0.0
2018-07-05,8.547,8.7,0.0,8.7,0.0,0.0,0.0,0.0,8.7,8.7,8.7,0.0
2018-07-06,8.547,8.7,0.0,8.7,0.0,0.0,0.0,0.0,8.7,8.7,8.7,0.0
2018-07-09,8.547,8.7,0.0,8.7,0.0,0.0,1100.0,8800000.0,8.7,8.7,8.7,1100.0
2018-07-10,7.27,7.4,-14.9425,7.4,100.0,740000.0,0.0,0.0,7.4,7.4,7.4,100.0
2018-07-11,7.27,7.4,0.0,7.4,0.0,0.0,0.0,0.0,7.4,7.4,7.4,0.0
2018-07-12,7.27,7.4,0.0,7.4,0.0,0.0,0.0,0.0,7.4,7.4,7.4,0.0
2018-07-13,7.27,7.4,0.0,7.4,0.0,0.0,0.0,0.0,7.4,7.4,7.4,0.0
2018-07-16,7.27,7.4,0.0,7.4,0.0,0.0,0.0,0.0,7.4,7.4,7.4,0.0
2018-07-17,7.27,7.4,0.0,7.4,0.0,0.0,1700.0,12750000.0,7.4,7.4,7.4,1700.0
2018-07-18,7.27,7.4,0.0,7.4,600.0,4440000.0,0.0,0.0,7.4,7.4,7.4,600.0
2018-07-19,6.877,7.0,-5.4054,7.0,200.0,1400000.0,0.0,0.0,7.0,7.0,7.0,200.0
2018-07-20,6.877,7.0,0.0,7.0,0.0,0.0,4400.0,35200000.0,7.0,7.0,7.0,4400.0
2018-07-23,6.877,7.0,0.0,7.0,0.0,0.0,0.0,0.0,7.0,7.0,7.0,0.0
2018-07-24,6.877,7.0,0.0,7.0,0.0,0.0,2400.0,16800000.0,7.0,7.0,7.0,2400.0
2018-07-25,6.877,7.0,0.0,7.0,0.0,0.0,0.0,0.0,7.0,7.0,7.0,0.0
2018-07-26,6.877,7.0,0.0,7.0,0.0,0.0,0.0,0.0,7.0,7.0,7.0,0.0
2018-07-27,6.877,7.0,0.0,7.0,0.0,0.0,1200.0,8400000.0,7.0,7.0,7.0,1200.0
2018-07-30,7.859,8.0,14.2857,7.94,500.0,3970000.0,0.0,0.0,7.9,8.0,7.9,500.0
2018-07-31,8.0,8.0,2.5641,8.625,800.0,6900000.0,1600.0,11200000.0,8.5,8.9,8.0,2400.0
2018-08-01,9.1,9.1,5.814,9.017,640.0,5774000.0,0.0,0.0,8.9,9.1,8.9,640.0
2018-08-02,9.5,9.5,5.5556,9.5,100.0,950000.0,0.0,0.0,9.5,9.5,9.5,100.0
2018-08-03,9.5,9.5,0.0,9.5,6.0,65400.0,0.0,0.0,9.5,9.5,9.5,6.0
2018-08-06,9.5,9.5,0.0,9.5,0.0,0.0,0.0,0.0,9.5,9.5,9.5,0.0
2018-08-07,9.5,9.5,0.0,9.5,0.0,0.0,0.0,0.0,9.5,9.5,9.5,0.0
2018-08-08,8.1,8.1,0.0,8.1,200.0,1620000.0,0.0,0.0,8.1,8.1,8.1,200.0
2018-08-09,8.1,8.1,0.0,8.1,0.0,0.0,0.0,0.0,8.1,8.1,8.1,0.0
2018-08-10,8.1,8.1,0.0,8.1,0.0,0.0,0.0,0.0,8.1,8.1,8.1,0.0
2018-08-13,8.1,8.1,0.0,8.1,0.0,0.0,0.0,0.0,8.1,8.1,8.1,0.0
2018-08-14,8.1,8.1,0.0,8.1,0.0,0.0,0.0,0.0,8.1,8.1,8.1,0.0
2018-08-15,8.1,8.1,0.0,8.1,0.0,0.0,0.0,0.0,8.1,8.1,8.1,0.0
2018-08-16,8.1,8.1,0.0,8.1,0.0,0.0,0.0,0.0,8.1,8.1,8.1,0.0
2018-08-17,8.1,8.1,0.0,8.1,0.0,0.0,500.0,4000000.0,8.1,8.1,8.1,500.0
2018-08-20,8.1,8.1,0.0,8.1,0.0,0.0,0.0,0.0,8.1,8.1,8.1,0.0
2018-08-21,8.1,8.1,0.0,8.1,0.0,0.0,0.0,0.0,8.1,8.1,8.1,0.0
2018-08-22,8.1,8.1,0.0,8.1,0.0,0.0,0.0,0.0,8.1,8.1,8.1,0.0
2018-08-23,8.1,8.1,0.0,8.1,0.0,0.0,0.0,0.0,8.1,8.1,8.1,0.0
2018-08-24,8.1,8.1,0.0,8.1,0.0,0.0,0.0,0.0,8.1,8.1,8.1,0.0
2018-08-27,8.1,8.1,0.0,8.1,0.0,0.0,0.0,0.0,8.1,8.1,8.1,0.0
2018-08-28,8.1,8.1,0.0,8.1,0.0,0.0,0.0,0.0,8.1,8.1,8.1,0.0
2018-08-29,8.1,8.1,0.0,8.1,0.0,0.0,0.0,0.0,8.1,8.1,8.1,0.0
2018-08-30,8.1,8.1,0.0,8.1,0.0,0.0,0.0,0.0,8.1,8.1,8.1,0.0
2018-08-31,8.1,8.1,0.0,8.1,0.0,0.0,0.0,0.0,8.1,8.1,8.1,0.0
2018-09-04,8.1,8.1,0.0,8.1,0.0,0.0,0.0,0.0,8.1,8.1,8.1,0.0
2018-09-05,8.1,8.1,0.0,8.1,0.0,0.0,1000.0,7000000.0,8.1,8.1,8.1,1000.0
2018-09-06,8.1,8.1,0.0,8.1,0.0,0.0,0.0,0.0,8.1,8.1,8.1,0.0
2018-09-07,8.1,8.1,0.0,8.1,0.0,0.0,0.0,0.0,8.1,8.1,8.1,0.0
2018-09-10,8.1,8.1,0.0,8.1,0.0,0.0,0.0,0.0,8.1,8.1,8.1,0.0
2018-09-11,8.1,8.1,0.0,8.1,0.0,0.0,0.0,0.0,8.1,8.1,8.1,0.0
2018-09-12,6.9,6.9,-14.8148,6.9,500.0,3450000.0,0.0,0.0,6.9,6.9,6.9,500.0
2018-09-13,6.9,6.9,0.0,6.9,0.0,0.0,0.0,0.0,6.9,6.9,6.9,0.0
2018-09-14,6.9,6.9,0.0,6.9,0.0,0.0,0.0,0.0,6.9,6.9,6.9,0.0
2018-09-17,6.9,6.9,0.0,6.9,0.0,0.0,0.0,0.0,6.9,6.9,6.9,0.0
2018-09-18,6.9,6.9,0.0,6.9,0.0,0.0,0.0,0.0,6.9,6.9,6.9,0.0
2018-09-19,7.0,7.0,1.4493,7.0,100.0,700000.0,0.0,0.0,7.0,7.0,7.0,100.0
2018-09-20,7.9,7.9,12.8571,7.9,100.0,790000.0,0.0,0.0,7.9,7.9,7.9,100.0
2018-09-21,9.0,9.0,13.9241,9.0,100.0,900000.0,1200.0,8400000.0,9.0,9.0,9.0,1300.0
2018-09-24,9.0,9.0,0.0,9.0,0.0,0.0,0.0,0.0,9.0,9.0,9.0,0.0
2018-09-25,9.0,9.0,0.0,9.0,0.0,0.0,0.0,0.0,9.0,9.0,9.0,0.0
2018-09-26,9.0,9.0,0.0,9.0,0.0,0.0,0.0,0.0,9.0,9.0,9.0,0.0
2018-09-27,9.0,9.0,0.0,9.0,0.0,0.0,0.0,0.0,9.0,9.0,9.0,0.0
2018-09-28,9.9,9.9,10.0,9.9,100.0,990000.0,900.0,6930000.0,9.9,9.9,9.9,1000.0
2018-10-01,9.9,9.9,0.0,9.9,0.0,0.0,0.0,0.0,9.9,9.9,9.9,0.0
2018-10-02,9.9,9.9,0.0,9.9,0.0,0.0,0.0,0.0,9.9,9.9,9.9,0.0
2018-10-03,9.9,9.9,0.0,9.9,0.0,0.0,0.0,0.0,9.9,9.9,9.9,0.0
2018-10-04,9.9,9.9,0.0,9.9,0.0,0.0,0.0,0.0,9.9,9.9,9.9,0.0
2018-10-05,9.9,9.9,0.0,9.9,0.0,0.0,0.0,0.0,9.9,9.9,9.9,0.0
2018-10-08,9.9,9.9,0.0,9.9,0.0,0.0,0.0,0.0,9.9,9.9,9.9,0.0
2018-10-09,9.9,9.9,0.0,9.9,0.0,0.0,0.0,0.0,9.9,9.9,9.9,0.0
2018-10-10,9.9,9.9,0.0,9.9,0.0,0.0,12800.0,108800000.0,9.9,9.9,9.9,12800.0
2018-10-11,9.9,9.9,0.0,9.9,0.0,0.0,0.0,0.0,9.9,9.9,9.9,0.0
2018-10-12,9.9,9.9,0.0,9.9,0.0,0.0,0.0,0.0,9.9,9.9,9.9,0.0
2018-10-15,9.9,9.9,0.0,9.9,0.0,0.0,800.0,6800000.0,9.9,9.9,9.9,800.0
2018-10-16,9.9,9.9,0.0,9.9,0.0,0.0,500.0,4250000.0,9.9,9.9,9.9,500.0
2018-10-17,9.9,9.9,0.0,9.9,0.0,0.0,0.0,0.0,9.9,9.9,9.9,0.0
2018-10-18,9.9,9.9,0.0,9.9,0.0,0.0,0.0,0.0,9.9,9.9,9.9,0.0
2018-10-19,9.9,9.9,0.0,9.9,0.0,0.0,0.0,0.0,9.9,9.9,9.9,0.0
2018-10-22,9.9,9.9,0.0,9.9,0.0,0.0,0.0,0.0,9.9,9.9,9.9,0.0
2018-10-23,9.9,9.9,0.0,9.9,0.0,0.0,0.0,0.0,9.9,9.9,9.9,0.0
2018-10-24,9.9,9.9,0.0,9.9,0.0,0.0,2800.0,23800000.0,9.9,9.9,9.9,2800.0
2018-10-25,9.9,9.9,0.0,9.9,0.0,0.0,0.0,0.0,9.9,9.9,9.9,0.0
2018-10-26,9.9,9.9,0.0,9.9,0.0,0.0,0.0,0.0,9.9,9.9,9.9,0.0
2018-10-29,9.9,9.9,0.0,9.9,0.0,0.0,0.0,0.0,9.9,9.9,9.9,0.0
2018-10-30,9.9,9.9,0.0,9.9,0.0,0.0,0.0,0.0,9.9,9.9,9.9,0.0
2018-10-31,9.9,9.9,0.0,9.9,0.0,0.0,0.0,0.0,9.9,9.9,9.9,0.0
2018-11-01,9.9,9.9,0.0,9.9,0.0,0.0,0.0,0.0,9.9,9.9,9.9,0.0
2018-11-02,9.9,9.9,0.0,9.9,0.0,0.0,0.0,0.0,9.9,9.9,9.9,0.0
2018-11-05,9.9,9.9,0.0,9.9,0.0,0.0,0.0,0.0,9.9,9.9,9.9,0.0
2018-11-06,9.9,9.9,0.0,9.9,0.0,0.0,0.0,0.0,9.9,9.9,9.9,0.0
2018-11-07,9.9,9.9,0.0,9.9,0.0,0.0,0.0,0.0,9.9,9.9,9.9,0.0
2018-11-08,9.9,9.9,0.0,9.9,0.0,0.0,0.0,0.0,9.9,9.9,9.9,0.0
2018-11-09,9.9,9.9,0.0,9.9,0.0,0.0,0.0,0.0,9.9,9.9,9.9,0.0
2018-11-12,9.9,9.9,0.0,9.9,0.0,0.0,300.0,2550000.0,9.9,9.9,9.9,300.0
2018-11-13,9.9,9.9,0.0,9.9,0.0,0.0,0.0,0.0,9.9,9.9,9.9,0.0
2018-11-14,9.9,9.9,0.0,9.9,0.0,0.0,0.0,0.0,9.9,9.9,9.9,0.0
2018-11-15,9.9,9.9,0.0,9.9,0.0,0.0,0.0,0.0,9.9,9.9,9.9,0.0
2018-11-16,9.9,9.9,0.0,9.9,0.0,0.0,0.0,0.0,9.9,9.9,9.9,0.0
2018-11-19,9.9,9.9,0.0,9.9,0.0,0.0,600.0,5100000.0,9.9,9.9,9.9,600.0
2018-11-20,9.9,9.9,0.0,9.9,0.0,0.0,0.0,0.0,9.9,9.9,9.9,0.0
2018-11-21,9.9,9.9,0.0,9.9,0.0,0.0,0.0,0.0,9.9,9.9,9.9,0.0
2018-11-22,9.9,9.9,0.0,9.9,0.0,0.0,4900.0,41650000.0,9.9,9.9,9.9,4900.0
2018-11-23,10.0,10.0,1.0101,9.25,200.0,1850000.0,0.0,0.0,8.5,10.0,8.5,200.0
2018-11-26,9.3,9.3,0.0,9.058,3800.0,34420000.0,0.0,0.0,10.0,10.0,8.0,3800.0
2018-11-27,10.0,10.0,9.8901,9.986,5000.0,49930000.0,0.0,0.0,10.0,10.0,9.9,5000.0
2018-11-28,11.5,11.5,15.0,11.2,10000.0,112000000.0,0.0,0.0,10.5,11.5,10.5,10000.0
2018-11-29,12.8,12.8,14.2857,12.139,7000.0,84970000.0,0.0,0.0,11.1,12.8,11.1,7000.0
2018-11-30,10.3,10.3,-14.876,13.09,8600.0,112570000.0,0.0,0.0,12.0,13.9,10.3,8600.0
2018-12-03,13.1,13.1,0.0,13.1,0.0,0.0,0.0,0.0,13.1,13.1,13.1,0.0
2018-12-04,13.1,13.1,0.0,13.1,10.0,131000.0,0.0,0.0,13.1,13.1,13.1,10.0
2018-12-05,13.1,13.1,0.0,13.1,0.0,0.0,0.0,0.0,13.1,13.1,13.1,0.0
2018-12-06,11.2,11.2,-14.5038,12.15,2000.0,24300000.0,0.0,0.0,15.0,15.0,11.2,2000.0
2018-12-07,10.4,10.4,-14.7541,10.4,405.0,4221000.0,1200.0,12480000.0,10.4,10.4,10.4,1605.0
2018-12-10,8.9,8.9,-14.4231,10.213,4000.0,40850000.0,0.0,0.0,8.9,10.4,8.9,4000.0
2018-12-11,11.5,11.5,12.7451,10.627,1500.0,15940000.0,0.0,0.0,8.7,11.5,8.7,1500.0
2018-12-12,10.6,10.6,0.0,10.6,0.0,0.0,0.0,0.0,10.6,10.6,10.6,0.0
2018-12-13,9.1,9.1,-14.1509,9.1,100.0,910000.0,0.0,0.0,9.1,9.1,9.1,100.0
2018-12-14,9.1,9.1,0.0,9.1,0.0,0.0,0.0,0.0,9.1,9.1,9.1,0.0
2018-12-17,7.9,7.9,-13.1868,7.9,100.0,790000.0,0.0,0.0,7.9,7.9,7.9,100.0
2018-12-18,7.9,7.9,0.0,7.9,0.0,0.0,0.0,0.0,7.9,7.9,7.9,0.0
2018-12-19,9.0,9.0,13.9241,8.65,200.0,1730000.0,0.0,0.0,8.3,9.0,8.3,200.0
2018-12-20,7.5,7.5,-13.7931,7.5,115.0,900000.0,0.0,0.0,7.5,7.5,7.5,115.0
2018-12-21,7.5,7.5,0.0,7.5,0.0,0.0,0.0,0.0,7.5,7.5,7.5,0.0
2018-12-24,8.6,8.6,14.6667,8.6,100.0,860000.0,0.0,0.0,8.6,8.6,8.6,100.0
2018-12-25,7.4,7.4,-13.9535,7.4,700.0,5180000.0,0.0,0.0,7.4,7.4,7.4,700.0
2018-12-26,6.6,6.6,-10.8108,6.6,100.0,660000.0,0.0,0.0,6.6,6.6,6.6,100.0
2018-12-27,7.5,7.5,13.6364,7.5,2100.0,15750000.0,0.0,0.0,7.5,7.5,7.5,2100.0
2018-12-28,7.5,7.5,0.0,7.5,0.0,0.0,0.0,0.0,7.5,7.5,7.5,0.0
2019-01-02,7.8,7.8,0.0,7.8,110.0,853000.0,0.0,0.0,7.8,7.8,7.8,110.0
2019-01-03,7.8,7.8,0.0,7.8,0.0,0.0,3100.0,23250000.0,7.8,7.8,7.8,3100.0
2019-01-04,7.8,7.8,0.0,7.8,0.0,0.0,0.0,0.0,7.8,7.8,7.8,0.0
2019-01-07,7.1,7.1,-8.9744,7.1,100.0,710000.0,0.0,0.0,7.1,7.1,7.1,100.0
2019-01-08,7.1,7.1,0.0,7.1,5.0,37000.0,0.0,0.0,7.1,7.1,7.1,5.0
2019-01-09,7.5,7.5,5.6338,6.85,200.0,1370000.0,0.0,0.0,6.2,7.5,6.2,200.0
2019-01-10,7.5,7.5,8.6957,7.5,1600.0,12000000.0,0.0,0.0,7.5,7.5,7.5,1600.0
2019-01-11,7.5,7.5,0.0,7.5,0.0,0.0,0.0,0.0,7.5,7.5,7.5,0.0
2019-01-14,6.6,6.6,-12.0,6.6,100.0,660000.0,0.0,0.0,6.6,6.6,6.6,100.0
2019-01-15,7.0,7.0,6.0606,7.0,1000.0,7000000.0,0.0,0.0,7.0,7.0,7.0,1000.0
2019-01-16,7.0,7.0,0.0,7.0,0.0,0.0,0.0,0.0,7.0,7.0,7.0,0.0
2019-01-17,6.1,6.1,-12.8571,6.1,100.0,610000.0,0.0,0.0,6.1,6.1,6.1,100.0
2019-01-18,6.1,6.1,0.0,6.1,200.0,1220000.0,0.0,0.0,6.1,6.1,6.1,200.0
2019-01-21,6.1,6.1,0.0,6.1,0.0,0.0,0.0,0.0,6.1,6.1,6.1,0.0
2019-01-22,6.1,6.1,0.0,6.1,0.0,0.0,0.0,0.0,6.1,6.1,6.1,0.0
2019-01-23,6.1,6.1,0.0,6.1,0.0,0.0,0.0,0.0,6.1,6.1,6.1,0.0
2019-01-24,6.1,6.1,0.0,6.1,0.0,0.0,0.0,0.0,6.1,6.1,6.1,0.0
2019-01-25,6.1,6.1,0.0,6.1,0.0,0.0,0.0,0.0,6.1,6.1,6.1,0.0
2019-01-28,6.1,6.1,0.0,6.1,0.0,0.0,0.0,0.0,6.1,6.1,6.1,0.0
2019-01-29,6.1,6.1,0.0,6.1,0.0,0.0,0.0,0.0,6.1,6.1,6.1,0.0
2019-01-30,7.0,7.0,14.7541,7.0,1200.0,8400000.0,0.0,0.0,7.0,7.0,7.0,1200.0
2019-01-31,8.0,8.0,14.2857,8.0,1000.0,8000000.0,0.0,0.0,8.0,8.0,8.0,1000.0
2019-02-01,9.1,9.1,13.75,8.7,500.0,4350000.0,0.0,0.0,8.0,9.1,8.0,500.0
2019-02-11,9.8,9.8,12.6437,9.64,2500.0,24100000.0,0.0,0.0,9.0,9.8,9.0,2500.0
2019-02-12,9.6,9.6,0.0,9.6,0.0,0.0,0.0,0.0,9.6,9.6,9.6,0.0
2019-02-13,9.6,9.6,0.0,9.6,0.0,0.0,0.0,0.0,9.6,9.6,9.6,0.0
2019-02-14,9.6,9.6,0.0,9.6,0.0,0.0,0.0,0.0,9.6,9.6,9.6,0.0
2019-02-15,9.6,9.6,0.0,9.6,2.0,17800.0,0.0,0.0,9.6,9.6,9.6,2.0
2019-02-18,9.6,9.6,0.0,9.6,0.0,0.0,0.0,0.0,9.6,9.6,9.6,0.0
2019-02-19,9.6,9.6,0.0,9.6,0.0,0.0,0.0,0.0,9.6,9.6,9.6,0.0
2019-02-20,9.6,9.6,0.0,9.6,0.0,0.0,0.0,0.0,9.6,9.6,9.6,0.0
2019-02-21,9.6,9.6,0.0,9.6,0.0,0.0,0.0,0.0,9.6,9.6,9.6,0.0
2019-02-22,9.6,9.6,0.0,9.6,1.0,9000.0,0.0,0.0,9.6,9.6,9.6,1.0
2019-02-25,8.2,8.2,-14.5833,8.2,1000.0,8200000.0,0.0,0.0,8.2,8.2,8.2,1000.0
2019-02-26,8.2,8.2,0.0,8.2,1.0,7000.0,0.0,0.0,8.2,8.2,8.2,1.0
2019-02-27,8.2,8.2,0.0,8.2,3.0,24300.0,0.0,0.0,8.2,8.2,8.2,3.0
2019-02-28,8.2,8.2,0.0,8.2,0.0,0.0,0.0,0.0,8.2,8.2,8.2,0.0
2019-03-01,8.2,8.2,0.0,8.2,5.0,36100.0,0.0,0.0,8.2,8.2,8.2,5.0
2019-03-04,8.2,8.2,0.0,8.2,3.0,24300.0,0.0,0.0,8.2,8.2,8.2,3.0
2019-03-05,8.1,8.1,-1.2195,8.1,400.0,3240000.0,0.0,0.0,8.1,8.1,8.1,400.0
2019-03-06,8.1,8.1,0.0,8.1,1.0,9300.0,0.0,0.0,8.1,8.1,8.1,1.0
2019-03-07,8.1,8.1,0.0,8.1,4.0,37200.0,0.0,0.0,8.1,8.1,8.1,4.0
2019-03-08,8.1,8.1,0.0,8.1,0.0,0.0,0.0,0.0,8.1,8.1,8.1,0.0
2019-03-11,8.1,8.1,0.0,8.1,0.0,0.0,0.0,0.0,8.1,8.1,8.1,0.0
2019-03-12,8.1,8.1,0.0,8.1,0.0,0.0,2000.0,14000000.0,8.1,8.1,8.1,2000.0
2019-03-13,8.1,8.1,0.0,8.1,0.0,0.0,700.0,4900000.0,8.1,8.1,8.1,700.0
2019-03-14,8.1,8.1,0.0,8.1,0.0,0.0,0.0,0.0,8.1,8.1,8.1,0.0
2019-03-15,8.1,8.1,0.0,8.1,0.0,0.0,0.0,0.0,8.1,8.1,8.1,0.0
2019-03-18,8.1,8.1,0.0,8.1,0.0,0.0,700.0,4900000.0,8.1,8.1,8.1,700.0
2019-03-19,8.1,8.1,0.0,8.1,0.0,0.0,0.0,0.0,8.1,8.1,8.1,0.0
2019-03-20,8.1,8.1,0.0,8.1,4.0,32400.0,600.0,4200000.0,8.1,8.1,8.1,604.0
2019-03-21,8.1,8.1,0.0,8.1,0.0,0.0,0.0,0.0,8.1,8.1,8.1,0.0
2019-03-22,8.1,8.1,0.0,8.1,0.0,0.0,0.0,0.0,8.1,8.1,8.1,0.0
2019-03-25,8.1,8.1,0.0,8.1,0.0,0.0,0.0,0.0,8.1,8.1,8.1,0.0
2019-03-26,8.1,8.1,0.0,8.1,0.0,0.0,0.0,0.0,8.1,8.1,8.1,0.0
2019-03-27,8.1,8.1,0.0,8.1,0.0,0.0,1900.0,14250000.0,8.1,8.1,8.1,1900.0
2019-03-28,8.1,8.1,0.0,8.1,0.0,0.0,0.0,0.0,8.1,8.1,8.1,0.0
2019-03-29,8.1,8.1,0.0,8.1,0.0,0.0,0.0,0.0,8.1,8.1,8.1,0.0
2019-04-01,8.1,8.1,0.0,8.1,0.0,0.0,0.0,0.0,8.1,8.1,8.1,0.0
2019-04-02,8.1,8.1,0.0,8.1,0.0,0.0,0.0,0.0,8.1,8.1,8.1,0.0
2019-04-03,8.1,8.1,0.0,8.1,0.0,0.0,0.0,0.0,8.1,8.1,8.1,0.0
2019-04-04,8.1,8.1,0.0,8.1,0.0,0.0,9400.0,65800000.0,8.1,8.1,8.1,9400.0
2019-04-05,8.1,8.1,0.0,8.1,0.0,0.0,0.0,0.0,8.1,8.1,8.1,0.0
2019-04-08,8.1,8.1,0.0,8.1,0.0,0.0,0.0,0.0,8.1,8.1,8.1,0.0
2019-04-09,8.1,8.1,0.0,8.1,0.0,0.0,1000.0,7000000.0,8.1,8.1,8.1,1000.0
2019-04-10,8.1,8.1,0.0,8.1,0.0,0.0,0.0,0.0,8.1,8.1,8.1,0.0
2019-04-11,8.1,8.1,0.0,8.1,0.0,0.0,0.0,0.0,8.1,8.1,8.1,0.0
2019-04-12,8.8,8.8,8.642,8.529,700.0,5970000.0,0.0,0.0,6.9,8.8,6.9,700.0
2019-04-16,8.5,8.5,0.0,8.5,0.0,0.0,0.0,0.0,8.5,8.5,8.5,0.0
2019-04-17,8.5,8.5,0.0,8.5,0.0,0.0,0.0,0.0,8.5,8.5,8.5,0.0
2019-04-18,8.5,8.5,0.0,8.5,0.0,0.0,0.0,0.0,8.5,8.5,8.5,0.0
2019-04-19,8.5,8.5,0.0,8.5,0.0,0.0,0.0,0.0,8.5,8.5,8.5,0.0
2019-04-22,8.5,8.5,0.0,8.5,0.0,0.0,0.0,0.0,8.5,8.5,8.5,0.0
2019-04-23,8.5,8.5,0.0,8.5,0.0,0.0,0.0,0.0,8.5,8.5,8.5,0.0
2019-04-24,8.5,8.5,0.0,8.5,0.0,0.0,0.0,0.0,8.5,8.5,8.5,0.0
2019-04-25,8.5,8.5,0.0,8.5,0.0,0.0,0.0,0.0,8.5,8.5,8.5,0.0
2019-04-26,8.5,8.5,0.0,8.5,0.0,0.0,1600.0,11680000.0,8.5,8.5,8.5,1600.0
2019-05-02,8.5,8.5,0.0,8.5,0.0,0.0,0.0,0.0,8.5,8.5,8.5,0.0
2019-05-03,8.5,8.5,0.0,8.5,0.0,0.0,0.0,0.0,8.5,8.5,8.5,0.0
2019-05-06,8.5,8.5,0.0,8.5,0.0,0.0,0.0,0.0,8.5,8.5,8.5,0.0
2019-05-07,8.5,8.5,0.0,8.5,0.0,0.0,0.0,0.0,8.5,8.5,8.5,0.0
2019-05-08,8.5,8.5,0.0,8.5,0.0,0.0,0.0,0.0,8.5,8.5,8.5,0.0
2019-05-09,8.4,8.4,-1.1765,7.688,1600.0,12300000.0,0.0,0.0,7.3,8.4,7.3,1600.0
2019-05-10,6.6,6.6,-14.2857,7.333,1800.0,13200000.0,0.0,0.0,8.8,8.8,6.6,1800.0
2019-05-13,7.3,7.3,0.0,7.3,0.0,0.0,0.0,0.0,7.3,7.3,7.3,0.0
2019-05-14,6.3,6.3,-13.6986,7.208,1300.0,9370000.0,0.0,0.0,7.8,8.2,6.3,1300.0
2019-05-15,8.2,8.2,13.8889,8.103,3000.0,24310000.0,0.0,0.0,8.1,8.2,8.1,3000.0
2019-05-16,8.1,8.1,0.0,8.1,0.0,0.0,0.0,0.0,8.1,8.1,8.1,0.0
2019-05-17,8.1,8.1,0.0,8.1,0.0,0.0,0.0,0.0,8.1,8.1,8.1,0.0
2019-05-20,8.1,8.1,0.0,8.1,0.0,0.0,0.0,0.0,8.1,8.1,8.1,0.0
2019-05-21,8.1,8.1,0.0,8.1,0.0,0.0,0.0,0.0,8.1,8.1,8.1,0.0
2019-05-22,8.1,8.1,0.0,8.1,0.0,0.0,0.0,0.0,8.1,8.1,8.1,0.0
2019-05-23,8.1,8.1,0.0,8.1,0.0,0.0,0.0,0.0,8.1,8.1,8.1,0.0
2019-05-24,8.1,8.1,0.0,8.1,0.0,0.0,0.0,0.0,8.1,8.1,8.1,0.0
2019-05-27,8.1,8.1,0.0,8.1,0.0,0.0,0.0,0.0,8.1,8.1,8.1,0.0
2019-05-28,8.1,8.1,0.0,8.1,0.0,0.0,0.0,0.0,8.1,8.1,8.1,0.0
2019-05-29,8.1,8.1,0.0,8.1,0.0,0.0,0.0,0.0,8.1,8.1,8.1,0.0
2019-05-30,8.1,8.1,0.0,8.1,0.0,0.0,0.0,0.0,8.1,8.1,8.1,0.0
2019-05-31,8.1,8.1,0.0,8.1,0.0,0.0,0.0,0.0,8.1,8.1,8.1,0.0
2019-06-03,8.1,8.1,0.0,8.1,1.0,8500.0,0.0,0.0,8.1,8.1,8.1,1.0
2019-06-04,8.1,8.1,0.0,8.1,0.0,0.0,0.0,0.0,8.1,8.1,8.1,0.0
2019-06-05,8.1,8.1,0.0,8.1,0.0,0.0,0.0,0.0,8.1,8.1,8.1,0.0
2019-06-06,8.1,8.1,0.0,8.1,0.0,0.0,0.0,0.0,8.1,8.1,8.1,0.0
2019-06-07,8.1,8.1,0.0,8.1,0.0,0.0,0.0,0.0,8.1,8.1,8.1,0.0
2019-06-10,8.1,8.1,0.0,8.1,0.0,0.0,0.0,0.0,8.1,8.1,8.1,0.0
2019-06-11,8.1,8.1,0.0,8.1,0.0,0.0,0.0,0.0,8.1,8.1,8.1,0.0
2019-06-12,8.1,8.1,0.0,8.1,0.0,0.0,0.0,0.0,8.1,8.1,8.1,0.0
2019-06-13,8.1,8.1,0.0,8.1,0.0,0.0,900.0,6210000.0,8.1,8.1,8.1,900.0
2019-06-14,8.1,8.1,0.0,8.1,0.0,0.0,0.0,0.0,8.1,8.1,8.1,0.0
2019-06-17,7.5,7.5,-7.4074,7.5,1000.0,7500000.0,0.0,0.0,7.5,7.5,7.5,1000.0
2019-06-18,7.5,7.5,0.0,7.5,0.0,0.0,0.0,0.0,7.5,7.5,7.5,0.0
2019-06-19,7.5,7.5,0.0,7.5,0.0,0.0,0.0,0.0,7.5,7.5,7.5,0.0
2019-06-20,7.5,7.5,0.0,7.5,0.0,0.0,0.0,0.0,7.5,7.5,7.5,0.0
2019-06-21,7.5,7.5,0.0,7.5,0.0,0.0,0.0,0.0,7.5,7.5,7.5,0.0
2019-06-24,7.5,7.5,0.0,7.5,0.0,0.0,0.0,0.0,7.5,7.5,7.5,0.0
2019-06-25,7.5,7.5,0.0,7.5,12.0,102000.0,0.0,0.0,7.5,7.5,7.5,12.0
2019-06-26,7.5,7.5,0.0,7.5,0.0,0.0,0.0,0.0,7.5,7.5,7.5,0.0
2019-06-27,7.5,7.5,0.0,7.5,0.0,0.0,0.0,0.0,7.5,7.5,7.5,0.0
2019-06-28,7.5,7.5,0.0,7.5,0.0,0.0,0.0,0.0,7.5,7.5,7.5,0.0
2019-07-01,7.5,7.5,0.0,7.5,0.0,0.0,0.0,0.0,7.5,7.5,7.5,0.0
2019-07-02,7.5,7.5,0.0,7.5,0.0,0.0,0.0,0.0,7.5,7.5,7.5,0.0
2019-07-03,7.5,7.5,0.0,7.5,0.0,0.0,0.0,0.0,7.5,7.5,7.5,0.0
2019-07-04,7.5,7.5,0.0,7.5,0.0,0.0,0.0,0.0,7.5,7.5,7.5,0.0
2019-07-05,7.5,7.5,0.0,7.5,0.0,0.0,0.0,0.0,7.5,7.5,7.5,0.0
2019-07-08,7.5,7.5,0.0,7.5,0.0,0.0,0.0,0.0,7.5,7.5,7.5,0.0
2019-07-09,7.5,7.5,0.0,7.5,0.0,0.0,0.0,0.0,7.5,7.5,7.5,0.0
2019-07-10,7.5,7.5,0.0,7.5,0.0,0.0,0.0,0.0,7.5,7.5,7.5,0.0
2019-07-11,7.5,7.5,0.0,7.5,0.0,0.0,0.0,0.0,7.5,7.5,7.5,0.0
2019-07-12,7.5,7.5,0.0,7.5,0.0,0.0,0.0,0.0,7.5,7.5,7.5,0.0
2019-07-15,7.5,7.5,0.0,7.5,0.0,0.0,0.0,0.0,7.5,7.5,7.5,0.0
2019-07-16,7.5,7.5,0.0,7.5,0.0,0.0,0.0,0.0,7.5,7.5,7.5,0.0
2019-07-17,7.5,7.5,0.0,7.5,0.0,0.0,0.0,0.0,7.5,7.5,7.5,0.0
2019-07-18,7.5,7.5,0.0,7.5,0.0,0.0,0.0,0.0,7.5,7.5,7.5,0.0
2019-07-19,7.5,7.5,0.0,7.5,0.0,0.0,0.0,0.0,7.5,7.5,7.5,0.0
2019-07-22,7.5,7.5,0.0,7.5,0.0,0.0,0.0,0.0,7.5,7.5,7.5,0.0
2019-07-23,7.5,7.5,0.0,7.5,0.0,0.0,0.0,0.0,7.5,7.5,7.5,0.0
2019-07-24,7.5,7.5,0.0,7.5,0.0,0.0,0.0,0.0,7.5,7.5,7.5,0.0
2019-07-25,7.5,7.5,0.0,7.5,0.0,0.0,0.0,0.0,7.5,7.5,7.5,0.0
2019-07-26,7.5,7.5,0.0,7.5,0.0,0.0,0.0,0.0,7.5,7.5,7.5,0.0
2019-07-29,7.0,7.0,-6.6667,7.0,100.0,700000.0,0.0,0.0,7.0,7.0,7.0,100.0
2019-07-30,7.0,7.0,0.0,7.0,0.0,0.0,0.0,0.0,7.0,7.0,7.0,0.0
2019-07-31,7.0,7.0,0.0,7.0,0.0,0.0,0.0,0.0,7.0,7.0,7.0,0.0
2019-08-01,7.0,7.0,0.0,7.0,0.0,0.0,0.0,0.0,7.0,7.0,7.0,0.0
2019-08-02,7.0,7.0,0.0,7.0,0.0,0.0,0.0,0.0,7.0,7.0,7.0,0.0
2019-08-05,7.0,7.0,0.0,7.0,0.0,0.0,0.0,0.0,7.0,7.0,7.0,0.0
2019-08-06,7.0,7.0,0.0,7.0,0.0,0.0,0.0,0.0,7.0,7.0,7.0,0.0
2019-08-07,7.0,7.0,0.0,7.0,300.0,2100000.0,0.0,0.0,7.0,7.0,7.0,300.0
2019-08-08,7.0,7.0,0.0,7.0,0.0,0.0,0.0,0.0,7.0,7.0,7.0,0.0
2019-08-09,7.0,7.0,0.0,7.0,0.0,0.0,0.0,0.0,7.0,7.0,7.0,0.0
2019-08-12,7.0,7.0,0.0,7.0,0.0,0.0,0.0,0.0,7.0,7.0,7.0,0.0
2019-08-13,7.0,7.0,0.0,7.0,0.0,0.0,0.0,0.0,7.0,7.0,7.0,0.0
2019-08-14,7.0,7.0,0.0,7.0,0.0,0.0,0.0,0.0,7.0,7.0,7.0,0.0
2019-08-15,7.0,7.0,0.0,7.0,0.0,0.0,0.0,0.0,7.0,7.0,7.0,0.0
2019-08-16,7.0,7.0,0.0,7.0,0.0,0.0,0.0,0.0,7.0,7.0,7.0,0.0
2019-08-19,7.0,7.0,0.0,7.0,0.0,0.0,0.0,0.0,7.0,7.0,7.0,0.0
2019-08-20,7.0,7.0,0.0,7.0,0.0,0.0,0.0,0.0,7.0,7.0,7.0,0.0
2019-08-21,7.0,7.0,0.0,7.0,0.0,0.0,0.0,0.0,7.0,7.0,7.0,0.0
2019-08-22,7.0,7.0,0.0,7.0,0.0,0.0,0.0,0.0,7.0,7.0,7.0,0.0
2019-08-23,7.0,7.0,0.0,7.0,0.0,0.0,0.0,0.0,7.0,7.0,7.0,0.0
2019-08-26,7.0,7.0,0.0,7.0,0.0,0.0,0.0,0.0,7.0,7.0,7.0,0.0
2019-08-27,7.0,7.0,0.0,7.0,0.0,0.0,0.0,0.0,7.0,7.0,7.0,0.0
2019-08-28,7.0,7.0,0.0,7.0,200.0,1400000.0,0.0,0.0,7.0,7.0,7.0,200.0
2019-08-29,7.0,7.0,0.0,7.0,0.0,0.0,0.0,0.0,7.0,7.0,7.0,0.0
2019-08-30,7.0,7.0,0.0,7.0,0.0,0.0,0.0,0.0,7.0,7.0,7.0,0.0
2019-09-03,7.0,7.0,0.0,7.0,0.0,0.0,0.0,0.0,7.0,7.0,7.0,0.0
2019-09-04,7.0,7.0,0.0,7.0,0.0,0.0,0.0,0.0,7.0,7.0,7.0,0.0
2019-09-05,7.0,7.0,0.0,7.0,0.0,0.0,0.0,0.0,7.0,7.0,7.0,0.0
2019-09-06,7.0,7.0,0.0,7.0,0.0,0.0,0.0,0.0,7.0,7.0,7.0,0.0
2019-09-09,7.0,7.0,0.0,7.0,0.0,0.0,0.0,0.0,7.0,7.0,7.0,0.0
2019-09-10,7.0,7.0,0.0,7.0,0.0,0.0,0.0,0.0,7.0,7.0,7.0,0.0
2019-09-11,7.0,7.0,0.0,7.0,0.0,0.0,0.0,0.0,7.0,7.0,7.0,0.0
2019-09-12,7.0,7.0,0.0,7.0,0.0,0.0,0.0,0.0,7.0,7.0,7.0,0.0
2019-09-13,7.0,7.0,0.0,7.0,0.0,0.0,0.0,0.0,7.0,7.0,7.0,0.0
2019-09-16,7.0,7.0,0.0,7.0,0.0,0.0,0.0,0.0,7.0,7.0,7.0,0.0
2019-09-17,7.0,7.0,0.0,7.0,0.0,0.0,0.0,0.0,7.0,7.0,7.0,0.0
2019-09-18,7.0,7.0,0.0,7.0,0.0,0.0,0.0,0.0,7.0,7.0,7.0,0.0
2019-09-19,7.0,7.0,0.0,7.0,0.0,0.0,0.0,0.0,7.0,7.0,7.0,0.0
2019-09-20,7.0,7.0,0.0,7.0,0.0,0.0,0.0,0.0,7.0,7.0,7.0,0.0
2019-09-23,7.0,7.0,0.0,7.0,0.0,0.0,0.0,0.0,7.0,7.0,7.0,0.0
2019-09-24,7.0,7.0,0.0,7.0,0.0,0.0,0.0,0.0,7.0,7.0,7.0,0.0
2019-09-25,8.0,8.0,14.2857,8.0,400.0,3200000.0,0.0,0.0,8.0,8.0,8.0,400.0
2019-09-26,8.0,8.0,0.0,8.0,0.0,0.0,0.0,0.0,8.0,8.0,8.0,0.0
2019-09-27,9.1,9.1,13.75,9.1,100.0,910000.0,0.0,0.0,9.1,9.1,9.1,100.0
2019-09-30,9.1,9.1,0.0,9.1,0.0,0.0,0.0,0.0,9.1,9.1,9.1,0.0
2019-10-01,9.5,9.5,4.3956,9.5,1700.0,16150000.0,0.0,0.0,9.5,9.5,9.5,1700.0
2019-10-02,9.5,9.5,0.0,9.562,1303.0,12458800.0,0.0,0.0,9.6,9.6,9.5,1303.0
2019-10-03,9.6,9.6,0.0,8.788,5800.0,50970000.0,0.0,0.0,9.6,9.6,8.5,5800.0
2019-10-04,9.8,9.8,11.3636,9.8,100.0,980000.0,0.0,0.0,9.8,9.8,9.8,100.0
2019-10-07,9.0,9.0,-8.1633,9.0,100.0,900000.0,0.0,0.0,9.0,9.0,9.0,100.0
2019-10-08,8.8,8.8,-2.2222,8.8,2000.0,17600000.0,0.0,0.0,8.8,8.8,8.8,2000.0
2019-10-09,10.0,10.0,13.6364,8.182,1100.0,9000000.0,0.0,0.0,8.0,10.0,8.0,1100.0
2019-10-10,9.3,9.3,13.4146,9.3,900.0,8370000.0,0.0,0.0,9.3,9.3,9.3,900.0
2019-10-11,10.2,10.2,9.6774,10.2,800.0,8160000.0,0.0,0.0,10.2,10.2,10.2,800.0
2019-10-14,10.4,10.4,1.9608,10.4,300.0,3120000.0,0.0,0.0,10.4,10.4,10.4,300.0
2019-10-15,10.4,10.4,0.0,10.4,0.0,0.0,0.0,0.0,10.4,10.4,10.4,0.0
2019-10-16,9.0,9.0,-13.4615,9.0,600.0,5400000.0,2200.0,19580000.0,9.0,9.0,9.0,2800.0
2019-10-17,10.2,10.2,13.3333,10.2,200.0,2040000.0,0.0,0.0,10.2,10.2,10.2,200.0
2019-10-18,10.5,10.5,2.9412,10.5,100.0,1050000.0,0.0,0.0,10.5,10.5,10.5,100.0
2019-10-21,9.0,9.0,-14.2857,9.356,900.0,8420000.0,0.0,0.0,9.1,11.9,9.0,900.0
2019-10-22,8.5,8.5,-9.5745,8.438,2900.0,24470000.0,0.0,0.0,10.0,10.0,8.1,2900.0
2019-10-23,9.6,9.6,14.2857,9.6,100.0,960000.0,0.0,0.0,9.6,9.6,9.6,100.0
2019-10-24,10.4,10.4,8.3333,10.4,300.0,3120000.0,0.0,0.0,10.4,10.4,10.4,300.0
2019-10-25,9.0,9.0,-13.4615,9.0,400.0,3600000.0,0.0,0.0,9.0,9.0,9.0,400.0
2019-10-28,10.3,10.3,14.4444,10.3,100.0,1030000.0,0.0,0.0,10.3,10.3,10.3,100.0
2019-10-29,10.3,10.3,0.0,10.3,0.0,0.0,0.0,0.0,10.3,10.3,10.3,0.0
2019-10-30,10.3,10.3,0.0,10.3,0.0,0.0,0.0,0.0,10.3,10.3,10.3,0.0
2019-10-31,10.3,10.3,0.0,10.3,0.0,0.0,0.0,0.0,10.3,10.3,10.3,0.0
2019-11-01,9.0,9.0,-12.6214,8.956,900.0,8060000.0,0.0,0.0,8.9,9.0,8.9,900.0
2019-11-04,9.2,9.2,2.2222,9.114,700.0,6380000.0,0.0,0.0,8.9,9.2,8.9,700.0
2019-11-05,9.1,9.1,0.0,9.1,0.0,0.0,0.0,0.0,9.1,9.1,9.1,0.0
2019-11-06,8.8,8.8,-3.2967,9.027,1100.0,9930000.0,0.0,0.0,10.3,10.3,8.8,1100.0
2019-11-07,9.0,9.0,0.0,9.063,1900.0,17220000.0,0.0,0.0,10.1,10.1,8.8,1900.0
2019-11-08,9.0,9.0,-1.0989,9.0,1300.0,11700000.0,0.0,0.0,9.0,9.0,9.0,1300.0
2019-11-11,9.0,9.0,0.0,9.0,500.0,4500000.0,0.0,0.0,9.0,9.0,9.0,500.0
2019-11-12,10.2,10.2,13.3333,10.2,100.0,1020000.0,0.0,0.0,10.2,10.2,10.2,100.0
2019-11-13,8.7,8.7,-14.7059,8.7,500.0,4350000.0,0.0,0.0,8.7,8.7,8.7,500.0
2019-11-14,9.8,9.8,12.6437,9.8,100.0,980000.0,0.0,0.0,9.8,9.8,9.8,100.0
2019-11-15,8.7,8.7,-11.2245,8.7,300.0,2610000.0,0.0,0.0,8.7,8.7,8.7,300.0
2019-11-18,8.7,8.7,0.0,8.7,0.0,0.0,0.0,0.0,8.7,8.7,8.7,0.0
2019-11-19,8.7,8.7,0.0,8.7,0.0,0.0,0.0,0.0,8.7,8.7,8.7,0.0
2019-11-20,8.7,8.7,0.0,8.7,0.0,0.0,0.0,0.0,8.7,8.7,8.7,0.0
2019-11-21,8.5,8.5,-2.2989,8.5,200.0,1700000.0,0.0,0.0,8.5,8.5,8.5,200.0
2019-11-22,8.5,8.5,0.0,8.5,10000.0,85000000.0,0.0,0.0,8.5,8.5,8.5,10000.0
2019-11-25,7.3,7.3,-14.1176,7.673,2200.0,16880000.0,0.0,0.0,8.5,8.5,7.3,2200.0
2019-11-26,8.5,8.5,10.3896,8.5,900.0,7650000.0,0.0,0.0,8.5,8.5,8.5,900.0
2019-11-27,9.5,9.5,11.7647,9.5,500.0,4750000.0,0.0,0.0,9.5,9.5,9.5,500.0
2019-11-28,10.1,10.1,6.3158,10.1,100.0,1010000.0,0.0,0.0,10.1,10.1,10.1,100.0
2019-11-29,10.1,10.1,0.0,10.1,0.0,0.0,0.0,0.0,10.1,10.1,10.1,0.0
2019-12-02,10.1,10.1,0.0,10.1,0.0,0.0,0.0,0.0,10.1,10.1,10.1,0.0
2019-12-03,10.1,10.1,0.0,10.1,0.0,0.0,0.0,0.0,10.1,10.1,10.1,0.0
2019-12-04,10.1,10.1,0.0,10.1,0.0,0.0,0.0,0.0,10.1,10.1,10.1,0.0
2019-12-05,10.1,10.1,0.0,10.1,0.0,0.0,0.0,0.0,10.1,10.1,10.1,0.0
2019-12-06,10.1,10.1,0.0,10.1,0.0,0.0,0.0,0.0,10.1,10.1,10.1,0.0
2019-12-09,10.0,10.0,-0.9901,10.0,200.0,2000000.0,0.0,0.0,10.0,10.0,10.0,200.0
2019-12-10,10.0,10.0,0.0,10.0,0.0,0.0,0.0,0.0,10.0,10.0,10.0,0.0
2019-12-11,10.0,10.0,0.0,10.0,0.0,0.0,0.0,0.0,10.0,10.0,10.0,0.0
2019-12-12,10.0,10.0,0.0,10.0,0.0,0.0,0.0,0.0,10.0,10.0,10.0,0.0
2019-12-13,10.0,10.0,0.0,10.0,0.0,0.0,0.0,0.0,10.0,10.0,10.0,0.0
2019-12-16,10.0,10.0,0.0,10.0,0.0,0.0,0.0,0.0,10.0,10.0,10.0,0.0
2019-12-17,10.0,10.0,0.0,10.0,0.0,0.0,0.0,0.0,10.0,10.0,10.0,0.0
2019-12-18,10.4,10.4,4.0,10.311,900.0,9280000.0,0.0,0.0,10.0,10.4,10.0,900.0
2019-12-19,10.3,10.3,0.0,10.3,0.0,0.0,0.0,0.0,10.3,10.3,10.3,0.0
2019-12-20,10.3,10.3,0.0,10.3,0.0,0.0,0.0,0.0,10.3,10.3,10.3,0.0
2019-12-23,10.3,10.3,0.0,10.3,0.0,0.0,0.0,0.0,10.3,10.3,10.3,0.0
2019-12-24,10.3,10.3,0.0,10.3,0.0,0.0,0.0,0.0,10.3,10.3,10.3,0.0
2019-12-25,10.3,10.3,0.0,10.3,0.0,0.0,0.0,0.0,10.3,10.3,10.3,0.0
2019-12-26,10.3,10.3,0.0,10.3,0.0,0.0,0.0,0.0,10.3,10.3,10.3,0.0
2019-12-27,10.3,10.3,0.0,10.3,0.0,0.0,0.0,0.0,10.3,10.3,10.3,0.0
2019-12-30,10.3,10.3,0.0,10.3,0.0,0.0,0.0,0.0,10.3,10.3,10.3,0.0
2019-12-31,10.3,10.3,0.0,10.3,0.0,0.0,0.0,0.0,10.3,10.3,10.3,0.0
2020-01-02,10.3,10.3,0.0,10.3,0.0,0.0,0.0,0.0,10.3,10.3,10.3,0.0
2020-01-03,10.3,10.3,0.0,10.3,0.0,0.0,0.0,0.0,10.3,10.3,10.3,0.0
2020-01-06,10.3,10.3,0.0,10.3,0.0,0.0,0.0,0.0,10.3,10.3,10.3,0.0
2020-01-07,10.3,10.3,0.0,10.3,0.0,0.0,0.0,0.0,10.3,10.3,10.3,0.0
2020-01-08,10.3,10.3,0.0,10.3,0.0,0.0,0.0,0.0,10.3,10.3,10.3,0.0
2020-01-09,10.3,10.3,0.0,10.3,0.0,0.0,0.0,0.0,10.3,10.3,10.3,0.0
2020-01-10,10.3,10.3,0.0,10.3,0.0,0.0,0.0,0.0,10.3,10.3,10.3,0.0
2020-01-13,10.3,10.3,0.0,10.3,0.0,0.0,0.0,0.0,10.3,10.3,10.3,0.0
2020-01-14,10.3,10.3,0.0,10.3,0.0,0.0,0.0,0.0,10.3,10.3,10.3,0.0
2020-01-15,10.3,10.3,0.0,10.3,0.0,0.0,0.0,0.0,10.3,10.3,10.3,0.0
2020-01-16,10.3,10.3,0.0,10.3,0.0,0.0,0.0,0.0,10.3,10.3,10.3,0.0
2020-01-17,10.3,10.3,0.0,10.3,0.0,0.0,0.0,0.0,10.3,10.3,10.3,0.0
2020-01-20,10.3,10.3,0.0,10.3,0.0,0.0,0.0,0.0,10.3,10.3,10.3,0.0
2020-01-21,10.3,10.3,0.0,10.3,0.0,0.0,0.0,0.0,10.3,10.3,10.3,0.0
2020-01-22,10.3,10.3,0.0,10.3,0.0,0.0,0.0,0.0,10.3,10.3,10.3,0.0
2020-01-30,10.3,10.3,0.0,10.3,0.0,0.0,0.0,0.0,10.3,10.3,10.3,0.0
2020-01-31,10.3,10.3,0.0,10.3,0.0,0.0,0.0,0.0,10.3,10.3,10.3,0.0
2020-02-03,10.3,10.3,0.0,10.3,0.0,0.0,0.0,0.0,10.3,10.3,10.3,0.0
2020-02-04,10.3,10.3,0.0,10.3,0.0,0.0,0.0,0.0,10.3,10.3,10.3,0.0
2020-02-05,10.3,10.3,0.0,10.3,0.0,0.0,0.0,0.0,10.3,10.3,10.3,0.0
2020-02-06,10.3,10.3,0.0,10.3,0.0,0.0,0.0,0.0,10.3,10.3,10.3,0.0
2020-02-07,10.3,10.3,0.0,10.3,0.0,0.0,0.0,0.0,10.3,10.3,10.3,0.0
2020-02-10,10.3,10.3,0.0,10.3,0.0,0.0,0.0,0.0,10.3,10.3,10.3,0.0
2020-02-11,10.3,10.3,0.0,10.3,0.0,0.0,0.0,0.0,10.3,10.3,10.3,0.0
2020-02-12,10.3,10.3,0.0,10.3,0.0,0.0,0.0,0.0,10.3,10.3,10.3,0.0
2020-02-13,10.3,10.3,0.0,10.3,0.0,0.0,0.0,0.0,10.3,10.3,10.3,0.0
2020-02-14,10.3,10.3,0.0,10.3,0.0,0.0,0.0,0.0,10.3,10.3,10.3,0.0
2020-02-17,10.3,10.3,0.0,10.3,0.0,0.0,0.0,0.0,10.3,10.3,10.3,0.0
2020-02-18,10.3,10.3,0.0,10.3,0.0,0.0,0.0,0.0,10.3,10.3,10.3,0.0
2020-02-19,10.3,10.3,0.0,10.3,0.0,0.0,0.0,0.0,10.3,10.3,10.3,0.0
2020-02-20,10.3,10.3,0.0,10.3,0.0,0.0,0.0,0.0,10.3,10.3,10.3,0.0
2020-02-21,10.3,10.3,0.0,10.3,0.0,0.0,0.0,0.0,10.3,10.3,10.3,0.0
2020-02-24,10.3,10.3,0.0,10.3,0.0,0.0,0.0,0.0,10.3,10.3,10.3,0.0
2020-02-25,10.3,10.3,0.0,10.3,0.0,0.0,0.0,0.0,10.3,10.3,10.3,0.0
2020-02-26,10.3,10.3,0.0,10.3,0.0,0.0,0.0,0.0,10.3,10.3,10.3,0.0
2020-02-27,10.3,10.3,0.0,10.3,0.0,0.0,0.0,0.0,10.3,10.3,10.3,0.0
2020-02-28,10.3,10.3,0.0,10.3,0.0,0.0,0.0,0.0,10.3,10.3,10.3,0.0
2020-03-02,10.3,10.3,0.0,10.3,0.0,0.0,0.0,0.0,10.3,10.3,10.3,0.0
2020-03-03,10.3,10.3,0.0,10.3,0.0,0.0,0.0,0.0,10.3,10.3,10.3,0.0
2020-03-04,10.3,10.3,0.0,10.3,0.0,0.0,0.0,0.0,10.3,10.3,10.3,0.0
2020-03-05,10.3,10.3,0.0,10.3,0.0,0.0,0.0,0.0,10.3,10.3,10.3,0.0
2020-03-06,10.3,10.3,0.0,10.3,0.0,0.0,0.0,0.0,10.3,10.3,10.3,0.0
2020-03-09,10.3,10.3,0.0,10.3,0.0,0.0,0.0,0.0,10.3,10.3,10.3,0.0
2020-03-10,10.3,10.3,0.0,10.3,0.0,0.0,0.0,0.0,10.3,10.3,10.3,0.0
2020-03-11,10.3,10.3,0.0,10.3,0.0,0.0,0.0,0.0,10.3,10.3,10.3,0.0
2020-03-12,10.3,10.3,0.0,10.3,0.0,0.0,0.0,0.0,10.3,10.3,10.3,0.0
2020-03-13,10.3,10.3,0.0,10.3,0.0,0.0,0.0,0.0,10.3,10.3,10.3,0.0
2020-03-16,10.0,10.0,-2.9126,10.0,25100.0,251000000.0,0.0,0.0,10.0,10.0,10.0,25100.0
2020-03-17,10.0,10.0,0.0,10.0,0.0,0.0,0.0,0.0,10.0,10.0,10.0,0.0
2020-03-18,10.0,10.0,0.0,10.0,0.0,0.0,0.0,0.0,10.0,10.0,10.0,0.0
2020-03-19,10.0,10.0,0.0,10.0,0.0,0.0,0.0,0.0,10.0,10.0,10.0,0.0
2020-03-20,10.0,10.0,0.0,10.0,0.0,0.0,0.0,0.0,10.0,10.0,10.0,0.0
2020-03-23,10.0,10.0,0.0,10.0,0.0,0.0,0.0,0.0,10.0,10.0,10.0,0.0
2020-03-24,10.0,10.0,0.0,10.0,0.0,0.0,0.0,0.0,10.0,10.0,10.0,0.0
2020-03-25,10.0,10.0,0.0,10.0,0.0,0.0,0.0,0.0,10.0,10.0,10.0,0.0
2020-03-26,10.0,10.0,0.0,10.0,0.0,0.0,0.0,0.0,10.0,10.0,10.0,0.0
2020-03-27,10.0,10.0,0.0,10.0,0.0,0.0,0.0,0.0,10.0,10.0,10.0,0.0
2020-03-30,10.0,10.0,0.0,10.0,0.0,0.0,0.0,0.0,10.0,10.0,10.0,0.0
2020-03-31,10.0,10.0,0.0,10.0,0.0,0.0,0.0,0.0,10.0,10.0,10.0,0.0
2020-04-01,10.0,10.0,0.0,10.0,0.0,0.0,0.0,0.0,10.0,10.0,10.0,0.0
2020-04-03,10.0,10.0,0.0,10.0,0.0,0.0,0.0,0.0,10.0,10.0,10.0,0.0
2020-04-06,10.0,10.0,0.0,10.0,0.0,0.0,0.0,0.0,10.0,10.0,10.0,0.0
2020-04-07,10.0,10.0,0.0,10.0,0.0,0.0,0.0,0.0,10.0,10.0,10.0,0.0
2020-04-08,10.0,10.0,0.0,10.0,0.0,0.0,0.0,0.0,10.0,10.0,10.0,0.0
2020-04-09,10.0,10.0,0.0,10.0,0.0,0.0,0.0,0.0,10.0,10.0,10.0,0.0
2020-04-10,10.0,10.0,0.0,10.0,0.0,0.0,73100.0,621350000.0,10.0,10.0,10.0,73100.0
2020-04-13,10.0,10.0,0.0,10.0,0.0,0.0,0.0,0.0,10.0,10.0,10.0,0.0
2020-04-14,10.0,10.0,0.0,10.0,0.0,0.0,0.0,0.0,10.0,10.0,10.0,0.0
2020-04-15,10.0,10.0,0.0,10.0,0.0,0.0,0.0,0.0,10.0,10.0,10.0,0.0
2020-04-16,10.0,10.0,0.0,10.0,4.0,34000.0,0.0,0.0,10.0,10.0,10.0,4.0
2020-04-17,10.0,10.0,0.0,10.0,0.0,0.0,0.0,0.0,10.0,10.0,10.0,0.0
2020-04-20,10.0,10.0,0.0,10.0,0.0,0.0,0.0,0.0,10.0,10.0,10.0,0.0
2020-04-21,10.0,10.0,0.0,10.0,0.0,0.0,0.0,0.0,10.0,10.0,10.0,0.0
2020-04-22,10.0,10.0,0.0,10.0,0.0,0.0,0.0,0.0,10.0,10.0,10.0,0.0
2020-04-23,10.0,10.0,0.0,10.0,0.0,0.0,0.0,0.0,10.0,10.0,10.0,0.0
2020-04-24,10.0,10.0,0.0,10.0,0.0,0.0,0.0,0.0,10.0,10.0,10.0,0.0
2020-04-27,10.0,10.0,0.0,10.0,0.0,0.0,0.0,0.0,10.0,10.0,10.0,0.0
2020-04-28,10.0,10.0,0.0,10.0,0.0,0.0,0.0,0.0,10.0,10.0,10.0,0.0
2020-04-29,10.0,10.0,0.0,10.0,0.0,0.0,0.0,0.0,10.0,10.0,10.0,0.0
2020-05-04,10.0,10.0,0.0,10.0,0.0,0.0,0.0,0.0,10.0,10.0,10.0,0.0
2020-05-05,10.0,10.0,0.0,10.0,0.0,0.0,0.0,0.0,10.0,10.0,10.0,0.0
2020-05-06,10.0,10.0,0.0,10.0,0.0,0.0,0.0,0.0,10.0,10.0,10.0,0.0
2020-05-07,9.9,9.9,-1.0,9.9,50000.0,495000000.0,0.0,0.0,9.9,9.9,9.9,50000.0
2020-05-08,9.9,9.9,0.0,9.9,0.0,0.0,0.0,0.0,9.9,9.9,9.9,0.0
2020-05-11,9.9,9.9,0.0,9.9,0.0,0.0,0.0,0.0,9.9,9.9,9.9,0.0
2020-05-12,10.8,10.8,9.0909,10.8,7200.0,77760000.0,0.0,0.0,10.8,10.8,10.8,7200.0
2020-05-13,9.9,9.9,-8.3333,9.9,58400.0,578160000.0,0.0,0.0,9.9,9.9,9.9,58400.0
2020-05-14,9.9,9.9,0.0,9.9,0.0,0.0,0.0,0.0,9.9,9.9,9.9,0.0
2020-05-15,9.9,9.9,0.0,9.9,0.0,0.0,0.0,0.0,9.9,9.9,9.9,0.0
2020-05-18,9.9,9.9,0.0,9.9,0.0,0.0,0.0,0.0,9.9,9.9,9.9,0.0
2020-05-19,9.9,9.9,0.0,9.9,0.0,0.0,0.0,0.0,9.9,9.9,9.9,0.0
2020-05-20,8.9,8.9,-10.101,8.9,16800.0,149520000.0,0.0,0.0,8.9,8.9,8.9,16800.0
2020-05-21,10.2,10.2,14.6067,10.2,100.0,1020000.0,0.0,0.0,10.2,10.2,10.2,100.0
2020-05-22,10.2,10.2,0.0,10.2,0.0,0.0,0.0,0.0,10.2,10.2,10.2,0.0
2020-05-25,10.2,10.2,0.0,10.2,0.0,0.0,0.0,0.0,10.2,10.2,10.2,0.0
2020-05-26,10.2,10.2,0.0,10.2,0.0,0.0,0.0,0.0,10.2,10.2,10.2,0.0
2020-05-27,10.2,10.2,0.0,10.2,0.0,0.0,0.0,0.0,10.2,10.2,10.2,0.0
2020-05-28,10.2,10.2,0.0,10.2,0.0,0.0,0.0,0.0,10.2,10.2,10.2,0.0
2020-05-29,10.2,10.2,0.0,10.2,0.0,0.0,0.0,0.0,10.2,10.2,10.2,0.0
2020-06-01,10.2,10.2,0.0,10.2,0.0,0.0,0.0,0.0,10.2,10.2,10.2,0.0
2020-06-02,10.2,10.2,0.0,10.2,0.0,0.0,0.0,0.0,10.2,10.2,10.2,0.0
2020-06-03,10.2,10.2,0.0,10.2,0.0,0.0,0.0,0.0,10.2,10.2,10.2,0.0
2020-06-04,10.2,10.2,0.0,10.2,0.0,0.0,0.0,0.0,10.2,10.2,10.2,0.0
2020-06-05,10.2,10.2,0.0,10.2,0.0,0.0,0.0,0.0,10.2,10.2,10.2,0.0
2020-06-08,10.2,10.2,0.0,10.2,0.0,0.0,0.0,0.0,10.2,10.2,10.2,0.0
2020-06-09,10.2,10.2,0.0,10.2,0.0,0.0,0.0,0.0,10.2,10.2,10.2,0.0
2020-06-10,10.2,10.2,0.0,10.2,0.0,0.0,0.0,0.0,10.2,10.2,10.2,0.0
2020-06-11,10.2,10.2,0.0,10.2,0.0,0.0,0.0,0.0,10.2,10.2,10.2,0.0
2020-06-12,10.2,10.2,0.0,10.2,0.0,0.0,0.0,0.0,10.2,10.2,10.2,0.0
2020-06-15,10.2,10.2,0.0,10.2,0.0,0.0,0.0,0.0,10.2,10.2,10.2,0.0
2020-06-16,10.2,10.2,0.0,10.2,0.0,0.0,0.0,0.0,10.2,10.2,10.2,0.0
2020-06-17,10.2,10.2,0.0,10.2,0.0,0.0,0.0,0.0,10.2,10.2,10.2,0.0
2020-06-18,10.2,10.2,0.0,10.2,0.0,0.0,0.0,0.0,10.2,10.2,10.2,0.0
2020-06-19,10.2,10.2,0.0,10.2,0.0,0.0,0.0,0.0,10.2,10.2,10.2,0.0
2020-06-22,10.2,10.2,0.0,10.2,0.0,0.0,0.0,0.0,10.2,10.2,10.2,0.0
2020-06-23,10.2,10.2,0.0,10.2,0.0,0.0,0.0,0.0,10.2,10.2,10.2,0.0
2020-06-24,10.2,10.2,0.0,10.2,0.0,0.0,0.0,0.0,10.2,10.2,10.2,0.0
2020-06-25,10.2,10.2,0.0,10.2,0.0,0.0,0.0,0.0,10.2,10.2,10.2,0.0
2020-06-26,10.2,10.2,0.0,10.2,0.0,0.0,0.0,0.0,10.2,10.2,10.2,0.0
2020-06-29,10.2,10.2,0.0,10.2,0.0,0.0,0.0,0.0,10.2,10.2,10.2,0.0
2020-06-30,10.2,10.2,0.0,10.2,0.0,0.0,0.0,0.0,10.2,10.2,10.2,0.0
2020-07-01,10.2,10.2,0.0,10.2,0.0,0.0,0.0,0.0,10.2,10.2,10.2,0.0
2020-07-02,10.2,10.2,0.0,10.2,0.0,0.0,0.0,0.0,10.2,10.2,10.2,0.0
2020-07-03,10.2,10.2,0.0,10.2,0.0,0.0,0.0,0.0,10.2,10.2,10.2,0.0
2020-07-06,10.2,10.2,0.0,10.2,0.0,0.0,0.0,0.0,10.2,10.2,10.2,0.0
2020-07-07,10.2,10.2,0.0,10.2,0.0,0.0,0.0,0.0,10.2,10.2,10.2,0.0
2020-07-08,10.2,10.2,0.0,10.2,0.0,0.0,0.0,0.0,10.2,10.2,10.2,0.0
2020-07-09,10.2,10.2,0.0,10.2,0.0,0.0,0.0,0.0,10.2,10.2,10.2,0.0
2020-07-10,10.2,10.2,0.0,10.2,0.0,0.0,0.0,0.0,10.2,10.2,10.2,0.0
2020-07-13,10.2,10.2,0.0,10.2,0.0,0.0,0.0,0.0,10.2,10.2,10.2,0.0
2020-07-14,10.2,10.2,0.0,10.2,0.0,0.0,0.0,0.0,10.2,10.2,10.2,0.0
2020-07-15,10.2,10.2,0.0,10.2,0.0,0.0,0.0,0.0,10.2,10.2,10.2,0.0
2020-07-16,10.2,10.2,0.0,10.2,0.0,0.0,0.0,0.0,10.2,10.2,10.2,0.0
2020-07-17,10.2,10.2,0.0,10.2,0.0,0.0,0.0,0.0,10.2,10.2,10.2,0.0
2020-07-20,10.2,10.2,0.0,10.2,0.0,0.0,0.0,0.0,10.2,10.2,10.2,0.0
2020-07-21,10.2,10.2,0.0,10.2,0.0,0.0,0.0,0.0,10.2,10.2,10.2,0.0
2020-07-22,10.2,10.2,0.0,10.2,0.0,0.0,0.0,0.0,10.2,10.2,10.2,0.0
2020-07-23,10.2,10.2,0.0,10.2,0.0,0.0,0.0,0.0,10.2,10.2,10.2,0.0
2020-07-24,10.2,10.2,0.0,10.2,0.0,0.0,0.0,0.0,10.2,10.2,10.2,0.0
2020-07-27,10.2,10.2,0.0,10.2,0.0,0.0,0.0,0.0,10.2,10.2,10.2,0.0
2020-07-28,10.2,10.2,0.0,10.2,0.0,0.0,0.0,0.0,10.2,10.2,10.2,0.0
2020-07-29,10.2,10.2,0.0,10.2,0.0,0.0,0.0,0.0,10.2,10.2,10.2,0.0
2020-07-30,10.2,10.2,0.0,10.2,0.0,0.0,0.0,0.0,10.2,10.2,10.2,0.0
2020-07-31,10.2,10.2,0.0,10.2,0.0,0.0,0.0,0.0,10.2,10.2,10.2,0.0
2020-08-03,10.2,10.2,0.0,10.2,0.0,0.0,0.0,0.0,10.2,10.2,10.2,0.0
2020-08-04,10.2,10.2,0.0,10.2,0.0,0.0,0.0,0.0,10.2,10.2,10.2,0.0
2020-08-05,10.2,10.2,0.0,10.2,0.0,0.0,0.0,0.0,10.2,10.2,10.2,0.0
2020-08-06,10.2,10.2,0.0,10.2,0.0,0.0,0.0,0.0,10.2,10.2,10.2,0.0
2020-08-07,10.2,10.2,0.0,10.2,0.0,0.0,0.0,0.0,10.2,10.2,10.2,0.0
2020-08-10,10.2,10.2,0.0,10.2,0.0,0.0,0.0,0.0,10.2,10.2,10.2,0.0
2020-08-11,10.2,10.2,0.0,10.2,0.0,0.0,0.0,0.0,10.2,10.2,10.2,0.0
2020-08-12,10.2,10.2,0.0,10.2,0.0,0.0,0.0,0.0,10.2,10.2,10.2,0.0
2020-08-13,10.2,10.2,0.0,10.2,0.0,0.0,0.0,0.0,10.2,10.2,10.2,0.0
2020-08-14,10.2,10.2,0.0,10.2,0.0,0.0,0.0,0.0,10.2,10.2,10.2,0.0
2020-08-17,10.2,10.2,0.0,10.2,0.0,0.0,0.0,0.0,10.2,10.2,10.2,0.0
2020-08-18,10.2,10.2,0.0,10.2,0.0,0.0,0.0,0.0,10.2,10.2,10.2,0.0
2020-08-19,10.2,10.2,0.0,10.2,0.0,0.0,0.0,0.0,10.2,10.2,10.2,0.0
2020-08-20,10.2,10.2,0.0,10.2,0.0,0.0,0.0,0.0,10.2,10.2,10.2,0.0
2020-08-21,10.2,10.2,0.0,10.2,0.0,0.0,0.0,0.0,10.2,10.2,10.2,0.0
2020-08-24,10.2,10.2,0.0,10.2,0.0,0.0,0.0,0.0,10.2,10.2,10.2,0.0
2020-08-25,10.2,10.2,0.0,10.2,0.0,0.0,0.0,0.0,10.2,10.2,10.2,0.0
2020-08-26,10.2,10.2,0.0,10.2,0.0,0.0,0.0,0.0,10.2,10.2,10.2,0.0
2020-08-27,10.2,10.2,0.0,10.2,0.0,0.0,0.0,0.0,10.2,10.2,10.2,0.0
2020-08-28,10.2,10.2,0.0,10.2,0.0,0.0,0.0,0.0,10.2,10.2,10.2,0.0
2020-08-31,10.2,10.2,0.0,10.2,0.0,0.0,0.0,0.0,10.2,10.2,10.2,0.0
2020-09-01,10.2,10.2,0.0,10.2,0.0,0.0,0.0,0.0,10.2,10.2,10.2,0.0
2020-09-03,10.2,10.2,0.0,10.2,0.0,0.0,0.0,0.0,10.2,10.2,10.2,0.0
2020-09-04,10.2,10.2,0.0,10.2,0.0,0.0,0.0,0.0,10.2,10.2,10.2,0.0
2020-09-07,10.2,10.2,0.0,10.2,0.0,0.0,0.0,0.0,10.2,10.2,10.2,0.0
2020-09-08,10.2,10.2,0.0,10.2,0.0,0.0,0.0,0.0,10.2,10.2,10.2,0.0
2020-09-09,10.2,10.2,0.0,10.2,0.0,0.0,0.0,0.0,10.2,10.2,10.2,0.0
2020-09-10,10.2,10.2,0.0,10.2,0.0,0.0,0.0,0.0,10.2,10.2,10.2,0.0
2020-09-11,10.2,10.2,0.0,10.2,0.0,0.0,0.0,0.0,10.2,10.2,10.2,0.0
2020-09-14,10.2,10.2,0.0,10.2,0.0,0.0,0.0,0.0,10.2,10.2,10.2,0.0
2020-09-15,10.2,10.2,0.0,10.2,0.0,0.0,0.0,0.0,10.2,10.2,10.2,0.0
2020-09-16,10.2,10.2,0.0,10.2,0.0,0.0,0.0,0.0,10.2,10.2,10.2,0.0
2020-09-17,10.2,10.2,0.0,10.2,0.0,0.0,0.0,0.0,10.2,10.2,10.2,0.0
2020-09-18,10.2,10.2,0.0,10.2,0.0,0.0,0.0,0.0,10.2,10.2,10.2,0.0
2020-09-21,10.2,10.2,0.0,10.2,0.0,0.0,0.0,0.0,10.2,10.2,10.2,0.0
2020-09-22,10.2,10.2,0.0,10.2,0.0,0.0,0.0,0.0,10.2,10.2,10.2,0.0
2020-09-23,10.2,10.2,0.0,10.2,0.0,0.0,0.0,0.0,10.2,10.2,10.2,0.0
2020-09-24,10.2,10.2,0.0,10.2,0.0,0.0,0.0,0.0,10.2,10.2,10.2,0.0
2020-09-25,10.2,10.2,0.0,10.2,0.0,0.0,0.0,0.0,10.2,10.2,10.2,0.0
2020-09-28,10.2,10.2,0.0,10.2,0.0,0.0,0.0,0.0,10.2,10.2,10.2,0.0
2020-09-29,10.2,10.2,0.0,10.2,0.0,0.0,0.0,0.0,10.2,10.2,10.2,0.0
2020-09-30,10.2,10.2,0.0,10.2,0.0,0.0,0.0,0.0,10.2,10.2,10.2,0.0
2020-10-01,10.2,10.2,0.0,10.2,0.0,0.0,0.0,0.0,10.2,10.2,10.2,0.0
2020-10-02,10.2,10.2,0.0,10.2,0.0,0.0,0.0,0.0,10.2,10.2,10.2,0.0
2020-10-05,10.2,10.2,0.0,10.2,0.0,0.0,0.0,0.0,10.2,10.2,10.2,0.0
2020-10-06,10.2,10.2,0.0,10.2,0.0,0.0,0.0,0.0,10.2,10.2,10.2,0.0
2020-10-07,10.2,10.2,0.0,10.2,0.0,0.0,0.0,0.0,10.2,10.2,10.2,0.0
2020-10-08,10.2,10.2,0.0,10.2,0.0,0.0,0.0,0.0,10.2,10.2,10.2,0.0
2020-10-09,10.2,10.2,0.0,10.2,0.0,0.0,0.0,0.0,10.2,10.2,10.2,0.0
2020-10-12,10.2,10.2,0.0,10.2,0.0,0.0,0.0,0.0,10.2,10.2,10.2,0.0
2020-10-13,10.2,10.2,0.0,10.2,0.0,0.0,0.0,0.0,10.2,10.2,10.2,0.0
2020-10-14,10.2,10.2,0.0,10.2,0.0,0.0,0.0,0.0,10.2,10.2,10.2,0.0
2020-10-15,10.2,10.2,0.0,10.2,0.0,0.0,0.0,0.0,10.2,10.2,10.2,0.0
2020-10-16,10.2,10.2,0.0,10.2,0.0,0.0,0.0,0.0,10.2,10.2,10.2,0.0
2020-10-19,10.2,10.2,0.0,10.2,0.0,0.0,0.0,0.0,10.2,10.2,10.2,0.0
2020-10-20,10.2,10.2,0.0,10.2,0.0,0.0,0.0,0.0,10.2,10.2,10.2,0.0
2020-10-21,10.2,10.2,0.0,10.2,0.0,0.0,0.0,0.0,10.2,10.2,10.2,0.0
2020-10-22,10.2,10.2,0.0,10.2,0.0,0.0,0.0,0.0,10.2,10.2,10.2,0.0
2020-10-23,10.2,10.2,0.0,10.2,0.0,0.0,0.0,0.0,10.2,10.2,10.2,0.0
2020-10-26,10.2,10.2,0.0,10.2,0.0,0.0,0.0,0.0,10.2,10.2,10.2,0.0
2020-10-27,10.2,10.2,0.0,10.2,0.0,0.0,0.0,0.0,10.2,10.2,10.2,0.0
2020-10-28,10.2,10.2,0.0,10.2,0.0,0.0,0.0,0.0,10.2,10.2,10.2,0.0
2020-10-29,10.2,10.2,0.0,10.2,0.0,0.0,0.0,0.0,10.2,10.2,10.2,0.0
2020-10-30,10.2,10.2,0.0,10.2,0.0,0.0,0.0,0.0,10.2,10.2,10.2,0.0
2020-11-02,10.2,10.2,0.0,10.2,0.0,0.0,0.0,0.0,10.2,10.2,10.2,0.0
2020-11-03,10.2,10.2,0.0,10.2,0.0,0.0,0.0,0.0,10.2,10.2,10.2,0.0
2020-11-04,10.2,10.2,0.0,10.2,0.0,0.0,0.0,0.0,10.2,10.2,10.2,0.0
2020-11-05,10.2,10.2,0.0,10.2,0.0,0.0,0.0,0.0,10.2,10.2,10.2,0.0
2020-11-06,10.2,10.2,0.0,10.2,0.0,0.0,0.0,0.0,10.2,10.2,10.2,0.0
2020-11-09,10.2,10.2,0.0,10.2,0.0,0.0,0.0,0.0,10.2,10.2,10.2,0.0
2020-11-10,10.2,10.2,0.0,10.2,0.0,0.0,0.0,0.0,10.2,10.2,10.2,0.0
2020-11-11,10.2,10.2,0.0,10.2,0.0,0.0,0.0,0.0,10.2,10.2,10.2,0.0
2020-11-12,6.8,6.8,-33.3333,6.8,100.0,680000.0,0.0,0.0,6.8,6.8,6.8,100.0
2020-11-13,6.8,6.8,0.0,6.8,0.0,0.0,0.0,0.0,6.8,6.8,6.8,0.0
2020-11-16,6.8,6.8,0.0,6.8,0.0,0.0,0.0,0.0,6.8,6.8,6.8,0.0
2020-11-17,6.8,6.8,0.0,6.8,0.0,0.0,0.0,0.0,6.8,6.8,6.8,0.0
2020-11-18,6.8,6.8,0.0,6.8,0.0,0.0,0.0,0.0,6.8,6.8,6.8,0.0
2020-11-19,6.8,6.8,0.0,6.8,0.0,0.0,0.0,0.0,6.8,6.8,6.8,0.0
2020-11-20,6.8,6.8,0.0,6.8,0.0,0.0,0.0,0.0,6.8,6.8,6.8,0.0
2020-11-23,6.8,6.8,0.0,6.8,0.0,0.0,0.0,0.0,6.8,6.8,6.8,0.0
2020-11-24,6.8,6.8,0.0,6.8,0.0,0.0,0.0,0.0,6.8,6.8,6.8,0.0
2020-11-25,6.8,6.8,0.0,6.8,0.0,0.0,0.0,0.0,6.8,6.8,6.8,0.0
2020-11-26,6.8,6.8,0.0,6.8,0.0,0.0,0.0,0.0,6.8,6.8,6.8,0.0
2020-11-27,6.8,6.8,0.0,6.8,0.0,0.0,0.0,0.0,6.8,6.8,6.8,0.0
2020-11-30,6.8,6.8,0.0,6.8,0.0,0.0,0.0,0.0,6.8,6.8,6.8,0.0
2020-12-01,6.8,6.8,0.0,6.8,0.0,0.0,0.0,0.0,6.8,6.8,6.8,0.0
2020-12-02,7.8,7.8,14.7059,7.8,300.0,2340000.0,0.0,0.0,7.8,7.8,7.8,300.0
2020-12-03,7.8,7.8,0.0,7.8,0.0,0.0,0.0,0.0,7.8,7.8,7.8,0.0
2020-12-04,7.8,7.8,0.0,7.8,0.0,0.0,0.0,0.0,7.8,7.8,7.8,0.0
2020-12-07,7.8,7.8,0.0,7.8,0.0,0.0,0.0,0.0,7.8,7.8,7.8,0.0
2020-12-08,7.8,7.8,0.0,7.8,0.0,0.0,0.0,0.0,7.8,7.8,7.8,0.0
2020-12-09,7.8,7.8,0.0,7.8,0.0,0.0,0.0,0.0,7.8,7.8,7.8,0.0
2020-12-10,8.9,8.9,14.1026,8.9,100.0,890000.0,0.0,0.0,8.9,8.9,8.9,100.0
2020-12-11,10.2,10.2,14.6067,10.2,100.0,1020000.0,0.0,0.0,10.2,10.2,10.2,100.0
2020-12-14,10.2,10.2,0.0,10.2,0.0,0.0,0.0,0.0,10.2,10.2,10.2,0.0
2020-12-15,10.2,10.2,0.0,10.2,0.0,0.0,0.0,0.0,10.2,10.2,10.2,0.0
2020-12-16,10.2,10.2,0.0,10.2,0.0,0.0,0.0,0.0,10.2,10.2,10.2,0.0
2020-12-17,8.7,8.7,-14.7059,8.7,1000.0,8700000.0,0.0,0.0,8.7,8.7,8.7,1000.0
2020-12-18,8.7,8.7,0.0,8.7,6400.0,55680000.0,0.0,0.0,8.7,8.7,8.7,6400.0
2020-12-21,8.7,8.7,0.0,8.7,0.0,0.0,0.0,0.0,8.7,8.7,8.7,0.0
2020-12-22,8.6,8.6,-1.1494,8.6,1000.0,8600000.0,0.0,0.0,8.6,8.6,8.6,1000.0
2020-12-23,8.6,8.6,0.0,8.6,0.0,0.0,0.0,0.0,8.6,8.6,8.6,0.0
2020-12-24,8.6,8.6,0.0,8.6,0.0,0.0,0.0,0.0,8.6,8.6,8.6,0.0
2020-12-25,8.6,8.6,0.0,8.6,0.0,0.0,0.0,0.0,8.6,8.6,8.6,0.0
2020-12-28,8.6,8.6,0.0,8.6,0.0,0.0,0.0,0.0,8.6,8.6,8.6,0.0
2020-12-29,8.0,8.0,-6.9767,8.0,300.0,2400000.0,0.0,0.0,8.0,8.0,8.0,300.0
2020-12-30,9.2,9.2,15.0,8.66,2000.0,17320000.0,0.0,0.0,8.0,9.2,8.0,2000.0
2020-12-31,10.0,10.0,14.9425,10.0,500.0,5000000.0,0.0,0.0,10.0,10.0,10.0,500.0
2021-01-04,9.9,9.9,-1.0,9.9,600.0,5940000.0,0.0,0.0,9.9,9.9,9.9,600.0
2021-01-05,9.9,9.9,0.0,9.9,0.0,0.0,0.0,0.0,9.9,9.9,9.9,0.0
2021-01-06,9.9,9.9,0.0,9.9,1000.0,9900000.0,0.0,0.0,9.9,9.9,9.9,1000.0
2021-01-07,9.9,9.9,0.0,9.9,0.0,0.0,0.0,0.0,9.9,9.9,9.9,0.0
2021-01-08,10.5,10.5,6.0606,10.5,300.0,3150000.0,0.0,0.0,10.5,10.5,10.5,300.0
2021-01-11,10.5,10.5,0.0,10.5,0.0,0.0,0.0,0.0,10.5,10.5,10.5,0.0
2021-01-12,10.2,10.2,-2.8571,10.2,1000.0,10200000.0,0.0,0.0,10.2,10.2,10.2,1000.0
2021-01-13,10.2,10.2,0.0,10.2,0.0,0.0,0.0,0.0,10.2,10.2,10.2,0.0
2021-01-14,10.2,10.2,0.0,10.2,0.0,0.0,0.0,0.0,10.2,10.2,10.2,0.0
2021-01-15,10.2,10.2,0.0,10.2,1.0,10100.0,0.0,0.0,10.2,10.2,10.2,1.0
2021-01-18,10.2,10.2,0.0,10.297,3100.0,31920000.0,0.0,0.0,10.3,10.3,10.2,3100.0
2021-01-19,10.3,10.3,0.0,10.3,0.0,0.0,0.0,0.0,10.3,10.3,10.3,0.0
2021-01-20,10.2,10.2,-0.9709,10.2,100.0,1020000.0,0.0,0.0,10.2,10.2,10.2,100.0
2021-01-21,10.0,10.0,-1.9608,10.0,200.0,2000000.0,0.0,0.0,10.0,10.0,10.0,200.0
2021-01-22,10.0,10.0,0.0,10.0,0.0,0.0,0.0,0.0,10.0,10.0,10.0,0.0
2021-01-25,10.0,10.0,0.0,10.0,0.0,0.0,0.0,0.0,10.0,10.0,10.0,0.0
2021-01-26,10.0,10.0,0.0,10.0,0.0,0.0,0.0,0.0,10.0,10.0,10.0,0.0
2021-01-27,10.0,10.0,0.0,10.0,0.0,0.0,0.0,0.0,10.0,10.0,10.0,0.0
2021-01-28,10.0,10.0,0.0,10.0,0.0,0.0,0.0,0.0,10.0,10.0,10.0,0.0
2021-01-29,10.0,10.0,0.0,10.0,0.0,0.0,0.0,0.0,10.0,10.0,10.0,0.0
2021-02-01,10.0,10.0,0.0,10.0,0.0,0.0,0.0,0.0,10.0,10.0,10.0,0.0
2021-02-02,10.0,10.0,0.0,10.0,0.0,0.0,0.0,0.0,10.0,10.0,10.0,0.0
2021-02-03,10.0,10.0,0.0,9.95,1800.0,17910000.0,0.0,0.0,9.9,10.0,9.9,1800.0
2021-02-04,10.0,10.0,0.0,10.0,0.0,0.0,0.0,0.0,10.0,10.0,10.0,0.0
2021-02-05,10.0,10.0,0.0,10.0,0.0,0.0,0.0,0.0,10.0,10.0,10.0,0.0
2021-02-08,10.0,10.0,0.0,10.0,0.0,0.0,0.0,0.0,10.0,10.0,10.0,0.0
2021-02-09,10.0,10.0,0.0,10.0,0.0,0.0,0.0,0.0,10.0,10.0,10.0,0.0
2021-02-17,10.0,10.0,0.0,10.0,0.0,0.0,0.0,0.0,10.0,10.0,10.0,0.0
2021-02-18,10.0,10.0,0.0,10.0,0.0,0.0,0.0,0.0,10.0,10.0,10.0,0.0
2021-02-19,10.0,10.0,0.0,10.0,0.0,0.0,0.0,0.0,10.0,10.0,10.0,0.0
2021-02-22,10.0,10.0,0.0,10.0,0.0,0.0,0.0,0.0,10.0,10.0,10.0,0.0
2021-02-23,10.0,10.0,0.0,10.0,0.0,0.0,0.0,0.0,10.0,10.0,10.0,0.0
2021-02-24,10.0,10.0,0.0,10.0,0.0,0.0,0.0,0.0,10.0,10.0,10.0,0.0
2021-02-25,10.0,10.0,0.0,10.0,0.0,0.0,0.0,0.0,10.0,10.0,10.0,0.0
2021-02-26,8.5,8.5,-15.0,8.5,800.0,6800000.0,0.0,0.0,8.5,8.5,8.5,800.0
2021-03-01,7.3,7.3,-14.1176,7.744,1600.0,12390000.0,0.0,0.0,8.5,8.5,7.3,1600.0
2021-03-02,7.7,7.7,0.0,7.7,0.0,0.0,0.0,0.0,7.7,7.7,7.7,0.0
2021-03-03,6.6,6.6,-14.2857,6.611,2700.0,17850000.0,0.0,0.0,6.6,6.7,6.6,2700.0
2021-03-04,7.5,7.5,13.6364,7.105,2100.0,14920000.0,0.0,0.0,6.7,7.5,6.7,2100.0
2021-03-05,7.1,7.1,0.0,7.1,200.0,1420000.0,0.0,0.0,7.1,7.1,7.1,200.0
2021-03-08,7.1,7.1,0.0,7.1,100.0,710000.0,0.0,0.0,7.1,7.1,7.1,100.0
2021-03-09,8.1,8.1,14.0845,6.869,1300.0,8930000.0,0.0,0.0,7.1,8.1,6.6,1300.0
2021-03-10,6.9,6.9,0.0,6.9,0.0,0.0,0.0,0.0,6.9,6.9,6.9,0.0
2021-03-11,6.9,6.9,0.0,6.9,0.0,0.0,0.0,0.0,6.9,6.9,6.9,0.0
2021-03-12,6.9,6.9,0.0,6.9,0.0,0.0,0.0,0.0,6.9,6.9,6.9,0.0
2021-03-15,6.9,6.9,0.0,6.9,400.0,2760000.0,0.0,0.0,6.9,6.9,6.9,400.0
2021-03-16,6.9,6.9,0.0,6.9,800.0,5520000.0,0.0,0.0,6.9,6.9,6.9,800.0
2021-03-17,6.4,6.4,-7.2464,6.692,4900.0,32790000.0,0.0,0.0,6.9,6.9,6.4,4900.0
2021-03-18,6.7,6.7,0.0,6.7,0.0,0.0,0.0,0.0,6.7,6.7,6.7,0.0
2021-03-19,6.7,6.7,0.0,6.847,3000.0,20540000.0,0.0,0.0,6.9,6.9,6.7,3000.0
2021-03-22,5.9,5.9,-13.2353,5.9,200.0,1180000.0,0.0,0.0,5.9,5.9,5.9,200.0
2021-03-23,6.7,6.7,13.5593,6.7,200.0,1340000.0,0.0,0.0,6.7,6.7,6.7,200.0
2021-03-24,7.0,7.0,4.4776,7.0,3200.0,22400000.0,0.0,0.0,6.9,7.1,6.9,3200.0
2021-03-25,7.0,7.0,0.0,7.0,900.0,6300000.0,0.0,0.0,7.0,7.0,7.0,900.0
2021-03-26,7.0,7.0,0.0,7.0,1200.0,8400000.0,0.0,0.0,7.0,7.0,7.0,1200.0
2021-03-29,7.0,7.0,0.0,7.0,1100.0,7700000.0,0.0,0.0,7.0,7.0,7.0,1100.0
2021-03-30,7.0,7.0,0.0,7.0,0.0,0.0,0.0,0.0,7.0,7.0,7.0,0.0
2021-03-31,7.0,7.0,0.0,7.0,1800.0,12600000.0,0.0,0.0,7.0,7.0,7.0,1800.0
2021-04-01,7.0,7.0,0.0,7.0,0.0,0.0,0.0,0.0,7.0,7.0,7.0,0.0
2021-04-02,6.2,6.2,-11.4286,6.206,1600.0,9930000.0,0.0,0.0,6.3,6.3,6.2,1600.0
2021-04-05,6.6,6.6,6.4516,6.5,500.0,3250000.0,0.0,0.0,6.3,6.6,6.3,500.0
2021-04-06,6.5,6.5,0.0,6.5,0.0,0.0,0.0,0.0,6.5,6.5,6.5,0.0
2021-04-07,6.5,6.5,0.0,6.5,200.0,1300000.0,0.0,0.0,6.5,6.5,6.5,200.0
2021-04-08,6.6,6.6,1.5385,6.6,200.0,1320000.0,0.0,0.0,6.6,6.6,6.6,200.0
2021-04-09,6.9,6.9,4.5455,6.669,1300.0,8670000.0,0.0,0.0,6.6,6.9,6.6,1300.0
2021-04-12,7.0,7.0,4.4776,7.0,2000.0,14000000.0,0.0,0.0,7.0,7.0,7.0,2000.0
2021-04-13,7.1,7.1,1.4286,7.007,4500.0,31530000.0,0.0,0.0,7.0,7.1,7.0,4500.0
2021-04-14,7.2,7.2,2.8571,7.2,300.0,2160000.0,0.0,0.0,7.2,7.2,7.2,300.0
2021-04-15,6.6,6.6,-8.3333,6.6,100.0,660000.0,0.0,0.0,6.6,6.6,6.6,100.0
2021-04-16,6.6,6.6,0.0,6.6,500.0,3300000.0,0.0,0.0,6.6,6.6,6.6,500.0
2021-04-19,6.6,6.6,0.0,6.6,0.0,0.0,0.0,0.0,6.6,6.6,6.6,0.0
2021-04-20,6.1,6.1,-7.5758,6.267,600.0,3760000.0,0.0,0.0,7.1,7.1,6.1,600.0
2021-04-22,6.3,6.3,0.0,6.3,0.0,0.0,0.0,0.0,6.3,6.3,6.3,0.0
2021-04-23,6.3,6.3,0.0,6.3,400.0,2520000.0,0.0,0.0,6.3,6.3,6.3,400.0
2021-04-26,6.3,6.3,0.0,6.3,0.0,0.0,0.0,0.0,6.3,6.3,6.3,0.0
2021-04-27,6.3,6.3,0.0,6.3,0.0,0.0,0.0,0.0,6.3,6.3,6.3,0.0
2021-04-28,6.3,6.3,0.0,6.3,0.0,0.0,0.0,0.0,6.3,6.3,6.3,0.0
2021-04-29,6.3,6.3,0.0,6.3,0.0,0.0,0.0,0.0,6.3,6.3,6.3,0.0
2021-05-04,6.3,6.3,0.0,6.3,0.0,0.0,0.0,0.0,6.3,6.3,6.3,0.0
2021-05-05,6.4,6.4,1.5873,6.4,100.0,640000.0,0.0,0.0,6.4,6.4,6.4,100.0
2021-05-06,6.4,6.4,0.0,6.4,0.0,0.0,0.0,0.0,6.4,6.4,6.4,0.0
2021-05-07,6.4,6.4,0.0,6.4,0.0,0.0,0.0,0.0,6.4,6.4,6.4,0.0
2021-05-10,6.1,6.1,-4.6875,6.271,700.0,4390000.0,0.0,0.0,6.4,6.4,6.1,700.0
2021-05-11,7.1,7.1,12.6984,7.1,2400.0,17040000.0,0.0,0.0,7.1,7.1,7.1,2400.0
2021-05-12,6.4,6.4,-9.8592,6.4,1100.0,7040000.0,115000.0,839500000.0,6.4,6.4,6.4,116100.0
2021-05-13,6.4,6.4,0.0,6.4,0.0,0.0,20200.0,147460000.0,6.4,6.4,6.4,20200.0
2021-05-14,7.2,7.2,12.5,6.883,600.0,4130000.0,0.0,0.0,6.6,7.2,6.6,600.0
2021-05-17,7.1,7.1,2.8986,6.6,700.0,4620000.0,0.0,0.0,7.1,7.1,6.4,700.0
2021-05-18,7.4,7.4,12.1212,6.989,7300.0,51020000.0,0.0,0.0,7.1,7.4,6.5,7300.0
2021-05-19,7.9,7.9,12.8571,7.979,3300.0,26330000.0,0.0,0.0,8.0,8.0,7.7,3300.0
2021-05-20,9.2,9.2,15.0,8.918,2800.0,24970000.0,0.0,0.0,7.9,9.2,7.9,2800.0
2021-05-21,10.0,10.0,12.3596,10.144,1800.0,18260000.0,0.0,0.0,10.2,10.2,10.0,1800.0
2021-05-24,10.1,10.1,0.0,10.1,0.0,0.0,0.0,0.0,10.1,10.1,10.1,0.0
2021-05-25,10.1,10.1,0.0,10.1,0.0,0.0,0.0,0.0,10.1,10.1,10.1,0.0
2021-05-26,10.1,10.1,0.0,10.1,0.0,0.0,0.0,0.0,10.1,10.1,10.1,0.0
2021-05-27,10.1,10.1,0.0,10.1,0.0,0.0,0.0,0.0,10.1,10.1,10.1,0.0
2021-05-28,9.8,9.8,-2.9703,9.8,200.0,1960000.0,0.0,0.0,9.8,9.8,9.8,200.0
2021-05-31,9.8,9.8,0.0,9.8,0.0,0.0,0.0,0.0,9.8,9.8,9.8,0.0
2021-06-01,8.4,8.4,-14.2857,8.4,100.0,840000.0,0.0,0.0,8.4,8.4,8.4,100.0
2021-06-02,9.2,9.2,9.5238,9.333,300.0,2800000.0,0.0,0.0,9.6,9.6,9.2,300.0
2021-06-03,9.8,9.8,5.3763,9.4,200.0,1880000.0,0.0,0.0,9.0,9.8,9.0,200.0
2021-06-04,9.8,9.8,5.3763,9.266,8200.0,75980000.0,0.0,0.0,9.5,9.8,8.2,8200.0
2021-06-07,10.6,10.6,13.9785,9.813,1600.0,15700000.0,0.0,0.0,8.5,10.6,8.5,1600.0
2021-06-08,9.9,9.9,1.0204,9.66,3000.0,28980000.0,0.0,0.0,9.0,9.9,9.0,3000.0
2021-06-09,10.2,10.2,5.1546,9.781,3600.0,35210000.0,0.0,0.0,10.1,10.2,8.5,3600.0
2021-06-10,10.2,10.2,4.0816,10.233,900.0,9210000.0,0.0,0.0,10.2,10.3,10.2,900.0
2021-06-11,10.3,10.3,0.9804,9.883,1200.0,11860000.0,0.0,0.0,10.3,10.3,8.9,1200.0
2021-06-14,9.9,9.9,0.0,9.9,0.0,0.0,0.0,0.0,9.9,9.9,9.9,0.0
2021-06-15,10.3,10.3,4.0404,9.95,1400.0,13930000.0,0.0,0.0,8.6,10.3,8.6,1400.0
2021-06-16,10.0,10.0,0.0,10.0,0.0,0.0,0.0,0.0,10.0,10.0,10.0,0.0
2021-06-17,8.6,8.6,-14.0,8.6,100.0,860000.0,0.0,0.0,8.6,8.6,8.6,100.0
2021-06-18,9.5,9.5,10.4651,9.5,100.0,950000.0,0.0,0.0,9.5,9.5,9.5,100.0
2021-06-21,9.5,9.5,0.0,9.5,0.0,0.0,0.0,0.0,9.5,9.5,9.5,0.0
2021-06-22,9.9,9.9,4.2105,9.8,400.0,3920000.0,0.0,0.0,9.5,9.9,9.5,400.0
2021-06-23,9.8,9.8,0.0,9.8,0.0,0.0,0.0,0.0,9.8,9.8,9.8,0.0
2021-06-24,10.5,10.5,7.1429,10.325,400.0,4130000.0,0.0,0.0,9.8,10.5,9.8,400.0
2021-06-25,10.2,10.2,-0.9709,10.2,200.0,2040000.0,0.0,0.0,10.2,10.2,10.2,200.0
2021-06-28,10.2,10.2,0.0,10.2,0.0,0.0,0.0,0.0,10.2,10.2,10.2,0.0
2021-06-29,10.2,10.2,0.0,10.2,100.0,1020000.0,0.0,0.0,10.2,10.2,10.2,100.0
2021-06-30,10.2,10.2,0.0,10.2,0.0,0.0,0.0,0.0,10.2,10.2,10.2,0.0
2021-07-01,10.7,10.7,4.902,10.4,500.0,5200000.0,0.0,0.0,10.2,10.7,10.2,500.0
2021-07-02,10.3,10.3,-0.9615,10.3,500.0,5150000.0,0.0,0.0,10.3,10.3,10.3,500.0
2021-07-05,11.0,11.0,6.7961,9.95,200.0,1990000.0,0.0,0.0,8.9,11.0,8.9,200.0
2021-07-06,8.5,8.5,-15.0,8.5,100.0,850000.0,0.0,0.0,8.5,8.5,8.5,100.0
2021-07-07,8.7,8.7,2.3529,8.7,1200.0,10440000.0,0.0,0.0,8.7,8.7,8.7,1200.0
2021-07-08,9.5,9.5,9.1954,9.175,400.0,3670000.0,0.0,0.0,9.5,9.5,8.2,400.0
2021-07-09,7.9,7.9,-14.1304,7.9,100.0,790000.0,0.0,0.0,7.9,7.9,7.9,100.0
2021-07-12,8.8,8.8,11.3924,8.8,500.0,4400000.0,0.0,0.0,8.8,8.8,8.8,500.0
2021-07-13,9.4,9.4,6.8182,9.4,500.0,4700000.0,0.0,0.0,9.4,9.4,9.4,500.0
2021-07-14,9.4,9.4,0.0,9.4,200.0,1880000.0,0.0,0.0,9.4,9.4,9.4,200.0
2021-07-15,9.5,9.5,1.0638,9.5,100.0,950000.0,0.0,0.0,9.5,9.5,9.5,100.0
2021-07-16,9.5,9.5,0.0,9.5,0.0,0.0,0.0,0.0,9.5,9.5,9.5,0.0
2021-07-19,9.5,9.5,0.0,9.5,0.0,0.0,0.0,0.0,9.5,9.5,9.5,0.0
2021-07-20,9.5,9.5,0.0,9.5,0.0,0.0,0.0,0.0,9.5,9.5,9.5,0.0
2021-07-21,9.8,9.8,3.1579,9.65,400.0,3860000.0,0.0,0.0,9.5,9.8,9.5,400.0
2021-07-22,9.7,9.7,0.0,9.7,0.0,0.0,0.0,0.0,9.7,9.7,9.7,0.0
2021-07-23,9.7,9.7,0.0,9.7,0.0,0.0,0.0,0.0,9.7,9.7,9.7,0.0
2021-07-26,10.0,10.0,3.0928,9.95,200.0,1990000.0,0.0,0.0,9.9,10.0,9.9,200.0
2021-07-27,9.0,9.0,-10.0,9.0,100.0,900000.0,0.0,0.0,9.0,9.0,9.0,100.0
2021-07-28,9.8,9.8,8.8889,9.845,2200.0,21660000.0,0.0,0.0,10.3,10.3,9.8,2200.0
2021-07-29,9.8,9.8,0.0,9.8,0.0,0.0,0.0,0.0,9.8,9.8,9.8,0.0
2021-07-30,9.8,9.8,0.0,9.8,0.0,0.0,0.0,0.0,9.8,9.8,9.8,0.0
2021-08-02,9.8,9.8,0.0,9.8,0.0,0.0,0.0,0.0,9.8,9.8,9.8,0.0
2021-08-03,8.4,8.4,-14.2857,8.4,2000.0,16800000.0,0.0,0.0,8.4,8.4,8.4,2000.0
2021-08-04,8.9,8.9,5.9524,9.157,700.0,6410000.0,0.0,0.0,9.6,9.6,8.9,700.0
2021-08-05,9.0,9.0,-2.1739,9.283,600.0,5570000.0,0.0,0.0,9.6,9.6,9.0,600.0
2021-08-06,9.8,9.8,5.3763,9.8,100.0,980000.0,0.0,0.0,9.8,9.8,9.8,100.0
2021-08-09,9.5,9.5,-3.0612,8.885,1300.0,11550000.0,0.0,0.0,8.6,9.5,8.6,1300.0
2021-08-10,9.8,9.8,10.1124,9.88,500.0,4940000.0,0.0,0.0,9.6,10.2,9.6,500.0
2021-08-11,10.0,10.0,1.0101,10.043,2300.0,23100000.0,0.0,0.0,11.3,11.3,9.9,2300.0
2021-08-12,10.0,10.0,0.0,10.0,200.0,2000000.0,0.0,0.0,10.0,10.0,10.0,200.0
2021-08-13,10.0,10.0,0.0,10.0,100.0,1000000.0,0.0,0.0,10.0,10.0,10.0,100.0
2021-08-16,10.0,10.0,0.0,10.0,0.0,0.0,0.0,0.0,10.0,10.0,10.0,0.0
2021-08-17,10.0,10.0,0.0,10.0,0.0,0.0,0.0,0.0,10.0,10.0,10.0,0.0
2021-08-18,10.0,10.0,0.0,10.0,0.0,0.0,0.0,0.0,10.0,10.0,10.0,0.0
2021-08-19,8.7,8.7,-13.0,8.7,300.0,2610000.0,0.0,0.0,8.7,8.7,8.7,300.0
2021-08-20,8.9,8.9,2.2989,8.961,1803.0,16160000.0,0.0,0.0,10.0,10.0,8.9,1803.0
2021-08-23,9.7,9.7,7.7778,8.588,1607.0,13809300.0,0.0,0.0,9.9,9.9,7.9,1607.0
2021-08-24,9.0,9.0,4.6512,9.167,301.0,2759300.0,0.0,0.0,9.5,9.5,9.0,301.0
2021-08-25,9.0,9.0,-2.1739,9.0,100.0,900000.0,0.0,0.0,9.0,9.0,9.0,100.0
2021-08-26,8.6,8.6,-4.4444,8.6,500.0,4300000.0,0.0,0.0,8.6,8.6,8.6,500.0
2021-08-27,8.9,8.9,3.4884,8.729,700.0,6110000.0,0.0,0.0,8.9,8.9,8.5,700.0
2021-08-30,8.9,8.9,2.2989,8.935,3100.0,27700000.0,0.0,0.0,10.0,10.0,8.9,3100.0
2021-08-31,8.9,8.9,0.0,9.086,700.0,6360000.0,0.0,0.0,10.2,10.2,8.9,700.0
2021-09-01,10.0,10.0,9.8901,9.282,2800.0,25990000.0,0.0,0.0,10.4,10.4,8.6,2800.0
2021-09-06,9.5,9.5,2.1505,9.068,10402.0,94327600.0,0.0,0.0,10.0,10.0,8.1,10402.0
2021-09-07,9.3,9.3,2.1978,9.422,935.0,8805500.0,0.0,0.0,10.4,10.4,9.3,935.0
2021-09-08,9.1,9.1,-3.1915,9.391,1100.0,10330000.0,0.0,0.0,10.8,10.8,9.0,1100.0
2021-09-09,9.7,9.7,3.1915,9.362,3700.0,34640000.0,0.0,0.0,10.8,10.8,8.9,3700.0
2021-09-10,8.8,8.8,-6.383,9.486,700.0,6640000.0,0.0,0.0,10.8,10.8,8.8,700.0
2021-09-13,8.9,8.9,-6.3158,9.578,2300.0,22030000.0,0.0,0.0,10.9,10.9,8.9,2300.0
2021-09-14,10.3,10.3,7.2917,10.392,1250.0,12910000.0,0.0,0.0,11.0,11.0,10.2,1250.0
2021-09-15,11.0,11.0,5.7692,11.124,3802.0,42287800.0,0.0,0.0,11.0,11.9,10.1,3802.0
2021-09-16,9.5,9.5,-14.4144,9.571,8400.0,80400000.0,0.0,0.0,10.8,10.8,9.5,8400.0
2021-09-17,8.9,8.9,-7.2917,9.95,200.0,1990000.0,0.0,0.0,11.0,11.0,8.9,200.0
2021-09-20,10.5,10.5,5.0,9.861,9252.0,91186800.0,0.0,0.0,11.5,11.5,8.5,9252.0
2021-09-21,9.7,9.7,-2.0202,9.386,2100.0,19710000.0,0.0,0.0,9.1,9.7,8.9,2100.0
2021-09-22,9.7,9.7,3.1915,9.633,1500.0,14450000.0,0.0,0.0,9.2,9.7,9.2,1500.0
2021-09-23,9.4,9.4,-2.0833,9.402,4411.0,41473700.0,0.0,0.0,9.4,9.5,9.4,4411.0
2021-09-24,9.1,9.1,-3.1915,9.09,4000.0,36360000.0,0.0,0.0,9.1,9.1,9.0,4000.0
2021-09-27,9.2,9.2,1.0989,9.013,1600.0,14420000.0,0.0,0.0,9.0,9.2,9.0,1600.0
2021-09-28,9.1,9.1,1.1111,9.1,700.0,6370000.0,0.0,0.0,9.1,9.1,9.1,700.0
2021-09-29,9.8,9.8,7.6923,9.504,5700.0,54170000.0,0.0,0.0,9.1,9.8,9.1,5700.0
2021-09-30,9.2,9.2,-3.1579,9.223,4700.0,43350000.0,0.0,0.0,9.7,9.7,8.7,4700.0
2021-10-01,9.2,9.2,0.0,9.2,100.0,920000.0,0.0,0.0,9.2,9.2,9.2,100.0
