2016-01-04,8.4,8.4,0.0,8.42,2500.0,21010000.0,0.0,0.0,8.4,8.5,8.4,2500.0
2016-01-05,8.5,8.5,1.1905,8.5,110.0,930000.0,0.0,0.0,8.5,8.5,8.5,110.0
2016-01-06,8.5,8.5,0.0,8.5,100.0,850000.0,0.0,0.0,8.5,8.5,8.5,100.0
2016-01-07,8.5,8.5,0.0,8.5,100.0,850000.0,0.0,0.0,8.5,8.5,8.5,100.0
2016-01-08,7.8,7.8,-8.2353,8.5,200.0,1630000.0,0.0,0.0,8.5,8.5,7.8,200.0
2016-01-11,8.4,8.4,7.6923,8.4,100.0,840000.0,0.0,0.0,8.4,8.4,8.4,100.0
2016-01-12,8.4,8.4,0.0,8.4,100.0,840000.0,0.0,0.0,8.4,8.4,8.4,100.0
2016-01-13,8.4,8.4,0.0,8.4,100.0,840000.0,0.0,0.0,8.4,8.4,8.4,100.0
2016-01-14,7.7,7.7,-8.3333,7.867,5700.0,44040000.0,0.0,0.0,8.5,8.5,7.6,5700.0
2016-01-15,7.0,7.0,-9.0909,7.068,6200.0,43820000.0,0.0,0.0,8.4,8.4,7.0,6200.0
2016-01-18,7.7,7.7,10.0,7.7,2100.0,16170000.0,0.0,0.0,7.7,7.7,7.7,2100.0
2016-01-19,7.8,7.8,1.2987,7.697,2900.0,22320000.0,118500.0,948000000.0,7.6,7.8,7.6,121400.0
2016-01-20,7.5,7.5,-3.8462,7.704,24700.0,190290000.0,0.0,0.0,7.6,8.4,7.5,24700.0
2016-01-21,7.6,7.6,1.3333,7.687,45100.0,346680000.0,0.0,0.0,7.6,7.9,7.5,45100.0
2016-01-22,7.9,7.9,3.9474,7.734,24400.0,188700000.0,0.0,0.0,7.9,7.9,7.7,24400.0
2016-01-25,7.9,7.9,0.0,7.9,500.0,3950000.0,0.0,0.0,7.9,7.9,7.9,500.0
2016-01-26,7.9,7.9,0.0,7.904,4900.0,38730000.0,0.0,0.0,8.0,8.0,7.9,4900.0
2016-01-27,7.9,7.9,0.0,7.9,0.0,0.0,0.0,0.0,7.9,7.9,7.9,0.0
2016-01-28,8.1,8.1,2.5316,8.074,6900.0,55710000.0,0.0,0.0,7.9,8.1,7.9,6900.0
2016-01-29,7.9,7.9,-2.4691,7.929,750.0,5929000.0,0.0,0.0,8.0,8.0,7.9,750.0
2016-02-01,7.9,7.9,0.0,7.932,3800.0,30140000.0,0.0,0.0,8.1,8.1,7.9,3800.0
2016-02-02,8.0,8.0,1.2658,7.827,2600.0,20350000.0,0.0,0.0,7.8,8.0,7.8,2600.0
2016-02-03,8.1,8.1,1.25,8.1,100.0,810000.0,0.0,0.0,8.1,8.1,8.1,100.0
2016-02-04,8.2,8.2,1.2346,8.167,300.0,2450000.0,0.0,0.0,8.2,8.2,8.1,300.0
2016-02-05,8.2,8.2,0.0,8.2,100.0,820000.0,0.0,0.0,8.2,8.2,8.2,100.0
2016-02-15,8.2,8.2,0.0,8.116,4500.0,36520000.0,0.0,0.0,8.2,8.2,8.1,4500.0
2016-02-16,8.0,8.0,-2.439,8.062,2900.0,23380000.0,0.0,0.0,8.2,8.2,8.0,2900.0
2016-02-17,8.2,8.2,2.5,8.119,1600.0,12990000.0,0.0,0.0,8.1,8.2,8.1,1600.0
2016-02-18,8.2,8.2,0.0,8.2,1900.0,15580000.0,0.0,0.0,8.2,8.2,8.2,1900.0
2016-02-19,8.2,8.2,0.0,8.2,500.0,4100000.0,0.0,0.0,8.2,8.2,8.2,500.0
2016-02-22,8.2,8.2,0.0,7.951,7770.0,61780000.0,0.0,0.0,8.2,8.3,7.5,7770.0
2016-02-23,8.3,8.3,1.2195,8.214,700.0,5750000.0,0.0,0.0,8.2,8.3,8.2,700.0
2016-02-24,8.3,8.3,0.0,8.209,3300.0,27090000.0,0.0,0.0,8.3,8.3,8.2,3300.0
2016-02-25,7.8,7.8,-6.0241,8.186,700.0,5730000.0,0.0,0.0,8.3,8.3,7.8,700.0
2016-02-26,8.0,8.0,2.5641,7.934,3500.0,27770000.0,0.0,0.0,8.1,8.1,7.4,3500.0
2016-02-29,8.1,8.1,1.25,8.054,10400.0,83760000.0,0.0,0.0,8.0,8.2,8.0,10400.0
2016-03-01,8.1,8.1,0.0,8.114,3600.0,29210000.0,0.0,0.0,8.1,8.2,8.1,3600.0
2016-03-02,8.1,8.1,0.0,8.1,200.0,1620000.0,0.0,0.0,8.1,8.1,8.1,200.0
2016-03-03,8.2,8.2,1.2346,8.068,1900.0,15330000.0,40.0,292000.0,8.2,8.2,8.0,1940.0
2016-03-04,8.1,8.1,-1.2195,8.113,800.0,6490000.0,0.0,0.0,8.2,8.2,8.1,800.0
2016-03-07,8.2,8.2,1.2346,8.2,1900.0,15580000.0,40.0,292000.0,8.2,8.2,8.2,1940.0
2016-03-08,8.3,8.3,1.2195,7.986,12100.0,96630000.0,0.0,0.0,8.2,8.3,7.9,12100.0
2016-03-09,8.3,8.3,0.0,8.3,100.0,830000.0,0.0,0.0,8.3,8.3,8.3,100.0
2016-03-10,8.3,8.3,0.0,8.199,44300.0,363210000.0,0.0,0.0,8.2,8.3,8.0,44300.0
2016-03-11,8.2,8.2,-1.2048,8.12,5000.0,40600000.0,0.0,0.0,8.1,8.2,8.0,5000.0
2016-03-14,8.3,8.3,1.2195,8.226,23400.0,192490000.0,0.0,0.0,8.3,8.3,8.2,23400.0
2016-03-15,8.3,8.3,0.0,8.243,2800.0,23080000.0,0.0,0.0,8.1,8.3,8.1,2800.0
2016-03-16,8.3,8.3,0.0,8.192,16600.0,135980000.0,0.0,0.0,8.3,8.3,8.1,16600.0
2016-03-17,8.3,8.3,0.0,8.283,5900.0,48870000.0,0.0,0.0,8.3,8.4,8.2,5900.0
2016-03-18,8.3,8.3,0.0,8.302,8900.0,73890000.0,0.0,0.0,8.4,8.4,8.3,8900.0
2016-03-21,8.8,8.8,6.0241,8.65,200.0,1730000.0,0.0,0.0,8.5,8.8,8.5,200.0
2016-03-22,8.9,8.9,1.1364,8.9,400.0,3560000.0,0.0,0.0,8.9,8.9,8.9,400.0
2016-03-23,8.3,8.3,-6.7416,8.422,11700.0,98540000.0,0.0,0.0,8.5,8.9,8.3,11700.0
2016-03-24,8.4,8.4,1.2048,8.192,3600.0,29490000.0,0.0,0.0,8.1,8.4,8.1,3600.0
2016-03-25,8.1,8.1,-3.5714,8.1,6100.0,49410000.0,0.0,0.0,8.1,8.1,8.1,6100.0
2016-03-28,8.1,8.1,0.0,8.1,0.0,0.0,70000.0,567000000.0,8.1,8.1,8.1,70000.0
2016-03-29,8.3,8.3,2.4691,8.11,2100.0,17030000.0,60000.0,486000000.0,8.1,8.3,8.1,62100.0
2016-03-30,8.0,8.0,-3.6145,8.0,200.0,1600000.0,0.0,0.0,8.0,8.0,8.0,200.0
2016-03-31,8.1,8.1,1.25,8.008,3700.0,29630000.0,0.0,0.0,8.2,8.2,8.0,3700.0
2016-04-01,8.1,8.1,0.0,8.1,8000.0,64800000.0,0.0,0.0,8.1,8.1,8.1,8000.0
2016-04-04,8.1,8.1,0.0,8.1,6000.0,48600000.0,0.0,0.0,8.1,8.1,8.1,6000.0
2016-04-05,8.1,8.1,0.0,8.1,9600.0,77760000.0,0.0,0.0,8.1,8.1,8.1,9600.0
2016-04-06,8.2,8.2,1.2346,8.104,4600.0,37280000.0,0.0,0.0,8.2,8.2,8.1,4600.0
2016-04-07,8.0,8.0,-2.439,8.053,4000.0,32210000.0,0.0,0.0,8.1,8.1,8.0,4000.0
2016-04-08,8.2,8.2,2.5,8.2,100.0,820000.0,0.0,0.0,8.2,8.2,8.2,100.0
2016-04-11,8.2,8.2,0.0,8.116,18400.0,149330000.0,0.0,0.0,8.1,8.2,8.1,18400.0
2016-04-12,8.2,8.2,0.0,8.2,14000.0,114800000.0,0.0,0.0,8.2,8.2,8.2,14000.0
2016-04-13,8.2,8.2,0.0,8.188,4246.0,34730400.0,0.0,0.0,8.1,8.2,8.1,4246.0
2016-04-14,8.1,8.1,-1.2195,8.1,1700.0,13770000.0,0.0,0.0,8.1,8.1,8.1,1700.0
2016-04-15,8.1,8.1,0.0,8.1,21400.0,173340000.0,0.0,0.0,8.1,8.1,8.1,21400.0
2016-04-19,8.1,8.1,0.0,8.1,0.0,0.0,0.0,0.0,8.1,8.1,8.1,0.0
2016-04-20,8.1,8.1,0.0,8.1,0.0,0.0,0.0,0.0,8.1,8.1,8.1,0.0
2016-04-21,8.1,8.1,0.0,8.1,0.0,0.0,0.0,0.0,8.1,8.1,8.1,0.0
2016-04-22,8.2,8.2,1.2346,7.824,41100.0,321570000.0,0.0,0.0,8.0,8.2,7.5,41100.0
2016-04-25,8.2,8.2,0.0,8.2,0.0,0.0,0.0,0.0,8.2,8.2,8.2,0.0
2016-04-26,8.2,8.2,0.0,8.2,0.0,0.0,0.0,0.0,8.2,8.2,8.2,0.0
2016-04-27,8.2,8.2,0.0,8.2,0.0,0.0,0.0,0.0,8.2,8.2,8.2,0.0
2016-04-28,8.2,8.2,0.0,8.2,0.0,0.0,0.0,0.0,8.2,8.2,8.2,0.0
2016-04-29,8.1,8.1,-1.2195,8.1,22640.0,183356000.0,0.0,0.0,8.1,8.1,8.1,22640.0
2016-05-04,8.1,8.1,0.0,8.1,0.0,0.0,0.0,0.0,8.1,8.1,8.1,0.0
2016-05-05,8.1,8.1,0.0,8.1,0.0,0.0,0.0,0.0,8.1,8.1,8.1,0.0
2016-05-06,8.1,8.1,0.0,8.057,125300.0,1009600000.0,0.0,0.0,8.1,8.1,8.0,125300.0
2016-05-09,8.1,8.1,0.0,8.1,0.0,0.0,0.0,0.0,8.1,8.1,8.1,0.0
2016-05-10,8.1,8.1,0.0,8.1,0.0,0.0,0.0,0.0,8.1,8.1,8.1,0.0
2016-05-11,8.1,8.1,0.0,8.1,0.0,0.0,0.0,0.0,8.1,8.1,8.1,0.0
2016-05-12,8.1,8.1,0.0,8.1,0.0,0.0,0.0,0.0,8.1,8.1,8.1,0.0
2016-05-13,8.1,8.1,0.0,8.048,54300.0,437020000.0,0.0,0.0,8.1,8.1,8.0,54300.0
2016-05-16,8.1,8.1,0.0,8.1,0.0,0.0,0.0,0.0,8.1,8.1,8.1,0.0
2016-05-17,8.1,8.1,0.0,8.1,0.0,0.0,0.0,0.0,8.1,8.1,8.1,0.0
2016-05-18,8.1,8.1,0.0,8.1,0.0,0.0,0.0,0.0,8.1,8.1,8.1,0.0
2016-05-19,8.1,8.1,0.0,8.1,0.0,0.0,0.0,0.0,8.1,8.1,8.1,0.0
2016-05-20,7.9,7.9,-2.4691,7.99,62900.0,502600000.0,0.0,0.0,8.0,8.0,7.9,62900.0
2016-05-23,7.9,7.9,0.0,7.9,0.0,0.0,0.0,0.0,7.9,7.9,7.9,0.0
2016-05-24,7.9,7.9,0.0,7.9,0.0,0.0,0.0,0.0,7.9,7.9,7.9,0.0
2016-05-25,7.9,7.9,0.0,7.9,0.0,0.0,0.0,0.0,7.9,7.9,7.9,0.0
2016-05-26,7.9,7.9,0.0,7.9,0.0,0.0,0.0,0.0,7.9,7.9,7.9,0.0
2016-05-27,8.0,8.0,1.2658,8.0,40700.0,325600000.0,28000.0,229600000.0,8.0,8.0,8.0,68700.0
2016-05-30,8.0,8.0,0.0,8.0,0.0,0.0,0.0,0.0,8.0,8.0,8.0,0.0
2016-05-31,8.0,8.0,0.0,8.0,0.0,0.0,0.0,0.0,8.0,8.0,8.0,0.0
2016-06-01,8.0,8.0,0.0,8.0,0.0,0.0,0.0,0.0,8.0,8.0,8.0,0.0
2016-06-02,8.0,8.0,0.0,8.0,0.0,0.0,0.0,0.0,8.0,8.0,8.0,0.0
2016-06-03,8.0,8.0,0.0,7.986,40200.0,321020000.0,0.0,0.0,8.2,8.2,7.9,40200.0
2016-06-06,8.0,8.0,0.0,8.0,0.0,0.0,0.0,0.0,8.0,8.0,8.0,0.0
2016-06-07,8.0,8.0,0.0,8.0,0.0,0.0,0.0,0.0,8.0,8.0,8.0,0.0
2016-06-08,8.0,8.0,0.0,8.0,0.0,0.0,0.0,0.0,8.0,8.0,8.0,0.0
2016-06-09,8.0,8.0,0.0,8.0,0.0,0.0,0.0,0.0,8.0,8.0,8.0,0.0
2016-06-10,8.0,8.0,0.0,8.002,9500.0,76020000.0,0.0,0.0,8.1,8.1,8.0,9500.0
2016-06-13,8.0,8.0,0.0,8.0,0.0,0.0,0.0,0.0,8.0,8.0,8.0,0.0
2016-06-14,8.0,8.0,0.0,8.0,0.0,0.0,0.0,0.0,8.0,8.0,8.0,0.0
2016-06-15,8.0,8.0,0.0,8.0,0.0,0.0,0.0,0.0,8.0,8.0,8.0,0.0
2016-06-16,8.0,8.0,0.0,8.0,0.0,0.0,0.0,0.0,8.0,8.0,8.0,0.0
2016-06-17,8.0,8.0,0.0,7.998,25400.0,203150000.0,0.0,0.0,8.0,8.0,7.9,25400.0
2016-06-20,8.0,8.0,0.0,8.0,0.0,0.0,0.0,0.0,8.0,8.0,8.0,0.0
2016-06-21,8.0,8.0,0.0,8.0,0.0,0.0,0.0,0.0,8.0,8.0,8.0,0.0
2016-06-22,8.0,8.0,0.0,8.0,0.0,0.0,0.0,0.0,8.0,8.0,8.0,0.0
2016-06-23,8.0,8.0,0.0,8.0,0.0,0.0,0.0,0.0,8.0,8.0,8.0,0.0
2016-06-24,7.8,7.8,-2.5,7.826,41400.0,323980000.0,0.0,0.0,8.0,8.0,7.8,41400.0
2016-06-27,7.8,7.8,0.0,7.8,0.0,0.0,0.0,0.0,7.8,7.8,7.8,0.0
2016-06-28,7.8,7.8,0.0,7.8,0.0,0.0,0.0,0.0,7.8,7.8,7.8,0.0
2016-06-29,7.8,7.8,0.0,7.8,0.0,0.0,0.0,0.0,7.8,7.8,7.8,0.0
2016-06-30,7.8,7.8,0.0,7.8,0.0,0.0,0.0,0.0,7.8,7.8,7.8,0.0
2016-07-01,8.0,8.0,2.5641,7.822,19100.0,149400000.0,0.0,0.0,8.0,8.0,7.8,19100.0
2016-07-04,8.0,8.0,0.0,8.0,0.0,0.0,0.0,0.0,8.0,8.0,8.0,0.0
2016-07-05,8.0,8.0,0.0,8.0,0.0,0.0,0.0,0.0,8.0,8.0,8.0,0.0
2016-07-06,8.0,8.0,0.0,8.0,0.0,0.0,0.0,0.0,8.0,8.0,8.0,0.0
2016-07-07,8.0,8.0,0.0,8.0,0.0,0.0,0.0,0.0,8.0,8.0,8.0,0.0
2016-07-08,7.6,7.6,-5.0,7.873,1100.0,8660000.0,92.0,662400.0,7.9,7.9,7.6,1192.0
2016-07-11,7.6,7.6,0.0,7.6,0.0,0.0,0.0,0.0,7.6,7.6,7.6,0.0
2016-07-12,7.6,7.6,0.0,7.6,0.0,0.0,0.0,0.0,7.6,7.6,7.6,0.0
2016-07-13,7.6,7.6,0.0,7.6,0.0,0.0,0.0,0.0,7.6,7.6,7.6,0.0
2016-07-14,7.6,7.6,0.0,7.6,0.0,0.0,0.0,0.0,7.6,7.6,7.6,0.0
2016-07-15,7.6,7.6,0.0,7.6,0.0,0.0,0.0,0.0,7.6,7.6,7.6,0.0
2016-07-18,7.6,7.6,0.0,7.6,0.0,0.0,0.0,0.0,7.6,7.6,7.6,0.0
2016-07-19,7.6,7.6,0.0,7.6,0.0,0.0,0.0,0.0,7.6,7.6,7.6,0.0
2016-07-20,7.6,7.6,0.0,7.6,0.0,0.0,0.0,0.0,7.6,7.6,7.6,0.0
2016-07-21,7.6,7.6,0.0,7.6,0.0,0.0,0.0,0.0,7.6,7.6,7.6,0.0
2016-07-22,7.6,7.6,0.0,7.6,0.0,0.0,0.0,0.0,7.6,7.6,7.6,0.0
2016-07-25,7.6,7.6,0.0,7.6,0.0,0.0,0.0,0.0,7.6,7.6,7.6,0.0
2016-07-26,7.6,7.6,0.0,7.6,0.0,0.0,0.0,0.0,7.6,7.6,7.6,0.0
2016-07-27,7.6,7.6,0.0,7.6,0.0,0.0,0.0,0.0,7.6,7.6,7.6,0.0
2016-07-28,7.6,7.6,0.0,7.6,0.0,0.0,0.0,0.0,7.6,7.6,7.6,0.0
2016-07-29,7.6,7.6,0.0,7.6,0.0,0.0,0.0,0.0,7.6,7.6,7.6,0.0
2016-08-01,7.6,7.6,0.0,7.6,0.0,0.0,0.0,0.0,7.6,7.6,7.6,0.0
2016-08-02,7.6,7.6,0.0,7.6,0.0,0.0,0.0,0.0,7.6,7.6,7.6,0.0
2016-08-03,7.6,7.6,0.0,7.6,0.0,0.0,0.0,0.0,7.6,7.6,7.6,0.0
2016-08-04,7.6,7.6,0.0,7.6,0.0,0.0,0.0,0.0,7.6,7.6,7.6,0.0
2016-08-05,7.6,7.6,0.0,7.6,0.0,0.0,0.0,0.0,7.6,7.6,7.6,0.0
2016-08-08,7.6,7.6,0.0,7.6,0.0,0.0,0.0,0.0,7.6,7.6,7.6,0.0
2016-08-09,7.6,7.6,0.0,7.6,0.0,0.0,0.0,0.0,7.6,7.6,7.6,0.0
2016-08-10,7.6,7.6,0.0,7.6,0.0,0.0,0.0,0.0,7.6,7.6,7.6,0.0
2016-08-11,7.6,7.6,0.0,7.6,0.0,0.0,0.0,0.0,7.6,7.6,7.6,0.0
2016-08-12,7.6,7.6,0.0,7.6,0.0,0.0,0.0,0.0,7.6,7.6,7.6,0.0
2016-08-15,7.6,7.6,0.0,7.6,0.0,0.0,0.0,0.0,7.6,7.6,7.6,0.0
2016-08-16,7.6,7.6,0.0,7.6,0.0,0.0,0.0,0.0,7.6,7.6,7.6,0.0
2016-08-17,7.6,7.6,0.0,7.6,0.0,0.0,0.0,0.0,7.6,7.6,7.6,0.0
2016-08-18,7.6,7.6,0.0,7.6,0.0,0.0,0.0,0.0,7.6,7.6,7.6,0.0
2016-08-19,7.6,7.6,0.0,7.6,0.0,0.0,0.0,0.0,7.6,7.6,7.6,0.0
2016-08-22,7.6,7.6,0.0,7.6,0.0,0.0,0.0,0.0,7.6,7.6,7.6,0.0
2016-08-23,7.6,7.6,0.0,7.6,0.0,0.0,0.0,0.0,7.6,7.6,7.6,0.0
2016-08-24,7.6,7.6,0.0,7.6,0.0,0.0,0.0,0.0,7.6,7.6,7.6,0.0
2016-08-25,7.6,7.6,0.0,7.6,0.0,0.0,0.0,0.0,7.6,7.6,7.6,0.0
2016-08-26,7.6,7.6,0.0,7.6,0.0,0.0,0.0,0.0,7.6,7.6,7.6,0.0
2016-08-29,7.6,7.6,0.0,7.6,0.0,0.0,0.0,0.0,7.6,7.6,7.6,0.0
2016-08-30,7.6,7.6,0.0,7.6,0.0,0.0,0.0,0.0,7.6,7.6,7.6,0.0
2016-08-31,7.6,7.6,0.0,7.6,0.0,0.0,0.0,0.0,7.6,7.6,7.6,0.0
2016-09-01,7.6,7.6,0.0,7.6,0.0,0.0,0.0,0.0,7.6,7.6,7.6,0.0
2016-09-05,7.6,7.6,0.0,7.6,0.0,0.0,0.0,0.0,7.6,7.6,7.6,0.0
2016-09-06,7.6,7.6,0.0,7.6,0.0,0.0,0.0,0.0,7.6,7.6,7.6,0.0
2016-09-07,7.6,7.6,0.0,7.6,0.0,0.0,0.0,0.0,7.6,7.6,7.6,0.0
2016-09-08,7.6,7.6,0.0,7.6,0.0,0.0,0.0,0.0,7.6,7.6,7.6,0.0
2016-09-09,7.6,7.6,0.0,7.6,0.0,0.0,0.0,0.0,7.6,7.6,7.6,0.0
2016-09-12,7.6,7.6,0.0,7.6,0.0,0.0,0.0,0.0,7.6,7.6,7.6,0.0
2016-09-13,7.6,7.6,0.0,7.6,0.0,0.0,0.0,0.0,7.6,7.6,7.6,0.0
2016-09-14,7.6,7.6,0.0,7.6,0.0,0.0,0.0,0.0,7.6,7.6,7.6,0.0
2016-09-15,7.6,7.6,0.0,7.6,0.0,0.0,0.0,0.0,7.6,7.6,7.6,0.0
2016-09-16,7.6,7.6,0.0,7.6,0.0,0.0,0.0,0.0,7.6,7.6,7.6,0.0
2016-09-19,7.6,7.6,0.0,7.6,0.0,0.0,0.0,0.0,7.6,7.6,7.6,0.0
2016-09-20,7.6,7.6,0.0,7.6,0.0,0.0,0.0,0.0,7.6,7.6,7.6,0.0
2016-09-21,7.6,7.6,0.0,7.6,0.0,0.0,0.0,0.0,7.6,7.6,7.6,0.0
2016-09-22,7.6,7.6,0.0,7.6,0.0,0.0,0.0,0.0,7.6,7.6,7.6,0.0
2016-09-23,7.6,7.6,0.0,7.6,0.0,0.0,0.0,0.0,7.6,7.6,7.6,0.0
2016-09-26,7.6,7.6,0.0,7.6,0.0,0.0,0.0,0.0,7.6,7.6,7.6,0.0
2016-09-27,7.6,7.6,0.0,7.6,0.0,0.0,0.0,0.0,7.6,7.6,7.6,0.0
2016-09-28,7.6,7.6,0.0,7.6,0.0,0.0,0.0,0.0,7.6,7.6,7.6,0.0
2016-09-29,7.6,7.6,0.0,7.6,0.0,0.0,0.0,0.0,7.6,7.6,7.6,0.0
2016-09-30,7.6,7.6,0.0,7.6,0.0,0.0,0.0,0.0,7.6,7.6,7.6,0.0
2016-10-03,7.6,7.6,0.0,7.6,0.0,0.0,0.0,0.0,7.6,7.6,7.6,0.0
2016-10-04,7.6,7.6,0.0,7.6,0.0,0.0,0.0,0.0,7.6,7.6,7.6,0.0
2016-10-05,7.6,7.6,0.0,7.6,0.0,0.0,0.0,0.0,7.6,7.6,7.6,0.0
2016-10-06,7.6,7.6,0.0,7.6,0.0,0.0,0.0,0.0,7.6,7.6,7.6,0.0
2016-10-07,7.6,7.6,0.0,7.6,0.0,0.0,0.0,0.0,7.6,7.6,7.6,0.0
2016-10-10,7.6,7.6,0.0,7.6,0.0,0.0,0.0,0.0,7.6,7.6,7.6,0.0
2016-10-11,7.6,7.6,0.0,7.6,0.0,0.0,0.0,0.0,7.6,7.6,7.6,0.0
2016-10-12,7.6,7.6,0.0,7.6,0.0,0.0,0.0,0.0,7.6,7.6,7.6,0.0
2016-10-13,7.6,7.6,0.0,7.6,0.0,0.0,0.0,0.0,7.6,7.6,7.6,0.0
2016-10-14,7.6,7.6,0.0,7.6,0.0,0.0,0.0,0.0,7.6,7.6,7.6,0.0
2016-10-17,7.6,7.6,0.0,7.6,0.0,0.0,0.0,0.0,7.6,7.6,7.6,0.0
2016-10-18,7.6,7.6,0.0,7.6,0.0,0.0,0.0,0.0,7.6,7.6,7.6,0.0
2016-10-19,7.6,7.6,0.0,7.6,0.0,0.0,0.0,0.0,7.6,7.6,7.6,0.0
2016-10-20,7.6,7.6,0.0,7.6,0.0,0.0,0.0,0.0,7.6,7.6,7.6,0.0
2016-10-21,7.6,7.6,0.0,7.6,0.0,0.0,0.0,0.0,7.6,7.6,7.6,0.0
2016-10-24,7.6,7.6,0.0,7.6,0.0,0.0,0.0,0.0,7.6,7.6,7.6,0.0
2016-10-25,7.6,7.6,0.0,7.6,0.0,0.0,0.0,0.0,7.6,7.6,7.6,0.0
2016-10-26,7.6,7.6,0.0,7.6,0.0,0.0,0.0,0.0,7.6,7.6,7.6,0.0
2016-10-27,7.6,7.6,0.0,7.6,0.0,0.0,0.0,0.0,7.6,7.6,7.6,0.0
2016-10-28,7.6,7.6,0.0,7.6,0.0,0.0,0.0,0.0,7.6,7.6,7.6,0.0
2016-10-31,7.6,7.6,0.0,7.6,0.0,0.0,0.0,0.0,7.6,7.6,7.6,0.0
2016-11-01,7.6,7.6,0.0,7.6,0.0,0.0,0.0,0.0,7.6,7.6,7.6,0.0
2016-11-02,7.6,7.6,0.0,7.6,0.0,0.0,0.0,0.0,7.6,7.6,7.6,0.0
2016-11-03,7.6,7.6,0.0,7.6,0.0,0.0,0.0,0.0,7.6,7.6,7.6,0.0
2016-11-04,7.6,7.6,0.0,7.6,0.0,0.0,0.0,0.0,7.6,7.6,7.6,0.0
2016-11-07,7.6,7.6,0.0,7.6,0.0,0.0,0.0,0.0,7.6,7.6,7.6,0.0
2016-11-08,7.6,7.6,0.0,7.6,0.0,0.0,0.0,0.0,7.6,7.6,7.6,0.0
2016-11-09,7.6,7.6,0.0,7.6,0.0,0.0,0.0,0.0,7.6,7.6,7.6,0.0
2016-11-10,7.6,7.6,0.0,7.6,0.0,0.0,0.0,0.0,7.6,7.6,7.6,0.0
2016-11-11,7.6,7.6,0.0,7.6,0.0,0.0,0.0,0.0,7.6,7.6,7.6,0.0
2016-11-14,7.6,7.6,0.0,7.6,0.0,0.0,0.0,0.0,7.6,7.6,7.6,0.0
2016-11-15,7.6,7.6,0.0,7.6,0.0,0.0,0.0,0.0,7.6,7.6,7.6,0.0
2016-11-16,7.6,7.6,0.0,7.6,0.0,0.0,0.0,0.0,7.6,7.6,7.6,0.0
2016-11-17,7.6,7.6,0.0,7.6,0.0,0.0,0.0,0.0,7.6,7.6,7.6,0.0
2016-11-18,7.6,7.6,0.0,7.6,0.0,0.0,0.0,0.0,7.6,7.6,7.6,0.0
2016-11-21,7.6,7.6,0.0,7.6,0.0,0.0,0.0,0.0,7.6,7.6,7.6,0.0
2016-11-22,7.6,7.6,0.0,7.6,0.0,0.0,0.0,0.0,7.6,7.6,7.6,0.0
2016-11-23,7.6,7.6,0.0,7.6,0.0,0.0,0.0,0.0,7.6,7.6,7.6,0.0
2016-11-24,7.6,7.6,0.0,7.6,0.0,0.0,0.0,0.0,7.6,7.6,7.6,0.0
2016-11-25,7.6,7.6,0.0,7.6,0.0,0.0,0.0,0.0,7.6,7.6,7.6,0.0
2016-11-28,7.6,7.6,0.0,7.6,0.0,0.0,0.0,0.0,7.6,7.6,7.6,0.0
2016-11-29,7.6,7.6,0.0,7.6,0.0,0.0,0.0,0.0,7.6,7.6,7.6,0.0
2016-11-30,7.6,7.6,0.0,7.6,0.0,0.0,0.0,0.0,7.6,7.6,7.6,0.0
2016-12-01,7.6,7.6,0.0,7.6,0.0,0.0,0.0,0.0,7.6,7.6,7.6,0.0
2016-12-02,7.6,7.6,0.0,7.6,0.0,0.0,0.0,0.0,7.6,7.6,7.6,0.0
2016-12-05,7.6,7.6,0.0,7.6,0.0,0.0,0.0,0.0,7.6,7.6,7.6,0.0
2016-12-06,7.6,7.6,0.0,7.6,0.0,0.0,0.0,0.0,7.6,7.6,7.6,0.0
2016-12-07,7.6,7.6,0.0,7.6,0.0,0.0,0.0,0.0,7.6,7.6,7.6,0.0
2016-12-08,7.6,7.6,0.0,7.6,0.0,0.0,0.0,0.0,7.6,7.6,7.6,0.0
2016-12-09,7.6,7.6,0.0,7.6,0.0,0.0,0.0,0.0,7.6,7.6,7.6,0.0
2016-12-12,7.6,7.6,0.0,7.6,0.0,0.0,0.0,0.0,7.6,7.6,7.6,0.0
2016-12-13,7.6,7.6,0.0,7.6,0.0,0.0,0.0,0.0,7.6,7.6,7.6,0.0
2016-12-14,7.6,7.6,0.0,7.6,0.0,0.0,0.0,0.0,7.6,7.6,7.6,0.0
2016-12-15,7.6,7.6,0.0,7.6,0.0,0.0,0.0,0.0,7.6,7.6,7.6,0.0
2016-12-16,7.6,7.6,0.0,7.6,0.0,0.0,0.0,0.0,7.6,7.6,7.6,0.0
2016-12-19,7.6,7.6,0.0,7.6,0.0,0.0,0.0,0.0,7.6,7.6,7.6,0.0
2016-12-20,7.6,7.6,0.0,7.6,0.0,0.0,0.0,0.0,7.6,7.6,7.6,0.0
2016-12-21,7.6,7.6,0.0,7.6,0.0,0.0,0.0,0.0,7.6,7.6,7.6,0.0
2016-12-22,7.6,7.6,0.0,7.6,0.0,0.0,0.0,0.0,7.6,7.6,7.6,0.0
2016-12-23,7.6,7.6,0.0,7.6,0.0,0.0,0.0,0.0,7.6,7.6,7.6,0.0
2016-12-26,7.6,7.6,0.0,7.6,0.0,0.0,0.0,0.0,7.6,7.6,7.6,0.0
2016-12-27,7.6,7.6,0.0,7.6,0.0,0.0,0.0,0.0,7.6,7.6,7.6,0.0
2016-12-28,7.6,7.6,0.0,7.6,0.0,0.0,0.0,0.0,7.6,7.6,7.6,0.0
2016-12-29,7.6,7.6,0.0,7.6,0.0,0.0,0.0,0.0,7.6,7.6,7.6,0.0
2016-12-30,7.6,7.6,0.0,7.6,0.0,0.0,0.0,0.0,7.6,7.6,7.6,0.0
2017-01-03,7.6,7.6,0.0,7.6,0.0,0.0,0.0,0.0,7.6,7.6,7.6,0.0
2017-01-04,7.6,7.6,0.0,7.6,0.0,0.0,0.0,0.0,7.6,7.6,7.6,0.0
2017-01-05,7.6,7.6,0.0,7.6,0.0,0.0,0.0,0.0,7.6,7.6,7.6,0.0
2017-01-06,7.6,7.6,0.0,7.6,0.0,0.0,0.0,0.0,7.6,7.6,7.6,0.0
2017-01-09,7.6,7.6,0.0,7.6,0.0,0.0,0.0,0.0,7.6,7.6,7.6,0.0
2017-01-10,7.6,7.6,0.0,7.6,0.0,0.0,0.0,0.0,7.6,7.6,7.6,0.0
2017-01-11,7.6,7.6,0.0,7.6,0.0,0.0,0.0,0.0,7.6,7.6,7.6,0.0
2017-01-12,7.6,7.6,0.0,7.6,0.0,0.0,0.0,0.0,7.6,7.6,7.6,0.0
2017-01-13,7.6,7.6,0.0,7.6,0.0,0.0,0.0,0.0,7.6,7.6,7.6,0.0
2017-01-16,7.6,7.6,0.0,7.6,0.0,0.0,0.0,0.0,7.6,7.6,7.6,0.0
2017-01-17,7.6,7.6,0.0,7.6,0.0,0.0,0.0,0.0,7.6,7.6,7.6,0.0
2017-01-18,7.6,7.6,0.0,7.6,0.0,0.0,0.0,0.0,7.6,7.6,7.6,0.0
2017-01-19,7.6,7.6,0.0,7.6,0.0,0.0,0.0,0.0,7.6,7.6,7.6,0.0
2017-01-20,7.6,7.6,0.0,7.6,0.0,0.0,0.0,0.0,7.6,7.6,7.6,0.0
2017-01-23,7.6,7.6,0.0,7.6,0.0,0.0,0.0,0.0,7.6,7.6,7.6,0.0
2017-01-24,7.6,7.6,0.0,7.6,0.0,0.0,0.0,0.0,7.6,7.6,7.6,0.0
2017-01-25,7.6,7.6,0.0,7.6,0.0,0.0,0.0,0.0,7.6,7.6,7.6,0.0
2017-02-02,7.6,7.6,0.0,7.6,0.0,0.0,0.0,0.0,7.6,7.6,7.6,0.0
2017-02-03,7.6,7.6,0.0,7.6,0.0,0.0,0.0,0.0,7.6,7.6,7.6,0.0
2017-02-06,7.6,7.6,0.0,7.6,0.0,0.0,0.0,0.0,7.6,7.6,7.6,0.0
2017-02-07,7.6,7.6,0.0,7.6,0.0,0.0,0.0,0.0,7.6,7.6,7.6,0.0
2017-02-08,7.6,7.6,0.0,7.6,0.0,0.0,0.0,0.0,7.6,7.6,7.6,0.0
2017-02-09,7.6,7.6,0.0,7.6,0.0,0.0,0.0,0.0,7.6,7.6,7.6,0.0
2017-02-10,7.6,7.6,0.0,7.6,0.0,0.0,0.0,0.0,7.6,7.6,7.6,0.0
2017-02-13,7.6,7.6,0.0,7.6,0.0,0.0,0.0,0.0,7.6,7.6,7.6,0.0
2017-02-14,7.6,7.6,0.0,7.6,0.0,0.0,0.0,0.0,7.6,7.6,7.6,0.0
2017-02-15,7.6,7.6,0.0,7.6,0.0,0.0,0.0,0.0,7.6,7.6,7.6,0.0
2017-02-16,7.6,7.6,0.0,7.6,0.0,0.0,0.0,0.0,7.6,7.6,7.6,0.0
2017-02-17,7.6,7.6,0.0,7.6,0.0,0.0,0.0,0.0,7.6,7.6,7.6,0.0
2017-02-20,7.6,7.6,0.0,7.6,0.0,0.0,0.0,0.0,7.6,7.6,7.6,0.0
2017-02-21,7.6,7.6,0.0,7.6,0.0,0.0,0.0,0.0,7.6,7.6,7.6,0.0
2017-02-22,7.6,7.6,0.0,7.6,0.0,0.0,0.0,0.0,7.6,7.6,7.6,0.0
2017-02-23,7.6,7.6,0.0,7.6,0.0,0.0,0.0,0.0,7.6,7.6,7.6,0.0
2017-02-24,7.6,7.6,0.0,7.6,0.0,0.0,0.0,0.0,7.6,7.6,7.6,0.0
2017-02-27,7.6,7.6,0.0,7.6,0.0,0.0,0.0,0.0,7.6,7.6,7.6,0.0
2017-02-28,7.6,7.6,0.0,7.6,0.0,0.0,0.0,0.0,7.6,7.6,7.6,0.0
2017-03-01,7.6,7.6,0.0,7.6,0.0,0.0,0.0,0.0,7.6,7.6,7.6,0.0
2017-03-02,7.6,7.6,0.0,7.6,0.0,0.0,0.0,0.0,7.6,7.6,7.6,0.0
2017-03-03,7.6,7.6,0.0,7.6,0.0,0.0,0.0,0.0,7.6,7.6,7.6,0.0
2017-03-06,7.6,7.6,0.0,7.6,0.0,0.0,0.0,0.0,7.6,7.6,7.6,0.0
2017-03-07,7.6,7.6,0.0,7.6,0.0,0.0,0.0,0.0,7.6,7.6,7.6,0.0
2017-03-08,7.6,7.6,0.0,7.6,0.0,0.0,0.0,0.0,7.6,7.6,7.6,0.0
2017-03-09,7.6,7.6,0.0,7.6,0.0,0.0,0.0,0.0,7.6,7.6,7.6,0.0
2017-03-10,7.6,7.6,0.0,7.6,0.0,0.0,0.0,0.0,7.6,7.6,7.6,0.0
2017-03-13,7.6,7.6,0.0,7.6,0.0,0.0,0.0,0.0,7.6,7.6,7.6,0.0
2017-03-14,7.6,7.6,0.0,7.6,0.0,0.0,0.0,0.0,7.6,7.6,7.6,0.0
2017-03-15,7.6,7.6,0.0,7.6,0.0,0.0,0.0,0.0,7.6,7.6,7.6,0.0
2017-03-16,7.6,7.6,0.0,7.6,0.0,0.0,0.0,0.0,7.6,7.6,7.6,0.0
2017-03-17,7.6,7.6,0.0,7.6,0.0,0.0,0.0,0.0,7.6,7.6,7.6,0.0
2017-03-20,7.6,7.6,0.0,7.6,0.0,0.0,0.0,0.0,7.6,7.6,7.6,0.0
2017-03-21,7.6,7.6,0.0,7.6,0.0,0.0,0.0,0.0,7.6,7.6,7.6,0.0
2017-03-22,7.6,7.6,0.0,7.6,0.0,0.0,0.0,0.0,7.6,7.6,7.6,0.0
2017-03-23,7.6,7.6,0.0,7.6,0.0,0.0,0.0,0.0,7.6,7.6,7.6,0.0
2017-03-24,7.6,7.6,0.0,7.6,0.0,0.0,0.0,0.0,7.6,7.6,7.6,0.0
2017-03-27,7.6,7.6,0.0,7.6,0.0,0.0,0.0,0.0,7.6,7.6,7.6,0.0
2017-03-28,7.6,7.6,0.0,7.6,0.0,0.0,0.0,0.0,7.6,7.6,7.6,0.0
2017-03-29,7.6,7.6,0.0,7.6,0.0,0.0,0.0,0.0,7.6,7.6,7.6,0.0
2017-03-30,7.6,7.6,0.0,7.6,0.0,0.0,0.0,0.0,7.6,7.6,7.6,0.0
2017-03-31,7.6,7.6,0.0,7.6,0.0,0.0,0.0,0.0,7.6,7.6,7.6,0.0
2017-04-03,7.6,7.6,0.0,7.6,0.0,0.0,0.0,0.0,7.6,7.6,7.6,0.0
2017-04-04,7.6,7.6,0.0,7.6,0.0,0.0,0.0,0.0,7.6,7.6,7.6,0.0
2017-04-05,7.6,7.6,0.0,7.6,0.0,0.0,0.0,0.0,7.6,7.6,7.6,0.0
2017-04-07,7.6,7.6,0.0,7.6,0.0,0.0,0.0,0.0,7.6,7.6,7.6,0.0
2017-04-10,7.6,7.6,0.0,7.6,0.0,0.0,0.0,0.0,7.6,7.6,7.6,0.0
2017-04-11,7.6,7.6,0.0,7.6,0.0,0.0,0.0,0.0,7.6,7.6,7.6,0.0
2017-04-12,7.6,7.6,0.0,7.6,0.0,0.0,0.0,0.0,7.6,7.6,7.6,0.0
2017-04-13,7.6,7.6,0.0,7.6,0.0,0.0,0.0,0.0,7.6,7.6,7.6,0.0
2017-04-14,7.6,7.6,0.0,7.6,0.0,0.0,0.0,0.0,7.6,7.6,7.6,0.0
2017-04-24,9.9,9.9,30.2632,9.9,100.0,990000.0,0.0,0.0,9.9,9.9,9.9,100.0
2017-04-25,8.5,8.5,-14.1414,8.5,500.0,4250000.0,0.0,0.0,8.5,8.5,8.5,500.0
2017-04-26,7.3,7.3,-14.1176,7.3,5000.0,36500000.0,0.0,0.0,7.3,7.3,7.3,5000.0
2017-04-27,6.3,6.3,-13.6986,6.3,9700.0,61110000.0,0.0,0.0,6.3,6.3,6.3,9700.0
2017-04-28,6.1,6.1,-3.1746,6.009,6500.0,39060000.0,0.0,0.0,6.0,6.1,6.0,6500.0
2017-05-03,6.0,6.0,0.0,5.57,46710.0,260199000.0,0.0,0.0,5.6,6.0,5.2,46710.0
2017-05-04,6.1,6.1,8.9286,6.041,48200.0,291190000.0,0.0,0.0,6.0,6.2,5.7,48200.0
2017-05-05,6.2,6.2,3.3333,6.078,40900.0,248610000.0,0.0,0.0,6.1,6.2,6.0,40900.0
2017-05-08,6.0,6.0,-1.6393,6.45,200.0,1290000.0,0.0,0.0,6.9,6.9,6.0,200.0
2017-05-09,6.5,6.5,0.0,6.566,38900.0,255420000.0,0.0,0.0,6.6,6.6,6.5,38900.0
2017-05-10,6.6,6.6,0.0,6.6,200.0,1320000.0,0.0,0.0,6.6,6.6,6.6,200.0
2017-05-11,7.5,7.5,13.6364,7.482,13700.0,102510000.0,0.0,0.0,6.7,7.5,6.7,13700.0
2017-05-12,6.9,6.9,-8.0,6.9,110.0,765000.0,0.0,0.0,6.9,6.9,6.9,110.0
2017-05-15,6.9,6.9,0.0,7.058,15400.0,108690000.0,0.0,0.0,7.1,7.1,6.9,15400.0
2017-05-16,7.1,7.1,0.0,7.1,0.0,0.0,0.0,0.0,7.1,7.1,7.1,0.0
2017-05-17,7.1,7.1,0.0,7.1,1300.0,9230000.0,0.0,0.0,7.1,7.1,7.1,1300.0
2017-05-18,7.0,7.0,-1.4085,6.984,9400.0,65650000.0,0.0,0.0,6.9,7.1,6.9,9400.0
2017-05-19,7.0,7.0,0.0,7.0,0.0,0.0,0.0,0.0,7.0,7.0,7.0,0.0
2017-05-22,7.0,7.0,0.0,7.0,3300.0,23100000.0,0.0,0.0,7.0,7.0,7.0,3300.0
2017-05-23,6.9,6.9,-1.4286,6.967,12000.0,83600000.0,0.0,0.0,7.0,7.0,6.9,12000.0
2017-05-24,6.6,6.6,-5.7143,6.919,6900.0,47740000.0,0.0,0.0,7.0,7.0,6.6,6900.0
2017-05-25,6.6,6.6,-4.3478,6.542,17900.0,117100000.0,0.0,0.0,6.6,6.6,6.5,17900.0
2017-05-26,6.5,6.5,0.0,6.521,27700.0,180620000.0,0.0,0.0,6.5,6.6,6.5,27700.0
2017-05-29,7.0,7.0,7.6923,7.035,13900.0,97780000.0,0.0,0.0,6.9,7.1,6.9,13900.0
2017-05-30,7.1,7.1,1.4286,6.968,3700.0,25780000.0,0.0,0.0,7.0,7.1,6.8,3700.0
2017-05-31,7.0,7.0,0.0,7.0,2500.0,17500000.0,0.0,0.0,7.0,7.0,7.0,2500.0
2017-06-01,6.9,6.9,-1.4286,6.963,12000.0,83550000.0,0.0,0.0,7.0,7.1,6.9,12000.0
2017-06-02,6.9,6.9,-1.4286,6.9,3000.0,20700000.0,0.0,0.0,6.9,6.9,6.9,3000.0
2017-06-05,6.6,6.6,-4.3478,6.6,21200.0,139920000.0,0.0,0.0,6.8,6.8,6.5,21200.0
2017-06-06,6.6,6.6,0.0,6.6,0.0,0.0,0.0,0.0,6.6,6.6,6.6,0.0
2017-06-07,6.7,6.7,1.5152,6.7,8010.0,53657000.0,0.0,0.0,6.7,6.7,6.7,8010.0
2017-06-08,6.7,6.7,0.0,6.7,26100.0,174870000.0,0.0,0.0,6.7,6.7,6.7,26100.0
2017-06-09,6.6,6.6,-1.4925,6.692,37000.0,247600000.0,0.0,0.0,6.7,6.7,6.6,37000.0
2017-06-12,6.6,6.6,-1.4925,6.6,1600.0,10560000.0,0.0,0.0,6.6,6.6,6.6,1600.0
2017-06-13,7.3,7.3,10.6061,7.128,16200.0,115480000.0,0.0,0.0,6.7,7.4,6.7,16200.0
2017-06-14,7.9,7.9,11.2676,7.515,21900.0,164580000.0,0.0,0.0,7.2,7.9,7.1,21900.0
2017-06-15,8.6,8.6,14.6667,8.468,114000.0,965300000.0,0.0,0.0,7.9,8.6,7.9,114000.0
2017-06-16,8.6,8.6,1.1765,8.352,2500.0,20880000.0,0.0,0.0,7.5,8.6,7.3,2500.0
2017-06-19,8.4,8.4,0.0,8.392,14400.0,120850000.0,0.0,0.0,8.4,8.4,7.3,14400.0
2017-06-20,8.4,8.4,0.0,8.382,27300.0,228840000.0,0.0,0.0,8.4,8.4,8.2,27300.0
2017-06-21,8.5,8.5,1.1905,8.447,5700.0,48150000.0,0.0,0.0,8.4,8.5,8.4,5700.0
2017-06-22,8.4,8.4,0.0,8.403,14400.0,121010000.0,94.0,676800.0,8.5,8.5,8.4,14494.0
2017-06-23,8.4,8.4,0.0,8.4,0.0,0.0,0.0,0.0,8.4,8.4,8.4,0.0
2017-06-26,8.4,8.4,0.0,8.4,0.0,0.0,0.0,0.0,8.4,8.4,8.4,0.0
2017-06-27,8.4,8.4,0.0,8.4,0.0,0.0,0.0,0.0,8.4,8.4,8.4,0.0
2017-06-28,8.4,8.4,0.0,8.4,0.0,0.0,0.0,0.0,8.4,8.4,8.4,0.0
2017-06-29,8.5,8.5,1.1905,8.5,8500.0,72250000.0,0.0,0.0,8.5,8.5,8.5,8500.0
2017-06-30,8.5,8.5,0.0,8.5,2000.0,17000000.0,0.0,0.0,8.5,8.5,8.5,2000.0
2017-07-03,7.3,7.3,-14.1176,7.301,9810.0,71625000.0,0.0,0.0,7.3,7.4,7.3,9810.0
2017-07-04,7.6,7.6,4.1096,7.262,67600.0,490920000.0,0.0,0.0,7.3,7.7,6.9,67600.0
2017-07-05,7.5,7.5,2.7397,7.457,4700.0,35050000.0,0.0,0.0,7.4,7.5,7.4,4700.0
2017-07-06,7.0,7.0,-6.6667,6.93,38500.0,266800000.0,0.0,0.0,7.0,7.3,6.9,38500.0
2017-07-07,7.0,7.0,1.4493,7.0,1876.0,13132000.0,0.0,0.0,7.0,7.0,7.0,1876.0
2017-07-10,7.0,7.0,0.0,6.986,3500.0,24450000.0,0.0,0.0,7.0,7.0,6.9,3500.0
2017-07-11,7.0,7.0,0.0,7.0,0.0,0.0,0.0,0.0,7.0,7.0,7.0,0.0
2017-07-12,7.0,7.0,0.0,6.357,31400.0,199600000.0,0.0,0.0,6.1,7.0,6.1,31400.0
2017-07-13,7.0,7.0,9.375,7.0,5100.0,35700000.0,0.0,0.0,7.0,7.0,7.0,5100.0
2017-07-14,7.0,7.0,0.0,7.0,0.0,0.0,0.0,0.0,7.0,7.0,7.0,0.0
2017-07-17,7.0,7.0,0.0,7.0,3601.0,25206000.0,0.0,0.0,7.0,7.0,7.0,3601.0
2017-07-18,7.0,7.0,0.0,7.0,6000.0,42000000.0,0.0,0.0,7.0,7.0,7.0,6000.0
2017-07-19,6.7,6.7,-4.2857,6.944,28800.0,200000000.0,0.0,0.0,7.0,7.0,6.7,28800.0
2017-07-20,6.9,6.9,0.0,6.897,6100.0,42070000.0,0.0,0.0,6.9,6.9,6.7,6100.0
2017-07-21,7.0,7.0,1.4493,6.936,11000.0,76300000.0,0.0,0.0,6.9,7.1,6.9,11000.0
2017-07-24,6.9,6.9,0.0,6.9,6000.0,41400000.0,0.0,0.0,6.9,6.9,6.9,6000.0
2017-07-25,6.9,6.9,0.0,6.9,0.0,0.0,0.0,0.0,6.9,6.9,6.9,0.0
2017-07-26,6.9,6.9,0.0,6.9,700.0,4830000.0,0.0,0.0,6.9,6.9,6.9,700.0
2017-07-27,7.3,7.3,5.7971,7.3,2400.0,17520000.0,0.0,0.0,7.3,7.3,7.3,2400.0
2017-07-28,7.0,7.0,-4.1096,7.21,27000.0,194680000.0,0.0,0.0,7.1,7.3,7.0,27000.0
2017-07-31,6.4,6.4,-11.1111,6.5,32500.0,211260000.0,0.0,0.0,6.6,6.7,6.4,32500.0
2017-08-01,6.4,6.4,-1.5385,6.416,34000.0,218140000.0,0.0,0.0,6.5,6.5,6.4,34000.0
2017-08-02,6.4,6.4,0.0,6.428,36000.0,231400000.0,0.0,0.0,6.4,6.5,6.4,36000.0
2017-08-03,6.5,6.5,1.5625,6.633,40300.0,267310000.0,0.0,0.0,6.5,7.0,6.5,40300.0
2017-08-04,6.6,6.6,0.0,6.6,0.0,0.0,0.0,0.0,6.6,6.6,6.6,0.0
2017-08-07,6.7,6.7,1.5152,6.546,63100.0,413050000.0,0.0,0.0,6.5,6.7,6.5,63100.0
2017-08-08,6.7,6.7,3.0769,6.7,6037.0,40407200.0,0.0,0.0,6.7,6.7,6.7,6037.0
2017-08-09,6.7,6.7,0.0,6.7,11100.0,74370000.0,0.0,0.0,6.7,6.7,6.7,11100.0
2017-08-10,6.5,6.5,-2.9851,6.528,38100.0,248730000.0,0.0,0.0,6.6,6.6,6.5,38100.0
2017-08-11,6.8,6.8,4.6154,6.671,3500.0,23350000.0,0.0,0.0,6.5,6.8,6.5,3500.0
2017-08-14,6.6,6.6,-1.4925,6.358,28100.0,178660000.0,0.0,0.0,6.5,6.6,6.0,28100.0
2017-08-15,6.9,6.9,7.8125,7.028,55800.0,392150000.0,0.0,0.0,6.7,7.3,6.7,55800.0
2017-08-16,7.1,7.1,1.4286,7.1,1500.0,10650000.0,0.0,0.0,7.1,7.1,7.1,1500.0
2017-08-17,7.2,7.2,1.4085,7.2,600.0,4320000.0,0.0,0.0,7.2,7.2,7.2,600.0
2017-08-18,7.2,7.2,0.0,7.15,2000.0,14300000.0,0.0,0.0,7.1,7.2,7.1,2000.0
2017-08-21,7.6,7.6,5.5556,7.644,24400.0,186520000.0,0.0,0.0,7.3,7.8,7.3,24400.0
2017-08-22,7.7,7.7,1.3158,7.556,26700.0,201740000.0,0.0,0.0,7.6,7.7,7.2,26700.0
2017-08-23,7.6,7.6,0.0,7.6,0.0,0.0,0.0,0.0,7.6,7.6,7.6,0.0
2017-08-24,7.7,7.7,1.3158,7.607,41400.0,314940000.0,0.0,0.0,7.6,7.7,7.6,41400.0
2017-08-25,7.3,7.3,-3.9474,7.472,18000.0,134500000.0,0.0,0.0,7.7,7.7,7.3,18000.0
2017-08-28,7.5,7.5,0.0,7.511,18400.0,138200000.0,0.0,0.0,7.5,7.6,7.5,18400.0
2017-08-29,7.3,7.3,-2.6667,7.206,47000.0,338700000.0,0.0,0.0,7.4,7.4,7.1,47000.0
2017-08-30,7.6,7.6,5.5556,7.576,8500.0,64400000.0,0.0,0.0,7.5,7.6,7.5,8500.0
2017-08-31,7.6,7.6,0.0,7.6,2400.0,18240000.0,0.0,0.0,7.6,7.6,7.6,2400.0
2017-09-01,7.3,7.3,-3.9474,7.424,18500.0,137350000.0,0.0,0.0,7.6,7.6,7.3,18500.0
2017-09-05,7.5,7.5,1.3514,7.5,5000.0,37500000.0,0.0,0.0,7.5,7.5,7.5,5000.0
2017-09-06,7.3,7.3,-2.6667,7.368,17000.0,125260000.0,0.0,0.0,7.4,7.5,7.3,17000.0
2017-09-07,7.3,7.3,-1.3514,7.3,2200.0,16060000.0,0.0,0.0,7.3,7.3,7.3,2200.0
2017-09-08,7.3,7.3,0.0,7.3,129.0,842200.0,0.0,0.0,7.3,7.3,7.3,129.0
2017-09-11,7.4,7.4,1.3699,7.4,3000.0,22200000.0,0.0,0.0,7.4,7.4,7.4,3000.0
2017-09-12,7.5,7.5,1.3514,7.454,33800.0,251950000.0,0.0,0.0,7.5,7.5,7.4,33800.0
2017-09-13,7.5,7.5,0.0,7.495,2100.0,15740000.0,0.0,0.0,7.4,7.5,7.4,2100.0
2017-09-14,7.4,7.4,-1.3333,7.462,6500.0,48500000.0,0.0,0.0,7.5,7.5,7.4,6500.0
2017-09-15,7.5,7.5,0.0,7.5,29800.0,223500000.0,0.0,0.0,7.5,7.5,7.5,29800.0
2017-09-18,7.5,7.5,0.0,7.495,28300.0,212120000.0,0.0,0.0,7.6,7.6,7.4,28300.0
2017-09-19,7.6,7.6,1.3333,7.597,13500.0,102560000.0,0.0,0.0,7.5,7.6,7.5,13500.0
2017-09-20,7.7,7.7,1.3158,7.681,16600.0,127510000.0,0.0,0.0,7.6,7.7,7.6,16600.0
2017-09-21,8.0,8.0,3.8961,7.838,21700.0,170080000.0,0.0,0.0,7.7,8.0,7.7,21700.0
2017-09-22,8.2,8.2,5.1282,8.092,11300.0,91440000.0,0.0,0.0,8.0,8.2,8.0,11300.0
2017-09-25,8.1,8.1,0.0,8.1,0.0,0.0,0.0,0.0,8.1,8.1,8.1,0.0
2017-09-26,8.1,8.1,0.0,8.1,0.0,0.0,0.0,0.0,8.1,8.1,8.1,0.0
2017-09-27,8.2,8.2,1.2346,8.165,43000.0,351100000.0,0.0,0.0,8.1,8.2,8.1,43000.0
2017-09-28,8.5,8.5,3.6585,8.583,49450.0,424390000.0,0.0,0.0,8.1,9.0,8.1,49450.0
2017-09-29,8.7,8.7,1.1628,8.461,5600.0,47380000.0,0.0,0.0,8.7,8.7,8.4,5600.0
2017-10-02,8.6,8.6,1.1765,8.534,17000.0,145080000.0,0.0,0.0,8.5,8.6,8.2,17000.0
2017-10-03,8.4,8.4,0.0,8.421,19000.0,160000000.0,0.0,0.0,8.5,8.5,8.4,19000.0
2017-10-04,8.5,8.5,1.1905,8.5,200.0,1700000.0,0.0,0.0,8.5,8.5,8.5,200.0
2017-10-05,8.5,8.5,0.0,8.5,0.0,0.0,0.0,0.0,8.5,8.5,8.5,0.0
2017-10-06,8.0,8.0,-5.8824,8.111,4700.0,38120000.0,2600.0,23140000.0,8.0,8.2,8.0,7300.0
2017-10-09,8.6,8.6,6.1728,8.6,100.0,860000.0,0.0,0.0,8.6,8.6,8.6,100.0
2017-10-10,8.6,8.6,0.0,8.6,0.0,0.0,0.0,0.0,8.6,8.6,8.6,0.0
2017-10-11,8.0,8.0,-6.9767,8.0,4500.0,36000000.0,0.0,0.0,8.0,8.0,8.0,4500.0
2017-10-12,7.7,7.7,-3.75,7.797,46300.0,361010000.0,0.0,0.0,8.0,8.0,7.7,46300.0
2017-10-13,7.8,7.8,0.0,7.8,0.0,0.0,0.0,0.0,7.8,7.8,7.8,0.0
2017-10-16,7.8,7.8,0.0,7.8,0.0,0.0,0.0,0.0,7.8,7.8,7.8,0.0
2017-10-17,7.8,7.8,0.0,7.8,0.0,0.0,0.0,0.0,7.8,7.8,7.8,0.0
2017-10-18,7.9,7.9,1.2821,7.9,1000.0,7900000.0,0.0,0.0,7.9,7.9,7.9,1000.0
2017-10-19,7.9,7.9,0.0,7.9,200.0,1580000.0,0.0,0.0,7.9,7.9,7.9,200.0
2017-10-20,8.6,8.6,8.8608,8.569,1300.0,11140000.0,0.0,0.0,8.5,8.6,8.5,1300.0
2017-10-23,8.6,8.6,0.0,8.6,0.0,0.0,0.0,0.0,8.6,8.6,8.6,0.0
2017-10-24,8.6,8.6,0.0,8.6,0.0,0.0,0.0,0.0,8.6,8.6,8.6,0.0
2017-10-25,8.6,8.6,0.0,8.6,0.0,0.0,0.0,0.0,8.6,8.6,8.6,0.0
2017-10-26,8.6,8.6,0.0,8.6,0.0,0.0,0.0,0.0,8.6,8.6,8.6,0.0
2017-10-27,7.4,7.4,-13.9535,7.4,100.0,740000.0,0.0,0.0,7.4,7.4,7.4,100.0
2017-10-30,8.0,8.0,8.1081,8.0,500.0,4000000.0,0.0,0.0,8.0,8.0,8.0,500.0
2017-10-31,8.0,8.0,0.0,8.0,0.0,0.0,0.0,0.0,8.0,8.0,8.0,0.0
2017-11-01,7.8,7.8,-2.5,7.88,25000.0,197000000.0,0.0,0.0,8.0,8.0,7.8,25000.0
2017-11-02,7.8,7.8,-1.2658,7.8,2000.0,15600000.0,0.0,0.0,7.8,7.8,7.8,2000.0
2017-11-03,7.8,7.8,0.0,7.8,3300.0,25740000.0,0.0,0.0,7.8,7.8,7.8,3300.0
2017-11-06,7.8,7.8,0.0,7.8,0.0,0.0,0.0,0.0,7.8,7.8,7.8,0.0
2017-11-07,7.8,7.8,0.0,7.8,0.0,0.0,0.0,0.0,7.8,7.8,7.8,0.0
2017-11-08,7.8,7.8,0.0,7.8,0.0,0.0,0.0,0.0,7.8,7.8,7.8,0.0
2017-11-09,7.6,7.6,-2.5641,7.595,2150.0,16380000.0,0.0,0.0,7.5,8.5,7.5,2150.0
2017-11-10,8.0,8.0,5.2632,8.0,100.0,800000.0,0.0,0.0,8.0,8.0,8.0,100.0
2017-11-13,8.5,8.5,6.25,7.9,400.0,3160000.0,0.0,0.0,7.3,8.5,7.3,400.0
2017-11-14,7.9,7.9,0.0,7.9,0.0,0.0,0.0,0.0,7.9,7.9,7.9,0.0
2017-11-15,7.5,7.5,-5.0633,7.5,1200.0,9000000.0,0.0,0.0,7.5,7.5,7.5,1200.0
2017-11-16,8.4,8.4,12.0,8.543,6300.0,53820000.0,0.0,0.0,8.6,8.6,8.3,6300.0
2017-11-17,8.5,8.5,0.0,9.4,20000.0,188000000.0,0.0,0.0,9.7,9.7,8.5,20000.0
2017-11-20,8.0,8.0,-14.8936,8.0,600.0,4799999.999999,1394000.0,14079400000.0,8.0,8.0,8.0,1394600.0
2017-11-21,8.5,8.5,0.0,8.18,15000.0,122700000.0,0.0,0.0,8.9,8.9,7.4,15000.0
2017-11-22,8.0,8.0,-2.439,8.045,10000.0,80450000.0,0.0,0.0,7.4,8.1,7.4,10000.0
2017-11-23,7.6,7.6,-5.0,7.504,2700.0,20260000.0,0.0,0.0,7.5,7.6,7.4,2700.0
2017-11-24,7.2,7.2,-4.0,7.345,8000.0,58760000.0,0.0,0.0,7.4,7.4,7.2,8000.0
2017-11-27,7.3,7.3,0.0,7.3,0.0,0.0,0.0,0.0,7.3,7.3,7.3,0.0
2017-11-28,7.5,7.5,2.7397,7.5,5800.0,43500000.0,0.0,0.0,7.5,7.5,7.5,5800.0
2017-11-29,7.5,7.5,0.0,7.5,0.0,0.0,0.0,0.0,7.5,7.5,7.5,0.0
2017-11-30,7.6,7.6,1.3333,7.6,5029.0,38220400.0,0.0,0.0,7.6,7.6,7.6,5029.0
2017-12-01,7.9,7.9,3.9474,7.9,1000.0,7900000.0,0.0,0.0,7.9,7.9,7.9,1000.0
2017-12-04,7.9,7.9,0.0,7.9,0.0,0.0,0.0,0.0,7.9,7.9,7.9,0.0
2017-12-05,7.6,7.6,-3.7975,7.577,5700.0,43190000.0,0.0,0.0,7.4,7.6,7.4,5700.0
2017-12-06,7.7,7.7,1.3158,7.638,15900.0,121440000.0,0.0,0.0,7.6,7.7,7.6,15900.0
2017-12-07,7.6,7.6,0.0,7.6,100.0,760000.0,0.0,0.0,7.6,7.6,7.6,100.0
2017-12-08,7.7,7.7,1.3158,7.7,1042.0,7981400.0,0.0,0.0,7.7,7.7,7.7,1042.0
2017-12-11,8.0,8.0,3.8961,7.933,6000.0,47600000.0,0.0,0.0,7.8,8.0,7.8,6000.0
2017-12-12,7.8,7.8,-1.2658,7.466,22500.0,167980000.0,0.0,0.0,7.1,7.9,6.8,22500.0
2017-12-13,7.3,7.3,-2.6667,7.306,95500.0,697740000.0,0.0,0.0,7.5,7.6,6.8,95500.0
2017-12-14,6.3,6.3,-13.6986,6.699,93700.0,627710000.0,0.0,0.0,7.1,7.1,6.3,93700.0
2017-12-15,5.7,5.7,-14.9254,5.704,58760.0,335192000.0,494000.0,2815800000.0,6.0,6.0,5.7,552760.0
2017-12-18,4.9,4.9,-14.0351,4.9,169760.0,831824000.0,0.0,0.0,4.9,4.9,4.9,169760.0
2017-12-19,5.0,5.0,2.0408,4.219,520842.0,2197699000.0,0.0,0.0,4.2,5.0,4.2,520842.0
2017-12-20,4.4,4.4,4.7619,4.485,70560.0,316458000.0,0.0,0.0,4.2,4.8,4.1,70560.0
2017-12-21,3.9,3.9,-13.3333,4.066,120957.0,491777200.0,0.0,0.0,4.3,4.5,3.9,120957.0
2017-12-22,3.6,3.6,-12.1951,3.54,231920.0,821026000.0,0.0,0.0,3.8,3.8,3.5,231920.0
2017-12-25,3.5,3.5,0.0,3.49,32500.0,113420000.0,0.0,0.0,3.5,3.6,3.4,32500.0
2017-12-26,3.5,3.5,0.0,3.459,49344.0,170669600.0,0.0,0.0,3.5,3.5,3.4,49344.0
2017-12-27,3.5,3.5,0.0,3.499,40301.0,140993500.0,0.0,0.0,3.4,3.6,3.4,40301.0
2017-12-28,3.5,3.5,0.0,3.498,20200.0,70660000.0,0.0,0.0,3.4,3.6,3.4,20200.0
2017-12-29,3.6,3.6,2.8571,3.464,8700.0,30140000.0,0.0,0.0,3.6,3.6,3.4,8700.0
2018-01-02,3.5,3.5,0.0,3.483,59500.0,207220000.0,0.0,0.0,3.5,3.6,3.4,59500.0
2018-01-03,3.5,3.5,0.0,3.444,34400.0,118460000.0,0.0,0.0,3.4,3.5,3.4,34400.0
2018-01-04,3.5,3.5,2.9412,3.506,15800.0,55400000.0,0.0,0.0,3.5,3.6,3.5,15800.0
2018-01-05,3.5,3.5,0.0,3.493,19600.0,68460000.0,0.0,0.0,3.4,3.5,3.4,19600.0
2018-01-08,3.5,3.5,0.0,3.5,7756.0,27140400.0,0.0,0.0,3.5,3.5,3.5,7756.0
2018-01-09,3.4,3.4,-2.8571,3.479,46670.0,162324000.0,0.0,0.0,3.5,3.5,3.4,46670.0
2018-01-10,3.5,3.5,0.0,3.462,13130.0,45455000.0,0.0,0.0,3.4,3.5,3.4,13130.0
2018-01-11,3.6,3.6,2.8571,3.593,5500.0,19760000.0,0.0,0.0,3.5,3.6,3.5,5500.0
2018-01-12,3.6,3.6,0.0,3.645,16830.0,61335000.0,0.0,0.0,3.6,3.8,3.6,16830.0
2018-01-15,3.6,3.6,0.0,3.6,1800.0,6480000.0,0.0,0.0,3.6,3.6,3.6,1800.0
2018-01-16,3.6,3.6,0.0,3.631,55100.0,200050000.0,0.0,0.0,3.6,3.7,3.5,55100.0
2018-01-17,3.6,3.6,0.0,3.6,41730.0,150222000.0,0.0,0.0,3.6,3.6,3.6,41730.0
2018-01-18,3.6,3.6,0.0,3.51,11250.0,39470000.0,0.0,0.0,3.5,3.6,3.5,11250.0
2018-01-19,3.8,3.8,8.5714,3.63,31101.0,112903800.0,0.0,0.0,3.6,3.9,3.5,31101.0
2018-01-22,3.6,3.6,0.0,3.659,3910.0,14307000.0,0.0,0.0,3.7,3.7,3.6,3910.0
2018-01-23,3.6,3.6,0.0,3.6,48500.0,174600000.0,0.0,0.0,3.6,3.6,3.6,48500.0
2018-01-24,3.6,3.6,0.0,3.6,28550.0,102770000.0,0.0,0.0,3.6,3.6,3.6,28550.0
2018-01-25,3.6,3.6,0.0,3.592,20700.0,74350000.0,0.0,0.0,3.6,3.6,3.5,20700.0
2018-01-26,3.5,3.5,-2.7778,3.501,19420.0,67978000.0,0.0,0.0,3.6,3.6,3.5,19420.0
2018-01-29,3.4,3.4,-2.8571,3.467,15000.0,52000000.0,0.0,0.0,3.5,3.5,3.4,15000.0
2018-01-30,3.5,3.5,0.0,3.455,18200.0,62880000.0,0.0,0.0,3.5,3.5,3.4,18200.0
2018-01-31,3.5,3.5,0.0,3.5,13500.0,47250000.0,0.0,0.0,3.5,3.5,3.5,13500.0
2018-02-01,3.4,3.4,-2.8571,3.497,7300.0,25530000.0,0.0,0.0,3.5,3.5,3.4,7300.0
2018-02-02,3.5,3.5,0.0,3.5,100.0,350000.0,0.0,0.0,3.5,3.5,3.5,100.0
2018-02-05,3.4,3.4,-2.8571,3.458,32900.0,113760000.0,0.0,0.0,3.5,3.5,3.4,32900.0
2018-02-06,3.5,3.5,0.0,3.416,5800.0,19810000.0,0.0,0.0,3.3,3.5,3.1,5800.0
2018-02-07,3.4,3.4,0.0,3.463,8300.0,28740000.0,0.0,0.0,3.5,3.5,3.4,8300.0
2018-02-08,3.4,3.4,-2.8571,3.4,700.0,2380000.0,0.0,0.0,3.4,3.4,3.4,700.0
2018-02-09,3.3,3.3,-2.9412,3.3,100.0,330000.0,0.0,0.0,3.3,3.3,3.3,100.0
2018-02-12,3.4,3.4,3.0303,3.4,3000.0,10200000.0,0.0,0.0,3.4,3.4,3.4,3000.0
2018-02-13,3.5,3.5,2.9412,3.5,11900.0,41650000.0,0.0,0.0,3.5,3.5,3.5,11900.0
2018-02-21,3.4,3.4,-2.8571,3.405,6200.0,21110000.0,0.0,0.0,3.6,3.6,3.4,6200.0
2018-02-22,3.3,3.3,-2.9412,3.344,33500.0,112010000.0,0.0,0.0,3.4,3.5,3.3,33500.0
2018-02-23,3.3,3.3,0.0,3.3,0.0,0.0,0.0,0.0,3.3,3.3,3.3,0.0
2018-02-26,3.5,3.5,6.0606,3.497,6500.0,22730000.0,0.0,0.0,3.3,3.5,3.3,6500.0
2018-02-27,3.4,3.4,-2.8571,3.4,2000.0,6800000.0,0.0,0.0,3.4,3.4,3.4,2000.0
2018-02-28,3.4,3.4,0.0,3.4,0.0,0.0,0.0,0.0,3.4,3.4,3.4,0.0
2018-03-01,3.4,3.4,0.0,3.4,1800.0,6120000.0,0.0,0.0,3.4,3.4,3.4,1800.0
2018-03-02,3.3,3.3,-2.9412,3.3,1000.0,3300000.0,0.0,0.0,3.3,3.3,3.3,1000.0
2018-03-05,3.3,3.3,0.0,3.3,0.0,0.0,0.0,0.0,3.3,3.3,3.3,0.0
2018-03-06,3.5,3.5,6.0606,3.498,5000.0,17490000.0,0.0,0.0,3.4,3.5,3.4,5000.0
2018-03-07,3.4,3.4,-2.8571,3.4,410.0,1393000.0,0.0,0.0,3.4,3.4,3.4,410.0
2018-03-08,3.4,3.4,0.0,3.4,4800.0,16320000.0,0.0,0.0,3.4,3.4,3.4,4800.0
2018-03-09,3.5,3.5,2.9412,3.5,2000.0,7000000.0,0.0,0.0,3.5,3.5,3.5,2000.0
2018-03-12,3.5,3.5,0.0,3.5,0.0,0.0,0.0,0.0,3.5,3.5,3.5,0.0
2018-03-13,3.3,3.3,-5.7143,3.389,4600.0,15590000.0,0.0,0.0,3.4,3.4,3.3,4600.0
2018-03-14,3.4,3.4,0.0,3.4,0.0,0.0,0.0,0.0,3.4,3.4,3.4,0.0
2018-03-15,3.8,3.8,11.7647,3.61,2900.0,10470000.0,0.0,0.0,3.4,3.9,3.4,2900.0
2018-03-16,3.5,3.5,-2.7778,3.5,410.0,1435000.0,0.0,0.0,3.5,3.5,3.5,410.0
2018-03-19,3.6,3.6,2.8571,3.53,1000.0,3530000.0,0.0,0.0,3.5,3.6,3.5,1000.0
2018-03-20,3.5,3.5,0.0,3.5,100.0,350000.0,0.0,0.0,3.5,3.5,3.5,100.0
2018-03-21,3.5,3.5,0.0,3.5,100.0,350000.0,0.0,0.0,3.5,3.5,3.5,100.0
2018-03-22,3.5,3.5,0.0,3.5,0.0,0.0,0.0,0.0,3.5,3.5,3.5,0.0
2018-03-23,3.5,3.5,0.0,3.5,0.0,0.0,0.0,0.0,3.5,3.5,3.5,0.0
2018-03-26,3.5,3.5,0.0,3.5,0.0,0.0,0.0,0.0,3.5,3.5,3.5,0.0
2018-03-27,3.4,3.4,-2.8571,3.4,500.0,1700000.0,0.0,0.0,3.4,3.4,3.4,500.0
2018-03-28,3.4,3.4,0.0,3.4,0.0,0.0,0.0,0.0,3.4,3.4,3.4,0.0
2018-03-29,3.7,3.7,8.8235,3.7,310.0,1145000.0,0.0,0.0,3.7,3.7,3.7,310.0
2018-03-30,3.7,3.7,0.0,3.7,0.0,0.0,0.0,0.0,3.7,3.7,3.7,0.0
2018-04-02,3.4,3.4,-8.1081,3.4,1000.0,3400000.0,0.0,0.0,3.4,3.4,3.4,1000.0
2018-04-03,3.8,3.8,11.7647,3.8,100.0,380000.0,0.0,0.0,3.8,3.8,3.8,100.0
2018-04-04,3.7,3.7,-2.6316,3.7,700.0,2590000.0,0.0,0.0,3.7,3.7,3.7,700.0
2018-04-05,3.7,3.7,0.0,3.7,0.0,0.0,0.0,0.0,3.7,3.7,3.7,0.0
2018-04-06,3.7,3.7,0.0,3.7,0.0,0.0,0.0,0.0,3.7,3.7,3.7,0.0
2018-04-09,3.7,3.7,0.0,3.7,0.0,0.0,0.0,0.0,3.7,3.7,3.7,0.0
2018-04-10,3.5,3.5,-5.4054,3.46,1000.0,3460000.0,0.0,0.0,3.4,3.5,3.4,1000.0
2018-04-11,3.5,3.5,0.0,3.5,0.0,0.0,0.0,0.0,3.5,3.5,3.5,0.0
2018-04-12,3.4,3.4,-2.8571,3.4,1100.0,3740000.0,0.0,0.0,3.4,3.4,3.4,1100.0
2018-04-13,3.4,3.4,0.0,3.4,0.0,0.0,0.0,0.0,3.4,3.4,3.4,0.0
2018-04-16,3.5,3.5,2.9412,3.5,300.0,1050000.0,0.0,0.0,3.5,3.5,3.5,300.0
2018-04-17,3.3,3.3,-5.7143,3.31,1000.0,3310000.0,0.0,0.0,3.4,3.4,3.3,1000.0
2018-04-18,3.4,3.4,3.0303,3.4,6000.0,20400000.0,0.0,0.0,3.4,3.4,3.4,6000.0
2018-04-19,3.4,3.4,0.0,3.4,0.0,0.0,0.0,0.0,3.4,3.4,3.4,0.0
2018-04-20,3.4,3.4,0.0,3.4,0.0,0.0,0.0,0.0,3.4,3.4,3.4,0.0
2018-04-23,3.4,3.4,0.0,3.4,0.0,0.0,0.0,0.0,3.4,3.4,3.4,0.0
2018-04-24,3.4,3.4,0.0,3.327,2600.0,8650000.0,0.0,0.0,3.3,3.4,3.3,2600.0
2018-04-26,3.3,3.3,0.0,3.3,0.0,0.0,0.0,0.0,3.3,3.3,3.3,0.0
2018-04-27,3.3,3.3,0.0,3.3,5000.0,16500000.0,0.0,0.0,3.3,3.3,3.3,5000.0
2018-05-02,3.3,3.3,0.0,3.3,0.0,0.0,0.0,0.0,3.3,3.3,3.3,0.0
2018-05-03,3.3,3.3,0.0,3.3,0.0,0.0,0.0,0.0,3.3,3.3,3.3,0.0
2018-05-04,3.3,3.3,0.0,3.3,0.0,0.0,0.0,0.0,3.3,3.3,3.3,0.0
2018-05-07,3.3,3.3,0.0,3.3,0.0,0.0,0.0,0.0,3.3,3.3,3.3,0.0
2018-05-08,3.3,3.3,0.0,3.3,0.0,0.0,0.0,0.0,3.3,3.3,3.3,0.0
2018-05-09,3.3,3.3,0.0,3.314,2100.0,6960000.0,0.0,0.0,3.6,3.6,3.3,2100.0
2018-05-10,3.3,3.3,0.0,3.3,0.0,0.0,0.0,0.0,3.3,3.3,3.3,0.0
2018-05-11,3.3,3.3,0.0,3.3,5000.0,16500000.0,0.0,0.0,3.3,3.3,3.3,5000.0
2018-05-14,3.3,3.3,0.0,3.3,5000.0,16500000.0,0.0,0.0,3.3,3.3,3.3,5000.0
2018-05-15,3.3,3.3,0.0,3.3,0.0,0.0,0.0,0.0,3.3,3.3,3.3,0.0
2018-05-16,3.3,3.3,0.0,3.3,2000.0,6600000.0,0.0,0.0,3.3,3.3,3.3,2000.0
2018-05-17,3.3,3.3,0.0,3.3,5300.0,17490000.0,0.0,0.0,3.3,3.3,3.3,5300.0
2018-05-18,2.9,2.9,-12.1212,2.956,1600.0,4730000.0,0.0,0.0,3.2,3.2,2.9,1600.0
2018-05-21,3.2,3.2,6.6667,3.2,8000.0,25600000.0,0.0,0.0,3.2,3.2,3.2,8000.0
2018-05-22,3.2,3.2,0.0,3.2,4000.0,12800000.0,0.0,0.0,3.2,3.2,3.2,4000.0
2018-05-23,3.2,3.2,0.0,3.2,0.0,0.0,0.0,0.0,3.2,3.2,3.2,0.0
2018-05-24,3.2,3.2,0.0,3.2,0.0,0.0,0.0,0.0,3.2,3.2,3.2,0.0
2018-05-25,3.2,3.2,0.0,3.2,0.0,0.0,0.0,0.0,3.2,3.2,3.2,0.0
2018-05-28,3.2,3.2,0.0,3.2,0.0,0.0,0.0,0.0,3.2,3.2,3.2,0.0
2018-05-29,3.2,3.2,0.0,3.2,0.0,0.0,0.0,0.0,3.2,3.2,3.2,0.0
2018-05-30,3.2,3.2,0.0,3.2,0.0,0.0,0.0,0.0,3.2,3.2,3.2,0.0
2018-05-31,3.2,3.2,0.0,3.2,0.0,0.0,0.0,0.0,3.2,3.2,3.2,0.0
2018-06-01,3.2,3.2,0.0,3.12,15300.0,47730000.0,0.0,0.0,3.1,3.2,3.1,15300.0
2018-06-04,3.1,3.1,0.0,3.1,0.0,0.0,0.0,0.0,3.1,3.1,3.1,0.0
2018-06-05,3.1,3.1,0.0,3.1,0.0,0.0,0.0,0.0,3.1,3.1,3.1,0.0
2018-06-06,3.1,3.1,0.0,3.1,0.0,0.0,0.0,0.0,3.1,3.1,3.1,0.0
2018-06-07,3.1,3.1,0.0,3.1,0.0,0.0,0.0,0.0,3.1,3.1,3.1,0.0
2018-06-08,3.1,3.1,0.0,3.1,3300.0,10230000.0,0.0,0.0,3.1,3.1,3.1,3300.0
2018-06-11,3.1,3.1,0.0,3.1,0.0,0.0,0.0,0.0,3.1,3.1,3.1,0.0
2018-06-12,3.1,3.1,0.0,3.1,0.0,0.0,0.0,0.0,3.1,3.1,3.1,0.0
2018-06-13,3.1,3.1,0.0,3.1,0.0,0.0,0.0,0.0,3.1,3.1,3.1,0.0
2018-06-14,3.1,3.1,0.0,3.1,0.0,0.0,0.0,0.0,3.1,3.1,3.1,0.0
2018-06-15,3.1,3.1,0.0,3.036,1100.0,3340000.0,0.0,0.0,3.0,3.1,3.0,1100.0
2018-06-18,3.0,3.0,0.0,3.0,0.0,0.0,0.0,0.0,3.0,3.0,3.0,0.0
2018-06-19,3.0,3.0,0.0,3.0,0.0,0.0,0.0,0.0,3.0,3.0,3.0,0.0
2018-06-20,3.0,3.0,0.0,3.0,0.0,0.0,0.0,0.0,3.0,3.0,3.0,0.0
2018-06-21,3.0,3.0,0.0,3.0,0.0,0.0,0.0,0.0,3.0,3.0,3.0,0.0
2018-06-22,3.0,3.0,0.0,3.0,10.0,26000.0,0.0,0.0,3.0,3.0,3.0,10.0
2018-06-25,3.0,3.0,0.0,3.0,0.0,0.0,0.0,0.0,3.0,3.0,3.0,0.0
2018-06-26,3.0,3.0,0.0,3.0,0.0,0.0,0.0,0.0,3.0,3.0,3.0,0.0
2018-06-27,3.0,3.0,0.0,3.0,0.0,0.0,0.0,0.0,3.0,3.0,3.0,0.0
2018-06-28,3.0,3.0,0.0,3.0,0.0,0.0,0.0,0.0,3.0,3.0,3.0,0.0
2018-06-29,3.0,3.0,0.0,3.0,0.0,0.0,0.0,0.0,3.0,3.0,3.0,0.0
2018-07-02,3.0,3.0,0.0,3.0,0.0,0.0,0.0,0.0,3.0,3.0,3.0,0.0
2018-07-03,3.0,3.0,0.0,3.0,0.0,0.0,0.0,0.0,3.0,3.0,3.0,0.0
2018-07-04,3.0,3.0,0.0,3.0,0.0,0.0,0.0,0.0,3.0,3.0,3.0,0.0
2018-07-05,3.0,3.0,0.0,3.0,0.0,0.0,0.0,0.0,3.0,3.0,3.0,0.0
2018-07-06,3.0,3.0,0.0,3.0,0.0,0.0,0.0,0.0,3.0,3.0,3.0,0.0
2018-07-09,3.0,3.0,0.0,3.0,0.0,0.0,0.0,0.0,3.0,3.0,3.0,0.0
2018-07-10,3.0,3.0,0.0,3.0,0.0,0.0,0.0,0.0,3.0,3.0,3.0,0.0
2018-07-11,3.0,3.0,0.0,3.0,0.0,0.0,0.0,0.0,3.0,3.0,3.0,0.0
2018-07-12,3.0,3.0,0.0,3.0,0.0,0.0,0.0,0.0,3.0,3.0,3.0,0.0
2018-07-13,3.0,3.0,0.0,3.0,0.0,0.0,0.0,0.0,3.0,3.0,3.0,0.0
2018-07-16,3.0,3.0,0.0,3.0,0.0,0.0,0.0,0.0,3.0,3.0,3.0,0.0
2018-07-17,3.0,3.0,0.0,3.0,0.0,0.0,0.0,0.0,3.0,3.0,3.0,0.0
2018-07-18,3.0,3.0,0.0,3.0,0.0,0.0,0.0,0.0,3.0,3.0,3.0,0.0
2018-07-19,3.0,3.0,0.0,3.0,0.0,0.0,0.0,0.0,3.0,3.0,3.0,0.0
2018-07-20,3.0,3.0,0.0,2.871,6200.0,17800000.0,0.0,0.0,2.9,3.0,2.7,6200.0
2018-07-23,2.9,2.9,0.0,2.9,0.0,0.0,0.0,0.0,2.9,2.9,2.9,0.0
2018-07-24,2.9,2.9,0.0,2.9,0.0,0.0,0.0,0.0,2.9,2.9,2.9,0.0
2018-07-25,2.9,2.9,0.0,2.9,0.0,0.0,0.0,0.0,2.9,2.9,2.9,0.0
2018-07-26,2.9,2.9,0.0,2.9,0.0,0.0,0.0,0.0,2.9,2.9,2.9,0.0
2018-07-27,2.9,2.9,0.0,2.528,4329.0,10942500.0,0.0,0.0,2.5,2.9,2.5,4329.0
2018-07-30,2.5,2.5,0.0,2.5,0.0,0.0,0.0,0.0,2.5,2.5,2.5,0.0
2018-07-31,2.5,2.5,0.0,2.5,0.0,0.0,0.0,0.0,2.5,2.5,2.5,0.0
2018-08-01,2.5,2.5,0.0,2.5,0.0,0.0,0.0,0.0,2.5,2.5,2.5,0.0
2018-08-02,2.5,2.5,0.0,2.5,0.0,0.0,0.0,0.0,2.5,2.5,2.5,0.0
2018-08-03,2.4,2.4,-4.0,2.46,500.0,1230000.0,0.0,0.0,2.5,2.5,2.4,500.0
2018-08-06,2.5,2.5,0.0,2.5,0.0,0.0,0.0,0.0,2.5,2.5,2.5,0.0
2018-08-07,2.5,2.5,0.0,2.5,0.0,0.0,0.0,0.0,2.5,2.5,2.5,0.0
2018-08-08,2.5,2.5,0.0,2.5,0.0,0.0,0.0,0.0,2.5,2.5,2.5,0.0
2018-08-09,2.5,2.5,0.0,2.5,0.0,0.0,0.0,0.0,2.5,2.5,2.5,0.0
2018-08-10,2.3,2.3,-8.0,2.3,3900.0,8970000.0,0.0,0.0,2.3,2.3,2.3,3900.0
2018-08-13,2.3,2.3,0.0,2.3,0.0,0.0,0.0,0.0,2.3,2.3,2.3,0.0
2018-08-14,2.3,2.3,0.0,2.3,0.0,0.0,0.0,0.0,2.3,2.3,2.3,0.0
2018-08-15,2.3,2.3,0.0,2.3,0.0,0.0,0.0,0.0,2.3,2.3,2.3,0.0
2018-08-16,2.3,2.3,0.0,2.3,0.0,0.0,0.0,0.0,2.3,2.3,2.3,0.0
2018-08-17,2.6,2.6,13.0435,2.6,100.0,260000.0,0.0,0.0,2.6,2.6,2.6,100.0
2018-08-20,2.6,2.6,0.0,2.6,0.0,0.0,0.0,0.0,2.6,2.6,2.6,0.0
2018-08-21,2.6,2.6,0.0,2.6,0.0,0.0,0.0,0.0,2.6,2.6,2.6,0.0
2018-08-22,2.6,2.6,0.0,2.6,0.0,0.0,0.0,0.0,2.6,2.6,2.6,0.0
2018-08-23,2.6,2.6,0.0,2.6,0.0,0.0,0.0,0.0,2.6,2.6,2.6,0.0
2018-08-24,2.9,2.9,11.5385,2.812,9126.0,25649800.0,0.0,0.0,2.8,2.9,2.3,9126.0
2018-08-27,2.8,2.8,0.0,2.8,0.0,0.0,0.0,0.0,2.8,2.8,2.8,0.0
2018-08-28,2.8,2.8,0.0,2.8,0.0,0.0,0.0,0.0,2.8,2.8,2.8,0.0
2018-08-29,2.8,2.8,0.0,2.8,0.0,0.0,0.0,0.0,2.8,2.8,2.8,0.0
2018-08-30,2.8,2.8,0.0,2.8,0.0,0.0,0.0,0.0,2.8,2.8,2.8,0.0
2018-08-31,2.9,2.9,3.5714,3.08,500.0,1540000.0,0.0,0.0,3.2,3.2,2.9,500.0
2018-09-04,3.1,3.1,0.0,3.1,0.0,0.0,0.0,0.0,3.1,3.1,3.1,0.0
2018-09-05,3.1,3.1,0.0,3.1,0.0,0.0,0.0,0.0,3.1,3.1,3.1,0.0
2018-09-06,3.1,3.1,0.0,3.1,0.0,0.0,0.0,0.0,3.1,3.1,3.1,0.0
2018-09-07,3.1,3.1,0.0,3.1,0.0,0.0,0.0,0.0,3.1,3.1,3.1,0.0
2018-09-10,3.1,3.1,0.0,3.1,0.0,0.0,0.0,0.0,3.1,3.1,3.1,0.0
2018-09-11,3.1,3.1,0.0,3.1,0.0,0.0,0.0,0.0,3.1,3.1,3.1,0.0
2018-09-12,3.1,3.1,0.0,3.1,0.0,0.0,0.0,0.0,3.1,3.1,3.1,0.0
2018-09-13,3.1,3.1,0.0,3.1,0.0,0.0,0.0,0.0,3.1,3.1,3.1,0.0
2018-09-14,3.5,3.5,12.9032,3.267,300.0,980000.0,0.0,0.0,2.8,3.5,2.8,300.0
2018-09-17,3.3,3.3,0.0,3.3,0.0,0.0,0.0,0.0,3.3,3.3,3.3,0.0
2018-09-18,3.3,3.3,0.0,3.3,0.0,0.0,0.0,0.0,3.3,3.3,3.3,0.0
2018-09-19,3.3,3.3,0.0,3.3,0.0,0.0,0.0,0.0,3.3,3.3,3.3,0.0
2018-09-20,3.3,3.3,0.0,3.3,0.0,0.0,0.0,0.0,3.3,3.3,3.3,0.0
2018-09-21,3.3,3.3,0.0,3.3,0.0,0.0,0.0,0.0,3.3,3.3,3.3,0.0
2018-09-24,3.3,3.3,0.0,3.3,0.0,0.0,0.0,0.0,3.3,3.3,3.3,0.0
2018-09-25,3.3,3.3,0.0,3.3,0.0,0.0,0.0,0.0,3.3,3.3,3.3,0.0
2018-09-26,3.3,3.3,0.0,3.3,0.0,0.0,0.0,0.0,3.3,3.3,3.3,0.0
2018-09-27,3.3,3.3,0.0,3.3,0.0,0.0,0.0,0.0,3.3,3.3,3.3,0.0
2018-09-28,3.7,3.7,12.1212,3.094,7130.0,22057000.0,0.0,0.0,2.9,3.7,2.9,7130.0
2018-10-01,3.1,3.1,0.0,3.1,0.0,0.0,0.0,0.0,3.1,3.1,3.1,0.0
2018-10-02,3.1,3.1,0.0,3.1,0.0,0.0,0.0,0.0,3.1,3.1,3.1,0.0
2018-10-03,3.1,3.1,0.0,3.1,0.0,0.0,0.0,0.0,3.1,3.1,3.1,0.0
2018-10-04,3.1,3.1,0.0,3.1,0.0,0.0,0.0,0.0,3.1,3.1,3.1,0.0
2018-10-05,3.5,3.5,12.9032,3.5,110.0,385000.0,0.0,0.0,3.5,3.5,3.5,110.0
2018-10-08,3.5,3.5,0.0,3.5,0.0,0.0,0.0,0.0,3.5,3.5,3.5,0.0
2018-10-09,3.5,3.5,0.0,3.5,0.0,0.0,0.0,0.0,3.5,3.5,3.5,0.0
2018-10-10,3.5,3.5,0.0,3.5,0.0,0.0,0.0,0.0,3.5,3.5,3.5,0.0
2018-10-11,3.5,3.5,0.0,3.5,0.0,0.0,0.0,0.0,3.5,3.5,3.5,0.0
2018-10-12,4.0,4.0,14.2857,4.0,100.0,400000.0,0.0,0.0,4.0,4.0,4.0,100.0
2018-10-15,4.0,4.0,0.0,4.0,0.0,0.0,0.0,0.0,4.0,4.0,4.0,0.0
2018-10-16,4.0,4.0,0.0,4.0,0.0,0.0,0.0,0.0,4.0,4.0,4.0,0.0
2018-10-17,4.0,4.0,0.0,4.0,0.0,0.0,0.0,0.0,4.0,4.0,4.0,0.0
2018-10-18,4.0,4.0,0.0,4.0,0.0,0.0,0.0,0.0,4.0,4.0,4.0,0.0
2018-10-19,4.4,4.4,10.0,4.4,300.0,1320000.0,0.0,0.0,4.4,4.4,4.4,300.0
2018-10-22,4.4,4.4,0.0,4.4,0.0,0.0,0.0,0.0,4.4,4.4,4.4,0.0
2018-10-23,4.4,4.4,0.0,4.4,0.0,0.0,0.0,0.0,4.4,4.4,4.4,0.0
2018-10-24,4.4,4.4,0.0,4.4,0.0,0.0,0.0,0.0,4.4,4.4,4.4,0.0
2018-10-25,4.4,4.4,0.0,4.4,0.0,0.0,0.0,0.0,4.4,4.4,4.4,0.0
2018-10-26,4.4,4.4,0.0,4.4,0.0,0.0,0.0,0.0,4.4,4.4,4.4,0.0
2018-10-29,4.4,4.4,0.0,4.4,0.0,0.0,0.0,0.0,4.4,4.4,4.4,0.0
2018-10-30,4.4,4.4,0.0,4.4,0.0,0.0,0.0,0.0,4.4,4.4,4.4,0.0
2018-10-31,4.4,4.4,0.0,4.4,0.0,0.0,0.0,0.0,4.4,4.4,4.4,0.0
2018-11-01,4.4,4.4,0.0,4.4,0.0,0.0,0.0,0.0,4.4,4.4,4.4,0.0
2018-11-02,4.4,4.4,0.0,4.4,20.0,76000.0,0.0,0.0,4.4,4.4,4.4,20.0
2018-11-05,4.4,4.4,0.0,4.4,0.0,0.0,0.0,0.0,4.4,4.4,4.4,0.0
2018-11-06,4.4,4.4,0.0,4.4,0.0,0.0,0.0,0.0,4.4,4.4,4.4,0.0
2018-11-07,4.4,4.4,0.0,4.4,0.0,0.0,0.0,0.0,4.4,4.4,4.4,0.0
2018-11-08,4.4,4.4,0.0,4.4,0.0,0.0,0.0,0.0,4.4,4.4,4.4,0.0
2018-11-09,4.4,4.4,0.0,4.4,0.0,0.0,0.0,0.0,4.4,4.4,4.4,0.0
2018-11-12,4.4,4.4,0.0,4.4,0.0,0.0,0.0,0.0,4.4,4.4,4.4,0.0
2018-11-13,4.4,4.4,0.0,4.4,0.0,0.0,0.0,0.0,4.4,4.4,4.4,0.0
2018-11-14,4.4,4.4,0.0,4.4,0.0,0.0,0.0,0.0,4.4,4.4,4.4,0.0
2018-11-15,4.4,4.4,0.0,4.4,0.0,0.0,0.0,0.0,4.4,4.4,4.4,0.0
2018-11-16,4.4,4.4,0.0,4.4,0.0,0.0,0.0,0.0,4.4,4.4,4.4,0.0
2018-11-19,4.4,4.4,0.0,4.4,0.0,0.0,0.0,0.0,4.4,4.4,4.4,0.0
2018-11-20,4.4,4.4,0.0,4.4,0.0,0.0,0.0,0.0,4.4,4.4,4.4,0.0
2018-11-21,4.4,4.4,0.0,4.4,0.0,0.0,0.0,0.0,4.4,4.4,4.4,0.0
2018-11-22,4.4,4.4,0.0,4.4,0.0,0.0,0.0,0.0,4.4,4.4,4.4,0.0
2018-11-23,4.4,4.4,0.0,4.4,0.0,0.0,0.0,0.0,4.4,4.4,4.4,0.0
2018-11-26,4.4,4.4,0.0,4.4,0.0,0.0,0.0,0.0,4.4,4.4,4.4,0.0
2018-11-27,4.4,4.4,0.0,4.4,0.0,0.0,0.0,0.0,4.4,4.4,4.4,0.0
2018-11-28,4.4,4.4,0.0,4.4,0.0,0.0,0.0,0.0,4.4,4.4,4.4,0.0
2018-11-29,4.4,4.4,0.0,4.4,0.0,0.0,0.0,0.0,4.4,4.4,4.4,0.0
2018-11-30,4.4,4.4,0.0,4.4,0.0,0.0,0.0,0.0,4.4,4.4,4.4,0.0
2018-12-03,4.4,4.4,0.0,4.4,0.0,0.0,0.0,0.0,4.4,4.4,4.4,0.0
2018-12-04,4.4,4.4,0.0,4.4,0.0,0.0,0.0,0.0,4.4,4.4,4.4,0.0
2018-12-05,4.4,4.4,0.0,4.4,0.0,0.0,0.0,0.0,4.4,4.4,4.4,0.0
2018-12-06,4.4,4.4,0.0,4.4,0.0,0.0,0.0,0.0,4.4,4.4,4.4,0.0
2018-12-07,4.4,4.4,0.0,4.4,0.0,0.0,0.0,0.0,4.4,4.4,4.4,0.0
2018-12-10,4.4,4.4,0.0,4.4,0.0,0.0,0.0,0.0,4.4,4.4,4.4,0.0
2018-12-11,4.4,4.4,0.0,4.4,0.0,0.0,0.0,0.0,4.4,4.4,4.4,0.0
2018-12-12,4.4,4.4,0.0,4.4,0.0,0.0,0.0,0.0,4.4,4.4,4.4,0.0
2018-12-13,4.4,4.4,0.0,4.4,0.0,0.0,0.0,0.0,4.4,4.4,4.4,0.0
2018-12-14,4.4,4.4,0.0,4.4,0.0,0.0,0.0,0.0,4.4,4.4,4.4,0.0
2018-12-17,4.4,4.4,0.0,4.4,0.0,0.0,0.0,0.0,4.4,4.4,4.4,0.0
2018-12-18,4.4,4.4,0.0,4.4,0.0,0.0,0.0,0.0,4.4,4.4,4.4,0.0
2018-12-19,4.4,4.4,0.0,4.4,0.0,0.0,0.0,0.0,4.4,4.4,4.4,0.0
2018-12-20,4.4,4.4,0.0,4.4,0.0,0.0,0.0,0.0,4.4,4.4,4.4,0.0
2018-12-21,4.4,4.4,0.0,4.4,0.0,0.0,0.0,0.0,4.4,4.4,4.4,0.0
2018-12-24,4.4,4.4,0.0,4.4,0.0,0.0,0.0,0.0,4.4,4.4,4.4,0.0
2018-12-25,4.4,4.4,0.0,4.4,0.0,0.0,0.0,0.0,4.4,4.4,4.4,0.0
2018-12-26,4.4,4.4,0.0,4.4,0.0,0.0,0.0,0.0,4.4,4.4,4.4,0.0
2018-12-27,4.4,4.4,0.0,4.4,0.0,0.0,0.0,0.0,4.4,4.4,4.4,0.0
2018-12-28,4.4,4.4,0.0,4.4,0.0,0.0,0.0,0.0,4.4,4.4,4.4,0.0
2019-01-02,4.4,4.4,0.0,4.4,0.0,0.0,0.0,0.0,4.4,4.4,4.4,0.0
2019-01-03,4.4,4.4,0.0,4.4,0.0,0.0,0.0,0.0,4.4,4.4,4.4,0.0
2019-01-04,4.4,4.4,0.0,4.4,0.0,0.0,0.0,0.0,4.4,4.4,4.4,0.0
2019-01-07,4.4,4.4,0.0,4.4,0.0,0.0,0.0,0.0,4.4,4.4,4.4,0.0
2019-01-08,4.4,4.4,0.0,4.4,0.0,0.0,0.0,0.0,4.4,4.4,4.4,0.0
2019-01-09,4.4,4.4,0.0,4.4,0.0,0.0,0.0,0.0,4.4,4.4,4.4,0.0
2019-01-10,4.4,4.4,0.0,4.4,0.0,0.0,0.0,0.0,4.4,4.4,4.4,0.0
2019-01-11,4.4,4.4,0.0,4.4,0.0,0.0,0.0,0.0,4.4,4.4,4.4,0.0
2019-01-14,4.4,4.4,0.0,4.4,0.0,0.0,0.0,0.0,4.4,4.4,4.4,0.0
2019-01-15,4.4,4.4,0.0,4.4,0.0,0.0,0.0,0.0,4.4,4.4,4.4,0.0
2019-01-16,4.4,4.4,0.0,4.4,0.0,0.0,0.0,0.0,4.4,4.4,4.4,0.0
2019-01-17,4.4,4.4,0.0,4.4,0.0,0.0,0.0,0.0,4.4,4.4,4.4,0.0
2019-01-18,4.4,4.4,0.0,4.4,0.0,0.0,0.0,0.0,4.4,4.4,4.4,0.0
2019-01-21,4.4,4.4,0.0,4.4,0.0,0.0,0.0,0.0,4.4,4.4,4.4,0.0
2019-01-22,4.4,4.4,0.0,4.4,0.0,0.0,0.0,0.0,4.4,4.4,4.4,0.0
2019-01-23,4.4,4.4,0.0,4.4,0.0,0.0,0.0,0.0,4.4,4.4,4.4,0.0
2019-01-24,4.4,4.4,0.0,4.4,0.0,0.0,0.0,0.0,4.4,4.4,4.4,0.0
2019-01-25,4.4,4.4,0.0,4.4,0.0,0.0,0.0,0.0,4.4,4.4,4.4,0.0
2019-01-28,4.4,4.4,0.0,4.4,0.0,0.0,0.0,0.0,4.4,4.4,4.4,0.0
2019-01-29,4.4,4.4,0.0,4.4,0.0,0.0,0.0,0.0,4.4,4.4,4.4,0.0
2019-01-30,4.4,4.4,0.0,4.4,0.0,0.0,0.0,0.0,4.4,4.4,4.4,0.0
2019-01-31,4.4,4.4,0.0,4.4,0.0,0.0,0.0,0.0,4.4,4.4,4.4,0.0
2019-02-01,4.4,4.4,0.0,4.4,0.0,0.0,0.0,0.0,4.4,4.4,4.4,0.0
2019-02-11,4.4,4.4,0.0,4.4,0.0,0.0,0.0,0.0,4.4,4.4,4.4,0.0
2019-02-12,4.4,4.4,0.0,4.4,0.0,0.0,0.0,0.0,4.4,4.4,4.4,0.0
2019-02-13,4.4,4.4,0.0,4.4,0.0,0.0,0.0,0.0,4.4,4.4,4.4,0.0
2019-02-14,4.4,4.4,0.0,4.4,0.0,0.0,0.0,0.0,4.4,4.4,4.4,0.0
2019-02-15,4.4,4.4,0.0,4.4,0.0,0.0,0.0,0.0,4.4,4.4,4.4,0.0
2019-02-18,4.4,4.4,0.0,4.4,0.0,0.0,0.0,0.0,4.4,4.4,4.4,0.0
2019-02-19,4.4,4.4,0.0,4.4,0.0,0.0,0.0,0.0,4.4,4.4,4.4,0.0
2019-02-20,4.4,4.4,0.0,4.4,0.0,0.0,0.0,0.0,4.4,4.4,4.4,0.0
2019-02-21,4.4,4.4,0.0,4.4,0.0,0.0,0.0,0.0,4.4,4.4,4.4,0.0
2019-02-22,3.8,3.8,-13.6364,3.8,100.0,380000.0,0.0,0.0,3.8,3.8,3.8,100.0
2019-02-25,3.8,3.8,0.0,3.8,0.0,0.0,0.0,0.0,3.8,3.8,3.8,0.0
2019-02-26,3.8,3.8,0.0,3.8,0.0,0.0,0.0,0.0,3.8,3.8,3.8,0.0
2019-02-27,3.8,3.8,0.0,3.8,0.0,0.0,0.0,0.0,3.8,3.8,3.8,0.0
2019-02-28,3.8,3.8,0.0,3.8,0.0,0.0,0.0,0.0,3.8,3.8,3.8,0.0
2019-03-01,3.3,3.3,-13.1579,3.467,600.0,2080000.0,0.0,0.0,4.3,4.3,3.3,600.0
2019-03-04,3.5,3.5,0.0,3.5,0.0,0.0,0.0,0.0,3.5,3.5,3.5,0.0
2019-03-05,3.5,3.5,0.0,3.5,0.0,0.0,0.0,0.0,3.5,3.5,3.5,0.0
2019-03-06,3.5,3.5,0.0,3.5,0.0,0.0,0.0,0.0,3.5,3.5,3.5,0.0
2019-03-07,3.5,3.5,0.0,3.5,0.0,0.0,0.0,0.0,3.5,3.5,3.5,0.0
2019-03-08,3.0,3.0,-14.2857,3.0,500.0,1500000.0,0.0,0.0,3.0,3.0,3.0,500.0
2019-03-11,3.0,3.0,0.0,3.0,0.0,0.0,0.0,0.0,3.0,3.0,3.0,0.0
2019-03-12,3.0,3.0,0.0,3.0,0.0,0.0,0.0,0.0,3.0,3.0,3.0,0.0
2019-03-13,3.0,3.0,0.0,3.0,0.0,0.0,0.0,0.0,3.0,3.0,3.0,0.0
2019-03-14,3.0,3.0,0.0,3.0,0.0,0.0,0.0,0.0,3.0,3.0,3.0,0.0
2019-03-15,2.6,2.6,-13.3333,2.6,100.0,260000.0,0.0,0.0,2.6,2.6,2.6,100.0
2019-03-18,2.6,2.6,0.0,2.6,0.0,0.0,0.0,0.0,2.6,2.6,2.6,0.0
2019-03-19,2.6,2.6,0.0,2.6,0.0,0.0,0.0,0.0,2.6,2.6,2.6,0.0
2019-03-20,2.6,2.6,0.0,2.6,0.0,0.0,0.0,0.0,2.6,2.6,2.6,0.0
2019-03-21,2.6,2.6,0.0,2.6,0.0,0.0,0.0,0.0,2.6,2.6,2.6,0.0
2019-03-22,2.9,2.9,11.5385,2.9,100.0,290000.0,0.0,0.0,2.9,2.9,2.9,100.0
2019-03-25,2.9,2.9,0.0,2.9,0.0,0.0,0.0,0.0,2.9,2.9,2.9,0.0
2019-03-26,2.9,2.9,0.0,2.9,0.0,0.0,0.0,0.0,2.9,2.9,2.9,0.0
2019-03-27,2.9,2.9,0.0,2.9,0.0,0.0,0.0,0.0,2.9,2.9,2.9,0.0
2019-03-28,2.9,2.9,0.0,2.9,0.0,0.0,0.0,0.0,2.9,2.9,2.9,0.0
2019-03-29,2.5,2.5,-13.7931,2.538,2100.0,5330000.0,0.0,0.0,3.3,3.3,2.5,2100.0
2019-04-01,2.5,2.5,0.0,2.5,0.0,0.0,0.0,0.0,2.5,2.5,2.5,0.0
2019-04-02,2.5,2.5,0.0,2.5,0.0,0.0,0.0,0.0,2.5,2.5,2.5,0.0
2019-04-03,2.5,2.5,0.0,2.5,0.0,0.0,0.0,0.0,2.5,2.5,2.5,0.0
2019-04-04,2.5,2.5,0.0,2.5,0.0,0.0,0.0,0.0,2.5,2.5,2.5,0.0
2019-04-05,2.5,2.5,0.0,2.517,3000.0,7550000.0,0.0,0.0,2.5,2.6,2.5,3000.0
2019-04-08,2.5,2.5,0.0,2.5,0.0,0.0,0.0,0.0,2.5,2.5,2.5,0.0
2019-04-09,2.5,2.5,0.0,2.5,0.0,0.0,0.0,0.0,2.5,2.5,2.5,0.0
2019-04-10,2.5,2.5,0.0,2.5,0.0,0.0,0.0,0.0,2.5,2.5,2.5,0.0
2019-04-11,2.5,2.5,0.0,2.5,0.0,0.0,0.0,0.0,2.5,2.5,2.5,0.0
2019-04-12,2.5,2.5,0.0,2.5,0.0,0.0,0.0,0.0,2.5,2.5,2.5,0.0
2019-04-16,2.5,2.5,0.0,2.5,0.0,0.0,0.0,0.0,2.5,2.5,2.5,0.0
2019-04-17,2.5,2.5,0.0,2.5,0.0,0.0,0.0,0.0,2.5,2.5,2.5,0.0
2019-04-18,2.5,2.5,0.0,2.5,0.0,0.0,0.0,0.0,2.5,2.5,2.5,0.0
2019-04-19,2.8,2.8,12.0,2.255,2205.0,4971000.0,0.0,0.0,2.8,2.8,2.2,2205.0
2019-04-22,2.3,2.3,0.0,2.3,0.0,0.0,0.0,0.0,2.3,2.3,2.3,0.0
2019-04-23,2.3,2.3,0.0,2.3,0.0,0.0,0.0,0.0,2.3,2.3,2.3,0.0
2019-04-24,2.3,2.3,0.0,2.3,0.0,0.0,0.0,0.0,2.3,2.3,2.3,0.0
2019-04-25,2.3,2.3,0.0,2.3,0.0,0.0,0.0,0.0,2.3,2.3,2.3,0.0
2019-04-26,2.6,2.6,13.0435,2.6,1000.0,2600000.0,0.0,0.0,2.6,2.6,2.6,1000.0
2019-05-02,2.6,2.6,0.0,2.6,0.0,0.0,0.0,0.0,2.6,2.6,2.6,0.0
2019-05-03,2.9,2.9,11.5385,2.75,280.0,734000.0,0.0,0.0,2.6,2.9,2.6,280.0
2019-05-06,2.8,2.8,0.0,2.8,0.0,0.0,0.0,0.0,2.8,2.8,2.8,0.0
2019-05-07,2.8,2.8,0.0,2.8,0.0,0.0,0.0,0.0,2.8,2.8,2.8,0.0
2019-05-08,2.8,2.8,0.0,2.8,0.0,0.0,0.0,0.0,2.8,2.8,2.8,0.0
2019-05-09,2.8,2.8,0.0,2.8,0.0,0.0,0.0,0.0,2.8,2.8,2.8,0.0
2019-05-10,3.2,3.2,14.2857,3.2,100.0,320000.0,0.0,0.0,3.2,3.2,3.2,100.0
2019-05-13,3.2,3.2,0.0,3.2,0.0,0.0,0.0,0.0,3.2,3.2,3.2,0.0
2019-05-14,3.2,3.2,0.0,3.2,0.0,0.0,0.0,0.0,3.2,3.2,3.2,0.0
2019-05-15,3.2,3.2,0.0,3.2,0.0,0.0,0.0,0.0,3.2,3.2,3.2,0.0
2019-05-16,3.2,3.2,0.0,3.2,0.0,0.0,0.0,0.0,3.2,3.2,3.2,0.0
2019-05-17,2.8,2.8,-12.5,2.889,900.0,2600000.0,0.0,0.0,3.6,3.6,2.8,900.0
2019-05-20,2.9,2.9,0.0,2.9,0.0,0.0,0.0,0.0,2.9,2.9,2.9,0.0
2019-05-21,2.9,2.9,0.0,2.9,0.0,0.0,0.0,0.0,2.9,2.9,2.9,0.0
2019-05-22,2.9,2.9,0.0,2.9,0.0,0.0,0.0,0.0,2.9,2.9,2.9,0.0
2019-05-23,2.9,2.9,0.0,2.9,0.0,0.0,0.0,0.0,2.9,2.9,2.9,0.0
2019-05-24,3.3,3.3,13.7931,3.3,100.0,330000.0,0.0,0.0,3.3,3.3,3.3,100.0
2019-05-27,3.3,3.3,0.0,3.3,0.0,0.0,0.0,0.0,3.3,3.3,3.3,0.0
2019-05-28,3.3,3.3,0.0,3.3,0.0,0.0,0.0,0.0,3.3,3.3,3.3,0.0
2019-05-29,3.3,3.3,0.0,3.3,0.0,0.0,0.0,0.0,3.3,3.3,3.3,0.0
2019-05-30,3.3,3.3,0.0,3.3,0.0,0.0,0.0,0.0,3.3,3.3,3.3,0.0
2019-05-31,2.9,2.9,-12.1212,2.9,100.0,290000.0,0.0,0.0,2.9,2.9,2.9,100.0
2019-06-03,2.9,2.9,0.0,2.9,0.0,0.0,0.0,0.0,2.9,2.9,2.9,0.0
2019-06-04,2.9,2.9,0.0,2.9,0.0,0.0,0.0,0.0,2.9,2.9,2.9,0.0
2019-06-05,2.9,2.9,0.0,2.9,0.0,0.0,0.0,0.0,2.9,2.9,2.9,0.0
2019-06-06,2.9,2.9,0.0,2.9,0.0,0.0,0.0,0.0,2.9,2.9,2.9,0.0
2019-06-07,3.3,3.3,13.7931,2.608,1300.0,3390000.0,0.0,0.0,2.5,3.3,2.5,1300.0
2019-06-10,2.6,2.6,0.0,2.6,0.0,0.0,0.0,0.0,2.6,2.6,2.6,0.0
2019-06-11,2.6,2.6,0.0,2.6,0.0,0.0,0.0,0.0,2.6,2.6,2.6,0.0
2019-06-12,2.6,2.6,0.0,2.6,0.0,0.0,0.0,0.0,2.6,2.6,2.6,0.0
2019-06-13,2.6,2.6,0.0,2.6,0.0,0.0,0.0,0.0,2.6,2.6,2.6,0.0
2019-06-14,2.6,2.6,0.0,2.6,0.0,0.0,0.0,0.0,2.6,2.6,2.6,0.0
2019-06-17,2.6,2.6,0.0,2.6,0.0,0.0,0.0,0.0,2.6,2.6,2.6,0.0
2019-06-18,2.6,2.6,0.0,2.6,0.0,0.0,0.0,0.0,2.6,2.6,2.6,0.0
2019-06-19,2.6,2.6,0.0,2.6,0.0,0.0,0.0,0.0,2.6,2.6,2.6,0.0
2019-06-20,2.6,2.6,0.0,2.6,0.0,0.0,0.0,0.0,2.6,2.6,2.6,0.0
2019-06-21,2.9,2.9,11.5385,2.9,1100.0,3190000.0,0.0,0.0,2.9,2.9,2.9,1100.0
2019-06-24,2.9,2.9,0.0,2.9,0.0,0.0,0.0,0.0,2.9,2.9,2.9,0.0
2019-06-25,2.9,2.9,0.0,2.9,0.0,0.0,0.0,0.0,2.9,2.9,2.9,0.0
2019-06-26,2.9,2.9,0.0,2.9,0.0,0.0,0.0,0.0,2.9,2.9,2.9,0.0
2019-06-27,2.9,2.9,0.0,2.9,0.0,0.0,0.0,0.0,2.9,2.9,2.9,0.0
2019-06-28,3.3,3.3,13.7931,3.3,100.0,330000.0,0.0,0.0,3.3,3.3,3.3,100.0
2019-07-01,3.3,3.3,0.0,3.3,0.0,0.0,0.0,0.0,3.3,3.3,3.3,0.0
2019-07-02,3.3,3.3,0.0,3.3,0.0,0.0,0.0,0.0,3.3,3.3,3.3,0.0
2019-07-03,3.3,3.3,0.0,3.3,0.0,0.0,0.0,0.0,3.3,3.3,3.3,0.0
2019-07-04,3.3,3.3,0.0,3.3,0.0,0.0,0.0,0.0,3.3,3.3,3.3,0.0
2019-07-05,3.3,3.3,0.0,3.3,0.0,0.0,0.0,0.0,3.3,3.3,3.3,0.0
2019-07-08,3.3,3.3,0.0,3.3,0.0,0.0,0.0,0.0,3.3,3.3,3.3,0.0
2019-07-09,3.3,3.3,0.0,3.3,0.0,0.0,0.0,0.0,3.3,3.3,3.3,0.0
2019-07-10,3.3,3.3,0.0,3.3,0.0,0.0,0.0,0.0,3.3,3.3,3.3,0.0
2019-07-11,3.3,3.3,0.0,3.3,0.0,0.0,0.0,0.0,3.3,3.3,3.3,0.0
2019-07-12,3.3,3.3,0.0,3.3,10.0,37000.0,0.0,0.0,3.3,3.3,3.3,10.0
2019-07-15,3.3,3.3,0.0,3.3,0.0,0.0,0.0,0.0,3.3,3.3,3.3,0.0
2019-07-16,3.3,3.3,0.0,3.3,0.0,0.0,0.0,0.0,3.3,3.3,3.3,0.0
2019-07-17,3.3,3.3,0.0,3.3,0.0,0.0,0.0,0.0,3.3,3.3,3.3,0.0
2019-07-18,3.3,3.3,0.0,3.3,0.0,0.0,0.0,0.0,3.3,3.3,3.3,0.0
2019-07-19,3.3,3.3,0.0,3.3,0.0,0.0,0.0,0.0,3.3,3.3,3.3,0.0
2019-07-22,3.3,3.3,0.0,3.3,0.0,0.0,0.0,0.0,3.3,3.3,3.3,0.0
2019-07-23,3.3,3.3,0.0,3.3,0.0,0.0,0.0,0.0,3.3,3.3,3.3,0.0
2019-07-24,3.3,3.3,0.0,3.3,0.0,0.0,0.0,0.0,3.3,3.3,3.3,0.0
2019-07-25,3.3,3.3,0.0,3.3,0.0,0.0,0.0,0.0,3.3,3.3,3.3,0.0
2019-07-26,3.3,3.3,0.0,3.3,0.0,0.0,0.0,0.0,3.3,3.3,3.3,0.0
2019-07-29,3.3,3.3,0.0,3.3,0.0,0.0,0.0,0.0,3.3,3.3,3.3,0.0
2019-07-30,3.3,3.3,0.0,3.3,0.0,0.0,0.0,0.0,3.3,3.3,3.3,0.0
2019-07-31,3.3,3.3,0.0,3.3,0.0,0.0,0.0,0.0,3.3,3.3,3.3,0.0
2019-08-01,3.3,3.3,0.0,3.3,0.0,0.0,0.0,0.0,3.3,3.3,3.3,0.0
2019-08-02,3.3,3.3,0.0,3.3,0.0,0.0,0.0,0.0,3.3,3.3,3.3,0.0
2019-08-05,3.3,3.3,0.0,3.3,0.0,0.0,0.0,0.0,3.3,3.3,3.3,0.0
2019-08-06,3.3,3.3,0.0,3.3,0.0,0.0,0.0,0.0,3.3,3.3,3.3,0.0
2019-08-07,3.3,3.3,0.0,3.3,0.0,0.0,0.0,0.0,3.3,3.3,3.3,0.0
2019-08-08,3.3,3.3,0.0,3.3,0.0,0.0,0.0,0.0,3.3,3.3,3.3,0.0
2019-08-09,3.3,3.3,0.0,3.3,0.0,0.0,0.0,0.0,3.3,3.3,3.3,0.0
2019-08-12,3.3,3.3,0.0,3.3,0.0,0.0,0.0,0.0,3.3,3.3,3.3,0.0
2019-08-13,3.3,3.3,0.0,3.3,0.0,0.0,0.0,0.0,3.3,3.3,3.3,0.0
2019-08-14,3.3,3.3,0.0,3.3,0.0,0.0,0.0,0.0,3.3,3.3,3.3,0.0
2019-08-15,3.3,3.3,0.0,3.3,0.0,0.0,0.0,0.0,3.3,3.3,3.3,0.0
2019-08-16,3.3,3.3,0.0,3.3,0.0,0.0,0.0,0.0,3.3,3.3,3.3,0.0
2019-08-19,3.3,3.3,0.0,3.3,0.0,0.0,0.0,0.0,3.3,3.3,3.3,0.0
2019-08-20,3.3,3.3,0.0,3.3,0.0,0.0,0.0,0.0,3.3,3.3,3.3,0.0
2019-08-21,3.3,3.3,0.0,3.3,0.0,0.0,0.0,0.0,3.3,3.3,3.3,0.0
2019-08-22,3.3,3.3,0.0,3.3,0.0,0.0,0.0,0.0,3.3,3.3,3.3,0.0
2019-08-23,3.3,3.3,0.0,3.3,0.0,0.0,0.0,0.0,3.3,3.3,3.3,0.0
2019-08-26,3.3,3.3,0.0,3.3,0.0,0.0,0.0,0.0,3.3,3.3,3.3,0.0
2019-08-27,3.3,3.3,0.0,3.3,0.0,0.0,0.0,0.0,3.3,3.3,3.3,0.0
2019-08-28,3.3,3.3,0.0,3.3,0.0,0.0,0.0,0.0,3.3,3.3,3.3,0.0
2019-08-29,3.3,3.3,0.0,3.3,0.0,0.0,0.0,0.0,3.3,3.3,3.3,0.0
2019-08-30,3.3,3.3,0.0,3.3,0.0,0.0,0.0,0.0,3.3,3.3,3.3,0.0
2019-09-03,3.3,3.3,0.0,3.3,0.0,0.0,0.0,0.0,3.3,3.3,3.3,0.0
2019-09-04,3.3,3.3,0.0,3.3,0.0,0.0,0.0,0.0,3.3,3.3,3.3,0.0
2019-09-05,3.3,3.3,0.0,3.3,0.0,0.0,0.0,0.0,3.3,3.3,3.3,0.0
2019-09-06,3.3,3.3,0.0,3.3,0.0,0.0,0.0,0.0,3.3,3.3,3.3,0.0
2019-09-09,3.3,3.3,0.0,3.3,0.0,0.0,0.0,0.0,3.3,3.3,3.3,0.0
2019-09-10,3.3,3.3,0.0,3.3,0.0,0.0,0.0,0.0,3.3,3.3,3.3,0.0
2019-09-11,3.3,3.3,0.0,3.3,0.0,0.0,0.0,0.0,3.3,3.3,3.3,0.0
2019-09-12,3.3,3.3,0.0,3.3,0.0,0.0,0.0,0.0,3.3,3.3,3.3,0.0
2019-09-13,3.3,3.3,0.0,3.3,0.0,0.0,0.0,0.0,3.3,3.3,3.3,0.0
2019-09-16,3.3,3.3,0.0,3.3,0.0,0.0,0.0,0.0,3.3,3.3,3.3,0.0
2019-09-17,3.3,3.3,0.0,3.3,0.0,0.0,0.0,0.0,3.3,3.3,3.3,0.0
2019-09-18,3.3,3.3,0.0,3.3,0.0,0.0,0.0,0.0,3.3,3.3,3.3,0.0
2019-09-19,3.3,3.3,0.0,3.3,0.0,0.0,0.0,0.0,3.3,3.3,3.3,0.0
2019-09-20,3.3,3.3,0.0,3.3,0.0,0.0,0.0,0.0,3.3,3.3,3.3,0.0
2019-09-23,3.3,3.3,0.0,3.3,0.0,0.0,0.0,0.0,3.3,3.3,3.3,0.0
2019-09-24,3.3,3.3,0.0,3.3,0.0,0.0,0.0,0.0,3.3,3.3,3.3,0.0
2019-09-25,3.3,3.3,0.0,3.3,0.0,0.0,0.0,0.0,3.3,3.3,3.3,0.0
2019-09-26,3.3,3.3,0.0,3.3,0.0,0.0,0.0,0.0,3.3,3.3,3.3,0.0
2019-09-27,3.3,3.3,0.0,3.3,0.0,0.0,0.0,0.0,3.3,3.3,3.3,0.0
2019-09-30,3.3,3.3,0.0,3.3,0.0,0.0,0.0,0.0,3.3,3.3,3.3,0.0
2019-10-01,3.3,3.3,0.0,3.3,0.0,0.0,0.0,0.0,3.3,3.3,3.3,0.0
2019-10-02,3.3,3.3,0.0,3.3,0.0,0.0,0.0,0.0,3.3,3.3,3.3,0.0
2019-10-03,3.3,3.3,0.0,3.3,0.0,0.0,0.0,0.0,3.3,3.3,3.3,0.0
2019-10-04,2.9,2.9,-12.1212,2.9,2000.0,5800000.0,0.0,0.0,2.9,2.9,2.9,2000.0
2019-10-07,2.9,2.9,0.0,2.9,0.0,0.0,0.0,0.0,2.9,2.9,2.9,0.0
2019-10-08,2.9,2.9,0.0,2.9,0.0,0.0,0.0,0.0,2.9,2.9,2.9,0.0
2019-10-09,2.9,2.9,0.0,2.9,0.0,0.0,0.0,0.0,2.9,2.9,2.9,0.0
2019-10-10,2.9,2.9,0.0,2.9,0.0,0.0,0.0,0.0,2.9,2.9,2.9,0.0
2019-10-11,3.3,3.3,13.7931,2.701,20100.0,54290000.0,0.0,0.0,2.9,3.3,2.5,20100.0
2019-10-14,2.7,2.7,0.0,2.7,0.0,0.0,0.0,0.0,2.7,2.7,2.7,0.0
2019-10-15,2.7,2.7,0.0,2.7,0.0,0.0,0.0,0.0,2.7,2.7,2.7,0.0
2019-10-16,2.7,2.7,0.0,2.7,0.0,0.0,0.0,0.0,2.7,2.7,2.7,0.0
2019-10-17,2.7,2.7,0.0,2.7,0.0,0.0,0.0,0.0,2.7,2.7,2.7,0.0
2019-10-18,2.7,2.7,0.0,2.7,0.0,0.0,0.0,0.0,2.7,2.7,2.7,0.0
2019-10-21,2.7,2.7,0.0,2.7,0.0,0.0,0.0,0.0,2.7,2.7,2.7,0.0
2019-10-22,2.7,2.7,0.0,2.7,0.0,0.0,0.0,0.0,2.7,2.7,2.7,0.0
2019-10-23,2.7,2.7,0.0,2.7,0.0,0.0,0.0,0.0,2.7,2.7,2.7,0.0
2019-10-24,2.7,2.7,0.0,2.7,0.0,0.0,0.0,0.0,2.7,2.7,2.7,0.0
2019-10-25,3.1,3.1,14.8148,3.1,100.0,310000.0,0.0,0.0,3.1,3.1,3.1,100.0
2019-10-28,3.1,3.1,0.0,3.1,0.0,0.0,0.0,0.0,3.1,3.1,3.1,0.0
2019-10-29,3.1,3.1,0.0,3.1,0.0,0.0,0.0,0.0,3.1,3.1,3.1,0.0
2019-10-30,3.1,3.1,0.0,3.1,0.0,0.0,0.0,0.0,3.1,3.1,3.1,0.0
2019-10-31,3.1,3.1,0.0,3.1,0.0,0.0,0.0,0.0,3.1,3.1,3.1,0.0
2019-11-01,3.1,3.1,0.0,3.1,0.0,0.0,0.0,0.0,3.1,3.1,3.1,0.0
2019-11-04,3.1,3.1,0.0,3.1,0.0,0.0,0.0,0.0,3.1,3.1,3.1,0.0
2019-11-05,3.1,3.1,0.0,3.1,0.0,0.0,0.0,0.0,3.1,3.1,3.1,0.0
2019-11-06,3.1,3.1,0.0,3.1,0.0,0.0,0.0,0.0,3.1,3.1,3.1,0.0
2019-11-07,3.1,3.1,0.0,3.1,0.0,0.0,0.0,0.0,3.1,3.1,3.1,0.0
2019-11-08,3.1,3.1,0.0,3.1,0.0,0.0,0.0,0.0,3.1,3.1,3.1,0.0
2019-11-11,3.1,3.1,0.0,3.1,0.0,0.0,0.0,0.0,3.1,3.1,3.1,0.0
2019-11-12,3.1,3.1,0.0,3.1,0.0,0.0,0.0,0.0,3.1,3.1,3.1,0.0
2019-11-13,3.1,3.1,0.0,3.1,0.0,0.0,0.0,0.0,3.1,3.1,3.1,0.0
2019-11-14,3.1,3.1,0.0,3.1,0.0,0.0,0.0,0.0,3.1,3.1,3.1,0.0
2019-11-15,3.1,3.1,0.0,3.1,0.0,0.0,0.0,0.0,3.1,3.1,3.1,0.0
2019-11-18,3.1,3.1,0.0,3.1,0.0,0.0,0.0,0.0,3.1,3.1,3.1,0.0
2019-11-19,3.1,3.1,0.0,3.1,0.0,0.0,0.0,0.0,3.1,3.1,3.1,0.0
2019-11-20,3.1,3.1,0.0,3.1,0.0,0.0,0.0,0.0,3.1,3.1,3.1,0.0
2019-11-21,3.1,3.1,0.0,3.1,0.0,0.0,0.0,0.0,3.1,3.1,3.1,0.0
2019-11-22,3.1,3.1,0.0,3.1,0.0,0.0,0.0,0.0,3.1,3.1,3.1,0.0
2019-11-25,3.1,3.1,0.0,3.1,0.0,0.0,0.0,0.0,3.1,3.1,3.1,0.0
2019-11-26,3.1,3.1,0.0,3.1,0.0,0.0,0.0,0.0,3.1,3.1,3.1,0.0
2019-11-27,3.1,3.1,0.0,3.1,0.0,0.0,0.0,0.0,3.1,3.1,3.1,0.0
2019-11-28,3.1,3.1,0.0,3.1,0.0,0.0,0.0,0.0,3.1,3.1,3.1,0.0
2019-11-29,3.1,3.1,0.0,3.1,0.0,0.0,0.0,0.0,3.1,3.1,3.1,0.0
2019-12-02,3.1,3.1,0.0,3.1,0.0,0.0,0.0,0.0,3.1,3.1,3.1,0.0
2019-12-03,3.1,3.1,0.0,3.1,0.0,0.0,0.0,0.0,3.1,3.1,3.1,0.0
2019-12-04,3.1,3.1,0.0,3.1,0.0,0.0,0.0,0.0,3.1,3.1,3.1,0.0
2019-12-05,3.1,3.1,0.0,3.1,0.0,0.0,0.0,0.0,3.1,3.1,3.1,0.0
2019-12-06,3.1,3.1,0.0,3.1,0.0,0.0,0.0,0.0,3.1,3.1,3.1,0.0
2019-12-09,3.1,3.1,0.0,3.1,0.0,0.0,0.0,0.0,3.1,3.1,3.1,0.0
2019-12-10,3.1,3.1,0.0,3.1,0.0,0.0,0.0,0.0,3.1,3.1,3.1,0.0
2019-12-11,3.1,3.1,0.0,3.1,0.0,0.0,0.0,0.0,3.1,3.1,3.1,0.0
2019-12-12,3.1,3.1,0.0,3.1,0.0,0.0,0.0,0.0,3.1,3.1,3.1,0.0
2019-12-13,3.1,3.1,0.0,3.1,0.0,0.0,0.0,0.0,3.1,3.1,3.1,0.0
2019-12-16,3.1,3.1,0.0,3.1,0.0,0.0,0.0,0.0,3.1,3.1,3.1,0.0
2019-12-17,3.1,3.1,0.0,3.1,0.0,0.0,0.0,0.0,3.1,3.1,3.1,0.0
2019-12-18,3.1,3.1,0.0,3.1,0.0,0.0,0.0,0.0,3.1,3.1,3.1,0.0
2019-12-19,3.1,3.1,0.0,3.1,0.0,0.0,0.0,0.0,3.1,3.1,3.1,0.0
2019-12-20,3.1,3.1,0.0,3.1,0.0,0.0,0.0,0.0,3.1,3.1,3.1,0.0
2019-12-23,3.1,3.1,0.0,3.1,0.0,0.0,0.0,0.0,3.1,3.1,3.1,0.0
2019-12-24,3.1,3.1,0.0,3.1,0.0,0.0,0.0,0.0,3.1,3.1,3.1,0.0
2019-12-25,3.1,3.1,0.0,3.1,0.0,0.0,0.0,0.0,3.1,3.1,3.1,0.0
2019-12-26,3.1,3.1,0.0,3.1,0.0,0.0,0.0,0.0,3.1,3.1,3.1,0.0
2019-12-27,3.1,3.1,0.0,3.1,0.0,0.0,0.0,0.0,3.1,3.1,3.1,0.0
2019-12-30,3.1,3.1,0.0,3.1,0.0,0.0,0.0,0.0,3.1,3.1,3.1,0.0
2019-12-31,3.1,3.1,0.0,3.1,0.0,0.0,0.0,0.0,3.1,3.1,3.1,0.0
2020-01-02,3.1,3.1,0.0,3.1,0.0,0.0,0.0,0.0,3.1,3.1,3.1,0.0
2020-01-03,3.1,3.1,0.0,3.1,0.0,0.0,0.0,0.0,3.1,3.1,3.1,0.0
2020-01-06,3.1,3.1,0.0,3.1,0.0,0.0,0.0,0.0,3.1,3.1,3.1,0.0
2020-01-07,3.1,3.1,0.0,3.1,0.0,0.0,0.0,0.0,3.1,3.1,3.1,0.0
2020-01-08,3.1,3.1,0.0,3.1,0.0,0.0,0.0,0.0,3.1,3.1,3.1,0.0
2020-01-09,3.1,3.1,0.0,3.1,0.0,0.0,0.0,0.0,3.1,3.1,3.1,0.0
2020-01-10,3.1,3.1,0.0,3.1,0.0,0.0,0.0,0.0,3.1,3.1,3.1,0.0
2020-01-13,3.1,3.1,0.0,3.1,0.0,0.0,0.0,0.0,3.1,3.1,3.1,0.0
2020-01-14,3.1,3.1,0.0,3.1,0.0,0.0,0.0,0.0,3.1,3.1,3.1,0.0
2020-01-15,3.1,3.1,0.0,3.1,0.0,0.0,0.0,0.0,3.1,3.1,3.1,0.0
2020-01-16,3.1,3.1,0.0,3.1,0.0,0.0,0.0,0.0,3.1,3.1,3.1,0.0
2020-01-17,3.1,3.1,0.0,3.1,0.0,0.0,0.0,0.0,3.1,3.1,3.1,0.0
2020-01-20,3.1,3.1,0.0,3.1,0.0,0.0,0.0,0.0,3.1,3.1,3.1,0.0
2020-01-21,3.1,3.1,0.0,3.1,0.0,0.0,0.0,0.0,3.1,3.1,3.1,0.0
2020-01-22,3.1,3.1,0.0,3.1,0.0,0.0,0.0,0.0,3.1,3.1,3.1,0.0
2020-01-30,3.1,3.1,0.0,3.1,0.0,0.0,0.0,0.0,3.1,3.1,3.1,0.0
2020-01-31,3.1,3.1,0.0,3.1,0.0,0.0,0.0,0.0,3.1,3.1,3.1,0.0
2020-02-03,3.1,3.1,0.0,3.1,0.0,0.0,0.0,0.0,3.1,3.1,3.1,0.0
2020-02-04,3.1,3.1,0.0,3.1,0.0,0.0,0.0,0.0,3.1,3.1,3.1,0.0
2020-02-05,3.1,3.1,0.0,3.1,0.0,0.0,0.0,0.0,3.1,3.1,3.1,0.0
2020-02-06,3.1,3.1,0.0,3.1,0.0,0.0,0.0,0.0,3.1,3.1,3.1,0.0
2020-02-07,3.1,3.1,0.0,3.1,0.0,0.0,0.0,0.0,3.1,3.1,3.1,0.0
2020-02-10,3.1,3.1,0.0,3.1,0.0,0.0,0.0,0.0,3.1,3.1,3.1,0.0
2020-02-11,3.1,3.1,0.0,3.1,0.0,0.0,0.0,0.0,3.1,3.1,3.1,0.0
2020-02-12,3.1,3.1,0.0,3.1,0.0,0.0,0.0,0.0,3.1,3.1,3.1,0.0
2020-02-13,3.1,3.1,0.0,3.1,0.0,0.0,0.0,0.0,3.1,3.1,3.1,0.0
2020-02-14,3.1,3.1,0.0,3.1,0.0,0.0,0.0,0.0,3.1,3.1,3.1,0.0
2020-02-17,3.1,3.1,0.0,3.1,0.0,0.0,0.0,0.0,3.1,3.1,3.1,0.0
2020-02-18,3.1,3.1,0.0,3.1,0.0,0.0,0.0,0.0,3.1,3.1,3.1,0.0
2020-02-19,3.1,3.1,0.0,3.1,0.0,0.0,0.0,0.0,3.1,3.1,3.1,0.0
2020-02-20,3.1,3.1,0.0,3.1,0.0,0.0,0.0,0.0,3.1,3.1,3.1,0.0
2020-02-21,3.1,3.1,0.0,3.1,0.0,0.0,0.0,0.0,3.1,3.1,3.1,0.0
2020-02-24,3.1,3.1,0.0,3.1,0.0,0.0,0.0,0.0,3.1,3.1,3.1,0.0
2020-02-25,3.1,3.1,0.0,3.1,0.0,0.0,0.0,0.0,3.1,3.1,3.1,0.0
2020-02-26,3.1,3.1,0.0,3.1,0.0,0.0,0.0,0.0,3.1,3.1,3.1,0.0
2020-02-27,3.1,3.1,0.0,3.1,0.0,0.0,0.0,0.0,3.1,3.1,3.1,0.0
2020-02-28,3.1,3.1,0.0,3.1,0.0,0.0,0.0,0.0,3.1,3.1,3.1,0.0
2020-03-02,3.1,3.1,0.0,3.1,0.0,0.0,0.0,0.0,3.1,3.1,3.1,0.0
2020-03-03,3.1,3.1,0.0,3.1,0.0,0.0,0.0,0.0,3.1,3.1,3.1,0.0
2020-03-04,3.1,3.1,0.0,3.1,0.0,0.0,0.0,0.0,3.1,3.1,3.1,0.0
2020-03-05,3.1,3.1,0.0,3.1,0.0,0.0,0.0,0.0,3.1,3.1,3.1,0.0
2020-03-06,3.1,3.1,0.0,3.1,0.0,0.0,76.0,205200.0,3.1,3.1,3.1,76.0
2020-03-09,3.1,3.1,0.0,3.1,0.0,0.0,0.0,0.0,3.1,3.1,3.1,0.0
2020-03-10,3.1,3.1,0.0,3.1,0.0,0.0,0.0,0.0,3.1,3.1,3.1,0.0
2020-03-11,3.1,3.1,0.0,3.1,0.0,0.0,0.0,0.0,3.1,3.1,3.1,0.0
2020-03-12,3.1,3.1,0.0,3.1,0.0,0.0,0.0,0.0,3.1,3.1,3.1,0.0
2020-03-13,3.1,3.1,0.0,3.1,0.0,0.0,0.0,0.0,3.1,3.1,3.1,0.0
2020-03-16,3.1,3.1,0.0,3.1,0.0,0.0,0.0,0.0,3.1,3.1,3.1,0.0
2020-03-17,3.1,3.1,0.0,3.1,0.0,0.0,0.0,0.0,3.1,3.1,3.1,0.0
2020-03-18,3.1,3.1,0.0,3.1,0.0,0.0,0.0,0.0,3.1,3.1,3.1,0.0
2020-03-19,3.1,3.1,0.0,3.1,0.0,0.0,0.0,0.0,3.1,3.1,3.1,0.0
2020-03-20,3.1,3.1,0.0,3.1,0.0,0.0,0.0,0.0,3.1,3.1,3.1,0.0
2020-03-23,3.1,3.1,0.0,3.1,0.0,0.0,0.0,0.0,3.1,3.1,3.1,0.0
2020-03-24,3.1,3.1,0.0,3.1,0.0,0.0,0.0,0.0,3.1,3.1,3.1,0.0
2020-03-25,3.1,3.1,0.0,3.1,0.0,0.0,0.0,0.0,3.1,3.1,3.1,0.0
2020-03-26,3.1,3.1,0.0,3.1,0.0,0.0,0.0,0.0,3.1,3.1,3.1,0.0
2020-03-27,3.1,3.1,0.0,3.1,0.0,0.0,0.0,0.0,3.1,3.1,3.1,0.0
2020-03-30,3.1,3.1,0.0,3.1,0.0,0.0,0.0,0.0,3.1,3.1,3.1,0.0
2020-03-31,3.1,3.1,0.0,3.1,0.0,0.0,0.0,0.0,3.1,3.1,3.1,0.0
2020-04-01,3.1,3.1,0.0,3.1,0.0,0.0,0.0,0.0,3.1,3.1,3.1,0.0
2020-04-03,3.1,3.1,0.0,3.1,0.0,0.0,0.0,0.0,3.1,3.1,3.1,0.0
2020-04-06,3.1,3.1,0.0,3.1,0.0,0.0,0.0,0.0,3.1,3.1,3.1,0.0
2020-04-07,3.1,3.1,0.0,3.1,0.0,0.0,0.0,0.0,3.1,3.1,3.1,0.0
2020-04-08,3.1,3.1,0.0,3.1,0.0,0.0,0.0,0.0,3.1,3.1,3.1,0.0
2020-04-09,3.1,3.1,0.0,3.1,0.0,0.0,0.0,0.0,3.1,3.1,3.1,0.0
2020-04-10,3.1,3.1,0.0,3.1,0.0,0.0,0.0,0.0,3.1,3.1,3.1,0.0
2020-04-13,3.1,3.1,0.0,3.1,0.0,0.0,0.0,0.0,3.1,3.1,3.1,0.0
2020-04-14,3.1,3.1,0.0,3.1,0.0,0.0,0.0,0.0,3.1,3.1,3.1,0.0
2020-04-15,3.1,3.1,0.0,3.1,0.0,0.0,0.0,0.0,3.1,3.1,3.1,0.0
2020-04-16,3.1,3.1,0.0,3.1,0.0,0.0,0.0,0.0,3.1,3.1,3.1,0.0
2020-04-17,3.1,3.1,0.0,3.1,0.0,0.0,0.0,0.0,3.1,3.1,3.1,0.0
2020-04-20,3.1,3.1,0.0,3.1,0.0,0.0,0.0,0.0,3.1,3.1,3.1,0.0
2020-04-21,3.1,3.1,0.0,3.1,0.0,0.0,0.0,0.0,3.1,3.1,3.1,0.0
2020-04-22,3.1,3.1,0.0,3.1,0.0,0.0,0.0,0.0,3.1,3.1,3.1,0.0
2020-04-23,3.1,3.1,0.0,3.1,0.0,0.0,0.0,0.0,3.1,3.1,3.1,0.0
2020-04-24,3.5,3.5,12.9032,3.5,100.0,350000.0,0.0,0.0,3.5,3.5,3.5,100.0
2020-04-27,3.5,3.5,0.0,3.5,0.0,0.0,0.0,0.0,3.5,3.5,3.5,0.0
2020-04-28,3.5,3.5,0.0,3.5,0.0,0.0,0.0,0.0,3.5,3.5,3.5,0.0
2020-04-29,3.5,3.5,0.0,3.5,0.0,0.0,0.0,0.0,3.5,3.5,3.5,0.0
2020-05-04,3.5,3.5,0.0,3.5,0.0,0.0,0.0,0.0,3.5,3.5,3.5,0.0
2020-05-05,3.5,3.5,0.0,3.5,0.0,0.0,0.0,0.0,3.5,3.5,3.5,0.0
2020-05-06,3.5,3.5,0.0,3.5,0.0,0.0,0.0,0.0,3.5,3.5,3.5,0.0
2020-05-07,3.5,3.5,0.0,3.5,0.0,0.0,0.0,0.0,3.5,3.5,3.5,0.0
2020-05-08,4.0,4.0,14.2857,4.0,100.0,400000.0,0.0,0.0,4.0,4.0,4.0,100.0
2020-05-11,4.0,4.0,0.0,4.0,0.0,0.0,0.0,0.0,4.0,4.0,4.0,0.0
2020-05-12,4.0,4.0,0.0,4.0,0.0,0.0,0.0,0.0,4.0,4.0,4.0,0.0
2020-05-13,4.0,4.0,0.0,4.0,0.0,0.0,0.0,0.0,4.0,4.0,4.0,0.0
2020-05-14,4.0,4.0,0.0,4.0,0.0,0.0,0.0,0.0,4.0,4.0,4.0,0.0
2020-05-15,3.4,3.4,-15.0,3.4,4000.0,13600000.0,0.0,0.0,3.4,3.4,3.4,4000.0
2020-05-18,3.4,3.4,0.0,3.4,0.0,0.0,0.0,0.0,3.4,3.4,3.4,0.0
2020-05-19,3.4,3.4,0.0,3.4,0.0,0.0,0.0,0.0,3.4,3.4,3.4,0.0
2020-05-20,3.4,3.4,0.0,3.4,0.0,0.0,0.0,0.0,3.4,3.4,3.4,0.0
2020-05-21,3.4,3.4,0.0,3.4,0.0,0.0,0.0,0.0,3.4,3.4,3.4,0.0
2020-05-22,3.0,3.0,-11.7647,3.009,55000.0,165500000.0,0.0,0.0,3.1,3.1,3.0,55000.0
2020-05-25,3.0,3.0,0.0,3.0,0.0,0.0,0.0,0.0,3.0,3.0,3.0,0.0
2020-05-26,3.0,3.0,0.0,3.0,0.0,0.0,0.0,0.0,3.0,3.0,3.0,0.0
2020-05-27,3.0,3.0,0.0,3.0,0.0,0.0,0.0,0.0,3.0,3.0,3.0,0.0
2020-05-28,3.0,3.0,0.0,3.0,0.0,0.0,0.0,0.0,3.0,3.0,3.0,0.0
2020-05-29,3.0,3.0,0.0,3.0,0.0,0.0,0.0,0.0,3.0,3.0,3.0,0.0
2020-06-01,3.0,3.0,0.0,3.0,0.0,0.0,0.0,0.0,3.0,3.0,3.0,0.0
2020-06-02,3.0,3.0,0.0,3.0,0.0,0.0,0.0,0.0,3.0,3.0,3.0,0.0
2020-06-03,3.0,3.0,0.0,3.0,0.0,0.0,0.0,0.0,3.0,3.0,3.0,0.0
2020-06-04,3.0,3.0,0.0,3.0,0.0,0.0,0.0,0.0,3.0,3.0,3.0,0.0
2020-06-05,2.6,2.6,-13.3333,2.6,400.0,1040000.0,0.0,0.0,2.6,2.6,2.6,400.0
2020-06-08,2.6,2.6,0.0,2.6,0.0,0.0,0.0,0.0,2.6,2.6,2.6,0.0
2020-06-09,2.6,2.6,0.0,2.6,0.0,0.0,0.0,0.0,2.6,2.6,2.6,0.0
2020-06-10,2.6,2.6,0.0,2.6,0.0,0.0,0.0,0.0,2.6,2.6,2.6,0.0
2020-06-11,2.6,2.6,0.0,2.6,0.0,0.0,0.0,0.0,2.6,2.6,2.6,0.0
2020-06-12,2.3,2.3,-11.5385,2.3,3100.0,7130000.0,0.0,0.0,2.3,2.3,2.3,3100.0
2020-06-15,2.3,2.3,0.0,2.3,0.0,0.0,0.0,0.0,2.3,2.3,2.3,0.0
2020-06-16,2.3,2.3,0.0,2.3,0.0,0.0,0.0,0.0,2.3,2.3,2.3,0.0
2020-06-17,2.3,2.3,0.0,2.3,0.0,0.0,0.0,0.0,2.3,2.3,2.3,0.0
2020-06-18,2.3,2.3,0.0,2.3,0.0,0.0,0.0,0.0,2.3,2.3,2.3,0.0
2020-06-19,2.5,2.5,8.6957,2.494,5000.0,12470000.0,0.0,0.0,2.6,2.6,2.0,5000.0
2020-06-22,2.5,2.5,0.0,2.5,0.0,0.0,0.0,0.0,2.5,2.5,2.5,0.0
2020-06-23,2.5,2.5,0.0,2.5,0.0,0.0,0.0,0.0,2.5,2.5,2.5,0.0
2020-06-24,2.5,2.5,0.0,2.5,0.0,0.0,0.0,0.0,2.5,2.5,2.5,0.0
2020-06-25,2.5,2.5,0.0,2.5,0.0,0.0,0.0,0.0,2.5,2.5,2.5,0.0
2020-06-26,2.2,2.2,-12.0,2.2,55600.0,122320000.0,3265400.0,9143120000.0,2.2,2.2,2.2,3321000.0
2020-06-29,2.2,2.2,0.0,2.2,0.0,0.0,0.0,0.0,2.2,2.2,2.2,0.0
2020-06-30,2.2,2.2,0.0,2.2,0.0,0.0,0.0,0.0,2.2,2.2,2.2,0.0
2020-07-01,2.2,2.2,0.0,2.2,0.0,0.0,0.0,0.0,2.2,2.2,2.2,0.0
2020-07-02,2.2,2.2,0.0,2.2,0.0,0.0,0.0,0.0,2.2,2.2,2.2,0.0
2020-07-03,2.0,2.0,-9.0909,1.999,111911.0,223670900.0,0.0,0.0,1.9,2.0,1.9,111911.0
2020-07-06,2.0,2.0,0.0,2.0,0.0,0.0,0.0,0.0,2.0,2.0,2.0,0.0
2020-07-07,2.0,2.0,0.0,2.0,0.0,0.0,0.0,0.0,2.0,2.0,2.0,0.0
2020-07-08,2.0,2.0,0.0,2.0,0.0,0.0,0.0,0.0,2.0,2.0,2.0,0.0
2020-07-09,2.0,2.0,0.0,2.0,0.0,0.0,0.0,0.0,2.0,2.0,2.0,0.0
2020-07-10,1.9,1.9,-5.0,1.899,6700.0,12720000.0,0.0,0.0,2.0,2.0,1.7,6700.0
2020-07-13,1.9,1.9,0.0,1.9,0.0,0.0,0.0,0.0,1.9,1.9,1.9,0.0
2020-07-14,1.9,1.9,0.0,1.9,0.0,0.0,0.0,0.0,1.9,1.9,1.9,0.0
2020-07-15,1.9,1.9,0.0,1.9,0.0,0.0,0.0,0.0,1.9,1.9,1.9,0.0
2020-07-16,1.9,1.9,0.0,1.9,0.0,0.0,0.0,0.0,1.9,1.9,1.9,0.0
2020-07-17,1.9,1.9,0.0,1.906,1700.0,3240000.0,0.0,0.0,1.7,2.1,1.7,1700.0
2020-07-20,1.9,1.9,0.0,1.9,0.0,0.0,0.0,0.0,1.9,1.9,1.9,0.0
2020-07-21,1.9,1.9,0.0,1.9,0.0,0.0,0.0,0.0,1.9,1.9,1.9,0.0
2020-07-22,1.9,1.9,0.0,1.9,0.0,0.0,0.0,0.0,1.9,1.9,1.9,0.0
2020-07-23,1.9,1.9,0.0,1.9,0.0,0.0,0.0,0.0,1.9,1.9,1.9,0.0
2020-07-24,1.7,1.7,-10.5263,1.844,3200.0,5900000.0,100000.0,170000000.0,1.9,1.9,1.7,103200.0
2020-07-27,1.8,1.8,0.0,1.8,0.0,0.0,0.0,0.0,1.8,1.8,1.8,0.0
2020-07-28,1.8,1.8,0.0,1.8,0.0,0.0,0.0,0.0,1.8,1.8,1.8,0.0
2020-07-29,1.8,1.8,0.0,1.8,0.0,0.0,0.0,0.0,1.8,1.8,1.8,0.0
2020-07-30,1.8,1.8,0.0,1.8,0.0,0.0,0.0,0.0,1.8,1.8,1.8,0.0
2020-07-31,1.6,1.6,-11.1111,1.667,620.0,1032000.0,0.0,0.0,1.6,1.8,1.6,620.0
2020-08-03,1.7,1.7,0.0,1.7,0.0,0.0,0.0,0.0,1.7,1.7,1.7,0.0
2020-08-04,1.7,1.7,0.0,1.7,0.0,0.0,0.0,0.0,1.7,1.7,1.7,0.0
2020-08-05,1.7,1.7,0.0,1.7,0.0,0.0,0.0,0.0,1.7,1.7,1.7,0.0
2020-08-06,1.7,1.7,0.0,1.7,0.0,0.0,0.0,0.0,1.7,1.7,1.7,0.0
2020-08-07,1.5,1.5,-11.7647,1.78,1010.0,1798000.0,0.0,0.0,1.6,1.9,1.5,1010.0
2020-08-10,1.8,1.8,0.0,1.8,0.0,0.0,0.0,0.0,1.8,1.8,1.8,0.0
2020-08-11,1.8,1.8,0.0,1.8,0.0,0.0,0.0,0.0,1.8,1.8,1.8,0.0
2020-08-12,1.8,1.8,0.0,1.8,0.0,0.0,0.0,0.0,1.8,1.8,1.8,0.0
2020-08-13,1.8,1.8,0.0,1.8,0.0,0.0,0.0,0.0,1.8,1.8,1.8,0.0
2020-08-14,1.6,1.6,-11.1111,1.733,940.0,1624000.0,0.0,0.0,1.6,2.0,1.6,940.0
2020-08-17,1.7,1.7,0.0,1.7,0.0,0.0,0.0,0.0,1.7,1.7,1.7,0.0
2020-08-18,1.7,1.7,0.0,1.7,0.0,0.0,0.0,0.0,1.7,1.7,1.7,0.0
2020-08-19,1.7,1.7,0.0,1.7,0.0,0.0,0.0,0.0,1.7,1.7,1.7,0.0
2020-08-20,1.7,1.7,0.0,1.7,0.0,0.0,0.0,0.0,1.7,1.7,1.7,0.0
2020-08-21,1.6,1.6,-5.8824,1.6,100.0,160000.0,0.0,0.0,1.6,1.6,1.6,100.0
2020-08-24,1.6,1.6,0.0,1.6,0.0,0.0,0.0,0.0,1.6,1.6,1.6,0.0
2020-08-25,1.6,1.6,0.0,1.6,0.0,0.0,0.0,0.0,1.6,1.6,1.6,0.0
2020-08-26,1.6,1.6,0.0,1.6,0.0,0.0,0.0,0.0,1.6,1.6,1.6,0.0
2020-08-27,1.6,1.6,0.0,1.6,0.0,0.0,0.0,0.0,1.6,1.6,1.6,0.0
2020-08-28,1.8,1.8,12.5,1.8,113.0,199600.0,0.0,0.0,1.8,1.8,1.8,113.0
2020-08-31,1.8,1.8,0.0,1.8,0.0,0.0,0.0,0.0,1.8,1.8,1.8,0.0
2020-09-01,1.8,1.8,0.0,1.8,0.0,0.0,0.0,0.0,1.8,1.8,1.8,0.0
2020-09-03,1.8,1.8,0.0,1.8,0.0,0.0,0.0,0.0,1.8,1.8,1.8,0.0
2020-09-04,1.7,1.7,-5.5556,1.989,2700.0,5370000.0,0.0,0.0,2.0,2.0,1.7,2700.0
2020-09-07,2.0,2.0,0.0,2.0,0.0,0.0,0.0,0.0,2.0,2.0,2.0,0.0
2020-09-08,2.0,2.0,0.0,2.0,0.0,0.0,0.0,0.0,2.0,2.0,2.0,0.0
2020-09-09,2.0,2.0,0.0,2.0,0.0,0.0,0.0,0.0,2.0,2.0,2.0,0.0
2020-09-10,2.0,2.0,0.0,2.0,0.0,0.0,0.0,0.0,2.0,2.0,2.0,0.0
2020-09-11,1.9,1.9,-5.0,1.815,4700.0,8530000.0,0.0,0.0,2.2,2.2,1.8,4700.0
2020-09-14,1.8,1.8,0.0,1.8,0.0,0.0,0.0,0.0,1.8,1.8,1.8,0.0
2020-09-15,1.8,1.8,0.0,1.8,0.0,0.0,0.0,0.0,1.8,1.8,1.8,0.0
2020-09-16,1.8,1.8,0.0,1.8,0.0,0.0,0.0,0.0,1.8,1.8,1.8,0.0
2020-09-17,1.8,1.8,0.0,1.8,0.0,0.0,0.0,0.0,1.8,1.8,1.8,0.0
2020-09-18,1.8,1.8,0.0,1.8,4012.0,7222800.0,0.0,0.0,1.8,1.8,1.8,4012.0
2020-09-21,1.8,1.8,0.0,1.8,0.0,0.0,0.0,0.0,1.8,1.8,1.8,0.0
2020-09-22,1.8,1.8,0.0,1.8,0.0,0.0,0.0,0.0,1.8,1.8,1.8,0.0
2020-09-23,1.8,1.8,0.0,1.8,0.0,0.0,0.0,0.0,1.8,1.8,1.8,0.0
2020-09-24,1.8,1.8,0.0,1.8,0.0,0.0,0.0,0.0,1.8,1.8,1.8,0.0
2020-09-25,1.7,1.7,-5.5556,1.7,6300.0,10710000.0,0.0,0.0,1.7,1.7,1.7,6300.0
2020-09-28,1.7,1.7,0.0,1.7,0.0,0.0,0.0,0.0,1.7,1.7,1.7,0.0
2020-09-29,1.7,1.7,0.0,1.7,0.0,0.0,0.0,0.0,1.7,1.7,1.7,0.0
2020-09-30,1.7,1.7,0.0,1.7,0.0,0.0,0.0,0.0,1.7,1.7,1.7,0.0
2020-10-01,1.7,1.7,0.0,1.7,0.0,0.0,0.0,0.0,1.7,1.7,1.7,0.0
2020-10-02,1.7,1.7,0.0,1.763,800.0,1410000.0,0.0,0.0,1.5,1.9,1.5,800.0
2020-10-05,1.8,1.8,0.0,1.8,0.0,0.0,0.0,0.0,1.8,1.8,1.8,0.0
2020-10-06,1.8,1.8,0.0,1.8,0.0,0.0,0.0,0.0,1.8,1.8,1.8,0.0
2020-10-07,1.8,1.8,0.0,1.8,0.0,0.0,0.0,0.0,1.8,1.8,1.8,0.0
2020-10-08,1.8,1.8,0.0,1.8,0.0,0.0,0.0,0.0,1.8,1.8,1.8,0.0
2020-10-09,1.8,1.8,0.0,1.793,1400.0,2510000.0,0.0,0.0,1.8,1.8,1.7,1400.0
2020-10-12,1.8,1.8,0.0,1.8,0.0,0.0,0.0,0.0,1.8,1.8,1.8,0.0
2020-10-13,1.8,1.8,0.0,1.8,0.0,0.0,0.0,0.0,1.8,1.8,1.8,0.0
2020-10-14,1.8,1.8,0.0,1.8,0.0,0.0,0.0,0.0,1.8,1.8,1.8,0.0
2020-10-15,1.8,1.8,0.0,1.8,0.0,0.0,0.0,0.0,1.8,1.8,1.8,0.0
2020-10-16,1.8,1.8,0.0,1.974,3500.0,6910000.0,0.0,0.0,2.0,2.0,1.8,3500.0
2020-10-19,2.0,2.0,0.0,2.0,0.0,0.0,0.0,0.0,2.0,2.0,2.0,0.0
2020-10-20,2.0,2.0,0.0,2.0,0.0,0.0,0.0,0.0,2.0,2.0,2.0,0.0
2020-10-21,2.0,2.0,0.0,2.0,0.0,0.0,0.0,0.0,2.0,2.0,2.0,0.0
2020-10-22,2.0,2.0,0.0,2.0,0.0,0.0,0.0,0.0,2.0,2.0,2.0,0.0
2020-10-23,2.0,2.0,0.0,2.0,0.0,0.0,0.0,0.0,2.0,2.0,2.0,0.0
2020-10-26,2.0,2.0,0.0,2.0,0.0,0.0,0.0,0.0,2.0,2.0,2.0,0.0
2020-10-27,2.0,2.0,0.0,2.0,0.0,0.0,0.0,0.0,2.0,2.0,2.0,0.0
2020-10-28,2.0,2.0,0.0,2.0,0.0,0.0,0.0,0.0,2.0,2.0,2.0,0.0
2020-10-29,2.0,2.0,0.0,2.0,0.0,0.0,0.0,0.0,2.0,2.0,2.0,0.0
2020-10-30,1.7,1.7,-15.0,1.7,5200.0,8840000.0,0.0,0.0,1.7,1.7,1.7,5200.0
2020-11-02,1.7,1.7,0.0,1.7,0.0,0.0,0.0,0.0,1.7,1.7,1.7,0.0
2020-11-03,1.7,1.7,0.0,1.7,0.0,0.0,0.0,0.0,1.7,1.7,1.7,0.0
2020-11-04,1.7,1.7,0.0,1.7,0.0,0.0,0.0,0.0,1.7,1.7,1.7,0.0
2020-11-05,1.7,1.7,0.0,1.7,0.0,0.0,0.0,0.0,1.7,1.7,1.7,0.0
2020-11-06,1.6,1.6,-5.8824,1.6,2500.0,4000000.0,0.0,0.0,1.6,1.6,1.6,2500.0
2020-11-09,1.6,1.6,0.0,1.6,0.0,0.0,0.0,0.0,1.6,1.6,1.6,0.0
2020-11-10,1.6,1.6,0.0,1.6,0.0,0.0,0.0,0.0,1.6,1.6,1.6,0.0
2020-11-11,1.6,1.6,0.0,1.6,0.0,0.0,0.0,0.0,1.6,1.6,1.6,0.0
2020-11-12,1.6,1.6,0.0,1.6,0.0,0.0,0.0,0.0,1.6,1.6,1.6,0.0
2020-11-13,1.6,1.6,0.0,1.667,300.0,500000.0,0.0,0.0,1.8,1.8,1.6,300.0
2020-11-16,1.7,1.7,0.0,1.7,0.0,0.0,0.0,0.0,1.7,1.7,1.7,0.0
2020-11-17,1.7,1.7,0.0,1.7,0.0,0.0,0.0,0.0,1.7,1.7,1.7,0.0
2020-11-18,1.7,1.7,0.0,1.7,0.0,0.0,0.0,0.0,1.7,1.7,1.7,0.0
2020-11-19,1.7,1.7,0.0,1.7,0.0,0.0,0.0,0.0,1.7,1.7,1.7,0.0
2020-11-20,1.8,1.8,5.8824,1.806,1800.0,3250000.0,0.0,0.0,1.9,1.9,1.8,1800.0
2020-11-23,1.8,1.8,0.0,1.8,0.0,0.0,0.0,0.0,1.8,1.8,1.8,0.0
2020-11-24,1.8,1.8,0.0,1.8,0.0,0.0,0.0,0.0,1.8,1.8,1.8,0.0
2020-11-25,1.8,1.8,0.0,1.8,0.0,0.0,0.0,0.0,1.8,1.8,1.8,0.0
2020-11-26,1.8,1.8,0.0,1.8,0.0,0.0,0.0,0.0,1.8,1.8,1.8,0.0
2020-11-27,2.0,2.0,11.1111,2.0,200.0,400000.0,0.0,0.0,2.0,2.0,2.0,200.0
2020-11-30,2.0,2.0,0.0,2.0,0.0,0.0,0.0,0.0,2.0,2.0,2.0,0.0
2020-12-01,2.0,2.0,0.0,2.0,0.0,0.0,0.0,0.0,2.0,2.0,2.0,0.0
2020-12-02,2.0,2.0,0.0,2.0,0.0,0.0,0.0,0.0,2.0,2.0,2.0,0.0
2020-12-03,2.0,2.0,0.0,2.0,0.0,0.0,0.0,0.0,2.0,2.0,2.0,0.0
2020-12-04,2.0,2.0,0.0,2.0,500.0,1000000.0,0.0,0.0,2.0,2.0,2.0,500.0
2020-12-07,2.0,2.0,0.0,2.0,0.0,0.0,0.0,0.0,2.0,2.0,2.0,0.0
2020-12-08,2.0,2.0,0.0,2.0,0.0,0.0,0.0,0.0,2.0,2.0,2.0,0.0
2020-12-09,2.0,2.0,0.0,2.0,0.0,0.0,0.0,0.0,2.0,2.0,2.0,0.0
2020-12-10,2.0,2.0,0.0,2.0,0.0,0.0,0.0,0.0,2.0,2.0,2.0,0.0
2020-12-11,2.0,2.0,0.0,2.0,0.0,0.0,0.0,0.0,2.0,2.0,2.0,0.0
2020-12-14,2.0,2.0,0.0,2.0,0.0,0.0,0.0,0.0,2.0,2.0,2.0,0.0
2020-12-15,2.0,2.0,0.0,2.0,0.0,0.0,0.0,0.0,2.0,2.0,2.0,0.0
2020-12-16,2.0,2.0,0.0,2.0,0.0,0.0,0.0,0.0,2.0,2.0,2.0,0.0
2020-12-17,2.0,2.0,0.0,2.0,0.0,0.0,0.0,0.0,2.0,2.0,2.0,0.0
2020-12-18,1.7,1.7,-15.0,1.716,3800.0,6520000.0,0.0,0.0,2.3,2.3,1.7,3800.0
2020-12-21,1.7,1.7,0.0,1.7,0.0,0.0,0.0,0.0,1.7,1.7,1.7,0.0
2020-12-22,1.7,1.7,0.0,1.7,0.0,0.0,0.0,0.0,1.7,1.7,1.7,0.0
2020-12-23,1.7,1.7,0.0,1.7,0.0,0.0,0.0,0.0,1.7,1.7,1.7,0.0
2020-12-24,1.7,1.7,0.0,1.7,0.0,0.0,0.0,0.0,1.7,1.7,1.7,0.0
2020-12-25,1.7,1.7,0.0,1.7,0.0,0.0,0.0,0.0,1.7,1.7,1.7,0.0
2020-12-28,1.7,1.7,0.0,1.7,0.0,0.0,0.0,0.0,1.7,1.7,1.7,0.0
2020-12-29,1.7,1.7,0.0,1.7,0.0,0.0,0.0,0.0,1.7,1.7,1.7,0.0
2020-12-30,1.7,1.7,0.0,1.7,0.0,0.0,0.0,0.0,1.7,1.7,1.7,0.0
2020-12-31,1.7,1.7,0.0,1.7,0.0,0.0,0.0,0.0,1.7,1.7,1.7,0.0
2021-01-04,1.7,1.7,0.0,1.7,0.0,0.0,0.0,0.0,1.7,1.7,1.7,0.0
2021-01-05,1.7,1.7,0.0,1.7,0.0,0.0,0.0,0.0,1.7,1.7,1.7,0.0
2021-01-06,1.7,1.7,0.0,1.7,0.0,0.0,0.0,0.0,1.7,1.7,1.7,0.0
2021-01-07,1.7,1.7,0.0,1.7,0.0,0.0,0.0,0.0,1.7,1.7,1.7,0.0
2021-01-08,1.9,1.9,11.7647,1.751,8700.0,15230000.0,0.0,0.0,1.9,1.9,1.6,8700.0
2021-01-11,1.8,1.8,0.0,1.8,0.0,0.0,0.0,0.0,1.8,1.8,1.8,0.0
2021-01-12,1.8,1.8,0.0,1.8,0.0,0.0,0.0,0.0,1.8,1.8,1.8,0.0
2021-01-13,1.8,1.8,0.0,1.8,0.0,0.0,0.0,0.0,1.8,1.8,1.8,0.0
2021-01-14,1.8,1.8,0.0,1.8,0.0,0.0,0.0,0.0,1.8,1.8,1.8,0.0
2021-01-15,2.0,2.0,11.1111,1.674,138300.0,231550000.0,0.0,0.0,1.6,2.0,1.6,138300.0
2021-01-18,1.7,1.7,0.0,1.7,0.0,0.0,0.0,0.0,1.7,1.7,1.7,0.0
2021-01-19,1.7,1.7,0.0,1.7,0.0,0.0,0.0,0.0,1.7,1.7,1.7,0.0
2021-01-20,1.7,1.7,0.0,1.7,0.0,0.0,0.0,0.0,1.7,1.7,1.7,0.0
2021-01-21,1.7,1.7,0.0,1.7,0.0,0.0,0.0,0.0,1.7,1.7,1.7,0.0
2021-01-22,1.9,1.9,11.7647,1.898,531400.0,1008860000.0,0.0,0.0,1.9,1.9,1.7,531400.0
2021-01-25,1.9,1.9,0.0,1.9,0.0,0.0,0.0,0.0,1.9,1.9,1.9,0.0
2021-01-26,1.9,1.9,0.0,1.9,0.0,0.0,0.0,0.0,1.9,1.9,1.9,0.0
2021-01-27,1.9,1.9,0.0,1.9,0.0,0.0,0.0,0.0,1.9,1.9,1.9,0.0
2021-01-28,1.9,1.9,0.0,1.9,0.0,0.0,0.0,0.0,1.9,1.9,1.9,0.0
2021-01-29,1.7,1.7,-10.5263,1.708,42600.0,72740000.0,0.0,0.0,1.7,1.8,1.7,42600.0
2021-02-01,1.7,1.7,0.0,1.7,0.0,0.0,0.0,0.0,1.7,1.7,1.7,0.0
2021-02-02,1.7,1.7,0.0,1.7,0.0,0.0,0.0,0.0,1.7,1.7,1.7,0.0
2021-02-03,1.7,1.7,0.0,1.7,0.0,0.0,0.0,0.0,1.7,1.7,1.7,0.0
2021-02-04,1.7,1.7,0.0,1.7,0.0,0.0,0.0,0.0,1.7,1.7,1.7,0.0
2021-02-05,1.9,1.9,11.7647,1.73,699400.0,1210110000.0,0.0,0.0,1.8,1.9,1.5,699400.0
2021-02-08,1.7,1.7,0.0,1.7,0.0,0.0,0.0,0.0,1.7,1.7,1.7,0.0
2021-02-09,1.7,1.7,0.0,1.7,0.0,0.0,0.0,0.0,1.7,1.7,1.7,0.0
2021-02-17,1.7,1.7,0.0,1.7,0.0,0.0,0.0,0.0,1.7,1.7,1.7,0.0
2021-02-18,1.7,1.7,0.0,1.7,0.0,0.0,0.0,0.0,1.7,1.7,1.7,0.0
2021-02-19,1.8,1.8,5.8824,1.802,235800.0,424870000.0,0.0,0.0,1.9,1.9,1.7,235800.0
2021-02-22,1.8,1.8,0.0,1.8,0.0,0.0,0.0,0.0,1.8,1.8,1.8,0.0
2021-02-23,1.8,1.8,0.0,1.8,0.0,0.0,0.0,0.0,1.8,1.8,1.8,0.0
2021-02-24,1.8,1.8,0.0,1.8,0.0,0.0,0.0,0.0,1.8,1.8,1.8,0.0
2021-02-25,1.8,1.8,0.0,1.8,0.0,0.0,0.0,0.0,1.8,1.8,1.8,0.0
2021-02-26,1.7,1.7,-5.5556,1.703,472300.0,804400000.0,0.0,0.0,1.7,1.8,1.7,472300.0
2021-03-01,1.7,1.7,0.0,1.7,0.0,0.0,0.0,0.0,1.7,1.7,1.7,0.0
2021-03-02,1.7,1.7,0.0,1.7,0.0,0.0,0.0,0.0,1.7,1.7,1.7,0.0
2021-03-03,1.7,1.7,0.0,1.7,0.0,0.0,0.0,0.0,1.7,1.7,1.7,0.0
2021-03-04,1.7,1.7,0.0,1.7,0.0,0.0,0.0,0.0,1.7,1.7,1.7,0.0
2021-03-05,1.9,1.9,11.7647,1.764,357500.0,630510000.0,0.0,0.0,1.9,1.9,1.7,357500.0
2021-03-08,1.8,1.8,0.0,1.8,0.0,0.0,0.0,0.0,1.8,1.8,1.8,0.0
2021-03-09,1.8,1.8,0.0,1.8,0.0,0.0,0.0,0.0,1.8,1.8,1.8,0.0
2021-03-10,1.8,1.8,0.0,1.8,0.0,0.0,0.0,0.0,1.8,1.8,1.8,0.0
2021-03-11,1.8,1.8,0.0,1.8,0.0,0.0,0.0,0.0,1.8,1.8,1.8,0.0
2021-03-12,1.8,1.8,0.0,1.801,85900.0,154690000.0,0.0,0.0,1.9,1.9,1.7,85900.0
2021-03-15,1.8,1.8,0.0,1.8,0.0,0.0,0.0,0.0,1.8,1.8,1.8,0.0
2021-03-16,1.8,1.8,0.0,1.8,0.0,0.0,0.0,0.0,1.8,1.8,1.8,0.0
2021-03-17,1.8,1.8,0.0,1.8,0.0,0.0,0.0,0.0,1.8,1.8,1.8,0.0
2021-03-18,1.8,1.8,0.0,1.8,0.0,0.0,0.0,0.0,1.8,1.8,1.8,0.0
2021-03-19,2.0,2.0,11.1111,1.89,385000.0,727760000.0,0.0,0.0,1.8,2.0,1.8,385000.0
2021-03-22,1.9,1.9,0.0,1.9,0.0,0.0,0.0,0.0,1.9,1.9,1.9,0.0
2021-03-23,1.9,1.9,0.0,1.9,0.0,0.0,0.0,0.0,1.9,1.9,1.9,0.0
2021-03-24,1.9,1.9,0.0,1.9,0.0,0.0,0.0,0.0,1.9,1.9,1.9,0.0
2021-03-25,1.9,1.9,0.0,1.9,0.0,0.0,0.0,0.0,1.9,1.9,1.9,0.0
2021-03-26,2.1,2.1,10.5263,2.03,120400.0,244470000.0,0.0,0.0,1.9,2.1,1.9,120400.0
2021-03-29,2.0,2.0,0.0,2.0,0.0,0.0,0.0,0.0,2.0,2.0,2.0,0.0
2021-03-30,2.0,2.0,0.0,2.0,0.0,0.0,0.0,0.0,2.0,2.0,2.0,0.0
2021-03-31,2.0,2.0,0.0,2.0,0.0,0.0,0.0,0.0,2.0,2.0,2.0,0.0
2021-04-01,2.0,2.0,0.0,2.0,0.0,0.0,0.0,0.0,2.0,2.0,2.0,0.0
2021-04-02,2.3,2.3,15.0,2.3,122425.0,281577500.0,0.0,0.0,2.3,2.3,2.3,122425.0
2021-04-05,2.3,2.3,0.0,2.3,0.0,0.0,0.0,0.0,2.3,2.3,2.3,0.0
2021-04-06,2.3,2.3,0.0,2.3,0.0,0.0,0.0,0.0,2.3,2.3,2.3,0.0
2021-04-07,2.3,2.3,0.0,2.3,0.0,0.0,0.0,0.0,2.3,2.3,2.3,0.0
2021-04-08,2.3,2.3,0.0,2.3,0.0,0.0,0.0,0.0,2.3,2.3,2.3,0.0
2021-04-09,2.6,2.6,13.0435,2.6,117685.0,305981000.0,0.0,0.0,2.6,2.6,2.6,117685.0
2021-04-12,2.6,2.6,0.0,2.6,0.0,0.0,0.0,0.0,2.6,2.6,2.6,0.0
2021-04-13,2.6,2.6,0.0,2.6,0.0,0.0,0.0,0.0,2.6,2.6,2.6,0.0
2021-04-14,2.6,2.6,0.0,2.6,0.0,0.0,0.0,0.0,2.6,2.6,2.6,0.0
2021-04-15,2.6,2.6,0.0,2.6,0.0,0.0,0.0,0.0,2.6,2.6,2.6,0.0
2021-04-16,2.9,2.9,11.5385,2.888,138750.0,400595400.0,0.0,0.0,2.9,2.9,2.6,138750.0
2021-04-19,2.9,2.9,0.0,2.9,0.0,0.0,0.0,0.0,2.9,2.9,2.9,0.0
2021-04-20,2.9,2.9,0.0,2.9,0.0,0.0,0.0,0.0,2.9,2.9,2.9,0.0
2021-04-22,2.9,2.9,0.0,2.9,0.0,0.0,0.0,0.0,2.9,2.9,2.9,0.0
2021-04-23,2.6,2.6,-10.3448,2.957,28000.0,82800000.0,0.0,0.0,3.3,3.3,2.6,28000.0
2021-04-26,3.0,3.0,0.0,3.0,0.0,0.0,0.0,0.0,3.0,3.0,3.0,0.0
2021-04-27,3.0,3.0,0.0,3.0,0.0,0.0,0.0,0.0,3.0,3.0,3.0,0.0
2021-04-28,3.0,3.0,0.0,3.0,0.0,0.0,0.0,0.0,3.0,3.0,3.0,0.0
2021-04-29,3.0,3.0,0.0,3.0,0.0,0.0,0.0,0.0,3.0,3.0,3.0,0.0
2021-05-04,3.0,3.0,0.0,3.0,0.0,0.0,0.0,0.0,3.0,3.0,3.0,0.0
2021-05-05,3.0,3.0,0.0,3.0,0.0,0.0,0.0,0.0,3.0,3.0,3.0,0.0
2021-05-06,3.0,3.0,0.0,3.0,0.0,0.0,0.0,0.0,3.0,3.0,3.0,0.0
2021-05-07,2.7,2.7,-10.0,2.629,99000.0,260320000.0,0.0,0.0,3.0,3.0,2.6,99000.0
2021-05-10,2.6,2.6,0.0,2.6,0.0,0.0,0.0,0.0,2.6,2.6,2.6,0.0
2021-05-11,2.6,2.6,0.0,2.6,0.0,0.0,0.0,0.0,2.6,2.6,2.6,0.0
2021-05-12,2.6,2.6,0.0,2.6,0.0,0.0,0.0,0.0,2.6,2.6,2.6,0.0
2021-05-13,2.6,2.6,0.0,2.6,0.0,0.0,0.0,0.0,2.6,2.6,2.6,0.0
2021-05-14,2.4,2.4,-7.6923,2.327,211900.0,493150000.0,0.0,0.0,2.3,2.5,2.3,211900.0
2021-05-17,2.3,2.3,0.0,2.3,0.0,0.0,0.0,0.0,2.3,2.3,2.3,0.0
2021-05-18,2.3,2.3,0.0,2.3,0.0,0.0,0.0,0.0,2.3,2.3,2.3,0.0
2021-05-19,2.3,2.3,0.0,2.3,0.0,0.0,0.0,0.0,2.3,2.3,2.3,0.0
2021-05-20,2.3,2.3,0.0,2.3,0.0,0.0,0.0,0.0,2.3,2.3,2.3,0.0
2021-05-21,2.2,2.2,-4.3478,2.259,47500.0,107320000.0,0.0,0.0,2.3,2.3,2.2,47500.0
2021-05-24,2.3,2.3,0.0,2.3,0.0,0.0,0.0,0.0,2.3,2.3,2.3,0.0
2021-05-25,2.3,2.3,0.0,2.3,0.0,0.0,0.0,0.0,2.3,2.3,2.3,0.0
2021-05-26,2.3,2.3,0.0,2.3,0.0,0.0,0.0,0.0,2.3,2.3,2.3,0.0
2021-05-27,2.3,2.3,0.0,2.3,0.0,0.0,0.0,0.0,2.3,2.3,2.3,0.0
2021-05-28,2.6,2.6,13.0435,2.514,109815.0,276124500.0,0.0,0.0,2.0,2.6,2.0,109815.0
2021-05-31,2.5,2.5,0.0,2.5,0.0,0.0,0.0,0.0,2.5,2.5,2.5,0.0
2021-06-01,2.5,2.5,0.0,2.5,0.0,0.0,0.0,0.0,2.5,2.5,2.5,0.0
2021-06-02,2.5,2.5,0.0,2.5,0.0,0.0,0.0,0.0,2.5,2.5,2.5,0.0
2021-06-03,2.5,2.5,0.0,2.5,0.0,0.0,0.0,0.0,2.5,2.5,2.5,0.0
2021-06-04,2.8,2.8,3.7037,2.694,119800.0,322690000.0,0.0,0.0,2.8,2.8,2.5,119800.0
2021-06-07,2.7,2.7,0.0,2.7,0.0,0.0,0.0,0.0,2.7,2.7,2.7,0.0
2021-06-08,2.7,2.7,0.0,2.7,0.0,0.0,0.0,0.0,2.7,2.7,2.7,0.0
2021-06-09,2.7,2.7,0.0,2.7,0.0,0.0,0.0,0.0,2.7,2.7,2.7,0.0
2021-06-10,2.7,2.7,0.0,2.7,0.0,0.0,0.0,0.0,2.7,2.7,2.7,0.0
2021-06-11,2.9,2.9,7.4074,2.861,95300.0,272630000.0,0.0,0.0,2.8,3.0,2.7,95300.0
2021-06-14,2.9,2.9,0.0,2.9,0.0,0.0,0.0,0.0,2.9,2.9,2.9,0.0
2021-06-15,2.9,2.9,0.0,2.9,0.0,0.0,0.0,0.0,2.9,2.9,2.9,0.0
2021-06-16,2.9,2.9,0.0,2.9,0.0,0.0,0.0,0.0,2.9,2.9,2.9,0.0
2021-06-17,2.9,2.9,0.0,2.9,0.0,0.0,0.0,0.0,2.9,2.9,2.9,0.0
2021-06-18,2.8,2.8,-3.4483,2.784,56300.0,156730000.0,0.0,0.0,2.8,2.8,2.7,56300.0
2021-06-21,2.8,2.8,0.0,2.8,0.0,0.0,0.0,0.0,2.8,2.8,2.8,0.0
2021-06-22,2.8,2.8,0.0,2.8,0.0,0.0,0.0,0.0,2.8,2.8,2.8,0.0
2021-06-23,2.8,2.8,0.0,2.8,0.0,0.0,0.0,0.0,2.8,2.8,2.8,0.0
2021-06-24,2.8,2.8,0.0,2.8,0.0,0.0,0.0,0.0,2.8,2.8,2.8,0.0
2021-06-25,2.8,2.8,0.0,2.713,266400.0,722660000.0,0.0,0.0,3.0,3.0,2.4,266400.0
2021-06-28,2.7,2.7,0.0,2.7,0.0,0.0,0.0,0.0,2.7,2.7,2.7,0.0
2021-06-29,2.7,2.7,0.0,2.7,0.0,0.0,0.0,0.0,2.7,2.7,2.7,0.0
2021-06-30,2.7,2.7,0.0,2.7,0.0,0.0,0.0,0.0,2.7,2.7,2.7,0.0
2021-07-01,2.7,2.7,0.0,2.7,0.0,0.0,0.0,0.0,2.7,2.7,2.7,0.0
2021-07-02,2.3,2.3,-14.8148,2.358,100900.0,237960000.0,0.0,0.0,2.6,2.6,2.3,100900.0
2021-07-05,2.4,2.4,0.0,2.4,0.0,0.0,0.0,0.0,2.4,2.4,2.4,0.0
2021-07-06,2.4,2.4,0.0,2.4,0.0,0.0,0.0,0.0,2.4,2.4,2.4,0.0
2021-07-07,2.4,2.4,0.0,2.4,0.0,0.0,0.0,0.0,2.4,2.4,2.4,0.0
2021-07-08,2.4,2.4,0.0,2.4,0.0,0.0,0.0,0.0,2.4,2.4,2.4,0.0
2021-07-09,2.5,2.5,4.1667,2.391,79900.0,191060000.0,0.0,0.0,2.2,2.5,2.2,79900.0
2021-07-12,2.4,2.4,0.0,2.4,0.0,0.0,0.0,0.0,2.4,2.4,2.4,0.0
2021-07-13,2.4,2.4,0.0,2.4,0.0,0.0,0.0,0.0,2.4,2.4,2.4,0.0
2021-07-14,2.4,2.4,0.0,2.4,0.0,0.0,0.0,0.0,2.4,2.4,2.4,0.0
2021-07-15,2.4,2.4,0.0,2.4,0.0,0.0,0.0,0.0,2.4,2.4,2.4,0.0
2021-07-16,2.4,2.4,0.0,2.282,106000.0,241920000.0,0.0,0.0,2.2,2.5,2.1,106000.0
2021-07-19,2.3,2.3,0.0,2.3,0.0,0.0,0.0,0.0,2.3,2.3,2.3,0.0
2021-07-20,2.3,2.3,0.0,2.3,0.0,0.0,0.0,0.0,2.3,2.3,2.3,0.0
2021-07-21,2.3,2.3,0.0,2.3,0.0,0.0,0.0,0.0,2.3,2.3,2.3,0.0
2021-07-22,2.3,2.3,0.0,2.3,0.0,0.0,0.0,0.0,2.3,2.3,2.3,0.0
2021-07-23,2.4,2.4,4.3478,2.4,1000.0,2400000.0,0.0,0.0,2.4,2.4,2.4,1000.0
2021-07-26,2.4,2.4,0.0,2.4,0.0,0.0,0.0,0.0,2.4,2.4,2.4,0.0
2021-07-27,2.4,2.4,0.0,2.4,0.0,0.0,0.0,0.0,2.4,2.4,2.4,0.0
2021-07-28,2.4,2.4,0.0,2.4,0.0,0.0,0.0,0.0,2.4,2.4,2.4,0.0
2021-07-29,2.4,2.4,0.0,2.4,0.0,0.0,0.0,0.0,2.4,2.4,2.4,0.0
2021-07-30,2.4,2.4,0.0,2.384,72000.0,171630000.0,0.0,0.0,2.3,2.6,2.3,72000.0
2021-08-02,2.4,2.4,0.0,2.4,0.0,0.0,0.0,0.0,2.4,2.4,2.4,0.0
2021-08-03,2.4,2.4,0.0,2.4,0.0,0.0,0.0,0.0,2.4,2.4,2.4,0.0
2021-08-04,2.4,2.4,0.0,2.4,0.0,0.0,0.0,0.0,2.4,2.4,2.4,0.0
2021-08-05,2.4,2.4,0.0,2.4,0.0,0.0,0.0,0.0,2.4,2.4,2.4,0.0
2021-08-06,2.5,2.5,4.1667,2.44,25200.0,61500000.0,0.0,0.0,2.6,2.6,2.4,25200.0
2021-08-09,2.4,2.4,0.0,2.4,0.0,0.0,0.0,0.0,2.4,2.4,2.4,0.0
2021-08-10,2.4,2.4,0.0,2.4,0.0,0.0,0.0,0.0,2.4,2.4,2.4,0.0
2021-08-11,2.4,2.4,0.0,2.4,0.0,0.0,0.0,0.0,2.4,2.4,2.4,0.0
2021-08-12,2.4,2.4,0.0,2.4,0.0,0.0,0.0,0.0,2.4,2.4,2.4,0.0
2021-08-13,2.5,2.5,4.1667,2.244,21100.0,47350000.0,0.0,0.0,2.5,2.6,2.1,21100.0
2021-08-16,2.2,2.2,0.0,2.2,0.0,0.0,0.0,0.0,2.2,2.2,2.2,0.0
2021-08-17,2.2,2.2,0.0,2.2,0.0,0.0,0.0,0.0,2.2,2.2,2.2,0.0
2021-08-18,2.2,2.2,0.0,2.2,0.0,0.0,0.0,0.0,2.2,2.2,2.2,0.0
2021-08-19,2.2,2.2,0.0,2.2,0.0,0.0,0.0,0.0,2.2,2.2,2.2,0.0
2021-08-20,2.4,2.4,9.0909,2.392,62400.0,149230000.0,0.0,0.0,2.2,2.4,2.2,62400.0
2021-08-23,2.4,2.4,0.0,2.4,0.0,0.0,0.0,0.0,2.4,2.4,2.4,0.0
2021-08-24,2.4,2.4,0.0,2.4,0.0,0.0,0.0,0.0,2.4,2.4,2.4,0.0
2021-08-25,2.4,2.4,0.0,2.4,0.0,0.0,0.0,0.0,2.4,2.4,2.4,0.0
2021-08-26,2.4,2.4,0.0,2.4,0.0,0.0,0.0,0.0,2.4,2.4,2.4,0.0
2021-08-27,2.6,2.6,8.3333,2.36,2000.0,4720000.0,0.0,0.0,2.3,2.6,2.2,2000.0
2021-08-30,2.4,2.4,0.0,2.4,0.0,0.0,0.0,0.0,2.4,2.4,2.4,0.0
2021-08-31,2.4,2.4,0.0,2.4,0.0,0.0,0.0,0.0,2.4,2.4,2.4,0.0
2021-09-01,2.4,2.4,0.0,2.4,0.0,0.0,0.0,0.0,2.4,2.4,2.4,0.0
2021-09-06,2.4,2.4,0.0,2.4,0.0,0.0,0.0,0.0,2.4,2.4,2.4,0.0
2021-09-07,2.4,2.4,0.0,2.4,0.0,0.0,0.0,0.0,2.4,2.4,2.4,0.0
2021-09-08,2.4,2.4,0.0,2.4,0.0,0.0,0.0,0.0,2.4,2.4,2.4,0.0
2021-09-09,2.4,2.4,0.0,2.4,0.0,0.0,0.0,0.0,2.4,2.4,2.4,0.0
2021-09-10,2.6,2.6,8.3333,2.516,12400.0,31200000.0,0.0,0.0,2.6,2.7,2.4,12400.0
2021-09-13,2.5,2.5,0.0,2.5,0.0,0.0,0.0,0.0,2.5,2.5,2.5,0.0
2021-09-14,2.5,2.5,0.0,2.5,0.0,0.0,0.0,0.0,2.5,2.5,2.5,0.0
2021-09-15,2.5,2.5,0.0,2.5,0.0,0.0,0.0,0.0,2.5,2.5,2.5,0.0
2021-09-16,2.5,2.5,0.0,2.5,0.0,0.0,0.0,0.0,2.5,2.5,2.5,0.0
2021-09-17,2.8,2.8,12.0,2.718,170500.0,463490000.0,0.0,0.0,2.7,2.8,2.6,170500.0
2021-09-20,2.7,2.7,0.0,2.7,0.0,0.0,0.0,0.0,2.7,2.7,2.7,0.0
2021-09-21,2.7,2.7,0.0,2.7,0.0,0.0,0.0,0.0,2.7,2.7,2.7,0.0
2021-09-22,2.7,2.7,0.0,2.7,0.0,0.0,0.0,0.0,2.7,2.7,2.7,0.0
2021-09-23,2.7,2.7,0.0,2.7,0.0,0.0,0.0,0.0,2.7,2.7,2.7,0.0
2021-09-24,2.8,2.8,3.7037,2.615,56321.0,147286700.0,0.0,0.0,2.7,2.8,2.6,56321.0
2021-09-27,2.6,2.6,0.0,2.6,0.0,0.0,0.0,0.0,2.6,2.6,2.6,0.0
2021-09-28,2.6,2.6,0.0,2.6,0.0,0.0,0.0,0.0,2.6,2.6,2.6,0.0
2021-09-29,2.6,2.6,0.0,2.6,0.0,0.0,0.0,0.0,2.6,2.6,2.6,0.0
2021-09-30,2.6,2.6,0.0,2.6,0.0,0.0,0.0,0.0,2.6,2.6,2.6,0.0
2021-10-01,2.8,2.8,7.6923,2.654,35410.0,93967000.0,0.0,0.0,2.6,2.8,2.6,35410.0
