2016-03-02,9.687,14.5,0.0,14.5,0.0,0.0,0.0,0.0,14.5,14.5,14.5,0.0
2016-03-03,9.687,14.5,0.0,14.5,0.0,0.0,0.0,0.0,14.5,14.5,14.5,0.0
2016-03-04,12.559,18.8,29.6552,18.8,100.0,1880000.0,0.0,0.0,18.8,18.8,18.8,100.0
2016-03-07,13.761,20.6,9.5745,20.6,100.0,2060000.0,0.0,0.0,20.6,20.6,20.6,100.0
2016-03-08,13.761,20.6,0.0,20.6,0.0,0.0,0.0,0.0,20.6,20.6,20.6,0.0
2016-03-09,15.098,22.6,9.7087,22.6,100.0,2260000.0,0.0,0.0,22.6,22.6,22.6,100.0
2016-03-10,15.098,22.6,0.0,22.6,0.0,0.0,0.0,0.0,22.6,22.6,22.6,0.0
2016-03-11,15.098,22.6,0.0,22.6,0.0,0.0,0.0,0.0,22.6,22.6,22.6,0.0
2016-03-14,15.098,22.6,0.0,22.6,0.0,0.0,0.0,0.0,22.6,22.6,22.6,0.0
2016-03-15,13.695,20.5,-9.292,20.5,200.0,4100000.0,0.0,0.0,20.5,20.5,20.5,200.0
2016-03-16,13.695,20.5,0.0,20.5,0.0,0.0,0.0,0.0,20.5,20.5,20.5,0.0
2016-03-17,13.695,20.5,0.0,20.5,0.0,0.0,0.0,0.0,20.5,20.5,20.5,0.0
2016-03-18,13.695,20.5,0.0,20.5,0.0,0.0,0.0,0.0,20.5,20.5,20.5,0.0
2016-03-21,13.695,20.5,0.0,20.5,0.0,0.0,0.0,0.0,20.5,20.5,20.5,0.0
2016-03-22,13.695,20.5,0.0,20.5,0.0,0.0,0.0,0.0,20.5,20.5,20.5,0.0
2016-03-23,13.695,20.5,0.0,20.5,0.0,0.0,0.0,0.0,20.5,20.5,20.5,0.0
2016-03-24,13.695,20.5,0.0,20.5,0.0,0.0,0.0,0.0,20.5,20.5,20.5,0.0
2016-03-25,13.695,20.5,0.0,20.5,0.0,0.0,0.0,0.0,20.5,20.5,20.5,0.0
2016-03-28,13.695,20.5,0.0,20.5,0.0,0.0,0.0,0.0,20.5,20.5,20.5,0.0
2016-03-29,13.695,20.5,0.0,20.5,0.0,0.0,0.0,0.0,20.5,20.5,20.5,0.0
2016-03-30,13.695,20.5,0.0,20.5,0.0,0.0,0.0,0.0,20.5,20.5,20.5,0.0
2016-03-31,13.695,20.5,0.0,20.5,0.0,0.0,0.0,0.0,20.5,20.5,20.5,0.0
2016-04-01,13.695,20.5,0.0,20.5,0.0,0.0,0.0,0.0,20.5,20.5,20.5,0.0
2016-04-04,13.695,20.5,0.0,20.5,0.0,0.0,0.0,0.0,20.5,20.5,20.5,0.0
2016-04-05,13.695,20.5,0.0,20.5,0.0,0.0,0.0,0.0,20.5,20.5,20.5,0.0
2016-04-06,13.695,20.5,0.0,20.5,0.0,0.0,0.0,0.0,20.5,20.5,20.5,0.0
2016-04-07,13.695,20.5,0.0,20.5,0.0,0.0,0.0,0.0,20.5,20.5,20.5,0.0
2016-04-08,13.695,20.5,0.0,20.5,0.0,0.0,0.0,0.0,20.5,20.5,20.5,0.0
2016-04-11,13.695,20.5,0.0,20.5,0.0,0.0,0.0,0.0,20.5,20.5,20.5,0.0
2016-04-12,13.695,20.5,0.0,20.5,0.0,0.0,0.0,0.0,20.5,20.5,20.5,0.0
2016-04-13,13.695,20.5,0.0,20.5,0.0,0.0,0.0,0.0,20.5,20.5,20.5,0.0
2016-04-14,12.359,18.5,-9.7561,18.5,423.0,7825500.0,0.0,0.0,18.5,18.5,18.5,423.0
2016-04-15,12.359,18.5,0.0,18.5,0.0,0.0,0.0,0.0,18.5,18.5,18.5,0.0
2016-04-19,12.359,18.5,0.0,18.5,0.0,0.0,0.0,0.0,18.5,18.5,18.5,0.0
2016-04-20,12.359,18.5,0.0,18.5,0.0,0.0,0.0,0.0,18.5,18.5,18.5,0.0
2016-04-21,12.359,18.5,0.0,18.5,0.0,0.0,0.0,0.0,18.5,18.5,18.5,0.0
2016-04-22,12.359,18.5,0.0,18.5,0.0,0.0,0.0,0.0,18.5,18.5,18.5,0.0
2016-04-25,12.359,18.5,0.0,18.5,0.0,0.0,0.0,0.0,18.5,18.5,18.5,0.0
2016-04-26,12.359,18.5,0.0,18.5,0.0,0.0,0.0,0.0,18.5,18.5,18.5,0.0
2016-04-27,12.359,18.5,0.0,18.5,0.0,0.0,0.0,0.0,18.5,18.5,18.5,0.0
2016-04-28,12.359,18.5,0.0,18.5,0.0,0.0,0.0,0.0,18.5,18.5,18.5,0.0
2016-04-29,12.359,18.5,0.0,18.5,0.0,0.0,0.0,0.0,18.5,18.5,18.5,0.0
2016-05-04,12.359,18.5,0.0,18.5,0.0,0.0,0.0,0.0,18.5,18.5,18.5,0.0
2016-05-05,12.359,18.5,0.0,18.5,0.0,0.0,0.0,0.0,18.5,18.5,18.5,0.0
2016-05-06,12.359,18.5,0.0,18.5,200.0,3700000.0,0.0,0.0,18.5,18.5,18.5,200.0
2016-05-09,12.359,18.5,0.0,18.5,0.0,0.0,0.0,0.0,18.5,18.5,18.5,0.0
2016-05-10,12.359,18.5,0.0,18.5,0.0,0.0,0.0,0.0,18.5,18.5,18.5,0.0
2016-05-11,12.359,18.5,0.0,18.5,0.0,0.0,0.0,0.0,18.5,18.5,18.5,0.0
2016-05-12,12.359,18.5,0.0,18.5,100.0,1850000.0,0.0,0.0,18.5,18.5,18.5,100.0
2016-05-13,12.026,18.0,-2.7027,18.0,200.0,3489800.0,0.0,0.0,18.0,18.0,18.0,200.0
2016-05-16,12.026,16.7,0.0,16.7,0.0,0.0,0.0,0.0,16.7,16.7,16.7,0.0
2016-05-17,12.026,16.7,0.0,16.7,0.0,0.0,0.0,0.0,16.7,16.7,16.7,0.0
2016-05-18,12.026,16.7,0.0,16.7,0.0,0.0,0.0,0.0,16.7,16.7,16.7,0.0
2016-05-19,12.026,16.7,0.0,16.7,0.0,0.0,0.0,0.0,16.7,16.7,16.7,0.0
2016-05-20,12.026,16.7,0.0,16.7,0.0,0.0,0.0,0.0,16.7,16.7,16.7,0.0
2016-05-23,12.026,16.7,0.0,16.7,0.0,0.0,0.0,0.0,16.7,16.7,16.7,0.0
2016-05-24,12.026,16.7,0.0,16.7,0.0,0.0,0.0,0.0,16.7,16.7,16.7,0.0
2016-05-25,12.026,16.7,0.0,16.7,0.0,0.0,0.0,0.0,16.7,16.7,16.7,0.0
2016-05-26,12.026,16.7,0.0,16.7,0.0,0.0,0.0,0.0,16.7,16.7,16.7,0.0
2016-05-27,12.026,16.7,0.0,16.7,0.0,0.0,0.0,0.0,16.7,16.7,16.7,0.0
2016-05-30,12.026,16.7,0.0,16.7,0.0,0.0,0.0,0.0,16.7,16.7,16.7,0.0
2016-05-31,12.026,16.7,0.0,16.7,0.0,0.0,0.0,0.0,16.7,16.7,16.7,0.0
2016-06-01,12.026,16.7,0.0,16.7,0.0,0.0,0.0,0.0,16.7,16.7,16.7,0.0
2016-06-02,12.026,16.7,0.0,16.7,0.0,0.0,0.0,0.0,16.7,16.7,16.7,0.0
2016-06-03,12.026,16.7,0.0,16.7,400.0,6680000.0,0.0,0.0,16.7,16.7,16.7,400.0
2016-06-06,12.026,16.7,0.0,16.7,0.0,0.0,0.0,0.0,16.7,16.7,16.7,0.0
2016-06-07,12.026,16.7,0.0,16.7,0.0,0.0,0.0,0.0,16.7,16.7,16.7,0.0
2016-06-08,12.026,16.7,0.0,16.7,0.0,0.0,0.0,0.0,16.7,16.7,16.7,0.0
2016-06-09,12.026,16.7,0.0,16.7,0.0,0.0,0.0,0.0,16.7,16.7,16.7,0.0
2016-06-10,12.026,16.7,0.0,16.7,0.0,0.0,0.0,0.0,16.7,16.7,16.7,0.0
2016-06-13,12.026,16.7,0.0,16.7,0.0,0.0,0.0,0.0,16.7,16.7,16.7,0.0
2016-06-14,12.026,16.7,0.0,16.7,0.0,0.0,0.0,0.0,16.7,16.7,16.7,0.0
2016-06-15,12.026,16.7,0.0,16.7,0.0,0.0,0.0,0.0,16.7,16.7,16.7,0.0
2016-06-16,12.026,16.7,0.0,16.7,0.0,0.0,0.0,0.0,16.7,16.7,16.7,0.0
2016-06-17,12.026,16.7,0.0,16.7,0.0,0.0,0.0,0.0,16.7,16.7,16.7,0.0
2016-06-20,12.026,16.7,0.0,16.7,0.0,0.0,0.0,0.0,16.7,16.7,16.7,0.0
2016-06-21,12.026,16.7,0.0,16.7,0.0,0.0,0.0,0.0,16.7,16.7,16.7,0.0
2016-06-22,12.026,16.7,0.0,16.7,0.0,0.0,0.0,0.0,16.7,16.7,16.7,0.0
2016-06-23,12.601,17.5,4.7904,17.5,100.0,1750000.0,0.0,0.0,17.5,17.5,17.5,100.0
2016-06-24,12.601,17.5,0.0,17.5,0.0,0.0,0.0,0.0,17.5,17.5,17.5,0.0
2016-06-27,12.601,17.5,0.0,17.5,0.0,0.0,0.0,0.0,17.5,17.5,17.5,0.0
2016-06-28,12.601,17.5,0.0,17.5,0.0,0.0,0.0,0.0,17.5,17.5,17.5,0.0
2016-06-29,12.601,17.5,0.0,17.5,0.0,0.0,0.0,0.0,17.5,17.5,17.5,0.0
2016-06-30,12.601,17.5,0.0,17.5,0.0,0.0,0.0,0.0,17.5,17.5,17.5,0.0
2016-07-01,12.601,17.5,0.0,17.5,100.0,1580000.0,0.0,0.0,17.5,17.5,17.5,100.0
2016-07-04,11.88,16.5,-5.7143,16.5,300.0,4950000.0,0.0,0.0,16.5,16.5,16.5,300.0
2016-07-05,11.88,16.5,0.0,16.5,0.0,0.0,0.0,0.0,16.5,16.5,16.5,0.0
2016-07-06,11.88,16.5,0.0,16.5,0.0,0.0,0.0,0.0,16.5,16.5,16.5,0.0
2016-07-07,11.88,16.5,0.0,16.5,0.0,0.0,0.0,0.0,16.5,16.5,16.5,0.0
2016-07-08,11.88,16.5,0.0,16.5,0.0,0.0,0.0,0.0,16.5,16.5,16.5,0.0
2016-07-11,11.88,16.5,0.0,16.5,0.0,0.0,0.0,0.0,16.5,16.5,16.5,0.0
2016-07-12,11.88,16.5,0.0,16.5,0.0,0.0,0.0,0.0,16.5,16.5,16.5,0.0
2016-07-13,11.88,16.5,0.0,16.5,0.0,0.0,0.0,0.0,16.5,16.5,16.5,0.0
2016-07-14,11.88,16.5,0.0,16.5,0.0,0.0,0.0,0.0,16.5,16.5,16.5,0.0
2016-07-15,11.88,16.5,0.0,16.5,0.0,0.0,0.0,0.0,16.5,16.5,16.5,0.0
2016-07-18,11.88,16.5,0.0,16.5,0.0,0.0,0.0,0.0,16.5,16.5,16.5,0.0
2016-07-19,11.88,16.5,0.0,16.5,0.0,0.0,0.0,0.0,16.5,16.5,16.5,0.0
2016-07-20,11.88,16.5,0.0,16.5,0.0,0.0,0.0,0.0,16.5,16.5,16.5,0.0
2016-07-21,11.88,16.5,0.0,16.5,0.0,0.0,0.0,0.0,16.5,16.5,16.5,0.0
2016-07-22,11.88,16.5,0.0,16.5,0.0,0.0,0.0,0.0,16.5,16.5,16.5,0.0
2016-07-25,11.88,16.5,0.0,16.5,0.0,0.0,0.0,0.0,16.5,16.5,16.5,0.0
2016-07-26,11.88,16.5,0.0,16.5,0.0,0.0,0.0,0.0,16.5,16.5,16.5,0.0
2016-07-27,11.88,16.5,0.0,16.5,0.0,0.0,0.0,0.0,16.5,16.5,16.5,0.0
2016-07-28,11.88,16.5,0.0,16.5,0.0,0.0,0.0,0.0,16.5,16.5,16.5,0.0
2016-07-29,11.88,16.5,0.0,16.5,0.0,0.0,0.0,0.0,16.5,16.5,16.5,0.0
2016-08-01,11.88,16.5,0.0,16.5,0.0,0.0,0.0,0.0,16.5,16.5,16.5,0.0
2016-08-02,11.88,16.5,0.0,16.5,0.0,0.0,0.0,0.0,16.5,16.5,16.5,0.0
2016-08-03,11.88,16.5,0.0,16.5,0.0,0.0,0.0,0.0,16.5,16.5,16.5,0.0
2016-08-04,11.88,16.5,0.0,16.5,0.0,0.0,0.0,0.0,16.5,16.5,16.5,0.0
2016-08-05,11.88,16.5,0.0,16.5,0.0,0.0,0.0,0.0,16.5,16.5,16.5,0.0
2016-08-08,11.88,16.5,0.0,16.5,0.0,0.0,0.0,0.0,16.5,16.5,16.5,0.0
2016-08-09,11.88,16.5,0.0,16.5,0.0,0.0,0.0,0.0,16.5,16.5,16.5,0.0
2016-08-10,11.88,16.5,0.0,16.5,0.0,0.0,0.0,0.0,16.5,16.5,16.5,0.0
2016-08-11,11.88,16.5,0.0,16.5,0.0,0.0,0.0,0.0,16.5,16.5,16.5,0.0
2016-08-12,11.88,16.5,0.0,16.5,0.0,0.0,0.0,0.0,16.5,16.5,16.5,0.0
2016-08-15,11.88,16.5,0.0,16.5,0.0,0.0,0.0,0.0,16.5,16.5,16.5,0.0
2016-08-16,11.88,16.5,0.0,16.5,0.0,0.0,0.0,0.0,16.5,16.5,16.5,0.0
2016-08-17,11.88,16.5,0.0,16.5,0.0,0.0,0.0,0.0,16.5,16.5,16.5,0.0
2016-08-18,11.88,16.5,0.0,16.5,0.0,0.0,0.0,0.0,16.5,16.5,16.5,0.0
2016-08-19,11.88,16.5,0.0,16.5,0.0,0.0,0.0,0.0,16.5,16.5,16.5,0.0
2016-08-22,11.88,16.5,0.0,16.5,0.0,0.0,0.0,0.0,16.5,16.5,16.5,0.0
2016-08-23,11.88,16.5,0.0,16.5,0.0,0.0,0.0,0.0,16.5,16.5,16.5,0.0
2016-08-24,11.88,16.5,0.0,16.5,0.0,0.0,0.0,0.0,16.5,16.5,16.5,0.0
2016-08-25,11.88,16.5,0.0,16.5,0.0,0.0,0.0,0.0,16.5,16.5,16.5,0.0
2016-08-26,11.88,16.5,0.0,16.5,0.0,0.0,0.0,0.0,16.5,16.5,16.5,0.0
2016-08-29,11.88,16.5,0.0,16.5,0.0,0.0,0.0,0.0,16.5,16.5,16.5,0.0
2016-08-30,11.88,16.5,0.0,16.5,0.0,0.0,0.0,0.0,16.5,16.5,16.5,0.0
2016-08-31,11.88,16.5,0.0,16.5,0.0,0.0,0.0,0.0,16.5,16.5,16.5,0.0
2016-09-01,11.88,16.5,0.0,16.5,0.0,0.0,0.0,0.0,16.5,16.5,16.5,0.0
2016-09-05,11.88,16.5,0.0,16.5,0.0,0.0,0.0,0.0,16.5,16.5,16.5,0.0
2016-09-06,11.88,16.5,0.0,16.5,0.0,0.0,0.0,0.0,16.5,16.5,16.5,0.0
2016-09-07,11.88,16.5,0.0,16.5,0.0,0.0,0.0,0.0,16.5,16.5,16.5,0.0
2016-09-08,11.88,16.5,0.0,16.5,0.0,0.0,0.0,0.0,16.5,16.5,16.5,0.0
2016-09-09,11.88,16.5,0.0,16.5,0.0,0.0,0.0,0.0,16.5,16.5,16.5,0.0
2016-09-12,11.88,16.5,0.0,16.5,0.0,0.0,0.0,0.0,16.5,16.5,16.5,0.0
2016-09-13,11.88,16.5,0.0,16.5,0.0,0.0,0.0,0.0,16.5,16.5,16.5,0.0
2016-09-14,11.88,16.5,0.0,16.5,0.0,0.0,0.0,0.0,16.5,16.5,16.5,0.0
2016-09-15,11.88,16.5,0.0,16.5,0.0,0.0,0.0,0.0,16.5,16.5,16.5,0.0
2016-09-16,11.88,16.5,0.0,16.5,0.0,0.0,0.0,0.0,16.5,16.5,16.5,0.0
2016-09-19,11.88,16.5,0.0,16.5,0.0,0.0,0.0,0.0,16.5,16.5,16.5,0.0
2016-09-20,12.673,17.6,6.6667,17.6,3521.0,61912900.0,0.0,0.0,17.6,17.6,17.6,3521.0
2016-09-21,12.673,17.6,0.0,17.6,0.0,0.0,0.0,0.0,17.6,17.6,17.6,0.0
2016-09-22,12.673,17.6,0.0,17.6,0.0,0.0,0.0,0.0,17.6,17.6,17.6,0.0
2016-09-23,12.673,17.6,0.0,17.6,0.0,0.0,0.0,0.0,17.6,17.6,17.6,0.0
2016-09-26,12.673,17.6,0.0,17.6,0.0,0.0,0.0,0.0,17.6,17.6,17.6,0.0
2016-09-27,12.673,17.6,0.0,17.6,0.0,0.0,0.0,0.0,17.6,17.6,17.6,0.0
2016-09-28,12.673,17.6,0.0,17.6,0.0,0.0,0.0,0.0,17.6,17.6,17.6,0.0
2016-09-29,12.673,17.6,0.0,17.6,0.0,0.0,0.0,0.0,17.6,17.6,17.6,0.0
2016-09-30,12.673,17.6,0.0,17.6,0.0,0.0,0.0,0.0,17.6,17.6,17.6,0.0
2016-10-03,12.673,17.6,0.0,17.6,0.0,0.0,0.0,0.0,17.6,17.6,17.6,0.0
2016-10-04,12.673,17.6,0.0,17.6,0.0,0.0,0.0,0.0,17.6,17.6,17.6,0.0
2016-10-05,12.673,17.6,0.0,17.6,0.0,0.0,0.0,0.0,17.6,17.6,17.6,0.0
2016-10-06,12.673,17.6,0.0,17.6,0.0,0.0,0.0,0.0,17.6,17.6,17.6,0.0
2016-10-07,12.673,17.6,0.0,17.6,0.0,0.0,0.0,0.0,17.6,17.6,17.6,0.0
2016-10-10,12.673,17.6,0.0,17.6,0.0,0.0,0.0,0.0,17.6,17.6,17.6,0.0
2016-10-11,12.673,17.6,0.0,17.6,0.0,0.0,0.0,0.0,17.6,17.6,17.6,0.0
2016-10-12,12.673,17.6,0.0,17.6,0.0,0.0,0.0,0.0,17.6,17.6,17.6,0.0
2016-10-13,12.673,17.6,0.0,17.6,0.0,0.0,0.0,0.0,17.6,17.6,17.6,0.0
2016-10-14,12.673,17.6,0.0,17.6,0.0,0.0,0.0,0.0,17.6,17.6,17.6,0.0
2016-10-17,12.673,17.6,0.0,17.6,0.0,0.0,0.0,0.0,17.6,17.6,17.6,0.0
2016-10-18,12.673,17.6,0.0,17.6,0.0,0.0,0.0,0.0,17.6,17.6,17.6,0.0
2016-10-19,12.673,17.6,0.0,17.6,0.0,0.0,0.0,0.0,17.6,17.6,17.6,0.0
2016-10-20,12.673,17.6,0.0,17.6,0.0,0.0,0.0,0.0,17.6,17.6,17.6,0.0
2016-10-21,12.673,17.6,0.0,17.6,0.0,0.0,0.0,0.0,17.6,17.6,17.6,0.0
2016-10-24,12.673,17.6,0.0,17.6,0.0,0.0,0.0,0.0,17.6,17.6,17.6,0.0
2016-10-25,12.673,17.6,0.0,17.6,0.0,0.0,0.0,0.0,17.6,17.6,17.6,0.0
2016-10-26,12.673,17.6,0.0,17.6,0.0,0.0,0.0,0.0,17.6,17.6,17.6,0.0
2016-10-27,12.673,17.6,0.0,17.6,0.0,0.0,0.0,0.0,17.6,17.6,17.6,0.0
2016-10-28,12.673,17.6,0.0,17.6,0.0,0.0,0.0,0.0,17.6,17.6,17.6,0.0
2016-10-31,12.673,17.6,0.0,17.6,0.0,0.0,0.0,0.0,17.6,17.6,17.6,0.0
2016-11-01,12.673,17.6,0.0,17.6,0.0,0.0,0.0,0.0,17.6,17.6,17.6,0.0
2016-11-02,12.673,17.6,0.0,17.6,0.0,0.0,0.0,0.0,17.6,17.6,17.6,0.0
2016-11-03,12.673,17.6,0.0,17.6,0.0,0.0,0.0,0.0,17.6,17.6,17.6,0.0
2016-11-04,12.673,17.6,0.0,17.6,0.0,0.0,0.0,0.0,17.6,17.6,17.6,0.0
2016-11-07,11.448,15.9,-9.6591,15.9,3200.0,50880000.0,0.0,0.0,15.9,15.9,15.9,3200.0
2016-11-08,11.448,15.9,0.0,15.9,0.0,0.0,0.0,0.0,15.9,15.9,15.9,0.0
2016-11-09,11.448,15.9,0.0,15.9,0.0,0.0,0.0,0.0,15.9,15.9,15.9,0.0
2016-11-10,11.448,15.9,0.0,15.9,0.0,0.0,0.0,0.0,15.9,15.9,15.9,0.0
2016-11-11,11.448,15.9,0.0,15.9,0.0,0.0,0.0,0.0,15.9,15.9,15.9,0.0
2016-11-14,11.448,15.9,0.0,15.9,0.0,0.0,0.0,0.0,15.9,15.9,15.9,0.0
2016-11-15,11.448,15.9,0.0,15.9,0.0,0.0,0.0,0.0,15.9,15.9,15.9,0.0
2016-11-16,11.448,15.9,0.0,15.9,0.0,0.0,0.0,0.0,15.9,15.9,15.9,0.0
2016-11-17,11.448,15.9,0.0,15.9,0.0,0.0,0.0,0.0,15.9,15.9,15.9,0.0
2016-11-18,11.448,15.9,0.0,15.9,0.0,0.0,0.0,0.0,15.9,15.9,15.9,0.0
2016-11-21,11.448,15.9,0.0,15.9,0.0,0.0,0.0,0.0,15.9,15.9,15.9,0.0
2016-11-22,11.448,15.9,0.0,15.9,0.0,0.0,0.0,0.0,15.9,15.9,15.9,0.0
2016-11-23,11.448,15.9,0.0,15.9,0.0,0.0,0.0,0.0,15.9,15.9,15.9,0.0
2016-11-24,11.448,15.9,0.0,15.9,0.0,0.0,0.0,0.0,15.9,15.9,15.9,0.0
2016-11-25,11.448,15.9,0.0,15.9,0.0,0.0,0.0,0.0,15.9,15.9,15.9,0.0
2016-11-28,11.448,15.9,0.0,15.9,0.0,0.0,0.0,0.0,15.9,15.9,15.9,0.0
2016-11-29,11.448,15.9,0.0,15.9,0.0,0.0,0.0,0.0,15.9,15.9,15.9,0.0
2016-11-30,11.448,15.9,0.0,15.9,0.0,0.0,0.0,0.0,15.9,15.9,15.9,0.0
2016-12-01,11.448,15.9,0.0,15.9,0.0,0.0,0.0,0.0,15.9,15.9,15.9,0.0
2016-12-02,11.448,15.9,0.0,15.9,0.0,0.0,0.0,0.0,15.9,15.9,15.9,0.0
2016-12-05,11.448,15.9,0.0,15.9,0.0,0.0,0.0,0.0,15.9,15.9,15.9,0.0
2016-12-06,11.448,15.9,0.0,15.9,0.0,0.0,0.0,0.0,15.9,15.9,15.9,0.0
2016-12-07,11.448,15.9,0.0,15.9,0.0,0.0,0.0,0.0,15.9,15.9,15.9,0.0
2016-12-08,11.448,15.9,0.0,15.9,0.0,0.0,0.0,0.0,15.9,15.9,15.9,0.0
2016-12-09,11.448,15.9,0.0,15.9,0.0,0.0,0.0,0.0,15.9,15.9,15.9,0.0
2016-12-12,11.448,15.9,0.0,15.9,0.0,0.0,0.0,0.0,15.9,15.9,15.9,0.0
2016-12-13,11.448,15.9,0.0,15.9,0.0,0.0,0.0,0.0,15.9,15.9,15.9,0.0
2016-12-14,11.448,15.9,0.0,15.9,0.0,0.0,0.0,0.0,15.9,15.9,15.9,0.0
2016-12-15,11.448,15.9,0.0,15.9,0.0,0.0,0.0,0.0,15.9,15.9,15.9,0.0
2016-12-16,11.448,15.9,0.0,15.9,0.0,0.0,0.0,0.0,15.9,15.9,15.9,0.0
2016-12-19,11.448,15.9,0.0,15.9,0.0,0.0,0.0,0.0,15.9,15.9,15.9,0.0
2016-12-20,11.448,15.9,0.0,15.9,0.0,0.0,0.0,0.0,15.9,15.9,15.9,0.0
2016-12-21,11.448,15.9,0.0,15.9,0.0,0.0,0.0,0.0,15.9,15.9,15.9,0.0
2016-12-22,11.448,15.9,0.0,15.9,0.0,0.0,0.0,0.0,15.9,15.9,15.9,0.0
2016-12-23,11.448,15.9,0.0,15.9,0.0,0.0,0.0,0.0,15.9,15.9,15.9,0.0
2016-12-26,11.448,15.9,0.0,15.9,0.0,0.0,0.0,0.0,15.9,15.9,15.9,0.0
2016-12-27,11.448,15.9,0.0,15.9,0.0,0.0,0.0,0.0,15.9,15.9,15.9,0.0
2016-12-28,11.448,15.9,0.0,15.9,0.0,0.0,0.0,0.0,15.9,15.9,15.9,0.0
2016-12-29,12.528,17.4,9.434,17.4,100.0,1740000.0,0.0,0.0,17.4,17.4,17.4,100.0
2016-12-30,12.528,17.4,0.0,17.4,0.0,0.0,0.0,0.0,17.4,17.4,17.4,0.0
2017-01-03,12.528,17.4,0.0,17.4,0.0,0.0,0.0,0.0,17.4,17.4,17.4,0.0
2017-01-04,12.528,17.4,0.0,17.4,0.0,0.0,0.0,0.0,17.4,17.4,17.4,0.0
2017-01-05,12.528,17.4,0.0,17.4,0.0,0.0,21128.0,331709600.0,17.4,17.4,17.4,21128.0
2017-01-06,12.528,17.4,0.0,17.4,0.0,0.0,0.0,0.0,17.4,17.4,17.4,0.0
2017-01-09,12.528,17.4,0.0,17.4,0.0,0.0,0.0,0.0,17.4,17.4,17.4,0.0
2017-01-10,12.528,17.4,0.0,17.4,0.0,0.0,0.0,0.0,17.4,17.4,17.4,0.0
2017-01-11,12.528,17.4,0.0,17.4,0.0,0.0,0.0,0.0,17.4,17.4,17.4,0.0
2017-01-12,12.528,17.4,0.0,17.4,0.0,0.0,0.0,0.0,17.4,17.4,17.4,0.0
2017-01-13,12.528,17.4,0.0,17.4,0.0,0.0,0.0,0.0,17.4,17.4,17.4,0.0
2017-01-16,12.528,17.4,0.0,17.4,0.0,0.0,0.0,0.0,17.4,17.4,17.4,0.0
2017-01-17,12.528,17.4,0.0,17.4,0.0,0.0,0.0,0.0,17.4,17.4,17.4,0.0
2017-01-18,12.528,17.4,0.0,17.4,0.0,0.0,0.0,0.0,17.4,17.4,17.4,0.0
2017-01-19,12.528,17.4,0.0,17.4,0.0,0.0,0.0,0.0,17.4,17.4,17.4,0.0
2017-01-20,12.528,17.4,0.0,17.4,0.0,0.0,0.0,0.0,17.4,17.4,17.4,0.0
2017-01-23,12.528,17.4,0.0,17.4,0.0,0.0,0.0,0.0,17.4,17.4,17.4,0.0
2017-01-24,12.528,17.4,0.0,17.4,0.0,0.0,0.0,0.0,17.4,17.4,17.4,0.0
2017-01-25,12.528,17.4,0.0,17.4,0.0,0.0,0.0,0.0,17.4,17.4,17.4,0.0
2017-02-02,12.528,17.4,0.0,17.4,0.0,0.0,0.0,0.0,17.4,17.4,17.4,0.0
2017-02-03,12.528,17.4,0.0,17.4,0.0,0.0,0.0,0.0,17.4,17.4,17.4,0.0
2017-02-06,12.528,17.4,0.0,17.4,0.0,0.0,0.0,0.0,17.4,17.4,17.4,0.0
2017-02-07,12.528,17.4,0.0,17.4,0.0,0.0,0.0,0.0,17.4,17.4,17.4,0.0
2017-02-08,12.528,17.4,0.0,17.4,0.0,0.0,0.0,0.0,17.4,17.4,17.4,0.0
2017-02-09,12.528,17.4,0.0,17.4,0.0,0.0,0.0,0.0,17.4,17.4,17.4,0.0
2017-02-10,12.528,17.4,0.0,17.4,0.0,0.0,0.0,0.0,17.4,17.4,17.4,0.0
2017-02-13,12.528,17.4,0.0,17.4,0.0,0.0,0.0,0.0,17.4,17.4,17.4,0.0
2017-02-14,12.528,17.4,0.0,17.4,200.0,3480000.0,0.0,0.0,17.4,17.4,17.4,200.0
2017-02-15,12.528,17.4,0.0,17.4,0.0,0.0,0.0,0.0,17.4,17.4,17.4,0.0
2017-02-16,12.528,17.4,0.0,17.4,0.0,0.0,0.0,0.0,17.4,17.4,17.4,0.0
2017-02-17,12.528,17.4,0.0,17.4,0.0,0.0,0.0,0.0,17.4,17.4,17.4,0.0
2017-02-20,12.528,17.4,0.0,17.4,0.0,0.0,0.0,0.0,17.4,17.4,17.4,0.0
2017-02-21,12.528,17.4,0.0,17.4,0.0,0.0,0.0,0.0,17.4,17.4,17.4,0.0
2017-02-22,12.528,17.4,0.0,17.4,0.0,0.0,0.0,0.0,17.4,17.4,17.4,0.0
2017-02-23,12.528,17.4,0.0,17.4,0.0,0.0,0.0,0.0,17.4,17.4,17.4,0.0
2017-02-24,12.528,17.4,0.0,17.4,0.0,0.0,0.0,0.0,17.4,17.4,17.4,0.0
2017-02-27,12.528,17.4,0.0,17.4,0.0,0.0,0.0,0.0,17.4,17.4,17.4,0.0
2017-02-28,12.528,17.4,0.0,17.4,0.0,0.0,0.0,0.0,17.4,17.4,17.4,0.0
2017-03-01,12.528,17.4,0.0,17.4,0.0,0.0,0.0,0.0,17.4,17.4,17.4,0.0
2017-03-02,12.528,17.4,0.0,17.4,0.0,0.0,0.0,0.0,17.4,17.4,17.4,0.0
2017-03-03,12.528,17.4,0.0,17.4,0.0,0.0,0.0,0.0,17.4,17.4,17.4,0.0
2017-03-06,12.528,17.4,0.0,17.4,0.0,0.0,0.0,0.0,17.4,17.4,17.4,0.0
2017-03-07,12.528,17.4,0.0,17.4,0.0,0.0,0.0,0.0,17.4,17.4,17.4,0.0
2017-03-08,12.528,17.4,0.0,17.4,0.0,0.0,0.0,0.0,17.4,17.4,17.4,0.0
2017-03-09,12.528,17.4,0.0,17.4,0.0,0.0,0.0,0.0,17.4,17.4,17.4,0.0
2017-03-10,12.528,17.4,0.0,17.4,0.0,0.0,0.0,0.0,17.4,17.4,17.4,0.0
2017-03-13,12.528,17.4,0.0,17.4,0.0,0.0,0.0,0.0,17.4,17.4,17.4,0.0
2017-03-14,12.528,17.4,0.0,17.4,0.0,0.0,0.0,0.0,17.4,17.4,17.4,0.0
2017-03-15,12.528,17.4,0.0,17.4,0.0,0.0,0.0,0.0,17.4,17.4,17.4,0.0
2017-03-16,12.528,17.4,0.0,17.4,0.0,0.0,0.0,0.0,17.4,17.4,17.4,0.0
2017-03-17,12.528,17.4,0.0,17.4,0.0,0.0,0.0,0.0,17.4,17.4,17.4,0.0
2017-03-20,12.528,17.4,0.0,17.4,0.0,0.0,0.0,0.0,17.4,17.4,17.4,0.0
2017-03-21,12.528,17.4,0.0,17.4,0.0,0.0,0.0,0.0,17.4,17.4,17.4,0.0
2017-03-22,12.528,17.4,0.0,17.4,0.0,0.0,0.0,0.0,17.4,17.4,17.4,0.0
2017-03-23,12.528,17.4,0.0,17.4,0.0,0.0,0.0,0.0,17.4,17.4,17.4,0.0
2017-03-24,12.528,17.4,0.0,17.4,0.0,0.0,0.0,0.0,17.4,17.4,17.4,0.0
2017-03-27,12.528,17.4,0.0,17.4,0.0,0.0,0.0,0.0,17.4,17.4,17.4,0.0
2017-03-28,12.528,17.4,0.0,17.4,0.0,0.0,0.0,0.0,17.4,17.4,17.4,0.0
2017-03-29,12.528,17.4,0.0,17.4,0.0,0.0,0.0,0.0,17.4,17.4,17.4,0.0
2017-03-30,12.528,17.4,0.0,17.4,0.0,0.0,0.0,0.0,17.4,17.4,17.4,0.0
2017-03-31,12.528,17.4,0.0,17.4,0.0,0.0,0.0,0.0,17.4,17.4,17.4,0.0
2017-04-03,12.528,17.4,0.0,17.4,0.0,0.0,0.0,0.0,17.4,17.4,17.4,0.0
2017-04-04,12.528,17.4,0.0,17.4,0.0,0.0,0.0,0.0,17.4,17.4,17.4,0.0
2017-04-05,12.528,17.4,0.0,17.4,0.0,0.0,0.0,0.0,17.4,17.4,17.4,0.0
2017-04-07,12.528,17.4,0.0,17.4,0.0,0.0,0.0,0.0,17.4,17.4,17.4,0.0
2017-04-10,12.528,17.4,0.0,17.4,0.0,0.0,0.0,0.0,17.4,17.4,17.4,0.0
2017-04-11,12.528,17.4,0.0,17.4,0.0,0.0,0.0,0.0,17.4,17.4,17.4,0.0
2017-04-12,12.528,17.4,0.0,17.4,0.0,0.0,0.0,0.0,17.4,17.4,17.4,0.0
2017-04-13,12.528,17.4,0.0,17.4,0.0,0.0,0.0,0.0,17.4,17.4,17.4,0.0
2017-04-14,12.528,17.4,0.0,17.4,0.0,0.0,0.0,0.0,17.4,17.4,17.4,0.0
2017-04-17,12.528,17.4,0.0,17.4,0.0,0.0,0.0,0.0,17.4,17.4,17.4,0.0
2017-04-18,12.528,17.4,0.0,17.4,0.0,0.0,0.0,0.0,17.4,17.4,17.4,0.0
2017-04-19,12.528,17.4,0.0,17.4,0.0,0.0,0.0,0.0,17.4,17.4,17.4,0.0
2017-04-20,12.528,17.4,0.0,17.4,0.0,0.0,0.0,0.0,17.4,17.4,17.4,0.0
2017-04-21,12.528,17.4,0.0,17.4,0.0,0.0,0.0,0.0,17.4,17.4,17.4,0.0
2017-04-24,12.528,17.4,0.0,17.4,0.0,0.0,0.0,0.0,17.4,17.4,17.4,0.0
2017-04-25,12.528,17.4,0.0,17.4,0.0,0.0,0.0,0.0,17.4,17.4,17.4,0.0
2017-04-26,12.96,18.0,3.4483,18.0,200.0,3600000.0,0.0,0.0,18.0,18.0,18.0,200.0
2017-04-27,12.96,18.0,0.0,18.0,0.0,0.0,0.0,0.0,18.0,18.0,18.0,0.0
2017-04-28,11.664,16.2,-10.0,16.382,6600.0,108120000.0,0.0,0.0,16.5,16.5,16.2,6600.0
2017-05-03,11.664,16.2,0.0,16.2,0.0,0.0,0.0,0.0,16.2,16.2,16.2,0.0
2017-05-04,10.945,13.7,-6.1644,13.7,100.0,1370000.0,0.0,0.0,13.7,13.7,13.7,100.0
2017-05-05,10.387,13.0,-5.1095,13.25,200.0,2650000.0,0.0,0.0,13.5,13.5,13.0,200.0
2017-05-08,10.387,13.0,0.0,13.0,0.0,0.0,0.0,0.0,13.0,13.0,13.0,0.0
2017-05-09,10.387,13.0,0.0,13.0,0.0,0.0,0.0,0.0,13.0,13.0,13.0,0.0
2017-05-10,10.146,12.7,-2.3077,12.7,100.0,1270000.0,0.0,0.0,12.7,12.7,12.7,100.0
2017-05-11,10.146,12.7,0.0,12.7,0.0,0.0,0.0,0.0,12.7,12.7,12.7,0.0
2017-05-12,10.146,12.7,0.0,12.7,0.0,0.0,0.0,0.0,12.7,12.7,12.7,0.0
2017-05-15,9.588,12.0,-5.5118,12.0,100.0,1200000.0,0.0,0.0,12.0,12.0,12.0,100.0
2017-05-16,9.588,12.0,0.0,12.0,0.0,0.0,0.0,0.0,12.0,12.0,12.0,0.0
2017-05-17,9.588,12.0,0.0,12.0,0.0,0.0,0.0,0.0,12.0,12.0,12.0,0.0
2017-05-18,9.588,12.0,0.0,12.0,0.0,0.0,0.0,0.0,12.0,12.0,12.0,0.0
2017-05-19,9.588,12.0,0.0,12.0,0.0,0.0,0.0,0.0,12.0,12.0,12.0,0.0
2017-05-22,9.269,11.6,-3.3333,11.6,100.0,1160000.0,0.0,0.0,11.6,11.6,11.6,100.0
2017-05-23,9.269,11.6,0.0,11.6,0.0,0.0,0.0,0.0,11.6,11.6,11.6,0.0
2017-05-24,8.868,11.1,-4.3103,11.1,100.0,1110000.0,0.0,0.0,11.1,11.1,11.1,100.0
2017-05-25,8.868,11.1,0.0,11.1,0.0,0.0,0.0,0.0,11.1,11.1,11.1,0.0
2017-05-26,8.868,11.1,0.0,11.1,0.0,0.0,0.0,0.0,11.1,11.1,11.1,0.0
2017-05-29,8.868,11.1,0.0,11.1,0.0,0.0,0.0,0.0,11.1,11.1,11.1,0.0
2017-05-30,8.868,11.1,0.0,11.1,0.0,0.0,0.0,0.0,11.1,11.1,11.1,0.0
2017-05-31,9.747,12.2,9.9099,12.025,482.0,5646400.0,0.0,0.0,12.2,12.2,11.5,482.0
2017-06-01,10.706,13.4,9.8361,13.4,100.0,1340000.0,0.0,0.0,13.4,13.4,13.4,100.0
2017-06-02,9.826,12.3,-8.209,12.583,709.0,8868900.0,0.0,0.0,14.0,14.0,12.3,709.0
2017-06-05,10.786,13.5,9.7561,12.767,335.0,4266500.0,0.0,0.0,12.5,13.5,12.3,335.0
2017-06-06,10.786,13.5,0.0,13.5,0.0,0.0,0.0,0.0,13.5,13.5,13.5,0.0
2017-06-07,10.786,13.5,0.0,13.5,161.0,2173500.0,0.0,0.0,13.5,13.5,13.5,161.0
2017-06-08,9.826,12.3,-8.8889,12.35,216.0,2678000.0,0.0,0.0,12.4,12.4,12.3,216.0
2017-06-09,9.826,12.3,0.0,12.3,0.0,0.0,0.0,0.0,12.3,12.3,12.3,0.0
2017-06-12,9.826,12.3,0.0,12.3,0.0,0.0,0.0,0.0,12.3,12.3,12.3,0.0
2017-06-13,9.826,12.3,0.0,12.3,0.0,0.0,0.0,0.0,12.3,12.3,12.3,0.0
2017-06-14,9.826,12.3,0.0,12.3,0.0,0.0,0.0,0.0,12.3,12.3,12.3,0.0
2017-06-15,9.826,12.3,0.0,12.3,0.0,0.0,0.0,0.0,12.3,12.3,12.3,0.0
2017-06-16,9.826,12.3,0.0,12.3,0.0,0.0,0.0,0.0,12.3,12.3,12.3,0.0
2017-06-19,9.826,12.3,0.0,12.3,0.0,0.0,0.0,0.0,12.3,12.3,12.3,0.0
2017-06-20,9.826,12.3,0.0,12.3,0.0,0.0,0.0,0.0,12.3,12.3,12.3,0.0
2017-06-21,9.826,12.3,0.0,12.3,0.0,0.0,0.0,0.0,12.3,12.3,12.3,0.0
2017-06-22,9.826,12.3,0.0,12.3,0.0,0.0,0.0,0.0,12.3,12.3,12.3,0.0
2017-06-23,9.826,12.3,0.0,12.3,0.0,0.0,0.0,0.0,12.3,12.3,12.3,0.0
2017-06-26,9.826,12.3,0.0,12.3,0.0,0.0,0.0,0.0,12.3,12.3,12.3,0.0
2017-06-27,9.987,12.5,1.626,12.5,211.0,2622100.0,0.0,0.0,12.5,12.5,12.5,211.0
2017-06-28,9.987,12.5,0.0,12.5,0.0,0.0,0.0,0.0,12.5,12.5,12.5,0.0
2017-06-29,9.987,12.5,0.0,12.5,0.0,0.0,0.0,0.0,12.5,12.5,12.5,0.0
2017-06-30,9.987,12.5,0.0,12.5,0.0,0.0,0.0,0.0,12.5,12.5,12.5,0.0
2017-07-03,9.987,12.5,0.0,12.5,0.0,0.0,0.0,0.0,12.5,12.5,12.5,0.0
2017-07-04,10.945,13.7,9.6,13.7,110.0,1495000.0,0.0,0.0,13.7,13.7,13.7,110.0
2017-07-05,9.987,12.5,-8.7591,12.507,5500.0,68790000.0,0.0,0.0,12.8,12.8,12.5,5500.0
2017-07-06,9.987,12.5,0.0,12.5,0.0,0.0,0.0,0.0,12.5,12.5,12.5,0.0
2017-07-07,9.987,12.5,0.0,12.5,0.0,0.0,0.0,0.0,12.5,12.5,12.5,0.0
2017-07-10,9.987,12.5,0.0,12.5,1.0,13700.0,0.0,0.0,12.5,12.5,12.5,1.0
2017-07-11,10.387,13.0,4.0,13.0,100.0,1300000.0,0.0,0.0,13.0,13.0,13.0,100.0
2017-07-12,10.387,13.0,0.0,13.0,0.0,0.0,0.0,0.0,13.0,13.0,13.0,0.0
2017-07-13,10.387,13.0,0.0,13.0,0.0,0.0,0.0,0.0,13.0,13.0,13.0,0.0
2017-07-14,10.387,13.0,0.0,13.0,0.0,0.0,0.0,0.0,13.0,13.0,13.0,0.0
2017-07-17,10.387,13.0,0.0,13.0,0.0,0.0,0.0,0.0,13.0,13.0,13.0,0.0
2017-07-18,10.387,13.0,0.0,13.0,0.0,0.0,0.0,0.0,13.0,13.0,13.0,0.0
2017-07-19,10.387,13.0,0.0,13.0,0.0,0.0,0.0,0.0,13.0,13.0,13.0,0.0
2017-07-20,10.387,13.0,0.0,13.0,0.0,0.0,0.0,0.0,13.0,13.0,13.0,0.0
2017-07-21,10.387,13.0,0.0,13.0,0.0,0.0,0.0,0.0,13.0,13.0,13.0,0.0
2017-07-24,10.387,13.0,0.0,13.0,0.0,0.0,0.0,0.0,13.0,13.0,13.0,0.0
2017-07-25,10.387,13.0,0.0,13.0,0.0,0.0,0.0,0.0,13.0,13.0,13.0,0.0
2017-07-26,10.387,13.0,0.0,13.0,0.0,0.0,0.0,0.0,13.0,13.0,13.0,0.0
2017-07-27,10.387,13.0,0.0,13.0,0.0,0.0,0.0,0.0,13.0,13.0,13.0,0.0
2017-07-28,10.387,13.0,0.0,13.0,0.0,0.0,0.0,0.0,13.0,13.0,13.0,0.0
2017-07-31,10.387,13.0,0.0,12.86,563.0,7179700.0,0.0,0.0,12.3,13.0,12.3,563.0
2017-08-01,10.387,13.0,0.0,13.0,0.0,0.0,0.0,0.0,13.0,13.0,13.0,0.0
2017-08-02,10.387,13.0,0.0,13.0,0.0,0.0,0.0,0.0,13.0,13.0,13.0,0.0
2017-08-03,11.425,14.3,10.0,14.3,9100.0,130130000.0,0.0,0.0,14.3,14.3,14.3,9100.0
2017-08-04,11.425,14.3,0.0,14.3,63.0,900900.0,0.0,0.0,14.3,14.3,14.3,63.0
2017-08-07,10.387,13.0,-9.0909,13.0,100.0,1300000.0,0.0,0.0,13.0,13.0,13.0,100.0
2017-08-08,10.546,13.2,1.5385,13.2,1000.0,13200000.0,0.0,0.0,13.2,13.2,13.2,1000.0
2017-08-09,9.826,12.3,-6.8182,12.3,5000.0,61500000.0,0.0,0.0,12.3,12.3,12.3,5000.0
2017-08-10,9.826,12.3,0.0,12.3,0.0,0.0,0.0,0.0,12.3,12.3,12.3,0.0
2017-08-11,9.826,12.3,0.0,12.3,0.0,0.0,0.0,0.0,12.3,12.3,12.3,0.0
2017-08-14,9.826,12.3,0.0,12.3,0.0,0.0,0.0,0.0,12.3,12.3,12.3,0.0
2017-08-15,9.826,12.3,0.0,12.3,0.0,0.0,0.0,0.0,12.3,12.3,12.3,0.0
2017-08-16,9.826,12.3,0.0,12.3,0.0,0.0,0.0,0.0,12.3,12.3,12.3,0.0
2017-08-17,8.868,11.1,-9.7561,11.1,3000.0,33300000.0,0.0,0.0,11.1,11.1,11.1,3000.0
2017-08-18,8.868,11.1,0.0,11.1,0.0,0.0,0.0,0.0,11.1,11.1,11.1,0.0
2017-08-21,8.868,11.1,0.0,11.1,0.0,0.0,0.0,0.0,11.1,11.1,11.1,0.0
2017-08-22,8.868,11.1,0.0,11.1,0.0,0.0,0.0,0.0,11.1,11.1,11.1,0.0
2017-08-23,8.868,11.1,0.0,11.1,0.0,0.0,0.0,0.0,11.1,11.1,11.1,0.0
2017-08-24,8.868,11.1,0.0,11.1,0.0,0.0,0.0,0.0,11.1,11.1,11.1,0.0
2017-08-25,8.868,11.1,0.0,11.1,0.0,0.0,0.0,0.0,11.1,11.1,11.1,0.0
2017-08-28,8.868,11.1,0.0,11.1,0.0,0.0,0.0,0.0,11.1,11.1,11.1,0.0
2017-08-29,8.868,11.1,0.0,11.1,0.0,0.0,0.0,0.0,11.1,11.1,11.1,0.0
2017-08-30,8.868,11.1,0.0,11.1,0.0,0.0,0.0,0.0,11.1,11.1,11.1,0.0
2017-08-31,8.868,11.1,0.0,11.1,0.0,0.0,0.0,0.0,11.1,11.1,11.1,0.0
2017-09-01,8.868,11.1,0.0,11.1,0.0,0.0,0.0,0.0,11.1,11.1,11.1,0.0
2017-09-05,8.868,11.1,0.0,11.1,0.0,0.0,0.0,0.0,11.1,11.1,11.1,0.0
2017-09-06,8.868,11.1,0.0,11.1,0.0,0.0,0.0,0.0,11.1,11.1,11.1,0.0
2017-09-07,9.747,12.2,9.9099,12.2,200.0,2440000.0,0.0,0.0,12.2,12.2,12.2,200.0
2017-09-08,9.747,12.2,0.0,12.2,0.0,0.0,0.0,0.0,12.2,12.2,12.2,0.0
2017-09-11,9.747,12.2,0.0,12.2,0.0,0.0,0.0,0.0,12.2,12.2,12.2,0.0
2017-09-12,9.747,12.2,0.0,12.2,0.0,0.0,0.0,0.0,12.2,12.2,12.2,0.0
2017-09-13,10.306,12.9,5.7377,12.633,911.0,11491000.0,0.0,0.0,12.5,12.9,12.5,911.0
2017-09-14,10.786,13.5,4.6512,13.5,500.0,6750000.0,0.0,0.0,13.5,13.5,13.5,500.0
2017-09-15,10.786,13.5,0.0,13.5,1000.0,13500000.0,0.0,0.0,13.5,13.5,13.5,1000.0
2017-09-18,10.786,13.5,0.0,13.5,0.0,0.0,0.0,0.0,13.5,13.5,13.5,0.0
2017-09-19,10.387,13.0,-3.7037,13.117,1200.0,15740000.0,0.0,0.0,13.2,13.2,13.0,1200.0
2017-09-20,10.306,12.9,-0.7692,13.117,634.0,8312000.0,0.0,0.0,13.5,13.5,12.9,634.0
2017-09-21,10.067,12.6,-2.3256,12.648,2300.0,29090000.0,0.0,0.0,12.8,12.8,12.6,2300.0
2017-09-22,10.067,12.6,0.0,12.6,0.0,0.0,0.0,0.0,12.6,12.6,12.6,0.0
2017-09-25,10.067,12.6,0.0,12.6,0.0,0.0,0.0,0.0,12.6,12.6,12.6,0.0
2017-09-26,10.067,12.6,0.0,12.6,0.0,0.0,0.0,0.0,12.6,12.6,12.6,0.0
2017-09-27,10.067,12.6,0.0,12.6,0.0,0.0,0.0,0.0,12.6,12.6,12.6,0.0
2017-09-28,10.067,12.6,0.0,12.6,0.0,0.0,0.0,0.0,12.6,12.6,12.6,0.0
2017-09-29,10.706,13.4,6.3492,13.4,100.0,1340000.0,0.0,0.0,13.4,13.4,13.4,100.0
2017-10-02,10.786,13.5,0.7463,13.484,12200.0,164500000.0,0.0,0.0,13.4,13.5,13.4,12200.0
2017-10-03,10.786,13.5,0.0,13.5,0.0,0.0,0.0,0.0,13.5,13.5,13.5,0.0
2017-10-04,10.866,13.6,0.7407,13.6,100.0,1360000.0,0.0,0.0,13.6,13.6,13.6,100.0
2017-10-05,10.866,13.6,0.0,13.6,0.0,0.0,0.0,0.0,13.6,13.6,13.6,0.0
2017-10-06,10.866,13.6,0.0,13.6,0.0,0.0,0.0,0.0,13.6,13.6,13.6,0.0
2017-10-09,11.185,14.0,2.9412,14.0,500.0,7000000.0,0.0,0.0,14.0,14.0,14.0,500.0
2017-10-10,11.185,14.0,0.0,14.0,40.0,540000.0,0.0,0.0,14.0,14.0,14.0,40.0
2017-10-11,11.185,14.0,0.0,14.0,0.0,0.0,0.0,0.0,14.0,14.0,14.0,0.0
2017-10-12,11.185,14.0,0.0,14.0,775.0,10745000.0,0.0,0.0,14.0,14.0,14.0,775.0
2017-10-13,11.185,14.0,0.0,14.0,0.0,0.0,0.0,0.0,14.0,14.0,14.0,0.0
2017-10-16,11.185,14.0,0.0,14.0,23085.0,323079500.0,0.0,0.0,14.0,14.0,14.0,23085.0
2017-10-17,11.185,14.0,0.0,14.0,63.0,806400.0,0.0,0.0,14.0,14.0,14.0,63.0
2017-10-18,11.185,14.0,0.0,14.0,0.0,0.0,0.0,0.0,14.0,14.0,14.0,0.0
2017-10-19,11.185,14.0,0.0,14.0,0.0,0.0,0.0,0.0,14.0,14.0,14.0,0.0
2017-10-20,11.185,14.0,0.0,14.0,200.0,2800000.0,0.0,0.0,14.0,14.0,14.0,200.0
2017-10-23,11.265,14.1,0.7143,14.04,500.0,7020000.0,0.0,0.0,14.0,14.1,14.0,500.0
2017-10-24,11.265,14.1,0.0,14.1,0.0,0.0,0.0,0.0,14.1,14.1,14.1,0.0
2017-10-25,11.265,14.1,0.0,14.1,0.0,0.0,0.0,0.0,14.1,14.1,14.1,0.0
2017-10-26,11.265,14.1,0.0,14.1,0.0,0.0,0.0,0.0,14.1,14.1,14.1,0.0
2017-10-27,11.265,14.1,0.0,14.1,0.0,0.0,0.0,0.0,14.1,14.1,14.1,0.0
2017-10-30,11.265,14.1,0.0,14.1,0.0,0.0,0.0,0.0,14.1,14.1,14.1,0.0
2017-10-31,11.265,14.1,0.0,14.1,0.0,0.0,0.0,0.0,14.1,14.1,14.1,0.0
2017-11-01,11.265,14.1,0.0,14.1,0.0,0.0,0.0,0.0,14.1,14.1,14.1,0.0
2017-11-02,11.265,14.1,0.0,14.1,0.0,0.0,0.0,0.0,14.1,14.1,14.1,0.0
2017-11-03,11.265,14.1,0.0,14.1,0.0,0.0,0.0,0.0,14.1,14.1,14.1,0.0
2017-11-06,11.265,14.1,0.0,14.1,5100.0,71910000.0,0.0,0.0,14.1,14.1,14.1,5100.0
2017-11-07,11.265,14.1,0.0,14.1,0.0,0.0,0.0,0.0,14.1,14.1,14.1,0.0
2017-11-08,11.265,14.1,0.0,14.1,0.0,0.0,0.0,0.0,14.1,14.1,14.1,0.0
2017-11-09,11.265,14.1,0.0,14.1,0.0,0.0,0.0,0.0,14.1,14.1,14.1,0.0
2017-11-10,11.265,14.1,0.0,14.1,0.0,0.0,0.0,0.0,14.1,14.1,14.1,0.0
2017-11-13,11.265,14.1,0.0,14.1,0.0,0.0,0.0,0.0,14.1,14.1,14.1,0.0
2017-11-14,11.265,14.1,0.0,14.1,0.0,0.0,0.0,0.0,14.1,14.1,14.1,0.0
2017-11-15,11.265,14.1,0.0,14.1,0.0,0.0,0.0,0.0,14.1,14.1,14.1,0.0
2017-11-16,12.384,15.5,9.9291,14.8,200.0,2960000.0,0.0,0.0,14.1,15.5,14.1,200.0
2017-11-17,13.583,17.0,9.6774,17.0,100.0,1700000.0,0.0,0.0,17.0,17.0,17.0,100.0
2017-11-20,14.94,18.7,10.0,18.7,100.0,1870000.0,0.0,0.0,18.7,18.7,18.7,100.0
2017-11-21,15.979,20.0,0.0,20.0,100.0,2000000.0,0.0,0.0,20.0,20.0,20.0,100.0
2017-11-22,17.418,21.8,9.0,21.8,100.0,2180000.0,0.0,0.0,21.8,21.8,21.8,100.0
2017-11-23,17.418,21.8,0.0,21.8,0.0,0.0,0.0,0.0,21.8,21.8,21.8,0.0
2017-11-24,17.418,21.8,0.0,21.8,0.0,0.0,0.0,0.0,21.8,21.8,21.8,0.0
2017-11-27,17.976,22.5,3.211,22.5,100.0,2250000.0,0.0,0.0,22.5,22.5,22.5,100.0
2017-11-28,17.976,22.5,0.0,22.5,0.0,0.0,0.0,0.0,22.5,22.5,22.5,0.0
2017-11-29,17.976,22.5,0.0,22.5,0.0,0.0,0.0,0.0,22.5,22.5,22.5,0.0
2017-11-30,17.976,22.5,0.0,22.5,0.0,0.0,0.0,0.0,22.5,22.5,22.5,0.0
2017-12-01,17.976,22.5,0.0,22.5,0.0,0.0,0.0,0.0,22.5,22.5,22.5,0.0
2017-12-04,17.976,22.5,0.0,22.5,0.0,0.0,0.0,0.0,22.5,22.5,22.5,0.0
2017-12-05,17.976,22.5,0.0,22.5,0.0,0.0,0.0,0.0,22.5,22.5,22.5,0.0
2017-12-06,17.976,22.5,0.0,22.5,0.0,0.0,0.0,0.0,22.5,22.5,22.5,0.0
2017-12-07,17.976,22.5,0.0,22.5,0.0,0.0,0.0,0.0,22.5,22.5,22.5,0.0
2017-12-08,19.734,24.7,9.7778,24.7,100.0,2470000.0,0.0,0.0,24.7,24.7,24.7,100.0
2017-12-11,19.734,24.7,0.0,24.7,0.0,0.0,0.0,0.0,24.7,24.7,24.7,0.0
2017-12-12,19.734,24.7,0.0,24.7,0.0,0.0,0.0,0.0,24.7,24.7,24.7,0.0
2017-12-13,19.734,24.7,0.0,24.7,0.0,0.0,0.0,0.0,24.7,24.7,24.7,0.0
2017-12-14,19.734,24.7,0.0,24.7,0.0,0.0,0.0,0.0,24.7,24.7,24.7,0.0
2017-12-15,19.734,24.7,0.0,24.7,0.0,0.0,0.0,0.0,24.7,24.7,24.7,0.0
2017-12-18,19.734,24.7,0.0,24.7,0.0,0.0,0.0,0.0,24.7,24.7,24.7,0.0
2017-12-19,19.734,24.7,0.0,24.7,0.0,0.0,0.0,0.0,24.7,24.7,24.7,0.0
2017-12-20,19.734,24.7,0.0,24.7,0.0,0.0,0.0,0.0,24.7,24.7,24.7,0.0
2017-12-21,19.734,24.7,0.0,24.7,23.0,512900.0,0.0,0.0,24.7,24.7,24.7,23.0
2017-12-22,19.734,24.7,0.0,24.7,0.0,0.0,0.0,0.0,24.7,24.7,24.7,0.0
2017-12-25,21.652,27.1,9.7166,27.1,100.0,2710000.0,0.0,0.0,27.1,27.1,27.1,100.0
2017-12-26,21.652,27.1,0.0,27.1,0.0,0.0,0.0,0.0,27.1,27.1,27.1,0.0
2017-12-27,21.652,27.1,0.0,27.1,0.0,0.0,0.0,0.0,27.1,27.1,27.1,0.0
2017-12-28,21.652,27.1,0.0,27.1,0.0,0.0,0.0,0.0,27.1,27.1,27.1,0.0
2017-12-29,21.652,27.1,0.0,27.1,0.0,0.0,0.0,0.0,27.1,27.1,27.1,0.0
2018-01-02,21.652,27.1,0.0,27.1,0.0,0.0,0.0,0.0,27.1,27.1,27.1,0.0
2018-01-03,21.652,27.1,0.0,27.1,0.0,0.0,0.0,0.0,27.1,27.1,27.1,0.0
2018-01-04,21.652,27.1,0.0,27.1,0.0,0.0,0.0,0.0,27.1,27.1,27.1,0.0
2018-01-05,21.652,27.1,0.0,27.1,0.0,0.0,0.0,0.0,27.1,27.1,27.1,0.0
2018-01-08,21.652,27.1,0.0,27.1,0.0,0.0,0.0,0.0,27.1,27.1,27.1,0.0
2018-01-09,21.652,27.1,0.0,27.1,0.0,0.0,0.0,0.0,27.1,27.1,27.1,0.0
2018-01-10,21.652,27.1,0.0,27.1,0.0,0.0,0.0,0.0,27.1,27.1,27.1,0.0
2018-01-11,21.652,27.1,0.0,27.1,0.0,0.0,0.0,0.0,27.1,27.1,27.1,0.0
2018-01-12,19.494,24.4,-9.9631,24.4,1600.0,39040000.0,0.0,0.0,24.4,24.4,24.4,1600.0
2018-01-15,19.494,24.4,0.0,24.4,0.0,0.0,0.0,0.0,24.4,24.4,24.4,0.0
2018-01-16,19.494,24.4,0.0,24.4,0.0,0.0,0.0,0.0,24.4,24.4,24.4,0.0
2018-01-17,17.577,22.0,-9.8361,22.0,100.0,2200000.0,0.0,0.0,22.0,22.0,22.0,100.0
2018-01-18,15.819,19.8,-10.0,19.8,100.0,1980000.0,0.0,0.0,19.8,19.8,19.8,100.0
2018-01-19,14.301,17.9,-9.596,17.9,600.0,10740000.0,0.0,0.0,17.9,17.9,17.9,600.0
2018-01-22,14.301,17.9,0.0,17.9,1000.0,17900000.0,0.0,0.0,17.9,17.9,17.9,1000.0
2018-01-23,14.301,17.9,0.0,17.9,0.0,0.0,0.0,0.0,17.9,17.9,17.9,0.0
2018-01-24,14.301,17.9,0.0,17.9,10.0,162000.0,0.0,0.0,17.9,17.9,17.9,10.0
2018-01-25,14.301,17.9,0.0,17.9,24.0,434400.0,0.0,0.0,17.9,17.9,17.9,24.0
2018-01-26,15.1,18.9,5.5866,18.367,300.0,5510000.0,0.0,0.0,18.0,18.9,18.0,300.0
2018-01-29,15.819,19.8,4.7619,19.8,100.0,1980000.0,0.0,0.0,19.8,19.8,19.8,100.0
2018-01-30,16.378,20.5,3.5354,20.5,100.0,2050000.0,0.0,0.0,20.5,20.5,20.5,100.0
2018-01-31,17.497,21.9,6.8293,21.9,100.0,2190000.0,0.0,0.0,21.9,21.9,21.9,100.0
2018-02-01,17.497,21.9,0.0,21.9,0.0,0.0,0.0,0.0,21.9,21.9,21.9,0.0
2018-02-02,17.497,21.9,0.0,21.9,0.0,0.0,0.0,0.0,21.9,21.9,21.9,0.0
2018-02-05,17.497,21.9,0.0,21.9,0.0,0.0,0.0,0.0,21.9,21.9,21.9,0.0
2018-02-06,17.497,21.9,0.0,21.9,0.0,0.0,0.0,0.0,21.9,21.9,21.9,0.0
2018-02-07,17.497,21.9,0.0,21.9,0.0,0.0,0.0,0.0,21.9,21.9,21.9,0.0
2018-02-08,17.497,21.9,0.0,21.9,0.0,0.0,0.0,0.0,21.9,21.9,21.9,0.0
2018-02-09,15.819,19.8,-9.589,19.8,200.0,3960000.0,0.0,0.0,19.8,19.8,19.8,200.0
2018-02-12,15.819,19.8,0.0,19.8,0.0,0.0,0.0,0.0,19.8,19.8,19.8,0.0
2018-02-13,15.819,19.8,0.0,19.8,0.0,0.0,0.0,0.0,19.8,19.8,19.8,0.0
2018-02-21,15.819,19.8,0.0,19.8,0.0,0.0,0.0,0.0,19.8,19.8,19.8,0.0
2018-02-22,15.819,19.8,0.0,19.8,0.0,0.0,0.0,0.0,19.8,19.8,19.8,0.0
2018-02-23,15.819,19.8,0.0,19.8,0.0,0.0,0.0,0.0,19.8,19.8,19.8,0.0
2018-02-26,15.819,19.8,0.0,19.8,0.0,0.0,0.0,0.0,19.8,19.8,19.8,0.0
2018-02-27,15.18,19.0,-4.0404,19.0,500.0,9500000.0,0.0,0.0,19.0,19.0,19.0,500.0
2018-02-28,15.18,19.0,0.0,19.0,0.0,0.0,0.0,0.0,19.0,19.0,19.0,0.0
2018-03-01,15.18,19.0,0.0,19.0,0.0,0.0,0.0,0.0,19.0,19.0,19.0,0.0
2018-03-02,15.18,19.0,0.0,19.0,0.0,0.0,0.0,0.0,19.0,19.0,19.0,0.0
2018-03-05,15.18,19.0,0.0,19.0,0.0,0.0,0.0,0.0,19.0,19.0,19.0,0.0
2018-03-06,15.18,19.0,0.0,19.0,0.0,0.0,0.0,0.0,19.0,19.0,19.0,0.0
2018-03-07,15.18,19.0,0.0,19.0,0.0,0.0,0.0,0.0,19.0,19.0,19.0,0.0
2018-03-08,14.382,18.0,-5.2632,18.0,300.0,5400000.0,0.0,0.0,18.0,18.0,18.0,300.0
2018-03-09,14.382,18.0,0.0,18.0,0.0,0.0,0.0,0.0,18.0,18.0,18.0,0.0
2018-03-12,13.583,17.0,-5.5556,17.0,100.0,1700000.0,0.0,0.0,17.0,17.0,17.0,100.0
2018-03-13,13.583,17.0,0.0,17.0,0.0,0.0,0.0,0.0,17.0,17.0,17.0,0.0
2018-03-14,13.583,17.0,0.0,17.0,0.0,0.0,0.0,0.0,17.0,17.0,17.0,0.0
2018-03-15,13.583,17.0,0.0,17.0,0.0,0.0,0.0,0.0,17.0,17.0,17.0,0.0
2018-03-16,13.583,17.0,0.0,17.0,0.0,0.0,0.0,0.0,17.0,17.0,17.0,0.0
2018-03-19,13.583,17.0,0.0,17.0,0.0,0.0,0.0,0.0,17.0,17.0,17.0,0.0
2018-03-20,13.583,17.0,0.0,17.0,0.0,0.0,0.0,0.0,17.0,17.0,17.0,0.0
2018-03-21,13.583,17.0,0.0,17.0,0.0,0.0,0.0,0.0,17.0,17.0,17.0,0.0
2018-03-22,13.583,17.0,0.0,17.0,0.0,0.0,0.0,0.0,17.0,17.0,17.0,0.0
2018-03-23,13.583,17.0,0.0,17.0,0.0,0.0,0.0,0.0,17.0,17.0,17.0,0.0
2018-03-26,14.221,17.8,4.7059,17.436,1100.0,19180000.0,0.0,0.0,17.4,17.8,17.4,1100.0
2018-03-27,13.583,17.0,-4.4944,17.0,400.0,6800000.0,0.0,0.0,17.0,17.0,17.0,400.0
2018-03-28,14.621,18.3,7.6471,17.433,330.0,5689000.0,0.0,0.0,17.0,18.3,17.0,330.0
2018-03-29,14.621,18.3,0.0,18.3,0.0,0.0,0.0,0.0,18.3,18.3,18.3,0.0
2018-03-30,14.621,18.3,0.0,18.3,0.0,0.0,0.0,0.0,18.3,18.3,18.3,0.0
2018-04-02,14.621,18.3,0.0,18.3,0.0,0.0,0.0,0.0,18.3,18.3,18.3,0.0
2018-04-03,14.621,18.3,0.0,18.3,0.0,0.0,0.0,0.0,18.3,18.3,18.3,0.0
2018-04-04,14.621,18.3,0.0,18.3,0.0,0.0,0.0,0.0,18.3,18.3,18.3,0.0
2018-04-05,14.621,18.3,0.0,18.3,0.0,0.0,0.0,0.0,18.3,18.3,18.3,0.0
2018-04-06,14.621,18.3,0.0,18.3,0.0,0.0,0.0,0.0,18.3,18.3,18.3,0.0
2018-04-09,14.621,18.3,0.0,18.3,100.0,1830000.0,0.0,0.0,18.3,18.3,18.3,100.0
2018-04-10,14.621,18.3,0.0,18.3,0.0,0.0,0.0,0.0,18.3,18.3,18.3,0.0
2018-04-11,14.621,18.3,0.0,18.3,0.0,0.0,0.0,0.0,18.3,18.3,18.3,0.0
2018-04-12,14.621,18.3,0.0,18.3,0.0,0.0,0.0,0.0,18.3,18.3,18.3,0.0
2018-04-13,14.621,18.3,0.0,18.3,0.0,0.0,0.0,0.0,18.3,18.3,18.3,0.0
2018-04-16,14.621,18.3,0.0,18.3,0.0,0.0,0.0,0.0,18.3,18.3,18.3,0.0
2018-04-17,14.621,18.3,0.0,18.3,0.0,0.0,0.0,0.0,18.3,18.3,18.3,0.0
2018-04-18,14.621,18.3,0.0,18.3,0.0,0.0,0.0,0.0,18.3,18.3,18.3,0.0
2018-04-19,14.621,18.3,0.0,18.3,0.0,0.0,0.0,0.0,18.3,18.3,18.3,0.0
2018-04-20,14.621,18.3,0.0,18.3,0.0,0.0,0.0,0.0,18.3,18.3,18.3,0.0
2018-04-23,14.621,18.3,0.0,18.3,0.0,0.0,0.0,0.0,18.3,18.3,18.3,0.0
2018-04-24,14.621,18.3,0.0,18.3,0.0,0.0,0.0,0.0,18.3,18.3,18.3,0.0
2018-04-26,14.621,18.3,0.0,18.3,0.0,0.0,0.0,0.0,18.3,18.3,18.3,0.0
2018-04-27,14.621,18.3,0.0,18.3,0.0,0.0,0.0,0.0,18.3,18.3,18.3,0.0
2018-05-02,14.621,18.3,0.0,18.3,0.0,0.0,0.0,0.0,18.3,18.3,18.3,0.0
2018-05-03,14.621,18.3,0.0,18.3,0.0,0.0,0.0,0.0,18.3,18.3,18.3,0.0
2018-05-04,14.621,18.3,0.0,18.3,0.0,0.0,0.0,0.0,18.3,18.3,18.3,0.0
2018-05-07,14.621,18.3,0.0,18.3,0.0,0.0,0.0,0.0,18.3,18.3,18.3,0.0
2018-05-08,14.621,18.3,0.0,18.3,0.0,0.0,0.0,0.0,18.3,18.3,18.3,0.0
2018-05-09,14.621,18.3,0.0,18.3,0.0,0.0,0.0,0.0,18.3,18.3,18.3,0.0
2018-05-10,14.621,18.3,0.0,18.3,0.0,0.0,0.0,0.0,18.3,18.3,18.3,0.0
2018-05-11,14.621,18.3,0.0,18.3,0.0,0.0,0.0,0.0,18.3,18.3,18.3,0.0
2018-05-14,14.621,18.3,0.0,18.3,0.0,0.0,0.0,0.0,18.3,18.3,18.3,0.0
2018-05-15,14.621,17.4,0.0,17.4,0.0,0.0,0.0,0.0,17.4,17.4,17.4,0.0
2018-05-16,14.621,17.4,0.0,17.4,0.0,0.0,0.0,0.0,17.4,17.4,17.4,0.0
2018-05-17,13.277,15.8,-9.1954,15.867,1500.0,23800000.0,0.0,0.0,16.0,16.0,15.8,1500.0
2018-05-18,13.277,15.8,0.0,15.8,0.0,0.0,0.0,0.0,15.8,15.8,15.8,0.0
2018-05-21,13.277,15.8,0.0,15.8,0.0,0.0,0.0,0.0,15.8,15.8,15.8,0.0
2018-05-22,13.277,15.8,0.0,15.8,0.0,0.0,0.0,0.0,15.8,15.8,15.8,0.0
2018-05-23,13.277,15.8,0.0,15.8,0.0,0.0,0.0,0.0,15.8,15.8,15.8,0.0
2018-05-24,13.277,15.8,0.0,15.8,0.0,0.0,0.0,0.0,15.8,15.8,15.8,0.0
2018-05-25,13.277,15.8,0.0,15.8,0.0,0.0,0.0,0.0,15.8,15.8,15.8,0.0
2018-05-28,13.277,15.8,0.0,15.8,0.0,0.0,0.0,0.0,15.8,15.8,15.8,0.0
2018-05-29,13.277,15.8,0.0,15.8,0.0,0.0,0.0,0.0,15.8,15.8,15.8,0.0
2018-05-30,13.277,15.8,0.0,15.8,0.0,0.0,0.0,0.0,15.8,15.8,15.8,0.0
2018-05-31,13.36,15.9,0.6329,15.9,300.0,4770000.0,0.0,0.0,15.9,15.9,15.9,300.0
2018-06-01,13.36,15.9,0.0,15.9,0.0,0.0,0.0,0.0,15.9,15.9,15.9,0.0
2018-06-04,13.36,15.9,0.0,15.9,0.0,0.0,0.0,0.0,15.9,15.9,15.9,0.0
2018-06-05,13.36,15.9,0.0,15.9,0.0,0.0,0.0,0.0,15.9,15.9,15.9,0.0
2018-06-06,13.36,15.9,0.0,15.9,0.0,0.0,0.0,0.0,15.9,15.9,15.9,0.0
2018-06-07,13.36,15.9,0.0,15.9,0.0,0.0,0.0,0.0,15.9,15.9,15.9,0.0
2018-06-08,13.36,15.9,0.0,15.9,0.0,0.0,0.0,0.0,15.9,15.9,15.9,0.0
2018-06-11,13.36,15.9,0.0,15.9,0.0,0.0,0.0,0.0,15.9,15.9,15.9,0.0
2018-06-12,13.36,15.9,0.0,15.9,0.0,0.0,0.0,0.0,15.9,15.9,15.9,0.0
2018-06-13,13.36,15.9,0.0,15.9,0.0,0.0,0.0,0.0,15.9,15.9,15.9,0.0
2018-06-14,13.36,15.9,0.0,15.9,0.0,0.0,0.0,0.0,15.9,15.9,15.9,0.0
2018-06-15,13.36,15.9,0.0,15.9,0.0,0.0,0.0,0.0,15.9,15.9,15.9,0.0
2018-06-18,13.36,15.9,0.0,15.9,0.0,0.0,0.0,0.0,15.9,15.9,15.9,0.0
2018-06-19,13.36,15.9,0.0,15.9,0.0,0.0,0.0,0.0,15.9,15.9,15.9,0.0
2018-06-20,13.36,15.9,0.0,15.9,0.0,0.0,0.0,0.0,15.9,15.9,15.9,0.0
2018-06-21,13.36,15.9,0.0,15.9,0.0,0.0,0.0,0.0,15.9,15.9,15.9,0.0
2018-06-22,13.36,15.9,0.0,15.9,0.0,0.0,0.0,0.0,15.9,15.9,15.9,0.0
2018-06-25,13.36,15.9,0.0,15.9,0.0,0.0,0.0,0.0,15.9,15.9,15.9,0.0
2018-06-26,13.36,15.9,0.0,15.9,0.0,0.0,0.0,0.0,15.9,15.9,15.9,0.0
2018-06-27,13.36,15.9,0.0,15.9,0.0,0.0,0.0,0.0,15.9,15.9,15.9,0.0
2018-06-28,13.865,16.5,3.7736,16.5,100.0,1650000.0,0.0,0.0,16.5,16.5,16.5,100.0
2018-06-29,13.865,16.5,0.0,16.5,100.0,1650000.0,0.0,0.0,16.5,16.5,16.5,100.0
2018-07-02,13.865,16.5,0.0,16.5,0.0,0.0,0.0,0.0,16.5,16.5,16.5,0.0
2018-07-03,13.865,16.5,0.0,16.5,0.0,0.0,0.0,0.0,16.5,16.5,16.5,0.0
2018-07-04,13.865,16.5,0.0,16.5,0.0,0.0,0.0,0.0,16.5,16.5,16.5,0.0
2018-07-05,13.865,16.5,0.0,16.5,0.0,0.0,0.0,0.0,16.5,16.5,16.5,0.0
2018-07-06,13.865,16.5,0.0,16.5,0.0,0.0,0.0,0.0,16.5,16.5,16.5,0.0
2018-07-09,13.865,16.5,0.0,16.5,0.0,0.0,0.0,0.0,16.5,16.5,16.5,0.0
2018-07-10,13.865,16.5,0.0,16.5,0.0,0.0,0.0,0.0,16.5,16.5,16.5,0.0
2018-07-11,13.865,16.5,0.0,16.5,0.0,0.0,0.0,0.0,16.5,16.5,16.5,0.0
2018-07-12,13.865,16.5,0.0,16.5,0.0,0.0,0.0,0.0,16.5,16.5,16.5,0.0
2018-07-13,13.865,16.5,0.0,16.5,0.0,0.0,0.0,0.0,16.5,16.5,16.5,0.0
2018-07-16,13.865,16.5,0.0,16.5,0.0,0.0,0.0,0.0,16.5,16.5,16.5,0.0
2018-07-17,13.865,16.5,0.0,16.5,0.0,0.0,0.0,0.0,16.5,16.5,16.5,0.0
2018-07-18,13.865,16.5,0.0,16.5,0.0,0.0,0.0,0.0,16.5,16.5,16.5,0.0
2018-07-19,13.865,16.5,0.0,16.5,0.0,0.0,0.0,0.0,16.5,16.5,16.5,0.0
2018-07-20,13.865,16.5,0.0,16.5,0.0,0.0,0.0,0.0,16.5,16.5,16.5,0.0
2018-07-23,13.865,16.5,0.0,16.5,0.0,0.0,0.0,0.0,16.5,16.5,16.5,0.0
2018-07-24,13.865,16.5,0.0,16.5,0.0,0.0,0.0,0.0,16.5,16.5,16.5,0.0
2018-07-25,13.865,16.5,0.0,16.5,0.0,0.0,0.0,0.0,16.5,16.5,16.5,0.0
2018-07-26,13.865,16.5,0.0,16.5,0.0,0.0,0.0,0.0,16.5,16.5,16.5,0.0
2018-07-27,13.865,16.5,0.0,16.5,0.0,0.0,0.0,0.0,16.5,16.5,16.5,0.0
2018-07-30,14.201,16.9,2.4242,16.9,500.0,8450000.0,0.0,0.0,16.9,16.9,16.9,500.0
2018-07-31,14.201,16.9,0.0,16.9,0.0,0.0,0.0,0.0,16.9,16.9,16.9,0.0
2018-08-01,14.201,16.9,0.0,16.9,0.0,0.0,0.0,0.0,16.9,16.9,16.9,0.0
2018-08-02,14.201,16.9,0.0,16.9,0.0,0.0,0.0,0.0,16.9,16.9,16.9,0.0
2018-08-03,14.201,16.9,0.0,16.9,0.0,0.0,0.0,0.0,16.9,16.9,16.9,0.0
2018-08-06,14.201,16.9,0.0,16.9,0.0,0.0,0.0,0.0,16.9,16.9,16.9,0.0
2018-08-07,14.201,16.9,0.0,16.9,0.0,0.0,0.0,0.0,16.9,16.9,16.9,0.0
2018-08-08,14.201,16.9,0.0,16.9,0.0,0.0,0.0,0.0,16.9,16.9,16.9,0.0
2018-08-09,14.201,16.9,0.0,16.9,0.0,0.0,0.0,0.0,16.9,16.9,16.9,0.0
2018-08-10,14.201,16.9,0.0,16.9,0.0,0.0,0.0,0.0,16.9,16.9,16.9,0.0
2018-08-13,14.201,16.9,0.0,16.9,0.0,0.0,0.0,0.0,16.9,16.9,16.9,0.0
2018-08-14,14.201,16.9,0.0,16.9,0.0,0.0,0.0,0.0,16.9,16.9,16.9,0.0
2018-08-15,14.201,16.9,0.0,16.9,0.0,0.0,0.0,0.0,16.9,16.9,16.9,0.0
2018-08-16,14.201,16.9,0.0,16.9,0.0,0.0,0.0,0.0,16.9,16.9,16.9,0.0
2018-08-17,13.024,15.5,-8.284,15.75,2000.0,31500000.0,0.0,0.0,16.0,16.0,15.5,2000.0
2018-08-20,13.024,15.5,0.0,15.5,0.0,0.0,0.0,0.0,15.5,15.5,15.5,0.0
2018-08-21,13.024,15.5,0.0,15.5,0.0,0.0,0.0,0.0,15.5,15.5,15.5,0.0
2018-08-22,13.024,15.5,0.0,15.5,0.0,0.0,0.0,0.0,15.5,15.5,15.5,0.0
2018-08-23,13.024,15.5,0.0,15.5,0.0,0.0,0.0,0.0,15.5,15.5,15.5,0.0
2018-08-24,13.024,15.5,0.0,15.5,0.0,0.0,0.0,0.0,15.5,15.5,15.5,0.0
2018-08-27,13.024,15.5,0.0,15.5,0.0,0.0,0.0,0.0,15.5,15.5,15.5,0.0
2018-08-28,13.024,15.5,0.0,15.5,0.0,0.0,0.0,0.0,15.5,15.5,15.5,0.0
2018-08-29,13.948,16.6,7.0968,15.314,2100.0,32160000.0,0.0,0.0,15.5,16.6,15.0,2100.0
2018-08-30,13.948,16.6,0.0,16.6,0.0,0.0,0.0,0.0,16.6,16.6,16.6,0.0
2018-08-31,14.117,16.8,1.2048,16.8,100.0,1680000.0,0.0,0.0,16.8,16.8,16.8,100.0
2018-09-04,14.117,16.8,0.0,16.8,0.0,0.0,0.0,0.0,16.8,16.8,16.8,0.0
2018-09-05,14.117,16.8,0.0,16.8,0.0,0.0,0.0,0.0,16.8,16.8,16.8,0.0
2018-09-06,14.117,16.8,0.0,16.8,0.0,0.0,0.0,0.0,16.8,16.8,16.8,0.0
2018-09-07,14.117,16.8,0.0,16.8,0.0,0.0,0.0,0.0,16.8,16.8,16.8,0.0
2018-09-10,14.117,16.8,0.0,16.8,0.0,0.0,0.0,0.0,16.8,16.8,16.8,0.0
2018-09-11,14.117,16.8,0.0,16.8,0.0,0.0,0.0,0.0,16.8,16.8,16.8,0.0
2018-09-12,14.117,16.8,0.0,16.8,0.0,0.0,0.0,0.0,16.8,16.8,16.8,0.0
2018-09-13,14.117,16.8,0.0,16.8,0.0,0.0,0.0,0.0,16.8,16.8,16.8,0.0
2018-09-14,14.117,16.8,0.0,16.8,0.0,0.0,0.0,0.0,16.8,16.8,16.8,0.0
2018-09-17,14.117,16.8,0.0,16.8,0.0,0.0,0.0,0.0,16.8,16.8,16.8,0.0
2018-09-18,14.117,16.8,0.0,16.8,0.0,0.0,0.0,0.0,16.8,16.8,16.8,0.0
2018-09-19,14.117,16.8,0.0,16.8,0.0,0.0,0.0,0.0,16.8,16.8,16.8,0.0
2018-09-20,14.117,16.8,0.0,16.8,0.0,0.0,0.0,0.0,16.8,16.8,16.8,0.0
2018-09-21,14.117,16.8,0.0,16.8,0.0,0.0,0.0,0.0,16.8,16.8,16.8,0.0
2018-09-24,14.117,16.8,0.0,16.8,0.0,0.0,0.0,0.0,16.8,16.8,16.8,0.0
2018-09-25,14.453,17.2,2.381,17.2,100.0,1720000.0,0.0,0.0,17.2,17.2,17.2,100.0
2018-09-26,14.453,17.2,0.0,17.2,0.0,0.0,0.0,0.0,17.2,17.2,17.2,0.0
2018-09-27,14.453,17.2,0.0,17.2,0.0,0.0,0.0,0.0,17.2,17.2,17.2,0.0
2018-09-28,14.453,17.2,0.0,17.2,0.0,0.0,0.0,0.0,17.2,17.2,17.2,0.0
2018-10-01,14.453,17.2,0.0,17.2,0.0,0.0,0.0,0.0,17.2,17.2,17.2,0.0
2018-10-02,14.453,17.2,0.0,17.2,0.0,0.0,0.0,0.0,17.2,17.2,17.2,0.0
2018-10-03,14.453,17.2,0.0,17.2,0.0,0.0,0.0,0.0,17.2,17.2,17.2,0.0
2018-10-04,14.453,17.2,0.0,17.2,0.0,0.0,0.0,0.0,17.2,17.2,17.2,0.0
2018-10-05,14.453,17.2,0.0,17.2,0.0,0.0,0.0,0.0,17.2,17.2,17.2,0.0
2018-10-08,14.453,17.2,0.0,17.2,0.0,0.0,0.0,0.0,17.2,17.2,17.2,0.0
2018-10-09,14.453,17.2,0.0,17.2,0.0,0.0,0.0,0.0,17.2,17.2,17.2,0.0
2018-10-10,14.453,17.2,0.0,17.2,0.0,0.0,0.0,0.0,17.2,17.2,17.2,0.0
2018-10-11,14.453,17.2,0.0,17.2,0.0,0.0,0.0,0.0,17.2,17.2,17.2,0.0
2018-10-12,13.109,15.6,-9.3023,15.52,500.0,7760000.0,0.0,0.0,15.5,15.6,15.5,500.0
2018-10-15,13.109,15.6,0.0,15.6,0.0,0.0,0.0,0.0,15.6,15.6,15.6,0.0
2018-10-16,13.109,15.6,0.0,15.6,0.0,0.0,0.0,0.0,15.6,15.6,15.6,0.0
2018-10-17,12.604,15.0,-3.8462,15.0,600.0,9000000.0,0.0,0.0,15.0,15.0,15.0,600.0
2018-10-18,11.763,14.0,-6.6667,14.0,4520.0,63270000.0,0.0,0.0,14.0,14.0,14.0,4520.0
2018-10-19,11.763,14.0,0.0,14.0,3000.0,42000000.0,0.0,0.0,14.0,14.0,14.0,3000.0
2018-10-22,11.763,14.0,0.0,14.0,0.0,0.0,0.0,0.0,14.0,14.0,14.0,0.0
2018-10-23,10.924,13.0,-7.1429,12.981,10730.0,139278000.0,0.0,0.0,13.0,13.0,12.6,10730.0
2018-10-24,12.015,14.3,10.0,13.713,838.0,11450600.0,0.0,0.0,12.6,14.3,12.6,838.0
2018-10-25,10.924,13.0,-9.0909,13.0,700.0,9100000.0,0.0,0.0,13.0,13.0,13.0,700.0
2018-10-26,12.015,14.3,10.0,12.053,4300.0,51830000.0,0.0,0.0,12.0,14.3,12.0,4300.0
2018-10-29,13.193,15.7,9.7902,15.7,100.0,1570000.0,0.0,0.0,15.7,15.7,15.7,100.0
2018-10-30,13.193,15.7,0.0,15.7,0.0,0.0,0.0,0.0,15.7,15.7,15.7,0.0
2018-10-31,14.453,17.2,9.5541,17.2,100.0,1720000.0,0.0,0.0,17.2,17.2,17.2,100.0
2018-11-01,14.453,17.2,0.0,17.2,0.0,0.0,0.0,0.0,17.2,17.2,17.2,0.0
2018-11-02,14.453,17.2,0.0,17.2,0.0,0.0,0.0,0.0,17.2,17.2,17.2,0.0
2018-11-05,14.453,17.2,0.0,17.2,0.0,0.0,0.0,0.0,17.2,17.2,17.2,0.0
2018-11-06,15.797,18.8,9.3023,18.8,100.0,1880000.0,0.0,0.0,18.8,18.8,18.8,100.0
2018-11-07,15.797,18.8,0.0,18.8,0.0,0.0,0.0,0.0,18.8,18.8,18.8,0.0
2018-11-08,15.797,18.8,0.0,18.8,0.0,0.0,0.0,0.0,18.8,18.8,18.8,0.0
2018-11-09,15.797,18.8,0.0,18.8,10.0,170000.0,0.0,0.0,18.8,18.8,18.8,10.0
2018-11-12,15.797,18.8,0.0,18.8,0.0,0.0,0.0,0.0,18.8,18.8,18.8,0.0
2018-11-13,15.797,18.8,0.0,18.8,0.0,0.0,0.0,0.0,18.8,18.8,18.8,0.0
2018-11-14,15.797,18.8,0.0,18.8,0.0,0.0,0.0,0.0,18.8,18.8,18.8,0.0
2018-11-15,15.797,18.8,0.0,18.8,0.0,0.0,0.0,0.0,18.8,18.8,18.8,0.0
2018-11-16,15.797,18.8,0.0,18.8,0.0,0.0,0.0,0.0,18.8,18.8,18.8,0.0
2018-11-19,15.797,18.8,0.0,18.8,0.0,0.0,0.0,0.0,18.8,18.8,18.8,0.0
2018-11-20,15.797,18.8,0.0,18.8,0.0,0.0,0.0,0.0,18.8,18.8,18.8,0.0
2018-11-21,15.797,18.8,0.0,18.8,0.0,0.0,0.0,0.0,18.8,18.8,18.8,0.0
2018-11-22,14.453,17.2,-8.5106,17.2,100.0,1720000.0,0.0,0.0,17.2,17.2,17.2,100.0
2018-11-23,13.109,15.6,-9.3023,15.6,200.0,3120000.0,0.0,0.0,15.6,15.6,15.6,200.0
2018-11-26,14.368,17.1,9.6154,17.1,100.0,1710000.0,0.0,0.0,17.1,17.1,17.1,100.0
2018-11-27,14.957,17.8,4.0936,15.788,800.0,12630000.0,0.0,0.0,15.5,17.8,15.5,800.0
2018-11-28,14.957,17.8,0.0,17.8,0.0,0.0,0.0,0.0,17.8,17.8,17.8,0.0
2018-11-29,15.545,18.5,3.9326,18.5,100.0,1850000.0,0.0,0.0,18.5,18.5,18.5,100.0
2018-11-30,15.797,18.8,1.6216,18.8,100.0,1880000.0,0.0,0.0,18.8,18.8,18.8,100.0
2018-12-03,15.797,18.8,0.0,18.8,0.0,0.0,0.0,0.0,18.8,18.8,18.8,0.0
2018-12-04,15.797,18.8,0.0,18.8,0.0,0.0,0.0,0.0,18.8,18.8,18.8,0.0
2018-12-05,15.797,18.8,0.0,18.8,0.0,0.0,0.0,0.0,18.8,18.8,18.8,0.0
2018-12-06,15.797,18.8,0.0,18.8,0.0,0.0,0.0,0.0,18.8,18.8,18.8,0.0
2018-12-07,15.797,18.8,0.0,18.8,0.0,0.0,0.0,0.0,18.8,18.8,18.8,0.0
2018-12-10,15.797,18.8,0.0,18.8,0.0,0.0,0.0,0.0,18.8,18.8,18.8,0.0
2018-12-11,15.797,18.8,0.0,18.8,0.0,0.0,0.0,0.0,18.8,18.8,18.8,0.0
2018-12-12,15.797,18.8,0.0,18.8,0.0,0.0,0.0,0.0,18.8,18.8,18.8,0.0
2018-12-13,15.797,18.8,0.0,18.8,0.0,0.0,0.0,0.0,18.8,18.8,18.8,0.0
2018-12-14,15.797,18.8,0.0,18.8,0.0,0.0,0.0,0.0,18.8,18.8,18.8,0.0
2018-12-17,15.797,18.8,0.0,18.8,0.0,0.0,0.0,0.0,18.8,18.8,18.8,0.0
2018-12-18,15.797,18.8,0.0,18.8,0.0,0.0,0.0,0.0,18.8,18.8,18.8,0.0
2018-12-19,15.797,18.8,0.0,18.8,0.0,0.0,0.0,0.0,18.8,18.8,18.8,0.0
2018-12-20,15.797,18.8,0.0,18.8,0.0,0.0,0.0,0.0,18.8,18.8,18.8,0.0
2018-12-21,15.797,18.8,0.0,18.8,0.0,0.0,0.0,0.0,18.8,18.8,18.8,0.0
2018-12-24,15.797,18.8,0.0,18.8,0.0,0.0,0.0,0.0,18.8,18.8,18.8,0.0
2018-12-25,15.797,18.8,0.0,18.8,0.0,0.0,0.0,0.0,18.8,18.8,18.8,0.0
2018-12-26,15.797,18.8,0.0,18.8,0.0,0.0,0.0,0.0,18.8,18.8,18.8,0.0
2018-12-27,15.797,18.8,0.0,18.8,0.0,0.0,0.0,0.0,18.8,18.8,18.8,0.0
2018-12-28,15.797,18.8,0.0,18.8,0.0,0.0,0.0,0.0,18.8,18.8,18.8,0.0
2019-01-02,15.797,18.8,0.0,18.8,0.0,0.0,0.0,0.0,18.8,18.8,18.8,0.0
2019-01-03,15.797,18.8,0.0,18.8,0.0,0.0,0.0,0.0,18.8,18.8,18.8,0.0
2019-01-04,15.797,18.8,0.0,18.8,0.0,0.0,0.0,0.0,18.8,18.8,18.8,0.0
2019-01-07,15.797,18.8,0.0,18.8,0.0,0.0,0.0,0.0,18.8,18.8,18.8,0.0
2019-01-08,15.797,18.8,0.0,18.8,0.0,0.0,0.0,0.0,18.8,18.8,18.8,0.0
2019-01-09,15.797,18.8,0.0,18.8,0.0,0.0,0.0,0.0,18.8,18.8,18.8,0.0
2019-01-10,15.797,18.8,0.0,18.8,0.0,0.0,0.0,0.0,18.8,18.8,18.8,0.0
2019-01-11,15.797,18.8,0.0,18.8,0.0,0.0,0.0,0.0,18.8,18.8,18.8,0.0
2019-01-14,15.797,18.8,0.0,18.8,0.0,0.0,0.0,0.0,18.8,18.8,18.8,0.0
2019-01-15,15.797,18.8,0.0,18.8,0.0,0.0,0.0,0.0,18.8,18.8,18.8,0.0
2019-01-16,15.797,18.8,0.0,18.8,0.0,0.0,0.0,0.0,18.8,18.8,18.8,0.0
2019-01-17,15.797,18.8,0.0,18.8,0.0,0.0,0.0,0.0,18.8,18.8,18.8,0.0
2019-01-18,15.797,18.8,0.0,18.8,0.0,0.0,0.0,0.0,18.8,18.8,18.8,0.0
2019-01-21,15.797,18.8,0.0,18.8,0.0,0.0,0.0,0.0,18.8,18.8,18.8,0.0
2019-01-22,15.797,18.8,0.0,18.8,0.0,0.0,0.0,0.0,18.8,18.8,18.8,0.0
2019-01-23,15.797,18.8,0.0,18.8,0.0,0.0,0.0,0.0,18.8,18.8,18.8,0.0
2019-01-24,15.881,18.9,0.5319,18.9,2500.0,47250000.0,0.0,0.0,18.9,18.9,18.9,2500.0
2019-01-25,15.881,18.9,0.0,18.9,0.0,0.0,0.0,0.0,18.9,18.9,18.9,0.0
2019-01-28,15.881,18.9,0.0,18.9,0.0,0.0,0.0,0.0,18.9,18.9,18.9,0.0
2019-01-29,15.881,18.9,0.0,18.9,0.0,0.0,0.0,0.0,18.9,18.9,18.9,0.0
2019-01-30,15.881,18.9,0.0,18.9,0.0,0.0,0.0,0.0,18.9,18.9,18.9,0.0
2019-01-31,15.881,18.9,0.0,18.9,0.0,0.0,0.0,0.0,18.9,18.9,18.9,0.0
2019-02-01,15.881,18.9,0.0,18.9,0.0,0.0,0.0,0.0,18.9,18.9,18.9,0.0
2019-02-11,15.881,18.9,0.0,18.9,0.0,0.0,0.0,0.0,18.9,18.9,18.9,0.0
2019-02-12,15.881,18.9,0.0,18.9,0.0,0.0,0.0,0.0,18.9,18.9,18.9,0.0
2019-02-13,15.881,18.9,0.0,18.9,0.0,0.0,0.0,0.0,18.9,18.9,18.9,0.0
2019-02-14,15.881,18.9,0.0,18.9,0.0,0.0,0.0,0.0,18.9,18.9,18.9,0.0
2019-02-15,15.881,18.9,0.0,18.9,0.0,0.0,0.0,0.0,18.9,18.9,18.9,0.0
2019-02-18,15.881,18.9,0.0,18.9,0.0,0.0,0.0,0.0,18.9,18.9,18.9,0.0
2019-02-19,15.881,18.9,0.0,18.9,0.0,0.0,0.0,0.0,18.9,18.9,18.9,0.0
2019-02-20,15.881,18.9,0.0,18.9,0.0,0.0,0.0,0.0,18.9,18.9,18.9,0.0
2019-02-21,15.881,18.9,0.0,18.9,0.0,0.0,0.0,0.0,18.9,18.9,18.9,0.0
2019-02-22,15.881,18.9,0.0,18.9,0.0,0.0,0.0,0.0,18.9,18.9,18.9,0.0
2019-02-25,15.881,18.9,0.0,18.9,0.0,0.0,0.0,0.0,18.9,18.9,18.9,0.0
2019-02-26,15.881,18.9,0.0,18.9,0.0,0.0,0.0,0.0,18.9,18.9,18.9,0.0
2019-02-27,15.881,18.9,0.0,18.9,0.0,0.0,0.0,0.0,18.9,18.9,18.9,0.0
2019-02-28,15.881,18.9,0.0,18.9,0.0,0.0,0.0,0.0,18.9,18.9,18.9,0.0
2019-03-01,15.881,18.9,0.0,18.9,0.0,0.0,0.0,0.0,18.9,18.9,18.9,0.0
2019-03-04,15.881,18.9,0.0,18.9,0.0,0.0,0.0,0.0,18.9,18.9,18.9,0.0
2019-03-05,15.881,18.9,0.0,18.9,0.0,0.0,0.0,0.0,18.9,18.9,18.9,0.0
2019-03-06,15.881,18.9,0.0,18.9,0.0,0.0,0.0,0.0,18.9,18.9,18.9,0.0
2019-03-07,15.881,18.9,0.0,18.9,0.0,0.0,0.0,0.0,18.9,18.9,18.9,0.0
2019-03-08,15.881,18.9,0.0,18.9,0.0,0.0,0.0,0.0,18.9,18.9,18.9,0.0
2019-03-11,15.881,18.9,0.0,18.9,0.0,0.0,0.0,0.0,18.9,18.9,18.9,0.0
2019-03-12,15.881,18.9,0.0,18.9,0.0,0.0,0.0,0.0,18.9,18.9,18.9,0.0
2019-03-13,15.881,18.9,0.0,18.9,0.0,0.0,0.0,0.0,18.9,18.9,18.9,0.0
2019-03-14,15.881,18.9,0.0,18.9,0.0,0.0,0.0,0.0,18.9,18.9,18.9,0.0
2019-03-15,15.881,18.9,0.0,18.9,0.0,0.0,0.0,0.0,18.9,18.9,18.9,0.0
2019-03-18,15.881,18.9,0.0,18.9,0.0,0.0,0.0,0.0,18.9,18.9,18.9,0.0
2019-03-19,15.881,18.9,0.0,18.9,0.0,0.0,0.0,0.0,18.9,18.9,18.9,0.0
2019-03-20,15.881,18.9,0.0,18.9,0.0,0.0,0.0,0.0,18.9,18.9,18.9,0.0
2019-03-21,15.881,18.9,0.0,18.9,0.0,0.0,0.0,0.0,18.9,18.9,18.9,0.0
2019-03-22,15.881,18.9,0.0,18.9,0.0,0.0,0.0,0.0,18.9,18.9,18.9,0.0
2019-03-25,15.881,18.9,0.0,18.9,0.0,0.0,0.0,0.0,18.9,18.9,18.9,0.0
2019-03-26,15.881,18.9,0.0,18.9,0.0,0.0,0.0,0.0,18.9,18.9,18.9,0.0
2019-03-27,15.881,18.9,0.0,18.9,0.0,0.0,0.0,0.0,18.9,18.9,18.9,0.0
2019-03-28,15.881,18.9,0.0,18.9,0.0,0.0,0.0,0.0,18.9,18.9,18.9,0.0
2019-03-29,15.881,18.9,0.0,18.9,0.0,0.0,0.0,0.0,18.9,18.9,18.9,0.0
2019-04-01,15.881,18.9,0.0,18.9,0.0,0.0,0.0,0.0,18.9,18.9,18.9,0.0
2019-04-02,15.881,18.9,0.0,18.9,0.0,0.0,0.0,0.0,18.9,18.9,18.9,0.0
2019-04-03,15.881,18.9,0.0,18.9,0.0,0.0,0.0,0.0,18.9,18.9,18.9,0.0
2019-04-04,15.881,18.9,0.0,18.9,0.0,0.0,0.0,0.0,18.9,18.9,18.9,0.0
2019-04-05,15.881,18.9,0.0,18.9,0.0,0.0,0.0,0.0,18.9,18.9,18.9,0.0
2019-04-08,15.881,18.9,0.0,18.9,0.0,0.0,0.0,0.0,18.9,18.9,18.9,0.0
2019-04-09,15.881,18.9,0.0,18.9,0.0,0.0,0.0,0.0,18.9,18.9,18.9,0.0
2019-04-10,15.881,18.9,0.0,18.9,0.0,0.0,0.0,0.0,18.9,18.9,18.9,0.0
2019-04-11,15.881,18.9,0.0,18.9,0.0,0.0,0.0,0.0,18.9,18.9,18.9,0.0
2019-04-12,15.881,18.9,0.0,18.9,0.0,0.0,0.0,0.0,18.9,18.9,18.9,0.0
2019-04-16,15.881,18.9,0.0,18.9,0.0,0.0,0.0,0.0,18.9,18.9,18.9,0.0
2019-04-17,15.881,18.9,0.0,18.9,0.0,0.0,0.0,0.0,18.9,18.9,18.9,0.0
2019-04-18,15.881,18.9,0.0,18.0,200.0,3600000.0,0.0,0.0,17.1,18.9,17.1,200.0
2019-04-19,15.881,18.9,0.0,18.9,0.0,0.0,0.0,0.0,18.9,18.9,18.9,0.0
2019-04-22,15.881,18.9,0.0,18.9,0.0,0.0,0.0,0.0,18.9,18.9,18.9,0.0
2019-04-23,15.881,18.9,0.0,18.9,0.0,0.0,0.0,0.0,18.9,18.9,18.9,0.0
2019-04-24,15.881,18.9,0.0,18.9,0.0,0.0,0.0,0.0,18.9,18.9,18.9,0.0
2019-04-25,14.453,17.2,-8.9947,17.2,213.0,3662300.0,0.0,0.0,17.2,17.2,17.2,213.0
2019-04-26,14.453,17.2,0.0,17.2,7.0,108500.0,0.0,0.0,17.2,17.2,17.2,7.0
2019-05-02,14.453,17.2,0.0,17.2,0.0,0.0,0.0,0.0,17.2,17.2,17.2,0.0
2019-05-03,14.453,17.2,0.0,17.2,0.0,0.0,0.0,0.0,17.2,17.2,17.2,0.0
2019-05-06,14.453,17.2,0.0,17.2,0.0,0.0,0.0,0.0,17.2,17.2,17.2,0.0
2019-05-07,13.445,16.0,-6.9767,16.0,500.0,8000000.0,0.0,0.0,16.0,16.0,16.0,500.0
2019-05-08,13.445,16.0,0.0,16.0,0.0,0.0,0.0,0.0,16.0,16.0,16.0,0.0
2019-05-09,13.445,16.0,0.0,16.0,0.0,0.0,0.0,0.0,16.0,16.0,16.0,0.0
2019-05-10,13.445,16.0,0.0,16.0,0.0,0.0,0.0,0.0,16.0,16.0,16.0,0.0
2019-05-13,13.445,16.0,0.0,16.0,0.0,0.0,0.0,0.0,16.0,16.0,16.0,0.0
2019-05-14,13.445,16.0,0.0,16.0,0.0,0.0,0.0,0.0,16.0,16.0,16.0,0.0
2019-05-15,13.445,15.0,0.0,15.0,0.0,0.0,0.0,0.0,15.0,15.0,15.0,0.0
2019-05-16,12.189,13.6,-9.3333,13.6,100.0,1360000.0,0.0,0.0,13.6,13.6,13.6,100.0
2019-05-17,12.189,13.6,0.0,13.6,0.0,0.0,0.0,0.0,13.6,13.6,13.6,0.0
2019-05-20,12.189,13.6,0.0,13.6,0.0,0.0,0.0,0.0,13.6,13.6,13.6,0.0
2019-05-21,12.189,13.6,0.0,13.6,0.0,0.0,0.0,0.0,13.6,13.6,13.6,0.0
2019-05-22,12.189,13.6,0.0,13.6,0.0,0.0,0.0,0.0,13.6,13.6,13.6,0.0
2019-05-23,12.189,13.6,0.0,13.6,0.0,0.0,0.0,0.0,13.6,13.6,13.6,0.0
2019-05-24,12.189,13.6,0.0,13.6,75.0,937500.0,0.0,0.0,13.6,13.6,13.6,75.0
2019-05-27,12.189,13.6,0.0,13.6,0.0,0.0,0.0,0.0,13.6,13.6,13.6,0.0
2019-05-28,12.189,13.6,0.0,13.6,0.0,0.0,0.0,0.0,13.6,13.6,13.6,0.0
2019-05-29,12.189,13.6,0.0,13.6,0.0,0.0,0.0,0.0,13.6,13.6,13.6,0.0
2019-05-30,12.189,13.6,0.0,13.6,0.0,0.0,0.0,0.0,13.6,13.6,13.6,0.0
2019-05-31,12.189,13.6,0.0,13.6,0.0,0.0,0.0,0.0,13.6,13.6,13.6,0.0
2019-06-03,12.189,13.6,0.0,13.6,0.0,0.0,0.0,0.0,13.6,13.6,13.6,0.0
2019-06-04,12.189,13.6,0.0,13.6,1200.0,16320000.0,0.0,0.0,13.6,13.6,13.6,1200.0
2019-06-05,12.189,13.6,0.0,13.6,0.0,0.0,0.0,0.0,13.6,13.6,13.6,0.0
2019-06-06,12.189,13.6,0.0,13.6,0.0,0.0,0.0,0.0,13.6,13.6,13.6,0.0
2019-06-07,12.189,13.6,0.0,13.6,0.0,0.0,0.0,0.0,13.6,13.6,13.6,0.0
2019-06-10,12.189,13.6,0.0,13.6,1000.0,13600000.0,0.0,0.0,13.6,13.6,13.6,1000.0
2019-06-11,12.189,13.6,0.0,13.6,0.0,0.0,0.0,0.0,13.6,13.6,13.6,0.0
2019-06-12,12.189,13.6,0.0,13.6,0.0,0.0,0.0,0.0,13.6,13.6,13.6,0.0
2019-06-13,12.189,13.6,0.0,13.6,0.0,0.0,0.0,0.0,13.6,13.6,13.6,0.0
2019-06-14,12.189,13.6,0.0,13.6,0.0,0.0,0.0,0.0,13.6,13.6,13.6,0.0
2019-06-17,12.189,13.6,0.0,13.6,0.0,0.0,0.0,0.0,13.6,13.6,13.6,0.0
2019-06-18,12.189,13.6,0.0,13.6,0.0,0.0,0.0,0.0,13.6,13.6,13.6,0.0
2019-06-19,12.189,13.6,0.0,13.6,0.0,0.0,0.0,0.0,13.6,13.6,13.6,0.0
2019-06-20,12.189,13.6,0.0,13.6,0.0,0.0,0.0,0.0,13.6,13.6,13.6,0.0
2019-06-21,12.189,13.6,0.0,13.6,0.0,0.0,0.0,0.0,13.6,13.6,13.6,0.0
2019-06-24,12.189,13.6,0.0,13.6,0.0,0.0,0.0,0.0,13.6,13.6,13.6,0.0
2019-06-25,12.189,13.6,0.0,13.6,0.0,0.0,0.0,0.0,13.6,13.6,13.6,0.0
2019-06-26,12.189,13.6,0.0,13.6,0.0,0.0,0.0,0.0,13.6,13.6,13.6,0.0
2019-06-27,12.189,13.6,0.0,13.6,0.0,0.0,0.0,0.0,13.6,13.6,13.6,0.0
2019-06-28,12.189,13.6,0.0,13.6,0.0,0.0,0.0,0.0,13.6,13.6,13.6,0.0
2019-07-01,12.189,13.6,0.0,13.6,0.0,0.0,0.0,0.0,13.6,13.6,13.6,0.0
2019-07-02,12.189,13.6,0.0,13.6,0.0,0.0,0.0,0.0,13.6,13.6,13.6,0.0
2019-07-03,12.189,13.6,0.0,13.6,0.0,0.0,0.0,0.0,13.6,13.6,13.6,0.0
2019-07-04,12.189,13.6,0.0,13.6,0.0,0.0,0.0,0.0,13.6,13.6,13.6,0.0
2019-07-05,12.189,13.6,0.0,13.6,0.0,0.0,0.0,0.0,13.6,13.6,13.6,0.0
2019-07-08,11.652,13.0,-4.4118,13.0,700.0,9100000.0,0.0,0.0,13.0,13.0,13.0,700.0
2019-07-09,11.652,13.0,0.0,13.0,0.0,0.0,0.0,0.0,13.0,13.0,13.0,0.0
2019-07-10,11.652,13.0,0.0,13.0,0.0,0.0,0.0,0.0,13.0,13.0,13.0,0.0
2019-07-11,11.652,13.0,0.0,13.0,0.0,0.0,0.0,0.0,13.0,13.0,13.0,0.0
2019-07-12,11.652,13.0,0.0,13.0,0.0,0.0,0.0,0.0,13.0,13.0,13.0,0.0
2019-07-15,11.652,13.0,0.0,13.0,300.0,3900000.0,0.0,0.0,13.0,13.0,13.0,300.0
2019-07-16,11.652,13.0,0.0,13.0,0.0,0.0,0.0,0.0,13.0,13.0,13.0,0.0
2019-07-17,11.652,13.0,0.0,13.0,0.0,0.0,0.0,0.0,13.0,13.0,13.0,0.0
2019-07-18,11.652,13.0,0.0,13.0,0.0,0.0,0.0,0.0,13.0,13.0,13.0,0.0
2019-07-19,11.652,13.0,0.0,13.0,0.0,0.0,0.0,0.0,13.0,13.0,13.0,0.0
2019-07-22,11.652,13.0,0.0,13.0,0.0,0.0,0.0,0.0,13.0,13.0,13.0,0.0
2019-07-23,11.652,13.0,0.0,13.0,0.0,0.0,0.0,0.0,13.0,13.0,13.0,0.0
2019-07-24,11.652,13.0,0.0,13.0,0.0,0.0,0.0,0.0,13.0,13.0,13.0,0.0
2019-07-25,11.652,13.0,0.0,13.0,0.0,0.0,0.0,0.0,13.0,13.0,13.0,0.0
2019-07-26,11.652,13.0,0.0,13.0,0.0,0.0,0.0,0.0,13.0,13.0,13.0,0.0
2019-07-29,11.652,13.0,0.0,13.0,0.0,0.0,0.0,0.0,13.0,13.0,13.0,0.0
2019-07-30,11.652,13.0,0.0,13.0,0.0,0.0,0.0,0.0,13.0,13.0,13.0,0.0
2019-07-31,11.652,13.0,0.0,13.0,0.0,0.0,0.0,0.0,13.0,13.0,13.0,0.0
2019-08-01,11.652,13.0,0.0,13.0,0.0,0.0,0.0,0.0,13.0,13.0,13.0,0.0
2019-08-02,12.817,14.3,10.0,14.3,100.0,1430000.0,0.0,0.0,14.3,14.3,14.3,100.0
2019-08-05,12.817,14.3,0.0,14.3,0.0,0.0,0.0,0.0,14.3,14.3,14.3,0.0
2019-08-06,12.817,14.3,0.0,14.3,0.0,0.0,0.0,0.0,14.3,14.3,14.3,0.0
2019-08-07,12.817,14.3,0.0,14.3,0.0,0.0,0.0,0.0,14.3,14.3,14.3,0.0
2019-08-08,12.817,14.3,0.0,14.3,0.0,0.0,0.0,0.0,14.3,14.3,14.3,0.0
2019-08-09,12.548,14.0,-2.0979,14.0,100.0,1400000.0,0.0,0.0,14.0,14.0,14.0,100.0
2019-08-12,12.548,14.0,0.0,14.0,0.0,0.0,0.0,0.0,14.0,14.0,14.0,0.0
2019-08-13,12.548,14.0,0.0,14.0,0.0,0.0,0.0,0.0,14.0,14.0,14.0,0.0
2019-08-14,12.548,14.0,0.0,14.0,0.0,0.0,0.0,0.0,14.0,14.0,14.0,0.0
2019-08-15,11.293,12.6,-10.0,12.6,320.0,4032000.0,0.0,0.0,12.6,12.6,12.6,320.0
2019-08-16,11.293,12.6,0.0,12.6,0.0,0.0,0.0,0.0,12.6,12.6,12.6,0.0
2019-08-19,11.293,12.6,0.0,12.6,0.0,0.0,0.0,0.0,12.6,12.6,12.6,0.0
2019-08-20,11.293,12.6,0.0,12.6,0.0,0.0,0.0,0.0,12.6,12.6,12.6,0.0
2019-08-21,12.369,13.8,9.5238,13.8,100.0,1380000.0,0.0,0.0,13.8,13.8,13.8,100.0
2019-08-22,12.369,13.8,0.0,13.8,0.0,0.0,0.0,0.0,13.8,13.8,13.8,0.0
2019-08-23,12.369,13.8,0.0,13.8,0.0,0.0,0.0,0.0,13.8,13.8,13.8,0.0
2019-08-26,12.369,13.8,0.0,13.8,0.0,0.0,0.0,0.0,13.8,13.8,13.8,0.0
2019-08-27,12.369,13.8,0.0,13.8,0.0,0.0,0.0,0.0,13.8,13.8,13.8,0.0
2019-08-28,12.369,13.8,0.0,13.8,0.0,0.0,0.0,0.0,13.8,13.8,13.8,0.0
2019-08-29,12.369,13.8,0.0,13.8,0.0,0.0,0.0,0.0,13.8,13.8,13.8,0.0
2019-08-30,12.369,13.8,0.0,13.8,0.0,0.0,0.0,0.0,13.8,13.8,13.8,0.0
2019-09-03,12.369,13.8,0.0,13.8,0.0,0.0,0.0,0.0,13.8,13.8,13.8,0.0
2019-09-04,12.01,13.4,-2.8986,13.4,100.0,1340000.0,0.0,0.0,13.4,13.4,13.4,100.0
2019-09-05,12.01,13.4,0.0,13.4,0.0,0.0,0.0,0.0,13.4,13.4,13.4,0.0
2019-09-06,12.01,13.4,0.0,13.4,0.0,0.0,0.0,0.0,13.4,13.4,13.4,0.0
2019-09-09,12.01,13.4,0.0,13.4,0.0,0.0,0.0,0.0,13.4,13.4,13.4,0.0
2019-09-10,12.01,13.4,0.0,13.4,0.0,0.0,0.0,0.0,13.4,13.4,13.4,0.0
2019-09-11,12.01,13.4,0.0,13.4,0.0,0.0,0.0,0.0,13.4,13.4,13.4,0.0
2019-09-12,12.01,13.4,0.0,13.4,0.0,0.0,0.0,0.0,13.4,13.4,13.4,0.0
2019-09-13,12.01,13.4,0.0,13.4,0.0,0.0,0.0,0.0,13.4,13.4,13.4,0.0
2019-09-16,12.01,13.4,0.0,13.4,0.0,0.0,0.0,0.0,13.4,13.4,13.4,0.0
2019-09-17,12.01,13.4,0.0,13.4,0.0,0.0,0.0,0.0,13.4,13.4,13.4,0.0
2019-09-18,12.01,13.4,0.0,13.4,0.0,0.0,0.0,0.0,13.4,13.4,13.4,0.0
2019-09-19,12.01,13.4,0.0,13.4,0.0,0.0,0.0,0.0,13.4,13.4,13.4,0.0
2019-09-20,12.01,13.4,0.0,13.4,0.0,0.0,0.0,0.0,13.4,13.4,13.4,0.0
2019-09-23,12.01,13.4,0.0,13.4,0.0,0.0,0.0,0.0,13.4,13.4,13.4,0.0
2019-09-24,13.175,14.7,9.7015,14.05,200.0,2810000.0,0.0,0.0,13.4,14.7,13.4,200.0
2019-09-25,14.43,16.1,9.5238,16.1,100.0,1610000.0,0.0,0.0,16.1,16.1,16.1,100.0
2019-09-26,14.43,16.1,0.0,16.1,0.0,0.0,0.0,0.0,16.1,16.1,16.1,0.0
2019-09-27,15.864,17.7,9.9379,17.7,1800.0,31860000.0,0.0,0.0,17.7,17.7,17.7,1800.0
2019-09-30,16.76,18.7,5.6497,18.7,100.0,1870000.0,0.0,0.0,18.7,18.7,18.7,100.0
2019-10-01,16.76,18.7,0.0,18.7,0.0,0.0,0.0,0.0,18.7,18.7,18.7,0.0
2019-10-02,16.76,18.7,0.0,18.7,20.0,380000.0,0.0,0.0,18.7,18.7,18.7,20.0
2019-10-03,16.76,18.7,0.0,18.7,0.0,0.0,0.0,0.0,18.7,18.7,18.7,0.0
2019-10-04,16.76,18.7,0.0,18.7,0.0,0.0,0.0,0.0,18.7,18.7,18.7,0.0
2019-10-07,16.76,18.7,0.0,18.7,0.0,0.0,0.0,0.0,18.7,18.7,18.7,0.0
2019-10-08,16.76,18.7,0.0,18.7,0.0,0.0,0.0,0.0,18.7,18.7,18.7,0.0
2019-10-09,16.76,18.7,0.0,18.7,0.0,0.0,0.0,0.0,18.7,18.7,18.7,0.0
2019-10-10,16.76,18.7,0.0,18.7,0.0,0.0,0.0,0.0,18.7,18.7,18.7,0.0
2019-10-11,16.76,18.7,0.0,18.7,0.0,0.0,0.0,0.0,18.7,18.7,18.7,0.0
2019-10-14,16.76,18.7,0.0,18.7,0.0,0.0,0.0,0.0,18.7,18.7,18.7,0.0
2019-10-15,16.76,18.7,0.0,18.7,0.0,0.0,0.0,0.0,18.7,18.7,18.7,0.0
2019-10-16,16.76,18.7,0.0,18.7,0.0,0.0,0.0,0.0,18.7,18.7,18.7,0.0
2019-10-17,16.76,18.7,0.0,18.7,0.0,0.0,0.0,0.0,18.7,18.7,18.7,0.0
2019-10-18,16.76,18.7,0.0,18.7,0.0,0.0,0.0,0.0,18.7,18.7,18.7,0.0
2019-10-21,16.76,18.7,0.0,18.7,0.0,0.0,0.0,0.0,18.7,18.7,18.7,0.0
2019-10-22,16.76,18.7,0.0,18.7,0.0,0.0,0.0,0.0,18.7,18.7,18.7,0.0
2019-10-23,16.76,18.7,0.0,18.7,0.0,0.0,0.0,0.0,18.7,18.7,18.7,0.0
2019-10-24,16.76,18.7,0.0,18.7,0.0,0.0,0.0,0.0,18.7,18.7,18.7,0.0
2019-10-25,16.76,18.7,0.0,18.7,0.0,0.0,0.0,0.0,18.7,18.7,18.7,0.0
2019-10-28,16.76,18.7,0.0,18.7,0.0,0.0,0.0,0.0,18.7,18.7,18.7,0.0
2019-10-29,16.76,18.7,0.0,18.7,0.0,0.0,0.0,0.0,18.7,18.7,18.7,0.0
2019-10-30,16.76,18.7,0.0,18.7,0.0,0.0,0.0,0.0,18.7,18.7,18.7,0.0
2019-10-31,16.76,18.7,0.0,18.7,0.0,0.0,0.0,0.0,18.7,18.7,18.7,0.0
2019-11-01,16.76,18.7,0.0,18.7,0.0,0.0,0.0,0.0,18.7,18.7,18.7,0.0
2019-11-04,16.76,18.7,0.0,18.7,0.0,0.0,0.0,0.0,18.7,18.7,18.7,0.0
2019-11-05,16.76,18.7,0.0,18.7,0.0,0.0,0.0,0.0,18.7,18.7,18.7,0.0
2019-11-06,16.76,18.7,0.0,18.7,0.0,0.0,0.0,0.0,18.7,18.7,18.7,0.0
2019-11-07,16.76,18.7,0.0,18.7,0.0,0.0,0.0,0.0,18.7,18.7,18.7,0.0
2019-11-08,16.76,18.7,0.0,18.7,0.0,0.0,0.0,0.0,18.7,18.7,18.7,0.0
2019-11-11,16.76,18.7,0.0,18.7,0.0,0.0,0.0,0.0,18.7,18.7,18.7,0.0
2019-11-12,16.76,18.7,0.0,18.7,0.0,0.0,0.0,0.0,18.7,18.7,18.7,0.0
2019-11-13,16.76,18.7,0.0,18.7,0.0,0.0,0.0,0.0,18.7,18.7,18.7,0.0
2019-11-14,16.76,18.7,0.0,18.7,0.0,0.0,0.0,0.0,18.7,18.7,18.7,0.0
2019-11-15,16.76,18.7,0.0,18.7,0.0,0.0,0.0,0.0,18.7,18.7,18.7,0.0
2019-11-18,16.76,18.7,0.0,18.7,0.0,0.0,0.0,0.0,18.7,18.7,18.7,0.0
2019-11-19,16.76,18.7,0.0,18.7,0.0,0.0,0.0,0.0,18.7,18.7,18.7,0.0
2019-11-20,16.76,18.7,0.0,18.7,0.0,0.0,0.0,0.0,18.7,18.7,18.7,0.0
2019-11-21,16.76,18.7,0.0,18.7,0.0,0.0,0.0,0.0,18.7,18.7,18.7,0.0
2019-11-22,16.76,18.7,0.0,18.7,0.0,0.0,0.0,0.0,18.7,18.7,18.7,0.0
2019-11-25,16.76,18.7,0.0,18.7,0.0,0.0,0.0,0.0,18.7,18.7,18.7,0.0
2019-11-26,16.76,18.7,0.0,18.7,0.0,0.0,0.0,0.0,18.7,18.7,18.7,0.0
2019-11-27,16.76,18.7,0.0,18.7,0.0,0.0,0.0,0.0,18.7,18.7,18.7,0.0
2019-11-28,16.76,18.7,0.0,18.7,0.0,0.0,0.0,0.0,18.7,18.7,18.7,0.0
2019-11-29,16.76,18.7,0.0,18.7,0.0,0.0,0.0,0.0,18.7,18.7,18.7,0.0
2019-12-02,16.76,18.7,0.0,18.7,0.0,0.0,0.0,0.0,18.7,18.7,18.7,0.0
2019-12-03,16.76,18.7,0.0,18.7,0.0,0.0,0.0,0.0,18.7,18.7,18.7,0.0
2019-12-04,16.76,18.7,0.0,18.7,0.0,0.0,0.0,0.0,18.7,18.7,18.7,0.0
2019-12-05,16.76,18.7,0.0,18.7,0.0,0.0,0.0,0.0,18.7,18.7,18.7,0.0
2019-12-06,16.76,18.7,0.0,18.7,0.0,0.0,0.0,0.0,18.7,18.7,18.7,0.0
2019-12-09,16.76,18.7,0.0,18.7,0.0,0.0,0.0,0.0,18.7,18.7,18.7,0.0
2019-12-10,16.76,18.7,0.0,18.7,0.0,0.0,0.0,0.0,18.7,18.7,18.7,0.0
2019-12-11,16.76,18.7,0.0,18.7,0.0,0.0,0.0,0.0,18.7,18.7,18.7,0.0
2019-12-12,16.76,18.7,0.0,18.7,0.0,0.0,0.0,0.0,18.7,18.7,18.7,0.0
2019-12-13,16.76,18.7,0.0,18.7,0.0,0.0,0.0,0.0,18.7,18.7,18.7,0.0
2019-12-16,16.76,18.7,0.0,18.7,0.0,0.0,0.0,0.0,18.7,18.7,18.7,0.0
2019-12-17,16.76,18.7,0.0,18.7,0.0,0.0,0.0,0.0,18.7,18.7,18.7,0.0
2019-12-18,16.76,18.7,0.0,18.7,0.0,0.0,0.0,0.0,18.7,18.7,18.7,0.0
2019-12-19,16.76,18.7,0.0,18.7,0.0,0.0,0.0,0.0,18.7,18.7,18.7,0.0
2019-12-20,16.76,18.7,0.0,18.7,0.0,0.0,0.0,0.0,18.7,18.7,18.7,0.0
2019-12-23,16.76,18.7,0.0,18.7,0.0,0.0,0.0,0.0,18.7,18.7,18.7,0.0
2019-12-24,16.76,18.7,0.0,18.7,0.0,0.0,0.0,0.0,18.7,18.7,18.7,0.0
2019-12-25,18.374,20.5,9.6257,20.5,400.0,8200000.0,0.0,0.0,20.5,20.5,20.5,400.0
2019-12-26,18.374,20.5,0.0,20.5,1000.0,20500000.0,0.0,0.0,20.5,20.5,20.5,1000.0
2019-12-27,18.374,20.5,0.0,19.5,200.0,3900000.0,0.0,0.0,18.5,20.5,18.5,200.0
2019-12-30,17.926,20.0,-2.439,20.0,100.0,2000000.0,0.0,0.0,20.0,20.0,20.0,100.0
2019-12-31,19.718,22.0,10.0,22.0,700.0,15400000.0,0.0,0.0,22.0,22.0,22.0,700.0
2020-01-02,19.718,22.0,0.0,22.0,0.0,0.0,0.0,0.0,22.0,22.0,22.0,0.0
2020-01-03,19.718,22.0,0.0,22.0,0.0,0.0,0.0,0.0,22.0,22.0,22.0,0.0
2020-01-06,19.718,22.0,0.0,22.0,0.0,0.0,0.0,0.0,22.0,22.0,22.0,0.0
2020-01-07,19.718,22.0,0.0,22.0,0.0,0.0,0.0,0.0,22.0,22.0,22.0,0.0
2020-01-08,19.718,22.0,0.0,22.0,0.0,0.0,0.0,0.0,22.0,22.0,22.0,0.0
2020-01-09,19.718,22.0,0.0,22.0,0.0,0.0,0.0,0.0,22.0,22.0,22.0,0.0
2020-01-10,19.718,22.0,0.0,22.0,0.0,0.0,0.0,0.0,22.0,22.0,22.0,0.0
2020-01-13,19.718,22.0,0.0,22.0,0.0,0.0,0.0,0.0,22.0,22.0,22.0,0.0
2020-01-14,19.718,22.0,0.0,22.0,0.0,0.0,0.0,0.0,22.0,22.0,22.0,0.0
2020-01-15,19.718,22.0,0.0,22.0,0.0,0.0,0.0,0.0,22.0,22.0,22.0,0.0
2020-01-16,19.718,22.0,0.0,22.0,0.0,0.0,0.0,0.0,22.0,22.0,22.0,0.0
2020-01-17,19.718,22.0,0.0,22.0,0.0,0.0,0.0,0.0,22.0,22.0,22.0,0.0
2020-01-20,19.718,22.0,0.0,22.0,0.0,0.0,0.0,0.0,22.0,22.0,22.0,0.0
2020-01-21,19.718,22.0,0.0,22.0,0.0,0.0,0.0,0.0,22.0,22.0,22.0,0.0
2020-01-22,19.718,22.0,0.0,22.0,0.0,0.0,0.0,0.0,22.0,22.0,22.0,0.0
2020-01-30,19.718,22.0,0.0,22.0,0.0,0.0,0.0,0.0,22.0,22.0,22.0,0.0
2020-01-31,19.718,22.0,0.0,22.0,0.0,0.0,0.0,0.0,22.0,22.0,22.0,0.0
2020-02-03,19.718,22.0,0.0,22.0,0.0,0.0,0.0,0.0,22.0,22.0,22.0,0.0
2020-02-04,19.718,22.0,0.0,22.0,0.0,0.0,0.0,0.0,22.0,22.0,22.0,0.0
2020-02-05,19.718,22.0,0.0,22.0,0.0,0.0,0.0,0.0,22.0,22.0,22.0,0.0
2020-02-06,19.718,22.0,0.0,22.0,0.0,0.0,0.0,0.0,22.0,22.0,22.0,0.0
2020-02-07,19.718,22.0,0.0,22.0,0.0,0.0,0.0,0.0,22.0,22.0,22.0,0.0
2020-02-10,19.718,22.0,0.0,22.0,0.0,0.0,0.0,0.0,22.0,22.0,22.0,0.0
2020-02-11,19.718,22.0,0.0,22.0,0.0,0.0,0.0,0.0,22.0,22.0,22.0,0.0
2020-02-12,19.718,22.0,0.0,22.0,0.0,0.0,0.0,0.0,22.0,22.0,22.0,0.0
2020-02-13,19.718,22.0,0.0,22.0,0.0,0.0,0.0,0.0,22.0,22.0,22.0,0.0
2020-02-14,19.718,22.0,0.0,22.0,0.0,0.0,0.0,0.0,22.0,22.0,22.0,0.0
2020-02-17,19.718,22.0,0.0,22.0,0.0,0.0,0.0,0.0,22.0,22.0,22.0,0.0
2020-02-18,19.718,22.0,0.0,22.0,0.0,0.0,0.0,0.0,22.0,22.0,22.0,0.0
2020-02-19,19.718,22.0,0.0,22.0,0.0,0.0,0.0,0.0,22.0,22.0,22.0,0.0
2020-02-20,19.718,22.0,0.0,22.0,0.0,0.0,0.0,0.0,22.0,22.0,22.0,0.0
2020-02-21,19.718,22.0,0.0,22.0,0.0,0.0,0.0,0.0,22.0,22.0,22.0,0.0
2020-02-24,19.718,22.0,0.0,22.0,0.0,0.0,0.0,0.0,22.0,22.0,22.0,0.0
2020-02-25,19.718,22.0,0.0,22.0,0.0,0.0,0.0,0.0,22.0,22.0,22.0,0.0
2020-02-26,19.718,22.0,0.0,22.0,0.0,0.0,0.0,0.0,22.0,22.0,22.0,0.0
2020-02-27,19.718,22.0,0.0,22.0,0.0,0.0,0.0,0.0,22.0,22.0,22.0,0.0
2020-02-28,19.718,22.0,0.0,22.0,0.0,0.0,0.0,0.0,22.0,22.0,22.0,0.0
2020-03-02,19.718,22.0,0.0,22.0,0.0,0.0,0.0,0.0,22.0,22.0,22.0,0.0
2020-03-03,19.718,22.0,0.0,22.0,0.0,0.0,0.0,0.0,22.0,22.0,22.0,0.0
2020-03-04,19.718,22.0,0.0,22.0,0.0,0.0,0.0,0.0,22.0,22.0,22.0,0.0
2020-03-05,19.718,22.0,0.0,22.0,0.0,0.0,0.0,0.0,22.0,22.0,22.0,0.0
2020-03-06,19.718,22.0,0.0,22.0,0.0,0.0,0.0,0.0,22.0,22.0,22.0,0.0
2020-03-09,19.718,22.0,0.0,22.0,0.0,0.0,0.0,0.0,22.0,22.0,22.0,0.0
2020-03-10,19.718,22.0,0.0,22.0,0.0,0.0,0.0,0.0,22.0,22.0,22.0,0.0
2020-03-11,19.718,22.0,0.0,22.0,0.0,0.0,0.0,0.0,22.0,22.0,22.0,0.0
2020-03-12,19.718,22.0,0.0,22.0,0.0,0.0,0.0,0.0,22.0,22.0,22.0,0.0
2020-03-13,19.718,22.0,0.0,22.0,0.0,0.0,0.0,0.0,22.0,22.0,22.0,0.0
2020-03-16,19.718,22.0,0.0,22.0,0.0,0.0,0.0,0.0,22.0,22.0,22.0,0.0
2020-03-17,19.718,22.0,0.0,22.0,0.0,0.0,0.0,0.0,22.0,22.0,22.0,0.0
2020-03-18,19.718,22.0,0.0,22.0,0.0,0.0,0.0,0.0,22.0,22.0,22.0,0.0
2020-03-19,19.718,22.0,0.0,22.0,0.0,0.0,0.0,0.0,22.0,22.0,22.0,0.0
2020-03-20,19.718,22.0,0.0,22.0,0.0,0.0,0.0,0.0,22.0,22.0,22.0,0.0
2020-03-23,19.718,22.0,0.0,22.0,0.0,0.0,0.0,0.0,22.0,22.0,22.0,0.0
2020-03-24,19.718,22.0,0.0,22.0,0.0,0.0,0.0,0.0,22.0,22.0,22.0,0.0
2020-03-25,19.718,22.0,0.0,22.0,0.0,0.0,0.0,0.0,22.0,22.0,22.0,0.0
2020-03-26,19.718,22.0,0.0,22.0,0.0,0.0,0.0,0.0,22.0,22.0,22.0,0.0
2020-03-27,19.718,22.0,0.0,22.0,0.0,0.0,0.0,0.0,22.0,22.0,22.0,0.0
2020-03-30,21.511,24.0,9.0909,24.0,100.0,2400000.0,0.0,0.0,24.0,24.0,24.0,100.0
2020-03-31,23.662,26.4,10.0,26.4,300.0,7920000.0,0.0,0.0,26.4,26.4,26.4,300.0
2020-04-01,23.662,26.4,0.0,26.4,0.0,0.0,0.0,0.0,26.4,26.4,26.4,0.0
2020-04-03,23.662,26.4,0.0,26.4,0.0,0.0,0.0,0.0,26.4,26.4,26.4,0.0
2020-04-06,23.662,26.4,0.0,26.4,0.0,0.0,0.0,0.0,26.4,26.4,26.4,0.0
2020-04-07,23.662,26.4,0.0,26.4,0.0,0.0,0.0,0.0,26.4,26.4,26.4,0.0
2020-04-08,23.662,26.4,0.0,26.4,0.0,0.0,0.0,0.0,26.4,26.4,26.4,0.0
2020-04-09,23.662,26.4,0.0,26.4,0.0,0.0,0.0,0.0,26.4,26.4,26.4,0.0
2020-04-10,23.662,26.4,0.0,26.4,0.0,0.0,0.0,0.0,26.4,26.4,26.4,0.0
2020-04-13,23.662,26.4,0.0,26.4,0.0,0.0,0.0,0.0,26.4,26.4,26.4,0.0
2020-04-14,23.662,26.4,0.0,26.4,0.0,0.0,0.0,0.0,26.4,26.4,26.4,0.0
2020-04-15,23.662,26.4,0.0,26.4,0.0,0.0,0.0,0.0,26.4,26.4,26.4,0.0
2020-04-16,23.662,26.4,0.0,26.4,0.0,0.0,0.0,0.0,26.4,26.4,26.4,0.0
2020-04-17,23.662,26.4,0.0,26.4,0.0,0.0,0.0,0.0,26.4,26.4,26.4,0.0
2020-04-20,23.662,26.4,0.0,26.4,0.0,0.0,0.0,0.0,26.4,26.4,26.4,0.0
2020-04-21,23.662,26.4,0.0,26.4,0.0,0.0,0.0,0.0,26.4,26.4,26.4,0.0
2020-04-22,23.662,26.4,0.0,26.4,0.0,0.0,0.0,0.0,26.4,26.4,26.4,0.0
2020-04-23,23.662,26.4,0.0,26.4,0.0,0.0,0.0,0.0,26.4,26.4,26.4,0.0
2020-04-24,23.662,26.4,0.0,26.4,0.0,0.0,0.0,0.0,26.4,26.4,26.4,0.0
2020-04-27,23.662,26.4,0.0,26.4,0.0,0.0,0.0,0.0,26.4,26.4,26.4,0.0
2020-04-28,23.662,26.4,0.0,26.4,0.0,0.0,0.0,0.0,26.4,26.4,26.4,0.0
2020-04-29,23.662,26.4,0.0,26.4,0.0,0.0,0.0,0.0,26.4,26.4,26.4,0.0
2020-05-04,23.662,26.4,0.0,26.4,0.0,0.0,0.0,0.0,26.4,26.4,26.4,0.0
2020-05-05,23.662,26.4,0.0,26.4,0.0,0.0,0.0,0.0,26.4,26.4,26.4,0.0
2020-05-06,23.662,26.4,0.0,26.4,0.0,0.0,0.0,0.0,26.4,26.4,26.4,0.0
2020-05-07,23.662,26.4,0.0,26.4,0.0,0.0,0.0,0.0,26.4,26.4,26.4,0.0
2020-05-08,23.662,26.4,0.0,26.4,0.0,0.0,0.0,0.0,26.4,26.4,26.4,0.0
2020-05-11,23.662,26.4,0.0,26.4,0.0,0.0,0.0,0.0,26.4,26.4,26.4,0.0
2020-05-12,23.662,26.4,0.0,26.4,0.0,0.0,0.0,0.0,26.4,26.4,26.4,0.0
2020-05-13,23.662,26.4,0.0,26.4,0.0,0.0,0.0,0.0,26.4,26.4,26.4,0.0
2020-05-14,23.662,26.4,0.0,26.4,0.0,0.0,0.0,0.0,26.4,26.4,26.4,0.0
2020-05-15,23.662,26.4,0.0,26.4,0.0,0.0,0.0,0.0,26.4,26.4,26.4,0.0
2020-05-18,23.662,26.4,0.0,26.4,0.0,0.0,0.0,0.0,26.4,26.4,26.4,0.0
2020-05-19,23.662,26.4,0.0,26.4,0.0,0.0,0.0,0.0,26.4,26.4,26.4,0.0
2020-05-20,23.662,26.4,0.0,26.4,0.0,0.0,0.0,0.0,26.4,26.4,26.4,0.0
2020-05-21,23.662,26.4,0.0,26.4,0.0,0.0,0.0,0.0,26.4,26.4,26.4,0.0
2020-05-22,23.662,26.4,0.0,26.4,0.0,0.0,0.0,0.0,26.4,26.4,26.4,0.0
2020-05-25,23.662,26.4,0.0,26.4,0.0,0.0,0.0,0.0,26.4,26.4,26.4,0.0
2020-05-26,23.662,26.4,0.0,26.4,0.0,0.0,0.0,0.0,26.4,26.4,26.4,0.0
2020-05-27,23.662,26.4,0.0,26.4,0.0,0.0,0.0,0.0,26.4,26.4,26.4,0.0
2020-05-28,23.662,26.4,0.0,26.4,0.0,0.0,0.0,0.0,26.4,26.4,26.4,0.0
2020-05-29,23.662,26.4,0.0,26.4,0.0,0.0,0.0,0.0,26.4,26.4,26.4,0.0
2020-06-01,23.662,26.4,0.0,26.4,0.0,0.0,0.0,0.0,26.4,26.4,26.4,0.0
2020-06-02,23.662,26.4,0.0,26.4,0.0,0.0,0.0,0.0,26.4,26.4,26.4,0.0
2020-06-03,23.662,26.4,0.0,26.4,0.0,0.0,0.0,0.0,26.4,26.4,26.4,0.0
2020-06-04,23.662,26.4,0.0,26.4,0.0,0.0,0.0,0.0,26.4,26.4,26.4,0.0
2020-06-05,23.662,26.4,0.0,26.4,0.0,0.0,0.0,0.0,26.4,26.4,26.4,0.0
2020-06-08,23.662,26.4,0.0,26.4,0.0,0.0,0.0,0.0,26.4,26.4,26.4,0.0
2020-06-09,23.662,26.4,0.0,26.4,0.0,0.0,0.0,0.0,26.4,26.4,26.4,0.0
2020-06-10,23.662,26.4,0.0,26.4,0.0,0.0,0.0,0.0,26.4,26.4,26.4,0.0
2020-06-11,23.662,26.4,0.0,26.4,0.0,0.0,0.0,0.0,26.4,26.4,26.4,0.0
2020-06-12,23.662,26.4,0.0,26.4,0.0,0.0,0.0,0.0,26.4,26.4,26.4,0.0
2020-06-15,23.662,26.4,0.0,26.4,0.0,0.0,0.0,0.0,26.4,26.4,26.4,0.0
2020-06-16,23.662,26.4,0.0,26.4,0.0,0.0,0.0,0.0,26.4,26.4,26.4,0.0
2020-06-17,23.662,26.4,0.0,26.4,0.0,0.0,0.0,0.0,26.4,26.4,26.4,0.0
2020-06-18,23.662,26.4,0.0,26.4,0.0,0.0,0.0,0.0,26.4,26.4,26.4,0.0
2020-06-19,23.662,26.4,0.0,26.4,0.0,0.0,0.0,0.0,26.4,26.4,26.4,0.0
2020-06-22,23.662,26.4,0.0,26.4,0.0,0.0,0.0,0.0,26.4,26.4,26.4,0.0
2020-06-23,23.662,26.4,0.0,26.4,0.0,0.0,0.0,0.0,26.4,26.4,26.4,0.0
2020-06-24,23.662,26.4,0.0,26.4,0.0,0.0,0.0,0.0,26.4,26.4,26.4,0.0
2020-06-25,23.662,26.4,0.0,26.4,0.0,0.0,0.0,0.0,26.4,26.4,26.4,0.0
2020-06-26,23.662,26.4,0.0,26.4,0.0,0.0,0.0,0.0,26.4,26.4,26.4,0.0
2020-06-29,23.662,26.4,0.0,26.4,0.0,0.0,0.0,0.0,26.4,26.4,26.4,0.0
2020-06-30,21.959,24.5,-7.197,24.5,100.0,2450000.0,0.0,0.0,24.5,24.5,24.5,100.0
2020-07-01,21.959,24.5,0.0,24.5,0.0,0.0,0.0,0.0,24.5,24.5,24.5,0.0
2020-07-02,21.959,24.0,0.0,24.0,0.0,0.0,0.0,0.0,24.0,24.0,24.0,0.0
2020-07-03,21.959,24.0,0.0,24.0,0.0,0.0,0.0,0.0,24.0,24.0,24.0,0.0
2020-07-06,21.959,24.0,0.0,24.0,0.0,0.0,0.0,0.0,24.0,24.0,24.0,0.0
2020-07-07,19.763,21.6,-10.0,21.6,1400.0,30240000.0,0.0,0.0,21.6,21.6,21.6,1400.0
2020-07-08,19.763,21.6,0.0,21.6,0.0,0.0,0.0,0.0,21.6,21.6,21.6,0.0
2020-07-09,19.763,21.6,0.0,21.6,0.0,0.0,0.0,0.0,21.6,21.6,21.6,0.0
2020-07-10,19.763,21.6,0.0,21.6,0.0,0.0,0.0,0.0,21.6,21.6,21.6,0.0
2020-07-13,19.763,21.6,0.0,21.6,0.0,0.0,0.0,0.0,21.6,21.6,21.6,0.0
2020-07-14,19.763,21.6,0.0,21.6,0.0,0.0,0.0,0.0,21.6,21.6,21.6,0.0
2020-07-15,19.763,21.6,0.0,21.6,0.0,0.0,0.0,0.0,21.6,21.6,21.6,0.0
2020-07-16,19.763,21.6,0.0,21.6,0.0,0.0,0.0,0.0,21.6,21.6,21.6,0.0
2020-07-17,19.763,21.6,0.0,21.6,0.0,0.0,0.0,0.0,21.6,21.6,21.6,0.0
2020-07-20,19.763,21.6,0.0,21.6,0.0,0.0,0.0,0.0,21.6,21.6,21.6,0.0
2020-07-21,19.763,21.6,0.0,21.6,0.0,0.0,0.0,0.0,21.6,21.6,21.6,0.0
2020-07-22,19.763,21.6,0.0,21.6,0.0,0.0,0.0,0.0,21.6,21.6,21.6,0.0
2020-07-23,19.763,21.6,0.0,21.6,0.0,0.0,0.0,0.0,21.6,21.6,21.6,0.0
2020-07-24,19.763,21.6,0.0,21.6,0.0,0.0,0.0,0.0,21.6,21.6,21.6,0.0
2020-07-27,19.763,21.6,0.0,21.6,0.0,0.0,0.0,0.0,21.6,21.6,21.6,0.0
2020-07-28,19.763,21.6,0.0,21.6,0.0,0.0,0.0,0.0,21.6,21.6,21.6,0.0
2020-07-29,19.763,21.6,0.0,21.6,0.0,0.0,0.0,0.0,21.6,21.6,21.6,0.0
2020-07-30,21.685,23.7,9.7222,23.7,100.0,2370000.0,0.0,0.0,23.7,23.7,23.7,100.0
2020-07-31,21.685,23.7,0.0,23.444,900.0,21100000.0,0.0,0.0,21.4,23.7,21.4,900.0
2020-08-03,21.685,23.7,0.0,23.7,0.0,0.0,0.0,0.0,23.7,23.7,23.7,0.0
2020-08-04,21.685,23.7,0.0,23.7,0.0,0.0,0.0,0.0,23.7,23.7,23.7,0.0
2020-08-05,21.685,23.7,0.0,23.7,0.0,0.0,0.0,0.0,23.7,23.7,23.7,0.0
2020-08-06,21.685,23.7,0.0,23.7,0.0,0.0,0.0,0.0,23.7,23.7,23.7,0.0
2020-08-07,21.685,23.7,0.0,23.7,0.0,0.0,0.0,0.0,23.7,23.7,23.7,0.0
2020-08-10,21.685,23.7,0.0,23.7,0.0,0.0,0.0,0.0,23.7,23.7,23.7,0.0
2020-08-11,21.685,23.7,0.0,23.7,0.0,0.0,0.0,0.0,23.7,23.7,23.7,0.0
2020-08-12,21.685,23.7,0.0,23.7,0.0,0.0,0.0,0.0,23.7,23.7,23.7,0.0
2020-08-13,21.685,23.7,0.0,23.7,0.0,0.0,0.0,0.0,23.7,23.7,23.7,0.0
2020-08-14,21.685,23.7,0.0,23.7,0.0,0.0,0.0,0.0,23.7,23.7,23.7,0.0
2020-08-17,21.685,23.7,0.0,23.7,0.0,0.0,0.0,0.0,23.7,23.7,23.7,0.0
2020-08-18,21.685,23.7,0.0,23.7,0.0,0.0,0.0,0.0,23.7,23.7,23.7,0.0
2020-08-19,21.685,23.7,0.0,23.7,0.0,0.0,0.0,0.0,23.7,23.7,23.7,0.0
2020-08-20,21.685,23.7,0.0,23.7,0.0,0.0,0.0,0.0,23.7,23.7,23.7,0.0
2020-08-21,21.685,23.7,0.0,23.7,0.0,0.0,0.0,0.0,23.7,23.7,23.7,0.0
2020-08-24,21.685,23.7,0.0,23.7,0.0,0.0,0.0,0.0,23.7,23.7,23.7,0.0
2020-08-25,21.685,23.7,0.0,23.7,0.0,0.0,0.0,0.0,23.7,23.7,23.7,0.0
2020-08-26,21.685,23.7,0.0,23.7,0.0,0.0,0.0,0.0,23.7,23.7,23.7,0.0
2020-08-27,21.685,23.7,0.0,23.7,0.0,0.0,0.0,0.0,23.7,23.7,23.7,0.0
2020-08-28,21.685,23.7,0.0,23.7,0.0,0.0,0.0,0.0,23.7,23.7,23.7,0.0
2020-08-31,20.587,22.5,-5.0633,22.5,100.0,2250000.0,0.0,0.0,22.5,22.5,22.5,100.0
2020-09-01,20.587,22.5,0.0,22.5,0.0,0.0,0.0,0.0,22.5,22.5,22.5,0.0
2020-09-03,20.587,22.5,0.0,22.5,0.0,0.0,0.0,0.0,22.5,22.5,22.5,0.0
2020-09-04,20.587,22.5,0.0,22.5,0.0,0.0,0.0,0.0,22.5,22.5,22.5,0.0
2020-09-07,20.587,22.5,0.0,22.5,0.0,0.0,0.0,0.0,22.5,22.5,22.5,0.0
2020-09-08,20.587,22.5,0.0,22.5,0.0,0.0,0.0,0.0,22.5,22.5,22.5,0.0
2020-09-09,20.587,22.5,0.0,22.5,0.0,0.0,0.0,0.0,22.5,22.5,22.5,0.0
2020-09-10,20.587,22.5,0.0,22.5,0.0,0.0,0.0,0.0,22.5,22.5,22.5,0.0
2020-09-11,20.587,22.5,0.0,22.5,0.0,0.0,0.0,0.0,22.5,22.5,22.5,0.0
2020-09-14,20.587,22.5,0.0,22.5,0.0,0.0,0.0,0.0,22.5,22.5,22.5,0.0
2020-09-15,20.587,22.5,0.0,22.5,0.0,0.0,0.0,0.0,22.5,22.5,22.5,0.0
2020-09-16,20.587,22.5,0.0,22.5,0.0,0.0,0.0,0.0,22.5,22.5,22.5,0.0
2020-09-17,20.587,22.5,0.0,22.5,0.0,0.0,0.0,0.0,22.5,22.5,22.5,0.0
2020-09-18,20.587,22.5,0.0,22.5,0.0,0.0,0.0,0.0,22.5,22.5,22.5,0.0
2020-09-21,20.587,22.5,0.0,22.5,1.0,20300.0,0.0,0.0,22.5,22.5,22.5,1.0
2020-09-22,20.587,22.5,0.0,22.5,0.0,0.0,0.0,0.0,22.5,22.5,22.5,0.0
2020-09-23,20.587,22.5,0.0,22.5,0.0,0.0,0.0,0.0,22.5,22.5,22.5,0.0
2020-09-24,20.587,22.5,0.0,22.5,0.0,0.0,0.0,0.0,22.5,22.5,22.5,0.0
2020-09-25,20.587,22.5,0.0,22.5,0.0,0.0,0.0,0.0,22.5,22.5,22.5,0.0
2020-09-28,20.587,22.5,0.0,22.5,0.0,0.0,0.0,0.0,22.5,22.5,22.5,0.0
2020-09-29,18.574,20.3,-9.7778,20.3,100.0,2030000.0,0.0,0.0,20.3,20.3,20.3,100.0
2020-09-30,18.574,20.3,0.0,20.3,10.0,184000.0,0.0,0.0,20.3,20.3,20.3,10.0
2020-10-01,18.574,20.3,0.0,20.3,0.0,0.0,0.0,0.0,20.3,20.3,20.3,0.0
2020-10-02,18.574,20.3,0.0,20.3,0.0,0.0,0.0,0.0,20.3,20.3,20.3,0.0
2020-10-05,18.574,20.3,0.0,20.3,0.0,0.0,0.0,0.0,20.3,20.3,20.3,0.0
2020-10-06,18.574,20.3,0.0,20.3,0.0,0.0,0.0,0.0,20.3,20.3,20.3,0.0
2020-10-07,18.574,20.3,0.0,20.3,0.0,0.0,0.0,0.0,20.3,20.3,20.3,0.0
2020-10-08,18.574,20.3,0.0,20.3,0.0,0.0,0.0,0.0,20.3,20.3,20.3,0.0
2020-10-09,18.574,20.3,0.0,20.3,0.0,0.0,0.0,0.0,20.3,20.3,20.3,0.0
2020-10-12,18.574,20.3,0.0,20.3,0.0,0.0,0.0,0.0,20.3,20.3,20.3,0.0
2020-10-13,18.574,20.3,0.0,20.3,0.0,0.0,0.0,0.0,20.3,20.3,20.3,0.0
2020-10-14,18.574,20.3,0.0,20.3,0.0,0.0,0.0,0.0,20.3,20.3,20.3,0.0
2020-10-15,20.403,22.3,9.8522,22.3,100.0,2230000.0,0.0,0.0,22.3,22.3,22.3,100.0
2020-10-16,20.403,22.3,0.0,22.3,0.0,0.0,0.0,0.0,22.3,22.3,22.3,0.0
2020-10-19,18.39,20.1,-9.8655,20.1,100.0,2010000.0,0.0,0.0,20.1,20.1,20.1,100.0
2020-10-20,16.561,18.1,-9.9502,18.1,200.0,3620000.0,0.0,0.0,18.1,18.1,18.1,200.0
2020-10-21,16.561,18.1,0.0,18.1,0.0,0.0,0.0,0.0,18.1,18.1,18.1,0.0
2020-10-22,16.561,18.1,0.0,18.1,0.0,0.0,0.0,0.0,18.1,18.1,18.1,0.0
2020-10-23,16.561,18.1,0.0,18.1,0.0,0.0,0.0,0.0,18.1,18.1,18.1,0.0
2020-10-26,16.561,18.1,0.0,18.1,0.0,0.0,0.0,0.0,18.1,18.1,18.1,0.0
2020-10-27,16.561,18.1,0.0,18.1,0.0,0.0,0.0,0.0,18.1,18.1,18.1,0.0
2020-10-28,16.561,18.1,0.0,18.1,0.0,0.0,0.0,0.0,18.1,18.1,18.1,0.0
2020-10-29,16.561,18.1,0.0,18.1,0.0,0.0,0.0,0.0,18.1,18.1,18.1,0.0
2020-10-30,18.208,19.9,9.9448,19.9,100.0,1990000.0,0.0,0.0,19.9,19.9,19.9,100.0
2020-11-02,18.208,19.9,0.0,19.9,0.0,0.0,0.0,0.0,19.9,19.9,19.9,0.0
2020-11-03,18.208,19.9,0.0,19.9,0.0,0.0,0.0,0.0,19.9,19.9,19.9,0.0
2020-11-04,18.208,19.9,0.0,19.9,0.0,0.0,0.0,0.0,19.9,19.9,19.9,0.0
2020-11-05,16.47,18.0,-9.5477,18.0,200.0,3600000.0,0.0,0.0,18.0,18.0,18.0,200.0
2020-11-06,16.47,18.0,0.0,18.0,0.0,0.0,0.0,0.0,18.0,18.0,18.0,0.0
2020-11-09,16.47,18.0,0.0,18.0,0.0,0.0,0.0,0.0,18.0,18.0,18.0,0.0
2020-11-10,16.47,18.0,0.0,18.0,0.0,0.0,0.0,0.0,18.0,18.0,18.0,0.0
2020-11-11,16.47,18.0,0.0,18.0,0.0,0.0,0.0,0.0,18.0,18.0,18.0,0.0
2020-11-12,16.47,18.0,0.0,18.0,0.0,0.0,0.0,0.0,18.0,18.0,18.0,0.0
2020-11-13,16.47,18.0,0.0,18.0,0.0,0.0,0.0,0.0,18.0,18.0,18.0,0.0
2020-11-16,14.822,16.2,-10.0,16.2,200.0,3240000.0,0.0,0.0,16.2,16.2,16.2,200.0
2020-11-17,14.822,16.2,0.0,16.2,0.0,0.0,0.0,0.0,16.2,16.2,16.2,0.0
2020-11-18,13.358,14.6,-9.8765,14.867,1275.0,18935000.0,0.0,0.0,17.8,17.8,14.6,1275.0
2020-11-19,13.358,14.6,0.0,14.6,9.0,130500.0,0.0,0.0,14.6,14.6,14.6,9.0
2020-11-20,12.078,13.2,-9.589,13.24,500.0,6620000.0,0.0,0.0,13.3,13.3,13.2,500.0
2020-11-23,13.267,14.5,9.8485,13.308,1200.0,15970000.0,0.0,0.0,13.2,14.5,13.2,1200.0
2020-11-24,14.548,15.9,9.6552,15.9,100.0,1590000.0,0.0,0.0,15.9,15.9,15.9,100.0
2020-11-25,15.92,17.4,9.434,17.4,100.0,1740000.0,0.0,0.0,17.4,17.4,17.4,100.0
2020-11-26,16.926,18.5,6.3218,16.92,540.0,9096000.0,0.0,0.0,19.0,19.0,15.7,540.0
2020-11-27,17.384,19.0,2.7027,18.042,1200.0,21650000.0,0.0,0.0,16.7,19.0,16.7,1200.0
2020-11-30,17.384,19.0,0.0,17.248,9000.0,155230000.0,0.0,0.0,17.1,19.0,17.1,9000.0
2020-12-01,17.384,19.0,0.0,19.0,0.0,0.0,0.0,0.0,19.0,19.0,19.0,0.0
2020-12-02,17.384,19.0,0.0,19.0,0.0,0.0,0.0,0.0,19.0,19.0,19.0,0.0
2020-12-03,17.384,19.0,0.0,19.0,0.0,0.0,0.0,0.0,19.0,19.0,19.0,0.0
2020-12-04,17.384,19.0,0.0,19.0,0.0,0.0,0.0,0.0,19.0,19.0,19.0,0.0
2020-12-07,17.384,19.0,0.0,19.0,0.0,0.0,0.0,0.0,19.0,19.0,19.0,0.0
2020-12-08,17.384,19.0,0.0,19.0,0.0,0.0,0.0,0.0,19.0,19.0,19.0,0.0
2020-12-09,17.384,19.0,0.0,19.0,0.0,0.0,0.0,0.0,19.0,19.0,19.0,0.0
2020-12-10,17.384,19.0,0.0,19.0,0.0,0.0,0.0,0.0,19.0,19.0,19.0,0.0
2020-12-11,17.384,19.0,0.0,19.0,0.0,0.0,0.0,0.0,19.0,19.0,19.0,0.0
2020-12-14,17.384,19.0,0.0,19.0,0.0,0.0,0.0,0.0,19.0,19.0,19.0,0.0
2020-12-15,17.384,19.0,0.0,19.0,0.0,0.0,0.0,0.0,19.0,19.0,19.0,0.0
2020-12-16,15.646,17.1,-10.0,17.1,100.0,1710000.0,0.0,0.0,17.1,17.1,17.1,100.0
2020-12-17,15.646,17.1,0.0,17.1,0.0,0.0,0.0,0.0,17.1,17.1,17.1,0.0
2020-12-18,15.646,17.1,0.0,17.1,0.0,0.0,0.0,0.0,17.1,17.1,17.1,0.0
2020-12-21,14.091,15.4,-9.9415,15.4,100.0,1540000.0,0.0,0.0,15.4,15.4,15.4,100.0
2020-12-22,12.718,13.9,-9.7403,13.961,3685.0,51441500.0,0.0,0.0,15.0,15.0,13.9,3685.0
2020-12-23,13.907,15.2,9.3525,15.2,1200.0,18240000.0,0.0,0.0,15.2,15.2,15.2,1200.0
2020-12-24,12.809,14.0,-7.8947,15.35,200.0,3070000.0,0.0,0.0,16.7,16.7,14.0,200.0
2020-12-25,14.091,15.4,10.0,15.029,9610.0,144434000.0,0.0,0.0,15.4,15.4,15.0,9610.0
2020-12-28,15.188,16.6,7.7922,15.733,600.0,9440000.0,0.0,0.0,14.0,16.7,14.0,600.0
2020-12-29,16.377,17.9,7.8313,16.382,4400.0,72080000.0,0.0,0.0,17.0,17.9,15.0,4400.0
2020-12-30,16.926,18.5,3.352,18.5,600.0,11100000.0,0.0,0.0,18.5,18.5,18.5,600.0
2020-12-31,17.019,18.6,0.5405,18.6,425.0,7905000.0,0.0,0.0,18.6,18.6,18.6,425.0
2021-01-04,15.371,16.8,-9.6774,16.8,100.0,1680000.0,0.0,0.0,16.8,16.8,16.8,100.0
2021-01-05,15.28,16.7,-0.5952,15.512,1700.0,26370000.0,0.0,0.0,15.3,16.7,15.3,1700.0
2021-01-06,15.188,16.6,-0.5988,16.6,2400.0,39840000.0,0.0,0.0,16.6,16.6,16.6,2400.0
2021-01-07,15.188,16.6,0.0,16.6,0.0,0.0,0.0,0.0,16.6,16.6,16.6,0.0
2021-01-08,15.092,15.7,-0.6329,15.775,800.0,12620000.0,0.0,0.0,15.8,15.8,15.7,800.0
2021-01-11,15.092,15.7,0.0,15.7,0.0,0.0,0.0,0.0,15.7,15.7,15.7,0.0
2021-01-12,15.092,15.7,0.0,15.7,0.0,0.0,0.0,0.0,15.7,15.7,15.7,0.0
2021-01-13,15.092,15.7,0.0,15.7,0.0,0.0,0.0,0.0,15.7,15.7,15.7,0.0
2021-01-14,14.419,15.0,-4.4586,15.0,100.0,1500000.0,0.0,0.0,15.0,15.0,15.0,100.0
2021-01-15,14.419,15.0,0.0,15.0,0.0,0.0,0.0,0.0,15.0,15.0,15.0,0.0
2021-01-18,14.419,15.0,0.0,15.0,0.0,0.0,0.0,0.0,15.0,15.0,15.0,0.0
2021-01-19,14.419,15.0,0.0,15.2,400.0,6080000.0,0.0,0.0,15.8,15.8,15.0,400.0
2021-01-20,14.419,15.0,0.0,15.0,0.0,0.0,0.0,0.0,15.0,15.0,15.0,0.0
2021-01-21,14.419,15.0,0.0,15.0,100.0,1500000.0,0.0,0.0,15.0,15.0,15.0,100.0
2021-01-22,14.419,15.0,0.0,15.0,500.0,7500000.0,0.0,0.0,15.0,15.0,15.0,500.0
2021-01-25,14.419,15.0,0.0,15.0,0.0,0.0,0.0,0.0,15.0,15.0,15.0,0.0
2021-01-26,14.419,15.0,0.0,15.0,0.0,0.0,0.0,0.0,15.0,15.0,15.0,0.0
2021-01-27,13.074,13.6,-9.3333,13.6,100.0,1360000.0,0.0,0.0,13.6,13.6,13.6,100.0
2021-01-28,14.323,14.9,9.5588,14.9,100.0,1490000.0,0.0,0.0,14.9,14.9,14.9,100.0
2021-01-29,15.669,16.3,9.396,16.1,200.0,3220000.0,0.0,0.0,15.9,16.3,15.9,200.0
2021-02-01,15.669,16.3,0.0,16.3,0.0,0.0,0.0,0.0,16.3,16.3,16.3,0.0
2021-02-02,15.669,16.3,0.0,16.3,0.0,0.0,0.0,0.0,16.3,16.3,16.3,0.0
2021-02-03,15.669,16.3,0.0,16.3,0.0,0.0,0.0,0.0,16.3,16.3,16.3,0.0
2021-02-04,14.131,14.7,-9.816,14.7,1400.0,20580000.0,0.0,0.0,14.7,14.7,14.7,1400.0
2021-02-05,15.188,15.8,7.483,15.8,100.0,1580000.0,0.0,0.0,15.8,15.8,15.8,100.0
2021-02-08,13.746,14.3,-9.4937,14.3,1100.0,15730000.0,0.0,0.0,14.3,14.3,14.3,1100.0
2021-02-09,14.996,15.6,9.0909,15.6,100.0,1560000.0,0.0,0.0,15.6,15.6,15.6,100.0
2021-02-17,15.669,16.3,4.4872,14.441,1700.0,24550000.0,0.0,0.0,14.1,16.4,14.1,1700.0
2021-02-18,15.285,15.9,-2.454,14.908,1200.0,17890000.0,0.0,0.0,15.0,15.9,14.8,1200.0
2021-02-19,15.669,16.3,2.5157,15.9,500.0,7950000.0,0.0,0.0,15.8,16.3,15.8,500.0
2021-02-22,15.669,16.3,0.0,16.3,0.0,0.0,0.0,0.0,16.3,16.3,16.3,0.0
2021-02-23,15.669,16.3,0.0,16.3,0.0,0.0,0.0,0.0,16.3,16.3,16.3,0.0
2021-02-24,14.131,14.7,-9.816,14.7,200.0,2940000.0,0.0,0.0,14.7,14.7,14.7,200.0
2021-02-25,14.131,14.7,0.0,14.7,0.0,0.0,0.0,0.0,14.7,14.7,14.7,0.0
2021-02-26,15.285,15.9,8.1633,15.833,300.0,4750000.0,0.0,0.0,15.8,15.9,15.8,300.0
2021-03-01,15.285,15.9,0.0,15.9,0.0,0.0,0.0,0.0,15.9,15.9,15.9,0.0
2021-03-02,15.285,15.9,0.0,15.9,0.0,0.0,0.0,0.0,15.9,15.9,15.9,0.0
2021-03-03,13.939,14.5,-8.805,14.5,800.0,11600000.0,0.0,0.0,14.5,14.5,14.5,800.0
2021-03-04,13.939,14.5,0.0,14.5,0.0,0.0,0.0,0.0,14.5,14.5,14.5,0.0
2021-03-05,13.939,14.5,0.0,14.5,0.0,0.0,0.0,0.0,14.5,14.5,14.5,0.0
2021-03-08,13.939,14.5,0.0,14.5,0.0,0.0,0.0,0.0,14.5,14.5,14.5,0.0
2021-03-09,13.939,14.5,0.0,14.5,0.0,0.0,0.0,0.0,14.5,14.5,14.5,0.0
2021-03-10,13.939,14.5,0.0,14.5,900.0,13050000.0,0.0,0.0,14.5,14.5,14.5,900.0
2021-03-11,13.939,14.5,0.0,14.5,0.0,0.0,0.0,0.0,14.5,14.5,14.5,0.0
2021-03-12,13.939,14.5,0.0,14.5,0.0,0.0,0.0,0.0,14.5,14.5,14.5,0.0
2021-03-15,14.804,15.4,6.2069,15.4,100.0,1540000.0,0.0,0.0,15.4,15.4,15.4,100.0
2021-03-16,14.804,15.4,0.0,15.397,3000.0,46190000.0,0.0,0.0,15.3,15.4,15.3,3000.0
2021-03-17,15.285,15.9,3.2468,15.733,300.0,4720000.0,0.0,0.0,15.4,15.9,15.4,300.0
2021-03-18,15.285,15.9,0.0,15.9,0.0,0.0,0.0,0.0,15.9,15.9,15.9,0.0
2021-03-19,15.285,15.9,0.0,15.9,0.0,0.0,0.0,0.0,15.9,15.9,15.9,0.0
2021-03-22,15.285,15.9,0.0,15.9,0.0,0.0,0.0,0.0,15.9,15.9,15.9,0.0
2021-03-23,15.381,16.0,0.6289,16.0,100.0,1600000.0,0.0,0.0,16.0,16.0,16.0,100.0
2021-03-24,15.381,16.0,0.0,16.0,0.0,0.0,0.0,0.0,16.0,16.0,16.0,0.0
2021-03-25,15.381,16.0,0.0,16.0,0.0,0.0,0.0,0.0,16.0,16.0,16.0,0.0
2021-03-26,14.035,14.6,-8.75,14.6,200.0,2920000.0,0.0,0.0,14.6,14.6,14.6,200.0
2021-03-29,15.188,15.8,8.2192,15.8,100.0,1580000.0,0.0,0.0,15.8,15.8,15.8,100.0
2021-03-30,15.669,16.3,3.1646,15.967,300.0,4790000.0,0.0,0.0,15.8,16.3,15.8,300.0
2021-03-31,15.381,16.0,-1.8405,16.3,400.0,6520000.0,0.0,0.0,16.2,16.8,16.0,400.0
2021-04-01,15.381,16.0,0.0,16.0,0.0,0.0,0.0,0.0,16.0,16.0,16.0,0.0
2021-04-02,15.381,16.0,0.0,16.0,0.0,0.0,0.0,0.0,16.0,16.0,16.0,0.0
2021-04-05,14.131,14.7,-8.125,14.7,200.0,2940000.0,0.0,0.0,14.7,14.7,14.7,200.0
2021-04-06,14.131,14.7,0.0,14.7,0.0,0.0,0.0,0.0,14.7,14.7,14.7,0.0
2021-04-07,13.939,14.5,-1.3605,14.5,100.0,1450000.0,0.0,0.0,14.5,14.5,14.5,100.0
2021-04-08,13.939,14.5,0.0,14.5,0.0,0.0,0.0,0.0,14.5,14.5,14.5,0.0
2021-04-09,13.939,14.5,0.0,14.5,0.0,0.0,0.0,0.0,14.5,14.5,14.5,0.0
2021-04-12,13.939,14.5,0.0,14.5,0.0,0.0,0.0,0.0,14.5,14.5,14.5,0.0
2021-04-13,13.939,14.5,0.0,14.5,100.0,1450000.0,0.0,0.0,14.5,14.5,14.5,100.0
2021-04-14,13.939,14.5,0.0,14.5,0.0,0.0,0.0,0.0,14.5,14.5,14.5,0.0
2021-04-15,13.939,14.5,0.0,14.5,0.0,0.0,0.0,0.0,14.5,14.5,14.5,0.0
2021-04-16,13.939,14.5,0.0,14.5,0.0,0.0,0.0,0.0,14.5,14.5,14.5,0.0
2021-04-19,14.419,15.0,3.4483,14.75,200.0,2950000.0,0.0,0.0,14.5,15.0,14.5,200.0
2021-04-20,14.419,15.0,0.0,15.0,100.0,1500000.0,0.0,0.0,15.0,15.0,15.0,100.0
2021-04-22,14.9,15.5,3.3333,15.5,100.0,1550000.0,0.0,0.0,15.5,15.5,15.5,100.0
2021-04-23,14.419,15.0,-3.2258,15.0,100.0,1500000.0,0.0,0.0,15.0,15.0,15.0,100.0
2021-04-26,14.419,15.0,0.0,15.0,0.0,0.0,0.0,0.0,15.0,15.0,15.0,0.0
2021-04-27,13.458,14.0,-6.6667,13.75,220.0,3050000.0,0.0,0.0,13.5,14.0,13.5,220.0
2021-04-28,14.323,14.9,6.4286,13.65,800.0,10920000.0,0.0,0.0,13.5,14.9,12.7,800.0
2021-04-29,14.804,15.4,3.3557,15.15,200.0,3030000.0,0.0,0.0,14.9,15.4,14.9,200.0
2021-05-04,14.804,15.4,0.0,15.4,0.0,0.0,0.0,0.0,15.4,15.4,15.4,0.0
2021-05-05,13.554,14.1,-8.4416,14.1,100.0,1410000.0,0.0,0.0,14.1,14.1,14.1,100.0
2021-05-06,13.65,14.2,0.7092,14.2,100.0,1420000.0,0.0,0.0,14.2,14.2,14.2,100.0
2021-05-07,13.65,14.2,0.0,14.2,0.0,0.0,0.0,0.0,14.2,14.2,14.2,0.0
2021-05-10,13.65,14.2,0.0,14.2,100.0,1420000.0,0.0,0.0,14.2,14.2,14.2,100.0
2021-05-11,13.843,14.4,1.4085,14.4,100.0,1440000.0,0.0,0.0,14.4,14.4,14.4,100.0
2021-05-12,14.9,15.5,7.6389,15.075,800.0,12060000.0,0.0,0.0,14.3,15.5,14.3,800.0
2021-05-13,16.0,16.0,7.3826,16.0,100.0,1600000.0,0.0,0.0,16.0,16.0,16.0,100.0
2021-05-14,16.0,16.0,0.0,16.0,0.0,0.0,0.0,0.0,16.0,16.0,16.0,0.0
2021-05-17,16.0,16.0,0.0,16.0,0.0,0.0,0.0,0.0,16.0,16.0,16.0,0.0
2021-05-18,16.0,16.0,0.0,16.0,0.0,0.0,0.0,0.0,16.0,16.0,16.0,0.0
2021-05-19,16.0,16.0,0.0,16.0,0.0,0.0,0.0,0.0,16.0,16.0,16.0,0.0
2021-05-20,16.5,16.5,3.125,16.5,100.0,1650000.0,0.0,0.0,16.5,16.5,16.5,100.0
2021-05-21,16.5,16.5,0.0,16.5,0.0,0.0,0.0,0.0,16.5,16.5,16.5,0.0
2021-05-24,16.5,16.5,0.0,16.5,0.0,0.0,0.0,0.0,16.5,16.5,16.5,0.0
2021-05-25,16.5,16.5,0.0,16.5,0.0,0.0,0.0,0.0,16.5,16.5,16.5,0.0
2021-05-26,16.0,16.0,-3.0303,16.0,100.0,1600000.0,0.0,0.0,16.0,16.0,16.0,100.0
2021-05-27,16.0,16.0,0.0,16.0,0.0,0.0,0.0,0.0,16.0,16.0,16.0,0.0
2021-05-28,16.0,16.0,0.0,16.0,0.0,0.0,0.0,0.0,16.0,16.0,16.0,0.0
2021-05-31,16.0,16.0,0.0,16.0,0.0,0.0,0.0,0.0,16.0,16.0,16.0,0.0
2021-06-01,16.0,16.0,0.0,16.0,0.0,0.0,0.0,0.0,16.0,16.0,16.0,0.0
2021-06-02,16.0,16.0,0.0,16.0,0.0,0.0,0.0,0.0,16.0,16.0,16.0,0.0
2021-06-03,16.0,16.0,0.0,16.0,0.0,0.0,0.0,0.0,16.0,16.0,16.0,0.0
2021-06-04,16.0,16.0,0.0,16.0,0.0,0.0,0.0,0.0,16.0,16.0,16.0,0.0
2021-06-07,14.4,14.4,-10.0,14.4,100.0,1440000.0,0.0,0.0,14.4,14.4,14.4,100.0
2021-06-08,13.2,13.2,-8.3333,13.192,4900.0,64640000.0,0.0,0.0,13.1,13.2,13.0,4900.0
2021-06-09,12.8,12.8,-3.0303,12.8,100.0,1280000.0,0.0,0.0,12.8,12.8,12.8,100.0
2021-06-10,12.0,12.0,-6.25,12.0,150.0,1815000.0,0.0,0.0,12.0,12.0,12.0,150.0
2021-06-11,12.1,12.1,0.8333,12.16,2550.0,31000000.0,0.0,0.0,13.2,13.2,12.1,2550.0
2021-06-14,12.1,12.1,0.0,12.09,12934.0,156337400.0,0.0,0.0,12.1,13.3,11.1,12934.0
2021-06-15,11.9,11.9,-1.6529,11.598,8700.0,100900000.0,0.0,0.0,11.9,11.9,10.9,8700.0
2021-06-16,11.5,11.5,-3.3613,11.754,1300.0,15280000.0,0.0,0.0,11.8,11.8,11.5,1300.0
2021-06-17,11.2,11.2,-2.6087,11.347,1700.0,19290000.0,0.0,0.0,11.0,11.8,10.7,1700.0
2021-06-18,11.5,11.5,2.6786,11.394,5200.0,59250000.0,0.0,0.0,11.2,11.5,11.2,5200.0
2021-06-21,11.6,11.6,0.8696,11.496,2603.0,29924500.0,0.0,0.0,11.6,11.6,11.2,2603.0
2021-06-22,11.3,11.3,-2.5862,11.44,550.0,6300000.0,0.0,0.0,11.6,11.9,11.0,550.0
2021-06-23,11.6,11.6,2.6549,11.484,1900.0,21820000.0,0.0,0.0,11.3,11.8,11.3,1900.0
2021-06-24,11.5,11.5,-0.8621,11.7,600.0,7020000.0,0.0,0.0,11.7,11.9,11.5,600.0
2021-06-25,11.6,11.6,0.8696,11.675,400.0,4670000.0,0.0,0.0,11.7,11.7,11.6,400.0
2021-06-28,11.6,11.6,0.0,11.744,900.0,10570000.0,0.0,0.0,12.0,12.0,11.0,900.0
2021-06-29,11.7,11.7,0.8621,11.7,1100.0,12870000.0,0.0,0.0,11.7,11.7,11.7,1100.0
2021-06-30,10.9,10.9,-6.8376,10.945,3300.0,36120000.0,0.0,0.0,11.6,11.7,10.9,3300.0
2021-07-01,11.2,11.2,2.7523,11.1,265.0,2868800.0,0.0,0.0,11.0,11.2,11.0,265.0
2021-07-02,11.6,11.6,3.5714,11.54,580.0,6588000.0,0.0,0.0,11.5,11.6,11.5,580.0
2021-07-05,11.5,11.5,-0.8621,11.5,1100.0,12650000.0,0.0,0.0,11.5,11.5,11.5,1100.0
2021-07-06,11.5,11.5,0.0,11.5,100.0,1150000.0,0.0,0.0,11.5,11.5,11.5,100.0
2021-07-07,11.5,11.5,0.0,11.5,2200.0,25300000.0,0.0,0.0,11.5,11.5,11.5,2200.0
2021-07-08,11.5,11.5,0.0,11.5,0.0,0.0,0.0,0.0,11.5,11.5,11.5,0.0
2021-07-09,11.1,11.1,-3.4783,11.18,500.0,5590000.0,0.0,0.0,11.5,11.5,11.1,500.0
2021-07-12,11.0,11.0,-0.9009,11.033,300.0,3310000.0,0.0,0.0,11.1,11.1,11.0,300.0
2021-07-13,11.3,11.3,2.7273,11.043,700.0,7730000.0,0.0,0.0,11.0,11.3,11.0,700.0
2021-07-14,11.3,11.3,0.0,11.1,200.0,2220000.0,0.0,0.0,10.9,11.3,10.9,200.0
2021-07-15,11.3,11.3,0.0,11.3,0.0,0.0,0.0,0.0,11.3,11.3,11.3,0.0
2021-07-16,11.3,11.3,0.0,11.3,0.0,0.0,0.0,0.0,11.3,11.3,11.3,0.0
2021-07-19,12.0,12.0,6.1947,11.707,4110.0,48118000.0,0.0,0.0,11.4,12.0,11.4,4110.0
2021-07-20,11.1,11.1,-7.5,11.1,110.0,1230000.0,0.0,0.0,11.1,11.1,11.1,110.0
2021-07-21,11.5,11.5,3.6036,11.5,100.0,1150000.0,0.0,0.0,11.5,11.5,11.5,100.0
2021-07-22,11.5,11.5,0.0,11.5,0.0,0.0,0.0,0.0,11.5,11.5,11.5,0.0
2021-07-23,11.6,11.6,0.8696,11.6,500.0,5800000.0,0.0,0.0,11.6,11.6,11.6,500.0
2021-07-26,11.6,11.6,0.0,11.6,0.0,0.0,0.0,0.0,11.6,11.6,11.6,0.0
2021-07-27,11.6,11.6,0.0,11.6,0.0,0.0,0.0,0.0,11.6,11.6,11.6,0.0
2021-07-28,11.8,11.8,1.7241,11.8,621.0,7323600.0,0.0,0.0,11.8,11.8,11.8,621.0
2021-07-29,11.5,11.5,-2.5424,11.5,200.0,2300000.0,0.0,0.0,11.5,11.5,11.5,200.0
2021-07-30,11.5,11.5,0.0,11.5,0.0,0.0,0.0,0.0,11.5,11.5,11.5,0.0
2021-08-02,11.5,11.5,0.0,11.5,0.0,0.0,0.0,0.0,11.5,11.5,11.5,0.0
2021-08-03,11.5,11.5,0.0,11.56,510.0,5890000.0,0.0,0.0,11.8,11.8,11.5,510.0
2021-08-04,11.5,11.5,0.0,11.5,0.0,0.0,0.0,0.0,11.5,11.5,11.5,0.0
2021-08-05,11.5,11.5,0.0,11.5,0.0,0.0,0.0,0.0,11.5,11.5,11.5,0.0
2021-08-06,11.8,11.8,2.6087,11.8,200.0,2360000.0,0.0,0.0,11.8,11.8,11.8,200.0
2021-08-09,11.8,11.8,0.0,11.8,0.0,0.0,0.0,0.0,11.8,11.8,11.8,0.0
2021-08-10,11.5,11.5,-2.5424,11.5,200.0,2300000.0,0.0,0.0,11.5,11.5,11.5,200.0
2021-08-11,11.7,11.7,1.7391,11.7,100.0,1170000.0,0.0,0.0,11.7,11.7,11.7,100.0
2021-08-12,11.8,11.8,0.8547,11.767,300.0,3530000.0,0.0,0.0,11.7,11.8,11.7,300.0
2021-08-13,11.8,11.8,0.0,11.8,100.0,1180000.0,0.0,0.0,11.8,11.8,11.8,100.0
2021-08-16,11.8,11.8,0.0,11.8,0.0,0.0,0.0,0.0,11.8,11.8,11.8,0.0
2021-08-17,11.8,11.8,0.0,11.8,0.0,0.0,0.0,0.0,11.8,11.8,11.8,0.0
2021-08-18,11.8,11.8,0.0,11.8,0.0,0.0,0.0,0.0,11.8,11.8,11.8,0.0
2021-08-19,11.7,11.7,-0.8475,11.703,3000.0,35110000.0,0.0,0.0,11.8,11.8,11.7,3000.0
2021-08-20,11.7,11.7,0.0,11.7,0.0,0.0,0.0,0.0,11.7,11.7,11.7,0.0
2021-08-23,11.7,11.7,0.0,11.7,0.0,0.0,0.0,0.0,11.7,11.7,11.7,0.0
2021-08-24,11.7,11.7,0.0,11.7,0.0,0.0,0.0,0.0,11.7,11.7,11.7,0.0
2021-08-25,11.7,11.7,0.0,11.7,0.0,0.0,0.0,0.0,11.7,11.7,11.7,0.0
2021-08-26,11.7,11.7,0.0,11.7,0.0,0.0,0.0,0.0,11.7,11.7,11.7,0.0
2021-08-27,11.7,11.7,0.0,11.7,0.0,0.0,0.0,0.0,11.7,11.7,11.7,0.0
2021-08-30,12.1,12.1,3.4188,11.767,1200.0,14120000.0,0.0,0.0,11.7,12.1,11.7,1200.0
2021-08-31,11.9,11.9,-1.6529,11.833,300.0,3550000.0,0.0,0.0,11.8,11.9,11.8,300.0
2021-09-01,12.1,12.1,1.6807,12.07,1000.0,12070000.0,0.0,0.0,12.1,12.1,12.0,1000.0
2021-09-06,12.5,12.5,3.3058,12.5,400.0,5000000.0,0.0,0.0,12.5,12.5,12.5,400.0
2021-09-07,12.2,12.2,-2.4,12.2,301.0,3672500.0,0.0,0.0,12.2,12.2,12.2,301.0
2021-09-08,12.1,12.1,-0.8197,12.229,700.0,8560000.0,0.0,0.0,12.0,12.3,12.0,700.0
2021-09-09,12.9,12.9,6.6116,12.317,2300.0,28330000.0,0.0,0.0,12.1,12.9,12.1,2300.0
2021-09-10,12.9,12.9,0.0,12.9,0.0,0.0,0.0,0.0,12.9,12.9,12.9,0.0
2021-09-13,14.1,14.1,9.3023,14.039,559600.0,7856130000.0,0.0,0.0,13.0,14.1,13.0,559600.0
2021-09-14,15.5,15.5,9.9291,15.5,3549.0,54940900.0,0.0,0.0,15.5,15.5,15.5,3549.0
2021-09-15,16.5,16.5,6.4516,16.35,1066.0,17362000.0,0.0,0.0,17.0,17.0,15.0,1066.0
2021-09-16,14.9,14.9,-9.697,14.9,1800.0,26820000.0,0.0,0.0,14.9,14.9,14.9,1800.0
2021-09-17,14.1,14.1,-5.3691,13.613,11700.0,159270000.0,0.0,0.0,13.7,14.1,13.5,11700.0
