2016-01-04,1.0,1.0,0.0,1.0,0.0,0.0,0.0,0.0,1.0,1.0,1.0,0.0
2016-01-05,1.0,1.0,0.0,1.0,0.0,0.0,0.0,0.0,1.0,1.0,1.0,0.0
2016-01-06,1.0,1.0,0.0,1.0,0.0,0.0,0.0,0.0,1.0,1.0,1.0,0.0
2016-01-07,1.1,1.1,10.0,1.1,300.0,330000.0,0.0,0.0,1.1,1.1,1.1,300.0
2016-01-08,1.1,1.1,0.0,1.1,0.0,0.0,0.0,0.0,1.1,1.1,1.1,0.0
2016-01-11,1.1,1.1,0.0,1.1,0.0,0.0,0.0,0.0,1.1,1.1,1.1,0.0
2016-01-12,1.1,1.1,0.0,1.1,0.0,0.0,0.0,0.0,1.1,1.1,1.1,0.0
2016-01-13,1.1,1.1,0.0,1.1,0.0,0.0,0.0,0.0,1.1,1.1,1.1,0.0
2016-01-14,1.1,1.1,0.0,1.1,0.0,0.0,0.0,0.0,1.1,1.1,1.1,0.0
2016-01-15,1.0,1.0,-9.0909,1.0,100.0,100000.0,0.0,0.0,1.0,1.0,1.0,100.0
2016-01-18,1.0,1.0,0.0,1.0,0.0,0.0,0.0,0.0,1.0,1.0,1.0,0.0
2016-01-19,1.0,1.0,0.0,1.0,0.0,0.0,0.0,0.0,1.0,1.0,1.0,0.0
2016-01-20,1.0,1.0,0.0,1.0,0.0,0.0,0.0,0.0,1.0,1.0,1.0,0.0
2016-01-21,1.0,1.0,0.0,1.0,0.0,0.0,0.0,0.0,1.0,1.0,1.0,0.0
2016-01-22,1.0,1.0,0.0,1.0,0.0,0.0,0.0,0.0,1.0,1.0,1.0,0.0
2016-01-25,1.1,1.1,10.0,1.1,2600.0,2860000.0,0.0,0.0,1.1,1.1,1.1,2600.0
2016-01-26,1.1,1.1,0.0,1.1,2000.0,2200000.0,0.0,0.0,1.1,1.1,1.1,2000.0
2016-01-27,1.1,1.1,0.0,1.1,0.0,0.0,0.0,0.0,1.1,1.1,1.1,0.0
2016-01-28,1.1,1.1,0.0,1.1,0.0,0.0,0.0,0.0,1.1,1.1,1.1,0.0
2016-01-29,1.1,1.1,0.0,1.1,0.0,0.0,0.0,0.0,1.1,1.1,1.1,0.0
2016-02-01,1.2,1.2,9.0909,1.2,11500.0,13800000.0,0.0,0.0,1.2,1.2,1.2,11500.0
2016-02-02,1.2,1.2,0.0,1.2,0.0,0.0,0.0,0.0,1.2,1.2,1.2,0.0
2016-02-03,1.2,1.2,0.0,1.2,0.0,0.0,0.0,0.0,1.2,1.2,1.2,0.0
2016-02-04,1.2,1.2,0.0,1.2,0.0,0.0,0.0,0.0,1.2,1.2,1.2,0.0
2016-02-05,1.2,1.2,0.0,1.2,0.0,0.0,0.0,0.0,1.2,1.2,1.2,0.0
2016-02-15,1.2,1.2,0.0,1.2,0.0,0.0,0.0,0.0,1.2,1.2,1.2,0.0
2016-02-16,1.2,1.2,0.0,1.2,0.0,0.0,0.0,0.0,1.2,1.2,1.2,0.0
2016-02-17,1.1,1.1,-8.3333,1.1,100.0,110000.0,0.0,0.0,1.1,1.1,1.1,100.0
2016-02-18,1.1,1.1,0.0,1.1,0.0,0.0,0.0,0.0,1.1,1.1,1.1,0.0
2016-02-19,1.1,1.1,0.0,1.1,0.0,0.0,0.0,0.0,1.1,1.1,1.1,0.0
2016-02-22,1.1,1.1,0.0,1.1,0.0,0.0,0.0,0.0,1.1,1.1,1.1,0.0
2016-02-23,1.1,1.1,0.0,1.1,0.0,0.0,0.0,0.0,1.1,1.1,1.1,0.0
2016-02-24,1.1,1.1,0.0,1.1,0.0,0.0,0.0,0.0,1.1,1.1,1.1,0.0
2016-02-25,1.2,1.2,9.0909,1.2,200.0,240000.0,0.0,0.0,1.2,1.2,1.2,200.0
2016-02-26,1.3,1.3,8.3333,1.3,100.0,130000.0,0.0,0.0,1.3,1.3,1.3,100.0
2016-02-29,1.3,1.3,0.0,1.3,0.0,0.0,0.0,0.0,1.3,1.3,1.3,0.0
2016-03-01,1.4,1.4,7.6923,1.4,100.0,140000.0,0.0,0.0,1.4,1.4,1.4,100.0
2016-03-02,1.6,1.6,14.2857,1.6,100.0,160000.0,0.0,0.0,1.6,1.6,1.6,100.0
2016-03-03,1.8,1.8,12.5,1.8,100.0,180000.0,0.0,0.0,1.8,1.8,1.8,100.0
2016-03-04,2.0,2.0,11.1111,2.0,1600.0,3200000.0,0.0,0.0,2.0,2.0,2.0,1600.0
2016-03-07,2.2,2.2,10.0,2.2,100.0,220000.0,0.0,0.0,2.2,2.2,2.2,100.0
2016-03-08,2.2,2.2,0.0,2.2,0.0,0.0,0.0,0.0,2.2,2.2,2.2,0.0
2016-03-09,2.2,2.2,0.0,2.2,0.0,0.0,0.0,0.0,2.2,2.2,2.2,0.0
2016-03-10,2.2,2.2,0.0,2.2,0.0,0.0,0.0,0.0,2.2,2.2,2.2,0.0
2016-03-11,2.2,2.2,0.0,2.2,0.0,0.0,0.0,0.0,2.2,2.2,2.2,0.0
2016-03-14,2.2,2.2,0.0,2.2,0.0,0.0,0.0,0.0,2.2,2.2,2.2,0.0
2016-03-15,1.9,1.9,-13.6364,1.9,100.0,190000.0,0.0,0.0,1.9,1.9,1.9,100.0
2016-03-16,1.8,1.8,-5.2632,1.8,100.0,180000.0,0.0,0.0,1.8,1.8,1.8,100.0
2016-03-17,1.8,1.8,0.0,1.8,0.0,0.0,0.0,0.0,1.8,1.8,1.8,0.0
2016-03-18,1.6,1.6,-11.1111,1.6,100.0,160000.0,0.0,0.0,1.6,1.6,1.6,100.0
2016-03-21,1.8,1.8,12.5,1.6,300.0,480000.0,0.0,0.0,1.5,1.8,1.5,300.0
2016-03-22,1.6,1.6,0.0,1.6,0.0,0.0,0.0,0.0,1.6,1.6,1.6,0.0
2016-03-23,1.6,1.6,0.0,1.6,0.0,0.0,0.0,0.0,1.6,1.6,1.6,0.0
2016-03-24,1.6,1.6,0.0,1.6,0.0,0.0,0.0,0.0,1.6,1.6,1.6,0.0
2016-03-25,1.6,1.6,0.0,1.6,1000.0,1600000.0,0.0,0.0,1.6,1.6,1.6,1000.0
2016-03-28,1.4,1.4,-12.5,1.4,400.0,560000.0,0.0,0.0,1.4,1.4,1.4,400.0
2016-03-29,1.4,1.4,0.0,1.4,0.0,0.0,0.0,0.0,1.4,1.4,1.4,0.0
2016-03-30,1.6,1.6,14.2857,1.6,100.0,160000.0,0.0,0.0,1.6,1.6,1.6,100.0
2016-03-31,1.4,1.4,-12.5,1.4,100.0,140000.0,0.0,0.0,1.4,1.4,1.4,100.0
2016-04-01,1.4,1.4,0.0,1.4,0.0,0.0,0.0,0.0,1.4,1.4,1.4,0.0
2016-04-04,1.4,1.4,0.0,1.4,0.0,0.0,0.0,0.0,1.4,1.4,1.4,0.0
2016-04-05,1.4,1.4,0.0,1.3,200.0,260000.0,0.0,0.0,1.2,1.4,1.2,200.0
2016-04-06,1.2,1.2,-7.6923,1.2,1500.0,1800000.0,0.0,0.0,1.2,1.2,1.2,1500.0
2016-04-07,1.2,1.2,0.0,1.2,1100.0,1320000.0,0.0,0.0,1.2,1.2,1.2,1100.0
2016-04-08,1.2,1.2,0.0,1.2,100.0,120000.0,0.0,0.0,1.2,1.2,1.2,100.0
2016-04-11,1.3,1.3,8.3333,1.3,1200.0,1560000.0,0.0,0.0,1.3,1.3,1.3,1200.0
2016-04-12,1.3,1.3,0.0,1.3,0.0,0.0,0.0,0.0,1.3,1.3,1.3,0.0
2016-04-13,1.3,1.3,0.0,1.3,0.0,0.0,0.0,0.0,1.3,1.3,1.3,0.0
2016-04-14,1.3,1.3,0.0,1.3,0.0,0.0,0.0,0.0,1.3,1.3,1.3,0.0
2016-04-15,1.3,1.3,0.0,1.3,0.0,0.0,0.0,0.0,1.3,1.3,1.3,0.0
2016-04-19,1.3,1.3,0.0,1.3,0.0,0.0,0.0,0.0,1.3,1.3,1.3,0.0
2016-04-20,1.3,1.3,0.0,1.3,0.0,0.0,0.0,0.0,1.3,1.3,1.3,0.0
2016-04-21,1.3,1.3,0.0,1.3,0.0,0.0,0.0,0.0,1.3,1.3,1.3,0.0
2016-04-22,1.3,1.3,0.0,1.3,0.0,0.0,0.0,0.0,1.3,1.3,1.3,0.0
2016-04-25,1.3,1.3,0.0,1.3,0.0,0.0,0.0,0.0,1.3,1.3,1.3,0.0
2016-04-26,1.3,1.3,0.0,1.3,0.0,0.0,0.0,0.0,1.3,1.3,1.3,0.0
2016-04-27,1.3,1.3,0.0,1.3,0.0,0.0,0.0,0.0,1.3,1.3,1.3,0.0
2016-04-28,1.3,1.3,0.0,1.3,0.0,0.0,0.0,0.0,1.3,1.3,1.3,0.0
2016-04-29,1.3,1.3,0.0,1.3,0.0,0.0,0.0,0.0,1.3,1.3,1.3,0.0
2016-05-04,1.3,1.3,0.0,1.3,0.0,0.0,0.0,0.0,1.3,1.3,1.3,0.0
2016-05-05,1.3,1.3,0.0,1.3,0.0,0.0,0.0,0.0,1.3,1.3,1.3,0.0
2016-05-06,1.3,1.3,0.0,1.3,0.0,0.0,0.0,0.0,1.3,1.3,1.3,0.0
2016-05-09,1.3,1.3,0.0,1.3,0.0,0.0,0.0,0.0,1.3,1.3,1.3,0.0
2016-05-10,1.2,1.2,-7.6923,1.2,100.0,120000.0,0.0,0.0,1.2,1.2,1.2,100.0
2016-05-11,1.2,1.2,0.0,1.2,0.0,0.0,0.0,0.0,1.2,1.2,1.2,0.0
2016-05-12,1.2,1.2,0.0,1.2,0.0,0.0,0.0,0.0,1.2,1.2,1.2,0.0
2016-05-13,1.2,1.2,0.0,1.2,0.0,0.0,0.0,0.0,1.2,1.2,1.2,0.0
2016-05-16,1.2,1.2,0.0,1.2,0.0,0.0,0.0,0.0,1.2,1.2,1.2,0.0
2016-05-17,1.2,1.2,0.0,1.2,0.0,0.0,0.0,0.0,1.2,1.2,1.2,0.0
2016-05-18,1.2,1.2,0.0,1.2,0.0,0.0,0.0,0.0,1.2,1.2,1.2,0.0
2016-05-19,1.2,1.2,0.0,1.2,0.0,0.0,0.0,0.0,1.2,1.2,1.2,0.0
2016-05-20,1.2,1.2,0.0,1.2,0.0,0.0,0.0,0.0,1.2,1.2,1.2,0.0
2016-05-23,1.2,1.2,0.0,1.2,0.0,0.0,0.0,0.0,1.2,1.2,1.2,0.0
2016-05-24,1.2,1.2,0.0,1.2,0.0,0.0,0.0,0.0,1.2,1.2,1.2,0.0
2016-05-25,1.2,1.2,0.0,1.2,0.0,0.0,0.0,0.0,1.2,1.2,1.2,0.0
2016-05-26,1.2,1.2,0.0,1.2,0.0,0.0,0.0,0.0,1.2,1.2,1.2,0.0
2016-05-27,1.2,1.2,0.0,1.2,0.0,0.0,0.0,0.0,1.2,1.2,1.2,0.0
2016-05-30,1.2,1.2,0.0,1.2,0.0,0.0,0.0,0.0,1.2,1.2,1.2,0.0
2016-05-31,1.2,1.2,0.0,1.2,0.0,0.0,0.0,0.0,1.2,1.2,1.2,0.0
2016-06-01,1.2,1.2,0.0,1.2,0.0,0.0,0.0,0.0,1.2,1.2,1.2,0.0
2016-06-02,1.2,1.2,0.0,1.2,0.0,0.0,0.0,0.0,1.2,1.2,1.2,0.0
2016-06-03,1.2,1.2,0.0,1.2,0.0,0.0,0.0,0.0,1.2,1.2,1.2,0.0
2016-06-06,1.2,1.2,0.0,1.2,0.0,0.0,0.0,0.0,1.2,1.2,1.2,0.0
2016-06-07,1.2,1.2,0.0,1.2,0.0,0.0,0.0,0.0,1.2,1.2,1.2,0.0
2016-06-08,1.2,1.2,0.0,1.2,0.0,0.0,0.0,0.0,1.2,1.2,1.2,0.0
2016-06-09,1.2,1.2,0.0,1.2,0.0,0.0,0.0,0.0,1.2,1.2,1.2,0.0
2016-06-10,1.2,1.2,0.0,1.2,0.0,0.0,0.0,0.0,1.2,1.2,1.2,0.0
2016-06-13,1.2,1.2,0.0,1.2,0.0,0.0,0.0,0.0,1.2,1.2,1.2,0.0
2016-06-14,1.2,1.2,0.0,1.2,0.0,0.0,0.0,0.0,1.2,1.2,1.2,0.0
2016-06-15,1.2,1.2,0.0,1.2,0.0,0.0,0.0,0.0,1.2,1.2,1.2,0.0
2016-06-16,1.2,1.2,0.0,1.2,0.0,0.0,0.0,0.0,1.2,1.2,1.2,0.0
2016-06-17,1.2,1.2,0.0,1.2,0.0,0.0,0.0,0.0,1.2,1.2,1.2,0.0
2016-06-20,1.2,1.2,0.0,1.2,0.0,0.0,0.0,0.0,1.2,1.2,1.2,0.0
2016-06-21,1.2,1.2,0.0,1.2,0.0,0.0,0.0,0.0,1.2,1.2,1.2,0.0
2016-06-22,1.2,1.2,0.0,1.2,0.0,0.0,0.0,0.0,1.2,1.2,1.2,0.0
2016-06-23,1.2,1.2,0.0,1.2,0.0,0.0,0.0,0.0,1.2,1.2,1.2,0.0
2016-06-24,1.2,1.2,0.0,1.2,0.0,0.0,0.0,0.0,1.2,1.2,1.2,0.0
2016-06-27,1.2,1.2,0.0,1.2,0.0,0.0,0.0,0.0,1.2,1.2,1.2,0.0
2016-06-28,1.2,1.2,0.0,1.2,0.0,0.0,0.0,0.0,1.2,1.2,1.2,0.0
2016-06-29,1.2,1.2,0.0,1.2,0.0,0.0,0.0,0.0,1.2,1.2,1.2,0.0
2016-06-30,1.2,1.2,0.0,1.2,0.0,0.0,0.0,0.0,1.2,1.2,1.2,0.0
2016-07-01,1.2,1.2,0.0,1.2,0.0,0.0,0.0,0.0,1.2,1.2,1.2,0.0
2016-07-04,1.2,1.2,0.0,1.2,0.0,0.0,0.0,0.0,1.2,1.2,1.2,0.0
2016-07-05,1.2,1.2,0.0,1.2,0.0,0.0,0.0,0.0,1.2,1.2,1.2,0.0
2016-07-06,1.2,1.2,0.0,1.2,0.0,0.0,0.0,0.0,1.2,1.2,1.2,0.0
2016-07-07,1.2,1.2,0.0,1.2,0.0,0.0,0.0,0.0,1.2,1.2,1.2,0.0
2016-07-08,1.2,1.2,0.0,1.2,0.0,0.0,0.0,0.0,1.2,1.2,1.2,0.0
2016-07-11,1.2,1.2,0.0,1.2,0.0,0.0,0.0,0.0,1.2,1.2,1.2,0.0
2016-07-12,1.2,1.2,0.0,1.2,0.0,0.0,0.0,0.0,1.2,1.2,1.2,0.0
2016-07-13,1.2,1.2,0.0,1.2,0.0,0.0,0.0,0.0,1.2,1.2,1.2,0.0
2016-07-14,1.2,1.2,0.0,1.2,0.0,0.0,0.0,0.0,1.2,1.2,1.2,0.0
2016-07-15,1.2,1.2,0.0,1.2,0.0,0.0,0.0,0.0,1.2,1.2,1.2,0.0
2016-07-18,1.2,1.2,0.0,1.2,0.0,0.0,0.0,0.0,1.2,1.2,1.2,0.0
2016-07-19,1.2,1.2,0.0,1.2,0.0,0.0,0.0,0.0,1.2,1.2,1.2,0.0
2016-07-20,1.2,1.2,0.0,1.2,0.0,0.0,0.0,0.0,1.2,1.2,1.2,0.0
2016-07-21,1.2,1.2,0.0,1.2,0.0,0.0,0.0,0.0,1.2,1.2,1.2,0.0
2016-07-22,1.2,1.2,0.0,1.2,0.0,0.0,0.0,0.0,1.2,1.2,1.2,0.0
2016-07-25,1.2,1.2,0.0,1.2,0.0,0.0,0.0,0.0,1.2,1.2,1.2,0.0
2016-07-26,1.2,1.2,0.0,1.2,0.0,0.0,0.0,0.0,1.2,1.2,1.2,0.0
2016-07-27,1.2,1.2,0.0,1.2,0.0,0.0,0.0,0.0,1.2,1.2,1.2,0.0
2016-07-28,1.2,1.2,0.0,1.2,0.0,0.0,0.0,0.0,1.2,1.2,1.2,0.0
2016-07-29,1.2,1.2,0.0,1.2,0.0,0.0,0.0,0.0,1.2,1.2,1.2,0.0
2016-08-01,1.2,1.2,0.0,1.2,0.0,0.0,0.0,0.0,1.2,1.2,1.2,0.0
2016-08-02,1.2,1.2,0.0,1.2,0.0,0.0,0.0,0.0,1.2,1.2,1.2,0.0
2016-08-03,1.2,1.2,0.0,1.2,0.0,0.0,0.0,0.0,1.2,1.2,1.2,0.0
2016-08-04,1.2,1.2,0.0,1.2,0.0,0.0,0.0,0.0,1.2,1.2,1.2,0.0
2016-08-05,1.2,1.2,0.0,1.2,0.0,0.0,0.0,0.0,1.2,1.2,1.2,0.0
2016-08-08,1.2,1.2,0.0,1.2,0.0,0.0,0.0,0.0,1.2,1.2,1.2,0.0
2016-08-09,1.2,1.2,0.0,1.2,0.0,0.0,0.0,0.0,1.2,1.2,1.2,0.0
2016-08-10,1.2,1.2,0.0,1.2,0.0,0.0,0.0,0.0,1.2,1.2,1.2,0.0
2016-08-11,1.2,1.2,0.0,1.2,0.0,0.0,0.0,0.0,1.2,1.2,1.2,0.0
2016-08-12,1.2,1.2,0.0,1.2,0.0,0.0,0.0,0.0,1.2,1.2,1.2,0.0
2016-08-15,1.2,1.2,0.0,1.2,0.0,0.0,0.0,0.0,1.2,1.2,1.2,0.0
2016-08-16,1.2,1.2,0.0,1.2,0.0,0.0,0.0,0.0,1.2,1.2,1.2,0.0
2016-08-17,1.2,1.2,0.0,1.2,0.0,0.0,0.0,0.0,1.2,1.2,1.2,0.0
2016-08-18,1.2,1.2,0.0,1.2,0.0,0.0,0.0,0.0,1.2,1.2,1.2,0.0
2016-08-19,1.2,1.2,0.0,1.2,0.0,0.0,0.0,0.0,1.2,1.2,1.2,0.0
2016-08-22,1.2,1.2,0.0,1.2,0.0,0.0,0.0,0.0,1.2,1.2,1.2,0.0
2016-08-23,1.2,1.2,0.0,1.2,0.0,0.0,0.0,0.0,1.2,1.2,1.2,0.0
2016-08-24,1.2,1.2,0.0,1.2,0.0,0.0,0.0,0.0,1.2,1.2,1.2,0.0
2016-08-25,1.2,1.2,0.0,1.2,0.0,0.0,0.0,0.0,1.2,1.2,1.2,0.0
2016-08-26,1.2,1.2,0.0,1.2,0.0,0.0,0.0,0.0,1.2,1.2,1.2,0.0
2016-08-29,1.2,1.2,0.0,1.2,0.0,0.0,0.0,0.0,1.2,1.2,1.2,0.0
2016-08-30,1.2,1.2,0.0,1.2,0.0,0.0,0.0,0.0,1.2,1.2,1.2,0.0
2016-08-31,1.2,1.2,0.0,1.2,0.0,0.0,0.0,0.0,1.2,1.2,1.2,0.0
2016-09-01,1.2,1.2,0.0,1.2,0.0,0.0,0.0,0.0,1.2,1.2,1.2,0.0
2016-09-05,1.2,1.2,0.0,1.2,0.0,0.0,0.0,0.0,1.2,1.2,1.2,0.0
2016-09-06,1.2,1.2,0.0,1.2,0.0,0.0,0.0,0.0,1.2,1.2,1.2,0.0
2016-09-07,1.2,1.2,0.0,1.2,0.0,0.0,0.0,0.0,1.2,1.2,1.2,0.0
2016-09-08,1.2,1.2,0.0,1.2,0.0,0.0,0.0,0.0,1.2,1.2,1.2,0.0
2016-09-09,1.2,1.2,0.0,1.2,0.0,0.0,0.0,0.0,1.2,1.2,1.2,0.0
2016-09-12,1.2,1.2,0.0,1.2,0.0,0.0,0.0,0.0,1.2,1.2,1.2,0.0
2016-09-13,1.2,1.2,0.0,1.2,0.0,0.0,0.0,0.0,1.2,1.2,1.2,0.0
2016-09-14,1.2,1.2,0.0,1.2,0.0,0.0,0.0,0.0,1.2,1.2,1.2,0.0
2016-09-15,1.2,1.2,0.0,1.2,0.0,0.0,0.0,0.0,1.2,1.2,1.2,0.0
2016-09-16,1.2,1.2,0.0,1.2,0.0,0.0,0.0,0.0,1.2,1.2,1.2,0.0
2016-09-19,1.2,1.2,0.0,1.2,0.0,0.0,0.0,0.0,1.2,1.2,1.2,0.0
2016-09-20,1.2,1.2,0.0,1.2,0.0,0.0,0.0,0.0,1.2,1.2,1.2,0.0
2016-09-21,1.2,1.2,0.0,1.2,0.0,0.0,0.0,0.0,1.2,1.2,1.2,0.0
2016-09-22,1.2,1.2,0.0,1.2,0.0,0.0,0.0,0.0,1.2,1.2,1.2,0.0
2016-09-23,1.2,1.2,0.0,1.2,0.0,0.0,0.0,0.0,1.2,1.2,1.2,0.0
2016-09-26,1.2,1.2,0.0,1.2,0.0,0.0,0.0,0.0,1.2,1.2,1.2,0.0
2016-09-27,1.2,1.2,0.0,1.2,0.0,0.0,0.0,0.0,1.2,1.2,1.2,0.0
2016-09-28,1.2,1.2,0.0,1.2,0.0,0.0,0.0,0.0,1.2,1.2,1.2,0.0
2016-09-29,1.2,1.2,0.0,1.2,0.0,0.0,0.0,0.0,1.2,1.2,1.2,0.0
2016-09-30,1.2,1.2,0.0,1.2,0.0,0.0,0.0,0.0,1.2,1.2,1.2,0.0
2016-10-03,1.2,1.2,0.0,1.2,0.0,0.0,0.0,0.0,1.2,1.2,1.2,0.0
2016-10-04,1.2,1.2,0.0,1.2,0.0,0.0,0.0,0.0,1.2,1.2,1.2,0.0
2016-10-05,1.2,1.2,0.0,1.2,0.0,0.0,0.0,0.0,1.2,1.2,1.2,0.0
2016-10-06,1.2,1.2,0.0,1.2,0.0,0.0,0.0,0.0,1.2,1.2,1.2,0.0
2016-10-07,1.2,1.2,0.0,1.2,0.0,0.0,0.0,0.0,1.2,1.2,1.2,0.0
2016-10-10,1.2,1.2,0.0,1.2,0.0,0.0,0.0,0.0,1.2,1.2,1.2,0.0
2016-10-11,1.2,1.2,0.0,1.2,0.0,0.0,0.0,0.0,1.2,1.2,1.2,0.0
2016-10-12,1.2,1.2,0.0,1.2,0.0,0.0,0.0,0.0,1.2,1.2,1.2,0.0
2016-10-13,1.2,1.2,0.0,1.2,0.0,0.0,0.0,0.0,1.2,1.2,1.2,0.0
2016-10-14,1.6,1.6,33.3333,1.6,100.0,160000.0,0.0,0.0,1.6,1.6,1.6,100.0
2016-10-17,1.6,1.6,0.0,1.6,0.0,0.0,0.0,0.0,1.6,1.6,1.6,0.0
2016-10-18,1.6,1.6,0.0,1.6,0.0,0.0,0.0,0.0,1.6,1.6,1.6,0.0
2016-10-19,1.6,1.6,0.0,1.6,0.0,0.0,0.0,0.0,1.6,1.6,1.6,0.0
2016-10-20,1.6,1.6,0.0,1.6,0.0,0.0,0.0,0.0,1.6,1.6,1.6,0.0
2016-10-21,1.6,1.6,0.0,1.6,0.0,0.0,0.0,0.0,1.6,1.6,1.6,0.0
2016-10-24,1.6,1.6,0.0,1.6,0.0,0.0,0.0,0.0,1.6,1.6,1.6,0.0
2016-10-25,1.6,1.6,0.0,1.6,0.0,0.0,0.0,0.0,1.6,1.6,1.6,0.0
2016-10-26,1.6,1.6,0.0,1.6,0.0,0.0,0.0,0.0,1.6,1.6,1.6,0.0
2016-10-27,1.6,1.6,0.0,1.6,0.0,0.0,0.0,0.0,1.6,1.6,1.6,0.0
2016-10-28,1.6,1.6,0.0,1.6,0.0,0.0,0.0,0.0,1.6,1.6,1.6,0.0
2016-10-31,1.6,1.6,0.0,1.6,0.0,0.0,0.0,0.0,1.6,1.6,1.6,0.0
2016-11-01,1.6,1.6,0.0,1.6,0.0,0.0,0.0,0.0,1.6,1.6,1.6,0.0
2016-11-02,1.6,1.6,0.0,1.6,0.0,0.0,0.0,0.0,1.6,1.6,1.6,0.0
2016-11-03,1.6,1.6,0.0,1.6,0.0,0.0,0.0,0.0,1.6,1.6,1.6,0.0
2016-11-04,1.6,1.6,0.0,1.6,0.0,0.0,0.0,0.0,1.6,1.6,1.6,0.0
2016-11-07,1.6,1.6,0.0,1.6,0.0,0.0,0.0,0.0,1.6,1.6,1.6,0.0
2016-11-08,1.6,1.6,0.0,1.6,0.0,0.0,0.0,0.0,1.6,1.6,1.6,0.0
2016-11-09,1.6,1.6,0.0,1.6,0.0,0.0,0.0,0.0,1.6,1.6,1.6,0.0
2016-11-10,1.6,1.6,0.0,1.6,0.0,0.0,0.0,0.0,1.6,1.6,1.6,0.0
2016-11-11,1.6,1.6,0.0,1.6,0.0,0.0,0.0,0.0,1.6,1.6,1.6,0.0
2016-11-14,1.6,1.6,0.0,1.6,0.0,0.0,0.0,0.0,1.6,1.6,1.6,0.0
2016-11-15,1.6,1.6,0.0,1.6,0.0,0.0,0.0,0.0,1.6,1.6,1.6,0.0
2016-11-16,1.6,1.6,0.0,1.6,0.0,0.0,0.0,0.0,1.6,1.6,1.6,0.0
2016-11-17,1.6,1.6,0.0,1.6,0.0,0.0,0.0,0.0,1.6,1.6,1.6,0.0
2016-11-18,1.6,1.6,0.0,1.6,0.0,0.0,0.0,0.0,1.6,1.6,1.6,0.0
2016-11-21,1.6,1.6,0.0,1.6,0.0,0.0,0.0,0.0,1.6,1.6,1.6,0.0
2016-11-22,1.6,1.6,0.0,1.6,0.0,0.0,0.0,0.0,1.6,1.6,1.6,0.0
2016-11-23,1.6,1.6,0.0,1.6,0.0,0.0,0.0,0.0,1.6,1.6,1.6,0.0
2016-11-24,1.6,1.6,0.0,1.6,0.0,0.0,0.0,0.0,1.6,1.6,1.6,0.0
2016-11-25,1.6,1.6,0.0,1.6,0.0,0.0,0.0,0.0,1.6,1.6,1.6,0.0
2016-11-28,1.6,1.6,0.0,1.6,0.0,0.0,0.0,0.0,1.6,1.6,1.6,0.0
2016-11-29,1.6,1.6,0.0,1.6,0.0,0.0,0.0,0.0,1.6,1.6,1.6,0.0
2016-11-30,1.6,1.6,0.0,1.6,0.0,0.0,0.0,0.0,1.6,1.6,1.6,0.0
2016-12-01,1.6,1.6,0.0,1.6,0.0,0.0,0.0,0.0,1.6,1.6,1.6,0.0
2016-12-02,1.6,1.6,0.0,1.6,0.0,0.0,0.0,0.0,1.6,1.6,1.6,0.0
2016-12-05,1.6,1.6,0.0,1.6,0.0,0.0,0.0,0.0,1.6,1.6,1.6,0.0
2016-12-06,1.6,1.6,0.0,1.6,0.0,0.0,0.0,0.0,1.6,1.6,1.6,0.0
2016-12-07,1.6,1.6,0.0,1.6,0.0,0.0,0.0,0.0,1.6,1.6,1.6,0.0
2016-12-08,1.6,1.6,0.0,1.6,0.0,0.0,0.0,0.0,1.6,1.6,1.6,0.0
2016-12-09,1.6,1.6,0.0,1.6,0.0,0.0,0.0,0.0,1.6,1.6,1.6,0.0
2016-12-12,1.6,1.6,0.0,1.6,0.0,0.0,0.0,0.0,1.6,1.6,1.6,0.0
2016-12-13,1.6,1.6,0.0,1.6,0.0,0.0,0.0,0.0,1.6,1.6,1.6,0.0
2016-12-14,1.6,1.6,0.0,1.6,0.0,0.0,0.0,0.0,1.6,1.6,1.6,0.0
2016-12-15,1.6,1.6,0.0,1.6,0.0,0.0,0.0,0.0,1.6,1.6,1.6,0.0
2016-12-16,1.6,1.6,0.0,1.6,0.0,0.0,0.0,0.0,1.6,1.6,1.6,0.0
2016-12-19,1.6,1.6,0.0,1.6,0.0,0.0,0.0,0.0,1.6,1.6,1.6,0.0
2016-12-20,1.6,1.6,0.0,1.6,0.0,0.0,0.0,0.0,1.6,1.6,1.6,0.0
2016-12-21,1.6,1.6,0.0,1.6,0.0,0.0,0.0,0.0,1.6,1.6,1.6,0.0
2016-12-22,1.6,1.6,0.0,1.6,0.0,0.0,0.0,0.0,1.6,1.6,1.6,0.0
2016-12-23,1.6,1.6,0.0,1.6,0.0,0.0,0.0,0.0,1.6,1.6,1.6,0.0
2016-12-26,1.6,1.6,0.0,1.6,0.0,0.0,0.0,0.0,1.6,1.6,1.6,0.0
2016-12-27,1.6,1.6,0.0,1.6,0.0,0.0,0.0,0.0,1.6,1.6,1.6,0.0
2016-12-28,1.6,1.6,0.0,1.6,0.0,0.0,0.0,0.0,1.6,1.6,1.6,0.0
2016-12-29,1.6,1.6,0.0,1.6,0.0,0.0,0.0,0.0,1.6,1.6,1.6,0.0
2016-12-30,1.6,1.6,0.0,1.6,0.0,0.0,0.0,0.0,1.6,1.6,1.6,0.0
2017-01-03,1.6,1.6,0.0,1.6,0.0,0.0,0.0,0.0,1.6,1.6,1.6,0.0
2017-01-04,1.6,1.6,0.0,1.6,0.0,0.0,0.0,0.0,1.6,1.6,1.6,0.0
2017-01-05,1.6,1.6,0.0,1.6,0.0,0.0,0.0,0.0,1.6,1.6,1.6,0.0
2017-01-06,1.6,1.6,0.0,1.6,0.0,0.0,0.0,0.0,1.6,1.6,1.6,0.0
2017-01-09,1.6,1.6,0.0,1.6,0.0,0.0,0.0,0.0,1.6,1.6,1.6,0.0
2017-01-10,1.6,1.6,0.0,1.6,0.0,0.0,0.0,0.0,1.6,1.6,1.6,0.0
2017-01-11,1.6,1.6,0.0,1.6,0.0,0.0,0.0,0.0,1.6,1.6,1.6,0.0
2017-01-12,1.6,1.6,0.0,1.6,0.0,0.0,0.0,0.0,1.6,1.6,1.6,0.0
2017-01-13,1.6,1.6,0.0,1.6,0.0,0.0,0.0,0.0,1.6,1.6,1.6,0.0
2017-01-16,1.6,1.6,0.0,1.6,0.0,0.0,0.0,0.0,1.6,1.6,1.6,0.0
2017-01-17,1.6,1.6,0.0,1.6,0.0,0.0,0.0,0.0,1.6,1.6,1.6,0.0
2017-01-18,1.6,1.6,0.0,1.6,0.0,0.0,0.0,0.0,1.6,1.6,1.6,0.0
2017-01-19,1.6,1.6,0.0,1.6,0.0,0.0,0.0,0.0,1.6,1.6,1.6,0.0
2017-01-20,1.6,1.6,0.0,1.6,0.0,0.0,0.0,0.0,1.6,1.6,1.6,0.0
2017-01-23,1.6,1.6,0.0,1.6,0.0,0.0,0.0,0.0,1.6,1.6,1.6,0.0
2017-01-24,1.6,1.6,0.0,1.6,0.0,0.0,0.0,0.0,1.6,1.6,1.6,0.0
2017-01-25,1.6,1.6,0.0,1.6,0.0,0.0,0.0,0.0,1.6,1.6,1.6,0.0
2017-02-02,1.6,1.6,0.0,1.6,0.0,0.0,0.0,0.0,1.6,1.6,1.6,0.0
2017-02-03,1.6,1.6,0.0,1.6,0.0,0.0,0.0,0.0,1.6,1.6,1.6,0.0
2017-02-06,1.6,1.6,0.0,1.6,0.0,0.0,0.0,0.0,1.6,1.6,1.6,0.0
2017-02-07,1.6,1.6,0.0,1.6,0.0,0.0,0.0,0.0,1.6,1.6,1.6,0.0
2017-02-08,1.6,1.6,0.0,1.6,0.0,0.0,0.0,0.0,1.6,1.6,1.6,0.0
2017-02-09,1.6,1.6,0.0,1.6,0.0,0.0,0.0,0.0,1.6,1.6,1.6,0.0
2017-02-10,1.6,1.6,0.0,1.6,0.0,0.0,0.0,0.0,1.6,1.6,1.6,0.0
2017-02-13,1.6,1.6,0.0,1.6,0.0,0.0,0.0,0.0,1.6,1.6,1.6,0.0
2017-02-14,1.6,1.6,0.0,1.6,0.0,0.0,0.0,0.0,1.6,1.6,1.6,0.0
2017-02-15,1.6,1.6,0.0,1.6,0.0,0.0,0.0,0.0,1.6,1.6,1.6,0.0
2017-02-16,1.6,1.6,0.0,1.6,0.0,0.0,0.0,0.0,1.6,1.6,1.6,0.0
2017-02-17,1.6,1.6,0.0,1.6,0.0,0.0,0.0,0.0,1.6,1.6,1.6,0.0
2017-02-20,1.6,1.6,0.0,1.6,0.0,0.0,0.0,0.0,1.6,1.6,1.6,0.0
2017-02-21,1.6,1.6,0.0,1.6,0.0,0.0,0.0,0.0,1.6,1.6,1.6,0.0
2017-02-22,1.6,1.6,0.0,1.6,0.0,0.0,0.0,0.0,1.6,1.6,1.6,0.0
2017-02-23,1.6,1.6,0.0,1.6,0.0,0.0,0.0,0.0,1.6,1.6,1.6,0.0
2017-02-24,1.6,1.6,0.0,1.6,0.0,0.0,0.0,0.0,1.6,1.6,1.6,0.0
2017-02-27,1.6,1.6,0.0,1.6,0.0,0.0,0.0,0.0,1.6,1.6,1.6,0.0
2017-02-28,1.6,1.6,0.0,1.6,0.0,0.0,0.0,0.0,1.6,1.6,1.6,0.0
2017-03-01,1.6,1.6,0.0,1.6,0.0,0.0,0.0,0.0,1.6,1.6,1.6,0.0
2017-03-02,1.6,1.6,0.0,1.6,0.0,0.0,0.0,0.0,1.6,1.6,1.6,0.0
2017-03-03,1.6,1.6,0.0,1.6,0.0,0.0,0.0,0.0,1.6,1.6,1.6,0.0
2017-03-06,1.6,1.6,0.0,1.6,0.0,0.0,0.0,0.0,1.6,1.6,1.6,0.0
2017-03-07,1.6,1.6,0.0,1.6,0.0,0.0,0.0,0.0,1.6,1.6,1.6,0.0
2017-03-08,1.6,1.6,0.0,1.6,0.0,0.0,0.0,0.0,1.6,1.6,1.6,0.0
2017-03-09,1.6,1.6,0.0,1.6,0.0,0.0,0.0,0.0,1.6,1.6,1.6,0.0
2017-03-10,1.6,1.6,0.0,1.6,0.0,0.0,0.0,0.0,1.6,1.6,1.6,0.0
2017-03-13,1.6,1.6,0.0,1.6,0.0,0.0,0.0,0.0,1.6,1.6,1.6,0.0
2017-03-14,1.6,1.6,0.0,1.6,0.0,0.0,0.0,0.0,1.6,1.6,1.6,0.0
2017-03-15,1.6,1.6,0.0,1.6,0.0,0.0,0.0,0.0,1.6,1.6,1.6,0.0
2017-03-16,1.6,1.6,0.0,1.6,0.0,0.0,0.0,0.0,1.6,1.6,1.6,0.0
2017-03-17,1.6,1.6,0.0,1.6,0.0,0.0,0.0,0.0,1.6,1.6,1.6,0.0
2017-03-20,1.6,1.6,0.0,1.6,0.0,0.0,0.0,0.0,1.6,1.6,1.6,0.0
2017-03-21,1.6,1.6,0.0,1.6,0.0,0.0,0.0,0.0,1.6,1.6,1.6,0.0
2017-03-22,1.6,1.6,0.0,1.6,0.0,0.0,0.0,0.0,1.6,1.6,1.6,0.0
2017-03-23,1.6,1.6,0.0,1.6,0.0,0.0,0.0,0.0,1.6,1.6,1.6,0.0
2017-03-24,1.6,1.6,0.0,1.6,0.0,0.0,0.0,0.0,1.6,1.6,1.6,0.0
2017-03-27,1.6,1.6,0.0,1.6,0.0,0.0,0.0,0.0,1.6,1.6,1.6,0.0
2017-03-28,1.6,1.6,0.0,1.6,0.0,0.0,0.0,0.0,1.6,1.6,1.6,0.0
2017-03-29,1.6,1.6,0.0,1.6,0.0,0.0,0.0,0.0,1.6,1.6,1.6,0.0
2017-03-30,1.6,1.6,0.0,1.6,0.0,0.0,0.0,0.0,1.6,1.6,1.6,0.0
2017-03-31,1.6,1.6,0.0,1.6,0.0,0.0,0.0,0.0,1.6,1.6,1.6,0.0
2017-04-03,1.6,1.6,0.0,1.6,0.0,0.0,0.0,0.0,1.6,1.6,1.6,0.0
2017-04-04,1.6,1.6,0.0,1.6,0.0,0.0,0.0,0.0,1.6,1.6,1.6,0.0
2017-04-05,1.6,1.6,0.0,1.6,0.0,0.0,0.0,0.0,1.6,1.6,1.6,0.0
2017-04-07,1.6,1.6,0.0,1.6,0.0,0.0,0.0,0.0,1.6,1.6,1.6,0.0
2017-04-10,1.6,1.6,0.0,1.6,0.0,0.0,0.0,0.0,1.6,1.6,1.6,0.0
2017-04-11,1.6,1.6,0.0,1.6,0.0,0.0,0.0,0.0,1.6,1.6,1.6,0.0
2017-04-12,1.6,1.6,0.0,1.6,0.0,0.0,0.0,0.0,1.6,1.6,1.6,0.0
2017-04-13,1.6,1.6,0.0,1.6,0.0,0.0,0.0,0.0,1.6,1.6,1.6,0.0
2017-04-14,1.6,1.6,0.0,1.6,0.0,0.0,0.0,0.0,1.6,1.6,1.6,0.0
2017-04-17,1.6,1.6,0.0,1.6,0.0,0.0,0.0,0.0,1.6,1.6,1.6,0.0
2017-04-18,1.6,1.6,0.0,1.6,0.0,0.0,0.0,0.0,1.6,1.6,1.6,0.0
2017-04-19,1.6,1.6,0.0,1.6,0.0,0.0,0.0,0.0,1.6,1.6,1.6,0.0
2017-04-20,1.6,1.6,0.0,1.6,0.0,0.0,0.0,0.0,1.6,1.6,1.6,0.0
2017-04-21,1.6,1.6,0.0,1.6,0.0,0.0,0.0,0.0,1.6,1.6,1.6,0.0
2017-04-24,1.6,1.6,0.0,1.6,0.0,0.0,0.0,0.0,1.6,1.6,1.6,0.0
2017-04-25,1.6,1.6,0.0,1.6,0.0,0.0,0.0,0.0,1.6,1.6,1.6,0.0
2017-04-26,1.6,1.6,0.0,1.6,0.0,0.0,0.0,0.0,1.6,1.6,1.6,0.0
2017-04-27,1.6,1.6,0.0,1.6,0.0,0.0,0.0,0.0,1.6,1.6,1.6,0.0
2017-04-28,1.6,1.6,0.0,1.6,0.0,0.0,0.0,0.0,1.6,1.6,1.6,0.0
2017-05-03,1.6,1.6,0.0,1.6,0.0,0.0,0.0,0.0,1.6,1.6,1.6,0.0
2017-05-04,1.6,1.6,0.0,1.6,0.0,0.0,0.0,0.0,1.6,1.6,1.6,0.0
2017-05-05,1.6,1.6,0.0,1.6,0.0,0.0,0.0,0.0,1.6,1.6,1.6,0.0
2017-05-08,1.6,1.6,0.0,1.6,0.0,0.0,0.0,0.0,1.6,1.6,1.6,0.0
2017-05-09,1.6,1.6,0.0,1.6,0.0,0.0,0.0,0.0,1.6,1.6,1.6,0.0
2017-05-10,1.6,1.6,0.0,1.6,0.0,0.0,0.0,0.0,1.6,1.6,1.6,0.0
2017-05-11,1.6,1.6,0.0,1.6,0.0,0.0,0.0,0.0,1.6,1.6,1.6,0.0
2017-05-12,1.6,1.6,0.0,1.6,0.0,0.0,0.0,0.0,1.6,1.6,1.6,0.0
2017-05-15,1.6,1.6,0.0,1.6,0.0,0.0,0.0,0.0,1.6,1.6,1.6,0.0
2017-05-16,1.6,1.6,0.0,1.6,0.0,0.0,0.0,0.0,1.6,1.6,1.6,0.0
2017-05-17,1.6,1.6,0.0,1.6,0.0,0.0,0.0,0.0,1.6,1.6,1.6,0.0
2017-05-18,1.6,1.6,0.0,1.6,0.0,0.0,0.0,0.0,1.6,1.6,1.6,0.0
2017-05-19,1.6,1.6,0.0,1.6,0.0,0.0,0.0,0.0,1.6,1.6,1.6,0.0
2017-05-22,1.6,1.6,0.0,1.6,0.0,0.0,0.0,0.0,1.6,1.6,1.6,0.0
2017-05-23,1.6,1.6,0.0,1.6,0.0,0.0,0.0,0.0,1.6,1.6,1.6,0.0
2017-05-24,1.6,1.6,0.0,1.6,0.0,0.0,0.0,0.0,1.6,1.6,1.6,0.0
2017-05-25,1.6,1.6,0.0,1.6,0.0,0.0,0.0,0.0,1.6,1.6,1.6,0.0
2017-05-26,1.6,1.6,0.0,1.6,0.0,0.0,0.0,0.0,1.6,1.6,1.6,0.0
2017-05-29,1.6,1.6,0.0,1.6,0.0,0.0,0.0,0.0,1.6,1.6,1.6,0.0
2017-05-30,1.6,1.6,0.0,1.6,0.0,0.0,0.0,0.0,1.6,1.6,1.6,0.0
2017-05-31,1.6,1.6,0.0,1.6,0.0,0.0,0.0,0.0,1.6,1.6,1.6,0.0
2017-06-01,1.6,1.6,0.0,1.6,0.0,0.0,0.0,0.0,1.6,1.6,1.6,0.0
2017-06-02,1.6,1.6,0.0,1.6,0.0,0.0,0.0,0.0,1.6,1.6,1.6,0.0
2017-06-05,1.6,1.6,0.0,1.6,0.0,0.0,0.0,0.0,1.6,1.6,1.6,0.0
2017-06-06,1.6,1.6,0.0,1.6,0.0,0.0,0.0,0.0,1.6,1.6,1.6,0.0
2017-06-07,1.6,1.6,0.0,1.6,0.0,0.0,0.0,0.0,1.6,1.6,1.6,0.0
2017-06-08,1.6,1.6,0.0,1.6,0.0,0.0,0.0,0.0,1.6,1.6,1.6,0.0
2017-06-09,1.6,1.6,0.0,1.6,0.0,0.0,0.0,0.0,1.6,1.6,1.6,0.0
2017-06-12,1.6,1.6,0.0,1.6,0.0,0.0,0.0,0.0,1.6,1.6,1.6,0.0
2017-06-13,1.6,1.6,0.0,1.6,0.0,0.0,0.0,0.0,1.6,1.6,1.6,0.0
2017-06-14,1.6,1.6,0.0,1.6,0.0,0.0,0.0,0.0,1.6,1.6,1.6,0.0
2017-06-15,1.6,1.6,0.0,1.6,0.0,0.0,0.0,0.0,1.6,1.6,1.6,0.0
2017-06-16,1.6,1.6,0.0,1.6,0.0,0.0,0.0,0.0,1.6,1.6,1.6,0.0
2017-06-19,1.6,1.6,0.0,1.6,0.0,0.0,0.0,0.0,1.6,1.6,1.6,0.0
2017-06-20,1.6,1.6,0.0,1.6,0.0,0.0,0.0,0.0,1.6,1.6,1.6,0.0
2017-06-21,1.6,1.6,0.0,1.6,0.0,0.0,0.0,0.0,1.6,1.6,1.6,0.0
2017-06-22,1.6,1.6,0.0,1.6,0.0,0.0,0.0,0.0,1.6,1.6,1.6,0.0
2017-06-23,1.6,1.6,0.0,1.6,0.0,0.0,0.0,0.0,1.6,1.6,1.6,0.0
2017-06-26,1.6,1.6,0.0,1.6,0.0,0.0,0.0,0.0,1.6,1.6,1.6,0.0
2017-06-27,1.6,1.6,0.0,1.6,0.0,0.0,0.0,0.0,1.6,1.6,1.6,0.0
2017-06-28,1.6,1.6,0.0,1.6,0.0,0.0,0.0,0.0,1.6,1.6,1.6,0.0
2017-06-29,1.6,1.6,0.0,1.6,0.0,0.0,0.0,0.0,1.6,1.6,1.6,0.0
2017-06-30,1.6,1.6,0.0,1.6,0.0,0.0,0.0,0.0,1.6,1.6,1.6,0.0
2017-07-03,1.6,1.6,0.0,1.6,0.0,0.0,0.0,0.0,1.6,1.6,1.6,0.0
2017-07-04,1.6,1.6,0.0,1.6,0.0,0.0,0.0,0.0,1.6,1.6,1.6,0.0
2017-07-05,1.6,1.6,0.0,1.6,0.0,0.0,0.0,0.0,1.6,1.6,1.6,0.0
2017-07-06,1.6,1.6,0.0,1.6,0.0,0.0,0.0,0.0,1.6,1.6,1.6,0.0
2017-07-07,1.6,1.6,0.0,1.6,0.0,0.0,0.0,0.0,1.6,1.6,1.6,0.0
2017-07-10,1.6,1.6,0.0,1.6,0.0,0.0,0.0,0.0,1.6,1.6,1.6,0.0
2017-07-11,1.6,1.6,0.0,1.6,0.0,0.0,0.0,0.0,1.6,1.6,1.6,0.0
2017-07-12,1.6,1.6,0.0,1.6,0.0,0.0,0.0,0.0,1.6,1.6,1.6,0.0
2017-07-13,1.6,1.6,0.0,1.6,0.0,0.0,0.0,0.0,1.6,1.6,1.6,0.0
2017-07-14,1.6,1.6,0.0,1.6,0.0,0.0,0.0,0.0,1.6,1.6,1.6,0.0
2017-07-17,1.6,1.6,0.0,1.6,0.0,0.0,0.0,0.0,1.6,1.6,1.6,0.0
2017-07-18,1.6,1.6,0.0,1.6,0.0,0.0,0.0,0.0,1.6,1.6,1.6,0.0
2017-07-19,1.6,1.6,0.0,1.6,0.0,0.0,0.0,0.0,1.6,1.6,1.6,0.0
2017-07-20,1.6,1.6,0.0,1.6,0.0,0.0,0.0,0.0,1.6,1.6,1.6,0.0
2017-07-21,1.6,1.6,0.0,1.6,0.0,0.0,0.0,0.0,1.6,1.6,1.6,0.0
2017-07-24,1.6,1.6,0.0,1.6,0.0,0.0,0.0,0.0,1.6,1.6,1.6,0.0
2017-07-25,1.6,1.6,0.0,1.6,0.0,0.0,0.0,0.0,1.6,1.6,1.6,0.0
2017-07-26,1.6,1.6,0.0,1.6,0.0,0.0,0.0,0.0,1.6,1.6,1.6,0.0
2017-07-27,1.6,1.6,0.0,1.6,0.0,0.0,0.0,0.0,1.6,1.6,1.6,0.0
2017-07-28,1.6,1.6,0.0,1.6,0.0,0.0,0.0,0.0,1.6,1.6,1.6,0.0
2017-07-31,1.6,1.6,0.0,1.6,0.0,0.0,0.0,0.0,1.6,1.6,1.6,0.0
2017-08-01,1.6,1.6,0.0,1.6,0.0,0.0,0.0,0.0,1.6,1.6,1.6,0.0
2017-08-02,1.6,1.6,0.0,1.6,0.0,0.0,0.0,0.0,1.6,1.6,1.6,0.0
2017-08-03,1.6,1.6,0.0,1.6,0.0,0.0,0.0,0.0,1.6,1.6,1.6,0.0
2017-08-04,1.6,1.6,0.0,1.6,0.0,0.0,0.0,0.0,1.6,1.6,1.6,0.0
2017-08-07,1.6,1.6,0.0,1.6,0.0,0.0,0.0,0.0,1.6,1.6,1.6,0.0
2017-08-08,1.6,1.6,0.0,1.6,0.0,0.0,0.0,0.0,1.6,1.6,1.6,0.0
2017-08-09,1.6,1.6,0.0,1.6,0.0,0.0,0.0,0.0,1.6,1.6,1.6,0.0
2017-08-10,1.6,1.6,0.0,1.6,0.0,0.0,0.0,0.0,1.6,1.6,1.6,0.0
2017-08-11,1.6,1.6,0.0,1.6,0.0,0.0,0.0,0.0,1.6,1.6,1.6,0.0
2017-08-14,1.6,1.6,0.0,1.6,0.0,0.0,0.0,0.0,1.6,1.6,1.6,0.0
2017-08-15,1.6,1.6,0.0,1.6,0.0,0.0,0.0,0.0,1.6,1.6,1.6,0.0
2017-08-16,1.6,1.6,0.0,1.6,0.0,0.0,0.0,0.0,1.6,1.6,1.6,0.0
2017-08-17,1.6,1.6,0.0,1.6,0.0,0.0,0.0,0.0,1.6,1.6,1.6,0.0
2017-08-18,1.6,1.6,0.0,1.6,0.0,0.0,0.0,0.0,1.6,1.6,1.6,0.0
2017-08-21,1.6,1.6,0.0,1.6,0.0,0.0,0.0,0.0,1.6,1.6,1.6,0.0
2017-08-22,1.6,1.6,0.0,1.6,0.0,0.0,0.0,0.0,1.6,1.6,1.6,0.0
2017-08-23,1.6,1.6,0.0,1.6,0.0,0.0,0.0,0.0,1.6,1.6,1.6,0.0
2017-08-24,1.6,1.6,0.0,1.6,0.0,0.0,0.0,0.0,1.6,1.6,1.6,0.0
2017-08-25,1.6,1.6,0.0,1.6,0.0,0.0,0.0,0.0,1.6,1.6,1.6,0.0
2017-08-28,1.6,1.6,0.0,1.6,0.0,0.0,0.0,0.0,1.6,1.6,1.6,0.0
2017-08-29,1.6,1.6,0.0,1.6,0.0,0.0,0.0,0.0,1.6,1.6,1.6,0.0
2017-08-30,1.6,1.6,0.0,1.6,0.0,0.0,0.0,0.0,1.6,1.6,1.6,0.0
2017-08-31,1.6,1.6,0.0,1.6,0.0,0.0,0.0,0.0,1.6,1.6,1.6,0.0
2017-09-01,1.6,1.6,0.0,1.6,0.0,0.0,0.0,0.0,1.6,1.6,1.6,0.0
2017-09-05,1.6,1.6,0.0,1.6,0.0,0.0,0.0,0.0,1.6,1.6,1.6,0.0
2017-09-06,1.6,1.6,0.0,1.6,0.0,0.0,0.0,0.0,1.6,1.6,1.6,0.0
2017-09-07,1.6,1.6,0.0,1.6,0.0,0.0,0.0,0.0,1.6,1.6,1.6,0.0
2017-09-08,1.6,1.6,0.0,1.6,0.0,0.0,0.0,0.0,1.6,1.6,1.6,0.0
2017-09-11,1.6,1.6,0.0,1.6,0.0,0.0,0.0,0.0,1.6,1.6,1.6,0.0
2017-09-12,1.6,1.6,0.0,1.6,0.0,0.0,0.0,0.0,1.6,1.6,1.6,0.0
2017-09-13,1.6,1.6,0.0,1.6,0.0,0.0,0.0,0.0,1.6,1.6,1.6,0.0
2017-09-14,1.6,1.6,0.0,1.6,0.0,0.0,0.0,0.0,1.6,1.6,1.6,0.0
2017-09-15,1.6,1.6,0.0,1.6,0.0,0.0,0.0,0.0,1.6,1.6,1.6,0.0
2017-09-18,1.6,1.6,0.0,1.6,0.0,0.0,0.0,0.0,1.6,1.6,1.6,0.0
2017-09-19,1.6,1.6,0.0,1.6,0.0,0.0,0.0,0.0,1.6,1.6,1.6,0.0
2017-09-20,1.6,1.6,0.0,1.6,0.0,0.0,0.0,0.0,1.6,1.6,1.6,0.0
2017-09-21,1.6,1.6,0.0,1.6,0.0,0.0,0.0,0.0,1.6,1.6,1.6,0.0
2017-09-22,1.6,1.6,0.0,1.6,0.0,0.0,0.0,0.0,1.6,1.6,1.6,0.0
2017-09-25,1.6,1.6,0.0,1.6,0.0,0.0,0.0,0.0,1.6,1.6,1.6,0.0
2017-09-26,1.6,1.6,0.0,1.6,0.0,0.0,0.0,0.0,1.6,1.6,1.6,0.0
2017-09-27,1.6,1.6,0.0,1.6,0.0,0.0,0.0,0.0,1.6,1.6,1.6,0.0
2017-09-28,1.6,1.6,0.0,1.6,0.0,0.0,0.0,0.0,1.6,1.6,1.6,0.0
2017-09-29,1.6,1.6,0.0,1.6,0.0,0.0,0.0,0.0,1.6,1.6,1.6,0.0
2017-10-02,1.6,1.6,0.0,1.6,0.0,0.0,0.0,0.0,1.6,1.6,1.6,0.0
2017-10-03,1.6,1.6,0.0,1.6,0.0,0.0,0.0,0.0,1.6,1.6,1.6,0.0
2017-10-04,1.6,1.6,0.0,1.6,0.0,0.0,0.0,0.0,1.6,1.6,1.6,0.0
2017-10-05,1.6,1.6,0.0,1.6,0.0,0.0,0.0,0.0,1.6,1.6,1.6,0.0
2017-10-06,1.6,1.6,0.0,1.6,0.0,0.0,0.0,0.0,1.6,1.6,1.6,0.0
2017-10-09,1.6,1.6,0.0,1.6,0.0,0.0,0.0,0.0,1.6,1.6,1.6,0.0
2017-10-10,1.6,1.6,0.0,1.6,0.0,0.0,0.0,0.0,1.6,1.6,1.6,0.0
2017-10-11,1.6,1.6,0.0,1.6,0.0,0.0,0.0,0.0,1.6,1.6,1.6,0.0
2017-10-12,1.6,1.6,0.0,1.6,0.0,0.0,0.0,0.0,1.6,1.6,1.6,0.0
2017-10-13,1.6,1.6,0.0,1.6,0.0,0.0,0.0,0.0,1.6,1.6,1.6,0.0
2017-10-16,1.6,1.6,0.0,1.6,0.0,0.0,0.0,0.0,1.6,1.6,1.6,0.0
2017-10-17,1.6,1.6,0.0,1.6,0.0,0.0,0.0,0.0,1.6,1.6,1.6,0.0
2017-10-18,1.6,1.6,0.0,1.6,0.0,0.0,0.0,0.0,1.6,1.6,1.6,0.0
2017-10-19,1.6,1.6,0.0,1.6,0.0,0.0,0.0,0.0,1.6,1.6,1.6,0.0
2017-10-20,1.6,1.6,0.0,1.6,0.0,0.0,0.0,0.0,1.6,1.6,1.6,0.0
2017-10-23,1.6,1.6,0.0,1.6,0.0,0.0,0.0,0.0,1.6,1.6,1.6,0.0
2017-10-24,1.6,1.6,0.0,1.6,0.0,0.0,0.0,0.0,1.6,1.6,1.6,0.0
2017-10-25,1.6,1.6,0.0,1.6,0.0,0.0,0.0,0.0,1.6,1.6,1.6,0.0
2017-10-26,1.6,1.6,0.0,1.6,0.0,0.0,0.0,0.0,1.6,1.6,1.6,0.0
2017-10-27,1.6,1.6,0.0,1.6,0.0,0.0,0.0,0.0,1.6,1.6,1.6,0.0
2017-10-30,1.6,1.6,0.0,1.6,0.0,0.0,0.0,0.0,1.6,1.6,1.6,0.0
2017-10-31,1.6,1.6,0.0,1.6,0.0,0.0,0.0,0.0,1.6,1.6,1.6,0.0
2017-11-01,1.6,1.6,0.0,1.6,0.0,0.0,0.0,0.0,1.6,1.6,1.6,0.0
2017-11-02,1.6,1.6,0.0,1.6,0.0,0.0,0.0,0.0,1.6,1.6,1.6,0.0
2017-11-03,1.6,1.6,0.0,1.6,0.0,0.0,0.0,0.0,1.6,1.6,1.6,0.0
2017-11-06,1.6,1.6,0.0,1.6,0.0,0.0,0.0,0.0,1.6,1.6,1.6,0.0
2017-11-07,1.6,1.6,0.0,1.6,0.0,0.0,0.0,0.0,1.6,1.6,1.6,0.0
2017-11-08,1.6,1.6,0.0,1.6,0.0,0.0,0.0,0.0,1.6,1.6,1.6,0.0
2017-11-09,1.6,1.6,0.0,1.6,0.0,0.0,0.0,0.0,1.6,1.6,1.6,0.0
2017-11-10,1.6,1.6,0.0,1.6,0.0,0.0,0.0,0.0,1.6,1.6,1.6,0.0
2017-11-13,1.6,1.6,0.0,1.6,0.0,0.0,0.0,0.0,1.6,1.6,1.6,0.0
2017-11-14,1.6,1.6,0.0,1.6,0.0,0.0,0.0,0.0,1.6,1.6,1.6,0.0
2017-11-15,1.6,1.6,0.0,1.6,0.0,0.0,0.0,0.0,1.6,1.6,1.6,0.0
2017-11-16,1.6,1.6,0.0,1.6,0.0,0.0,0.0,0.0,1.6,1.6,1.6,0.0
2017-11-17,1.6,1.6,0.0,1.6,0.0,0.0,0.0,0.0,1.6,1.6,1.6,0.0
2017-11-20,1.6,1.6,0.0,1.6,0.0,0.0,0.0,0.0,1.6,1.6,1.6,0.0
2017-11-21,1.6,1.6,0.0,1.6,0.0,0.0,0.0,0.0,1.6,1.6,1.6,0.0
2017-11-22,1.6,1.6,0.0,1.6,0.0,0.0,0.0,0.0,1.6,1.6,1.6,0.0
2017-11-23,1.6,1.6,0.0,1.6,0.0,0.0,0.0,0.0,1.6,1.6,1.6,0.0
2017-11-24,1.6,1.6,0.0,1.6,0.0,0.0,0.0,0.0,1.6,1.6,1.6,0.0
2017-11-27,1.6,1.6,0.0,1.6,0.0,0.0,0.0,0.0,1.6,1.6,1.6,0.0
2017-11-28,1.6,1.6,0.0,1.6,0.0,0.0,0.0,0.0,1.6,1.6,1.6,0.0
2017-11-29,1.6,1.6,0.0,1.6,0.0,0.0,0.0,0.0,1.6,1.6,1.6,0.0
2017-11-30,1.6,1.6,0.0,1.6,0.0,0.0,0.0,0.0,1.6,1.6,1.6,0.0
2017-12-01,1.6,1.6,0.0,1.6,0.0,0.0,0.0,0.0,1.6,1.6,1.6,0.0
2017-12-04,1.6,1.6,0.0,1.6,0.0,0.0,0.0,0.0,1.6,1.6,1.6,0.0
2017-12-05,1.6,1.6,0.0,1.6,0.0,0.0,0.0,0.0,1.6,1.6,1.6,0.0
2017-12-06,1.6,1.6,0.0,1.6,0.0,0.0,0.0,0.0,1.6,1.6,1.6,0.0
2017-12-07,1.6,1.6,0.0,1.6,0.0,0.0,0.0,0.0,1.6,1.6,1.6,0.0
2017-12-08,1.6,1.6,0.0,1.6,0.0,0.0,0.0,0.0,1.6,1.6,1.6,0.0
2017-12-11,1.6,1.6,0.0,1.6,0.0,0.0,0.0,0.0,1.6,1.6,1.6,0.0
2017-12-12,1.6,1.6,0.0,1.6,0.0,0.0,0.0,0.0,1.6,1.6,1.6,0.0
2017-12-13,1.6,1.6,0.0,1.6,0.0,0.0,0.0,0.0,1.6,1.6,1.6,0.0
2017-12-14,1.6,1.6,0.0,1.6,0.0,0.0,0.0,0.0,1.6,1.6,1.6,0.0
2017-12-15,1.6,1.6,0.0,1.6,0.0,0.0,0.0,0.0,1.6,1.6,1.6,0.0
2017-12-18,1.6,1.6,0.0,1.6,0.0,0.0,0.0,0.0,1.6,1.6,1.6,0.0
2017-12-19,1.6,1.6,0.0,1.6,0.0,0.0,0.0,0.0,1.6,1.6,1.6,0.0
2017-12-20,1.6,1.6,0.0,1.6,0.0,0.0,0.0,0.0,1.6,1.6,1.6,0.0
2017-12-21,1.6,1.6,0.0,1.6,0.0,0.0,0.0,0.0,1.6,1.6,1.6,0.0
2017-12-22,1.6,1.6,0.0,1.6,0.0,0.0,0.0,0.0,1.6,1.6,1.6,0.0
2017-12-25,1.6,1.6,0.0,1.6,0.0,0.0,0.0,0.0,1.6,1.6,1.6,0.0
2017-12-26,1.6,1.6,0.0,1.6,0.0,0.0,0.0,0.0,1.6,1.6,1.6,0.0
2017-12-27,1.6,1.6,0.0,1.6,0.0,0.0,0.0,0.0,1.6,1.6,1.6,0.0
2017-12-28,1.6,1.6,0.0,1.6,0.0,0.0,0.0,0.0,1.6,1.6,1.6,0.0
2017-12-29,1.6,1.6,0.0,1.6,0.0,0.0,0.0,0.0,1.6,1.6,1.6,0.0
2018-01-02,1.6,1.6,0.0,1.6,0.0,0.0,0.0,0.0,1.6,1.6,1.6,0.0
2018-01-03,1.6,1.6,0.0,1.6,0.0,0.0,0.0,0.0,1.6,1.6,1.6,0.0
2018-01-04,1.6,1.6,0.0,1.6,0.0,0.0,0.0,0.0,1.6,1.6,1.6,0.0
2018-01-05,1.6,1.6,0.0,1.6,0.0,0.0,0.0,0.0,1.6,1.6,1.6,0.0
2018-01-08,1.6,1.6,0.0,1.6,0.0,0.0,0.0,0.0,1.6,1.6,1.6,0.0
2018-01-09,1.6,1.6,0.0,1.6,0.0,0.0,0.0,0.0,1.6,1.6,1.6,0.0
2018-01-10,1.6,1.6,0.0,1.6,0.0,0.0,0.0,0.0,1.6,1.6,1.6,0.0
2018-01-11,1.6,1.6,0.0,1.6,0.0,0.0,0.0,0.0,1.6,1.6,1.6,0.0
2018-01-12,1.6,1.6,0.0,1.6,0.0,0.0,0.0,0.0,1.6,1.6,1.6,0.0
2018-01-15,1.6,1.6,0.0,1.6,0.0,0.0,0.0,0.0,1.6,1.6,1.6,0.0
2018-01-16,1.6,1.6,0.0,1.6,0.0,0.0,0.0,0.0,1.6,1.6,1.6,0.0
2018-01-17,1.6,1.6,0.0,1.6,0.0,0.0,0.0,0.0,1.6,1.6,1.6,0.0
2018-01-18,1.6,1.6,0.0,1.6,0.0,0.0,0.0,0.0,1.6,1.6,1.6,0.0
2018-01-19,1.6,1.6,0.0,1.6,0.0,0.0,0.0,0.0,1.6,1.6,1.6,0.0
2018-01-22,1.6,1.6,0.0,1.6,0.0,0.0,0.0,0.0,1.6,1.6,1.6,0.0
2018-01-23,1.6,1.6,0.0,1.6,0.0,0.0,0.0,0.0,1.6,1.6,1.6,0.0
2018-01-24,1.6,1.6,0.0,1.6,0.0,0.0,0.0,0.0,1.6,1.6,1.6,0.0
2018-01-25,1.6,1.6,0.0,1.6,0.0,0.0,0.0,0.0,1.6,1.6,1.6,0.0
2018-01-26,1.6,1.6,0.0,1.6,0.0,0.0,0.0,0.0,1.6,1.6,1.6,0.0
2018-01-29,1.6,1.6,0.0,1.6,0.0,0.0,0.0,0.0,1.6,1.6,1.6,0.0
2018-01-30,1.6,1.6,0.0,1.6,0.0,0.0,0.0,0.0,1.6,1.6,1.6,0.0
2018-01-31,1.6,1.6,0.0,1.6,0.0,0.0,0.0,0.0,1.6,1.6,1.6,0.0
2018-02-01,1.6,1.6,0.0,1.6,0.0,0.0,0.0,0.0,1.6,1.6,1.6,0.0
2018-02-02,1.6,1.6,0.0,1.6,0.0,0.0,0.0,0.0,1.6,1.6,1.6,0.0
2018-02-05,1.6,1.6,0.0,1.6,0.0,0.0,0.0,0.0,1.6,1.6,1.6,0.0
2018-02-06,1.6,1.6,0.0,1.6,0.0,0.0,0.0,0.0,1.6,1.6,1.6,0.0
2018-02-07,1.6,1.6,0.0,1.6,0.0,0.0,0.0,0.0,1.6,1.6,1.6,0.0
2018-02-08,1.6,1.6,0.0,1.6,0.0,0.0,0.0,0.0,1.6,1.6,1.6,0.0
2018-02-09,1.6,1.6,0.0,1.6,0.0,0.0,0.0,0.0,1.6,1.6,1.6,0.0
2018-02-12,1.6,1.6,0.0,1.6,0.0,0.0,0.0,0.0,1.6,1.6,1.6,0.0
2018-02-13,1.6,1.6,0.0,1.6,0.0,0.0,0.0,0.0,1.6,1.6,1.6,0.0
2018-02-21,1.6,1.6,0.0,1.6,0.0,0.0,0.0,0.0,1.6,1.6,1.6,0.0
2018-02-22,1.6,1.6,0.0,1.6,0.0,0.0,0.0,0.0,1.6,1.6,1.6,0.0
2018-02-23,1.6,1.6,0.0,1.6,0.0,0.0,0.0,0.0,1.6,1.6,1.6,0.0
2018-02-26,1.6,1.6,0.0,1.6,0.0,0.0,0.0,0.0,1.6,1.6,1.6,0.0
2018-02-27,1.6,1.6,0.0,1.6,0.0,0.0,0.0,0.0,1.6,1.6,1.6,0.0
2018-02-28,1.6,1.6,0.0,1.6,0.0,0.0,0.0,0.0,1.6,1.6,1.6,0.0
2018-03-01,1.6,1.6,0.0,1.6,0.0,0.0,0.0,0.0,1.6,1.6,1.6,0.0
2018-03-02,1.6,1.6,0.0,1.6,0.0,0.0,0.0,0.0,1.6,1.6,1.6,0.0
2018-03-05,1.6,1.6,0.0,1.6,0.0,0.0,0.0,0.0,1.6,1.6,1.6,0.0
2018-03-06,1.6,1.6,0.0,1.6,0.0,0.0,0.0,0.0,1.6,1.6,1.6,0.0
2018-03-07,1.6,1.6,0.0,1.6,0.0,0.0,0.0,0.0,1.6,1.6,1.6,0.0
2018-03-08,1.6,1.6,0.0,1.6,0.0,0.0,0.0,0.0,1.6,1.6,1.6,0.0
2018-03-09,1.6,1.6,0.0,1.6,0.0,0.0,0.0,0.0,1.6,1.6,1.6,0.0
2018-03-12,1.6,1.6,0.0,1.6,0.0,0.0,0.0,0.0,1.6,1.6,1.6,0.0
2018-03-13,1.6,1.6,0.0,1.6,0.0,0.0,0.0,0.0,1.6,1.6,1.6,0.0
2018-03-14,1.6,1.6,0.0,1.6,0.0,0.0,0.0,0.0,1.6,1.6,1.6,0.0
2018-03-15,1.6,1.6,0.0,1.6,0.0,0.0,0.0,0.0,1.6,1.6,1.6,0.0
2018-03-16,1.6,1.6,0.0,1.6,0.0,0.0,0.0,0.0,1.6,1.6,1.6,0.0
2018-03-19,1.6,1.6,0.0,1.6,0.0,0.0,0.0,0.0,1.6,1.6,1.6,0.0
2018-03-20,1.6,1.6,0.0,1.6,0.0,0.0,0.0,0.0,1.6,1.6,1.6,0.0
2018-03-21,1.6,1.6,0.0,1.6,0.0,0.0,0.0,0.0,1.6,1.6,1.6,0.0
2018-03-22,1.6,1.6,0.0,1.6,0.0,0.0,0.0,0.0,1.6,1.6,1.6,0.0
2018-03-23,1.6,1.6,0.0,1.6,0.0,0.0,0.0,0.0,1.6,1.6,1.6,0.0
2018-03-26,1.6,1.6,0.0,1.6,0.0,0.0,0.0,0.0,1.6,1.6,1.6,0.0
2018-03-27,1.6,1.6,0.0,1.6,0.0,0.0,0.0,0.0,1.6,1.6,1.6,0.0
2018-03-28,1.6,1.6,0.0,1.6,0.0,0.0,0.0,0.0,1.6,1.6,1.6,0.0
2018-03-29,1.6,1.6,0.0,1.6,0.0,0.0,0.0,0.0,1.6,1.6,1.6,0.0
2018-03-30,1.6,1.6,0.0,1.6,0.0,0.0,0.0,0.0,1.6,1.6,1.6,0.0
2018-04-02,1.6,1.6,0.0,1.6,0.0,0.0,0.0,0.0,1.6,1.6,1.6,0.0
2018-04-03,1.6,1.6,0.0,1.6,0.0,0.0,0.0,0.0,1.6,1.6,1.6,0.0
2018-04-04,1.6,1.6,0.0,1.6,0.0,0.0,0.0,0.0,1.6,1.6,1.6,0.0
2018-04-05,1.6,1.6,0.0,1.6,0.0,0.0,0.0,0.0,1.6,1.6,1.6,0.0
2018-04-06,1.6,1.6,0.0,1.6,0.0,0.0,0.0,0.0,1.6,1.6,1.6,0.0
2018-04-09,1.6,1.6,0.0,1.6,0.0,0.0,0.0,0.0,1.6,1.6,1.6,0.0
2018-04-10,1.6,1.6,0.0,1.6,0.0,0.0,0.0,0.0,1.6,1.6,1.6,0.0
2018-04-11,1.6,1.6,0.0,1.6,0.0,0.0,0.0,0.0,1.6,1.6,1.6,0.0
2018-04-12,1.6,1.6,0.0,1.6,0.0,0.0,0.0,0.0,1.6,1.6,1.6,0.0
2018-04-13,1.6,1.6,0.0,1.6,0.0,0.0,0.0,0.0,1.6,1.6,1.6,0.0
2018-04-16,1.6,1.6,0.0,1.6,0.0,0.0,0.0,0.0,1.6,1.6,1.6,0.0
2018-04-17,1.6,1.6,0.0,1.6,0.0,0.0,0.0,0.0,1.6,1.6,1.6,0.0
2018-04-18,1.6,1.6,0.0,1.6,0.0,0.0,0.0,0.0,1.6,1.6,1.6,0.0
2018-04-19,1.6,1.6,0.0,1.6,0.0,0.0,0.0,0.0,1.6,1.6,1.6,0.0
2018-04-20,1.6,1.6,0.0,1.6,0.0,0.0,0.0,0.0,1.6,1.6,1.6,0.0
2018-04-23,1.6,1.6,0.0,1.6,0.0,0.0,0.0,0.0,1.6,1.6,1.6,0.0
2018-04-24,1.6,1.6,0.0,1.6,0.0,0.0,0.0,0.0,1.6,1.6,1.6,0.0
2018-04-26,1.6,1.6,0.0,1.6,0.0,0.0,0.0,0.0,1.6,1.6,1.6,0.0
2018-04-27,1.6,1.6,0.0,1.6,0.0,0.0,0.0,0.0,1.6,1.6,1.6,0.0
2018-05-02,1.6,1.6,0.0,1.6,0.0,0.0,0.0,0.0,1.6,1.6,1.6,0.0
2018-05-03,1.6,1.6,0.0,1.6,0.0,0.0,0.0,0.0,1.6,1.6,1.6,0.0
2018-05-04,1.6,1.6,0.0,1.6,0.0,0.0,0.0,0.0,1.6,1.6,1.6,0.0
2018-05-07,1.6,1.6,0.0,1.6,0.0,0.0,0.0,0.0,1.6,1.6,1.6,0.0
2018-05-08,1.6,1.6,0.0,1.6,0.0,0.0,0.0,0.0,1.6,1.6,1.6,0.0
2018-05-09,1.6,1.6,0.0,1.6,0.0,0.0,0.0,0.0,1.6,1.6,1.6,0.0
2018-05-10,1.6,1.6,0.0,1.6,0.0,0.0,0.0,0.0,1.6,1.6,1.6,0.0
2018-05-11,1.6,1.6,0.0,1.6,0.0,0.0,0.0,0.0,1.6,1.6,1.6,0.0
2018-05-14,1.6,1.6,0.0,1.6,0.0,0.0,0.0,0.0,1.6,1.6,1.6,0.0
2018-05-15,1.6,1.6,0.0,1.6,0.0,0.0,0.0,0.0,1.6,1.6,1.6,0.0
2018-05-16,1.6,1.6,0.0,1.6,0.0,0.0,0.0,0.0,1.6,1.6,1.6,0.0
2018-05-17,1.6,1.6,0.0,1.6,0.0,0.0,0.0,0.0,1.6,1.6,1.6,0.0
2018-05-18,1.6,1.6,0.0,1.6,0.0,0.0,0.0,0.0,1.6,1.6,1.6,0.0
2018-05-21,1.6,1.6,0.0,1.6,0.0,0.0,0.0,0.0,1.6,1.6,1.6,0.0
2018-05-22,1.6,1.6,0.0,1.6,0.0,0.0,0.0,0.0,1.6,1.6,1.6,0.0
2018-05-23,1.6,1.6,0.0,1.6,0.0,0.0,0.0,0.0,1.6,1.6,1.6,0.0
2018-05-24,1.6,1.6,0.0,1.6,0.0,0.0,0.0,0.0,1.6,1.6,1.6,0.0
2018-05-25,1.6,1.6,0.0,1.6,0.0,0.0,0.0,0.0,1.6,1.6,1.6,0.0
2018-05-28,1.6,1.6,0.0,1.6,0.0,0.0,0.0,0.0,1.6,1.6,1.6,0.0
2018-05-29,1.6,1.6,0.0,1.6,0.0,0.0,0.0,0.0,1.6,1.6,1.6,0.0
2018-05-30,1.6,1.6,0.0,1.6,0.0,0.0,0.0,0.0,1.6,1.6,1.6,0.0
2018-05-31,1.6,1.6,0.0,1.6,0.0,0.0,0.0,0.0,1.6,1.6,1.6,0.0
2018-06-01,1.6,1.6,0.0,1.6,0.0,0.0,0.0,0.0,1.6,1.6,1.6,0.0
2018-06-04,1.6,1.6,0.0,1.6,0.0,0.0,0.0,0.0,1.6,1.6,1.6,0.0
2018-06-05,1.6,1.6,0.0,1.6,0.0,0.0,0.0,0.0,1.6,1.6,1.6,0.0
2018-06-06,1.6,1.6,0.0,1.6,0.0,0.0,0.0,0.0,1.6,1.6,1.6,0.0
2018-06-07,1.6,1.6,0.0,1.6,0.0,0.0,0.0,0.0,1.6,1.6,1.6,0.0
2018-06-08,1.6,1.6,0.0,1.6,0.0,0.0,0.0,0.0,1.6,1.6,1.6,0.0
2018-06-11,1.6,1.6,0.0,1.6,0.0,0.0,0.0,0.0,1.6,1.6,1.6,0.0
2018-06-12,1.6,1.6,0.0,1.6,0.0,0.0,0.0,0.0,1.6,1.6,1.6,0.0
2018-06-13,1.6,1.6,0.0,1.6,0.0,0.0,0.0,0.0,1.6,1.6,1.6,0.0
2018-06-14,1.6,1.6,0.0,1.6,0.0,0.0,0.0,0.0,1.6,1.6,1.6,0.0
2018-06-15,1.6,1.6,0.0,1.6,0.0,0.0,0.0,0.0,1.6,1.6,1.6,0.0
2018-06-18,1.6,1.6,0.0,1.6,0.0,0.0,0.0,0.0,1.6,1.6,1.6,0.0
2018-06-19,1.6,1.6,0.0,1.6,0.0,0.0,0.0,0.0,1.6,1.6,1.6,0.0
2018-06-20,1.6,1.6,0.0,1.6,0.0,0.0,0.0,0.0,1.6,1.6,1.6,0.0
2018-06-21,1.6,1.6,0.0,1.6,0.0,0.0,0.0,0.0,1.6,1.6,1.6,0.0
2018-06-22,1.6,1.6,0.0,1.6,0.0,0.0,0.0,0.0,1.6,1.6,1.6,0.0
2018-06-25,1.6,1.6,0.0,1.6,0.0,0.0,0.0,0.0,1.6,1.6,1.6,0.0
2018-06-26,1.6,1.6,0.0,1.6,0.0,0.0,0.0,0.0,1.6,1.6,1.6,0.0
2018-06-27,1.6,1.6,0.0,1.6,0.0,0.0,0.0,0.0,1.6,1.6,1.6,0.0
2018-06-28,1.6,1.6,0.0,1.6,0.0,0.0,0.0,0.0,1.6,1.6,1.6,0.0
2018-06-29,1.6,1.6,0.0,1.6,0.0,0.0,0.0,0.0,1.6,1.6,1.6,0.0
2018-07-02,1.6,1.6,0.0,1.6,0.0,0.0,0.0,0.0,1.6,1.6,1.6,0.0
2018-07-03,1.6,1.6,0.0,1.6,0.0,0.0,0.0,0.0,1.6,1.6,1.6,0.0
2018-07-04,1.6,1.6,0.0,1.6,0.0,0.0,0.0,0.0,1.6,1.6,1.6,0.0
2018-07-05,1.6,1.6,0.0,1.6,0.0,0.0,0.0,0.0,1.6,1.6,1.6,0.0
2018-07-06,1.6,1.6,0.0,1.6,0.0,0.0,0.0,0.0,1.6,1.6,1.6,0.0
2018-07-09,1.6,1.6,0.0,1.6,0.0,0.0,0.0,0.0,1.6,1.6,1.6,0.0
2018-07-10,1.6,1.6,0.0,1.6,0.0,0.0,0.0,0.0,1.6,1.6,1.6,0.0
2018-07-11,1.6,1.6,0.0,1.6,0.0,0.0,0.0,0.0,1.6,1.6,1.6,0.0
2018-07-12,1.6,1.6,0.0,1.6,0.0,0.0,0.0,0.0,1.6,1.6,1.6,0.0
2018-07-13,1.6,1.6,0.0,1.6,0.0,0.0,0.0,0.0,1.6,1.6,1.6,0.0
2018-07-16,1.6,1.6,0.0,1.6,0.0,0.0,0.0,0.0,1.6,1.6,1.6,0.0
2018-07-17,1.6,1.6,0.0,1.6,0.0,0.0,0.0,0.0,1.6,1.6,1.6,0.0
2018-07-18,1.6,1.6,0.0,1.6,0.0,0.0,0.0,0.0,1.6,1.6,1.6,0.0
2018-07-19,1.6,1.6,0.0,1.6,0.0,0.0,0.0,0.0,1.6,1.6,1.6,0.0
2018-07-20,1.6,1.6,0.0,1.6,0.0,0.0,0.0,0.0,1.6,1.6,1.6,0.0
2018-07-23,1.6,1.6,0.0,1.6,0.0,0.0,0.0,0.0,1.6,1.6,1.6,0.0
2018-07-24,1.6,1.6,0.0,1.6,0.0,0.0,0.0,0.0,1.6,1.6,1.6,0.0
2018-07-25,1.6,1.6,0.0,1.6,0.0,0.0,0.0,0.0,1.6,1.6,1.6,0.0
2018-07-26,1.6,1.6,0.0,1.6,0.0,0.0,0.0,0.0,1.6,1.6,1.6,0.0
2018-07-27,1.6,1.6,0.0,1.6,0.0,0.0,0.0,0.0,1.6,1.6,1.6,0.0
2018-07-30,1.6,1.6,0.0,1.6,0.0,0.0,0.0,0.0,1.6,1.6,1.6,0.0
2018-07-31,1.6,1.6,0.0,1.6,0.0,0.0,0.0,0.0,1.6,1.6,1.6,0.0
2018-08-01,1.6,1.6,0.0,1.6,0.0,0.0,0.0,0.0,1.6,1.6,1.6,0.0
2018-08-02,1.6,1.6,0.0,1.6,0.0,0.0,0.0,0.0,1.6,1.6,1.6,0.0
2018-08-03,1.6,1.6,0.0,1.6,0.0,0.0,0.0,0.0,1.6,1.6,1.6,0.0
2018-08-06,1.6,1.6,0.0,1.6,0.0,0.0,0.0,0.0,1.6,1.6,1.6,0.0
2018-08-07,1.6,1.6,0.0,1.6,0.0,0.0,0.0,0.0,1.6,1.6,1.6,0.0
2018-08-08,1.6,1.6,0.0,1.6,0.0,0.0,0.0,0.0,1.6,1.6,1.6,0.0
2018-08-09,1.6,1.6,0.0,1.6,0.0,0.0,0.0,0.0,1.6,1.6,1.6,0.0
2018-08-10,1.6,1.6,0.0,1.6,0.0,0.0,0.0,0.0,1.6,1.6,1.6,0.0
2018-08-13,1.6,1.6,0.0,1.6,0.0,0.0,0.0,0.0,1.6,1.6,1.6,0.0
2018-08-14,1.6,1.6,0.0,1.6,0.0,0.0,0.0,0.0,1.6,1.6,1.6,0.0
2018-08-15,1.6,1.6,0.0,1.6,0.0,0.0,0.0,0.0,1.6,1.6,1.6,0.0
2018-08-16,1.6,1.6,0.0,1.6,0.0,0.0,0.0,0.0,1.6,1.6,1.6,0.0
2018-08-17,1.6,1.6,0.0,1.6,0.0,0.0,0.0,0.0,1.6,1.6,1.6,0.0
2018-08-20,1.6,1.6,0.0,1.6,0.0,0.0,0.0,0.0,1.6,1.6,1.6,0.0
2018-08-21,1.6,1.6,0.0,1.6,0.0,0.0,0.0,0.0,1.6,1.6,1.6,0.0
2018-08-22,1.6,1.6,0.0,1.6,0.0,0.0,0.0,0.0,1.6,1.6,1.6,0.0
2018-08-23,1.6,1.6,0.0,1.6,0.0,0.0,0.0,0.0,1.6,1.6,1.6,0.0
2018-08-24,1.6,1.6,0.0,1.6,10000.0,16000000.0,0.0,0.0,1.6,1.6,1.6,10000.0
2018-08-27,1.6,1.6,0.0,1.6,0.0,0.0,0.0,0.0,1.6,1.6,1.6,0.0
2018-08-28,1.6,1.6,0.0,1.6,0.0,0.0,0.0,0.0,1.6,1.6,1.6,0.0
2018-08-29,1.6,1.6,0.0,1.6,0.0,0.0,0.0,0.0,1.6,1.6,1.6,0.0
2018-08-30,1.6,1.6,0.0,1.6,0.0,0.0,0.0,0.0,1.6,1.6,1.6,0.0
2018-08-31,1.6,1.6,0.0,1.6,0.0,0.0,0.0,0.0,1.6,1.6,1.6,0.0
2018-09-04,1.6,1.6,0.0,1.6,0.0,0.0,0.0,0.0,1.6,1.6,1.6,0.0
2018-09-05,1.6,1.6,0.0,1.6,0.0,0.0,0.0,0.0,1.6,1.6,1.6,0.0
2018-09-06,1.6,1.6,0.0,1.6,0.0,0.0,0.0,0.0,1.6,1.6,1.6,0.0
2018-09-07,1.6,1.6,0.0,1.6,0.0,0.0,0.0,0.0,1.6,1.6,1.6,0.0
2018-09-10,1.6,1.6,0.0,1.6,0.0,0.0,0.0,0.0,1.6,1.6,1.6,0.0
2018-09-11,1.6,1.6,0.0,1.6,0.0,0.0,0.0,0.0,1.6,1.6,1.6,0.0
2018-09-12,1.6,1.6,0.0,1.6,0.0,0.0,0.0,0.0,1.6,1.6,1.6,0.0
2018-09-13,1.6,1.6,0.0,1.6,0.0,0.0,0.0,0.0,1.6,1.6,1.6,0.0
2018-09-14,1.6,1.6,0.0,1.6,0.0,0.0,0.0,0.0,1.6,1.6,1.6,0.0
2018-09-17,1.6,1.6,0.0,1.6,0.0,0.0,0.0,0.0,1.6,1.6,1.6,0.0
2018-09-18,1.6,1.6,0.0,1.6,0.0,0.0,0.0,0.0,1.6,1.6,1.6,0.0
2018-09-19,1.6,1.6,0.0,1.6,0.0,0.0,0.0,0.0,1.6,1.6,1.6,0.0
2018-09-20,1.6,1.6,0.0,1.6,0.0,0.0,0.0,0.0,1.6,1.6,1.6,0.0
2018-09-21,1.6,1.6,0.0,1.6,0.0,0.0,0.0,0.0,1.6,1.6,1.6,0.0
2018-09-24,1.6,1.6,0.0,1.6,0.0,0.0,0.0,0.0,1.6,1.6,1.6,0.0
2018-09-25,1.6,1.6,0.0,1.6,0.0,0.0,0.0,0.0,1.6,1.6,1.6,0.0
2018-09-26,1.6,1.6,0.0,1.6,0.0,0.0,0.0,0.0,1.6,1.6,1.6,0.0
2018-09-27,1.6,1.6,0.0,1.6,0.0,0.0,0.0,0.0,1.6,1.6,1.6,0.0
2018-09-28,1.6,1.6,0.0,1.6,0.0,0.0,0.0,0.0,1.6,1.6,1.6,0.0
2018-10-01,1.6,1.6,0.0,1.6,0.0,0.0,0.0,0.0,1.6,1.6,1.6,0.0
2018-10-02,1.6,1.6,0.0,1.6,0.0,0.0,0.0,0.0,1.6,1.6,1.6,0.0
2018-10-03,1.6,1.6,0.0,1.6,0.0,0.0,0.0,0.0,1.6,1.6,1.6,0.0
2018-10-04,1.6,1.6,0.0,1.6,0.0,0.0,0.0,0.0,1.6,1.6,1.6,0.0
2018-10-05,1.6,1.6,0.0,1.6,0.0,0.0,0.0,0.0,1.6,1.6,1.6,0.0
2018-10-08,1.6,1.6,0.0,1.6,0.0,0.0,0.0,0.0,1.6,1.6,1.6,0.0
2018-10-09,1.6,1.6,0.0,1.6,0.0,0.0,0.0,0.0,1.6,1.6,1.6,0.0
2018-10-10,1.6,1.6,0.0,1.6,0.0,0.0,0.0,0.0,1.6,1.6,1.6,0.0
2018-10-11,1.6,1.6,0.0,1.6,0.0,0.0,0.0,0.0,1.6,1.6,1.6,0.0
2018-10-12,1.6,1.6,0.0,1.6,0.0,0.0,0.0,0.0,1.6,1.6,1.6,0.0
2018-10-15,1.6,1.6,0.0,1.6,0.0,0.0,0.0,0.0,1.6,1.6,1.6,0.0
2018-10-16,1.6,1.6,0.0,1.6,0.0,0.0,0.0,0.0,1.6,1.6,1.6,0.0
2018-10-17,1.6,1.6,0.0,1.6,0.0,0.0,0.0,0.0,1.6,1.6,1.6,0.0
2018-10-18,1.6,1.6,0.0,1.6,0.0,0.0,0.0,0.0,1.6,1.6,1.6,0.0
2018-10-19,1.6,1.6,0.0,1.6,0.0,0.0,0.0,0.0,1.6,1.6,1.6,0.0
2018-10-22,1.6,1.6,0.0,1.6,0.0,0.0,0.0,0.0,1.6,1.6,1.6,0.0
2018-10-23,1.6,1.6,0.0,1.6,0.0,0.0,0.0,0.0,1.6,1.6,1.6,0.0
2018-10-24,1.6,1.6,0.0,1.6,0.0,0.0,0.0,0.0,1.6,1.6,1.6,0.0
2018-10-25,1.6,1.6,0.0,1.6,0.0,0.0,0.0,0.0,1.6,1.6,1.6,0.0
2018-10-26,1.6,1.6,0.0,1.6,0.0,0.0,0.0,0.0,1.6,1.6,1.6,0.0
2018-10-29,1.6,1.6,0.0,1.6,0.0,0.0,0.0,0.0,1.6,1.6,1.6,0.0
2018-10-30,1.6,1.6,0.0,1.6,0.0,0.0,0.0,0.0,1.6,1.6,1.6,0.0
2018-10-31,1.6,1.6,0.0,1.6,0.0,0.0,0.0,0.0,1.6,1.6,1.6,0.0
2018-11-01,1.6,1.6,0.0,1.6,0.0,0.0,0.0,0.0,1.6,1.6,1.6,0.0
2018-11-02,1.6,1.6,0.0,1.6,0.0,0.0,0.0,0.0,1.6,1.6,1.6,0.0
2018-11-05,1.6,1.6,0.0,1.6,0.0,0.0,0.0,0.0,1.6,1.6,1.6,0.0
2018-11-06,1.6,1.6,0.0,1.6,0.0,0.0,0.0,0.0,1.6,1.6,1.6,0.0
2018-11-07,1.6,1.6,0.0,1.6,0.0,0.0,0.0,0.0,1.6,1.6,1.6,0.0
2018-11-08,1.6,1.6,0.0,1.6,0.0,0.0,0.0,0.0,1.6,1.6,1.6,0.0
2018-11-09,1.6,1.6,0.0,1.6,0.0,0.0,0.0,0.0,1.6,1.6,1.6,0.0
2018-11-12,1.6,1.6,0.0,1.6,0.0,0.0,0.0,0.0,1.6,1.6,1.6,0.0
2018-11-13,1.6,1.6,0.0,1.6,0.0,0.0,0.0,0.0,1.6,1.6,1.6,0.0
2018-11-14,1.6,1.6,0.0,1.6,0.0,0.0,0.0,0.0,1.6,1.6,1.6,0.0
2018-11-15,1.6,1.6,0.0,1.6,0.0,0.0,0.0,0.0,1.6,1.6,1.6,0.0
2018-11-16,1.6,1.6,0.0,1.6,0.0,0.0,0.0,0.0,1.6,1.6,1.6,0.0
2018-11-19,1.6,1.6,0.0,1.6,0.0,0.0,0.0,0.0,1.6,1.6,1.6,0.0
2018-11-20,1.6,1.6,0.0,1.6,0.0,0.0,0.0,0.0,1.6,1.6,1.6,0.0
2018-11-21,1.6,1.6,0.0,1.6,0.0,0.0,0.0,0.0,1.6,1.6,1.6,0.0
2018-11-22,1.6,1.6,0.0,1.6,0.0,0.0,0.0,0.0,1.6,1.6,1.6,0.0
2018-11-23,1.6,1.6,0.0,1.6,0.0,0.0,0.0,0.0,1.6,1.6,1.6,0.0
2018-11-26,1.6,1.6,0.0,1.6,0.0,0.0,0.0,0.0,1.6,1.6,1.6,0.0
2018-11-27,1.6,1.6,0.0,1.6,0.0,0.0,0.0,0.0,1.6,1.6,1.6,0.0
2018-11-28,1.6,1.6,0.0,1.6,0.0,0.0,0.0,0.0,1.6,1.6,1.6,0.0
2018-11-29,1.6,1.6,0.0,1.6,0.0,0.0,0.0,0.0,1.6,1.6,1.6,0.0
2018-11-30,1.6,1.6,0.0,1.6,0.0,0.0,0.0,0.0,1.6,1.6,1.6,0.0
2018-12-03,1.6,1.6,0.0,1.6,0.0,0.0,0.0,0.0,1.6,1.6,1.6,0.0
2018-12-04,1.6,1.6,0.0,1.6,0.0,0.0,0.0,0.0,1.6,1.6,1.6,0.0
2018-12-05,1.6,1.6,0.0,1.6,0.0,0.0,0.0,0.0,1.6,1.6,1.6,0.0
2018-12-06,1.6,1.6,0.0,1.6,0.0,0.0,0.0,0.0,1.6,1.6,1.6,0.0
2018-12-07,1.6,1.6,0.0,1.6,0.0,0.0,0.0,0.0,1.6,1.6,1.6,0.0
2018-12-10,1.6,1.6,0.0,1.6,0.0,0.0,0.0,0.0,1.6,1.6,1.6,0.0
2018-12-11,1.6,1.6,0.0,1.6,0.0,0.0,0.0,0.0,1.6,1.6,1.6,0.0
2018-12-12,1.6,1.6,0.0,1.6,0.0,0.0,0.0,0.0,1.6,1.6,1.6,0.0
2018-12-13,1.6,1.6,0.0,1.6,0.0,0.0,0.0,0.0,1.6,1.6,1.6,0.0
2018-12-14,1.6,1.6,0.0,1.6,0.0,0.0,0.0,0.0,1.6,1.6,1.6,0.0
2018-12-17,1.6,1.6,0.0,1.6,0.0,0.0,0.0,0.0,1.6,1.6,1.6,0.0
2018-12-18,1.6,1.6,0.0,1.6,0.0,0.0,0.0,0.0,1.6,1.6,1.6,0.0
2018-12-19,1.6,1.6,0.0,1.6,0.0,0.0,0.0,0.0,1.6,1.6,1.6,0.0
2018-12-20,1.6,1.6,0.0,1.6,0.0,0.0,0.0,0.0,1.6,1.6,1.6,0.0
2018-12-21,1.6,1.6,0.0,1.6,10000.0,16000000.0,0.0,0.0,1.6,1.6,1.6,10000.0
2018-12-24,1.6,1.6,0.0,1.6,0.0,0.0,0.0,0.0,1.6,1.6,1.6,0.0
2018-12-25,1.6,1.6,0.0,1.6,0.0,0.0,0.0,0.0,1.6,1.6,1.6,0.0
2018-12-26,1.6,1.6,0.0,1.6,0.0,0.0,0.0,0.0,1.6,1.6,1.6,0.0
2018-12-27,1.6,1.6,0.0,1.6,0.0,0.0,0.0,0.0,1.6,1.6,1.6,0.0
2018-12-28,1.6,1.6,0.0,1.6,0.0,0.0,0.0,0.0,1.6,1.6,1.6,0.0
2019-01-02,1.6,1.6,0.0,1.6,0.0,0.0,0.0,0.0,1.6,1.6,1.6,0.0
2019-01-03,1.6,1.6,0.0,1.6,0.0,0.0,0.0,0.0,1.6,1.6,1.6,0.0
2019-01-04,1.6,1.6,0.0,1.6,42500.0,68000000.0,0.0,0.0,1.6,1.6,1.6,42500.0
2019-01-07,1.6,1.6,0.0,1.6,0.0,0.0,0.0,0.0,1.6,1.6,1.6,0.0
2019-01-08,1.6,1.6,0.0,1.6,0.0,0.0,0.0,0.0,1.6,1.6,1.6,0.0
2019-01-09,1.6,1.6,0.0,1.6,0.0,0.0,0.0,0.0,1.6,1.6,1.6,0.0
2019-01-10,1.6,1.6,0.0,1.6,0.0,0.0,0.0,0.0,1.6,1.6,1.6,0.0
2019-01-11,1.6,1.6,0.0,1.6,15900.0,25440000.0,0.0,0.0,1.6,1.6,1.6,15900.0
2019-01-14,1.6,1.6,0.0,1.6,0.0,0.0,0.0,0.0,1.6,1.6,1.6,0.0
2019-01-15,1.6,1.6,0.0,1.6,0.0,0.0,0.0,0.0,1.6,1.6,1.6,0.0
2019-01-16,1.6,1.6,0.0,1.6,0.0,0.0,0.0,0.0,1.6,1.6,1.6,0.0
2019-01-17,1.6,1.6,0.0,1.6,0.0,0.0,0.0,0.0,1.6,1.6,1.6,0.0
2019-01-18,1.6,1.6,0.0,1.6,0.0,0.0,0.0,0.0,1.6,1.6,1.6,0.0
2019-01-21,1.6,1.6,0.0,1.6,0.0,0.0,0.0,0.0,1.6,1.6,1.6,0.0
2019-01-22,1.6,1.6,0.0,1.6,0.0,0.0,0.0,0.0,1.6,1.6,1.6,0.0
2019-01-23,1.6,1.6,0.0,1.6,0.0,0.0,0.0,0.0,1.6,1.6,1.6,0.0
2019-01-24,1.6,1.6,0.0,1.6,0.0,0.0,0.0,0.0,1.6,1.6,1.6,0.0
2019-01-25,1.6,1.6,0.0,1.6,0.0,0.0,0.0,0.0,1.6,1.6,1.6,0.0
2019-01-28,1.6,1.6,0.0,1.6,0.0,0.0,0.0,0.0,1.6,1.6,1.6,0.0
2019-01-29,1.6,1.6,0.0,1.6,0.0,0.0,0.0,0.0,1.6,1.6,1.6,0.0
2019-01-30,1.6,1.6,0.0,1.6,0.0,0.0,0.0,0.0,1.6,1.6,1.6,0.0
2019-01-31,1.6,1.6,0.0,1.6,0.0,0.0,0.0,0.0,1.6,1.6,1.6,0.0
2019-02-01,1.6,1.6,0.0,1.6,0.0,0.0,0.0,0.0,1.6,1.6,1.6,0.0
2019-02-11,1.6,1.6,0.0,1.6,0.0,0.0,0.0,0.0,1.6,1.6,1.6,0.0
2019-02-12,1.6,1.6,0.0,1.6,0.0,0.0,0.0,0.0,1.6,1.6,1.6,0.0
2019-02-13,1.6,1.6,0.0,1.6,0.0,0.0,0.0,0.0,1.6,1.6,1.6,0.0
2019-02-14,1.6,1.6,0.0,1.6,0.0,0.0,0.0,0.0,1.6,1.6,1.6,0.0
2019-02-15,1.6,1.6,0.0,1.6,0.0,0.0,0.0,0.0,1.6,1.6,1.6,0.0
2019-02-18,1.6,1.6,0.0,1.6,0.0,0.0,0.0,0.0,1.6,1.6,1.6,0.0
2019-02-19,1.6,1.6,0.0,1.6,0.0,0.0,0.0,0.0,1.6,1.6,1.6,0.0
2019-02-20,1.6,1.6,0.0,1.6,0.0,0.0,0.0,0.0,1.6,1.6,1.6,0.0
2019-02-21,1.6,1.6,0.0,1.6,0.0,0.0,0.0,0.0,1.6,1.6,1.6,0.0
2019-02-22,1.6,1.6,0.0,1.6,0.0,0.0,0.0,0.0,1.6,1.6,1.6,0.0
2019-02-25,1.6,1.6,0.0,1.6,0.0,0.0,0.0,0.0,1.6,1.6,1.6,0.0
2019-02-26,1.6,1.6,0.0,1.6,0.0,0.0,0.0,0.0,1.6,1.6,1.6,0.0
2019-02-27,1.6,1.6,0.0,1.6,0.0,0.0,0.0,0.0,1.6,1.6,1.6,0.0
2019-02-28,1.6,1.6,0.0,1.6,0.0,0.0,0.0,0.0,1.6,1.6,1.6,0.0
2019-03-01,1.6,1.6,0.0,1.6,0.0,0.0,0.0,0.0,1.6,1.6,1.6,0.0
2019-03-04,1.6,1.6,0.0,1.6,0.0,0.0,0.0,0.0,1.6,1.6,1.6,0.0
2019-03-05,1.6,1.6,0.0,1.6,0.0,0.0,0.0,0.0,1.6,1.6,1.6,0.0
2019-03-06,1.6,1.6,0.0,1.6,0.0,0.0,0.0,0.0,1.6,1.6,1.6,0.0
2019-03-07,1.6,1.6,0.0,1.6,0.0,0.0,0.0,0.0,1.6,1.6,1.6,0.0
2019-03-08,1.6,1.6,0.0,1.6,0.0,0.0,0.0,0.0,1.6,1.6,1.6,0.0
2019-03-11,1.6,1.6,0.0,1.6,0.0,0.0,0.0,0.0,1.6,1.6,1.6,0.0
2019-03-12,1.6,1.6,0.0,1.6,0.0,0.0,0.0,0.0,1.6,1.6,1.6,0.0
2019-03-13,1.6,1.6,0.0,1.6,0.0,0.0,0.0,0.0,1.6,1.6,1.6,0.0
2019-03-14,1.6,1.6,0.0,1.6,0.0,0.0,0.0,0.0,1.6,1.6,1.6,0.0
2019-03-15,1.6,1.6,0.0,1.6,0.0,0.0,0.0,0.0,1.6,1.6,1.6,0.0
2019-03-18,1.6,1.6,0.0,1.6,0.0,0.0,0.0,0.0,1.6,1.6,1.6,0.0
2019-03-19,1.6,1.6,0.0,1.6,0.0,0.0,0.0,0.0,1.6,1.6,1.6,0.0
2019-03-20,1.6,1.6,0.0,1.6,0.0,0.0,0.0,0.0,1.6,1.6,1.6,0.0
2019-03-21,1.6,1.6,0.0,1.6,0.0,0.0,0.0,0.0,1.6,1.6,1.6,0.0
2019-03-22,1.6,1.6,0.0,1.6,0.0,0.0,0.0,0.0,1.6,1.6,1.6,0.0
2019-03-25,1.6,1.6,0.0,1.6,0.0,0.0,0.0,0.0,1.6,1.6,1.6,0.0
2019-03-26,1.6,1.6,0.0,1.6,0.0,0.0,0.0,0.0,1.6,1.6,1.6,0.0
2019-03-27,1.6,1.6,0.0,1.6,0.0,0.0,0.0,0.0,1.6,1.6,1.6,0.0
2019-03-28,1.6,1.6,0.0,1.6,0.0,0.0,0.0,0.0,1.6,1.6,1.6,0.0
2019-03-29,1.6,1.6,0.0,1.6,0.0,0.0,0.0,0.0,1.6,1.6,1.6,0.0
2019-04-01,1.6,1.6,0.0,1.6,0.0,0.0,0.0,0.0,1.6,1.6,1.6,0.0
2019-04-02,1.6,1.6,0.0,1.6,0.0,0.0,0.0,0.0,1.6,1.6,1.6,0.0
2019-04-03,1.6,1.6,0.0,1.6,0.0,0.0,0.0,0.0,1.6,1.6,1.6,0.0
2019-04-04,1.6,1.6,0.0,1.6,0.0,0.0,0.0,0.0,1.6,1.6,1.6,0.0
2019-04-05,1.4,1.4,-12.5,1.4,300.0,420000.0,0.0,0.0,1.4,1.4,1.4,300.0
2019-04-08,1.4,1.4,0.0,1.4,0.0,0.0,0.0,0.0,1.4,1.4,1.4,0.0
2019-04-09,1.4,1.4,0.0,1.4,0.0,0.0,0.0,0.0,1.4,1.4,1.4,0.0
2019-04-10,1.4,1.4,0.0,1.4,0.0,0.0,0.0,0.0,1.4,1.4,1.4,0.0
2019-04-11,1.4,1.4,0.0,1.4,100.0,140000.0,0.0,0.0,1.4,1.4,1.4,100.0
2019-04-12,1.4,1.4,0.0,1.4,100.0,140000.0,0.0,0.0,1.4,1.4,1.4,100.0
2019-04-16,1.4,1.4,0.0,1.4,0.0,0.0,0.0,0.0,1.4,1.4,1.4,0.0
2019-04-17,1.4,1.4,0.0,1.4,0.0,0.0,0.0,0.0,1.4,1.4,1.4,0.0
2019-04-18,1.4,1.4,0.0,1.4,0.0,0.0,0.0,0.0,1.4,1.4,1.4,0.0
2019-04-19,1.4,1.4,0.0,1.4,0.0,0.0,0.0,0.0,1.4,1.4,1.4,0.0
2019-04-22,1.4,1.4,0.0,1.4,0.0,0.0,0.0,0.0,1.4,1.4,1.4,0.0
2019-04-23,1.4,1.4,0.0,1.4,0.0,0.0,0.0,0.0,1.4,1.4,1.4,0.0
2019-04-24,1.4,1.4,0.0,1.4,0.0,0.0,0.0,0.0,1.4,1.4,1.4,0.0
2019-04-25,1.4,1.4,0.0,1.4,0.0,0.0,0.0,0.0,1.4,1.4,1.4,0.0
2019-04-26,1.4,1.4,0.0,1.4,0.0,0.0,0.0,0.0,1.4,1.4,1.4,0.0
2019-05-02,1.4,1.4,0.0,1.4,0.0,0.0,0.0,0.0,1.4,1.4,1.4,0.0
2019-05-03,1.4,1.4,0.0,1.4,0.0,0.0,0.0,0.0,1.4,1.4,1.4,0.0
2019-05-06,1.4,1.4,0.0,1.4,0.0,0.0,0.0,0.0,1.4,1.4,1.4,0.0
2019-05-07,1.4,1.4,0.0,1.4,0.0,0.0,0.0,0.0,1.4,1.4,1.4,0.0
2019-05-08,1.4,1.4,0.0,1.4,0.0,0.0,0.0,0.0,1.4,1.4,1.4,0.0
2019-05-09,1.4,1.4,0.0,1.4,0.0,0.0,0.0,0.0,1.4,1.4,1.4,0.0
2019-05-10,1.4,1.4,0.0,1.4,0.0,0.0,0.0,0.0,1.4,1.4,1.4,0.0
2019-05-13,1.4,1.4,0.0,1.4,0.0,0.0,0.0,0.0,1.4,1.4,1.4,0.0
2019-05-14,1.4,1.4,0.0,1.4,0.0,0.0,0.0,0.0,1.4,1.4,1.4,0.0
2019-05-15,1.4,1.4,0.0,1.4,0.0,0.0,0.0,0.0,1.4,1.4,1.4,0.0
2019-05-16,1.4,1.4,0.0,1.4,0.0,0.0,0.0,0.0,1.4,1.4,1.4,0.0
2019-05-17,1.4,1.4,0.0,1.4,0.0,0.0,0.0,0.0,1.4,1.4,1.4,0.0
2019-05-20,1.4,1.4,0.0,1.4,0.0,0.0,0.0,0.0,1.4,1.4,1.4,0.0
2019-05-21,1.6,1.6,14.2857,1.6,100.0,160000.0,0.0,0.0,1.6,1.6,1.6,100.0
2019-05-22,1.8,1.8,12.5,1.8,100.0,180000.0,0.0,0.0,1.8,1.8,1.8,100.0
2019-05-23,2.0,2.0,11.1111,2.0,400.0,800000.0,0.0,0.0,2.0,2.0,2.0,400.0
2019-05-24,2.3,2.3,15.0,2.3,6300.0,14490000.0,0.0,0.0,2.3,2.3,2.3,6300.0
2019-05-27,2.3,2.3,0.0,2.3,0.0,0.0,0.0,0.0,2.3,2.3,2.3,0.0
2019-05-28,2.3,2.3,0.0,2.3,0.0,0.0,0.0,0.0,2.3,2.3,2.3,0.0
2019-05-29,2.6,2.6,13.0435,2.6,200.0,520000.0,0.0,0.0,2.6,2.6,2.6,200.0
2019-05-30,2.9,2.9,11.5385,2.9,600.0,1740000.0,0.0,0.0,2.9,2.9,2.9,600.0
2019-05-31,3.3,3.3,13.7931,3.3,7000.0,23100000.0,0.0,0.0,3.3,3.3,3.3,7000.0
2019-06-03,3.7,3.7,12.1212,3.7,1100.0,4070000.0,0.0,0.0,3.7,3.7,3.7,1100.0
2019-06-04,4.2,4.2,13.5135,4.2,5000.0,21000000.0,0.0,0.0,4.2,4.2,4.2,5000.0
2019-06-05,4.2,4.2,0.0,4.2,2700.0,11340000.0,0.0,0.0,4.2,4.2,4.2,2700.0
2019-06-06,3.6,3.6,-14.2857,3.627,3700.0,13420000.0,475670.0,1997814000.0,3.6,4.6,3.6,479370.0
2019-06-07,4.1,4.1,13.8889,3.803,3500.0,13310000.0,146490.0,585960000.0,3.9,4.1,3.1,149990.0
2019-06-10,4.3,4.3,13.1579,4.3,1100.0,4730000.0,10500.0,42000000.0,4.3,4.3,4.3,11600.0
2019-06-11,4.2,4.2,-2.3256,4.095,4000.0,16380000.0,128700.0,514800000.0,3.7,4.2,3.7,132700.0
2019-06-12,4.0,4.0,-2.439,4.011,1900.0,7620000.0,5880.0,23520000.0,4.1,4.1,4.0,7780.0
2019-06-13,4.6,4.6,15.0,4.6,100.0,460000.0,399490.0,1597960000.0,4.6,4.6,4.6,399590.0
2019-06-14,4.3,4.3,-6.5217,4.269,1600.0,6830000.0,77280.0,309120000.0,5.2,5.2,4.1,78880.0
2019-06-17,4.0,4.0,-6.9767,4.0,1000.0,4000000.0,0.0,0.0,4.0,4.0,4.0,1000.0
2019-06-18,4.4,4.4,10.0,4.486,1400.0,6280000.0,0.0,0.0,4.0,4.6,4.0,1400.0
2019-06-19,4.2,4.2,-6.6667,4.2,100.0,420000.0,36000.0,144000000.0,4.2,4.2,4.2,36100.0
2019-06-20,4.4,4.4,4.7619,4.324,2100.0,9080000.0,24200.0,96800000.0,4.5,4.5,4.2,26300.0
2019-06-21,4.3,4.3,0.0,4.3,0.0,0.0,0.0,0.0,4.3,4.3,4.3,0.0
2019-06-24,4.1,4.1,-4.6512,4.1,100.0,410000.0,15880.0,63520000.0,4.1,4.1,4.1,15980.0
2019-06-25,4.4,4.4,7.3171,4.4,1000.0,4400000.0,15800.0,63200000.0,4.4,4.4,4.4,16800.0
2019-06-26,4.4,4.4,0.0,4.4,0.0,0.0,0.0,0.0,4.4,4.4,4.4,0.0
2019-06-27,4.4,4.4,0.0,4.4,0.0,0.0,0.0,0.0,4.4,4.4,4.4,0.0
2019-06-28,4.4,4.4,0.0,4.4,0.0,0.0,0.0,0.0,4.4,4.4,4.4,0.0
2019-07-01,4.4,4.4,0.0,4.133,300.0,1240000.0,10060.0,40240000.0,4.0,4.4,4.0,10360.0
2019-07-02,4.1,4.1,0.0,4.1,0.0,0.0,0.0,0.0,4.1,4.1,4.1,0.0
2019-07-03,4.1,4.1,0.0,4.1,200.0,820000.0,16380.0,65520000.0,4.1,4.1,4.1,16580.0
2019-07-04,4.1,4.1,0.0,4.1,0.0,0.0,42100.0,168400000.0,4.1,4.1,4.1,42100.0
2019-07-05,4.1,4.1,0.0,4.1,0.0,0.0,0.0,0.0,4.1,4.1,4.1,0.0
2019-07-08,4.1,4.1,0.0,4.1,0.0,0.0,0.0,0.0,4.1,4.1,4.1,0.0
2019-07-09,4.1,4.1,0.0,4.1,0.0,0.0,0.0,0.0,4.1,4.1,4.1,0.0
2019-07-10,4.1,4.1,0.0,4.1,0.0,0.0,0.0,0.0,4.1,4.1,4.1,0.0
2019-07-11,4.1,4.1,0.0,4.1,0.0,0.0,0.0,0.0,4.1,4.1,4.1,0.0
2019-07-12,4.1,4.1,0.0,4.1,0.0,0.0,0.0,0.0,4.1,4.1,4.1,0.0
2019-07-15,4.1,4.1,0.0,4.1,0.0,0.0,0.0,0.0,4.1,4.1,4.1,0.0
2019-07-16,4.1,4.1,0.0,4.1,0.0,0.0,16170.0,64680000.0,4.1,4.1,4.1,16170.0
2019-07-17,4.1,4.1,0.0,4.1,0.0,0.0,0.0,0.0,4.1,4.1,4.1,0.0
2019-07-18,4.7,4.7,14.6341,4.7,100.0,470000.0,0.0,0.0,4.7,4.7,4.7,100.0
2019-07-19,4.7,4.7,0.0,4.7,0.0,0.0,0.0,0.0,4.7,4.7,4.7,0.0
2019-07-22,4.7,4.7,0.0,4.7,0.0,0.0,0.0,0.0,4.7,4.7,4.7,0.0
2019-07-23,4.7,4.7,0.0,4.7,0.0,0.0,0.0,0.0,4.7,4.7,4.7,0.0
2019-07-24,4.7,4.7,0.0,4.7,0.0,0.0,0.0,0.0,4.7,4.7,4.7,0.0
2019-07-25,4.7,4.7,0.0,4.7,0.0,0.0,0.0,0.0,4.7,4.7,4.7,0.0
2019-07-26,4.7,4.7,0.0,4.7,0.0,0.0,0.0,0.0,4.7,4.7,4.7,0.0
2019-07-29,4.7,4.7,0.0,4.7,0.0,0.0,0.0,0.0,4.7,4.7,4.7,0.0
2019-07-30,4.7,4.7,0.0,4.7,0.0,0.0,0.0,0.0,4.7,4.7,4.7,0.0
2019-07-31,4.7,4.7,0.0,4.7,0.0,0.0,0.0,0.0,4.7,4.7,4.7,0.0
2019-08-01,4.7,4.7,0.0,4.7,0.0,0.0,0.0,0.0,4.7,4.7,4.7,0.0
2019-08-02,4.7,4.7,0.0,4.7,0.0,0.0,0.0,0.0,4.7,4.7,4.7,0.0
2019-08-05,4.9,4.9,4.2553,4.9,1000.0,4900000.0,0.0,0.0,4.9,4.9,4.9,1000.0
2019-08-06,4.9,4.9,0.0,4.9,0.0,0.0,0.0,0.0,4.9,4.9,4.9,0.0
2019-08-07,4.9,4.9,0.0,4.9,0.0,0.0,0.0,0.0,4.9,4.9,4.9,0.0
2019-08-08,4.9,4.9,0.0,4.9,0.0,0.0,0.0,0.0,4.9,4.9,4.9,0.0
2019-08-09,4.9,4.9,0.0,4.9,0.0,0.0,0.0,0.0,4.9,4.9,4.9,0.0
2019-08-12,4.9,4.9,0.0,4.9,0.0,0.0,0.0,0.0,4.9,4.9,4.9,0.0
2019-08-13,4.9,4.9,0.0,4.9,0.0,0.0,0.0,0.0,4.9,4.9,4.9,0.0
2019-08-14,4.9,4.9,0.0,4.9,0.0,0.0,0.0,0.0,4.9,4.9,4.9,0.0
2019-08-15,4.9,4.9,0.0,4.9,200.0,980000.0,0.0,0.0,4.9,4.9,4.9,200.0
2019-08-16,4.9,4.9,0.0,4.9,0.0,0.0,0.0,0.0,4.9,4.9,4.9,0.0
2019-08-19,4.9,4.9,0.0,4.9,0.0,0.0,0.0,0.0,4.9,4.9,4.9,0.0
2019-08-20,4.9,4.9,0.0,4.9,0.0,0.0,0.0,0.0,4.9,4.9,4.9,0.0
2019-08-21,4.9,4.9,0.0,4.9,0.0,0.0,0.0,0.0,4.9,4.9,4.9,0.0
2019-08-22,4.9,4.9,0.0,4.9,0.0,0.0,0.0,0.0,4.9,4.9,4.9,0.0
2019-08-23,4.9,4.9,0.0,4.9,0.0,0.0,0.0,0.0,4.9,4.9,4.9,0.0
2019-08-26,4.9,4.9,0.0,4.9,0.0,0.0,0.0,0.0,4.9,4.9,4.9,0.0
2019-08-27,4.9,4.9,0.0,4.9,0.0,0.0,0.0,0.0,4.9,4.9,4.9,0.0
2019-08-28,4.9,4.9,0.0,4.9,0.0,0.0,0.0,0.0,4.9,4.9,4.9,0.0
2019-08-29,4.9,4.9,0.0,4.9,0.0,0.0,0.0,0.0,4.9,4.9,4.9,0.0
2019-08-30,4.9,4.9,0.0,4.9,0.0,0.0,0.0,0.0,4.9,4.9,4.9,0.0
2019-09-03,4.9,4.9,0.0,4.9,0.0,0.0,0.0,0.0,4.9,4.9,4.9,0.0
2019-09-04,4.9,4.9,0.0,4.9,0.0,0.0,0.0,0.0,4.9,4.9,4.9,0.0
2019-09-05,4.9,4.9,0.0,4.9,0.0,0.0,0.0,0.0,4.9,4.9,4.9,0.0
2019-09-06,4.9,4.9,0.0,4.9,0.0,0.0,0.0,0.0,4.9,4.9,4.9,0.0
2019-09-09,4.9,4.9,0.0,4.9,0.0,0.0,0.0,0.0,4.9,4.9,4.9,0.0
2019-09-10,4.9,4.9,0.0,4.9,0.0,0.0,5000.0,22000000.0,4.9,4.9,4.9,5000.0
2019-09-11,4.9,4.9,0.0,4.9,0.0,0.0,0.0,0.0,4.9,4.9,4.9,0.0
2019-09-12,4.9,4.9,0.0,4.9,0.0,0.0,0.0,0.0,4.9,4.9,4.9,0.0
2019-09-13,4.9,4.9,0.0,4.9,0.0,0.0,0.0,0.0,4.9,4.9,4.9,0.0
2019-09-16,4.9,4.9,0.0,4.9,0.0,0.0,0.0,0.0,4.9,4.9,4.9,0.0
2019-09-17,4.9,4.9,0.0,4.9,0.0,0.0,0.0,0.0,4.9,4.9,4.9,0.0
2019-09-18,4.9,4.9,0.0,4.9,0.0,0.0,0.0,0.0,4.9,4.9,4.9,0.0
2019-09-19,4.9,4.9,0.0,4.9,0.0,0.0,0.0,0.0,4.9,4.9,4.9,0.0
2019-09-20,4.9,4.9,0.0,4.9,0.0,0.0,0.0,0.0,4.9,4.9,4.9,0.0
2019-09-23,4.9,4.9,0.0,4.9,0.0,0.0,0.0,0.0,4.9,4.9,4.9,0.0
2019-09-24,4.9,4.9,0.0,4.9,0.0,0.0,0.0,0.0,4.9,4.9,4.9,0.0
2019-09-25,4.9,4.9,0.0,4.9,0.0,0.0,0.0,0.0,4.9,4.9,4.9,0.0
2019-09-26,4.9,4.9,0.0,4.9,0.0,0.0,0.0,0.0,4.9,4.9,4.9,0.0
2019-09-27,4.9,4.9,0.0,4.9,0.0,0.0,0.0,0.0,4.9,4.9,4.9,0.0
2019-09-30,4.9,4.9,0.0,4.9,0.0,0.0,0.0,0.0,4.9,4.9,4.9,0.0
2019-10-01,4.9,4.9,0.0,4.9,0.0,0.0,0.0,0.0,4.9,4.9,4.9,0.0
2019-10-02,4.9,4.9,0.0,4.9,0.0,0.0,0.0,0.0,4.9,4.9,4.9,0.0
2019-10-03,4.9,4.9,0.0,4.9,0.0,0.0,0.0,0.0,4.9,4.9,4.9,0.0
2019-10-04,4.9,4.9,0.0,4.9,0.0,0.0,0.0,0.0,4.9,4.9,4.9,0.0
2019-10-07,4.9,4.9,0.0,4.9,0.0,0.0,0.0,0.0,4.9,4.9,4.9,0.0
2019-10-08,4.9,4.9,0.0,4.9,0.0,0.0,0.0,0.0,4.9,4.9,4.9,0.0
2019-10-09,4.9,4.9,0.0,4.9,0.0,0.0,0.0,0.0,4.9,4.9,4.9,0.0
2019-10-10,4.9,4.9,0.0,4.9,0.0,0.0,0.0,0.0,4.9,4.9,4.9,0.0
2019-10-11,4.9,4.9,0.0,4.9,0.0,0.0,0.0,0.0,4.9,4.9,4.9,0.0
2019-10-14,4.9,4.9,0.0,4.9,0.0,0.0,0.0,0.0,4.9,4.9,4.9,0.0
2019-10-15,4.9,4.9,0.0,4.9,0.0,0.0,0.0,0.0,4.9,4.9,4.9,0.0
2019-10-16,4.9,4.9,0.0,4.9,0.0,0.0,0.0,0.0,4.9,4.9,4.9,0.0
2019-10-17,4.9,4.9,0.0,4.9,0.0,0.0,0.0,0.0,4.9,4.9,4.9,0.0
2019-10-18,4.9,4.9,0.0,4.9,0.0,0.0,0.0,0.0,4.9,4.9,4.9,0.0
2019-10-21,4.9,4.9,0.0,4.9,0.0,0.0,0.0,0.0,4.9,4.9,4.9,0.0
2019-10-22,4.9,4.9,0.0,4.9,0.0,0.0,0.0,0.0,4.9,4.9,4.9,0.0
2019-10-23,4.9,4.9,0.0,4.9,0.0,0.0,0.0,0.0,4.9,4.9,4.9,0.0
2019-10-24,4.9,4.9,0.0,4.9,0.0,0.0,0.0,0.0,4.9,4.9,4.9,0.0
2019-10-25,4.9,4.9,0.0,4.9,0.0,0.0,0.0,0.0,4.9,4.9,4.9,0.0
2019-10-28,4.9,4.9,0.0,4.9,0.0,0.0,0.0,0.0,4.9,4.9,4.9,0.0
2019-10-29,4.9,4.9,0.0,4.9,0.0,0.0,0.0,0.0,4.9,4.9,4.9,0.0
2019-10-30,4.9,4.9,0.0,4.9,0.0,0.0,0.0,0.0,4.9,4.9,4.9,0.0
2019-10-31,4.9,4.9,0.0,4.9,0.0,0.0,0.0,0.0,4.9,4.9,4.9,0.0
2019-11-01,4.9,4.9,0.0,4.9,0.0,0.0,0.0,0.0,4.9,4.9,4.9,0.0
2019-11-04,4.9,4.9,0.0,4.9,0.0,0.0,0.0,0.0,4.9,4.9,4.9,0.0
2019-11-05,4.9,4.9,0.0,4.9,0.0,0.0,0.0,0.0,4.9,4.9,4.9,0.0
2019-11-06,4.9,4.9,0.0,4.9,0.0,0.0,0.0,0.0,4.9,4.9,4.9,0.0
2019-11-07,4.9,4.9,0.0,4.9,0.0,0.0,0.0,0.0,4.9,4.9,4.9,0.0
2019-11-08,4.9,4.9,0.0,4.9,0.0,0.0,0.0,0.0,4.9,4.9,4.9,0.0
2019-11-11,4.9,4.9,0.0,4.9,0.0,0.0,0.0,0.0,4.9,4.9,4.9,0.0
2019-11-12,4.9,4.9,0.0,4.9,0.0,0.0,0.0,0.0,4.9,4.9,4.9,0.0
2019-11-13,4.9,4.9,0.0,4.9,0.0,0.0,0.0,0.0,4.9,4.9,4.9,0.0
2019-11-14,4.9,4.9,0.0,4.9,0.0,0.0,0.0,0.0,4.9,4.9,4.9,0.0
2019-11-15,4.9,4.9,0.0,4.9,0.0,0.0,0.0,0.0,4.9,4.9,4.9,0.0
2019-11-18,4.9,4.9,0.0,4.9,0.0,0.0,0.0,0.0,4.9,4.9,4.9,0.0
2019-11-19,4.9,4.9,0.0,4.9,0.0,0.0,0.0,0.0,4.9,4.9,4.9,0.0
2019-11-20,4.9,4.9,0.0,4.9,0.0,0.0,0.0,0.0,4.9,4.9,4.9,0.0
2019-11-21,4.9,4.9,0.0,4.9,0.0,0.0,0.0,0.0,4.9,4.9,4.9,0.0
2019-11-22,4.9,4.9,0.0,4.9,0.0,0.0,0.0,0.0,4.9,4.9,4.9,0.0
2019-11-25,4.9,4.9,0.0,4.9,0.0,0.0,0.0,0.0,4.9,4.9,4.9,0.0
2019-11-26,4.9,4.9,0.0,4.9,0.0,0.0,0.0,0.0,4.9,4.9,4.9,0.0
2019-11-27,4.9,4.9,0.0,4.9,0.0,0.0,0.0,0.0,4.9,4.9,4.9,0.0
2019-11-28,3.0,3.0,-38.7755,3.0,5800.0,17400000.0,0.0,0.0,3.0,3.0,3.0,5800.0
2019-11-29,3.0,3.0,0.0,3.0,80.0,240000.0,0.0,0.0,3.0,3.0,3.0,80.0
2019-12-02,3.0,3.0,0.0,3.0,0.0,0.0,0.0,0.0,3.0,3.0,3.0,0.0
2019-12-03,3.0,3.0,0.0,3.0,0.0,0.0,0.0,0.0,3.0,3.0,3.0,0.0
2019-12-04,3.0,3.0,0.0,3.0,0.0,0.0,0.0,0.0,3.0,3.0,3.0,0.0
2019-12-05,3.0,3.0,0.0,3.0,0.0,0.0,0.0,0.0,3.0,3.0,3.0,0.0
2019-12-06,3.0,3.0,0.0,3.0,0.0,0.0,0.0,0.0,3.0,3.0,3.0,0.0
2019-12-09,3.0,3.0,0.0,3.0,0.0,0.0,0.0,0.0,3.0,3.0,3.0,0.0
2019-12-10,3.0,3.0,0.0,3.0,0.0,0.0,0.0,0.0,3.0,3.0,3.0,0.0
2019-12-11,3.0,3.0,0.0,3.0,0.0,0.0,0.0,0.0,3.0,3.0,3.0,0.0
2019-12-12,3.0,3.0,0.0,3.0,0.0,0.0,0.0,0.0,3.0,3.0,3.0,0.0
2019-12-13,3.0,3.0,0.0,3.0,0.0,0.0,0.0,0.0,3.0,3.0,3.0,0.0
2019-12-16,3.0,3.0,0.0,3.0,0.0,0.0,0.0,0.0,3.0,3.0,3.0,0.0
2019-12-17,3.0,3.0,0.0,3.0,0.0,0.0,0.0,0.0,3.0,3.0,3.0,0.0
2019-12-18,3.0,3.0,0.0,3.0,0.0,0.0,0.0,0.0,3.0,3.0,3.0,0.0
2019-12-19,3.0,3.0,0.0,3.0,0.0,0.0,0.0,0.0,3.0,3.0,3.0,0.0
2019-12-20,3.0,3.0,0.0,3.0,0.0,0.0,0.0,0.0,3.0,3.0,3.0,0.0
2019-12-23,3.0,3.0,0.0,3.0,0.0,0.0,0.0,0.0,3.0,3.0,3.0,0.0
2019-12-24,3.0,3.0,0.0,3.0,0.0,0.0,0.0,0.0,3.0,3.0,3.0,0.0
2019-12-25,3.0,3.0,0.0,3.0,0.0,0.0,0.0,0.0,3.0,3.0,3.0,0.0
2019-12-26,3.0,3.0,0.0,3.0,0.0,0.0,0.0,0.0,3.0,3.0,3.0,0.0
2019-12-27,3.0,3.0,0.0,3.0,0.0,0.0,0.0,0.0,3.0,3.0,3.0,0.0
2019-12-30,3.0,3.0,0.0,3.0,0.0,0.0,0.0,0.0,3.0,3.0,3.0,0.0
2019-12-31,3.0,3.0,0.0,3.0,0.0,0.0,0.0,0.0,3.0,3.0,3.0,0.0
2020-01-02,3.0,3.0,0.0,3.0,0.0,0.0,0.0,0.0,3.0,3.0,3.0,0.0
2020-01-03,3.0,3.0,0.0,3.0,0.0,0.0,0.0,0.0,3.0,3.0,3.0,0.0
2020-01-06,3.0,3.0,0.0,3.0,0.0,0.0,0.0,0.0,3.0,3.0,3.0,0.0
2020-01-07,3.0,3.0,0.0,3.0,0.0,0.0,0.0,0.0,3.0,3.0,3.0,0.0
2020-01-08,3.0,3.0,0.0,3.0,0.0,0.0,0.0,0.0,3.0,3.0,3.0,0.0
2020-01-09,3.0,3.0,0.0,3.0,0.0,0.0,0.0,0.0,3.0,3.0,3.0,0.0
2020-01-10,3.0,3.0,0.0,3.0,0.0,0.0,0.0,0.0,3.0,3.0,3.0,0.0
2020-01-13,3.0,3.0,0.0,3.0,0.0,0.0,0.0,0.0,3.0,3.0,3.0,0.0
2020-01-14,3.0,3.0,0.0,3.0,0.0,0.0,0.0,0.0,3.0,3.0,3.0,0.0
2020-01-15,3.0,3.0,0.0,3.0,0.0,0.0,0.0,0.0,3.0,3.0,3.0,0.0
2020-01-16,3.0,3.0,0.0,3.0,0.0,0.0,0.0,0.0,3.0,3.0,3.0,0.0
2020-01-17,3.0,3.0,0.0,3.0,0.0,0.0,0.0,0.0,3.0,3.0,3.0,0.0
2020-01-20,3.0,3.0,0.0,3.0,0.0,0.0,0.0,0.0,3.0,3.0,3.0,0.0
2020-01-21,3.0,3.0,0.0,3.0,0.0,0.0,0.0,0.0,3.0,3.0,3.0,0.0
2020-01-22,3.0,3.0,0.0,3.0,0.0,0.0,0.0,0.0,3.0,3.0,3.0,0.0
2020-01-30,3.0,3.0,0.0,3.0,0.0,0.0,0.0,0.0,3.0,3.0,3.0,0.0
2020-01-31,3.0,3.0,0.0,3.0,0.0,0.0,0.0,0.0,3.0,3.0,3.0,0.0
2020-02-03,3.0,3.0,0.0,3.0,0.0,0.0,0.0,0.0,3.0,3.0,3.0,0.0
2020-02-04,3.0,3.0,0.0,3.0,0.0,0.0,0.0,0.0,3.0,3.0,3.0,0.0
2020-02-05,3.0,3.0,0.0,3.0,0.0,0.0,0.0,0.0,3.0,3.0,3.0,0.0
2020-02-06,3.0,3.0,0.0,3.0,0.0,0.0,0.0,0.0,3.0,3.0,3.0,0.0
2020-02-07,3.0,3.0,0.0,3.0,0.0,0.0,0.0,0.0,3.0,3.0,3.0,0.0
2020-02-10,3.0,3.0,0.0,3.0,0.0,0.0,0.0,0.0,3.0,3.0,3.0,0.0
2020-02-11,3.0,3.0,0.0,3.0,0.0,0.0,0.0,0.0,3.0,3.0,3.0,0.0
2020-02-12,3.0,3.0,0.0,3.0,0.0,0.0,0.0,0.0,3.0,3.0,3.0,0.0
2020-02-13,3.0,3.0,0.0,3.0,0.0,0.0,0.0,0.0,3.0,3.0,3.0,0.0
2020-02-14,3.0,3.0,0.0,3.0,0.0,0.0,0.0,0.0,3.0,3.0,3.0,0.0
2020-02-17,3.0,3.0,0.0,3.0,0.0,0.0,0.0,0.0,3.0,3.0,3.0,0.0
2020-02-18,3.0,3.0,0.0,3.0,0.0,0.0,0.0,0.0,3.0,3.0,3.0,0.0
2020-02-19,3.0,3.0,0.0,3.0,0.0,0.0,0.0,0.0,3.0,3.0,3.0,0.0
2020-02-20,2.3,2.3,-23.3333,2.3,10500.0,24150000.0,0.0,0.0,2.3,2.3,2.3,10500.0
2020-02-21,2.3,2.3,0.0,2.3,0.0,0.0,0.0,0.0,2.3,2.3,2.3,0.0
2020-02-24,2.3,2.3,0.0,2.3,0.0,0.0,0.0,0.0,2.3,2.3,2.3,0.0
2020-02-25,2.3,2.3,0.0,2.3,0.0,0.0,0.0,0.0,2.3,2.3,2.3,0.0
2020-02-26,2.3,2.3,0.0,2.3,0.0,0.0,0.0,0.0,2.3,2.3,2.3,0.0
2020-02-27,2.3,2.3,0.0,2.3,0.0,0.0,0.0,0.0,2.3,2.3,2.3,0.0
2020-02-28,2.3,2.3,0.0,2.3,0.0,0.0,0.0,0.0,2.3,2.3,2.3,0.0
2020-03-02,2.0,2.0,-13.0435,2.0,100.0,200000.0,0.0,0.0,2.0,2.0,2.0,100.0
2020-03-03,1.7,1.7,-15.0,1.7,100.0,170000.0,0.0,0.0,1.7,1.7,1.7,100.0
2020-03-04,1.7,1.7,0.0,1.7,0.0,0.0,0.0,0.0,1.7,1.7,1.7,0.0
2020-03-05,1.7,1.7,0.0,1.7,0.0,0.0,0.0,0.0,1.7,1.7,1.7,0.0
2020-03-06,1.7,1.7,0.0,1.7,8.0,12000.0,0.0,0.0,1.7,1.7,1.7,8.0
2020-03-09,1.7,1.7,0.0,1.7,0.0,0.0,0.0,0.0,1.7,1.7,1.7,0.0
2020-03-10,1.7,1.7,0.0,1.7,0.0,0.0,0.0,0.0,1.7,1.7,1.7,0.0
2020-03-11,1.7,1.7,0.0,1.7,0.0,0.0,0.0,0.0,1.7,1.7,1.7,0.0
2020-03-12,1.7,1.7,0.0,1.7,0.0,0.0,0.0,0.0,1.7,1.7,1.7,0.0
2020-03-13,1.7,1.7,0.0,1.7,0.0,0.0,0.0,0.0,1.7,1.7,1.7,0.0
2020-03-16,1.7,1.7,0.0,1.7,0.0,0.0,0.0,0.0,1.7,1.7,1.7,0.0
2020-03-17,1.7,1.7,0.0,1.7,0.0,0.0,0.0,0.0,1.7,1.7,1.7,0.0
2020-03-18,1.7,1.7,0.0,1.7,0.0,0.0,0.0,0.0,1.7,1.7,1.7,0.0
2020-03-19,1.7,1.7,0.0,1.7,0.0,0.0,0.0,0.0,1.7,1.7,1.7,0.0
2020-03-20,1.7,1.7,0.0,1.7,0.0,0.0,0.0,0.0,1.7,1.7,1.7,0.0
2020-03-23,1.7,1.7,0.0,1.7,0.0,0.0,0.0,0.0,1.7,1.7,1.7,0.0
2020-03-24,1.7,1.7,0.0,1.7,0.0,0.0,0.0,0.0,1.7,1.7,1.7,0.0
2020-03-25,1.7,1.7,0.0,1.7,0.0,0.0,0.0,0.0,1.7,1.7,1.7,0.0
2020-03-26,1.7,1.7,0.0,1.7,0.0,0.0,0.0,0.0,1.7,1.7,1.7,0.0
2020-03-27,1.7,1.7,0.0,1.7,0.0,0.0,0.0,0.0,1.7,1.7,1.7,0.0
2020-03-30,1.7,1.7,0.0,1.7,0.0,0.0,0.0,0.0,1.7,1.7,1.7,0.0
2020-03-31,1.7,1.7,0.0,1.7,0.0,0.0,0.0,0.0,1.7,1.7,1.7,0.0
2020-04-01,1.7,1.7,0.0,1.7,0.0,0.0,0.0,0.0,1.7,1.7,1.7,0.0
2020-04-03,1.7,1.7,0.0,1.7,0.0,0.0,0.0,0.0,1.7,1.7,1.7,0.0
2020-04-06,1.7,1.7,0.0,1.7,0.0,0.0,0.0,0.0,1.7,1.7,1.7,0.0
2020-04-07,1.9,1.9,11.7647,1.9,900.0,1710000.0,0.0,0.0,1.9,1.9,1.9,900.0
2020-04-08,1.9,1.9,0.0,1.9,0.0,0.0,0.0,0.0,1.9,1.9,1.9,0.0
2020-04-09,1.9,1.9,0.0,1.9,0.0,0.0,0.0,0.0,1.9,1.9,1.9,0.0
2020-04-10,1.9,1.9,0.0,1.9,0.0,0.0,0.0,0.0,1.9,1.9,1.9,0.0
2020-04-13,1.9,1.9,0.0,1.9,0.0,0.0,0.0,0.0,1.9,1.9,1.9,0.0
2020-04-14,1.9,1.9,0.0,1.9,0.0,0.0,0.0,0.0,1.9,1.9,1.9,0.0
2020-04-15,1.9,1.9,0.0,1.9,0.0,0.0,0.0,0.0,1.9,1.9,1.9,0.0
2020-04-16,1.9,1.9,0.0,1.9,0.0,0.0,0.0,0.0,1.9,1.9,1.9,0.0
2020-04-17,1.9,1.9,0.0,1.9,0.0,0.0,0.0,0.0,1.9,1.9,1.9,0.0
2020-04-20,1.9,1.9,0.0,1.9,0.0,0.0,0.0,0.0,1.9,1.9,1.9,0.0
2020-04-21,1.9,1.9,0.0,1.9,0.0,0.0,0.0,0.0,1.9,1.9,1.9,0.0
2020-04-22,1.9,1.9,0.0,1.9,0.0,0.0,0.0,0.0,1.9,1.9,1.9,0.0
2020-04-23,1.9,1.9,0.0,1.9,0.0,0.0,0.0,0.0,1.9,1.9,1.9,0.0
2020-04-24,1.9,1.9,0.0,1.9,0.0,0.0,0.0,0.0,1.9,1.9,1.9,0.0
2020-04-27,1.9,1.9,0.0,1.9,0.0,0.0,0.0,0.0,1.9,1.9,1.9,0.0
2020-04-28,2.0,2.0,5.2632,2.0,900.0,1800000.0,0.0,0.0,2.0,2.0,2.0,900.0
2020-04-29,2.0,2.0,0.0,2.0,0.0,0.0,0.0,0.0,2.0,2.0,2.0,0.0
2020-05-04,1.7,1.7,-15.0,1.7,400.0,680000.0,0.0,0.0,1.7,1.7,1.7,400.0
2020-05-05,1.7,1.7,0.0,1.7,0.0,0.0,0.0,0.0,1.7,1.7,1.7,0.0
2020-05-06,1.7,1.7,0.0,1.7,0.0,0.0,0.0,0.0,1.7,1.7,1.7,0.0
2020-05-07,1.7,1.7,0.0,1.7,0.0,0.0,0.0,0.0,1.7,1.7,1.7,0.0
2020-05-08,1.7,1.7,0.0,1.7,0.0,0.0,0.0,0.0,1.7,1.7,1.7,0.0
2020-05-11,1.7,1.7,0.0,1.7,0.0,0.0,0.0,0.0,1.7,1.7,1.7,0.0
2020-05-12,1.7,1.7,0.0,1.7,0.0,0.0,0.0,0.0,1.7,1.7,1.7,0.0
2020-05-13,1.7,1.7,0.0,1.7,0.0,0.0,0.0,0.0,1.7,1.7,1.7,0.0
2020-05-14,1.7,1.7,0.0,1.7,0.0,0.0,0.0,0.0,1.7,1.7,1.7,0.0
2020-05-15,1.7,1.7,0.0,1.7,0.0,0.0,0.0,0.0,1.7,1.7,1.7,0.0
2020-05-18,1.7,1.7,0.0,1.7,0.0,0.0,0.0,0.0,1.7,1.7,1.7,0.0
2020-05-19,1.7,1.7,0.0,1.7,0.0,0.0,0.0,0.0,1.7,1.7,1.7,0.0
2020-05-20,1.7,1.7,0.0,1.7,0.0,0.0,0.0,0.0,1.7,1.7,1.7,0.0
2020-05-21,1.7,1.7,0.0,1.7,0.0,0.0,0.0,0.0,1.7,1.7,1.7,0.0
2020-05-22,1.7,1.7,0.0,1.7,0.0,0.0,0.0,0.0,1.7,1.7,1.7,0.0
2020-05-25,1.7,1.7,0.0,1.7,0.0,0.0,0.0,0.0,1.7,1.7,1.7,0.0
2020-05-26,1.5,1.5,-11.7647,1.5,900.0,1350000.0,0.0,0.0,1.5,1.5,1.5,900.0
2020-05-27,1.5,1.5,0.0,1.5,0.0,0.0,0.0,0.0,1.5,1.5,1.5,0.0
2020-05-28,1.5,1.5,0.0,1.5,0.0,0.0,0.0,0.0,1.5,1.5,1.5,0.0
2020-05-29,1.5,1.5,0.0,1.5,0.0,0.0,0.0,0.0,1.5,1.5,1.5,0.0
2020-06-01,1.5,1.5,0.0,1.5,0.0,0.0,0.0,0.0,1.5,1.5,1.5,0.0
2020-06-02,1.7,1.7,13.3333,1.7,100.0,170000.0,0.0,0.0,1.7,1.7,1.7,100.0
2020-06-03,1.9,1.9,11.7647,1.9,100.0,190000.0,0.0,0.0,1.9,1.9,1.9,100.0
2020-06-04,2.1,2.1,10.5263,2.1,100.0,210000.0,0.0,0.0,2.1,2.1,2.1,100.0
2020-06-05,2.4,2.4,14.2857,2.4,100.0,240000.0,0.0,0.0,2.4,2.4,2.4,100.0
2020-06-08,2.4,2.4,0.0,2.4,0.0,0.0,0.0,0.0,2.4,2.4,2.4,0.0
2020-06-09,2.7,2.7,12.5,2.7,121.0,314100.0,0.0,0.0,2.7,2.7,2.7,121.0
2020-06-10,3.1,3.1,14.8148,3.1,500.0,1550000.0,0.0,0.0,3.1,3.1,3.1,500.0
2020-06-11,3.1,3.1,0.0,3.1,0.0,0.0,0.0,0.0,3.1,3.1,3.1,0.0
2020-06-12,2.7,2.7,-12.9032,2.7,100.0,270000.0,0.0,0.0,2.7,2.7,2.7,100.0
2020-06-15,2.3,2.3,-14.8148,2.3,110.0,253000.0,0.0,0.0,2.3,2.3,2.3,110.0
2020-06-16,2.0,2.0,-13.0435,2.0,110.0,220000.0,0.0,0.0,2.0,2.0,2.0,110.0
2020-06-17,1.8,1.8,-10.0,1.8,600.0,1080000.0,0.0,0.0,1.8,1.8,1.8,600.0
2020-06-18,1.8,1.8,0.0,1.8,0.0,0.0,0.0,0.0,1.8,1.8,1.8,0.0
2020-06-19,1.8,1.8,0.0,1.8,0.0,0.0,0.0,0.0,1.8,1.8,1.8,0.0
2020-06-22,1.8,1.8,0.0,1.8,10.0,20000.0,0.0,0.0,1.8,1.8,1.8,10.0
2020-06-23,1.8,1.8,0.0,1.8,0.0,0.0,0.0,0.0,1.8,1.8,1.8,0.0
2020-06-24,1.8,1.8,0.0,1.8,0.0,0.0,0.0,0.0,1.8,1.8,1.8,0.0
2020-06-25,1.8,1.8,0.0,1.8,0.0,0.0,0.0,0.0,1.8,1.8,1.8,0.0
2020-06-26,1.8,1.8,0.0,1.8,0.0,0.0,0.0,0.0,1.8,1.8,1.8,0.0
2020-06-29,1.8,1.8,0.0,1.8,0.0,0.0,0.0,0.0,1.8,1.8,1.8,0.0
2020-06-30,1.8,1.8,0.0,1.8,0.0,0.0,0.0,0.0,1.8,1.8,1.8,0.0
2020-07-01,1.6,1.6,-11.1111,1.6,101.0,161600.0,0.0,0.0,1.6,1.6,1.6,101.0
2020-07-02,1.6,1.6,0.0,1.6,0.0,0.0,0.0,0.0,1.6,1.6,1.6,0.0
2020-07-03,1.6,1.6,0.0,1.6,0.0,0.0,0.0,0.0,1.6,1.6,1.6,0.0
2020-07-06,1.6,1.6,0.0,1.6,0.0,0.0,0.0,0.0,1.6,1.6,1.6,0.0
2020-07-07,1.6,1.6,0.0,1.6,0.0,0.0,0.0,0.0,1.6,1.6,1.6,0.0
2020-07-08,1.6,1.6,0.0,1.6,0.0,0.0,0.0,0.0,1.6,1.6,1.6,0.0
2020-07-09,1.6,1.6,0.0,1.6,0.0,0.0,0.0,0.0,1.6,1.6,1.6,0.0
2020-07-10,1.6,1.6,0.0,1.6,0.0,0.0,0.0,0.0,1.6,1.6,1.6,0.0
2020-07-13,1.6,1.6,0.0,1.6,0.0,0.0,0.0,0.0,1.6,1.6,1.6,0.0
2020-07-14,1.6,1.6,0.0,1.6,0.0,0.0,0.0,0.0,1.6,1.6,1.6,0.0
2020-07-15,1.6,1.6,0.0,1.6,0.0,0.0,0.0,0.0,1.6,1.6,1.6,0.0
2020-07-16,1.6,1.6,0.0,1.6,0.0,0.0,0.0,0.0,1.6,1.6,1.6,0.0
2020-07-17,1.6,1.6,0.0,1.6,0.0,0.0,0.0,0.0,1.6,1.6,1.6,0.0
2020-07-20,1.6,1.6,0.0,1.6,0.0,0.0,0.0,0.0,1.6,1.6,1.6,0.0
2020-07-21,1.6,1.6,0.0,1.6,0.0,0.0,0.0,0.0,1.6,1.6,1.6,0.0
2020-07-22,1.6,1.6,0.0,1.6,0.0,0.0,0.0,0.0,1.6,1.6,1.6,0.0
2020-07-23,1.6,1.6,0.0,1.6,0.0,0.0,0.0,0.0,1.6,1.6,1.6,0.0
2020-07-24,1.6,1.6,0.0,1.6,0.0,0.0,0.0,0.0,1.6,1.6,1.6,0.0
2020-07-27,1.6,1.6,0.0,1.6,0.0,0.0,0.0,0.0,1.6,1.6,1.6,0.0
2020-07-28,1.6,1.6,0.0,1.6,0.0,0.0,0.0,0.0,1.6,1.6,1.6,0.0
2020-07-29,1.6,1.6,0.0,1.6,0.0,0.0,0.0,0.0,1.6,1.6,1.6,0.0
2020-07-30,1.6,1.6,0.0,1.6,0.0,0.0,0.0,0.0,1.6,1.6,1.6,0.0
2020-07-31,1.6,1.6,0.0,1.6,0.0,0.0,0.0,0.0,1.6,1.6,1.6,0.0
2020-08-03,1.6,1.6,0.0,1.6,0.0,0.0,0.0,0.0,1.6,1.6,1.6,0.0
2020-08-04,1.6,1.6,0.0,1.6,0.0,0.0,0.0,0.0,1.6,1.6,1.6,0.0
2020-08-05,1.6,1.6,0.0,1.6,0.0,0.0,0.0,0.0,1.6,1.6,1.6,0.0
2020-08-06,1.6,1.6,0.0,1.6,0.0,0.0,0.0,0.0,1.6,1.6,1.6,0.0
2020-08-07,1.6,1.6,0.0,1.6,0.0,0.0,0.0,0.0,1.6,1.6,1.6,0.0
2020-08-10,1.6,1.6,0.0,1.6,0.0,0.0,0.0,0.0,1.6,1.6,1.6,0.0
2020-08-11,1.6,1.6,0.0,1.6,0.0,0.0,0.0,0.0,1.6,1.6,1.6,0.0
2020-08-12,1.6,1.6,0.0,1.6,0.0,0.0,0.0,0.0,1.6,1.6,1.6,0.0
2020-08-13,1.6,1.6,0.0,1.6,0.0,0.0,0.0,0.0,1.6,1.6,1.6,0.0
2020-08-14,1.6,1.6,0.0,1.6,0.0,0.0,0.0,0.0,1.6,1.6,1.6,0.0
2020-08-17,1.6,1.6,0.0,1.6,0.0,0.0,0.0,0.0,1.6,1.6,1.6,0.0
2020-08-18,1.6,1.6,0.0,1.6,0.0,0.0,0.0,0.0,1.6,1.6,1.6,0.0
2020-08-19,1.6,1.6,0.0,1.6,0.0,0.0,0.0,0.0,1.6,1.6,1.6,0.0
2020-08-20,1.6,1.6,0.0,1.6,0.0,0.0,0.0,0.0,1.6,1.6,1.6,0.0
2020-08-21,1.6,1.6,0.0,1.6,0.0,0.0,0.0,0.0,1.6,1.6,1.6,0.0
2020-08-24,1.6,1.6,0.0,1.6,0.0,0.0,0.0,0.0,1.6,1.6,1.6,0.0
2020-08-25,1.6,1.6,0.0,1.6,0.0,0.0,0.0,0.0,1.6,1.6,1.6,0.0
2020-08-26,1.6,1.6,0.0,1.6,0.0,0.0,0.0,0.0,1.6,1.6,1.6,0.0
2020-08-27,1.6,1.6,0.0,1.6,0.0,0.0,0.0,0.0,1.6,1.6,1.6,0.0
2020-08-28,1.6,1.6,0.0,1.6,0.0,0.0,0.0,0.0,1.6,1.6,1.6,0.0
2020-08-31,1.6,1.6,0.0,1.6,0.0,0.0,0.0,0.0,1.6,1.6,1.6,0.0
2020-09-01,1.6,1.6,0.0,1.6,0.0,0.0,0.0,0.0,1.6,1.6,1.6,0.0
2020-09-03,1.6,1.6,0.0,1.6,0.0,0.0,0.0,0.0,1.6,1.6,1.6,0.0
2020-09-04,1.6,1.6,0.0,1.6,0.0,0.0,0.0,0.0,1.6,1.6,1.6,0.0
2020-09-07,1.6,1.6,0.0,1.6,0.0,0.0,0.0,0.0,1.6,1.6,1.6,0.0
2020-09-08,2.2,2.2,37.5,2.2,100.0,220000.0,0.0,0.0,2.2,2.2,2.2,100.0
2020-09-09,2.2,2.2,0.0,2.2,0.0,0.0,0.0,0.0,2.2,2.2,2.2,0.0
2020-09-10,2.2,2.2,0.0,2.2,0.0,0.0,0.0,0.0,2.2,2.2,2.2,0.0
2020-09-11,2.2,2.2,0.0,2.2,0.0,0.0,0.0,0.0,2.2,2.2,2.2,0.0
2020-09-14,2.2,2.2,0.0,2.2,0.0,0.0,0.0,0.0,2.2,2.2,2.2,0.0
2020-09-15,2.2,2.2,0.0,2.2,0.0,0.0,0.0,0.0,2.2,2.2,2.2,0.0
2020-09-16,2.2,2.2,0.0,2.2,0.0,0.0,0.0,0.0,2.2,2.2,2.2,0.0
2020-09-17,2.2,2.2,0.0,2.2,0.0,0.0,0.0,0.0,2.2,2.2,2.2,0.0
2020-09-18,2.2,2.2,0.0,2.2,0.0,0.0,0.0,0.0,2.2,2.2,2.2,0.0
2020-09-21,2.2,2.2,0.0,2.2,0.0,0.0,0.0,0.0,2.2,2.2,2.2,0.0
2020-09-22,2.2,2.2,0.0,2.2,0.0,0.0,0.0,0.0,2.2,2.2,2.2,0.0
2020-09-23,2.2,2.2,0.0,2.2,0.0,0.0,0.0,0.0,2.2,2.2,2.2,0.0
2020-09-24,2.2,2.2,0.0,2.2,0.0,0.0,0.0,0.0,2.2,2.2,2.2,0.0
2020-09-25,2.2,2.2,0.0,2.2,0.0,0.0,0.0,0.0,2.2,2.2,2.2,0.0
2020-09-28,2.2,2.2,0.0,2.2,0.0,0.0,0.0,0.0,2.2,2.2,2.2,0.0
2020-09-29,2.2,2.2,0.0,2.2,0.0,0.0,0.0,0.0,2.2,2.2,2.2,0.0
2020-09-30,2.2,2.2,0.0,2.2,100.0,220000.0,0.0,0.0,2.2,2.2,2.2,100.0
2020-10-01,2.2,2.2,0.0,2.2,0.0,0.0,0.0,0.0,2.2,2.2,2.2,0.0
2020-10-02,2.2,2.2,0.0,2.2,4900.0,10780000.0,0.0,0.0,2.2,2.2,2.2,4900.0
2020-10-05,2.2,2.2,0.0,2.2,0.0,0.0,0.0,0.0,2.2,2.2,2.2,0.0
2020-10-06,2.2,2.2,0.0,2.2,26800.0,58960000.0,0.0,0.0,2.2,2.2,2.2,26800.0
2020-10-07,2.2,2.2,0.0,2.2,0.0,0.0,0.0,0.0,2.2,2.2,2.2,0.0
2020-10-08,2.2,2.2,0.0,2.2,0.0,0.0,0.0,0.0,2.2,2.2,2.2,0.0
2020-10-09,2.2,2.2,0.0,2.2,0.0,0.0,0.0,0.0,2.2,2.2,2.2,0.0
2020-10-12,2.2,2.2,0.0,2.2,0.0,0.0,0.0,0.0,2.2,2.2,2.2,0.0
2020-10-13,2.2,2.2,0.0,2.2,0.0,0.0,0.0,0.0,2.2,2.2,2.2,0.0
2020-10-14,2.2,2.2,0.0,2.2,0.0,0.0,0.0,0.0,2.2,2.2,2.2,0.0
2020-10-15,2.2,2.2,0.0,2.2,0.0,0.0,0.0,0.0,2.2,2.2,2.2,0.0
2020-10-16,2.2,2.2,0.0,2.2,0.0,0.0,0.0,0.0,2.2,2.2,2.2,0.0
2020-10-19,2.2,2.2,0.0,2.2,0.0,0.0,0.0,0.0,2.2,2.2,2.2,0.0
2020-10-20,2.2,2.2,0.0,2.2,0.0,0.0,0.0,0.0,2.2,2.2,2.2,0.0
2020-10-21,2.2,2.2,0.0,2.2,0.0,0.0,0.0,0.0,2.2,2.2,2.2,0.0
2020-10-22,2.2,2.2,0.0,2.2,0.0,0.0,0.0,0.0,2.2,2.2,2.2,0.0
2020-10-23,2.2,2.2,0.0,2.2,0.0,0.0,0.0,0.0,2.2,2.2,2.2,0.0
2020-10-26,2.2,2.2,0.0,2.2,0.0,0.0,0.0,0.0,2.2,2.2,2.2,0.0
2020-10-27,2.2,2.2,0.0,2.2,0.0,0.0,0.0,0.0,2.2,2.2,2.2,0.0
2020-10-28,2.2,2.2,0.0,2.2,0.0,0.0,0.0,0.0,2.2,2.2,2.2,0.0
2020-10-29,2.2,2.2,0.0,2.2,0.0,0.0,0.0,0.0,2.2,2.2,2.2,0.0
2020-10-30,2.2,2.2,0.0,2.2,0.0,0.0,0.0,0.0,2.2,2.2,2.2,0.0
2020-11-02,2.2,2.2,0.0,2.2,0.0,0.0,0.0,0.0,2.2,2.2,2.2,0.0
2020-11-03,2.2,2.2,0.0,2.2,0.0,0.0,0.0,0.0,2.2,2.2,2.2,0.0
2020-11-04,2.2,2.2,0.0,2.2,0.0,0.0,0.0,0.0,2.2,2.2,2.2,0.0
2020-11-05,2.2,2.2,0.0,2.2,0.0,0.0,0.0,0.0,2.2,2.2,2.2,0.0
2020-11-06,2.2,2.2,0.0,2.2,0.0,0.0,0.0,0.0,2.2,2.2,2.2,0.0
2020-11-09,2.2,2.2,0.0,2.2,0.0,0.0,0.0,0.0,2.2,2.2,2.2,0.0
2020-11-10,2.2,2.2,0.0,2.2,0.0,0.0,0.0,0.0,2.2,2.2,2.2,0.0
2020-11-11,2.2,2.2,0.0,2.2,0.0,0.0,0.0,0.0,2.2,2.2,2.2,0.0
2020-11-12,2.2,2.2,0.0,2.2,0.0,0.0,0.0,0.0,2.2,2.2,2.2,0.0
2020-11-13,2.2,2.2,0.0,2.2,0.0,0.0,0.0,0.0,2.2,2.2,2.2,0.0
2020-11-16,2.2,2.2,0.0,2.2,0.0,0.0,0.0,0.0,2.2,2.2,2.2,0.0
2020-11-17,2.2,2.2,0.0,2.2,0.0,0.0,0.0,0.0,2.2,2.2,2.2,0.0
2020-11-18,2.2,2.2,0.0,2.2,0.0,0.0,0.0,0.0,2.2,2.2,2.2,0.0
2020-11-19,2.2,2.2,0.0,2.2,0.0,0.0,0.0,0.0,2.2,2.2,2.2,0.0
2020-11-20,2.2,2.2,0.0,2.2,0.0,0.0,0.0,0.0,2.2,2.2,2.2,0.0
2020-11-23,2.2,2.2,0.0,2.2,0.0,0.0,0.0,0.0,2.2,2.2,2.2,0.0
2020-11-24,2.2,2.2,0.0,2.2,0.0,0.0,0.0,0.0,2.2,2.2,2.2,0.0
2020-11-25,2.2,2.2,0.0,2.2,0.0,0.0,0.0,0.0,2.2,2.2,2.2,0.0
2020-11-26,2.2,2.2,0.0,2.2,0.0,0.0,0.0,0.0,2.2,2.2,2.2,0.0
2020-11-27,2.2,2.2,0.0,2.2,0.0,0.0,0.0,0.0,2.2,2.2,2.2,0.0
2020-11-30,2.2,2.2,0.0,2.2,0.0,0.0,0.0,0.0,2.2,2.2,2.2,0.0
2020-12-01,2.2,2.2,0.0,2.2,0.0,0.0,0.0,0.0,2.2,2.2,2.2,0.0
2020-12-02,2.2,2.2,0.0,2.2,0.0,0.0,0.0,0.0,2.2,2.2,2.2,0.0
2020-12-03,2.2,2.2,0.0,2.2,0.0,0.0,0.0,0.0,2.2,2.2,2.2,0.0
2020-12-04,2.2,2.2,0.0,2.2,0.0,0.0,0.0,0.0,2.2,2.2,2.2,0.0
2020-12-07,2.2,2.2,0.0,2.2,0.0,0.0,0.0,0.0,2.2,2.2,2.2,0.0
2020-12-08,2.2,2.2,0.0,2.2,0.0,0.0,0.0,0.0,2.2,2.2,2.2,0.0
2020-12-09,2.2,2.2,0.0,2.2,0.0,0.0,0.0,0.0,2.2,2.2,2.2,0.0
2020-12-10,2.2,2.2,0.0,2.2,0.0,0.0,0.0,0.0,2.2,2.2,2.2,0.0
2020-12-11,2.2,2.2,0.0,2.2,0.0,0.0,0.0,0.0,2.2,2.2,2.2,0.0
2020-12-14,2.2,2.2,0.0,2.2,0.0,0.0,0.0,0.0,2.2,2.2,2.2,0.0
2020-12-15,2.2,2.2,0.0,2.2,0.0,0.0,0.0,0.0,2.2,2.2,2.2,0.0
2020-12-16,2.2,2.2,0.0,2.2,0.0,0.0,0.0,0.0,2.2,2.2,2.2,0.0
2020-12-17,2.2,2.2,0.0,2.2,0.0,0.0,0.0,0.0,2.2,2.2,2.2,0.0
2020-12-18,2.2,2.2,0.0,2.2,0.0,0.0,0.0,0.0,2.2,2.2,2.2,0.0
2020-12-21,2.2,2.2,0.0,2.2,100.0,220000.0,0.0,0.0,2.2,2.2,2.2,100.0
2020-12-22,2.2,2.2,0.0,2.2,0.0,0.0,0.0,0.0,2.2,2.2,2.2,0.0
2020-12-23,2.2,2.2,0.0,2.2,0.0,0.0,0.0,0.0,2.2,2.2,2.2,0.0
2020-12-24,2.2,2.2,0.0,2.2,0.0,0.0,0.0,0.0,2.2,2.2,2.2,0.0
2020-12-25,2.2,2.2,0.0,2.2,0.0,0.0,0.0,0.0,2.2,2.2,2.2,0.0
2020-12-28,2.2,2.2,0.0,2.2,0.0,0.0,0.0,0.0,2.2,2.2,2.2,0.0
2020-12-29,2.2,2.2,0.0,2.2,0.0,0.0,0.0,0.0,2.2,2.2,2.2,0.0
2020-12-30,2.2,2.2,0.0,2.2,0.0,0.0,0.0,0.0,2.2,2.2,2.2,0.0
2020-12-31,2.2,2.2,0.0,2.2,0.0,0.0,0.0,0.0,2.2,2.2,2.2,0.0
2021-01-04,2.2,2.2,0.0,2.2,0.0,0.0,0.0,0.0,2.2,2.2,2.2,0.0
2021-01-05,2.2,2.2,0.0,2.2,0.0,0.0,0.0,0.0,2.2,2.2,2.2,0.0
2021-01-06,2.2,2.2,0.0,2.2,0.0,0.0,0.0,0.0,2.2,2.2,2.2,0.0
2021-01-07,2.2,2.2,0.0,2.2,0.0,0.0,0.0,0.0,2.2,2.2,2.2,0.0
2021-01-08,2.2,2.2,0.0,2.2,0.0,0.0,0.0,0.0,2.2,2.2,2.2,0.0
2021-01-11,2.2,2.2,0.0,2.2,0.0,0.0,0.0,0.0,2.2,2.2,2.2,0.0
2021-01-12,2.2,2.2,0.0,2.2,0.0,0.0,0.0,0.0,2.2,2.2,2.2,0.0
2021-01-13,2.2,2.2,0.0,2.2,0.0,0.0,0.0,0.0,2.2,2.2,2.2,0.0
2021-01-14,2.2,2.2,0.0,2.2,0.0,0.0,0.0,0.0,2.2,2.2,2.2,0.0
2021-01-15,2.5,2.5,13.6364,2.5,900.0,2250000.0,0.0,0.0,2.5,2.5,2.5,900.0
2021-01-18,2.5,2.5,0.0,2.5,0.0,0.0,0.0,0.0,2.5,2.5,2.5,0.0
2021-01-19,2.2,2.2,-12.0,2.2,1000.0,2200000.0,0.0,0.0,2.2,2.2,2.2,1000.0
2021-01-20,2.2,2.2,0.0,2.2,0.0,0.0,0.0,0.0,2.2,2.2,2.2,0.0
2021-01-21,2.2,2.2,0.0,2.2,0.0,0.0,0.0,0.0,2.2,2.2,2.2,0.0
2021-01-22,2.2,2.2,0.0,2.2,0.0,0.0,0.0,0.0,2.2,2.2,2.2,0.0
2021-01-25,2.2,2.2,0.0,2.2,0.0,0.0,0.0,0.0,2.2,2.2,2.2,0.0
2021-01-26,2.2,2.2,0.0,2.2,0.0,0.0,0.0,0.0,2.2,2.2,2.2,0.0
2021-01-27,2.2,2.2,0.0,2.2,0.0,0.0,0.0,0.0,2.2,2.2,2.2,0.0
2021-01-28,2.2,2.2,0.0,2.2,0.0,0.0,0.0,0.0,2.2,2.2,2.2,0.0
2021-01-29,2.2,2.2,0.0,2.2,0.0,0.0,0.0,0.0,2.2,2.2,2.2,0.0
2021-02-01,2.2,2.2,0.0,2.2,0.0,0.0,0.0,0.0,2.2,2.2,2.2,0.0
2021-02-02,2.2,2.2,0.0,2.2,0.0,0.0,0.0,0.0,2.2,2.2,2.2,0.0
2021-02-03,2.2,2.2,0.0,2.2,0.0,0.0,0.0,0.0,2.2,2.2,2.2,0.0
2021-02-04,2.2,2.2,0.0,2.2,0.0,0.0,0.0,0.0,2.2,2.2,2.2,0.0
2021-02-05,2.2,2.2,0.0,2.2,0.0,0.0,0.0,0.0,2.2,2.2,2.2,0.0
2021-02-08,2.2,2.2,0.0,2.2,0.0,0.0,0.0,0.0,2.2,2.2,2.2,0.0
2021-02-09,2.2,2.2,0.0,2.2,0.0,0.0,0.0,0.0,2.2,2.2,2.2,0.0
2021-02-17,2.2,2.2,0.0,2.2,0.0,0.0,0.0,0.0,2.2,2.2,2.2,0.0
2021-02-18,2.2,2.2,0.0,2.2,0.0,0.0,0.0,0.0,2.2,2.2,2.2,0.0
2021-02-19,2.2,2.2,0.0,2.2,0.0,0.0,0.0,0.0,2.2,2.2,2.2,0.0
2021-02-22,2.2,2.2,0.0,2.2,0.0,0.0,0.0,0.0,2.2,2.2,2.2,0.0
2021-02-23,2.2,2.2,0.0,2.2,100.0,220000.0,0.0,0.0,2.2,2.2,2.2,100.0
2021-02-24,2.2,2.2,0.0,2.2,0.0,0.0,0.0,0.0,2.2,2.2,2.2,0.0
2021-02-25,2.2,2.2,0.0,2.2,0.0,0.0,0.0,0.0,2.2,2.2,2.2,0.0
2021-02-26,2.2,2.2,0.0,2.2,0.0,0.0,0.0,0.0,2.2,2.2,2.2,0.0
2021-03-01,2.2,2.2,0.0,2.2,0.0,0.0,0.0,0.0,2.2,2.2,2.2,0.0
2021-03-02,2.2,2.2,0.0,2.2,0.0,0.0,0.0,0.0,2.2,2.2,2.2,0.0
2021-03-03,2.2,2.2,0.0,2.2,0.0,0.0,0.0,0.0,2.2,2.2,2.2,0.0
2021-03-04,1.9,1.9,-13.6364,1.9,400.0,760000.0,0.0,0.0,1.9,1.9,1.9,400.0
2021-03-05,1.9,1.9,0.0,1.9,0.0,0.0,0.0,0.0,1.9,1.9,1.9,0.0
2021-03-08,1.9,1.9,0.0,1.9,0.0,0.0,0.0,0.0,1.9,1.9,1.9,0.0
2021-03-09,1.9,1.9,0.0,1.9,0.0,0.0,0.0,0.0,1.9,1.9,1.9,0.0
2021-03-10,1.9,1.9,0.0,1.9,0.0,0.0,0.0,0.0,1.9,1.9,1.9,0.0
2021-03-11,1.9,1.9,0.0,1.9,0.0,0.0,0.0,0.0,1.9,1.9,1.9,0.0
2021-03-12,1.9,1.9,0.0,1.9,0.0,0.0,0.0,0.0,1.9,1.9,1.9,0.0
2021-03-15,1.9,1.9,0.0,1.9,0.0,0.0,0.0,0.0,1.9,1.9,1.9,0.0
2021-03-16,1.9,1.9,0.0,1.9,0.0,0.0,0.0,0.0,1.9,1.9,1.9,0.0
2021-03-17,1.9,1.9,0.0,1.9,0.0,0.0,0.0,0.0,1.9,1.9,1.9,0.0
2021-03-18,1.9,1.9,0.0,1.9,0.0,0.0,0.0,0.0,1.9,1.9,1.9,0.0
2021-03-19,1.9,1.9,0.0,1.9,0.0,0.0,0.0,0.0,1.9,1.9,1.9,0.0
2021-03-22,1.9,1.9,0.0,1.9,0.0,0.0,0.0,0.0,1.9,1.9,1.9,0.0
2021-03-23,1.9,1.9,0.0,1.9,0.0,0.0,0.0,0.0,1.9,1.9,1.9,0.0
2021-03-24,1.9,1.9,0.0,1.9,0.0,0.0,0.0,0.0,1.9,1.9,1.9,0.0
2021-03-25,1.9,1.9,0.0,1.9,0.0,0.0,0.0,0.0,1.9,1.9,1.9,0.0
2021-03-26,1.9,1.9,0.0,1.9,0.0,0.0,0.0,0.0,1.9,1.9,1.9,0.0
2021-03-29,1.9,1.9,0.0,1.9,0.0,0.0,0.0,0.0,1.9,1.9,1.9,0.0
2021-03-30,1.9,1.9,0.0,1.9,0.0,0.0,0.0,0.0,1.9,1.9,1.9,0.0
2021-03-31,2.1,2.1,10.5263,2.1,2000.0,4200000.0,0.0,0.0,2.1,2.1,2.1,2000.0
2021-04-01,2.1,2.1,0.0,2.1,0.0,0.0,0.0,0.0,2.1,2.1,2.1,0.0
2021-04-02,2.1,2.1,0.0,2.1,0.0,0.0,0.0,0.0,2.1,2.1,2.1,0.0
2021-04-05,2.1,2.1,0.0,2.1,0.0,0.0,0.0,0.0,2.1,2.1,2.1,0.0
2021-04-06,2.1,2.1,0.0,2.1,0.0,0.0,0.0,0.0,2.1,2.1,2.1,0.0
2021-04-07,2.4,2.4,14.2857,2.4,1000.0,2400000.0,0.0,0.0,2.4,2.4,2.4,1000.0
2021-04-08,2.4,2.4,0.0,2.4,0.0,0.0,0.0,0.0,2.4,2.4,2.4,0.0
2021-04-09,2.4,2.4,0.0,2.4,0.0,0.0,0.0,0.0,2.4,2.4,2.4,0.0
2021-04-12,2.4,2.4,0.0,2.4,0.0,0.0,0.0,0.0,2.4,2.4,2.4,0.0
2021-04-13,2.4,2.4,0.0,2.4,0.0,0.0,0.0,0.0,2.4,2.4,2.4,0.0
2021-04-14,2.4,2.4,0.0,2.4,0.0,0.0,0.0,0.0,2.4,2.4,2.4,0.0
2021-04-15,2.4,2.4,0.0,2.4,0.0,0.0,0.0,0.0,2.4,2.4,2.4,0.0
2021-04-16,2.4,2.4,0.0,2.4,0.0,0.0,0.0,0.0,2.4,2.4,2.4,0.0
2021-04-19,2.4,2.4,0.0,2.4,0.0,0.0,0.0,0.0,2.4,2.4,2.4,0.0
2021-04-20,2.4,2.4,0.0,2.4,0.0,0.0,0.0,0.0,2.4,2.4,2.4,0.0
2021-04-22,2.4,2.4,0.0,2.4,0.0,0.0,0.0,0.0,2.4,2.4,2.4,0.0
2021-04-23,2.4,2.4,0.0,2.4,0.0,0.0,0.0,0.0,2.4,2.4,2.4,0.0
2021-04-26,2.4,2.4,0.0,2.4,0.0,0.0,0.0,0.0,2.4,2.4,2.4,0.0
2021-04-27,2.4,2.4,0.0,2.4,0.0,0.0,0.0,0.0,2.4,2.4,2.4,0.0
2021-04-28,2.4,2.4,0.0,2.4,0.0,0.0,0.0,0.0,2.4,2.4,2.4,0.0
2021-04-29,2.4,2.4,0.0,2.4,0.0,0.0,0.0,0.0,2.4,2.4,2.4,0.0
2021-05-04,2.4,2.4,0.0,2.4,0.0,0.0,0.0,0.0,2.4,2.4,2.4,0.0
2021-05-05,2.4,2.4,0.0,2.4,0.0,0.0,0.0,0.0,2.4,2.4,2.4,0.0
2021-05-06,2.4,2.4,0.0,2.4,0.0,0.0,0.0,0.0,2.4,2.4,2.4,0.0
2021-05-07,2.4,2.4,0.0,2.4,0.0,0.0,0.0,0.0,2.4,2.4,2.4,0.0
2021-05-10,2.4,2.4,0.0,2.4,0.0,0.0,0.0,0.0,2.4,2.4,2.4,0.0
2021-05-11,2.4,2.4,0.0,2.4,0.0,0.0,0.0,0.0,2.4,2.4,2.4,0.0
2021-05-12,2.4,2.4,0.0,2.4,0.0,0.0,0.0,0.0,2.4,2.4,2.4,0.0
2021-05-13,2.4,2.4,0.0,2.4,0.0,0.0,0.0,0.0,2.4,2.4,2.4,0.0
2021-05-14,2.4,2.4,0.0,2.4,0.0,0.0,0.0,0.0,2.4,2.4,2.4,0.0
2021-05-17,2.4,2.4,0.0,2.4,0.0,0.0,0.0,0.0,2.4,2.4,2.4,0.0
2021-05-18,2.4,2.4,0.0,2.4,0.0,0.0,1056830.0,2219343000.0,2.4,2.4,2.4,1056830.0
2021-05-19,2.4,2.4,0.0,2.4,0.0,0.0,0.0,0.0,2.4,2.4,2.4,0.0
2021-05-20,2.4,2.4,0.0,2.4,0.0,0.0,0.0,0.0,2.4,2.4,2.4,0.0
2021-05-21,2.4,2.4,0.0,2.4,0.0,0.0,0.0,0.0,2.4,2.4,2.4,0.0
2021-05-24,2.4,2.4,0.0,2.4,0.0,0.0,0.0,0.0,2.4,2.4,2.4,0.0
2021-05-25,2.4,2.4,0.0,2.4,0.0,0.0,0.0,0.0,2.4,2.4,2.4,0.0
2021-05-26,2.4,2.4,0.0,2.4,0.0,0.0,0.0,0.0,2.4,2.4,2.4,0.0
2021-05-27,2.4,2.4,0.0,2.4,0.0,0.0,0.0,0.0,2.4,2.4,2.4,0.0
2021-05-28,2.4,2.4,0.0,2.4,0.0,0.0,0.0,0.0,2.4,2.4,2.4,0.0
2021-05-31,2.4,2.4,0.0,2.4,0.0,0.0,0.0,0.0,2.4,2.4,2.4,0.0
2021-06-01,2.4,2.4,0.0,2.4,0.0,0.0,0.0,0.0,2.4,2.4,2.4,0.0
2021-06-02,2.4,2.4,0.0,2.4,0.0,0.0,0.0,0.0,2.4,2.4,2.4,0.0
2021-06-03,2.4,2.4,0.0,2.4,0.0,0.0,0.0,0.0,2.4,2.4,2.4,0.0
2021-06-04,2.4,2.4,0.0,2.4,0.0,0.0,0.0,0.0,2.4,2.4,2.4,0.0
2021-06-07,2.4,2.4,0.0,2.4,0.0,0.0,0.0,0.0,2.4,2.4,2.4,0.0
2021-06-08,2.4,2.4,0.0,2.4,0.0,0.0,0.0,0.0,2.4,2.4,2.4,0.0
2021-06-09,2.7,2.7,12.5,2.7,5000.0,13500000.0,0.0,0.0,2.7,2.7,2.7,5000.0
2021-06-10,3.1,3.1,14.8148,3.1,1000.0,3100000.0,0.0,0.0,3.1,3.1,3.1,1000.0
2021-06-11,3.1,3.1,0.0,3.1,0.0,0.0,0.0,0.0,3.1,3.1,3.1,0.0
2021-06-14,3.5,3.5,12.9032,3.5,100.0,350000.0,0.0,0.0,3.5,3.5,3.5,100.0
2021-06-15,4.0,4.0,14.2857,4.0,100.0,400000.0,0.0,0.0,4.0,4.0,4.0,100.0
2021-06-16,4.6,4.6,15.0,4.6,100.0,460000.0,0.0,0.0,4.6,4.6,4.6,100.0
2021-06-17,4.6,4.6,0.0,4.6,0.0,0.0,0.0,0.0,4.6,4.6,4.6,0.0
2021-06-18,5.2,5.2,13.0435,5.2,100.0,520000.0,0.0,0.0,5.2,5.2,5.2,100.0
2021-06-21,5.9,5.9,13.4615,5.9,100.0,590000.0,0.0,0.0,5.9,5.9,5.9,100.0
2021-06-22,6.7,6.7,13.5593,6.7,100.0,670000.0,0.0,0.0,6.7,6.7,6.7,100.0
2021-06-23,6.7,6.7,0.0,6.7,20.0,152000.0,0.0,0.0,6.7,6.7,6.7,20.0
2021-06-24,6.7,6.7,0.0,6.7,0.0,0.0,0.0,0.0,6.7,6.7,6.7,0.0
2021-06-25,7.7,7.7,14.9254,7.567,600.0,4540000.0,0.0,0.0,7.0,7.7,7.0,600.0
2021-06-28,8.7,8.7,14.4737,8.7,3500.0,30450000.0,0.0,0.0,8.7,8.7,8.7,3500.0
2021-06-29,10.0,10.0,14.9425,10.0,10600.0,106000000.0,0.0,0.0,10.0,10.0,10.0,10600.0
2021-06-30,10.0,10.0,0.0,10.0,1800.0,18000000.0,0.0,0.0,10.0,10.0,10.0,1800.0
2021-07-01,10.9,10.9,9.0,11.197,7400.0,82860000.0,0.0,0.0,11.5,11.5,10.9,7400.0
2021-07-02,9.6,9.6,-14.2857,9.6,5310.0,50992000.0,0.0,0.0,9.6,9.6,9.6,5310.0
2021-07-05,8.2,8.2,-14.5833,8.35,4001.0,33409600.0,0.0,0.0,9.4,9.4,8.2,4001.0
2021-07-06,8.1,8.1,-3.5714,8.092,1300.0,10520000.0,0.0,0.0,8.1,8.1,8.0,1300.0
2021-07-07,8.1,8.1,0.0,8.1,3.0,27900.0,0.0,0.0,8.1,8.1,8.1,3.0
2021-07-08,8.1,8.1,0.0,8.1,1.0,8100.0,0.0,0.0,8.1,8.1,8.1,1.0
2021-07-09,8.1,8.1,0.0,8.1,0.0,0.0,0.0,0.0,8.1,8.1,8.1,0.0
2021-07-12,8.1,8.1,0.0,8.1,0.0,0.0,0.0,0.0,8.1,8.1,8.1,0.0
2021-07-13,8.1,8.1,0.0,8.1,0.0,0.0,0.0,0.0,8.1,8.1,8.1,0.0
2021-07-14,8.1,8.1,0.0,8.1,0.0,0.0,0.0,0.0,8.1,8.1,8.1,0.0
2021-07-15,6.9,6.9,-14.8148,6.9,1300.0,8970000.0,0.0,0.0,6.9,6.9,6.9,1300.0
2021-07-16,5.9,5.9,-14.4928,5.9,3700.0,21830000.0,0.0,0.0,5.9,5.9,5.9,3700.0
2021-07-19,5.9,5.9,0.0,5.9,2.0,11800.0,0.0,0.0,5.9,5.9,5.9,2.0
2021-07-20,5.9,5.9,0.0,5.9,5.0,25500.0,0.0,0.0,5.9,5.9,5.9,5.0
2021-07-21,5.1,5.1,-13.5593,5.1,1400.0,7140000.0,0.0,0.0,5.1,5.1,5.1,1400.0
2021-07-22,5.8,5.8,13.7255,4.68,500.0,2340000.0,0.0,0.0,4.4,5.8,4.4,500.0
2021-07-23,5.4,5.4,14.8936,5.4,100.0,540000.0,0.0,0.0,5.4,5.4,5.4,100.0
2021-07-26,6.2,6.2,14.8148,6.2,1308.0,8104000.0,0.0,0.0,6.2,6.2,6.2,1308.0
2021-07-27,7.1,7.1,14.5161,7.064,3900.0,27550000.0,0.0,0.0,7.0,7.1,7.0,3900.0
2021-07-28,7.1,7.1,0.0,7.633,300.0,2290000.0,0.0,0.0,7.9,7.9,7.1,300.0
2021-07-29,7.0,7.0,-7.8947,6.752,2300.0,15530000.0,0.0,0.0,6.5,7.0,6.5,2300.0
2021-07-30,6.8,6.8,0.0,6.8,0.0,0.0,0.0,0.0,6.8,6.8,6.8,0.0
2021-08-02,6.0,6.0,-11.7647,6.197,6100.0,37800000.0,0.0,0.0,6.6,6.6,6.0,6100.0
2021-08-03,7.0,7.0,12.9032,7.0,108.0,744800.0,0.0,0.0,7.0,7.0,7.0,108.0
2021-08-04,7.0,7.0,0.0,7.583,2400.0,18200000.0,0.0,0.0,7.0,8.0,7.0,2400.0
2021-08-05,7.0,7.0,-7.8947,7.0,100.0,700000.0,0.0,0.0,7.0,7.0,7.0,100.0
2021-08-06,7.0,7.0,0.0,7.0,0.0,0.0,0.0,0.0,7.0,7.0,7.0,0.0
2021-08-09,7.0,7.0,0.0,6.577,4300.0,28280000.0,0.0,0.0,6.8,7.0,6.3,4300.0
2021-08-10,7.5,7.5,13.6364,7.395,14110.0,104345000.0,0.0,0.0,6.9,7.5,6.9,14110.0
2021-08-11,8.5,8.5,14.8649,8.5,7700.0,65450000.0,0.0,0.0,8.5,8.5,8.5,7700.0
2021-08-12,9.7,9.7,14.1176,9.7,17000.0,164900000.0,0.0,0.0,9.7,9.7,9.7,17000.0
2021-08-13,9.3,9.3,-4.1237,9.44,13500.0,127440000.0,0.0,0.0,11.1,11.1,8.3,13500.0
2021-08-16,9.7,9.7,3.1915,8.795,13001.0,114349000.0,0.0,0.0,9.4,9.7,8.0,13001.0
2021-08-17,9.5,9.5,7.9545,9.206,7000.0,64440000.0,0.0,0.0,9.5,9.5,7.6,7000.0
2021-08-18,8.2,8.2,-10.8696,8.275,5600.0,46340000.0,0.0,0.0,9.5,9.5,8.0,5600.0
2021-08-19,8.0,8.0,-3.6145,8.042,1200.0,9650000.0,0.0,0.0,7.4,8.3,7.4,1200.0
2021-08-20,7.7,7.7,-3.75,7.209,4600.0,33160000.0,0.0,0.0,7.9,8.0,7.0,4600.0
2021-08-23,6.6,6.6,-8.3333,6.598,4210.0,27774000.0,0.0,0.0,6.4,6.7,6.4,4210.0
2021-08-24,7.2,7.2,9.0909,7.088,2500.0,17720000.0,0.0,0.0,7.0,7.2,7.0,2500.0
2021-08-25,7.1,7.1,0.0,7.0,1400.0,9800000.0,0.0,0.0,6.4,7.1,6.4,1400.0
2021-08-26,8.0,8.0,14.2857,7.89,8810.0,69506800.0,0.0,0.0,7.6,8.0,7.6,8810.0
2021-08-27,8.0,8.0,1.2658,8.05,1400.0,11270000.0,0.0,0.0,8.0,8.1,8.0,1400.0
2021-08-30,8.3,8.3,2.4691,8.45,2800.0,23660000.0,0.0,0.0,8.5,8.5,8.3,2800.0
2021-08-31,8.5,8.5,0.0,8.5,0.0,0.0,0.0,0.0,8.5,8.5,8.5,0.0
2021-09-01,7.9,7.9,-7.0588,7.657,6500.0,49770000.0,0.0,0.0,8.0,8.0,7.5,6500.0
2021-09-06,8.8,8.8,14.2857,8.683,17900.0,155420000.0,0.0,0.0,8.6,8.8,8.5,17900.0
2021-09-07,10.0,10.0,14.9425,9.863,26609.0,262450000.0,0.0,0.0,9.9,10.0,9.5,26609.0
2021-09-08,10.2,10.2,3.0303,10.266,2900.0,29770000.0,0.0,0.0,11.0,11.0,10.0,2900.0
2021-09-09,8.9,8.9,-13.5922,8.831,7000.0,61820000.0,0.0,0.0,8.8,8.9,8.8,7000.0
2021-09-10,8.2,8.2,-6.8182,8.176,7500.0,61320000.0,0.0,0.0,8.0,8.2,8.0,7500.0
2021-09-13,9.4,9.4,14.6341,9.4,6700.0,62980000.0,0.0,0.0,9.4,9.4,9.4,6700.0
2021-09-14,10.8,10.8,14.8936,10.494,23100.0,242400000.0,0.0,0.0,9.6,10.8,9.6,23100.0
2021-09-15,12.0,12.0,14.2857,11.999,14509.0,174088000.0,0.0,0.0,12.0,12.0,11.8,14509.0
2021-09-16,13.8,13.8,15.0,13.8,29100.0,401580000.0,0.0,0.0,13.8,13.8,13.8,29100.0
2021-09-17,15.8,15.8,14.4928,15.8,26340.0,416145000.0,0.0,0.0,15.8,15.8,15.7,26340.0
