2019-01-25,24.0,24.0,39.5349,24.0,100.0,2400000.0,0.0,0.0,24.0,24.0,24.0,100.0
2019-01-28,24.0,24.0,0.0,24.0,0.0,0.0,0.0,0.0,24.0,24.0,24.0,0.0
2019-01-29,24.0,24.0,0.0,24.0,0.0,0.0,0.0,0.0,24.0,24.0,24.0,0.0
2019-01-30,24.0,24.0,0.0,24.0,0.0,0.0,0.0,0.0,24.0,24.0,24.0,0.0
2019-01-31,24.0,24.0,0.0,24.0,0.0,0.0,0.0,0.0,24.0,24.0,24.0,0.0
2019-02-01,24.0,24.0,0.0,24.0,0.0,0.0,0.0,0.0,24.0,24.0,24.0,0.0
2019-02-11,24.0,24.0,0.0,24.0,0.0,0.0,0.0,0.0,24.0,24.0,24.0,0.0
2019-02-12,24.0,24.0,0.0,24.0,0.0,0.0,0.0,0.0,24.0,24.0,24.0,0.0
2019-02-13,24.0,24.0,0.0,24.0,0.0,0.0,0.0,0.0,24.0,24.0,24.0,0.0
2019-02-14,24.0,24.0,0.0,24.0,0.0,0.0,0.0,0.0,24.0,24.0,24.0,0.0
2019-02-15,24.0,24.0,0.0,24.0,0.0,0.0,0.0,0.0,24.0,24.0,24.0,0.0
2019-02-18,24.0,24.0,0.0,24.0,0.0,0.0,0.0,0.0,24.0,24.0,24.0,0.0
2019-02-19,24.0,24.0,0.0,24.0,0.0,0.0,0.0,0.0,24.0,24.0,24.0,0.0
2019-02-20,24.0,24.0,0.0,24.0,0.0,0.0,0.0,0.0,24.0,24.0,24.0,0.0
2019-02-21,24.0,24.0,0.0,24.0,0.0,0.0,0.0,0.0,24.0,24.0,24.0,0.0
2019-02-22,24.0,24.0,0.0,24.0,0.0,0.0,0.0,0.0,24.0,24.0,24.0,0.0
2019-02-25,24.0,24.0,0.0,24.0,0.0,0.0,0.0,0.0,24.0,24.0,24.0,0.0
2019-02-26,24.0,24.0,0.0,24.0,0.0,0.0,0.0,0.0,24.0,24.0,24.0,0.0
2019-02-27,24.0,24.0,0.0,24.0,0.0,0.0,0.0,0.0,24.0,24.0,24.0,0.0
2019-02-28,24.0,24.0,0.0,24.0,0.0,0.0,0.0,0.0,24.0,24.0,24.0,0.0
2019-03-01,24.0,24.0,0.0,24.0,0.0,0.0,0.0,0.0,24.0,24.0,24.0,0.0
2019-03-04,24.0,24.0,0.0,24.0,0.0,0.0,0.0,0.0,24.0,24.0,24.0,0.0
2019-03-05,24.0,24.0,0.0,24.0,0.0,0.0,0.0,0.0,24.0,24.0,24.0,0.0
2019-03-06,24.0,24.0,0.0,24.0,0.0,0.0,0.0,0.0,24.0,24.0,24.0,0.0
2019-03-07,24.0,24.0,0.0,24.0,0.0,0.0,0.0,0.0,24.0,24.0,24.0,0.0
2019-03-08,24.0,24.0,0.0,24.0,0.0,0.0,0.0,0.0,24.0,24.0,24.0,0.0
2019-03-11,24.0,24.0,0.0,24.0,0.0,0.0,0.0,0.0,24.0,24.0,24.0,0.0
2019-03-12,24.0,24.0,0.0,24.0,0.0,0.0,0.0,0.0,24.0,24.0,24.0,0.0
2019-03-13,24.0,24.0,0.0,24.0,0.0,0.0,0.0,0.0,24.0,24.0,24.0,0.0
2019-03-14,24.0,24.0,0.0,24.0,0.0,0.0,0.0,0.0,24.0,24.0,24.0,0.0
2019-03-15,24.0,24.0,0.0,24.0,0.0,0.0,0.0,0.0,24.0,24.0,24.0,0.0
2019-03-18,24.0,24.0,0.0,24.0,0.0,0.0,0.0,0.0,24.0,24.0,24.0,0.0
2019-03-19,24.0,24.0,0.0,24.0,0.0,0.0,0.0,0.0,24.0,24.0,24.0,0.0
2019-03-20,33.6,33.6,40.0,33.6,100.0,3360000.0,0.0,0.0,33.6,33.6,33.6,100.0
2019-03-21,33.6,33.6,0.0,33.6,0.0,0.0,0.0,0.0,33.6,33.6,33.6,0.0
2019-03-22,33.6,33.6,0.0,33.6,0.0,0.0,0.0,0.0,33.6,33.6,33.6,0.0
2019-03-25,33.6,33.6,0.0,33.6,0.0,0.0,0.0,0.0,33.6,33.6,33.6,0.0
2019-03-26,33.6,33.6,0.0,33.6,62.0,1834800.0,0.0,0.0,33.6,33.6,33.6,62.0
2019-03-27,33.6,33.6,0.0,33.6,0.0,0.0,0.0,0.0,33.6,33.6,33.6,0.0
2019-03-28,33.6,33.6,0.0,33.6,0.0,0.0,0.0,0.0,33.6,33.6,33.6,0.0
2019-03-29,33.6,33.6,0.0,33.6,0.0,0.0,0.0,0.0,33.6,33.6,33.6,0.0
2019-04-01,33.6,33.6,0.0,33.6,6.0,231600.0,0.0,0.0,33.6,33.6,33.6,6.0
2019-04-02,33.6,33.6,0.0,33.6,0.0,0.0,0.0,0.0,33.6,33.6,33.6,0.0
2019-04-03,33.6,33.6,0.0,33.6,0.0,0.0,0.0,0.0,33.6,33.6,33.6,0.0
2019-04-04,33.6,33.6,0.0,33.6,0.0,0.0,0.0,0.0,33.6,33.6,33.6,0.0
2019-04-05,33.6,33.6,0.0,33.6,0.0,0.0,0.0,0.0,33.6,33.6,33.6,0.0
2019-04-08,33.6,33.6,0.0,33.6,0.0,0.0,0.0,0.0,33.6,33.6,33.6,0.0
2019-04-09,33.6,33.6,0.0,33.6,0.0,0.0,0.0,0.0,33.6,33.6,33.6,0.0
2019-04-10,33.6,33.6,0.0,33.6,0.0,0.0,0.0,0.0,33.6,33.6,33.6,0.0
2019-04-11,33.6,33.6,0.0,33.6,0.0,0.0,0.0,0.0,33.6,33.6,33.6,0.0
2019-04-12,33.6,33.6,0.0,33.6,0.0,0.0,0.0,0.0,33.6,33.6,33.6,0.0
2019-04-16,28.6,28.6,-14.881,28.6,100.0,2860000.0,0.0,0.0,28.6,28.6,28.6,100.0
2019-04-17,28.6,28.6,0.0,28.6,0.0,0.0,0.0,0.0,28.6,28.6,28.6,0.0
2019-04-18,24.4,24.4,-14.6853,24.4,100.0,2440000.0,0.0,0.0,24.4,24.4,24.4,100.0
2019-04-19,24.4,24.4,0.0,24.4,0.0,0.0,0.0,0.0,24.4,24.4,24.4,0.0
2019-04-22,24.4,24.4,0.0,24.4,0.0,0.0,0.0,0.0,24.4,24.4,24.4,0.0
2019-04-23,24.4,24.4,0.0,24.4,0.0,0.0,0.0,0.0,24.4,24.4,24.4,0.0
2019-04-24,24.4,24.4,0.0,24.4,0.0,0.0,0.0,0.0,24.4,24.4,24.4,0.0
2019-04-25,24.4,24.4,0.0,24.4,0.0,0.0,0.0,0.0,24.4,24.4,24.4,0.0
2019-04-26,20.8,20.8,-14.7541,20.8,100.0,2080000.0,0.0,0.0,20.8,20.8,20.8,100.0
2019-05-02,17.7,17.7,-14.9038,17.7,100.0,1770000.0,0.0,0.0,17.7,17.7,17.7,100.0
2019-05-03,17.7,17.7,0.0,17.7,0.0,0.0,0.0,0.0,17.7,17.7,17.7,0.0
2019-05-06,17.7,17.7,0.0,17.7,0.0,0.0,0.0,0.0,17.7,17.7,17.7,0.0
2019-05-07,17.7,17.7,0.0,17.7,0.0,0.0,0.0,0.0,17.7,17.7,17.7,0.0
2019-05-08,17.7,17.7,0.0,17.7,0.0,0.0,0.0,0.0,17.7,17.7,17.7,0.0
2019-05-09,17.7,17.7,0.0,17.7,0.0,0.0,16328.0,246552800.0,17.7,17.7,17.7,16328.0
2019-05-10,17.7,17.7,0.0,17.7,0.0,0.0,0.0,0.0,17.7,17.7,17.7,0.0
2019-05-13,17.7,17.7,0.0,17.7,0.0,0.0,0.0,0.0,17.7,17.7,17.7,0.0
2019-05-14,17.7,17.7,0.0,17.7,0.0,0.0,0.0,0.0,17.7,17.7,17.7,0.0
2019-05-15,17.7,17.7,0.0,17.7,0.0,0.0,0.0,0.0,17.7,17.7,17.7,0.0
2019-05-16,17.7,17.7,0.0,17.7,0.0,0.0,0.0,0.0,17.7,17.7,17.7,0.0
2019-05-17,19.5,19.5,10.1695,17.3,200.0,3460000.0,0.0,0.0,15.1,19.5,15.1,200.0
2019-05-20,14.8,14.8,-14.4509,14.8,100.0,1480000.0,0.0,0.0,14.8,14.8,14.8,100.0
2019-05-21,14.8,14.8,0.0,14.8,0.0,0.0,0.0,0.0,14.8,14.8,14.8,0.0
2019-05-22,12.6,12.6,-14.8649,12.6,100.0,1260000.0,0.0,0.0,12.6,12.6,12.6,100.0
2019-05-23,10.8,10.8,-14.2857,10.8,100.0,1080000.0,0.0,0.0,10.8,10.8,10.8,100.0
2019-05-24,10.8,10.8,0.0,10.8,0.0,0.0,0.0,0.0,10.8,10.8,10.8,0.0
2019-05-27,10.8,10.8,0.0,10.8,0.0,0.0,0.0,0.0,10.8,10.8,10.8,0.0
2019-05-28,10.8,10.8,0.0,10.8,0.0,0.0,0.0,0.0,10.8,10.8,10.8,0.0
2019-05-29,10.8,10.8,0.0,10.8,0.0,0.0,0.0,0.0,10.8,10.8,10.8,0.0
2019-05-30,10.8,10.8,0.0,10.8,0.0,0.0,0.0,0.0,10.8,10.8,10.8,0.0
2019-05-31,10.8,10.8,0.0,10.8,0.0,0.0,0.0,0.0,10.8,10.8,10.8,0.0
2019-06-03,10.8,10.8,0.0,10.8,0.0,0.0,0.0,0.0,10.8,10.8,10.8,0.0
2019-06-04,10.8,10.8,0.0,10.8,0.0,0.0,0.0,0.0,10.8,10.8,10.8,0.0
2019-06-05,10.8,10.8,0.0,10.8,0.0,0.0,0.0,0.0,10.8,10.8,10.8,0.0
2019-06-06,10.8,10.8,0.0,10.8,0.0,0.0,0.0,0.0,10.8,10.8,10.8,0.0
2019-06-07,10.8,10.8,0.0,10.8,0.0,0.0,0.0,0.0,10.8,10.8,10.8,0.0
2019-06-10,10.8,10.8,0.0,10.8,0.0,0.0,0.0,0.0,10.8,10.8,10.8,0.0
2019-06-11,10.8,10.8,0.0,10.8,0.0,0.0,0.0,0.0,10.8,10.8,10.8,0.0
2019-06-12,10.8,10.8,0.0,10.8,0.0,0.0,0.0,0.0,10.8,10.8,10.8,0.0
2019-06-13,10.8,10.8,0.0,10.8,0.0,0.0,0.0,0.0,10.8,10.8,10.8,0.0
2019-06-14,10.8,10.8,0.0,10.8,0.0,0.0,0.0,0.0,10.8,10.8,10.8,0.0
2019-06-17,10.8,10.8,0.0,10.8,0.0,0.0,0.0,0.0,10.8,10.8,10.8,0.0
2019-06-18,10.8,10.8,0.0,10.8,0.0,0.0,0.0,0.0,10.8,10.8,10.8,0.0
2019-06-19,10.8,10.8,0.0,10.8,0.0,0.0,0.0,0.0,10.8,10.8,10.8,0.0
2019-06-20,10.8,10.8,0.0,10.8,0.0,0.0,0.0,0.0,10.8,10.8,10.8,0.0
2019-06-21,10.8,10.8,0.0,10.8,0.0,0.0,0.0,0.0,10.8,10.8,10.8,0.0
2019-06-24,10.8,10.8,0.0,10.8,0.0,0.0,0.0,0.0,10.8,10.8,10.8,0.0
2019-06-25,10.8,10.8,0.0,10.8,0.0,0.0,0.0,0.0,10.8,10.8,10.8,0.0
2019-06-26,10.8,10.8,0.0,10.8,0.0,0.0,0.0,0.0,10.8,10.8,10.8,0.0
2019-06-27,10.8,10.8,0.0,10.8,0.0,0.0,0.0,0.0,10.8,10.8,10.8,0.0
2019-06-28,10.8,10.8,0.0,10.8,0.0,0.0,0.0,0.0,10.8,10.8,10.8,0.0
2019-07-01,10.8,10.8,0.0,10.8,0.0,0.0,0.0,0.0,10.8,10.8,10.8,0.0
2019-07-02,6.5,6.5,-39.8148,6.5,100.0,650000.0,0.0,0.0,6.5,6.5,6.5,100.0
2019-07-03,6.5,6.5,0.0,6.5,18.0,100800.0,0.0,0.0,6.5,6.5,6.5,18.0
2019-07-04,6.5,6.5,0.0,6.5,0.0,0.0,0.0,0.0,6.5,6.5,6.5,0.0
2019-07-05,6.5,6.5,0.0,6.5,0.0,0.0,0.0,0.0,6.5,6.5,6.5,0.0
2019-07-08,6.5,6.5,0.0,6.5,0.0,0.0,0.0,0.0,6.5,6.5,6.5,0.0
2019-07-09,6.5,6.5,0.0,6.5,0.0,0.0,0.0,0.0,6.5,6.5,6.5,0.0
2019-07-10,6.5,6.5,0.0,6.5,0.0,0.0,0.0,0.0,6.5,6.5,6.5,0.0
2019-07-11,6.5,6.5,0.0,6.5,0.0,0.0,0.0,0.0,6.5,6.5,6.5,0.0
2019-07-12,6.5,6.5,0.0,6.5,0.0,0.0,0.0,0.0,6.5,6.5,6.5,0.0
2019-07-15,5.6,5.6,-13.8462,5.6,100.0,560000.0,0.0,0.0,5.6,5.6,5.6,100.0
2019-07-16,4.8,4.8,-14.2857,4.8,100.0,480000.0,0.0,0.0,4.8,4.8,4.8,100.0
2019-07-17,4.1,4.1,-14.5833,4.1,100.0,410000.0,0.0,0.0,4.1,4.1,4.1,100.0
2019-07-18,3.5,3.5,-14.6341,3.625,400.0,1450000.0,0.0,0.0,3.7,3.7,3.5,400.0
2019-07-19,3.2,3.2,-11.1111,3.25,200.0,650000.0,0.0,0.0,3.3,3.3,3.2,200.0
2019-07-22,3.3,3.3,0.0,3.3,0.0,0.0,0.0,0.0,3.3,3.3,3.3,0.0
2019-07-23,3.3,3.3,0.0,3.3,0.0,0.0,0.0,0.0,3.3,3.3,3.3,0.0
2019-07-24,3.3,3.3,0.0,3.3,0.0,0.0,0.0,0.0,3.3,3.3,3.3,0.0
2019-07-25,3.6,3.6,9.0909,3.6,100.0,360000.0,0.0,0.0,3.6,3.6,3.6,100.0
2019-07-26,4.1,4.1,13.8889,4.1,100.0,410000.0,0.0,0.0,4.1,4.1,4.1,100.0
2019-07-29,4.1,4.1,0.0,4.1,0.0,0.0,0.0,0.0,4.1,4.1,4.1,0.0
2019-07-30,4.2,4.2,2.439,4.2,1000.0,4200000.0,0.0,0.0,4.2,4.2,4.2,1000.0
2019-07-31,4.2,4.2,0.0,4.2,0.0,0.0,0.0,0.0,4.2,4.2,4.2,0.0
2019-08-01,4.2,4.2,0.0,4.2,0.0,0.0,0.0,0.0,4.2,4.2,4.2,0.0
2019-08-02,4.2,4.2,0.0,4.2,0.0,0.0,0.0,0.0,4.2,4.2,4.2,0.0
2019-08-05,4.2,4.2,0.0,4.2,0.0,0.0,0.0,0.0,4.2,4.2,4.2,0.0
2019-08-06,4.2,4.2,0.0,4.2,0.0,0.0,0.0,0.0,4.2,4.2,4.2,0.0
2019-08-07,4.8,4.8,14.2857,4.4,300.0,1320000.0,0.0,0.0,3.6,4.8,3.6,300.0
2019-08-08,4.4,4.4,0.0,4.4,0.0,0.0,0.0,0.0,4.4,4.4,4.4,0.0
2019-08-09,4.4,4.4,0.0,4.4,0.0,0.0,0.0,0.0,4.4,4.4,4.4,0.0
2019-08-12,3.8,3.8,-13.6364,3.8,100.0,380000.0,0.0,0.0,3.8,3.8,3.8,100.0
2019-08-13,3.8,3.8,0.0,3.8,0.0,0.0,0.0,0.0,3.8,3.8,3.8,0.0
2019-08-14,3.8,3.8,0.0,3.8,0.0,0.0,0.0,0.0,3.8,3.8,3.8,0.0
2019-08-15,3.8,3.8,0.0,3.8,0.0,0.0,0.0,0.0,3.8,3.8,3.8,0.0
2019-08-16,4.3,4.3,13.1579,4.3,100.0,430000.0,0.0,0.0,4.3,4.3,4.3,100.0
2019-08-19,4.3,4.3,0.0,4.3,0.0,0.0,0.0,0.0,4.3,4.3,4.3,0.0
2019-08-20,4.9,4.9,13.9535,4.9,100.0,490000.0,0.0,0.0,4.9,4.9,4.9,100.0
2019-08-21,4.9,4.9,0.0,4.9,0.0,0.0,0.0,0.0,4.9,4.9,4.9,0.0
2019-08-22,5.6,5.6,14.2857,5.6,200.0,1120000.0,0.0,0.0,5.6,5.6,5.6,200.0
2019-08-23,6.4,6.4,14.2857,6.267,1200.0,7520000.0,0.0,0.0,4.8,6.4,4.8,1200.0
2019-08-26,5.5,5.5,-12.6984,6.35,200.0,1270000.0,0.0,0.0,7.2,7.2,5.5,200.0
2019-08-27,7.3,7.3,14.0625,7.3,100.0,730000.0,0.0,0.0,7.3,7.3,7.3,100.0
2019-08-28,8.3,8.3,13.6986,7.8,200.0,1560000.0,0.0,0.0,7.3,8.3,7.3,200.0
2019-08-29,7.8,7.8,0.0,7.8,0.0,0.0,0.0,0.0,7.8,7.8,7.8,0.0
2019-08-30,6.7,6.7,-14.1026,7.6,200.0,1520000.0,0.0,0.0,8.5,8.5,6.7,200.0
2019-09-03,6.5,6.5,-14.4737,6.5,100.0,650000.0,0.0,0.0,6.5,6.5,6.5,100.0
2019-09-04,6.5,6.5,0.0,6.5,0.0,0.0,0.0,0.0,6.5,6.5,6.5,0.0
2019-09-05,5.6,5.6,-13.8462,5.65,200.0,1130000.0,0.0,0.0,5.7,5.7,5.6,200.0
2019-09-06,6.4,6.4,12.2807,5.433,300.0,1630000.0,0.0,0.0,5.0,6.4,4.9,300.0
2019-09-09,4.6,4.6,-14.8148,4.65,200.0,930000.0,0.0,0.0,4.7,4.7,4.6,200.0
2019-09-10,4.7,4.7,0.0,4.7,0.0,0.0,0.0,0.0,4.7,4.7,4.7,0.0
2019-09-11,5.4,5.4,14.8936,5.4,100.0,540000.0,0.0,0.0,5.4,5.4,5.4,100.0
2019-09-12,4.6,4.6,-14.8148,4.667,300.0,1400000.0,0.0,0.0,4.7,4.7,4.6,300.0
2019-09-13,5.4,5.4,14.8936,5.4,100.0,540000.0,0.0,0.0,5.4,5.4,5.4,100.0
2019-09-16,5.4,5.4,0.0,5.4,0.0,0.0,0.0,0.0,5.4,5.4,5.4,0.0
2019-09-17,5.4,5.4,0.0,5.4,0.0,0.0,0.0,0.0,5.4,5.4,5.4,0.0
2019-09-18,5.4,5.4,0.0,5.4,0.0,0.0,0.0,0.0,5.4,5.4,5.4,0.0
2019-09-19,5.4,5.4,0.0,5.4,0.0,0.0,0.0,0.0,5.4,5.4,5.4,0.0
2019-09-20,5.4,5.4,0.0,5.4,0.0,0.0,0.0,0.0,5.4,5.4,5.4,0.0
2019-09-23,6.2,6.2,14.8148,6.2,700.0,4340000.0,0.0,0.0,6.2,6.2,6.2,700.0
2019-09-24,6.2,6.2,0.0,6.2,0.0,0.0,0.0,0.0,6.2,6.2,6.2,0.0
2019-09-25,6.2,6.2,0.0,6.2,0.0,0.0,0.0,0.0,6.2,6.2,6.2,0.0
2019-09-26,7.1,7.1,14.5161,7.1,100.0,710000.0,0.0,0.0,7.1,7.1,7.1,100.0
2019-09-27,7.1,7.1,0.0,7.1,0.0,0.0,0.0,0.0,7.1,7.1,7.1,0.0
2019-09-30,7.1,7.1,0.0,7.1,0.0,0.0,0.0,0.0,7.1,7.1,7.1,0.0
2019-10-01,7.1,7.1,0.0,7.1,0.0,0.0,0.0,0.0,7.1,7.1,7.1,0.0
2019-10-02,7.1,7.1,0.0,7.1,0.0,0.0,0.0,0.0,7.1,7.1,7.1,0.0
2019-10-03,7.1,7.1,0.0,7.1,0.0,0.0,0.0,0.0,7.1,7.1,7.1,0.0
2019-10-04,7.1,7.1,0.0,7.1,0.0,0.0,0.0,0.0,7.1,7.1,7.1,0.0
2019-10-07,7.1,7.1,0.0,7.1,0.0,0.0,0.0,0.0,7.1,7.1,7.1,0.0
2019-10-08,7.1,7.1,0.0,7.1,0.0,0.0,0.0,0.0,7.1,7.1,7.1,0.0
2019-10-09,7.1,7.1,0.0,7.1,0.0,0.0,0.0,0.0,7.1,7.1,7.1,0.0
2019-10-10,7.1,7.1,0.0,7.1,0.0,0.0,0.0,0.0,7.1,7.1,7.1,0.0
2019-10-11,7.1,7.1,0.0,7.1,0.0,0.0,0.0,0.0,7.1,7.1,7.1,0.0
2019-10-14,7.1,7.1,0.0,7.1,0.0,0.0,0.0,0.0,7.1,7.1,7.1,0.0
2019-10-15,7.1,7.1,0.0,7.1,0.0,0.0,0.0,0.0,7.1,7.1,7.1,0.0
2019-10-16,7.1,7.1,0.0,7.1,0.0,0.0,0.0,0.0,7.1,7.1,7.1,0.0
2019-10-17,7.1,7.1,0.0,7.1,0.0,0.0,0.0,0.0,7.1,7.1,7.1,0.0
2019-10-18,7.1,7.1,0.0,7.1,0.0,0.0,0.0,0.0,7.1,7.1,7.1,0.0
2019-10-21,7.1,7.1,0.0,7.1,0.0,0.0,0.0,0.0,7.1,7.1,7.1,0.0
2019-10-22,7.1,7.1,0.0,7.1,0.0,0.0,0.0,0.0,7.1,7.1,7.1,0.0
2019-10-23,7.1,7.1,0.0,7.1,0.0,0.0,0.0,0.0,7.1,7.1,7.1,0.0
2019-10-24,7.1,7.1,0.0,7.1,0.0,0.0,0.0,0.0,7.1,7.1,7.1,0.0
2019-10-25,7.1,7.1,0.0,7.1,0.0,0.0,0.0,0.0,7.1,7.1,7.1,0.0
2019-10-28,7.1,7.1,0.0,7.1,0.0,0.0,0.0,0.0,7.1,7.1,7.1,0.0
2019-10-29,7.1,7.1,0.0,7.1,0.0,0.0,0.0,0.0,7.1,7.1,7.1,0.0
2019-10-30,7.1,7.1,0.0,7.1,0.0,0.0,0.0,0.0,7.1,7.1,7.1,0.0
2019-10-31,7.1,7.1,0.0,7.1,0.0,0.0,0.0,0.0,7.1,7.1,7.1,0.0
2019-11-01,8.0,8.0,12.6761,8.0,200.0,1600000.0,0.0,0.0,8.0,8.0,8.0,200.0
2019-11-04,8.0,8.0,0.0,8.0,0.0,0.0,0.0,0.0,8.0,8.0,8.0,0.0
2019-11-05,8.0,8.0,0.0,8.0,0.0,0.0,0.0,0.0,8.0,8.0,8.0,0.0
2019-11-06,8.0,8.0,0.0,8.0,0.0,0.0,0.0,0.0,8.0,8.0,8.0,0.0
2019-11-07,8.0,8.0,0.0,8.0,0.0,0.0,300000.0,2040000000.0,8.0,8.0,8.0,300000.0
2019-11-08,8.0,8.0,0.0,8.0,0.0,0.0,0.0,0.0,8.0,8.0,8.0,0.0
2019-11-11,8.0,8.0,0.0,8.0,0.0,0.0,0.0,0.0,8.0,8.0,8.0,0.0
2019-11-12,8.0,8.0,0.0,8.0,0.0,0.0,0.0,0.0,8.0,8.0,8.0,0.0
2019-11-13,8.0,8.0,0.0,8.0,0.0,0.0,0.0,0.0,8.0,8.0,8.0,0.0
2019-11-14,8.0,8.0,0.0,8.0,0.0,0.0,0.0,0.0,8.0,8.0,8.0,0.0
2019-11-15,8.0,8.0,0.0,8.0,0.0,0.0,0.0,0.0,8.0,8.0,8.0,0.0
2019-11-18,8.0,8.0,0.0,8.0,0.0,0.0,0.0,0.0,8.0,8.0,8.0,0.0
2019-11-19,8.0,8.0,0.0,8.0,0.0,0.0,0.0,0.0,8.0,8.0,8.0,0.0
2019-11-20,8.0,8.0,0.0,8.0,0.0,0.0,0.0,0.0,8.0,8.0,8.0,0.0
2019-11-21,8.0,8.0,0.0,8.0,0.0,0.0,0.0,0.0,8.0,8.0,8.0,0.0
2019-11-22,8.0,8.0,0.0,8.0,0.0,0.0,0.0,0.0,8.0,8.0,8.0,0.0
2019-11-25,8.0,8.0,0.0,8.0,0.0,0.0,0.0,0.0,8.0,8.0,8.0,0.0
2019-11-26,8.0,8.0,0.0,8.0,0.0,0.0,0.0,0.0,8.0,8.0,8.0,0.0
2019-11-27,8.0,8.0,0.0,8.0,0.0,0.0,0.0,0.0,8.0,8.0,8.0,0.0
2019-11-28,8.0,8.0,0.0,8.0,0.0,0.0,0.0,0.0,8.0,8.0,8.0,0.0
2019-11-29,8.0,8.0,0.0,8.0,0.0,0.0,0.0,0.0,8.0,8.0,8.0,0.0
2019-12-02,8.0,8.0,0.0,8.0,0.0,0.0,0.0,0.0,8.0,8.0,8.0,0.0
2019-12-03,8.0,8.0,0.0,8.0,0.0,0.0,0.0,0.0,8.0,8.0,8.0,0.0
2019-12-04,8.0,8.0,0.0,8.0,0.0,0.0,0.0,0.0,8.0,8.0,8.0,0.0
2019-12-05,8.0,8.0,0.0,8.0,0.0,0.0,0.0,0.0,8.0,8.0,8.0,0.0
2019-12-06,8.0,8.0,0.0,8.0,0.0,0.0,0.0,0.0,8.0,8.0,8.0,0.0
2019-12-09,8.0,8.0,0.0,8.0,0.0,0.0,0.0,0.0,8.0,8.0,8.0,0.0
2019-12-10,8.0,8.0,0.0,8.0,0.0,0.0,0.0,0.0,8.0,8.0,8.0,0.0
2019-12-11,8.0,8.0,0.0,8.0,0.0,0.0,0.0,0.0,8.0,8.0,8.0,0.0
2019-12-12,8.0,8.0,0.0,8.0,0.0,0.0,0.0,0.0,8.0,8.0,8.0,0.0
2019-12-13,8.0,8.0,0.0,8.0,0.0,0.0,0.0,0.0,8.0,8.0,8.0,0.0
2019-12-16,8.0,8.0,0.0,8.0,0.0,0.0,0.0,0.0,8.0,8.0,8.0,0.0
2019-12-17,8.0,8.0,0.0,8.0,0.0,0.0,0.0,0.0,8.0,8.0,8.0,0.0
2019-12-18,8.0,8.0,0.0,8.0,0.0,0.0,0.0,0.0,8.0,8.0,8.0,0.0
2019-12-19,8.0,8.0,0.0,8.0,0.0,0.0,0.0,0.0,8.0,8.0,8.0,0.0
2019-12-20,8.0,8.0,0.0,8.0,0.0,0.0,0.0,0.0,8.0,8.0,8.0,0.0
2019-12-23,8.0,8.0,0.0,8.0,0.0,0.0,0.0,0.0,8.0,8.0,8.0,0.0
2019-12-24,8.0,8.0,0.0,8.0,0.0,0.0,0.0,0.0,8.0,8.0,8.0,0.0
2019-12-25,8.0,8.0,0.0,8.0,0.0,0.0,0.0,0.0,8.0,8.0,8.0,0.0
2019-12-26,8.0,8.0,0.0,8.0,0.0,0.0,0.0,0.0,8.0,8.0,8.0,0.0
2019-12-27,8.0,8.0,0.0,8.0,0.0,0.0,0.0,0.0,8.0,8.0,8.0,0.0
2019-12-30,8.0,8.0,0.0,8.0,0.0,0.0,0.0,0.0,8.0,8.0,8.0,0.0
2019-12-31,8.0,8.0,0.0,8.0,0.0,0.0,0.0,0.0,8.0,8.0,8.0,0.0
2020-01-02,8.0,8.0,0.0,8.0,0.0,0.0,0.0,0.0,8.0,8.0,8.0,0.0
2020-01-03,8.0,8.0,0.0,8.0,0.0,0.0,0.0,0.0,8.0,8.0,8.0,0.0
2020-01-06,8.0,8.0,0.0,8.0,0.0,0.0,0.0,0.0,8.0,8.0,8.0,0.0
2020-01-07,8.0,8.0,0.0,8.0,0.0,0.0,0.0,0.0,8.0,8.0,8.0,0.0
2020-01-08,8.0,8.0,0.0,8.0,0.0,0.0,0.0,0.0,8.0,8.0,8.0,0.0
2020-01-09,8.0,8.0,0.0,8.0,0.0,0.0,0.0,0.0,8.0,8.0,8.0,0.0
2020-01-10,8.0,8.0,0.0,8.0,1000.0,8000000.0,0.0,0.0,8.0,8.0,8.0,1000.0
2020-01-13,8.0,8.0,0.0,8.0,0.0,0.0,0.0,0.0,8.0,8.0,8.0,0.0
2020-01-14,8.0,8.0,0.0,8.0,0.0,0.0,0.0,0.0,8.0,8.0,8.0,0.0
2020-01-15,8.0,8.0,0.0,8.0,0.0,0.0,0.0,0.0,8.0,8.0,8.0,0.0
2020-01-16,8.0,8.0,0.0,8.0,0.0,0.0,0.0,0.0,8.0,8.0,8.0,0.0
2020-01-17,8.0,8.0,0.0,8.0,0.0,0.0,0.0,0.0,8.0,8.0,8.0,0.0
2020-01-20,8.0,8.0,0.0,8.0,0.0,0.0,0.0,0.0,8.0,8.0,8.0,0.0
2020-01-21,8.0,8.0,0.0,8.0,0.0,0.0,0.0,0.0,8.0,8.0,8.0,0.0
2020-01-22,8.0,8.0,0.0,8.0,0.0,0.0,0.0,0.0,8.0,8.0,8.0,0.0
2020-01-30,8.0,8.0,0.0,8.0,0.0,0.0,0.0,0.0,8.0,8.0,8.0,0.0
2020-01-31,8.0,8.0,0.0,8.0,0.0,0.0,0.0,0.0,8.0,8.0,8.0,0.0
2020-02-03,8.0,8.0,0.0,8.0,0.0,0.0,0.0,0.0,8.0,8.0,8.0,0.0
2020-02-04,8.0,8.0,0.0,8.0,0.0,0.0,0.0,0.0,8.0,8.0,8.0,0.0
2020-02-05,8.0,8.0,0.0,8.0,0.0,0.0,0.0,0.0,8.0,8.0,8.0,0.0
2020-02-06,8.0,8.0,0.0,8.0,0.0,0.0,0.0,0.0,8.0,8.0,8.0,0.0
2020-02-07,8.0,8.0,0.0,8.0,0.0,0.0,0.0,0.0,8.0,8.0,8.0,0.0
2020-02-10,8.0,8.0,0.0,8.0,0.0,0.0,0.0,0.0,8.0,8.0,8.0,0.0
2020-02-11,8.0,8.0,0.0,8.0,0.0,0.0,0.0,0.0,8.0,8.0,8.0,0.0
2020-02-12,8.0,8.0,0.0,8.0,0.0,0.0,0.0,0.0,8.0,8.0,8.0,0.0
2020-02-13,8.0,8.0,0.0,8.0,0.0,0.0,0.0,0.0,8.0,8.0,8.0,0.0
2020-02-14,8.0,8.0,0.0,8.0,0.0,0.0,0.0,0.0,8.0,8.0,8.0,0.0
2020-02-17,8.0,8.0,0.0,8.0,0.0,0.0,0.0,0.0,8.0,8.0,8.0,0.0
2020-02-18,8.0,8.0,0.0,8.0,0.0,0.0,0.0,0.0,8.0,8.0,8.0,0.0
2020-02-19,8.0,8.0,0.0,8.0,0.0,0.0,0.0,0.0,8.0,8.0,8.0,0.0
2020-02-20,8.0,8.0,0.0,8.0,0.0,0.0,0.0,0.0,8.0,8.0,8.0,0.0
2020-02-21,8.0,8.0,0.0,8.0,0.0,0.0,0.0,0.0,8.0,8.0,8.0,0.0
2020-02-24,8.0,8.0,0.0,8.0,0.0,0.0,0.0,0.0,8.0,8.0,8.0,0.0
2020-02-25,8.0,8.0,0.0,8.0,0.0,0.0,0.0,0.0,8.0,8.0,8.0,0.0
2020-02-26,8.0,8.0,0.0,8.0,0.0,0.0,0.0,0.0,8.0,8.0,8.0,0.0
2020-02-27,8.0,8.0,0.0,8.0,0.0,0.0,0.0,0.0,8.0,8.0,8.0,0.0
2020-02-28,8.0,8.0,0.0,8.0,0.0,0.0,0.0,0.0,8.0,8.0,8.0,0.0
2020-03-02,8.0,8.0,0.0,8.0,0.0,0.0,0.0,0.0,8.0,8.0,8.0,0.0
2020-03-03,8.0,8.0,0.0,8.0,0.0,0.0,0.0,0.0,8.0,8.0,8.0,0.0
2020-03-04,8.0,8.0,0.0,8.0,0.0,0.0,0.0,0.0,8.0,8.0,8.0,0.0
2020-03-05,8.0,8.0,0.0,8.0,0.0,0.0,0.0,0.0,8.0,8.0,8.0,0.0
2020-03-06,8.0,8.0,0.0,8.0,0.0,0.0,0.0,0.0,8.0,8.0,8.0,0.0
2020-03-09,8.0,8.0,0.0,8.0,0.0,0.0,0.0,0.0,8.0,8.0,8.0,0.0
2020-03-10,8.0,8.0,0.0,8.0,0.0,0.0,0.0,0.0,8.0,8.0,8.0,0.0
2020-03-11,8.0,8.0,0.0,8.0,0.0,0.0,0.0,0.0,8.0,8.0,8.0,0.0
2020-03-12,8.0,8.0,0.0,8.0,0.0,0.0,0.0,0.0,8.0,8.0,8.0,0.0
2020-03-13,8.0,8.0,0.0,8.0,0.0,0.0,0.0,0.0,8.0,8.0,8.0,0.0
2020-03-16,8.0,8.0,0.0,8.0,0.0,0.0,0.0,0.0,8.0,8.0,8.0,0.0
2020-03-17,8.0,8.0,0.0,8.0,0.0,0.0,0.0,0.0,8.0,8.0,8.0,0.0
2020-03-18,8.0,8.0,0.0,8.0,0.0,0.0,0.0,0.0,8.0,8.0,8.0,0.0
2020-03-19,8.0,8.0,0.0,8.0,0.0,0.0,0.0,0.0,8.0,8.0,8.0,0.0
2020-03-20,8.0,8.0,0.0,8.0,0.0,0.0,0.0,0.0,8.0,8.0,8.0,0.0
2020-03-23,8.0,8.0,0.0,8.0,0.0,0.0,0.0,0.0,8.0,8.0,8.0,0.0
2020-03-24,8.0,8.0,0.0,8.0,0.0,0.0,0.0,0.0,8.0,8.0,8.0,0.0
2020-03-25,8.0,8.0,0.0,8.0,0.0,0.0,0.0,0.0,8.0,8.0,8.0,0.0
2020-03-26,8.0,8.0,0.0,8.0,0.0,0.0,0.0,0.0,8.0,8.0,8.0,0.0
2020-03-27,8.0,8.0,0.0,8.0,0.0,0.0,0.0,0.0,8.0,8.0,8.0,0.0
2020-03-30,8.0,8.0,0.0,8.0,0.0,0.0,0.0,0.0,8.0,8.0,8.0,0.0
2020-03-31,8.0,8.0,0.0,8.0,0.0,0.0,0.0,0.0,8.0,8.0,8.0,0.0
2020-04-01,8.0,8.0,0.0,8.0,0.0,0.0,0.0,0.0,8.0,8.0,8.0,0.0
2020-04-03,8.0,8.0,0.0,8.0,0.0,0.0,0.0,0.0,8.0,8.0,8.0,0.0
2020-04-06,8.0,8.0,0.0,8.0,0.0,0.0,0.0,0.0,8.0,8.0,8.0,0.0
2020-04-07,8.0,8.0,0.0,8.0,0.0,0.0,0.0,0.0,8.0,8.0,8.0,0.0
2020-04-08,8.0,8.0,0.0,8.0,0.0,0.0,0.0,0.0,8.0,8.0,8.0,0.0
2020-04-09,8.0,8.0,0.0,8.0,0.0,0.0,0.0,0.0,8.0,8.0,8.0,0.0
2020-04-10,8.0,8.0,0.0,8.0,0.0,0.0,0.0,0.0,8.0,8.0,8.0,0.0
2020-04-13,8.0,8.0,0.0,8.0,0.0,0.0,0.0,0.0,8.0,8.0,8.0,0.0
2020-04-14,8.0,8.0,0.0,8.0,0.0,0.0,0.0,0.0,8.0,8.0,8.0,0.0
2020-04-15,8.0,8.0,0.0,8.0,1100.0,8800000.0,0.0,0.0,8.0,8.0,8.0,1100.0
2020-04-16,8.0,8.0,0.0,8.0,0.0,0.0,0.0,0.0,8.0,8.0,8.0,0.0
2020-04-17,8.0,8.0,0.0,8.0,0.0,0.0,0.0,0.0,8.0,8.0,8.0,0.0
2020-04-20,8.0,8.0,0.0,8.0,0.0,0.0,0.0,0.0,8.0,8.0,8.0,0.0
2020-04-21,8.0,8.0,0.0,8.0,0.0,0.0,0.0,0.0,8.0,8.0,8.0,0.0
2020-04-22,8.0,8.0,0.0,8.0,1000.0,8000000.0,0.0,0.0,8.0,8.0,8.0,1000.0
2020-04-23,8.0,8.0,0.0,8.0,0.0,0.0,0.0,0.0,8.0,8.0,8.0,0.0
2020-04-24,8.0,8.0,0.0,8.0,0.0,0.0,0.0,0.0,8.0,8.0,8.0,0.0
2020-04-27,8.0,8.0,0.0,8.0,0.0,0.0,0.0,0.0,8.0,8.0,8.0,0.0
2020-04-28,8.0,8.0,0.0,8.0,0.0,0.0,0.0,0.0,8.0,8.0,8.0,0.0
2020-04-29,8.0,8.0,0.0,8.0,0.0,0.0,0.0,0.0,8.0,8.0,8.0,0.0
2020-05-04,8.0,8.0,0.0,8.0,0.0,0.0,0.0,0.0,8.0,8.0,8.0,0.0
2020-05-05,8.0,8.0,0.0,8.0,0.0,0.0,0.0,0.0,8.0,8.0,8.0,0.0
2020-05-06,8.0,8.0,0.0,8.0,0.0,0.0,0.0,0.0,8.0,8.0,8.0,0.0
2020-05-07,8.0,8.0,0.0,8.0,0.0,0.0,0.0,0.0,8.0,8.0,8.0,0.0
2020-05-08,8.0,8.0,0.0,8.0,0.0,0.0,0.0,0.0,8.0,8.0,8.0,0.0
2020-05-11,8.0,8.0,0.0,8.0,0.0,0.0,0.0,0.0,8.0,8.0,8.0,0.0
2020-05-12,8.0,8.0,0.0,8.0,0.0,0.0,0.0,0.0,8.0,8.0,8.0,0.0
2020-05-13,8.0,8.0,0.0,8.0,0.0,0.0,0.0,0.0,8.0,8.0,8.0,0.0
2020-05-14,8.0,8.0,0.0,8.0,0.0,0.0,0.0,0.0,8.0,8.0,8.0,0.0
2020-05-15,8.0,8.0,0.0,8.0,0.0,0.0,0.0,0.0,8.0,8.0,8.0,0.0
2020-05-18,8.0,8.0,0.0,8.0,0.0,0.0,0.0,0.0,8.0,8.0,8.0,0.0
2020-05-19,8.0,8.0,0.0,8.0,0.0,0.0,0.0,0.0,8.0,8.0,8.0,0.0
2020-05-20,8.4,8.4,5.0,8.4,200.0,1680000.0,0.0,0.0,8.4,8.4,8.4,200.0
2020-05-21,8.4,8.4,0.0,8.4,0.0,0.0,0.0,0.0,8.4,8.4,8.4,0.0
2020-05-22,8.4,8.4,0.0,8.4,0.0,0.0,0.0,0.0,8.4,8.4,8.4,0.0
2020-05-25,8.4,8.4,0.0,8.4,0.0,0.0,0.0,0.0,8.4,8.4,8.4,0.0
2020-05-26,8.4,8.4,0.0,8.4,0.0,0.0,0.0,0.0,8.4,8.4,8.4,0.0
2020-05-27,8.4,8.4,0.0,8.4,0.0,0.0,0.0,0.0,8.4,8.4,8.4,0.0
2020-05-28,8.4,8.4,0.0,8.4,0.0,0.0,0.0,0.0,8.4,8.4,8.4,0.0
2020-05-29,8.4,8.4,0.0,8.4,0.0,0.0,0.0,0.0,8.4,8.4,8.4,0.0
2020-06-01,8.4,8.4,0.0,8.4,0.0,0.0,0.0,0.0,8.4,8.4,8.4,0.0
2020-06-02,8.4,8.4,0.0,8.4,0.0,0.0,0.0,0.0,8.4,8.4,8.4,0.0
2020-06-03,8.4,8.4,0.0,8.4,0.0,0.0,0.0,0.0,8.4,8.4,8.4,0.0
2020-06-04,8.4,8.4,0.0,8.4,0.0,0.0,0.0,0.0,8.4,8.4,8.4,0.0
2020-06-05,8.4,8.4,0.0,8.4,0.0,0.0,0.0,0.0,8.4,8.4,8.4,0.0
2020-06-08,8.4,8.4,0.0,8.4,0.0,0.0,0.0,0.0,8.4,8.4,8.4,0.0
2020-06-09,8.4,8.4,0.0,8.4,0.0,0.0,0.0,0.0,8.4,8.4,8.4,0.0
2020-06-10,8.4,8.4,0.0,8.4,0.0,0.0,0.0,0.0,8.4,8.4,8.4,0.0
2020-06-11,8.4,8.4,0.0,8.4,0.0,0.0,0.0,0.0,8.4,8.4,8.4,0.0
2020-06-12,8.4,8.4,0.0,8.4,0.0,0.0,0.0,0.0,8.4,8.4,8.4,0.0
2020-06-15,8.4,8.4,0.0,8.4,0.0,0.0,0.0,0.0,8.4,8.4,8.4,0.0
2020-06-16,8.4,8.4,0.0,8.4,0.0,0.0,0.0,0.0,8.4,8.4,8.4,0.0
2020-06-17,8.4,8.4,0.0,8.4,0.0,0.0,0.0,0.0,8.4,8.4,8.4,0.0
2020-06-18,8.4,8.4,0.0,8.4,0.0,0.0,0.0,0.0,8.4,8.4,8.4,0.0
2020-06-19,8.4,8.4,0.0,8.4,0.0,0.0,0.0,0.0,8.4,8.4,8.4,0.0
2020-06-22,8.4,8.4,0.0,8.4,0.0,0.0,0.0,0.0,8.4,8.4,8.4,0.0
2020-06-23,8.4,8.4,0.0,8.4,0.0,0.0,0.0,0.0,8.4,8.4,8.4,0.0
2020-06-24,8.4,8.4,0.0,8.4,0.0,0.0,0.0,0.0,8.4,8.4,8.4,0.0
2020-06-25,7.2,7.2,-14.2857,7.2,1000.0,7200000.0,0.0,0.0,7.2,7.2,7.2,1000.0
2020-06-26,7.2,7.2,0.0,7.2,1000.0,7200000.0,0.0,0.0,7.2,7.2,7.2,1000.0
2020-06-29,7.2,7.2,0.0,7.2,0.0,0.0,0.0,0.0,7.2,7.2,7.2,0.0
2020-06-30,7.2,7.2,0.0,7.2,0.0,0.0,0.0,0.0,7.2,7.2,7.2,0.0
2020-07-01,7.2,7.2,0.0,7.2,0.0,0.0,0.0,0.0,7.2,7.2,7.2,0.0
2020-07-02,7.2,7.2,0.0,7.2,0.0,0.0,0.0,0.0,7.2,7.2,7.2,0.0
2020-07-03,7.2,7.2,0.0,7.2,0.0,0.0,0.0,0.0,7.2,7.2,7.2,0.0
2020-07-06,7.2,7.2,0.0,7.2,0.0,0.0,0.0,0.0,7.2,7.2,7.2,0.0
2020-07-07,7.2,7.2,0.0,7.2,0.0,0.0,0.0,0.0,7.2,7.2,7.2,0.0
2020-07-08,7.2,7.2,0.0,7.2,0.0,0.0,0.0,0.0,7.2,7.2,7.2,0.0
2020-07-09,7.2,7.2,0.0,7.2,0.0,0.0,0.0,0.0,7.2,7.2,7.2,0.0
2020-07-10,7.2,7.2,0.0,7.2,0.0,0.0,0.0,0.0,7.2,7.2,7.2,0.0
2020-07-13,7.2,7.2,0.0,7.2,0.0,0.0,0.0,0.0,7.2,7.2,7.2,0.0
2020-07-14,7.0,7.0,-2.7778,7.0,400.0,2800000.0,0.0,0.0,7.0,7.0,7.0,400.0
2020-07-15,7.0,7.0,0.0,7.0,0.0,0.0,0.0,0.0,7.0,7.0,7.0,0.0
2020-07-16,7.0,7.0,0.0,7.0,0.0,0.0,0.0,0.0,7.0,7.0,7.0,0.0
2020-07-17,7.0,7.0,0.0,7.0,0.0,0.0,0.0,0.0,7.0,7.0,7.0,0.0
2020-07-20,7.0,7.0,0.0,7.0,0.0,0.0,0.0,0.0,7.0,7.0,7.0,0.0
2020-07-21,7.0,7.0,0.0,7.0,0.0,0.0,0.0,0.0,7.0,7.0,7.0,0.0
2020-07-22,8.0,8.0,14.2857,8.0,100.0,800000.0,0.0,0.0,8.0,8.0,8.0,100.0
2020-07-23,8.0,8.0,0.0,8.0,0.0,0.0,0.0,0.0,8.0,8.0,8.0,0.0
2020-07-24,8.0,8.0,0.0,8.0,0.0,0.0,0.0,0.0,8.0,8.0,8.0,0.0
2020-07-27,8.0,8.0,0.0,8.0,0.0,0.0,0.0,0.0,8.0,8.0,8.0,0.0
2020-07-28,8.0,8.0,0.0,8.0,0.0,0.0,0.0,0.0,8.0,8.0,8.0,0.0
2020-07-29,8.0,8.0,0.0,8.0,0.0,0.0,0.0,0.0,8.0,8.0,8.0,0.0
2020-07-30,8.0,8.0,0.0,8.0,0.0,0.0,0.0,0.0,8.0,8.0,8.0,0.0
2020-07-31,8.0,8.0,0.0,8.0,0.0,0.0,0.0,0.0,8.0,8.0,8.0,0.0
2020-08-03,8.0,8.0,0.0,8.0,0.0,0.0,0.0,0.0,8.0,8.0,8.0,0.0
2020-08-04,8.0,8.0,0.0,8.0,0.0,0.0,0.0,0.0,8.0,8.0,8.0,0.0
2020-08-05,8.0,8.0,0.0,8.0,0.0,0.0,0.0,0.0,8.0,8.0,8.0,0.0
2020-08-06,8.0,8.0,0.0,8.0,0.0,0.0,0.0,0.0,8.0,8.0,8.0,0.0
2020-08-07,8.0,8.0,0.0,8.0,0.0,0.0,0.0,0.0,8.0,8.0,8.0,0.0
2020-08-10,8.0,8.0,0.0,8.0,0.0,0.0,0.0,0.0,8.0,8.0,8.0,0.0
2020-08-11,8.0,8.0,0.0,8.0,0.0,0.0,0.0,0.0,8.0,8.0,8.0,0.0
2020-08-12,8.0,8.0,0.0,8.0,0.0,0.0,0.0,0.0,8.0,8.0,8.0,0.0
2020-08-13,8.0,8.0,0.0,8.0,0.0,0.0,0.0,0.0,8.0,8.0,8.0,0.0
2020-08-14,8.0,8.0,0.0,8.0,0.0,0.0,0.0,0.0,8.0,8.0,8.0,0.0
2020-08-17,8.0,8.0,0.0,8.0,0.0,0.0,0.0,0.0,8.0,8.0,8.0,0.0
2020-08-18,8.0,8.0,0.0,8.0,0.0,0.0,0.0,0.0,8.0,8.0,8.0,0.0
2020-08-19,8.0,8.0,0.0,8.0,0.0,0.0,0.0,0.0,8.0,8.0,8.0,0.0
2020-08-20,8.0,8.0,0.0,8.0,0.0,0.0,0.0,0.0,8.0,8.0,8.0,0.0
2020-08-21,8.0,8.0,0.0,8.0,0.0,0.0,0.0,0.0,8.0,8.0,8.0,0.0
2020-08-24,8.0,8.0,0.0,8.0,0.0,0.0,0.0,0.0,8.0,8.0,8.0,0.0
2020-08-25,8.0,8.0,0.0,8.0,0.0,0.0,0.0,0.0,8.0,8.0,8.0,0.0
2020-08-26,8.0,8.0,0.0,8.0,0.0,0.0,0.0,0.0,8.0,8.0,8.0,0.0
2020-08-27,8.0,8.0,0.0,8.0,0.0,0.0,0.0,0.0,8.0,8.0,8.0,0.0
2020-08-28,8.0,8.0,0.0,8.0,0.0,0.0,0.0,0.0,8.0,8.0,8.0,0.0
2020-08-31,8.0,8.0,0.0,8.0,0.0,0.0,0.0,0.0,8.0,8.0,8.0,0.0
2020-09-01,10.0,10.0,25.0,10.0,100.0,1000000.0,0.0,0.0,10.0,10.0,10.0,100.0
2020-09-03,10.0,10.0,0.0,10.0,0.0,0.0,0.0,0.0,10.0,10.0,10.0,0.0
2020-09-04,10.0,10.0,0.0,10.0,0.0,0.0,0.0,0.0,10.0,10.0,10.0,0.0
2020-09-07,10.0,10.0,0.0,10.0,0.0,0.0,0.0,0.0,10.0,10.0,10.0,0.0
2020-09-08,10.0,10.0,0.0,10.0,0.0,0.0,0.0,0.0,10.0,10.0,10.0,0.0
2020-09-09,10.0,10.0,0.0,10.0,0.0,0.0,0.0,0.0,10.0,10.0,10.0,0.0
2020-09-10,10.0,10.0,0.0,10.0,0.0,0.0,0.0,0.0,10.0,10.0,10.0,0.0
2020-09-11,10.0,10.0,0.0,10.0,0.0,0.0,0.0,0.0,10.0,10.0,10.0,0.0
2020-09-14,10.0,10.0,0.0,10.0,0.0,0.0,0.0,0.0,10.0,10.0,10.0,0.0
2020-09-15,10.0,10.0,0.0,10.0,0.0,0.0,0.0,0.0,10.0,10.0,10.0,0.0
2020-09-16,10.0,10.0,0.0,10.0,0.0,0.0,0.0,0.0,10.0,10.0,10.0,0.0
2020-09-17,10.0,10.0,0.0,10.0,0.0,0.0,0.0,0.0,10.0,10.0,10.0,0.0
2020-09-18,10.0,10.0,0.0,10.0,0.0,0.0,0.0,0.0,10.0,10.0,10.0,0.0
2020-09-21,10.0,10.0,0.0,10.0,0.0,0.0,0.0,0.0,10.0,10.0,10.0,0.0
2020-09-22,10.0,10.0,0.0,10.0,0.0,0.0,0.0,0.0,10.0,10.0,10.0,0.0
2020-09-23,10.0,10.0,0.0,10.0,0.0,0.0,0.0,0.0,10.0,10.0,10.0,0.0
2020-09-24,10.0,10.0,0.0,10.0,0.0,0.0,0.0,0.0,10.0,10.0,10.0,0.0
2020-09-25,10.0,10.0,0.0,10.0,0.0,0.0,0.0,0.0,10.0,10.0,10.0,0.0
2020-09-28,10.0,10.0,0.0,10.0,0.0,0.0,0.0,0.0,10.0,10.0,10.0,0.0
2020-09-29,10.0,10.0,0.0,10.0,0.0,0.0,0.0,0.0,10.0,10.0,10.0,0.0
2020-09-30,10.0,10.0,0.0,10.0,0.0,0.0,0.0,0.0,10.0,10.0,10.0,0.0
2020-10-01,10.0,10.0,0.0,10.0,0.0,0.0,0.0,0.0,10.0,10.0,10.0,0.0
2020-10-02,10.0,10.0,0.0,10.0,0.0,0.0,0.0,0.0,10.0,10.0,10.0,0.0
2020-10-05,10.0,10.0,0.0,10.0,0.0,0.0,0.0,0.0,10.0,10.0,10.0,0.0
2020-10-06,10.0,10.0,0.0,10.0,0.0,0.0,0.0,0.0,10.0,10.0,10.0,0.0
2020-10-07,10.0,10.0,0.0,10.0,0.0,0.0,0.0,0.0,10.0,10.0,10.0,0.0
2020-10-08,10.0,10.0,0.0,10.0,0.0,0.0,0.0,0.0,10.0,10.0,10.0,0.0
2020-10-09,10.0,10.0,0.0,10.0,0.0,0.0,0.0,0.0,10.0,10.0,10.0,0.0
2020-10-12,10.0,10.0,0.0,10.0,0.0,0.0,0.0,0.0,10.0,10.0,10.0,0.0
2020-10-13,10.0,10.0,0.0,10.0,0.0,0.0,0.0,0.0,10.0,10.0,10.0,0.0
2020-10-14,10.0,10.0,0.0,10.0,0.0,0.0,0.0,0.0,10.0,10.0,10.0,0.0
2020-10-15,10.0,10.0,0.0,10.0,0.0,0.0,0.0,0.0,10.0,10.0,10.0,0.0
2020-10-16,10.0,10.0,0.0,10.0,0.0,0.0,0.0,0.0,10.0,10.0,10.0,0.0
2020-10-19,10.0,10.0,0.0,10.0,0.0,0.0,0.0,0.0,10.0,10.0,10.0,0.0
2020-10-20,14.0,14.0,40.0,14.0,100.0,1400000.0,0.0,0.0,14.0,14.0,14.0,100.0
2020-10-21,11.9,11.9,-15.0,11.9,100.0,1190000.0,0.0,0.0,11.9,11.9,11.9,100.0
2020-10-22,11.9,11.9,0.0,11.9,0.0,0.0,0.0,0.0,11.9,11.9,11.9,0.0
2020-10-23,11.9,11.9,0.0,11.9,0.0,0.0,0.0,0.0,11.9,11.9,11.9,0.0
2020-10-26,11.9,11.9,0.0,11.9,0.0,0.0,0.0,0.0,11.9,11.9,11.9,0.0
2020-10-27,11.9,11.9,0.0,11.9,0.0,0.0,0.0,0.0,11.9,11.9,11.9,0.0
2020-10-28,11.9,11.9,0.0,11.9,0.0,0.0,0.0,0.0,11.9,11.9,11.9,0.0
2020-10-29,11.9,11.9,0.0,11.9,0.0,0.0,0.0,0.0,11.9,11.9,11.9,0.0
2020-10-30,11.9,11.9,0.0,11.9,0.0,0.0,0.0,0.0,11.9,11.9,11.9,0.0
2020-11-02,11.9,11.9,0.0,11.9,0.0,0.0,0.0,0.0,11.9,11.9,11.9,0.0
2020-11-03,11.9,11.9,0.0,11.9,0.0,0.0,0.0,0.0,11.9,11.9,11.9,0.0
2020-11-04,11.9,11.9,0.0,11.9,0.0,0.0,0.0,0.0,11.9,11.9,11.9,0.0
2020-11-05,11.9,11.9,0.0,11.9,0.0,0.0,0.0,0.0,11.9,11.9,11.9,0.0
2020-11-06,11.9,11.9,0.0,11.9,0.0,0.0,0.0,0.0,11.9,11.9,11.9,0.0
2020-11-09,11.9,11.9,0.0,11.9,0.0,0.0,0.0,0.0,11.9,11.9,11.9,0.0
2020-11-10,11.9,11.9,0.0,11.9,0.0,0.0,0.0,0.0,11.9,11.9,11.9,0.0
2020-11-11,11.9,11.9,0.0,11.9,0.0,0.0,0.0,0.0,11.9,11.9,11.9,0.0
2020-11-12,11.9,11.9,0.0,11.9,0.0,0.0,0.0,0.0,11.9,11.9,11.9,0.0
2020-11-13,11.9,11.9,0.0,11.9,0.0,0.0,0.0,0.0,11.9,11.9,11.9,0.0
2020-11-16,11.9,11.9,0.0,11.9,0.0,0.0,0.0,0.0,11.9,11.9,11.9,0.0
2020-11-17,11.9,11.9,0.0,11.9,0.0,0.0,0.0,0.0,11.9,11.9,11.9,0.0
2020-11-18,11.9,11.9,0.0,11.9,0.0,0.0,0.0,0.0,11.9,11.9,11.9,0.0
2020-11-19,11.9,11.9,0.0,11.9,0.0,0.0,0.0,0.0,11.9,11.9,11.9,0.0
2020-11-20,11.9,11.9,0.0,11.9,0.0,0.0,0.0,0.0,11.9,11.9,11.9,0.0
2020-11-23,11.9,11.9,0.0,11.9,0.0,0.0,0.0,0.0,11.9,11.9,11.9,0.0
2020-11-24,11.9,11.9,0.0,11.9,0.0,0.0,0.0,0.0,11.9,11.9,11.9,0.0
2020-11-25,11.9,11.9,0.0,11.9,0.0,0.0,0.0,0.0,11.9,11.9,11.9,0.0
2020-11-26,11.9,11.9,0.0,11.9,0.0,0.0,0.0,0.0,11.9,11.9,11.9,0.0
2020-11-27,11.9,11.9,0.0,11.9,0.0,0.0,0.0,0.0,11.9,11.9,11.9,0.0
2020-11-30,11.9,11.9,0.0,11.9,0.0,0.0,0.0,0.0,11.9,11.9,11.9,0.0
2020-12-01,11.9,11.9,0.0,11.9,0.0,0.0,0.0,0.0,11.9,11.9,11.9,0.0
2020-12-02,11.9,11.9,0.0,11.9,0.0,0.0,0.0,0.0,11.9,11.9,11.9,0.0
2020-12-03,11.9,11.9,0.0,11.9,0.0,0.0,0.0,0.0,11.9,11.9,11.9,0.0
2020-12-04,10.0,10.0,-15.9664,10.0,5000.0,50000000.0,0.0,0.0,10.0,10.0,10.0,5000.0
2020-12-07,10.0,10.0,0.0,10.0,0.0,0.0,0.0,0.0,10.0,10.0,10.0,0.0
2020-12-08,10.0,10.0,0.0,10.0,0.0,0.0,0.0,0.0,10.0,10.0,10.0,0.0
2020-12-09,10.0,10.0,0.0,10.0,0.0,0.0,0.0,0.0,10.0,10.0,10.0,0.0
2020-12-10,10.0,10.0,0.0,10.0,0.0,0.0,0.0,0.0,10.0,10.0,10.0,0.0
2020-12-11,10.0,10.0,0.0,10.0,0.0,0.0,0.0,0.0,10.0,10.0,10.0,0.0
2020-12-14,9.5,9.5,-5.0,9.5,1700.0,16150000.0,0.0,0.0,9.5,9.5,9.5,1700.0
2020-12-15,9.5,9.5,0.0,9.5,0.0,0.0,0.0,0.0,9.5,9.5,9.5,0.0
2020-12-16,9.5,9.5,0.0,9.5,0.0,0.0,0.0,0.0,9.5,9.5,9.5,0.0
2020-12-17,9.5,9.5,0.0,9.5,0.0,0.0,0.0,0.0,9.5,9.5,9.5,0.0
2020-12-18,9.5,9.5,0.0,9.5,0.0,0.0,0.0,0.0,9.5,9.5,9.5,0.0
2020-12-21,9.5,9.5,0.0,9.5,0.0,0.0,0.0,0.0,9.5,9.5,9.5,0.0
2020-12-22,9.5,9.5,0.0,9.5,1900.0,18050000.0,0.0,0.0,9.5,9.5,9.5,1900.0
2020-12-23,10.9,10.9,14.7368,10.9,100.0,1090000.0,0.0,0.0,10.9,10.9,10.9,100.0
2020-12-24,10.9,10.9,0.0,10.9,0.0,0.0,0.0,0.0,10.9,10.9,10.9,0.0
2020-12-25,10.9,10.9,0.0,10.9,0.0,0.0,0.0,0.0,10.9,10.9,10.9,0.0
2020-12-28,10.9,10.9,0.0,10.9,0.0,0.0,0.0,0.0,10.9,10.9,10.9,0.0
2020-12-29,10.9,10.9,0.0,10.9,0.0,0.0,0.0,0.0,10.9,10.9,10.9,0.0
2020-12-30,10.9,10.9,0.0,10.9,0.0,0.0,0.0,0.0,10.9,10.9,10.9,0.0
2020-12-31,10.9,10.9,0.0,10.9,0.0,0.0,0.0,0.0,10.9,10.9,10.9,0.0
2021-01-04,10.9,10.9,0.0,10.9,0.0,0.0,0.0,0.0,10.9,10.9,10.9,0.0
2021-01-05,10.9,10.9,0.0,10.9,0.0,0.0,0.0,0.0,10.9,10.9,10.9,0.0
2021-01-06,10.9,10.9,0.0,10.9,0.0,0.0,0.0,0.0,10.9,10.9,10.9,0.0
2021-01-07,10.9,10.9,0.0,10.9,0.0,0.0,0.0,0.0,10.9,10.9,10.9,0.0
2021-01-08,10.9,10.9,0.0,10.9,0.0,0.0,0.0,0.0,10.9,10.9,10.9,0.0
2021-01-11,10.9,10.9,0.0,10.9,0.0,0.0,0.0,0.0,10.9,10.9,10.9,0.0
2021-01-12,10.9,10.9,0.0,10.9,0.0,0.0,0.0,0.0,10.9,10.9,10.9,0.0
2021-01-13,10.9,10.9,0.0,10.9,0.0,0.0,0.0,0.0,10.9,10.9,10.9,0.0
2021-01-14,10.9,10.9,0.0,10.9,0.0,0.0,0.0,0.0,10.9,10.9,10.9,0.0
2021-01-15,10.9,10.9,0.0,10.9,0.0,0.0,0.0,0.0,10.9,10.9,10.9,0.0
2021-01-18,10.9,10.9,0.0,10.9,0.0,0.0,0.0,0.0,10.9,10.9,10.9,0.0
2021-01-19,10.9,10.9,0.0,10.9,0.0,0.0,0.0,0.0,10.9,10.9,10.9,0.0
2021-01-20,10.9,10.9,0.0,10.9,0.0,0.0,0.0,0.0,10.9,10.9,10.9,0.0
2021-01-21,10.9,10.9,0.0,10.9,0.0,0.0,0.0,0.0,10.9,10.9,10.9,0.0
2021-01-22,9.3,9.3,-14.6789,9.3,1000.0,9300000.0,0.0,0.0,9.3,9.3,9.3,1000.0
2021-01-25,9.3,9.3,0.0,9.3,0.0,0.0,0.0,0.0,9.3,9.3,9.3,0.0
2021-01-26,9.3,9.3,0.0,9.3,0.0,0.0,0.0,0.0,9.3,9.3,9.3,0.0
2021-01-27,8.0,8.0,-13.9785,8.0,3500.0,28000000.0,0.0,0.0,8.0,8.0,8.0,3500.0
2021-01-28,6.8,6.8,-15.0,6.8,900.0,6120000.0,0.0,0.0,6.8,6.8,6.8,900.0
2021-01-29,6.8,6.8,0.0,6.8,0.0,0.0,0.0,0.0,6.8,6.8,6.8,0.0
2021-02-01,6.8,6.8,0.0,6.8,0.0,0.0,0.0,0.0,6.8,6.8,6.8,0.0
2021-02-02,6.8,6.8,0.0,6.8,4000.0,27200000.0,0.0,0.0,6.8,6.8,6.8,4000.0
2021-02-03,6.8,6.8,0.0,6.8,0.0,0.0,0.0,0.0,6.8,6.8,6.8,0.0
2021-02-04,6.8,6.8,0.0,6.8,0.0,0.0,0.0,0.0,6.8,6.8,6.8,0.0
2021-02-05,6.8,6.8,0.0,6.8,0.0,0.0,0.0,0.0,6.8,6.8,6.8,0.0
2021-02-08,6.8,6.8,0.0,6.8,0.0,0.0,0.0,0.0,6.8,6.8,6.8,0.0
2021-02-09,6.8,6.8,0.0,6.8,0.0,0.0,0.0,0.0,6.8,6.8,6.8,0.0
2021-02-17,6.8,6.8,0.0,6.8,0.0,0.0,0.0,0.0,6.8,6.8,6.8,0.0
2021-02-18,6.8,6.8,0.0,6.8,0.0,0.0,0.0,0.0,6.8,6.8,6.8,0.0
2021-02-19,6.8,6.8,0.0,6.8,0.0,0.0,0.0,0.0,6.8,6.8,6.8,0.0
2021-02-22,6.8,6.8,0.0,6.8,0.0,0.0,0.0,0.0,6.8,6.8,6.8,0.0
2021-02-23,6.8,6.8,0.0,6.8,0.0,0.0,0.0,0.0,6.8,6.8,6.8,0.0
2021-02-24,6.8,6.8,0.0,6.8,0.0,0.0,0.0,0.0,6.8,6.8,6.8,0.0
2021-02-25,6.8,6.8,0.0,6.8,0.0,0.0,0.0,0.0,6.8,6.8,6.8,0.0
2021-02-26,6.8,6.8,0.0,6.8,0.0,0.0,0.0,0.0,6.8,6.8,6.8,0.0
2021-03-01,7.8,7.8,14.7059,7.8,500.0,3900000.0,0.0,0.0,7.8,7.8,7.8,500.0
2021-03-02,7.8,7.8,0.0,7.8,0.0,0.0,0.0,0.0,7.8,7.8,7.8,0.0
2021-03-03,7.8,7.8,0.0,7.8,0.0,0.0,0.0,0.0,7.8,7.8,7.8,0.0
2021-03-04,7.8,7.8,0.0,7.8,0.0,0.0,0.0,0.0,7.8,7.8,7.8,0.0
2021-03-05,7.8,7.8,0.0,7.8,0.0,0.0,0.0,0.0,7.8,7.8,7.8,0.0
2021-03-08,7.8,7.8,0.0,7.8,0.0,0.0,0.0,0.0,7.8,7.8,7.8,0.0
2021-03-09,7.0,7.0,-10.2564,7.0,1000.0,7000000.0,0.0,0.0,7.0,7.0,7.0,1000.0
2021-03-10,7.0,7.0,0.0,7.0,0.0,0.0,0.0,0.0,7.0,7.0,7.0,0.0
2021-03-11,7.0,7.0,0.0,7.0,0.0,0.0,0.0,0.0,7.0,7.0,7.0,0.0
2021-03-12,7.0,7.0,0.0,7.0,0.0,0.0,0.0,0.0,7.0,7.0,7.0,0.0
2021-03-15,7.0,7.0,0.0,7.0,0.0,0.0,0.0,0.0,7.0,7.0,7.0,0.0
2021-03-16,7.0,7.0,0.0,7.0,0.0,0.0,0.0,0.0,7.0,7.0,7.0,0.0
2021-03-17,7.0,7.0,0.0,7.0,0.0,0.0,0.0,0.0,7.0,7.0,7.0,0.0
2021-03-18,7.0,7.0,0.0,7.0,0.0,0.0,0.0,0.0,7.0,7.0,7.0,0.0
2021-03-19,7.0,7.0,0.0,7.0,0.0,0.0,0.0,0.0,7.0,7.0,7.0,0.0
2021-03-22,7.0,7.0,0.0,7.0,0.0,0.0,0.0,0.0,7.0,7.0,7.0,0.0
2021-03-23,7.0,7.0,0.0,7.0,0.0,0.0,0.0,0.0,7.0,7.0,7.0,0.0
2021-03-24,7.0,7.0,0.0,7.0,0.0,0.0,0.0,0.0,7.0,7.0,7.0,0.0
2021-03-25,8.0,8.0,14.2857,8.0,100.0,800000.0,0.0,0.0,8.0,8.0,8.0,100.0
2021-03-26,8.0,8.0,0.0,8.0,0.0,0.0,0.0,0.0,8.0,8.0,8.0,0.0
2021-03-29,8.0,8.0,0.0,8.0,0.0,0.0,0.0,0.0,8.0,8.0,8.0,0.0
2021-03-30,8.0,8.0,0.0,8.0,0.0,0.0,0.0,0.0,8.0,8.0,8.0,0.0
2021-03-31,8.0,8.0,0.0,8.0,0.0,0.0,0.0,0.0,8.0,8.0,8.0,0.0
2021-04-01,8.0,8.0,0.0,8.0,0.0,0.0,0.0,0.0,8.0,8.0,8.0,0.0
2021-04-02,8.0,8.0,0.0,8.0,0.0,0.0,0.0,0.0,8.0,8.0,8.0,0.0
2021-04-05,8.0,8.0,0.0,8.0,0.0,0.0,0.0,0.0,8.0,8.0,8.0,0.0
2021-04-06,8.0,8.0,0.0,8.0,0.0,0.0,0.0,0.0,8.0,8.0,8.0,0.0
2021-04-07,8.5,8.5,6.25,8.5,500.0,4250000.0,0.0,0.0,8.5,8.5,8.5,500.0
2021-04-08,8.5,8.5,0.0,8.5,0.0,0.0,0.0,0.0,8.5,8.5,8.5,0.0
2021-04-09,9.2,9.2,8.2353,9.2,100.0,920000.0,0.0,0.0,9.2,9.2,9.2,100.0
2021-04-12,9.2,9.2,0.0,9.2,0.0,0.0,0.0,0.0,9.2,9.2,9.2,0.0
2021-04-13,9.2,9.2,0.0,9.2,0.0,0.0,0.0,0.0,9.2,9.2,9.2,0.0
2021-04-14,7.9,7.9,-14.1304,7.9,100.0,790000.0,0.0,0.0,7.9,7.9,7.9,100.0
2021-04-15,7.9,7.9,0.0,7.9,100.0,790000.0,0.0,0.0,7.9,7.9,7.9,100.0
2021-04-16,7.9,7.9,0.0,7.9,0.0,0.0,0.0,0.0,7.9,7.9,7.9,0.0
2021-04-19,7.9,7.9,0.0,7.9,0.0,0.0,0.0,0.0,7.9,7.9,7.9,0.0
2021-04-20,7.9,7.9,0.0,7.9,0.0,0.0,0.0,0.0,7.9,7.9,7.9,0.0
2021-04-22,7.9,7.9,0.0,7.9,0.0,0.0,0.0,0.0,7.9,7.9,7.9,0.0
2021-04-23,7.9,7.9,0.0,7.9,0.0,0.0,0.0,0.0,7.9,7.9,7.9,0.0
2021-04-26,7.9,7.9,0.0,7.9,0.0,0.0,0.0,0.0,7.9,7.9,7.9,0.0
2021-04-27,7.9,7.9,0.0,7.9,0.0,0.0,0.0,0.0,7.9,7.9,7.9,0.0
2021-04-28,7.9,7.9,0.0,7.9,0.0,0.0,0.0,0.0,7.9,7.9,7.9,0.0
2021-04-29,7.9,7.9,0.0,7.9,0.0,0.0,0.0,0.0,7.9,7.9,7.9,0.0
2021-05-04,6.8,6.8,-13.9241,6.8,100.0,680000.0,0.0,0.0,6.8,6.8,6.8,100.0
2021-05-05,6.8,6.8,0.0,6.8,0.0,0.0,0.0,0.0,6.8,6.8,6.8,0.0
2021-05-06,6.8,6.8,0.0,6.8,2000.0,13600000.0,0.0,0.0,6.8,6.8,6.8,2000.0
2021-05-07,6.8,6.8,0.0,6.8,0.0,0.0,0.0,0.0,6.8,6.8,6.8,0.0
2021-05-10,7.8,7.8,14.7059,7.65,200.0,1530000.0,0.0,0.0,7.5,7.8,7.5,200.0
2021-05-11,7.7,7.7,0.0,7.7,0.0,0.0,0.0,0.0,7.7,7.7,7.7,0.0
2021-05-12,7.7,7.7,0.0,7.7,0.0,0.0,0.0,0.0,7.7,7.7,7.7,0.0
2021-05-13,6.6,6.6,-14.2857,6.65,200.0,1330000.0,0.0,0.0,6.7,6.7,6.6,200.0
2021-05-14,6.7,6.7,0.0,6.7,0.0,0.0,0.0,0.0,6.7,6.7,6.7,0.0
2021-05-17,6.7,6.7,0.0,6.7,0.0,0.0,0.0,0.0,6.7,6.7,6.7,0.0
2021-05-18,6.7,6.7,0.0,6.7,50.0,335000.0,0.0,0.0,6.7,6.7,6.7,50.0
2021-05-19,6.7,6.7,0.0,6.7,0.0,0.0,0.0,0.0,6.7,6.7,6.7,0.0
2021-05-20,6.7,6.7,0.0,6.7,0.0,0.0,0.0,0.0,6.7,6.7,6.7,0.0
2021-05-21,6.7,6.7,0.0,6.7,0.0,0.0,0.0,0.0,6.7,6.7,6.7,0.0
2021-05-24,6.7,6.7,0.0,6.7,0.0,0.0,0.0,0.0,6.7,6.7,6.7,0.0
2021-05-25,6.7,6.7,0.0,6.7,0.0,0.0,0.0,0.0,6.7,6.7,6.7,0.0
2021-05-26,6.7,6.7,0.0,6.7,0.0,0.0,0.0,0.0,6.7,6.7,6.7,0.0
2021-05-27,6.7,6.7,0.0,6.7,0.0,0.0,0.0,0.0,6.7,6.7,6.7,0.0
2021-05-28,6.7,6.7,0.0,6.7,0.0,0.0,0.0,0.0,6.7,6.7,6.7,0.0
2021-05-31,6.7,6.7,0.0,6.7,0.0,0.0,0.0,0.0,6.7,6.7,6.7,0.0
2021-06-01,6.7,6.7,0.0,6.7,0.0,0.0,0.0,0.0,6.7,6.7,6.7,0.0
2021-06-02,6.7,6.7,0.0,6.7,0.0,0.0,0.0,0.0,6.7,6.7,6.7,0.0
2021-06-03,6.7,6.7,0.0,6.7,0.0,0.0,0.0,0.0,6.7,6.7,6.7,0.0
2021-06-04,6.7,6.7,0.0,6.7,0.0,0.0,0.0,0.0,6.7,6.7,6.7,0.0
2021-06-07,6.7,6.7,0.0,6.7,0.0,0.0,0.0,0.0,6.7,6.7,6.7,0.0
2021-06-08,6.7,6.7,0.0,6.7,0.0,0.0,0.0,0.0,6.7,6.7,6.7,0.0
2021-06-09,6.7,6.7,0.0,6.7,0.0,0.0,0.0,0.0,6.7,6.7,6.7,0.0
2021-06-10,6.7,6.7,0.0,6.7,0.0,0.0,0.0,0.0,6.7,6.7,6.7,0.0
2021-06-11,6.7,6.7,0.0,6.7,0.0,0.0,0.0,0.0,6.7,6.7,6.7,0.0
2021-06-14,5.7,5.7,-14.9254,5.7,2000.0,11400000.0,0.0,0.0,5.7,5.7,5.7,2000.0
2021-06-15,5.7,5.7,0.0,5.7,0.0,0.0,0.0,0.0,5.7,5.7,5.7,0.0
2021-06-16,5.7,5.7,0.0,5.7,0.0,0.0,7885.0,48887000.0,5.7,5.7,5.7,7885.0
2021-06-17,5.7,5.7,0.0,5.7,0.0,0.0,0.0,0.0,5.7,5.7,5.7,0.0
2021-06-18,5.7,5.7,0.0,5.7,0.0,0.0,0.0,0.0,5.7,5.7,5.7,0.0
2021-06-21,6.5,6.5,14.0351,6.5,2100.0,13650000.0,0.0,0.0,6.5,6.5,6.5,2100.0
2021-06-22,6.6,6.6,1.5385,6.6,1000.0,6600000.0,0.0,0.0,6.6,6.6,6.6,1000.0
2021-06-23,5.8,5.8,-12.1212,5.753,31800.0,182940000.0,0.0,0.0,5.7,5.8,5.7,31800.0
2021-06-24,5.8,5.8,0.0,5.85,4000.0,23400000.0,0.0,0.0,5.9,5.9,5.8,4000.0
2021-06-25,6.7,6.7,13.5593,6.467,6000.0,38800000.0,0.0,0.0,6.0,6.7,6.0,6000.0
2021-06-28,6.8,6.8,4.6154,6.671,17500.0,116740000.0,0.0,0.0,6.4,6.8,6.4,17500.0
2021-06-29,6.7,6.7,0.0,6.033,600.0,3620000.0,0.0,0.0,5.9,6.7,5.9,600.0
2021-06-30,6.9,6.9,15.0,6.682,4450.0,29745000.0,0.0,0.0,6.4,6.9,6.4,4450.0
2021-07-01,6.2,6.2,-7.4627,6.2,100.0,620000.0,0.0,0.0,6.2,6.2,6.2,100.0
2021-07-02,7.0,7.0,12.9032,7.0,100.0,700000.0,0.0,0.0,7.0,7.0,7.0,100.0
2021-07-05,7.0,7.0,0.0,7.0,0.0,0.0,0.0,0.0,7.0,7.0,7.0,0.0
2021-07-06,7.0,7.0,0.0,7.0,0.0,0.0,0.0,0.0,7.0,7.0,7.0,0.0
2021-07-07,7.3,7.3,4.2857,7.3,100.0,730000.0,0.0,0.0,7.3,7.3,7.3,100.0
2021-07-08,7.3,7.3,0.0,7.3,0.0,0.0,0.0,0.0,7.3,7.3,7.3,0.0
2021-07-09,7.3,7.3,0.0,7.3,0.0,0.0,0.0,0.0,7.3,7.3,7.3,0.0
2021-07-12,7.3,7.3,0.0,7.3,0.0,0.0,0.0,0.0,7.3,7.3,7.3,0.0
2021-07-13,7.3,7.3,0.0,7.3,0.0,0.0,0.0,0.0,7.3,7.3,7.3,0.0
2021-07-14,7.3,7.3,0.0,7.3,0.0,0.0,0.0,0.0,7.3,7.3,7.3,0.0
2021-07-15,7.3,7.3,0.0,7.3,0.0,0.0,0.0,0.0,7.3,7.3,7.3,0.0
2021-07-16,7.3,7.3,0.0,7.3,0.0,0.0,0.0,0.0,7.3,7.3,7.3,0.0
2021-07-19,7.3,7.3,0.0,7.3,0.0,0.0,0.0,0.0,7.3,7.3,7.3,0.0
2021-07-20,7.3,7.3,0.0,7.3,0.0,0.0,0.0,0.0,7.3,7.3,7.3,0.0
2021-07-21,7.3,7.3,0.0,7.3,0.0,0.0,0.0,0.0,7.3,7.3,7.3,0.0
2021-07-22,7.3,7.3,0.0,7.3,0.0,0.0,0.0,0.0,7.3,7.3,7.3,0.0
2021-07-23,7.3,7.3,0.0,7.3,0.0,0.0,0.0,0.0,7.3,7.3,7.3,0.0
2021-07-26,7.3,7.3,0.0,7.3,0.0,0.0,0.0,0.0,7.3,7.3,7.3,0.0
2021-07-27,7.3,7.3,0.0,7.3,0.0,0.0,0.0,0.0,7.3,7.3,7.3,0.0
2021-07-28,7.3,7.3,0.0,7.3,0.0,0.0,0.0,0.0,7.3,7.3,7.3,0.0
2021-07-29,7.3,7.3,0.0,7.3,0.0,0.0,0.0,0.0,7.3,7.3,7.3,0.0
2021-07-30,7.3,7.3,0.0,7.3,0.0,0.0,0.0,0.0,7.3,7.3,7.3,0.0
2021-08-02,7.3,7.3,0.0,7.3,0.0,0.0,0.0,0.0,7.3,7.3,7.3,0.0
2021-08-03,7.3,7.3,0.0,7.3,0.0,0.0,0.0,0.0,7.3,7.3,7.3,0.0
2021-08-04,7.3,7.3,0.0,7.3,0.0,0.0,0.0,0.0,7.3,7.3,7.3,0.0
2021-08-05,7.3,7.3,0.0,7.3,0.0,0.0,0.0,0.0,7.3,7.3,7.3,0.0
2021-08-06,6.5,6.5,-10.9589,6.433,300.0,1930000.0,0.0,0.0,6.3,6.5,6.3,300.0
2021-08-09,6.4,6.4,0.0,6.4,0.0,0.0,0.0,0.0,6.4,6.4,6.4,0.0
2021-08-10,6.4,6.4,0.0,6.4,0.0,0.0,0.0,0.0,6.4,6.4,6.4,0.0
2021-08-11,6.4,6.4,0.0,6.4,0.0,0.0,0.0,0.0,6.4,6.4,6.4,0.0
2021-08-12,6.4,6.4,0.0,6.4,0.0,0.0,0.0,0.0,6.4,6.4,6.4,0.0
2021-08-13,5.7,5.7,-10.9375,5.7,100.0,570000.0,0.0,0.0,5.7,5.7,5.7,100.0
2021-08-16,5.7,5.7,0.0,5.7,0.0,0.0,0.0,0.0,5.7,5.7,5.7,0.0
2021-08-17,5.7,5.7,0.0,5.7,0.0,0.0,0.0,0.0,5.7,5.7,5.7,0.0
2021-08-18,5.7,5.7,0.0,5.7,0.0,0.0,0.0,0.0,5.7,5.7,5.7,0.0
2021-08-19,5.7,5.7,0.0,5.7,0.0,0.0,0.0,0.0,5.7,5.7,5.7,0.0
2021-08-20,5.7,5.7,0.0,5.3,200.0,1060000.0,0.0,0.0,4.9,5.7,4.9,200.0
2021-08-23,5.3,5.3,0.0,5.3,0.0,0.0,0.0,0.0,5.3,5.3,5.3,0.0
2021-08-24,5.3,5.3,0.0,5.3,0.0,0.0,0.0,0.0,5.3,5.3,5.3,0.0
2021-08-25,5.3,5.3,0.0,5.3,0.0,0.0,0.0,0.0,5.3,5.3,5.3,0.0
2021-08-26,5.3,5.3,0.0,5.3,0.0,0.0,0.0,0.0,5.3,5.3,5.3,0.0
2021-08-27,4.6,4.6,-13.2075,4.6,500.0,2300000.0,0.0,0.0,4.6,4.6,4.6,500.0
2021-08-30,4.6,4.6,0.0,4.6,0.0,0.0,0.0,0.0,4.6,4.6,4.6,0.0
2021-08-31,4.6,4.6,0.0,4.6,0.0,0.0,0.0,0.0,4.6,4.6,4.6,0.0
2021-09-01,4.6,4.6,0.0,4.6,0.0,0.0,0.0,0.0,4.6,4.6,4.6,0.0
2021-09-06,4.6,4.6,0.0,4.6,0.0,0.0,0.0,0.0,4.6,4.6,4.6,0.0
2021-09-07,4.6,4.6,0.0,4.6,0.0,0.0,0.0,0.0,4.6,4.6,4.6,0.0
2021-09-08,4.6,4.6,0.0,4.6,0.0,0.0,0.0,0.0,4.6,4.6,4.6,0.0
2021-09-09,4.6,4.6,0.0,4.6,0.0,0.0,0.0,0.0,4.6,4.6,4.6,0.0
2021-09-10,4.1,4.1,-10.8696,4.1,2000.0,8200000.0,0.0,0.0,4.1,4.1,4.1,2000.0
2021-09-13,4.1,4.1,0.0,4.1,0.0,0.0,0.0,0.0,4.1,4.1,4.1,0.0
2021-09-14,4.1,4.1,0.0,4.1,0.0,0.0,0.0,0.0,4.1,4.1,4.1,0.0
2021-09-15,4.1,4.1,0.0,4.1,0.0,0.0,0.0,0.0,4.1,4.1,4.1,0.0
2021-09-16,4.1,4.1,0.0,4.1,0.0,0.0,0.0,0.0,4.1,4.1,4.1,0.0
2021-09-17,4.7,4.7,14.6341,4.7,100.0,470000.0,0.0,0.0,4.7,4.7,4.7,100.0
