2016-01-04,7.439,12.1,0.0,12.1,0.0,0.0,0.0,0.0,12.1,12.1,12.1,0.0
2016-01-05,7.439,12.1,0.0,12.1,0.0,0.0,0.0,0.0,12.1,12.1,12.1,0.0
2016-01-06,7.992,13.0,7.438,12.1,100.0,1300000.0,0.0,0.0,13.0,13.0,13.0,100.0
2016-01-07,7.316,11.9,-8.4615,11.9,100.0,1190000.0,0.0,0.0,11.9,11.9,11.9,100.0
2016-01-08,7.316,11.9,0.0,11.9,0.0,0.0,0.0,0.0,11.9,11.9,11.9,0.0
2016-01-11,7.87,12.8,7.563,12.8,100.0,1280000.0,0.0,0.0,12.8,12.8,12.8,100.0
2016-01-12,7.377,12.0,-6.25,12.1,300.0,3610000.0,0.0,0.0,12.1,12.1,12.0,300.0
2016-01-13,7.377,12.0,0.0,12.8,200.0,2480000.0,0.0,0.0,12.8,12.8,12.0,200.0
2016-01-14,7.377,12.0,0.0,12.0,0.0,0.0,0.0,0.0,12.0,12.0,12.0,0.0
2016-01-15,7.132,11.6,-3.3333,12.365,2300.0,28440000.0,0.0,0.0,12.4,12.4,11.6,2300.0
2016-01-18,7.808,12.7,9.4828,12.7,100.0,1270000.0,0.0,0.0,12.7,12.7,12.7,100.0
2016-01-19,7.747,12.6,-0.7874,12.506,1700.0,21260000.0,0.0,0.0,12.5,12.6,12.5,1700.0
2016-01-20,7.256,11.8,-6.3492,11.8,200.0,2360000.0,0.0,0.0,11.8,11.8,11.8,200.0
2016-01-21,7.256,11.8,0.0,11.8,0.0,0.0,0.0,0.0,11.8,11.8,11.8,0.0
2016-01-22,7.256,11.8,0.0,11.8,0.0,0.0,0.0,0.0,11.8,11.8,11.8,0.0
2016-01-25,7.256,11.8,0.0,11.8,0.0,0.0,0.0,0.0,11.8,11.8,11.8,0.0
2016-01-26,7.624,12.4,5.0847,12.4,100.0,1240000.0,0.0,0.0,12.4,12.4,12.4,100.0
2016-01-27,7.624,12.4,0.0,12.4,100.0,1240000.0,0.0,0.0,12.4,12.4,12.4,100.0
2016-01-28,7.624,12.4,0.0,12.4,100.0,1240000.0,0.0,0.0,12.4,12.4,12.4,100.0
2016-01-29,8.053,13.1,5.6452,11.719,5300.0,62110000.0,0.0,0.0,11.6,13.1,11.6,5300.0
2016-02-01,8.3,13.5,3.0534,11.986,7000.0,83900000.0,0.0,0.0,13.5,13.5,11.8,7000.0
2016-02-02,7.501,12.2,-9.6296,12.2,300.0,3660000.0,0.0,0.0,12.2,12.2,12.2,300.0
2016-02-03,7.501,12.2,0.0,12.2,0.0,0.0,0.0,0.0,12.2,12.2,12.2,0.0
2016-02-04,6.885,11.2,-8.1967,11.4,500.0,5700000.0,0.0,0.0,12.2,12.2,11.2,500.0
2016-02-05,6.885,11.2,0.0,11.2,0.0,0.0,0.0,0.0,11.2,11.2,11.2,0.0
2016-02-15,7.439,12.1,8.0357,12.15,200.0,2430000.0,0.0,0.0,12.2,12.2,12.1,200.0
2016-02-16,7.009,11.4,-5.7851,11.8,400.0,4720000.0,0.0,0.0,12.2,12.2,11.4,400.0
2016-02-17,6.825,11.1,-2.6316,11.067,300.0,3320000.0,0.0,0.0,11.0,11.1,11.0,300.0
2016-02-18,6.825,11.1,0.0,11.1,0.0,0.0,0.0,0.0,11.1,11.1,11.1,0.0
2016-02-19,6.825,11.1,0.0,11.1,100.0,1110000.0,0.0,0.0,11.1,11.1,11.1,100.0
2016-02-22,7.377,12.0,8.1081,12.0,100.0,1200000.0,0.0,0.0,12.0,12.0,12.0,100.0
2016-02-23,7.132,11.6,-3.3333,11.6,100.0,1160000.0,0.0,0.0,11.6,11.6,11.6,100.0
2016-02-24,7.07,11.5,-0.8621,11.5,100.0,1150000.0,0.0,0.0,11.5,11.5,11.5,100.0
2016-02-25,7.07,11.5,0.0,11.5,0.0,0.0,0.0,0.0,11.5,11.5,11.5,0.0
2016-02-26,7.009,11.4,-0.8696,11.396,5200.0,59260000.0,0.0,0.0,11.4,11.4,11.2,5200.0
2016-02-29,7.009,11.4,0.0,11.4,600.0,6840000.0,0.0,0.0,11.4,11.4,11.4,600.0
2016-03-01,7.009,11.4,0.0,11.4,0.0,0.0,0.0,0.0,11.4,11.4,11.4,0.0
2016-03-02,7.009,11.4,0.0,11.4,0.0,0.0,0.0,0.0,11.4,11.4,11.4,0.0
2016-03-03,7.009,11.4,0.0,11.418,5600.0,63940000.0,0.0,0.0,11.4,11.5,11.4,5600.0
2016-03-04,7.009,11.4,0.0,11.4,100.0,1140000.0,0.0,0.0,11.4,11.4,11.4,100.0
2016-03-07,7.07,11.5,0.8772,11.133,300.0,3340000.0,0.0,0.0,10.4,11.5,10.4,300.0
2016-03-08,7.07,11.5,0.0,11.5,100.0,1150000.0,0.0,0.0,11.5,11.5,11.5,100.0
2016-03-09,7.07,11.5,0.0,11.5,0.0,0.0,0.0,0.0,11.5,11.5,11.5,0.0
2016-03-10,7.377,12.0,4.3478,11.7,1400.0,16380000.0,0.0,0.0,11.4,12.0,11.4,1400.0
2016-03-11,7.377,12.0,0.0,12.0,600.0,7200000.0,0.0,0.0,12.0,12.0,12.0,600.0
2016-03-14,7.377,12.0,0.0,12.0,0.0,0.0,0.0,0.0,12.0,12.0,12.0,0.0
2016-03-15,7.624,12.4,3.3333,12.143,700.0,8500000.0,0.0,0.0,12.6,12.6,12.0,700.0
2016-03-16,7.07,11.5,-7.2581,11.5,1200.0,13800000.0,0.0,0.0,11.5,11.5,11.5,1200.0
2016-03-17,7.009,11.4,-0.8696,11.481,2100.0,24110000.0,0.0,0.0,11.6,11.6,11.4,2100.0
2016-03-18,7.009,11.4,0.0,11.4,0.0,0.0,0.0,0.0,11.4,11.4,11.4,0.0
2016-03-21,7.562,12.3,7.8947,12.3,1200.0,14760000.0,0.0,0.0,12.3,12.3,12.3,1200.0
2016-03-22,7.562,12.3,0.0,12.3,0.0,0.0,0.0,0.0,12.3,12.3,12.3,0.0
2016-03-23,7.562,12.3,0.0,12.3,0.0,0.0,0.0,0.0,12.3,12.3,12.3,0.0
2016-03-24,7.009,11.4,-7.3171,11.4,1600.0,18240000.0,0.0,0.0,11.4,11.4,11.4,1600.0
2016-03-25,7.07,11.5,0.8772,11.5,100.0,1150000.0,0.0,0.0,11.5,11.5,11.5,100.0
2016-03-28,7.07,11.5,0.0,11.5,0.0,0.0,0.0,0.0,11.5,11.5,11.5,0.0
2016-03-29,7.07,11.5,0.0,11.5,0.0,0.0,0.0,0.0,11.5,11.5,11.5,0.0
2016-03-30,7.07,11.5,0.0,11.5,0.0,0.0,0.0,0.0,11.5,11.5,11.5,0.0
2016-03-31,7.07,11.5,0.0,11.5,0.0,0.0,0.0,0.0,11.5,11.5,11.5,0.0
2016-04-01,7.07,11.5,0.0,11.5,0.0,0.0,0.0,0.0,11.5,11.5,11.5,0.0
2016-04-04,7.685,12.5,8.6957,12.473,17000.0,212040000.0,0.0,0.0,12.2,12.5,12.0,17000.0
2016-04-05,8.053,13.1,4.8,13.1,100.0,1310000.0,0.0,0.0,13.1,13.1,13.1,100.0
2016-04-06,8.053,13.1,0.0,13.1,0.0,0.0,0.0,0.0,13.1,13.1,13.1,0.0
2016-04-07,7.256,11.8,-9.9237,11.8,100.0,1180000.0,0.0,0.0,11.8,11.8,11.8,100.0
2016-04-08,7.256,11.8,0.0,11.802,4100.0,48390000.0,0.0,0.0,11.9,11.9,11.8,4100.0
2016-04-11,7.256,11.8,0.0,11.8,0.0,0.0,0.0,0.0,11.8,11.8,11.8,0.0
2016-04-12,7.316,11.9,0.8475,11.607,17900.0,207760000.0,0.0,0.0,11.6,11.9,11.4,17900.0
2016-04-13,7.316,11.9,0.0,11.9,0.0,0.0,0.0,0.0,11.9,11.9,11.9,0.0
2016-04-14,7.808,12.7,6.7227,12.7,100.0,1270000.0,0.0,0.0,12.7,12.7,12.7,100.0
2016-04-15,7.808,12.7,0.0,12.7,0.0,0.0,0.0,0.0,12.7,12.7,12.7,0.0
2016-04-19,7.193,11.7,-7.874,11.7,100.0,1170000.0,0.0,0.0,11.7,11.7,11.7,100.0
2016-04-20,7.624,12.4,5.9829,12.4,100.0,1240000.0,0.0,0.0,12.4,12.4,12.4,100.0
2016-04-21,7.624,12.4,0.0,12.4,0.0,0.0,0.0,0.0,12.4,12.4,12.4,0.0
2016-04-22,7.624,12.4,0.0,12.4,0.0,0.0,0.0,0.0,12.4,12.4,12.4,0.0
2016-04-25,7.624,12.4,0.0,12.4,0.0,0.0,0.0,0.0,12.4,12.4,12.4,0.0
2016-04-26,7.624,12.4,0.0,12.4,0.0,0.0,0.0,0.0,12.4,12.4,12.4,0.0
2016-04-27,7.624,12.4,0.0,12.4,0.0,0.0,0.0,0.0,12.4,12.4,12.4,0.0
2016-04-28,7.624,12.4,0.0,12.4,0.0,0.0,0.0,0.0,12.4,12.4,12.4,0.0
2016-04-29,7.87,12.8,3.2258,12.8,100.0,1280000.0,0.0,0.0,12.8,12.8,12.8,100.0
2016-05-04,8.607,14.0,9.375,14.0,100.0,1400000.0,0.0,0.0,14.0,14.0,14.0,100.0
2016-05-05,9.161,14.9,6.4286,14.9,100.0,1490000.0,0.0,0.0,14.9,14.9,14.9,100.0
2016-05-06,9.161,14.9,0.0,14.9,0.0,0.0,0.0,0.0,14.9,14.9,14.9,0.0
2016-05-09,8.3,13.5,-9.396,13.5,300.0,4050000.0,0.0,0.0,13.5,13.5,13.5,300.0
2016-05-10,8.3,13.5,0.0,13.5,0.0,0.0,0.0,0.0,13.5,13.5,13.5,0.0
2016-05-11,8.239,13.4,-0.7407,13.48,3500.0,47180000.0,0.0,0.0,13.5,13.5,13.0,3500.0
2016-05-12,8.239,13.4,0.0,13.4,0.0,0.0,0.0,0.0,13.4,13.4,13.4,0.0
2016-05-13,8.239,13.4,0.0,13.4,0.0,0.0,0.0,0.0,13.4,13.4,13.4,0.0
2016-05-16,8.607,14.0,4.4776,13.333,2100.0,28000000.0,0.0,0.0,13.4,14.0,13.2,2100.0
2016-05-17,8.607,14.0,0.0,14.0,0.0,0.0,0.0,0.0,14.0,14.0,14.0,0.0
2016-05-18,8.3,13.5,-3.5714,13.5,500.0,6750000.0,0.0,0.0,13.5,13.5,13.5,500.0
2016-05-19,8.73,14.2,5.1852,14.2,100.0,1420000.0,0.0,0.0,14.2,14.2,14.2,100.0
2016-05-20,8.73,14.2,0.0,14.2,0.0,0.0,0.0,0.0,14.2,14.2,14.2,0.0
2016-05-23,8.3,13.5,-4.9296,13.282,3900.0,51800000.0,0.0,0.0,13.5,13.5,12.8,3900.0
2016-05-24,8.3,13.5,0.0,13.5,0.0,0.0,0.0,0.0,13.5,13.5,13.5,0.0
2016-05-25,8.3,13.5,0.0,13.5,2000.0,27000000.0,0.0,0.0,13.5,13.5,13.5,2000.0
2016-05-26,8.3,13.5,0.0,13.5,0.0,0.0,0.0,0.0,13.5,13.5,13.5,0.0
2016-05-27,8.3,13.5,0.0,13.5,0.0,0.0,0.0,0.0,13.5,13.5,13.5,0.0
2016-05-30,8.115,13.2,-2.2222,13.269,1600.0,21230000.0,0.0,0.0,13.3,13.3,13.2,1600.0
2016-05-31,8.914,14.5,9.8485,14.5,100.0,1450000.0,0.0,0.0,14.5,14.5,14.5,100.0
2016-06-01,8.914,14.5,0.0,14.5,0.0,0.0,0.0,0.0,14.5,14.5,14.5,0.0
2016-06-02,8.115,13.2,-8.9655,13.949,7100.0,99040000.0,0.0,0.0,14.0,14.0,13.2,7100.0
2016-06-03,8.3,13.5,2.2727,13.475,5900.0,79500000.0,0.0,0.0,13.2,14.0,13.2,5900.0
2016-06-06,8.423,13.7,1.4815,13.633,13055.0,177795000.0,0.0,0.0,14.0,14.0,13.5,13055.0
2016-06-07,8.423,13.7,0.0,13.7,1.0,12600.0,0.0,0.0,13.7,13.7,13.7,1.0
2016-06-08,8.546,13.9,1.4599,13.433,300.0,4030000.0,0.0,0.0,13.2,13.9,13.2,300.0
2016-06-09,8.546,12.3,0.0,12.3,0.0,0.0,0.0,0.0,12.3,12.3,12.3,0.0
2016-06-10,8.615,12.4,0.813,12.4,100.0,1240000.0,0.0,0.0,12.4,12.4,12.4,100.0
2016-06-13,8.686,12.5,0.8065,12.45,200.0,2490000.0,0.0,0.0,12.4,12.5,12.4,200.0
2016-06-14,8.686,12.5,0.0,12.5,100.0,1250000.0,0.0,0.0,12.5,12.5,12.5,100.0
2016-06-15,8.686,12.5,0.0,12.5,100.0,1250000.0,0.0,0.0,12.5,12.5,12.5,100.0
2016-06-16,8.686,12.5,0.0,12.5,100.0,1250000.0,0.0,0.0,12.5,12.5,12.5,100.0
2016-06-17,8.686,12.5,0.0,12.5,100.0,1250000.0,0.0,0.0,12.5,12.5,12.5,100.0
2016-06-20,8.268,11.9,-4.8,11.917,5800.0,69120000.0,0.0,0.0,12.4,12.4,11.9,5800.0
2016-06-21,8.268,11.9,0.0,11.9,0.0,0.0,0.0,0.0,11.9,11.9,11.9,0.0
2016-06-22,8.268,11.9,0.0,11.9,5100.0,60690000.0,0.0,0.0,11.9,11.9,11.9,5100.0
2016-06-23,8.268,11.9,0.0,11.9,0.0,0.0,0.0,0.0,11.9,11.9,11.9,0.0
2016-06-24,8.268,11.9,0.0,11.9,0.0,0.0,0.0,0.0,11.9,11.9,11.9,0.0
2016-06-27,7.99,11.5,-3.3613,11.65,200.0,2330000.0,0.0,0.0,11.8,11.8,11.5,200.0
2016-06-28,8.199,11.8,2.6087,11.8,100.0,1180000.0,0.0,0.0,11.8,11.8,11.8,100.0
2016-06-29,8.407,12.1,2.5424,12.1,100.0,1210000.0,0.0,0.0,12.1,12.1,12.1,100.0
2016-06-30,8.546,12.3,1.6529,12.3,100.0,1230000.0,0.0,0.0,12.3,12.3,12.3,100.0
2016-07-01,8.199,11.8,-4.065,11.821,5200.0,61470000.0,0.0,0.0,12.3,12.3,11.8,5200.0
2016-07-04,8.476,12.2,3.3898,12.2,100.0,1220000.0,0.0,0.0,12.2,12.2,12.2,100.0
2016-07-05,8.546,12.3,0.8197,12.3,100.0,1230000.0,0.0,0.0,12.3,12.3,12.3,100.0
2016-07-06,8.546,12.3,0.0,12.3,100.0,1230000.0,0.0,0.0,12.3,12.3,12.3,100.0
2016-07-07,8.546,12.3,0.0,12.3,100.0,1230000.0,0.0,0.0,12.3,12.3,12.3,100.0
2016-07-08,8.546,12.3,0.0,12.3,200.0,2460000.0,0.0,0.0,12.3,12.3,12.3,200.0
2016-07-11,8.546,12.3,0.0,12.3,100.0,1230000.0,0.0,0.0,12.3,12.3,12.3,100.0
2016-07-12,8.268,11.9,-3.252,11.905,8300.0,98810000.0,0.0,0.0,12.3,12.3,11.9,8300.0
2016-07-13,8.337,12.0,0.8403,11.96,500.0,5980000.0,0.0,0.0,12.2,12.2,11.6,500.0
2016-07-14,8.06,11.6,-3.3333,11.722,1800.0,21100000.0,0.0,0.0,12.2,12.2,11.6,1800.0
2016-07-15,7.99,11.5,-0.8621,11.528,3600.0,41500000.0,0.0,0.0,12.0,12.0,11.5,3600.0
2016-07-18,7.99,11.5,0.0,11.527,2200.0,25360000.0,0.0,0.0,11.8,11.8,11.5,2200.0
2016-07-19,8.199,11.8,2.6087,11.579,4300.0,49790000.0,0.0,0.0,11.8,11.8,11.5,4300.0
2016-07-20,7.99,11.5,-2.5424,11.51,4100.0,47190000.0,0.0,0.0,11.9,11.9,11.5,4100.0
2016-07-21,7.643,11.0,-4.3478,11.0,100.0,1100000.0,0.0,0.0,11.0,11.0,11.0,100.0
2016-07-22,7.643,11.0,0.0,11.0,500.0,5500000.0,0.0,0.0,11.0,11.0,11.0,500.0
2016-07-25,7.296,10.5,-4.5455,10.511,4700.0,49400000.0,0.0,0.0,11.0,11.0,10.5,4700.0
2016-07-26,7.434,10.7,1.9048,10.7,300.0,3210000.0,0.0,0.0,10.7,10.7,10.7,300.0
2016-07-27,7.434,10.7,0.0,10.7,800.0,8560000.0,0.0,0.0,10.7,10.8,10.6,800.0
2016-07-28,7.434,10.7,0.0,10.7,300.0,3210000.0,0.0,0.0,10.7,10.7,10.7,300.0
2016-07-29,7.434,10.7,0.0,10.7,100.0,1070000.0,0.0,0.0,10.7,10.7,10.7,100.0
2016-08-01,7.434,10.7,0.0,10.7,100.0,1070000.0,0.0,0.0,10.7,10.7,10.7,100.0
2016-08-02,7.434,10.7,0.0,10.7,1000.0,10700000.0,0.0,0.0,10.7,10.7,10.7,1000.0
2016-08-03,7.434,10.7,0.0,10.7,0.0,0.0,0.0,0.0,10.7,10.7,10.7,0.0
2016-08-04,7.434,10.7,0.0,10.7,2100.0,22470000.0,0.0,0.0,10.7,10.7,10.7,2100.0
2016-08-05,7.434,10.7,0.0,10.7,0.0,0.0,0.0,0.0,10.7,10.7,10.7,0.0
2016-08-08,7.434,10.7,0.0,10.7,100.0,1070000.0,0.0,0.0,10.7,10.7,10.7,100.0
2016-08-09,7.434,10.7,0.0,10.7,0.0,0.0,0.0,0.0,10.7,10.7,10.7,0.0
2016-08-10,7.434,10.7,0.0,10.7,0.0,0.0,0.0,0.0,10.7,10.7,10.7,0.0
2016-08-11,7.434,10.7,0.0,10.7,0.0,0.0,0.0,0.0,10.7,10.7,10.7,0.0
2016-08-12,7.434,10.7,0.0,10.7,0.0,0.0,0.0,0.0,10.7,10.7,10.7,0.0
2016-08-15,7.434,10.7,0.0,10.7,0.0,0.0,0.0,0.0,10.7,10.7,10.7,0.0
2016-08-16,7.434,10.7,0.0,10.7,700.0,7490000.0,0.0,0.0,10.7,10.7,10.7,700.0
2016-08-17,7.434,10.7,0.0,10.7,0.0,0.0,0.0,0.0,10.7,10.7,10.7,0.0
2016-08-18,7.503,10.8,0.9346,10.8,600.0,6480000.0,0.0,0.0,10.8,10.8,10.8,600.0
2016-08-19,7.434,10.7,-0.9259,10.72,5041.0,54001800.0,0.0,0.0,10.8,10.8,10.7,5041.0
2016-08-22,7.573,10.9,1.8692,10.9,1200.0,13080000.0,0.0,0.0,10.9,10.9,10.9,1200.0
2016-08-23,7.434,10.7,-1.8349,10.7,4000.0,42800000.0,0.0,0.0,10.7,10.7,10.7,4000.0
2016-08-24,7.434,10.7,0.0,10.7,3300.0,35310000.0,0.0,0.0,10.7,10.7,10.7,3300.0
2016-08-25,7.434,10.7,0.0,10.7,0.0,0.0,0.0,0.0,10.7,10.7,10.7,0.0
2016-08-26,7.434,10.7,0.0,10.7,0.0,0.0,0.0,0.0,10.7,10.7,10.7,0.0
2016-08-29,7.434,10.7,0.0,10.7,0.0,0.0,0.0,0.0,10.7,10.7,10.7,0.0
2016-08-30,7.434,10.7,0.0,10.7,0.0,0.0,0.0,0.0,10.7,10.7,10.7,0.0
2016-08-31,7.434,10.7,0.0,10.7,0.0,0.0,0.0,0.0,10.7,10.7,10.7,0.0
2016-09-01,7.434,10.7,0.0,10.7,0.0,0.0,0.0,0.0,10.7,10.7,10.7,0.0
2016-09-05,7.712,11.1,3.7383,11.1,500.0,5550000.0,0.0,0.0,11.1,11.1,11.1,500.0
2016-09-06,7.782,11.2,0.9009,11.108,6400.0,71090000.0,0.0,0.0,11.1,11.2,11.1,6400.0
2016-09-07,7.782,11.2,0.0,11.2,0.0,0.0,0.0,0.0,11.2,11.2,11.2,0.0
2016-09-08,7.503,10.8,-3.5714,10.933,300.0,3280000.0,0.0,0.0,11.2,11.2,10.8,300.0
2016-09-09,7.503,10.8,0.0,10.8,200.0,2160000.0,0.0,0.0,10.8,10.8,10.8,200.0
2016-09-12,7.503,10.8,0.0,10.8,1000.0,10800000.0,0.0,0.0,10.8,10.8,10.8,1000.0
2016-09-13,7.99,11.5,6.4815,11.57,4400.0,50910000.0,0.0,0.0,11.5,11.6,11.5,4400.0
2016-09-14,8.268,11.9,3.4783,11.796,2300.0,27130000.0,0.0,0.0,11.7,11.9,11.7,2300.0
2016-09-15,8.268,11.9,0.0,11.888,1600.0,19020000.0,0.0,0.0,11.8,11.9,11.8,1600.0
2016-09-16,8.268,11.9,0.0,11.9,0.0,0.0,0.0,0.0,11.9,11.9,11.9,0.0
2016-09-19,8.268,11.9,0.0,11.9,0.0,0.0,0.0,0.0,11.9,11.9,11.9,0.0
2016-09-20,8.268,11.9,0.0,11.9,1000.0,11900000.0,0.0,0.0,11.9,11.9,11.9,1000.0
2016-09-21,8.268,11.9,0.0,11.9,0.0,0.0,0.0,0.0,11.9,11.9,11.9,0.0
2016-09-22,8.268,11.9,0.0,11.9,0.0,0.0,0.0,0.0,11.9,11.9,11.9,0.0
2016-09-23,8.268,11.9,0.0,11.9,0.0,0.0,0.0,0.0,11.9,11.9,11.9,0.0
2016-09-26,8.268,11.9,0.0,11.9,0.0,0.0,0.0,0.0,11.9,11.9,11.9,0.0
2016-09-27,8.268,11.9,0.0,11.9,0.0,0.0,0.0,0.0,11.9,11.9,11.9,0.0
2016-09-28,8.268,11.9,0.0,11.9,0.0,0.0,0.0,0.0,11.9,11.9,11.9,0.0
2016-09-29,8.268,11.9,0.0,11.9,0.0,0.0,0.0,0.0,11.9,11.9,11.9,0.0
2016-09-30,8.268,11.9,0.0,11.9,0.0,0.0,0.0,0.0,11.9,11.9,11.9,0.0
2016-10-03,8.268,11.9,0.0,11.9,0.0,0.0,0.0,0.0,11.9,11.9,11.9,0.0
2016-10-04,8.268,11.9,0.0,11.9,0.0,0.0,0.0,0.0,11.9,11.9,11.9,0.0
2016-10-05,7.643,11.0,-7.563,11.0,100.0,1100000.0,0.0,0.0,11.0,11.0,11.0,100.0
2016-10-06,7.643,11.0,0.0,11.0,20.0,230000.0,0.0,0.0,11.0,11.0,11.0,20.0
2016-10-07,7.643,11.0,0.0,11.0,0.0,0.0,0.0,0.0,11.0,11.0,11.0,0.0
2016-10-10,8.06,11.6,5.4545,11.6,200.0,2320000.0,0.0,0.0,11.6,11.6,11.6,200.0
2016-10-11,8.06,11.6,0.0,11.6,0.0,0.0,0.0,0.0,11.6,11.6,11.6,0.0
2016-10-12,8.06,11.6,0.0,11.6,0.0,0.0,0.0,0.0,11.6,11.6,11.6,0.0
2016-10-13,8.06,11.6,0.0,11.6,0.0,0.0,0.0,0.0,11.6,11.6,11.6,0.0
2016-10-14,8.06,11.6,0.0,11.6,0.0,0.0,0.0,0.0,11.6,11.6,11.6,0.0
2016-10-17,8.06,11.6,0.0,11.6,0.0,0.0,0.0,0.0,11.6,11.6,11.6,0.0
2016-10-18,8.06,11.6,0.0,11.6,0.0,0.0,0.0,0.0,11.6,11.6,11.6,0.0
2016-10-19,8.06,11.6,0.0,11.6,0.0,0.0,0.0,0.0,11.6,11.6,11.6,0.0
2016-10-20,8.06,11.6,0.0,11.6,0.0,0.0,0.0,0.0,11.6,11.6,11.6,0.0
2016-10-21,8.06,11.6,0.0,11.6,0.0,0.0,0.0,0.0,11.6,11.6,11.6,0.0
2016-10-24,8.06,11.6,0.0,11.6,0.0,0.0,0.0,0.0,11.6,11.6,11.6,0.0
2016-10-25,8.06,11.6,0.0,11.6,100.0,1160000.0,0.0,0.0,11.6,11.6,11.6,100.0
2016-10-26,8.06,11.6,0.0,11.6,0.0,0.0,0.0,0.0,11.6,11.6,11.6,0.0
2016-10-27,8.06,11.6,0.0,11.6,0.0,0.0,0.0,0.0,11.6,11.6,11.6,0.0
2016-10-28,8.06,11.6,0.0,11.6,0.0,0.0,0.0,0.0,11.6,11.6,11.6,0.0
2016-10-31,8.06,11.6,0.0,11.6,0.0,0.0,0.0,0.0,11.6,11.6,11.6,0.0
2016-11-01,8.06,11.6,0.0,11.6,0.0,0.0,0.0,0.0,11.6,11.6,11.6,0.0
2016-11-02,8.06,11.6,0.0,11.6,0.0,0.0,0.0,0.0,11.6,11.6,11.6,0.0
2016-11-03,8.06,11.6,0.0,11.6,0.0,0.0,0.0,0.0,11.6,11.6,11.6,0.0
2016-11-04,8.06,11.6,0.0,11.6,0.0,0.0,0.0,0.0,11.6,11.6,11.6,0.0
2016-11-07,8.06,11.6,0.0,11.6,0.0,0.0,0.0,0.0,11.6,11.6,11.6,0.0
2016-11-08,8.06,11.6,0.0,11.6,0.0,0.0,0.0,0.0,11.6,11.6,11.6,0.0
2016-11-09,8.06,11.6,0.0,11.6,0.0,0.0,0.0,0.0,11.6,11.6,11.6,0.0
2016-11-10,8.06,11.6,0.0,11.6,0.0,0.0,0.0,0.0,11.6,11.6,11.6,0.0
2016-11-11,8.06,11.6,0.0,11.6,0.0,0.0,0.0,0.0,11.6,11.6,11.6,0.0
2016-11-14,8.06,11.6,0.0,11.6,0.0,0.0,0.0,0.0,11.6,11.6,11.6,0.0
2016-11-15,8.06,11.6,0.0,11.6,0.0,0.0,0.0,0.0,11.6,11.6,11.6,0.0
2016-11-16,8.06,11.6,0.0,11.6,100.0,1160000.0,0.0,0.0,11.6,11.6,11.6,100.0
2016-11-17,8.06,11.6,0.0,11.6,0.0,0.0,0.0,0.0,11.6,11.6,11.6,0.0
2016-11-18,8.06,11.6,0.0,11.6,0.0,0.0,0.0,0.0,11.6,11.6,11.6,0.0
2016-11-21,8.06,11.6,0.0,11.6,0.0,0.0,0.0,0.0,11.6,11.6,11.6,0.0
2016-11-22,8.06,11.6,0.0,11.6,0.0,0.0,0.0,0.0,11.6,11.6,11.6,0.0
2016-11-23,8.06,11.6,0.0,11.6,0.0,0.0,0.0,0.0,11.6,11.6,11.6,0.0
2016-11-24,8.06,11.6,0.0,11.6,0.0,0.0,0.0,0.0,11.6,11.6,11.6,0.0
2016-11-25,8.06,11.6,0.0,11.6,0.0,0.0,0.0,0.0,11.6,11.6,11.6,0.0
2016-11-28,8.06,11.6,0.0,11.6,0.0,0.0,0.0,0.0,11.6,11.6,11.6,0.0
2016-11-29,8.06,11.6,0.0,11.6,0.0,0.0,0.0,0.0,11.6,11.6,11.6,0.0
2016-11-30,8.06,11.6,0.0,11.6,0.0,0.0,0.0,0.0,11.6,11.6,11.6,0.0
2016-12-01,8.06,11.6,0.0,11.6,0.0,0.0,0.0,0.0,11.6,11.6,11.6,0.0
2016-12-02,8.06,11.6,0.0,11.6,0.0,0.0,0.0,0.0,11.6,11.6,11.6,0.0
2016-12-05,8.06,11.6,0.0,11.6,0.0,0.0,0.0,0.0,11.6,11.6,11.6,0.0
2016-12-06,8.06,11.6,0.0,11.6,0.0,0.0,0.0,0.0,11.6,11.6,11.6,0.0
2016-12-07,8.06,11.6,0.0,11.6,0.0,0.0,0.0,0.0,11.6,11.6,11.6,0.0
2016-12-08,8.06,11.6,0.0,11.6,0.0,0.0,0.0,0.0,11.6,11.6,11.6,0.0
2016-12-09,8.06,11.6,0.0,11.6,0.0,0.0,0.0,0.0,11.6,11.6,11.6,0.0
2016-12-12,8.06,11.6,0.0,11.6,0.0,0.0,0.0,0.0,11.6,11.6,11.6,0.0
2016-12-13,8.06,11.6,0.0,11.6,0.0,0.0,0.0,0.0,11.6,11.6,11.6,0.0
2016-12-14,8.06,11.6,0.0,11.6,0.0,0.0,0.0,0.0,11.6,11.6,11.6,0.0
2016-12-15,8.06,11.6,0.0,11.6,0.0,0.0,0.0,0.0,11.6,11.6,11.6,0.0
2016-12-16,8.06,11.6,0.0,11.6,0.0,0.0,0.0,0.0,11.6,11.6,11.6,0.0
2016-12-19,8.06,11.6,0.0,11.6,0.0,0.0,0.0,0.0,11.6,11.6,11.6,0.0
2016-12-20,8.06,11.6,0.0,11.6,0.0,0.0,0.0,0.0,11.6,11.6,11.6,0.0
2016-12-21,8.06,11.6,0.0,11.6,0.0,0.0,0.0,0.0,11.6,11.6,11.6,0.0
2016-12-22,7.434,10.7,-7.7586,10.667,600.0,6400000.0,0.0,0.0,10.5,10.7,10.5,600.0
2016-12-23,7.434,10.7,0.0,10.7,600.0,6420000.0,0.0,0.0,10.7,10.7,10.7,600.0
2016-12-26,7.434,10.7,0.0,10.7,0.0,0.0,0.0,0.0,10.7,10.7,10.7,0.0
2016-12-27,7.434,10.7,0.0,10.7,0.0,0.0,0.0,0.0,10.7,10.7,10.7,0.0
2016-12-28,7.503,10.8,0.9346,10.8,300.0,3240000.0,0.0,0.0,10.8,10.8,10.8,300.0
2016-12-29,7.503,10.8,0.0,10.8,10.0,118000.0,0.0,0.0,10.8,10.8,10.8,10.0
2016-12-30,7.503,10.8,0.0,10.8,0.0,0.0,0.0,0.0,10.8,10.8,10.8,0.0
2017-01-03,7.503,10.8,0.0,10.8,0.0,0.0,0.0,0.0,10.8,10.8,10.8,0.0
2017-01-04,7.503,10.8,0.0,10.8,0.0,0.0,0.0,0.0,10.8,10.8,10.8,0.0
2017-01-05,7.503,10.8,0.0,10.8,0.0,0.0,0.0,0.0,10.8,10.8,10.8,0.0
2017-01-06,7.503,10.8,0.0,10.8,0.0,0.0,0.0,0.0,10.8,10.8,10.8,0.0
2017-01-09,7.503,10.8,0.0,10.8,0.0,0.0,0.0,0.0,10.8,10.8,10.8,0.0
2017-01-10,7.503,10.8,0.0,10.8,0.0,0.0,0.0,0.0,10.8,10.8,10.8,0.0
2017-01-11,7.503,10.8,0.0,10.8,0.0,0.0,0.0,0.0,10.8,10.8,10.8,0.0
2017-01-12,7.503,10.8,0.0,10.8,1000.0,10800000.0,0.0,0.0,10.8,10.8,10.8,1000.0
2017-01-13,7.503,10.8,0.0,10.8,0.0,0.0,0.0,0.0,10.8,10.8,10.8,0.0
2017-01-16,7.503,10.8,0.0,10.8,0.0,0.0,0.0,0.0,10.8,10.8,10.8,0.0
2017-01-17,7.503,10.8,0.0,10.8,0.0,0.0,0.0,0.0,10.8,10.8,10.8,0.0
2017-01-18,8.199,11.8,9.2593,11.533,1800.0,20760000.0,0.0,0.0,10.9,11.8,10.9,1800.0
2017-01-19,8.337,12.0,1.6949,12.879,4200.0,54090000.0,0.0,0.0,12.9,12.9,12.0,4200.0
2017-01-20,8.476,12.2,1.6667,12.196,2700.0,32930000.0,0.0,0.0,12.1,12.2,12.1,2700.0
2017-01-23,9.24,13.3,9.0164,13.3,100.0,1330000.0,0.0,0.0,13.3,13.3,13.3,100.0
2017-01-24,9.24,13.3,0.0,13.3,0.0,0.0,0.0,0.0,13.3,13.3,13.3,0.0
2017-01-25,9.24,13.3,0.0,13.3,0.0,0.0,0.0,0.0,13.3,13.3,13.3,0.0
2017-02-02,9.24,13.3,0.0,13.3,0.0,0.0,0.0,0.0,13.3,13.3,13.3,0.0
2017-02-03,9.31,13.4,0.7519,13.4,400.0,5360000.0,0.0,0.0,13.4,13.4,13.4,400.0
2017-02-06,9.31,13.4,0.0,13.4,0.0,0.0,0.0,0.0,13.4,13.4,13.4,0.0
2017-02-07,8.893,12.8,-4.4776,12.893,1400.0,18050000.0,0.0,0.0,12.9,12.9,12.8,1400.0
2017-02-08,8.893,12.8,0.0,12.8,0.0,0.0,0.0,0.0,12.8,12.8,12.8,0.0
2017-02-09,8.615,12.4,-3.125,12.406,5100.0,63270000.0,0.0,0.0,12.5,12.5,12.4,5100.0
2017-02-10,8.615,12.4,0.0,12.4,0.0,0.0,0.0,0.0,12.4,12.4,12.4,0.0
2017-02-13,8.615,12.4,0.0,12.403,17800.0,220780000.0,0.0,0.0,12.5,12.5,12.4,17800.0
2017-02-14,8.546,12.3,-0.8065,12.398,5900.0,73150000.0,0.0,0.0,12.4,12.4,12.3,5900.0
2017-02-15,8.615,12.4,0.813,12.4,200.0,2480000.0,0.0,0.0,12.4,12.4,12.4,200.0
2017-02-16,8.615,12.4,0.0,12.4,1000.0,12400000.0,0.0,0.0,12.4,12.4,12.4,1000.0
2017-02-17,8.476,12.2,-1.6129,12.2,100.0,1220000.0,0.0,0.0,12.2,12.2,12.2,100.0
2017-02-20,8.476,12.2,0.0,12.2,500.0,6100000.0,0.0,0.0,12.2,12.2,12.2,500.0
2017-02-21,8.476,12.2,0.0,12.2,0.0,0.0,0.0,0.0,12.2,12.2,12.2,0.0
2017-02-22,8.546,12.3,0.8197,12.3,1800.0,22140000.0,0.0,0.0,12.3,12.3,12.3,1800.0
2017-02-23,8.546,12.3,0.0,12.3,700.0,8610000.0,0.0,0.0,12.3,12.3,12.3,700.0
2017-02-24,8.546,12.3,0.0,12.3,0.0,0.0,0.0,0.0,12.3,12.3,12.3,0.0
2017-02-27,8.546,12.3,0.0,12.3,0.0,0.0,0.0,0.0,12.3,12.3,12.3,0.0
2017-02-28,8.546,12.3,0.0,12.3,300.0,3690000.0,0.0,0.0,12.3,12.3,12.3,300.0
2017-03-01,8.476,12.2,-0.813,12.226,3400.0,41570000.0,0.0,0.0,12.3,12.3,12.2,3400.0
2017-03-02,8.476,12.2,0.0,12.2,0.0,0.0,0.0,0.0,12.2,12.2,12.2,0.0
2017-03-03,8.476,12.2,0.0,12.2,2400.0,29280000.0,0.0,0.0,12.2,12.2,12.2,2400.0
2017-03-06,8.476,12.2,0.0,12.2,6800.0,82960000.0,0.0,0.0,12.2,12.2,12.2,6800.0
2017-03-07,8.476,12.2,0.0,12.2,0.0,0.0,0.0,0.0,12.2,12.2,12.2,0.0
2017-03-08,8.476,12.2,0.0,12.2,0.0,0.0,0.0,0.0,12.2,12.2,12.2,0.0
2017-03-09,8.337,12.0,-1.6393,12.02,1500.0,18030000.0,0.0,0.0,12.1,12.1,12.0,1500.0
2017-03-10,8.337,12.0,0.0,12.0,2000.0,24000000.0,0.0,0.0,12.0,12.0,12.0,2000.0
2017-03-13,8.337,12.0,0.0,12.004,2700.0,32410000.0,0.0,0.0,12.1,12.1,12.0,2700.0
2017-03-14,8.615,12.4,3.3333,12.325,400.0,4930000.0,0.0,0.0,12.1,12.4,12.1,400.0
2017-03-15,8.615,12.4,0.0,12.4,0.0,0.0,0.0,0.0,12.4,12.4,12.4,0.0
2017-03-16,8.615,12.4,0.0,12.4,0.0,0.0,0.0,0.0,12.4,12.4,12.4,0.0
2017-03-17,8.615,12.4,0.0,12.4,0.0,0.0,0.0,0.0,12.4,12.4,12.4,0.0
2017-03-20,8.615,12.4,0.0,12.4,0.0,0.0,0.0,0.0,12.4,12.4,12.4,0.0
2017-03-21,8.476,12.2,-1.6129,12.167,300.0,3650000.0,0.0,0.0,12.1,12.2,12.1,300.0
2017-03-22,8.476,12.2,0.0,12.2,0.0,0.0,0.0,0.0,12.2,12.2,12.2,0.0
2017-03-23,8.546,12.3,0.8197,12.3,100.0,1230000.0,0.0,0.0,12.3,12.3,12.3,100.0
2017-03-24,8.546,12.3,0.0,12.3,0.0,0.0,0.0,0.0,12.3,12.3,12.3,0.0
2017-03-27,8.337,12.0,-2.439,12.01,2000.0,24020000.0,0.0,0.0,12.2,12.2,12.0,2000.0
2017-03-28,8.337,12.0,0.0,12.0,0.0,0.0,0.0,0.0,12.0,12.0,12.0,0.0
2017-03-29,8.337,12.0,0.0,12.0,0.0,0.0,0.0,0.0,12.0,12.0,12.0,0.0
2017-03-30,8.407,12.1,0.8333,12.1,511.0,6183100.0,0.0,0.0,12.1,12.1,12.1,511.0
2017-03-31,8.407,12.1,0.0,12.1,56.0,677600.0,0.0,0.0,12.1,12.1,12.1,56.0
2017-04-03,8.407,12.1,0.0,12.1,2900.0,35090000.0,0.0,0.0,12.1,12.1,12.1,2900.0
2017-04-04,8.615,12.4,2.4793,12.25,14000.0,171500000.0,0.0,0.0,12.1,12.4,12.0,14000.0
2017-04-05,8.615,12.4,0.0,12.4,0.0,0.0,0.0,0.0,12.4,12.4,12.4,0.0
2017-04-07,8.963,12.9,4.0323,12.746,2600.0,33140000.0,0.0,0.0,12.4,12.9,12.4,2600.0
2017-04-10,9.796,14.1,9.3023,13.913,7200.0,100170000.0,0.0,0.0,12.9,14.1,12.9,7200.0
2017-04-11,9.726,14.0,-0.7092,14.0,4746.0,66388800.0,0.0,0.0,14.0,14.0,14.0,4746.0
2017-04-12,9.589,13.8,-1.4286,13.8,5800.0,80040000.0,0.0,0.0,13.8,13.8,13.8,5800.0
2017-04-13,9.658,13.9,0.7246,13.814,3500.0,48350000.0,0.0,0.0,13.8,13.9,13.8,3500.0
2017-04-14,9.658,13.9,0.0,13.9,0.0,0.0,0.0,0.0,13.9,13.9,13.9,0.0
2017-04-17,9.658,13.9,0.0,13.9,100.0,1390000.0,0.0,0.0,13.9,13.9,13.9,100.0
2017-04-18,9.658,13.9,0.0,13.9,0.0,0.0,0.0,0.0,13.9,13.9,13.9,0.0
2017-04-19,9.658,13.9,0.0,13.9,400.0,5560000.0,0.0,0.0,13.9,13.9,13.9,400.0
2017-04-20,9.658,13.9,0.0,13.9,2000.0,27800000.0,0.0,0.0,13.9,13.9,13.9,2000.0
2017-04-21,9.726,14.0,0.7194,13.98,500.0,6990000.0,0.0,0.0,13.9,14.0,13.9,500.0
2017-04-24,9.726,14.0,0.0,14.0,0.0,0.0,0.0,0.0,14.0,14.0,14.0,0.0
2017-04-25,9.726,14.0,0.0,14.0,0.0,0.0,0.0,0.0,14.0,14.0,14.0,0.0
2017-04-26,9.726,14.0,0.0,14.0,0.0,0.0,0.0,0.0,14.0,14.0,14.0,0.0
2017-04-27,9.726,14.0,0.0,14.0,20.0,280000.0,0.0,0.0,14.0,14.0,14.0,20.0
2017-04-28,9.726,14.0,0.0,14.0,0.0,0.0,0.0,0.0,14.0,14.0,14.0,0.0
2017-05-03,10.143,14.6,4.2857,14.617,3020.0,44130000.0,0.0,0.0,14.7,14.7,14.6,3020.0
2017-05-04,10.143,14.6,0.0,14.6,0.0,0.0,0.0,0.0,14.6,14.6,14.6,0.0
2017-05-05,10.143,14.6,0.0,14.641,1700.0,24890000.0,0.0,0.0,14.7,14.7,14.6,1700.0
2017-05-08,10.143,14.6,0.0,14.6,0.0,0.0,0.0,0.0,14.6,14.6,14.6,0.0
2017-05-09,10.283,14.8,1.3699,14.695,9300.0,136660000.0,0.0,0.0,14.7,14.8,14.6,9300.0
2017-05-10,10.283,14.8,0.0,14.46,7344.0,106162800.0,0.0,0.0,14.8,14.8,14.0,7344.0
2017-05-11,10.422,15.0,1.3514,14.957,4710.0,70442000.0,0.0,0.0,14.9,15.0,14.9,4710.0
2017-05-12,9.726,14.0,-6.6667,14.056,9010.0,126650000.0,0.0,0.0,14.1,14.1,14.0,9010.0
2017-05-15,9.796,14.1,0.7143,14.1,6000.0,84600000.0,0.0,0.0,14.1,14.1,14.1,6000.0
2017-05-16,9.796,14.1,0.0,14.1,10.0,140000.0,0.0,0.0,14.1,14.1,14.1,10.0
2017-05-17,10.143,14.6,3.5461,14.306,12500.0,178830000.0,0.0,0.0,14.1,14.6,14.1,12500.0
2017-05-18,10.143,12.6,0.0,12.6,0.0,0.0,0.0,0.0,12.6,12.6,12.6,0.0
2017-05-19,10.143,12.6,0.0,12.6,0.0,0.0,0.0,0.0,12.6,12.6,12.6,0.0
2017-05-22,9.259,11.5,-8.7302,11.88,2500.0,29700000.0,0.0,0.0,12.2,12.2,11.5,2500.0
2017-05-23,9.259,11.5,0.0,11.5,1800.0,20700000.0,0.0,0.0,11.5,11.5,11.5,1800.0
2017-05-24,9.259,11.5,0.0,11.5,0.0,0.0,0.0,0.0,11.5,11.5,11.5,0.0
2017-05-25,9.259,11.5,0.0,11.5,0.0,0.0,0.0,0.0,11.5,11.5,11.5,0.0
2017-05-26,9.339,11.6,0.8696,11.6,100.0,1160000.0,0.0,0.0,11.6,11.6,11.6,100.0
2017-05-29,9.339,11.6,0.0,11.6,3300.0,38280000.0,0.0,0.0,11.6,11.6,11.6,3300.0
2017-05-30,9.983,12.4,6.8966,12.2,700.0,8540000.0,0.0,0.0,11.8,12.4,11.8,700.0
2017-05-31,10.064,12.5,0.8065,12.5,900.0,11250000.0,0.0,0.0,12.5,12.5,12.5,900.0
2017-06-01,10.064,12.5,0.0,12.5,0.0,0.0,0.0,0.0,12.5,12.5,12.5,0.0
2017-06-02,10.064,12.5,0.0,12.5,0.0,0.0,0.0,0.0,12.5,12.5,12.5,0.0
2017-06-05,10.064,12.5,0.0,12.5,0.0,0.0,0.0,0.0,12.5,12.5,12.5,0.0
2017-06-06,9.983,12.4,-0.8,12.49,8600.0,107410000.0,0.0,0.0,12.5,13.6,12.4,8600.0
2017-06-07,9.983,12.4,0.0,12.4,0.0,0.0,0.0,0.0,12.4,12.4,12.4,0.0
2017-06-08,9.983,12.4,0.0,12.4,0.0,0.0,0.0,0.0,12.4,12.4,12.4,0.0
2017-06-09,9.983,12.4,0.0,12.4,100.0,1240000.0,0.0,0.0,12.4,12.4,12.4,100.0
2017-06-12,9.983,12.4,0.0,12.4,0.0,0.0,0.0,0.0,12.4,12.4,12.4,0.0
2017-06-13,9.983,12.4,0.0,12.4,0.0,0.0,0.0,0.0,12.4,12.4,12.4,0.0
2017-06-14,10.385,12.9,4.0323,12.9,100.0,1290000.0,0.0,0.0,12.9,12.9,12.9,100.0
2017-06-15,10.385,12.9,0.0,12.9,0.0,0.0,0.0,0.0,12.9,12.9,12.9,0.0
2017-06-16,9.983,12.4,-3.876,11.84,8929.0,105699300.0,0.0,0.0,12.4,12.4,11.7,8929.0
2017-06-19,9.902,12.3,-0.8065,12.3,4200.0,51660000.0,0.0,0.0,12.3,12.3,12.3,4200.0
2017-06-20,9.902,12.3,0.0,12.3,33.0,405900.0,0.0,0.0,12.3,12.3,12.3,33.0
2017-06-21,9.902,12.3,0.0,12.3,100.0,1230000.0,0.0,0.0,12.3,12.3,12.3,100.0
2017-06-22,9.902,12.3,0.0,12.3,3700.0,45510000.0,0.0,0.0,12.3,12.3,12.3,3700.0
2017-06-23,9.902,12.3,0.0,12.3,0.0,0.0,0.0,0.0,12.3,12.3,12.3,0.0
2017-06-26,9.902,12.3,0.0,12.3,0.0,0.0,0.0,0.0,12.3,12.3,12.3,0.0
2017-06-27,9.902,12.3,0.0,12.3,0.0,0.0,0.0,0.0,12.3,12.3,12.3,0.0
2017-06-28,9.902,12.3,0.0,12.3,0.0,0.0,0.0,0.0,12.3,12.3,12.3,0.0
2017-06-29,9.902,12.3,0.0,12.3,0.0,0.0,0.0,0.0,12.3,12.3,12.3,0.0
2017-06-30,10.869,13.5,9.7561,13.5,1400.0,18900000.0,0.0,0.0,13.5,13.5,13.5,1400.0
2017-07-03,10.869,13.5,0.0,13.5,0.0,0.0,0.0,0.0,13.5,13.5,13.5,0.0
2017-07-04,10.869,13.5,0.0,13.5,0.0,0.0,0.0,0.0,13.5,13.5,13.5,0.0
2017-07-05,10.869,13.5,0.0,13.5,56.0,694400.0,0.0,0.0,13.5,13.5,13.5,56.0
2017-07-06,10.869,13.5,0.0,13.5,0.0,0.0,0.0,0.0,13.5,13.5,13.5,0.0
2017-07-07,10.869,13.5,0.0,13.5,0.0,0.0,0.0,0.0,13.5,13.5,13.5,0.0
2017-07-10,9.983,12.4,-8.1481,12.4,200.0,2480000.0,0.0,0.0,12.4,12.4,12.4,200.0
2017-07-11,9.983,12.4,0.0,12.4,0.0,0.0,0.0,0.0,12.4,12.4,12.4,0.0
2017-07-12,9.983,12.4,0.0,12.4,0.0,0.0,0.0,0.0,12.4,12.4,12.4,0.0
2017-07-13,9.983,12.4,0.0,12.4,0.0,0.0,0.0,0.0,12.4,12.4,12.4,0.0
2017-07-14,9.983,12.4,0.0,12.4,0.0,0.0,0.0,0.0,12.4,12.4,12.4,0.0
2017-07-17,9.983,12.4,0.0,12.4,0.0,0.0,0.0,0.0,12.4,12.4,12.4,0.0
2017-07-18,10.143,12.6,1.6129,12.6,500.0,6300000.0,0.0,0.0,12.6,12.6,12.6,500.0
2017-07-19,10.143,12.6,0.0,12.6,0.0,0.0,0.0,0.0,12.6,12.6,12.6,0.0
2017-07-20,10.143,12.6,0.0,12.6,0.0,0.0,0.0,0.0,12.6,12.6,12.6,0.0
2017-07-21,10.143,12.6,0.0,12.6,0.0,0.0,0.0,0.0,12.6,12.6,12.6,0.0
2017-07-24,9.66,12.0,-4.7619,12.263,4800.0,58860000.0,0.0,0.0,12.6,12.6,12.0,4800.0
2017-07-25,9.66,12.0,0.0,12.0,0.0,0.0,0.0,0.0,12.0,12.0,12.0,0.0
2017-07-26,9.66,12.0,0.0,12.0,10.0,115000.0,0.0,0.0,12.0,12.0,12.0,10.0
2017-07-27,9.66,12.0,0.0,12.0,0.0,0.0,0.0,0.0,12.0,12.0,12.0,0.0
2017-07-28,9.66,12.0,0.0,12.0,0.0,0.0,0.0,0.0,12.0,12.0,12.0,0.0
2017-07-31,9.66,12.0,0.0,12.0,2500.0,30000000.0,0.0,0.0,12.0,12.0,12.0,2500.0
2017-08-01,9.66,12.0,0.0,12.0,0.0,0.0,0.0,0.0,12.0,12.0,12.0,0.0
2017-08-02,9.66,12.0,0.0,12.0,0.0,0.0,0.0,0.0,12.0,12.0,12.0,0.0
2017-08-03,9.66,12.0,0.0,12.0,0.0,0.0,0.0,0.0,12.0,12.0,12.0,0.0
2017-08-04,9.983,12.4,3.3333,12.4,1000.0,12400000.0,0.0,0.0,12.4,12.4,12.4,1000.0
2017-08-07,9.983,12.4,0.0,12.4,0.0,0.0,0.0,0.0,12.4,12.4,12.4,0.0
2017-08-08,9.983,12.4,0.0,12.4,3400.0,42160000.0,0.0,0.0,12.4,12.4,12.4,3400.0
2017-08-09,9.983,12.4,0.0,12.4,0.0,0.0,0.0,0.0,12.4,12.4,12.4,0.0
2017-08-10,9.983,12.4,0.0,12.4,1000.0,12400000.0,0.0,0.0,12.4,12.4,12.4,1000.0
2017-08-11,9.983,12.4,0.0,12.4,0.0,0.0,0.0,0.0,12.4,12.4,12.4,0.0
2017-08-14,9.983,12.4,0.0,12.4,0.0,0.0,0.0,0.0,12.4,12.4,12.4,0.0
2017-08-15,9.983,12.4,0.0,12.4,0.0,0.0,0.0,0.0,12.4,12.4,12.4,0.0
2017-08-16,9.822,12.2,-1.6129,12.2,4600.0,56120000.0,0.0,0.0,12.2,12.2,12.2,4600.0
2017-08-17,9.822,12.2,0.0,12.2,0.0,0.0,0.0,0.0,12.2,12.2,12.2,0.0
2017-08-18,9.822,12.2,0.0,12.2,0.0,0.0,0.0,0.0,12.2,12.2,12.2,0.0
2017-08-21,9.822,12.2,0.0,12.2,0.0,0.0,0.0,0.0,12.2,12.2,12.2,0.0
2017-08-22,9.822,12.2,0.0,12.2,0.0,0.0,0.0,0.0,12.2,12.2,12.2,0.0
2017-08-23,9.822,12.2,0.0,12.2,0.0,0.0,0.0,0.0,12.2,12.2,12.2,0.0
2017-08-24,9.822,12.2,0.0,12.2,0.0,0.0,0.0,0.0,12.2,12.2,12.2,0.0
2017-08-25,8.855,11.0,-9.8361,11.0,4600.0,50600000.0,0.0,0.0,11.0,11.0,11.0,4600.0
2017-08-28,9.097,11.3,2.7273,11.38,1000.0,11380000.0,0.0,0.0,12.1,12.1,11.3,1000.0
2017-08-29,9.097,11.3,0.0,11.3,85.0,935000.0,0.0,0.0,11.3,11.3,11.3,85.0
2017-08-30,9.097,11.3,0.0,11.3,0.0,0.0,0.0,0.0,11.3,11.3,11.3,0.0
2017-08-31,9.097,11.3,0.0,11.3,0.0,0.0,0.0,0.0,11.3,11.3,11.3,0.0
2017-09-01,9.097,11.3,0.0,11.3,0.0,0.0,0.0,0.0,11.3,11.3,11.3,0.0
2017-09-05,9.259,11.5,1.7699,11.5,500.0,5750000.0,0.0,0.0,11.5,11.5,11.5,500.0
2017-09-06,9.259,11.5,0.0,11.5,0.0,0.0,0.0,0.0,11.5,11.5,11.5,0.0
2017-09-07,9.259,11.5,0.0,11.5,0.0,0.0,0.0,0.0,11.5,11.5,11.5,0.0
2017-09-08,9.259,11.5,0.0,11.5,0.0,0.0,0.0,0.0,11.5,11.5,11.5,0.0
2017-09-11,9.259,11.5,0.0,11.5,0.0,0.0,0.0,0.0,11.5,11.5,11.5,0.0
2017-09-12,9.259,11.5,0.0,11.5,10.0,114000.0,0.0,0.0,11.5,11.5,11.5,10.0
2017-09-13,9.259,11.5,0.0,11.5,0.0,0.0,0.0,0.0,11.5,11.5,11.5,0.0
2017-09-14,9.259,11.5,0.0,11.5,0.0,0.0,0.0,0.0,11.5,11.5,11.5,0.0
2017-09-15,9.259,11.5,0.0,11.5,0.0,0.0,0.0,0.0,11.5,11.5,11.5,0.0
2017-09-18,9.259,11.5,0.0,11.5,0.0,0.0,0.0,0.0,11.5,11.5,11.5,0.0
2017-09-19,9.259,11.5,0.0,11.5,0.0,0.0,0.0,0.0,11.5,11.5,11.5,0.0
2017-09-20,9.259,11.5,0.0,11.5,0.0,0.0,0.0,0.0,11.5,11.5,11.5,0.0
2017-09-21,9.339,11.6,0.8696,11.6,2300.0,26680000.0,0.0,0.0,11.6,11.6,11.6,2300.0
2017-09-22,9.581,11.9,2.5862,11.9,3135.0,37305000.0,0.0,0.0,11.9,11.9,11.9,3135.0
2017-09-25,9.581,11.9,0.0,11.9,0.0,0.0,0.0,0.0,11.9,11.9,11.9,0.0
2017-09-26,9.581,11.9,0.0,11.9,0.0,0.0,0.0,0.0,11.9,11.9,11.9,0.0
2017-09-27,9.983,12.4,4.2017,12.4,700.0,8680000.0,0.0,0.0,12.4,12.4,12.4,700.0
2017-09-28,9.983,12.4,0.0,12.4,100.0,1240000.0,0.0,0.0,12.4,12.4,12.4,100.0
2017-09-29,9.822,12.2,-1.6129,12.2,800.0,9760000.0,0.0,0.0,12.2,12.2,12.2,800.0
2017-10-02,9.822,12.2,0.0,12.2,0.0,0.0,0.0,0.0,12.2,12.2,12.2,0.0
2017-10-03,9.822,12.2,0.0,12.2,0.0,0.0,0.0,0.0,12.2,12.2,12.2,0.0
2017-10-04,9.822,12.2,0.0,12.2,0.0,0.0,0.0,0.0,12.2,12.2,12.2,0.0
2017-10-05,9.822,12.2,0.0,12.2,0.0,0.0,0.0,0.0,12.2,12.2,12.2,0.0
2017-10-06,9.822,12.2,0.0,12.2,0.0,0.0,0.0,0.0,12.2,12.2,12.2,0.0
2017-10-09,9.822,12.2,0.0,12.2,0.0,0.0,0.0,0.0,12.2,12.2,12.2,0.0
2017-10-10,9.822,12.2,0.0,12.2,0.0,0.0,0.0,0.0,12.2,12.2,12.2,0.0
2017-10-11,9.822,12.2,0.0,12.2,0.0,0.0,0.0,0.0,12.2,12.2,12.2,0.0
2017-10-12,9.742,12.1,-0.8197,12.1,300.0,3630000.0,0.0,0.0,12.1,12.1,12.1,300.0
2017-10-13,9.742,12.1,0.0,12.1,0.0,0.0,0.0,0.0,12.1,12.1,12.1,0.0
2017-10-16,9.742,12.1,0.0,12.1,161.0,1948100.0,0.0,0.0,12.1,12.1,12.1,161.0
2017-10-17,9.742,12.1,0.0,12.1,0.0,0.0,0.0,0.0,12.1,12.1,12.1,0.0
2017-10-18,9.742,12.1,0.0,12.1,0.0,0.0,0.0,0.0,12.1,12.1,12.1,0.0
2017-10-19,9.66,12.0,-0.8264,12.0,3100.0,37200000.0,0.0,0.0,12.0,12.0,12.0,3100.0
2017-10-20,9.66,12.0,0.0,12.0,0.0,0.0,0.0,0.0,12.0,12.0,12.0,0.0
2017-10-23,9.66,12.0,0.0,12.0,0.0,0.0,0.0,0.0,12.0,12.0,12.0,0.0
2017-10-24,9.66,12.0,0.0,12.0,0.0,0.0,0.0,0.0,12.0,12.0,12.0,0.0
2017-10-25,9.66,12.0,0.0,12.0,0.0,0.0,0.0,0.0,12.0,12.0,12.0,0.0
2017-10-26,9.66,12.0,0.0,12.0,0.0,0.0,0.0,0.0,12.0,12.0,12.0,0.0
2017-10-27,9.66,12.0,0.0,12.0,0.0,0.0,0.0,0.0,12.0,12.0,12.0,0.0
2017-10-30,9.66,12.0,0.0,12.0,0.0,0.0,0.0,0.0,12.0,12.0,12.0,0.0
2017-10-31,9.5,11.8,-1.6667,11.8,300.0,3540000.0,0.0,0.0,11.8,11.8,11.8,300.0
2017-11-01,9.017,11.2,-5.0847,11.2,100.0,1120000.0,0.0,0.0,11.2,11.2,11.2,100.0
2017-11-02,9.017,11.2,0.0,11.2,0.0,0.0,0.0,0.0,11.2,11.2,11.2,0.0
2017-11-03,9.017,11.2,0.0,11.2,0.0,0.0,0.0,0.0,11.2,11.2,11.2,0.0
2017-11-06,9.017,11.2,0.0,11.2,0.0,0.0,0.0,0.0,11.2,11.2,11.2,0.0
2017-11-07,8.855,11.0,-1.7857,11.0,100.0,1100000.0,0.0,0.0,11.0,11.0,11.0,100.0
2017-11-08,8.855,11.0,0.0,11.0,0.0,0.0,0.0,0.0,11.0,11.0,11.0,0.0
2017-11-09,8.855,11.0,0.0,11.0,0.0,0.0,0.0,0.0,11.0,11.0,11.0,0.0
2017-11-10,8.855,11.0,0.0,11.0,0.0,0.0,0.0,0.0,11.0,11.0,11.0,0.0
2017-11-13,8.855,11.0,0.0,11.0,0.0,0.0,0.0,0.0,11.0,11.0,11.0,0.0
2017-11-14,8.855,11.0,0.0,11.0,0.0,0.0,0.0,0.0,11.0,11.0,11.0,0.0
2017-11-15,8.855,11.0,0.0,11.0,0.0,0.0,0.0,0.0,11.0,11.0,11.0,0.0
2017-11-16,9.66,12.0,9.0909,11.6,200.0,2320000.0,0.0,0.0,11.2,12.0,11.2,200.0
2017-11-17,9.66,12.0,0.0,12.0,0.0,0.0,0.0,0.0,12.0,12.0,12.0,0.0
2017-11-20,8.855,11.0,-8.3333,11.0,300.0,3300000.0,0.0,0.0,11.0,11.0,11.0,300.0
2017-11-21,8.855,11.0,0.0,11.0,0.0,0.0,0.0,0.0,11.0,11.0,11.0,0.0
2017-11-22,8.855,11.0,0.0,11.0,100.0,1100000.0,0.0,0.0,11.0,11.0,11.0,100.0
2017-11-23,8.855,11.0,0.0,11.0,0.0,0.0,0.0,0.0,11.0,11.0,11.0,0.0
2017-11-24,8.855,11.0,0.0,11.0,0.0,0.0,0.0,0.0,11.0,11.0,11.0,0.0
2017-11-27,8.855,11.0,0.0,11.0,0.0,0.0,0.0,0.0,11.0,11.0,11.0,0.0
2017-11-28,8.855,11.0,0.0,11.0,0.0,0.0,0.0,0.0,11.0,11.0,11.0,0.0
2017-11-29,8.855,11.0,0.0,11.0,0.0,0.0,0.0,0.0,11.0,11.0,11.0,0.0
2017-11-30,8.855,11.0,0.0,11.0,0.0,0.0,0.0,0.0,11.0,11.0,11.0,0.0
2017-12-01,9.017,11.2,1.8182,11.2,100.0,1120000.0,0.0,0.0,11.2,11.2,11.2,100.0
2017-12-04,9.017,11.2,0.0,11.2,0.0,0.0,0.0,0.0,11.2,11.2,11.2,0.0
2017-12-05,9.017,11.2,0.0,11.2,0.0,0.0,0.0,0.0,11.2,11.2,11.2,0.0
2017-12-06,9.017,11.2,0.0,11.2,0.0,0.0,0.0,0.0,11.2,11.2,11.2,0.0
2017-12-07,9.017,11.2,0.0,11.2,0.0,0.0,0.0,0.0,11.2,11.2,11.2,0.0
2017-12-08,9.017,11.2,0.0,11.2,0.0,0.0,0.0,0.0,11.2,11.2,11.2,0.0
2017-12-11,9.017,11.2,0.0,11.2,0.0,0.0,0.0,0.0,11.2,11.2,11.2,0.0
2017-12-12,9.017,11.2,0.0,11.2,1000.0,11200000.0,0.0,0.0,11.2,11.2,11.2,1000.0
2017-12-13,9.017,11.2,0.0,11.2,0.0,0.0,0.0,0.0,11.2,11.2,11.2,0.0
2017-12-14,9.017,11.2,0.0,11.2,0.0,0.0,0.0,0.0,11.2,11.2,11.2,0.0
2017-12-15,9.017,11.2,0.0,11.2,0.0,0.0,0.0,0.0,11.2,11.2,11.2,0.0
2017-12-18,9.017,11.2,0.0,11.2,0.0,0.0,0.0,0.0,11.2,11.2,11.2,0.0
2017-12-19,9.017,11.2,0.0,11.2,0.0,0.0,0.0,0.0,11.2,11.2,11.2,0.0
2017-12-20,9.017,11.2,0.0,11.2,0.0,0.0,0.0,0.0,11.2,11.2,11.2,0.0
2017-12-21,9.097,11.3,0.8929,11.3,1000.0,11300000.0,0.0,0.0,11.3,11.3,11.3,1000.0
2017-12-22,9.097,11.3,0.0,11.3,0.0,0.0,0.0,0.0,11.3,11.3,11.3,0.0
2017-12-25,9.097,11.3,0.0,11.3,0.0,0.0,0.0,0.0,11.3,11.3,11.3,0.0
2017-12-26,9.097,11.3,0.0,11.3,0.0,0.0,0.0,0.0,11.3,11.3,11.3,0.0
2017-12-27,9.339,11.6,2.6549,11.6,2000.0,23200000.0,0.0,0.0,11.6,11.6,11.6,2000.0
2017-12-28,9.339,11.6,0.0,11.6,0.0,0.0,0.0,0.0,11.6,11.6,11.6,0.0
2017-12-29,9.339,11.6,0.0,11.6,0.0,0.0,0.0,0.0,11.6,11.6,11.6,0.0
2018-01-02,9.339,11.6,0.0,11.6,0.0,0.0,0.0,0.0,11.6,11.6,11.6,0.0
2018-01-03,9.339,11.6,0.0,11.6,0.0,0.0,0.0,0.0,11.6,11.6,11.6,0.0
2018-01-04,9.339,11.6,0.0,11.6,5700.0,66120000.0,0.0,0.0,11.6,11.6,11.6,5700.0
2018-01-05,9.339,11.6,0.0,11.6,0.0,0.0,0.0,0.0,11.6,11.6,11.6,0.0
2018-01-08,9.339,11.6,0.0,11.6,0.0,0.0,0.0,0.0,11.6,11.6,11.6,0.0
2018-01-09,9.339,11.6,0.0,11.6,0.0,0.0,0.0,0.0,11.6,11.6,11.6,0.0
2018-01-10,9.339,11.6,0.0,11.6,0.0,0.0,0.0,0.0,11.6,11.6,11.6,0.0
2018-01-11,9.339,11.6,0.0,11.6,0.0,0.0,0.0,0.0,11.6,11.6,11.6,0.0
2018-01-12,9.339,11.6,0.0,11.6,0.0,0.0,0.0,0.0,11.6,11.6,11.6,0.0
2018-01-15,9.339,11.6,0.0,11.6,0.0,0.0,0.0,0.0,11.6,11.6,11.6,0.0
2018-01-16,9.339,11.6,0.0,11.6,0.0,0.0,0.0,0.0,11.6,11.6,11.6,0.0
2018-01-17,9.339,11.6,0.0,11.6,0.0,0.0,0.0,0.0,11.6,11.6,11.6,0.0
2018-01-18,9.339,11.6,0.0,11.6,0.0,0.0,0.0,0.0,11.6,11.6,11.6,0.0
2018-01-19,9.339,11.6,0.0,11.6,0.0,0.0,0.0,0.0,11.6,11.6,11.6,0.0
2018-01-22,9.339,11.6,0.0,11.6,0.0,0.0,0.0,0.0,11.6,11.6,11.6,0.0
2018-01-23,9.339,11.6,0.0,11.6,84.0,882000.0,0.0,0.0,11.6,11.6,11.6,84.0
2018-01-24,9.339,11.6,0.0,11.6,0.0,0.0,0.0,0.0,11.6,11.6,11.6,0.0
2018-01-25,8.855,11.0,-5.1724,11.0,1000.0,11000000.0,0.0,0.0,11.0,11.0,11.0,1000.0
2018-01-26,8.855,11.0,0.0,11.0,1200.0,13200000.0,0.0,0.0,11.0,11.0,11.0,1200.0
2018-01-29,8.855,11.0,0.0,11.0,0.0,0.0,0.0,0.0,11.0,11.0,11.0,0.0
2018-01-30,8.855,11.0,0.0,11.0,0.0,0.0,0.0,0.0,11.0,11.0,11.0,0.0
2018-01-31,8.855,11.0,0.0,11.0,600.0,6600000.0,0.0,0.0,11.0,11.0,11.0,600.0
2018-02-01,8.855,11.0,0.0,11.0,3800.0,41800000.0,0.0,0.0,11.0,11.0,11.0,3800.0
2018-02-02,8.051,10.0,-9.0909,10.0,1000.0,10000000.0,0.0,0.0,10.0,10.0,10.0,1000.0
2018-02-05,8.051,10.0,0.0,10.0,0.0,0.0,0.0,0.0,10.0,10.0,10.0,0.0
2018-02-06,8.051,10.0,0.0,10.0,0.0,0.0,0.0,0.0,10.0,10.0,10.0,0.0
2018-02-07,8.051,10.0,0.0,10.0,5000.0,50000000.0,0.0,0.0,10.0,10.0,10.0,5000.0
2018-02-08,8.051,10.0,0.0,10.0,200.0,2000000.0,0.0,0.0,10.0,10.0,10.0,200.0
2018-02-09,8.051,10.0,0.0,10.0,0.0,0.0,0.0,0.0,10.0,10.0,10.0,0.0
2018-02-12,8.051,10.0,0.0,10.0,0.0,0.0,0.0,0.0,10.0,10.0,10.0,0.0
2018-02-13,8.051,10.0,0.0,10.0,0.0,0.0,0.0,0.0,10.0,10.0,10.0,0.0
2018-02-21,8.051,10.0,0.0,10.0,0.0,0.0,0.0,0.0,10.0,10.0,10.0,0.0
2018-02-22,8.051,10.0,0.0,10.0,0.0,0.0,0.0,0.0,10.0,10.0,10.0,0.0
2018-02-23,8.051,10.0,0.0,10.0,0.0,0.0,0.0,0.0,10.0,10.0,10.0,0.0
2018-02-26,8.051,10.0,0.0,10.0,0.0,0.0,0.0,0.0,10.0,10.0,10.0,0.0
2018-02-27,8.051,10.0,0.0,10.0,0.0,0.0,0.0,0.0,10.0,10.0,10.0,0.0
2018-02-28,8.051,10.0,0.0,10.0,0.0,0.0,0.0,0.0,10.0,10.0,10.0,0.0
2018-03-01,7.97,9.9,-1.0,9.9,2000.0,19800000.0,0.0,0.0,9.9,9.9,9.9,2000.0
2018-03-02,7.648,9.5,-4.0404,9.5,260.0,2452000.0,0.0,0.0,9.5,9.5,9.5,260.0
2018-03-05,7.407,9.2,-3.1579,9.214,3500.0,32250000.0,0.0,0.0,9.3,9.3,9.2,3500.0
2018-03-06,7.407,9.2,0.0,9.2,4000.0,36800000.0,0.0,0.0,9.2,9.2,9.2,4000.0
2018-03-07,7.729,9.6,4.3478,9.713,800.0,7770000.0,0.0,0.0,9.9,9.9,9.6,800.0
2018-03-08,7.729,9.6,0.0,9.6,15.0,144000.0,0.0,0.0,9.6,9.6,9.6,15.0
2018-03-09,7.729,9.6,0.0,9.6,0.0,0.0,0.0,0.0,9.6,9.6,9.6,0.0
2018-03-12,7.729,9.6,0.0,9.6,0.0,0.0,0.0,0.0,9.6,9.6,9.6,0.0
2018-03-13,7.729,9.6,0.0,9.6,0.0,0.0,0.0,0.0,9.6,9.6,9.6,0.0
2018-03-14,7.97,9.9,3.125,9.655,4400.0,42480000.0,0.0,0.0,9.6,9.9,9.6,4400.0
2018-03-15,7.97,9.9,0.0,9.9,1100.0,10890000.0,0.0,0.0,9.9,9.9,9.9,1100.0
2018-03-16,7.97,9.9,0.0,9.9,0.0,0.0,0.0,0.0,9.9,9.9,9.9,0.0
2018-03-19,8.534,10.6,7.0707,10.6,100.0,1060000.0,0.0,0.0,10.6,10.6,10.6,100.0
2018-03-20,8.534,10.6,0.0,10.6,0.0,0.0,0.0,0.0,10.6,10.6,10.6,0.0
2018-03-21,8.534,10.6,0.0,10.6,0.0,0.0,0.0,0.0,10.6,10.6,10.6,0.0
2018-03-22,8.534,10.6,0.0,10.6,0.0,0.0,0.0,0.0,10.6,10.6,10.6,0.0
2018-03-23,8.534,10.6,0.0,10.6,0.0,0.0,0.0,0.0,10.6,10.6,10.6,0.0
2018-03-26,8.534,10.6,0.0,10.6,0.0,0.0,0.0,0.0,10.6,10.6,10.6,0.0
2018-03-27,8.534,10.6,0.0,10.6,0.0,0.0,0.0,0.0,10.6,10.6,10.6,0.0
2018-03-28,8.534,10.6,0.0,10.6,0.0,0.0,0.0,0.0,10.6,10.6,10.6,0.0
2018-03-29,8.534,10.6,0.0,10.6,60.0,582000.0,0.0,0.0,10.6,10.6,10.6,60.0
2018-03-30,8.534,10.6,0.0,10.6,0.0,0.0,0.0,0.0,10.6,10.6,10.6,0.0
2018-04-02,8.534,10.6,0.0,10.6,0.0,0.0,0.0,0.0,10.6,10.6,10.6,0.0
2018-04-03,8.534,10.6,0.0,10.6,0.0,0.0,0.0,0.0,10.6,10.6,10.6,0.0
2018-04-04,8.534,10.6,0.0,10.6,0.0,0.0,0.0,0.0,10.6,10.6,10.6,0.0
2018-04-05,8.534,10.6,0.0,10.6,0.0,0.0,0.0,0.0,10.6,10.6,10.6,0.0
2018-04-06,8.051,10.0,-5.6604,10.0,1000.0,10000000.0,0.0,0.0,10.0,10.0,10.0,1000.0
2018-04-09,8.051,10.0,0.0,9.5,200.0,1900000.0,0.0,0.0,9.0,10.0,9.0,200.0
2018-04-10,8.051,10.0,0.0,10.0,0.0,0.0,0.0,0.0,10.0,10.0,10.0,0.0
2018-04-11,8.051,10.0,0.0,10.0,0.0,0.0,0.0,0.0,10.0,10.0,10.0,0.0
2018-04-12,8.051,10.0,0.0,10.0,0.0,0.0,0.0,0.0,10.0,10.0,10.0,0.0
2018-04-13,8.051,10.0,0.0,10.0,0.0,0.0,0.0,0.0,10.0,10.0,10.0,0.0
2018-04-16,8.051,10.0,0.0,10.0,0.0,0.0,0.0,0.0,10.0,10.0,10.0,0.0
2018-04-17,8.051,10.0,0.0,10.0,0.0,0.0,0.0,0.0,10.0,10.0,10.0,0.0
2018-04-18,8.051,10.0,0.0,10.0,0.0,0.0,0.0,0.0,10.0,10.0,10.0,0.0
2018-04-19,8.051,10.0,0.0,10.0,0.0,0.0,0.0,0.0,10.0,10.0,10.0,0.0
2018-04-20,8.051,10.0,0.0,10.0,0.0,0.0,0.0,0.0,10.0,10.0,10.0,0.0
2018-04-23,8.051,10.0,0.0,10.0,0.0,0.0,0.0,0.0,10.0,10.0,10.0,0.0
2018-04-24,8.051,10.0,0.0,10.0,0.0,0.0,0.0,0.0,10.0,10.0,10.0,0.0
2018-04-26,8.051,10.0,0.0,10.0,0.0,0.0,0.0,0.0,10.0,10.0,10.0,0.0
2018-04-27,8.051,10.0,0.0,10.0,0.0,0.0,0.0,0.0,10.0,10.0,10.0,0.0
2018-05-02,8.051,10.0,0.0,10.0,0.0,0.0,0.0,0.0,10.0,10.0,10.0,0.0
2018-05-03,7.246,9.0,-10.0,9.0,100.0,900000.0,0.0,0.0,9.0,9.0,9.0,100.0
2018-05-04,7.246,9.0,0.0,9.0,0.0,0.0,0.0,0.0,9.0,9.0,9.0,0.0
2018-05-07,7.246,9.0,0.0,9.0,0.0,0.0,0.0,0.0,9.0,9.0,9.0,0.0
2018-05-08,7.246,9.0,0.0,9.0,0.0,0.0,0.0,0.0,9.0,9.0,9.0,0.0
2018-05-09,7.246,9.0,0.0,9.0,0.0,0.0,0.0,0.0,9.0,9.0,9.0,0.0
2018-05-10,7.246,9.0,0.0,9.0,0.0,0.0,0.0,0.0,9.0,9.0,9.0,0.0
2018-05-11,7.246,9.0,0.0,9.0,0.0,0.0,0.0,0.0,9.0,9.0,9.0,0.0
2018-05-14,7.246,9.0,0.0,9.0,0.0,0.0,0.0,0.0,9.0,9.0,9.0,0.0
2018-05-15,7.246,9.0,0.0,9.0,0.0,0.0,0.0,0.0,9.0,9.0,9.0,0.0
2018-05-16,7.246,9.0,0.0,9.0,0.0,0.0,0.0,0.0,9.0,9.0,9.0,0.0
2018-05-17,7.97,9.9,10.0,9.9,100.0,990000.0,0.0,0.0,9.9,9.9,9.9,100.0
2018-05-18,7.97,9.9,0.0,9.9,0.0,0.0,0.0,0.0,9.9,9.9,9.9,0.0
2018-05-21,7.97,9.9,0.0,9.9,0.0,0.0,0.0,0.0,9.9,9.9,9.9,0.0
2018-05-22,7.97,9.9,0.0,9.9,0.0,0.0,0.0,0.0,9.9,9.9,9.9,0.0
2018-05-23,7.97,9.9,0.0,9.9,0.0,0.0,0.0,0.0,9.9,9.9,9.9,0.0
2018-05-24,7.97,9.9,0.0,9.9,0.0,0.0,0.0,0.0,9.9,9.9,9.9,0.0
2018-05-25,7.97,9.9,0.0,9.9,0.0,0.0,0.0,0.0,9.9,9.9,9.9,0.0
2018-05-28,7.97,9.9,0.0,9.9,0.0,0.0,0.0,0.0,9.9,9.9,9.9,0.0
2018-05-29,7.97,9.9,0.0,9.9,0.0,0.0,0.0,0.0,9.9,9.9,9.9,0.0
2018-05-30,8.051,10.0,1.0101,10.0,100.0,1000000.0,0.0,0.0,10.0,10.0,10.0,100.0
2018-05-31,8.051,10.0,0.0,10.0,0.0,0.0,0.0,0.0,10.0,10.0,10.0,0.0
2018-06-01,8.453,10.5,5.0,10.5,100.0,1050000.0,0.0,0.0,10.5,10.5,10.5,100.0
2018-06-04,8.453,9.5,0.0,9.5,0.0,0.0,0.0,0.0,9.5,9.5,9.5,0.0
2018-06-05,8.453,9.5,0.0,9.5,0.0,0.0,0.0,0.0,9.5,9.5,9.5,0.0
2018-06-06,8.453,9.5,0.0,9.5,0.0,0.0,0.0,0.0,9.5,9.5,9.5,0.0
2018-06-07,8.453,9.5,0.0,9.5,0.0,0.0,0.0,0.0,9.5,9.5,9.5,0.0
2018-06-08,8.453,9.5,0.0,9.5,0.0,0.0,0.0,0.0,9.5,9.5,9.5,0.0
2018-06-11,8.453,9.5,0.0,9.5,0.0,0.0,0.0,0.0,9.5,9.5,9.5,0.0
2018-06-12,8.453,9.5,0.0,9.5,0.0,0.0,0.0,0.0,9.5,9.5,9.5,0.0
2018-06-13,8.453,9.5,0.0,9.5,0.0,0.0,0.0,0.0,9.5,9.5,9.5,0.0
2018-06-14,8.453,9.5,0.0,9.5,0.0,0.0,0.0,0.0,9.5,9.5,9.5,0.0
2018-06-15,8.453,9.5,0.0,9.5,0.0,0.0,0.0,0.0,9.5,9.5,9.5,0.0
2018-06-18,8.453,9.5,0.0,9.5,0.0,0.0,0.0,0.0,9.5,9.5,9.5,0.0
2018-06-19,8.453,9.5,0.0,9.5,0.0,0.0,0.0,0.0,9.5,9.5,9.5,0.0
2018-06-20,8.453,9.5,0.0,9.5,0.0,0.0,0.0,0.0,9.5,9.5,9.5,0.0
2018-06-21,8.008,9.0,-5.2632,9.0,200.0,1800000.0,0.0,0.0,9.0,9.0,9.0,200.0
2018-06-22,7.208,8.1,0.0,8.1,100.0,810000.0,0.0,0.0,8.1,8.1,8.1,100.0
2018-06-25,7.208,8.1,0.0,8.1,0.0,0.0,0.0,0.0,8.1,8.1,8.1,0.0
2018-06-26,6.496,7.3,-9.8765,7.3,100.0,730000.0,0.0,0.0,7.3,7.3,7.3,100.0
2018-06-27,6.496,7.3,0.0,7.3,0.0,0.0,0.0,0.0,7.3,7.3,7.3,0.0
2018-06-28,6.228,7.0,-4.1096,6.867,300.0,2060000.0,0.0,0.0,6.6,7.0,6.6,300.0
2018-06-29,6.407,7.2,2.8571,7.2,100.0,720000.0,0.0,0.0,7.2,7.2,7.2,100.0
2018-07-02,6.407,7.2,0.0,7.2,0.0,0.0,0.0,0.0,7.2,7.2,7.2,0.0
2018-07-03,6.228,7.0,-2.7778,7.0,100.0,700000.0,0.0,0.0,7.0,7.0,7.0,100.0
2018-07-04,6.852,7.7,10.0,7.7,100.0,770000.0,0.0,0.0,7.7,7.7,7.7,100.0
2018-07-05,6.228,7.0,-9.0909,7.0,100.0,700000.0,0.0,0.0,7.0,7.0,7.0,100.0
2018-07-06,5.872,6.6,-5.7143,6.6,100.0,660000.0,0.0,0.0,6.6,6.6,6.6,100.0
2018-07-09,5.872,6.6,0.0,6.6,0.0,0.0,0.0,0.0,6.6,6.6,6.6,0.0
2018-07-10,6.407,7.2,9.0909,7.2,100.0,720000.0,0.0,0.0,7.2,7.2,7.2,100.0
2018-07-11,6.407,7.2,0.0,7.2,0.0,0.0,0.0,0.0,7.2,7.2,7.2,0.0
2018-07-12,6.407,7.2,0.0,7.2,0.0,0.0,0.0,0.0,7.2,7.2,7.2,0.0
2018-07-13,6.407,7.2,0.0,7.2,0.0,0.0,0.0,0.0,7.2,7.2,7.2,0.0
2018-07-16,7.03,7.9,9.7222,7.2,200.0,1440000.0,0.0,0.0,6.5,7.9,6.5,200.0
2018-07-17,7.03,7.9,0.0,7.9,0.0,0.0,0.0,0.0,7.9,7.9,7.9,0.0
2018-07-18,7.653,8.6,8.8608,7.967,300.0,2390000.0,0.0,0.0,7.2,8.6,7.2,300.0
2018-07-19,8.097,9.1,5.814,8.667,300.0,2600000.0,0.0,0.0,7.8,9.1,7.8,300.0
2018-07-20,8.72,9.8,7.6923,9.15,200.0,1830000.0,0.0,0.0,8.5,9.8,8.5,200.0
2018-07-23,8.631,9.7,-1.0204,9.3,200.0,1860000.0,0.0,0.0,8.9,9.7,8.9,200.0
2018-07-24,7.83,8.8,-9.2784,8.8,100.0,880000.0,0.0,0.0,8.8,8.8,8.8,100.0
2018-07-25,8.364,9.4,6.8182,8.0,200.0,1740000.0,0.0,0.0,8.0,9.4,8.0,200.0
2018-07-26,7.564,8.5,-9.5745,8.5,100.0,850000.0,0.0,0.0,8.5,8.5,8.5,100.0
2018-07-27,7.564,8.5,0.0,8.5,0.0,0.0,0.0,0.0,8.5,8.5,8.5,0.0
2018-07-30,7.564,8.5,0.0,8.5,0.0,0.0,0.0,0.0,8.5,8.5,8.5,0.0
2018-07-31,7.564,8.5,0.0,8.34,500.0,4170000.0,0.0,0.0,7.7,8.5,7.7,500.0
2018-08-01,6.941,7.8,-8.2353,7.8,100.0,780000.0,0.0,0.0,7.8,7.8,7.8,100.0
2018-08-02,6.941,7.8,0.0,7.8,0.0,0.0,0.0,0.0,7.8,7.8,7.8,0.0
2018-08-03,6.941,7.8,0.0,7.8,0.0,0.0,0.0,0.0,7.8,7.8,7.8,0.0
2018-08-06,6.585,7.4,0.0,7.4,800.0,5920000.0,0.0,0.0,7.4,7.4,7.4,800.0
2018-08-07,7.208,8.1,0.0,8.1,100.0,810000.0,0.0,0.0,8.1,8.1,8.1,100.0
2018-08-08,6.585,7.4,0.0,7.4,100.0,740000.0,0.0,0.0,7.4,7.4,7.4,100.0
2018-08-09,6.585,7.4,0.0,7.4,0.0,0.0,0.0,0.0,7.4,7.4,7.4,0.0
2018-08-10,7.208,8.1,9.4595,7.5,200.0,1500000.0,0.0,0.0,6.9,8.1,6.9,200.0
2018-08-13,7.919,8.9,9.8765,8.1,200.0,1620000.0,0.0,0.0,7.3,8.9,7.3,200.0
2018-08-14,7.919,8.9,0.0,8.9,0.0,0.0,0.0,0.0,8.9,8.9,8.9,0.0
2018-08-15,7.208,8.1,-8.9888,8.1,100.0,810000.0,0.0,0.0,8.1,8.1,8.1,100.0
2018-08-16,6.585,7.4,-8.642,7.4,100.0,740000.0,0.0,0.0,7.4,7.4,7.4,100.0
2018-08-17,6.585,7.4,0.0,7.4,0.0,0.0,0.0,0.0,7.4,7.4,7.4,0.0
2018-08-20,7.208,8.1,9.4595,8.1,100.0,810000.0,0.0,0.0,8.1,8.1,8.1,100.0
2018-08-21,6.585,7.4,-8.642,7.4,100.0,740000.0,0.0,0.0,7.4,7.4,7.4,100.0
2018-08-22,6.585,7.4,0.0,7.4,0.0,0.0,0.0,0.0,7.4,7.4,7.4,0.0
2018-08-23,6.585,7.4,0.0,7.4,0.0,0.0,0.0,0.0,7.4,7.4,7.4,0.0
2018-08-24,6.585,7.4,0.0,7.4,0.0,0.0,0.0,0.0,7.4,7.4,7.4,0.0
2018-08-27,6.585,7.4,0.0,7.4,0.0,0.0,0.0,0.0,7.4,7.4,7.4,0.0
2018-08-28,6.05,6.8,-8.1081,6.8,100.0,680000.0,0.0,0.0,6.8,6.8,6.8,100.0
2018-08-29,6.05,6.8,0.0,6.8,0.0,0.0,0.0,0.0,6.8,6.8,6.8,0.0
2018-08-30,6.05,6.8,0.0,6.8,0.0,0.0,0.0,0.0,6.8,6.8,6.8,0.0
2018-08-31,6.05,6.8,0.0,6.8,0.0,0.0,0.0,0.0,6.8,6.8,6.8,0.0
2018-09-04,6.05,6.8,0.0,6.8,0.0,0.0,0.0,0.0,6.8,6.8,6.8,0.0
2018-09-05,6.05,6.8,0.0,6.8,0.0,0.0,0.0,0.0,6.8,6.8,6.8,0.0
2018-09-06,6.05,6.8,0.0,6.8,0.0,0.0,0.0,0.0,6.8,6.8,6.8,0.0
2018-09-07,5.605,6.3,-7.3529,6.3,100.0,630000.0,0.0,0.0,6.3,6.3,6.3,100.0
2018-09-10,5.605,6.3,0.0,6.3,0.0,0.0,0.0,0.0,6.3,6.3,6.3,0.0
2018-09-11,5.605,6.3,0.0,6.3,0.0,0.0,0.0,0.0,6.3,6.3,6.3,0.0
2018-09-12,5.605,6.3,0.0,6.3,0.0,0.0,0.0,0.0,6.3,6.3,6.3,0.0
2018-09-13,5.605,6.3,0.0,6.3,0.0,0.0,0.0,0.0,6.3,6.3,6.3,0.0
2018-09-14,5.605,6.3,0.0,6.3,0.0,0.0,0.0,0.0,6.3,6.3,6.3,0.0
2018-09-17,5.605,6.3,0.0,6.3,0.0,0.0,0.0,0.0,6.3,6.3,6.3,0.0
2018-09-18,5.872,6.6,4.7619,6.6,5400.0,35640000.0,0.0,0.0,6.6,6.6,6.6,5400.0
2018-09-19,5.872,6.6,0.0,6.6,0.0,0.0,0.0,0.0,6.6,6.6,6.6,0.0
2018-09-20,5.872,6.6,0.0,6.6,0.0,0.0,0.0,0.0,6.6,6.6,6.6,0.0
2018-09-21,5.872,6.6,0.0,6.6,0.0,0.0,0.0,0.0,6.6,6.6,6.6,0.0
2018-09-24,5.872,6.6,0.0,6.6,1000.0,6600000.0,0.0,0.0,6.6,6.6,6.6,1000.0
2018-09-25,5.872,6.6,0.0,6.6,2000.0,13200000.0,0.0,0.0,6.6,6.6,6.6,2000.0
2018-09-26,6.407,7.2,9.0909,7.2,100.0,720000.0,0.0,0.0,7.2,7.2,7.2,100.0
2018-09-27,5.872,6.6,-8.3333,6.6,100.0,660000.0,0.0,0.0,6.6,6.6,6.6,100.0
2018-09-28,5.872,6.6,0.0,6.6,0.0,0.0,0.0,0.0,6.6,6.6,6.6,0.0
2018-10-01,5.872,6.6,0.0,6.6,0.0,0.0,0.0,0.0,6.6,6.6,6.6,0.0
2018-10-02,5.872,6.6,0.0,6.6,0.0,0.0,0.0,0.0,6.6,6.6,6.6,0.0
2018-10-03,5.872,6.6,0.0,6.6,0.0,0.0,0.0,0.0,6.6,6.6,6.6,0.0
2018-10-04,5.339,6.0,-9.0909,6.0,100.0,600000.0,0.0,0.0,6.0,6.0,6.0,100.0
2018-10-05,5.339,6.0,0.0,6.0,0.0,0.0,0.0,0.0,6.0,6.0,6.0,0.0
2018-10-08,5.872,6.6,10.0,6.6,5400.0,35640000.0,0.0,0.0,6.6,6.6,6.6,5400.0
2018-10-09,5.872,6.6,0.0,6.6,0.0,0.0,0.0,0.0,6.6,6.6,6.6,0.0
2018-10-10,5.872,6.6,0.0,6.6,0.0,0.0,0.0,0.0,6.6,6.6,6.6,0.0
2018-10-11,5.872,6.6,0.0,6.6,0.0,0.0,0.0,0.0,6.6,6.6,6.6,0.0
2018-10-12,5.872,6.6,0.0,6.6,0.0,0.0,0.0,0.0,6.6,6.6,6.6,0.0
2018-10-15,5.428,6.1,-7.5758,6.1,100.0,610000.0,0.0,0.0,6.1,6.1,6.1,100.0
2018-10-16,5.428,6.1,0.0,6.1,0.0,0.0,0.0,0.0,6.1,6.1,6.1,0.0
2018-10-17,5.428,6.1,0.0,6.1,0.0,0.0,0.0,0.0,6.1,6.1,6.1,0.0
2018-10-18,5.428,6.1,0.0,6.1,0.0,0.0,0.0,0.0,6.1,6.1,6.1,0.0
2018-10-19,4.983,5.6,-8.1967,5.6,100.0,560000.0,0.0,0.0,5.6,5.6,5.6,100.0
2018-10-22,4.983,5.6,0.0,5.6,0.0,0.0,0.0,0.0,5.6,5.6,5.6,0.0
2018-10-23,5.428,6.1,8.9286,6.1,300.0,1830000.0,0.0,0.0,6.1,6.1,6.1,300.0
2018-10-24,5.428,6.1,0.0,6.1,0.0,0.0,0.0,0.0,6.1,6.1,6.1,0.0
2018-10-25,5.428,6.1,0.0,6.1,0.0,0.0,0.0,0.0,6.1,6.1,6.1,0.0
2018-10-26,4.983,5.6,-8.1967,5.6,100.0,560000.0,0.0,0.0,5.6,5.6,5.6,100.0
2018-10-29,4.983,5.6,0.0,5.6,0.0,0.0,0.0,0.0,5.6,5.6,5.6,0.0
2018-10-30,4.983,5.6,0.0,5.6,0.0,0.0,0.0,0.0,5.6,5.6,5.6,0.0
2018-10-31,4.983,5.6,0.0,5.6,0.0,0.0,0.0,0.0,5.6,5.6,5.6,0.0
2018-11-01,4.983,5.6,0.0,5.6,0.0,0.0,0.0,0.0,5.6,5.6,5.6,0.0
2018-11-02,5.428,6.1,8.9286,6.1,100.0,610000.0,0.0,0.0,6.1,6.1,6.1,100.0
2018-11-05,5.428,6.1,0.0,6.1,0.0,0.0,0.0,0.0,6.1,6.1,6.1,0.0
2018-11-06,5.961,6.7,9.8361,6.1,200.0,1220000.0,0.0,0.0,5.5,6.7,5.5,200.0
2018-11-07,5.428,6.1,-8.9552,6.1,100.0,610000.0,0.0,0.0,6.1,6.1,6.1,100.0
2018-11-08,5.428,6.1,0.0,6.1,0.0,0.0,0.0,0.0,6.1,6.1,6.1,0.0
2018-11-09,5.428,6.1,0.0,6.1,0.0,0.0,0.0,0.0,6.1,6.1,6.1,0.0
2018-11-12,5.428,6.1,0.0,6.1,0.0,0.0,0.0,0.0,6.1,6.1,6.1,0.0
2018-11-13,5.961,6.7,9.8361,6.7,100.0,670000.0,0.0,0.0,6.7,6.7,6.7,100.0
2018-11-14,5.961,6.7,0.0,6.7,0.0,0.0,0.0,0.0,6.7,6.7,6.7,0.0
2018-11-15,5.428,6.1,-8.9552,6.1,100.0,610000.0,0.0,0.0,6.1,6.1,6.1,100.0
2018-11-16,5.961,6.7,9.8361,6.7,300.0,2010000.0,0.0,0.0,6.7,6.7,6.7,300.0
2018-11-19,5.428,6.1,-8.9552,6.1,100.0,610000.0,0.0,0.0,6.1,6.1,6.1,100.0
2018-11-20,5.961,6.7,9.8361,6.7,100.0,670000.0,0.0,0.0,6.7,6.7,6.7,100.0
2018-11-21,5.428,6.1,-8.9552,6.1,100.0,610000.0,0.0,0.0,6.1,6.1,6.1,100.0
2018-11-22,5.428,6.1,0.0,6.1,0.0,0.0,0.0,0.0,6.1,6.1,6.1,0.0
2018-11-23,5.428,6.1,0.0,6.1,0.0,0.0,0.0,0.0,6.1,6.1,6.1,0.0
2018-11-26,5.428,6.1,0.0,6.1,0.0,0.0,0.0,0.0,6.1,6.1,6.1,0.0
2018-11-27,5.516,6.2,1.6393,6.2,2000.0,12400000.0,0.0,0.0,6.2,6.2,6.2,2000.0
2018-11-28,5.516,6.2,0.0,6.2,400.0,2480000.0,0.0,0.0,6.2,6.2,6.2,400.0
2018-11-29,5.516,6.2,0.0,6.2,0.0,0.0,0.0,0.0,6.2,6.2,6.2,0.0
2018-11-30,5.428,6.1,-1.6129,6.1,100.0,610000.0,0.0,0.0,6.1,6.1,6.1,100.0
2018-12-03,5.428,6.1,0.0,6.1,0.0,0.0,0.0,0.0,6.1,6.1,6.1,0.0
2018-12-04,5.428,6.1,0.0,6.1,0.0,0.0,0.0,0.0,6.1,6.1,6.1,0.0
2018-12-05,5.428,6.1,0.0,6.1,0.0,0.0,0.0,0.0,6.1,6.1,6.1,0.0
2018-12-06,5.428,6.1,0.0,6.1,0.0,0.0,0.0,0.0,6.1,6.1,6.1,0.0
2018-12-07,5.428,6.1,0.0,6.1,0.0,0.0,0.0,0.0,6.1,6.1,6.1,0.0
2018-12-10,5.428,6.1,0.0,6.1,0.0,0.0,0.0,0.0,6.1,6.1,6.1,0.0
2018-12-11,5.428,6.1,0.0,6.1,0.0,0.0,0.0,0.0,6.1,6.1,6.1,0.0
2018-12-12,5.428,6.1,0.0,6.1,0.0,0.0,0.0,0.0,6.1,6.1,6.1,0.0
2018-12-13,5.428,6.1,0.0,6.1,200.0,1220000.0,0.0,0.0,6.1,6.1,6.1,200.0
2018-12-14,5.428,6.1,0.0,6.1,0.0,0.0,0.0,0.0,6.1,6.1,6.1,0.0
2018-12-17,4.983,5.6,-8.1967,5.6,100.0,560000.0,0.0,0.0,5.6,5.6,5.6,100.0
2018-12-18,4.983,5.6,0.0,5.6,0.0,0.0,0.0,0.0,5.6,5.6,5.6,0.0
2018-12-19,4.983,5.6,0.0,5.6,0.0,0.0,0.0,0.0,5.6,5.6,5.6,0.0
2018-12-20,4.983,5.6,0.0,5.6,0.0,0.0,0.0,0.0,5.6,5.6,5.6,0.0
2018-12-21,4.983,5.6,0.0,5.6,0.0,0.0,0.0,0.0,5.6,5.6,5.6,0.0
2018-12-24,4.983,5.6,0.0,5.6,0.0,0.0,0.0,0.0,5.6,5.6,5.6,0.0
2018-12-25,4.983,5.6,0.0,5.6,5400.0,30240000.0,0.0,0.0,5.6,5.6,5.6,5400.0
2018-12-26,4.983,5.6,0.0,5.6,0.0,0.0,0.0,0.0,5.6,5.6,5.6,0.0
2018-12-27,4.983,5.6,0.0,5.6,0.0,0.0,0.0,0.0,5.6,5.6,5.6,0.0
2018-12-28,4.538,5.1,-8.9286,5.1,100.0,510000.0,0.0,0.0,5.1,5.1,5.1,100.0
2019-01-02,4.538,5.1,0.0,5.1,0.0,0.0,0.0,0.0,5.1,5.1,5.1,0.0
2019-01-03,4.538,5.1,0.0,5.1,0.0,0.0,0.0,0.0,5.1,5.1,5.1,0.0
2019-01-04,4.538,5.1,0.0,5.1,0.0,0.0,0.0,0.0,5.1,5.1,5.1,0.0
2019-01-07,4.182,4.7,-7.8431,4.7,100.0,470000.0,0.0,0.0,4.7,4.7,4.7,100.0
2019-01-08,4.182,4.7,0.0,4.7,0.0,0.0,0.0,0.0,4.7,4.7,4.7,0.0
2019-01-09,4.182,4.7,0.0,4.7,0.0,0.0,0.0,0.0,4.7,4.7,4.7,0.0
2019-01-10,4.182,4.7,0.0,4.7,0.0,0.0,0.0,0.0,4.7,4.7,4.7,0.0
2019-01-11,4.182,4.7,0.0,4.7,0.0,0.0,0.0,0.0,4.7,4.7,4.7,0.0
2019-01-14,4.182,4.7,0.0,4.7,0.0,0.0,0.0,0.0,4.7,4.7,4.7,0.0
2019-01-15,4.182,4.7,0.0,4.7,0.0,0.0,0.0,0.0,4.7,4.7,4.7,0.0
2019-01-16,4.538,5.1,8.5106,5.1,100.0,510000.0,0.0,0.0,5.1,5.1,5.1,100.0
2019-01-17,4.983,5.6,9.8039,5.6,200.0,1120000.0,0.0,0.0,5.6,5.6,5.6,200.0
2019-01-18,4.538,5.1,-8.9286,5.1,100.0,510000.0,0.0,0.0,5.1,5.1,5.1,100.0
2019-01-21,4.983,5.6,9.8039,5.6,129.0,707900.0,0.0,0.0,5.6,5.6,5.6,129.0
2019-01-22,4.538,5.1,-8.9286,5.1,100.0,510000.0,0.0,0.0,5.1,5.1,5.1,100.0
2019-01-23,4.538,5.1,0.0,5.1,0.0,0.0,0.0,0.0,5.1,5.1,5.1,0.0
2019-01-24,4.182,4.7,-7.8431,4.7,100.0,470000.0,0.0,0.0,4.7,4.7,4.7,100.0
2019-01-25,4.538,5.1,8.5106,5.1,100.0,510000.0,0.0,0.0,5.1,5.1,5.1,100.0
2019-01-28,4.093,4.6,-9.8039,4.6,100.0,460000.0,0.0,0.0,4.6,4.6,4.6,100.0
2019-01-29,4.093,4.6,0.0,4.629,1400.0,6480000.0,0.0,0.0,5.0,5.0,4.6,1400.0
2019-01-30,4.449,5.0,8.6957,4.65,200.0,930000.0,0.0,0.0,4.3,5.0,4.3,200.0
2019-01-31,4.004,4.5,-10.0,4.5,100.0,450000.0,0.0,0.0,4.5,4.5,4.5,100.0
2019-02-01,4.36,4.9,8.8889,4.9,100.0,490000.0,0.0,0.0,4.9,4.9,4.9,100.0
2019-02-11,4.716,5.3,8.1633,5.3,100.0,530000.0,0.0,0.0,5.3,5.3,5.3,100.0
2019-02-12,5.072,5.7,7.5472,5.3,200.0,1060000.0,0.0,0.0,4.9,5.7,4.9,200.0
2019-02-13,4.627,5.2,-8.7719,5.2,100.0,520000.0,0.0,0.0,5.2,5.2,5.2,100.0
2019-02-14,4.627,5.2,0.0,5.2,0.0,0.0,0.0,0.0,5.2,5.2,5.2,0.0
2019-02-15,4.627,5.2,0.0,5.2,0.0,0.0,0.0,0.0,5.2,5.2,5.2,0.0
2019-02-18,4.627,5.2,0.0,5.2,0.0,0.0,0.0,0.0,5.2,5.2,5.2,0.0
2019-02-19,4.182,4.7,-9.6154,4.7,100.0,470000.0,0.0,0.0,4.7,4.7,4.7,100.0
2019-02-20,4.538,5.1,8.5106,5.1,100.0,510000.0,0.0,0.0,5.1,5.1,5.1,100.0
2019-02-21,4.538,5.1,0.0,5.1,0.0,0.0,0.0,0.0,5.1,5.1,5.1,0.0
2019-02-22,4.538,5.1,0.0,5.1,0.0,0.0,0.0,0.0,5.1,5.1,5.1,0.0
2019-02-25,4.538,5.1,0.0,5.1,0.0,0.0,0.0,0.0,5.1,5.1,5.1,0.0
2019-02-26,4.538,5.1,0.0,5.1,0.0,0.0,0.0,0.0,5.1,5.1,5.1,0.0
2019-02-27,4.983,5.6,9.8039,5.575,400.0,2230000.0,0.0,0.0,5.5,5.6,5.5,400.0
2019-02-28,4.538,5.1,-8.9286,5.1,100.0,510000.0,0.0,0.0,5.1,5.1,5.1,100.0
2019-03-01,4.538,5.1,0.0,5.1,0.0,0.0,0.0,0.0,5.1,5.1,5.1,0.0
2019-03-04,4.538,5.1,0.0,5.1,0.0,0.0,0.0,0.0,5.1,5.1,5.1,0.0
2019-03-05,4.538,5.1,0.0,5.1,0.0,0.0,0.0,0.0,5.1,5.1,5.1,0.0
2019-03-06,4.983,5.6,9.8039,5.583,600.0,3350000.0,0.0,0.0,5.5,5.6,5.5,600.0
2019-03-07,4.538,5.1,-8.9286,5.1,100.0,510000.0,0.0,0.0,5.1,5.1,5.1,100.0
2019-03-08,4.538,5.1,0.0,5.1,0.0,0.0,0.0,0.0,5.1,5.1,5.1,0.0
2019-03-11,4.538,5.1,0.0,5.1,0.0,0.0,0.0,0.0,5.1,5.1,5.1,0.0
2019-03-12,4.983,5.6,9.8039,5.6,100.0,560000.0,0.0,0.0,5.6,5.6,5.6,100.0
2019-03-13,4.538,5.1,-8.9286,5.1,100.0,510000.0,0.0,0.0,5.1,5.1,5.1,100.0
2019-03-14,4.538,5.1,0.0,5.1,0.0,0.0,0.0,0.0,5.1,5.1,5.1,0.0
2019-03-15,4.983,5.6,9.8039,5.6,400.0,2240000.0,0.0,0.0,5.6,5.6,5.6,400.0
2019-03-18,5.428,6.1,8.9286,6.1,100.0,610000.0,0.0,0.0,6.1,6.1,6.1,100.0
2019-03-19,5.428,6.1,0.0,6.1,0.0,0.0,0.0,0.0,6.1,6.1,6.1,0.0
2019-03-20,5.961,6.7,9.8361,6.7,400.0,2680000.0,0.0,0.0,6.7,6.7,6.7,400.0
2019-03-21,6.496,7.3,8.9552,7.3,100.0,730000.0,0.0,0.0,7.3,7.3,7.3,100.0
2019-03-22,6.496,7.3,0.0,7.3,0.0,0.0,0.0,0.0,7.3,7.3,7.3,0.0
2019-03-25,7.119,8.0,9.589,7.929,700.0,5550000.0,0.0,0.0,8.0,8.0,7.5,700.0
2019-03-26,7.741,8.7,8.75,8.7,100.0,870000.0,0.0,0.0,8.7,8.7,8.7,100.0
2019-03-27,8.453,9.5,9.1954,9.5,110.0,1030000.0,0.0,0.0,9.5,9.5,9.5,110.0
2019-03-28,8.809,9.9,4.2105,9.9,100.0,990000.0,0.0,0.0,9.9,9.9,9.9,100.0
2019-03-29,8.809,9.9,0.0,9.9,300.0,2970000.0,0.0,0.0,9.9,9.9,9.9,300.0
2019-04-01,8.809,9.9,0.0,9.9,0.0,0.0,0.0,0.0,9.9,9.9,9.9,0.0
2019-04-02,8.809,9.9,0.0,9.9,0.0,0.0,0.0,0.0,9.9,9.9,9.9,0.0
2019-04-03,8.809,9.9,0.0,9.9,0.0,0.0,0.0,0.0,9.9,9.9,9.9,0.0
2019-04-04,8.809,9.9,0.0,9.9,0.0,0.0,0.0,0.0,9.9,9.9,9.9,0.0
2019-04-05,8.809,9.9,0.0,9.9,0.0,0.0,0.0,0.0,9.9,9.9,9.9,0.0
2019-04-08,8.809,9.9,0.0,9.9,10.0,100000.0,0.0,0.0,9.9,9.9,9.9,10.0
2019-04-09,8.809,9.9,0.0,9.9,0.0,0.0,0.0,0.0,9.9,9.9,9.9,0.0
2019-04-10,8.809,9.9,0.0,9.9,0.0,0.0,0.0,0.0,9.9,9.9,9.9,0.0
2019-04-11,8.809,9.9,0.0,9.9,5.0,49000.0,0.0,0.0,9.9,9.9,9.9,5.0
2019-04-12,8.809,9.9,0.0,9.9,0.0,0.0,0.0,0.0,9.9,9.9,9.9,0.0
2019-04-16,8.809,9.9,0.0,9.9,0.0,0.0,0.0,0.0,9.9,9.9,9.9,0.0
2019-04-17,8.809,9.9,0.0,9.9,0.0,0.0,0.0,0.0,9.9,9.9,9.9,0.0
2019-04-18,8.809,9.9,0.0,9.9,0.0,0.0,0.0,0.0,9.9,9.9,9.9,0.0
2019-04-19,8.809,9.9,0.0,9.9,0.0,0.0,0.0,0.0,9.9,9.9,9.9,0.0
2019-04-22,8.809,9.9,0.0,9.9,0.0,0.0,0.0,0.0,9.9,9.9,9.9,0.0
2019-04-23,8.809,9.9,0.0,9.9,0.0,0.0,0.0,0.0,9.9,9.9,9.9,0.0
2019-04-24,8.809,9.9,0.0,9.9,0.0,0.0,0.0,0.0,9.9,9.9,9.9,0.0
2019-04-25,8.809,9.9,0.0,9.9,0.0,0.0,0.0,0.0,9.9,9.9,9.9,0.0
2019-04-26,8.809,9.9,0.0,9.9,0.0,0.0,0.0,0.0,9.9,9.9,9.9,0.0
2019-05-02,8.809,9.9,0.0,9.9,0.0,0.0,0.0,0.0,9.9,9.9,9.9,0.0
2019-05-03,8.809,9.9,0.0,9.9,0.0,0.0,0.0,0.0,9.9,9.9,9.9,0.0
2019-05-06,8.809,9.9,0.0,9.9,10.0,90000.0,0.0,0.0,9.9,9.9,9.9,10.0
2019-05-07,8.809,9.9,0.0,9.9,0.0,0.0,0.0,0.0,9.9,9.9,9.9,0.0
2019-05-08,8.809,9.9,0.0,9.9,0.0,0.0,0.0,0.0,9.9,9.9,9.9,0.0
2019-05-09,8.809,9.9,0.0,9.9,0.0,0.0,0.0,0.0,9.9,9.9,9.9,0.0
2019-05-10,8.809,9.9,0.0,9.9,0.0,0.0,0.0,0.0,9.9,9.9,9.9,0.0
2019-05-13,8.809,9.9,0.0,9.9,0.0,0.0,0.0,0.0,9.9,9.9,9.9,0.0
2019-05-14,8.809,9.9,0.0,9.9,0.0,0.0,0.0,0.0,9.9,9.9,9.9,0.0
2019-05-15,8.809,9.9,0.0,9.9,0.0,0.0,0.0,0.0,9.9,9.9,9.9,0.0
2019-05-16,8.809,9.9,0.0,9.9,0.0,0.0,0.0,0.0,9.9,9.9,9.9,0.0
2019-05-17,8.809,9.9,0.0,9.9,0.0,0.0,0.0,0.0,9.9,9.9,9.9,0.0
2019-05-20,8.809,9.9,0.0,9.9,0.0,0.0,0.0,0.0,9.9,9.9,9.9,0.0
2019-05-21,8.809,9.9,0.0,9.9,0.0,0.0,0.0,0.0,9.9,9.9,9.9,0.0
2019-05-22,8.809,9.9,0.0,9.9,0.0,0.0,0.0,0.0,9.9,9.9,9.9,0.0
2019-05-23,8.809,9.9,0.0,9.9,0.0,0.0,0.0,0.0,9.9,9.9,9.9,0.0
2019-05-24,8.809,9.9,0.0,9.9,0.0,0.0,0.0,0.0,9.9,9.9,9.9,0.0
2019-05-27,8.809,9.5,0.0,9.5,0.0,0.0,0.0,0.0,9.5,9.5,9.5,0.0
2019-05-28,8.253,8.9,-6.3158,8.9,1000.0,8900000.0,0.0,0.0,8.9,8.9,8.9,1000.0
2019-05-29,7.511,8.1,-8.9888,8.1,100.0,810000.0,0.0,0.0,8.1,8.1,8.1,100.0
2019-05-30,6.769,7.3,-9.8765,7.3,100.0,730000.0,0.0,0.0,7.3,7.3,7.3,100.0
2019-05-31,6.12,6.6,-9.589,6.6,300.0,1980000.0,0.0,0.0,6.6,6.6,6.6,300.0
2019-06-03,6.676,7.2,9.0909,7.2,100.0,720000.0,0.0,0.0,7.2,7.2,7.2,100.0
2019-06-04,6.027,6.5,-9.7222,6.5,100.0,650000.0,0.0,0.0,6.5,6.5,6.5,100.0
2019-06-05,6.584,7.1,9.2308,7.1,100.0,710000.0,0.0,0.0,7.1,7.1,7.1,100.0
2019-06-06,7.233,7.8,9.8592,7.8,300.0,2340000.0,0.0,0.0,7.8,7.8,7.8,300.0
2019-06-07,7.233,7.8,0.0,7.8,0.0,0.0,0.0,0.0,7.8,7.8,7.8,0.0
2019-06-10,6.584,7.1,-8.9744,7.1,100.0,710000.0,0.0,0.0,7.1,7.1,7.1,100.0
2019-06-11,5.935,6.4,-9.8592,6.4,500.0,3200000.0,0.0,0.0,6.4,6.4,6.4,500.0
2019-06-12,6.491,7.0,9.375,7.0,100.0,700000.0,0.0,0.0,7.0,7.0,7.0,100.0
2019-06-13,6.491,7.0,0.0,7.0,0.0,0.0,0.0,0.0,7.0,7.0,7.0,0.0
2019-06-14,6.491,7.0,0.0,7.0,0.0,0.0,0.0,0.0,7.0,7.0,7.0,0.0
2019-06-17,7.14,7.7,10.0,7.7,100.0,770000.0,0.0,0.0,7.7,7.7,7.7,100.0
2019-06-18,7.14,7.7,0.0,7.7,0.0,0.0,0.0,0.0,7.7,7.7,7.7,0.0
2019-06-19,7.14,7.7,0.0,7.7,0.0,0.0,0.0,0.0,7.7,7.7,7.7,0.0
2019-06-20,7.604,8.2,6.4935,8.2,100.0,820000.0,0.0,0.0,8.2,8.2,8.2,100.0
2019-06-21,7.604,8.2,0.0,8.2,0.0,0.0,0.0,0.0,8.2,8.2,8.2,0.0
2019-06-24,7.604,8.2,0.0,8.2,0.0,0.0,0.0,0.0,8.2,8.2,8.2,0.0
2019-06-25,7.604,8.2,0.0,8.2,0.0,0.0,0.0,0.0,8.2,8.2,8.2,0.0
2019-06-26,7.604,8.2,0.0,8.2,0.0,0.0,0.0,0.0,8.2,8.2,8.2,0.0
2019-06-27,7.604,8.2,0.0,8.2,0.0,0.0,0.0,0.0,8.2,8.2,8.2,0.0
2019-06-28,7.604,8.2,0.0,8.2,0.0,0.0,0.0,0.0,8.2,8.2,8.2,0.0
2019-07-01,7.604,8.2,0.0,8.2,0.0,0.0,0.0,0.0,8.2,8.2,8.2,0.0
2019-07-02,7.604,8.2,0.0,8.2,0.0,0.0,0.0,0.0,8.2,8.2,8.2,0.0
2019-07-03,7.604,8.2,0.0,8.2,0.0,0.0,0.0,0.0,8.2,8.2,8.2,0.0
2019-07-04,7.604,8.2,0.0,8.2,0.0,0.0,0.0,0.0,8.2,8.2,8.2,0.0
2019-07-05,7.604,8.2,0.0,8.2,0.0,0.0,0.0,0.0,8.2,8.2,8.2,0.0
2019-07-08,7.604,8.2,0.0,8.2,0.0,0.0,0.0,0.0,8.2,8.2,8.2,0.0
2019-07-09,7.604,8.2,0.0,8.2,0.0,0.0,0.0,0.0,8.2,8.2,8.2,0.0
2019-07-10,7.604,8.2,0.0,8.2,0.0,0.0,0.0,0.0,8.2,8.2,8.2,0.0
2019-07-11,7.604,8.2,0.0,8.2,0.0,0.0,0.0,0.0,8.2,8.2,8.2,0.0
2019-07-12,7.604,8.2,0.0,8.2,0.0,0.0,0.0,0.0,8.2,8.2,8.2,0.0
2019-07-15,7.604,8.2,0.0,8.2,0.0,0.0,0.0,0.0,8.2,8.2,8.2,0.0
2019-07-16,7.604,8.2,0.0,8.2,0.0,0.0,0.0,0.0,8.2,8.2,8.2,0.0
2019-07-17,7.975,8.6,4.878,8.6,100.0,860000.0,0.0,0.0,8.6,8.6,8.6,100.0
2019-07-18,7.975,8.6,0.0,8.6,0.0,0.0,0.0,0.0,8.6,8.6,8.6,0.0
2019-07-19,7.975,8.6,0.0,8.6,0.0,0.0,0.0,0.0,8.6,8.6,8.6,0.0
2019-07-22,7.975,8.6,0.0,8.6,0.0,0.0,0.0,0.0,8.6,8.6,8.6,0.0
2019-07-23,7.975,8.6,0.0,8.6,0.0,0.0,0.0,0.0,8.6,8.6,8.6,0.0
2019-07-24,7.975,8.6,0.0,8.6,0.0,0.0,0.0,0.0,8.6,8.6,8.6,0.0
2019-07-25,7.975,8.6,0.0,8.6,0.0,0.0,0.0,0.0,8.6,8.6,8.6,0.0
2019-07-26,7.975,8.6,0.0,8.6,0.0,0.0,0.0,0.0,8.6,8.6,8.6,0.0
2019-07-29,7.975,8.6,0.0,8.6,0.0,0.0,0.0,0.0,8.6,8.6,8.6,0.0
2019-07-30,7.975,8.6,0.0,8.6,0.0,0.0,0.0,0.0,8.6,8.6,8.6,0.0
2019-07-31,7.975,8.6,0.0,8.6,0.0,0.0,0.0,0.0,8.6,8.6,8.6,0.0
2019-08-01,7.975,8.6,0.0,8.6,0.0,0.0,0.0,0.0,8.6,8.6,8.6,0.0
2019-08-02,7.975,8.6,0.0,8.6,0.0,0.0,0.0,0.0,8.6,8.6,8.6,0.0
2019-08-05,7.975,8.6,0.0,8.6,0.0,0.0,0.0,0.0,8.6,8.6,8.6,0.0
2019-08-06,7.975,8.6,0.0,8.6,0.0,0.0,0.0,0.0,8.6,8.6,8.6,0.0
2019-08-07,7.975,8.6,0.0,8.6,0.0,0.0,0.0,0.0,8.6,8.6,8.6,0.0
2019-08-08,7.975,8.6,0.0,8.6,0.0,0.0,0.0,0.0,8.6,8.6,8.6,0.0
2019-08-09,7.975,8.6,0.0,8.6,0.0,0.0,0.0,0.0,8.6,8.6,8.6,0.0
2019-08-12,7.975,8.6,0.0,8.6,0.0,0.0,0.0,0.0,8.6,8.6,8.6,0.0
2019-08-13,7.975,8.6,0.0,8.6,0.0,0.0,0.0,0.0,8.6,8.6,8.6,0.0
2019-08-14,7.975,8.6,0.0,8.6,0.0,0.0,0.0,0.0,8.6,8.6,8.6,0.0
2019-08-15,7.975,8.6,0.0,8.6,0.0,0.0,0.0,0.0,8.6,8.6,8.6,0.0
2019-08-16,7.975,8.6,0.0,8.6,0.0,0.0,0.0,0.0,8.6,8.6,8.6,0.0
2019-08-19,7.975,8.6,0.0,8.6,0.0,0.0,0.0,0.0,8.6,8.6,8.6,0.0
2019-08-20,7.975,8.6,0.0,8.6,0.0,0.0,0.0,0.0,8.6,8.6,8.6,0.0
2019-08-21,7.975,8.6,0.0,8.6,0.0,0.0,0.0,0.0,8.6,8.6,8.6,0.0
2019-08-22,7.975,8.6,0.0,8.6,0.0,0.0,0.0,0.0,8.6,8.6,8.6,0.0
2019-08-23,7.975,8.6,0.0,8.6,0.0,0.0,0.0,0.0,8.6,8.6,8.6,0.0
2019-08-26,7.975,8.6,0.0,8.6,0.0,0.0,0.0,0.0,8.6,8.6,8.6,0.0
2019-08-27,7.975,8.6,0.0,8.6,0.0,0.0,0.0,0.0,8.6,8.6,8.6,0.0
2019-08-28,7.975,8.6,0.0,8.6,0.0,0.0,0.0,0.0,8.6,8.6,8.6,0.0
2019-08-29,7.975,8.6,0.0,8.6,0.0,0.0,0.0,0.0,8.6,8.6,8.6,0.0
2019-08-30,7.975,8.6,0.0,8.6,0.0,0.0,0.0,0.0,8.6,8.6,8.6,0.0
2019-09-03,7.975,8.6,0.0,8.6,0.0,0.0,0.0,0.0,8.6,8.6,8.6,0.0
2019-09-04,7.975,8.6,0.0,8.6,0.0,0.0,0.0,0.0,8.6,8.6,8.6,0.0
2019-09-05,7.975,8.6,0.0,8.6,0.0,0.0,0.0,0.0,8.6,8.6,8.6,0.0
2019-09-06,7.975,8.6,0.0,8.6,0.0,0.0,0.0,0.0,8.6,8.6,8.6,0.0
2019-09-09,7.975,8.6,0.0,8.6,0.0,0.0,0.0,0.0,8.6,8.6,8.6,0.0
2019-09-10,7.975,8.6,0.0,8.6,0.0,0.0,0.0,0.0,8.6,8.6,8.6,0.0
2019-09-11,7.975,8.6,0.0,8.6,0.0,0.0,0.0,0.0,8.6,8.6,8.6,0.0
2019-09-12,7.975,8.6,0.0,8.6,0.0,0.0,0.0,0.0,8.6,8.6,8.6,0.0
2019-09-13,7.975,8.6,0.0,8.6,0.0,0.0,0.0,0.0,8.6,8.6,8.6,0.0
2019-09-16,7.975,8.6,0.0,8.6,0.0,0.0,0.0,0.0,8.6,8.6,8.6,0.0
2019-09-17,7.975,8.6,0.0,8.6,0.0,0.0,0.0,0.0,8.6,8.6,8.6,0.0
2019-09-18,7.975,8.6,0.0,8.6,0.0,0.0,0.0,0.0,8.6,8.6,8.6,0.0
2019-09-19,7.975,8.6,0.0,8.6,0.0,0.0,0.0,0.0,8.6,8.6,8.6,0.0
2019-09-20,7.975,8.6,0.0,8.6,0.0,0.0,0.0,0.0,8.6,8.6,8.6,0.0
2019-09-23,7.975,8.6,0.0,8.6,0.0,0.0,0.0,0.0,8.6,8.6,8.6,0.0
2019-09-24,7.975,8.6,0.0,8.6,0.0,0.0,0.0,0.0,8.6,8.6,8.6,0.0
2019-09-25,7.975,8.6,0.0,8.6,0.0,0.0,0.0,0.0,8.6,8.6,8.6,0.0
2019-09-26,7.975,8.6,0.0,8.6,0.0,0.0,0.0,0.0,8.6,8.6,8.6,0.0
2019-09-27,7.975,8.6,0.0,8.6,0.0,0.0,0.0,0.0,8.6,8.6,8.6,0.0
2019-09-30,7.975,8.6,0.0,8.6,0.0,0.0,0.0,0.0,8.6,8.6,8.6,0.0
2019-10-01,7.975,8.6,0.0,8.6,0.0,0.0,0.0,0.0,8.6,8.6,8.6,0.0
2019-10-02,7.975,8.6,0.0,8.6,0.0,0.0,0.0,0.0,8.6,8.6,8.6,0.0
2019-10-03,7.975,8.6,0.0,8.6,0.0,0.0,0.0,0.0,8.6,8.6,8.6,0.0
2019-10-04,7.975,8.6,0.0,8.6,0.0,0.0,0.0,0.0,8.6,8.6,8.6,0.0
2019-10-07,7.975,8.6,0.0,8.6,0.0,0.0,0.0,0.0,8.6,8.6,8.6,0.0
2019-10-08,7.975,8.6,0.0,8.6,0.0,0.0,0.0,0.0,8.6,8.6,8.6,0.0
2019-10-09,7.975,8.6,0.0,8.6,0.0,0.0,0.0,0.0,8.6,8.6,8.6,0.0
2019-10-10,7.975,8.6,0.0,8.6,0.0,0.0,0.0,0.0,8.6,8.6,8.6,0.0
2019-10-11,7.975,8.6,0.0,8.6,0.0,0.0,0.0,0.0,8.6,8.6,8.6,0.0
2019-10-14,7.975,8.6,0.0,8.6,0.0,0.0,0.0,0.0,8.6,8.6,8.6,0.0
2019-10-15,7.975,8.6,0.0,8.6,0.0,0.0,0.0,0.0,8.6,8.6,8.6,0.0
2019-10-16,7.233,7.8,-9.3023,7.8,100.0,780000.0,0.0,0.0,7.8,7.8,7.8,100.0
2019-10-17,7.233,7.8,0.0,7.8,0.0,0.0,0.0,0.0,7.8,7.8,7.8,0.0
2019-10-18,6.584,7.1,-8.9744,7.1,100.0,710000.0,0.0,0.0,7.1,7.1,7.1,100.0
2019-10-21,5.935,6.4,-9.8592,6.4,100.0,640000.0,0.0,0.0,6.4,6.4,6.4,100.0
2019-10-22,5.935,6.4,0.0,6.4,0.0,0.0,0.0,0.0,6.4,6.4,6.4,0.0
2019-10-23,5.935,6.4,0.0,6.4,0.0,0.0,0.0,0.0,6.4,6.4,6.4,0.0
2019-10-24,5.564,6.0,-6.25,6.0,100.0,600000.0,0.0,0.0,6.0,6.0,6.0,100.0
2019-10-25,5.564,6.0,0.0,6.0,0.0,0.0,0.0,0.0,6.0,6.0,6.0,0.0
2019-10-28,5.564,6.0,0.0,6.0,0.0,0.0,0.0,0.0,6.0,6.0,6.0,0.0
2019-10-29,5.007,5.4,-10.0,5.4,300.0,1620000.0,0.0,0.0,5.4,5.4,5.4,300.0
2019-10-30,4.544,4.9,-9.2593,4.914,700.0,3440000.0,0.0,0.0,4.9,5.0,4.9,700.0
2019-10-31,4.173,4.5,-8.1633,4.5,600.0,2700000.0,0.0,0.0,4.5,4.5,4.5,600.0
2019-11-01,3.802,4.1,-8.8889,4.1,210.0,861000.0,0.0,0.0,4.1,4.1,4.1,210.0
2019-11-04,3.802,4.1,0.0,4.1,0.0,0.0,0.0,0.0,4.1,4.1,4.1,0.0
2019-11-05,3.802,4.1,0.0,4.1,0.0,0.0,0.0,0.0,4.1,4.1,4.1,0.0
2019-11-06,3.802,4.1,0.0,4.1,0.0,0.0,0.0,0.0,4.1,4.1,4.1,0.0
2019-11-07,3.802,4.1,0.0,4.1,0.0,0.0,0.0,0.0,4.1,4.1,4.1,0.0
2019-11-08,3.802,4.1,0.0,4.1,0.0,0.0,0.0,0.0,4.1,4.1,4.1,0.0
2019-11-11,3.802,4.1,0.0,4.1,0.0,0.0,0.0,0.0,4.1,4.1,4.1,0.0
2019-11-12,3.802,4.1,0.0,4.1,0.0,0.0,0.0,0.0,4.1,4.1,4.1,0.0
2019-11-13,3.802,4.1,0.0,4.1,0.0,0.0,0.0,0.0,4.1,4.1,4.1,0.0
2019-11-14,4.08,4.4,7.3171,4.4,1000.0,4400000.0,0.0,0.0,4.4,4.4,4.4,1000.0
2019-11-15,4.08,4.4,0.0,4.4,0.0,0.0,0.0,0.0,4.4,4.4,4.4,0.0
2019-11-18,4.08,4.4,0.0,4.4,0.0,0.0,0.0,0.0,4.4,4.4,4.4,0.0
2019-11-19,4.08,4.4,0.0,4.4,0.0,0.0,0.0,0.0,4.4,4.4,4.4,0.0
2019-11-20,4.08,4.4,0.0,4.4,0.0,0.0,0.0,0.0,4.4,4.4,4.4,0.0
2019-11-21,4.08,4.4,0.0,4.4,0.0,0.0,0.0,0.0,4.4,4.4,4.4,0.0
2019-11-22,4.08,4.4,0.0,4.4,0.0,0.0,0.0,0.0,4.4,4.4,4.4,0.0
2019-11-25,4.08,4.4,0.0,4.4,0.0,0.0,0.0,0.0,4.4,4.4,4.4,0.0
2019-11-26,4.08,4.4,0.0,4.4,0.0,0.0,0.0,0.0,4.4,4.4,4.4,0.0
2019-11-27,4.08,4.4,0.0,4.4,0.0,0.0,0.0,0.0,4.4,4.4,4.4,0.0
2019-11-28,4.08,4.4,0.0,4.4,0.0,0.0,0.0,0.0,4.4,4.4,4.4,0.0
2019-11-29,4.451,4.8,9.0909,4.8,100.0,480000.0,0.0,0.0,4.8,4.8,4.8,100.0
2019-12-02,4.451,4.8,0.0,4.8,0.0,0.0,0.0,0.0,4.8,4.8,4.8,0.0
2019-12-03,4.451,4.8,0.0,4.8,0.0,0.0,0.0,0.0,4.8,4.8,4.8,0.0
2019-12-04,4.451,4.8,0.0,4.8,0.0,0.0,0.0,0.0,4.8,4.8,4.8,0.0
2019-12-05,4.451,4.8,0.0,4.8,0.0,0.0,0.0,0.0,4.8,4.8,4.8,0.0
2019-12-06,4.451,4.8,0.0,4.8,0.0,0.0,0.0,0.0,4.8,4.8,4.8,0.0
2019-12-09,4.451,4.8,0.0,4.8,0.0,0.0,0.0,0.0,4.8,4.8,4.8,0.0
2019-12-10,4.451,4.8,0.0,4.8,0.0,0.0,0.0,0.0,4.8,4.8,4.8,0.0
2019-12-11,4.636,5.0,4.1667,5.0,100.0,500000.0,0.0,0.0,5.0,5.0,5.0,100.0
2019-12-12,4.636,5.0,0.0,5.0,0.0,0.0,0.0,0.0,5.0,5.0,5.0,0.0
2019-12-13,4.636,5.0,0.0,5.0,0.0,0.0,0.0,0.0,5.0,5.0,5.0,0.0
2019-12-16,4.636,5.0,0.0,5.0,0.0,0.0,0.0,0.0,5.0,5.0,5.0,0.0
2019-12-17,4.636,5.0,0.0,5.0,0.0,0.0,0.0,0.0,5.0,5.0,5.0,0.0
2019-12-18,4.636,5.0,0.0,5.0,0.0,0.0,0.0,0.0,5.0,5.0,5.0,0.0
2019-12-19,4.636,5.0,0.0,5.0,0.0,0.0,0.0,0.0,5.0,5.0,5.0,0.0
2019-12-20,4.636,5.0,0.0,5.0,0.0,0.0,0.0,0.0,5.0,5.0,5.0,0.0
2019-12-23,4.636,5.0,0.0,5.0,0.0,0.0,0.0,0.0,5.0,5.0,5.0,0.0
2019-12-24,4.636,5.0,0.0,5.0,0.0,0.0,0.0,0.0,5.0,5.0,5.0,0.0
2019-12-25,4.636,5.0,0.0,5.0,0.0,0.0,0.0,0.0,5.0,5.0,5.0,0.0
2019-12-26,4.636,5.0,0.0,5.0,0.0,0.0,0.0,0.0,5.0,5.0,5.0,0.0
2019-12-27,4.636,5.0,0.0,5.0,0.0,0.0,0.0,0.0,5.0,5.0,5.0,0.0
2019-12-30,4.636,5.0,0.0,5.0,0.0,0.0,0.0,0.0,5.0,5.0,5.0,0.0
2019-12-31,4.173,4.5,-10.0,4.5,100.0,450000.0,0.0,0.0,4.5,4.5,4.5,100.0
2020-01-02,4.544,4.9,8.8889,4.9,100.0,490000.0,0.0,0.0,4.9,4.9,4.9,100.0
2020-01-03,4.544,4.9,0.0,4.9,0.0,0.0,0.0,0.0,4.9,4.9,4.9,0.0
2020-01-06,4.544,4.9,0.0,4.9,0.0,0.0,0.0,0.0,4.9,4.9,4.9,0.0
2020-01-07,4.544,4.9,0.0,4.9,0.0,0.0,0.0,0.0,4.9,4.9,4.9,0.0
2020-01-08,4.544,4.9,0.0,4.9,0.0,0.0,0.0,0.0,4.9,4.9,4.9,0.0
2020-01-09,4.544,4.9,0.0,4.9,0.0,0.0,0.0,0.0,4.9,4.9,4.9,0.0
2020-01-10,4.544,4.9,0.0,4.9,0.0,0.0,0.0,0.0,4.9,4.9,4.9,0.0
2020-01-13,4.451,4.8,-2.0408,4.8,100.0,480000.0,0.0,0.0,4.8,4.8,4.8,100.0
2020-01-14,4.451,4.8,0.0,4.8,0.0,0.0,0.0,0.0,4.8,4.8,4.8,0.0
2020-01-15,4.451,4.8,0.0,4.8,0.0,0.0,0.0,0.0,4.8,4.8,4.8,0.0
2020-01-16,4.451,4.8,0.0,4.8,0.0,0.0,0.0,0.0,4.8,4.8,4.8,0.0
2020-01-17,4.451,4.8,0.0,4.8,0.0,0.0,0.0,0.0,4.8,4.8,4.8,0.0
2020-01-20,4.451,4.8,0.0,4.8,0.0,0.0,0.0,0.0,4.8,4.8,4.8,0.0
2020-01-21,4.451,4.8,0.0,4.8,0.0,0.0,0.0,0.0,4.8,4.8,4.8,0.0
2020-01-22,4.451,4.8,0.0,4.8,0.0,0.0,0.0,0.0,4.8,4.8,4.8,0.0
2020-01-30,4.451,4.8,0.0,4.8,0.0,0.0,0.0,0.0,4.8,4.8,4.8,0.0
2020-01-31,4.451,4.8,0.0,4.8,0.0,0.0,0.0,0.0,4.8,4.8,4.8,0.0
2020-02-03,4.451,4.8,0.0,4.8,0.0,0.0,0.0,0.0,4.8,4.8,4.8,0.0
2020-02-04,4.451,4.8,0.0,4.8,0.0,0.0,0.0,0.0,4.8,4.8,4.8,0.0
2020-02-05,4.451,4.8,0.0,4.8,0.0,0.0,0.0,0.0,4.8,4.8,4.8,0.0
2020-02-06,4.822,5.2,8.3333,5.2,100.0,520000.0,0.0,0.0,5.2,5.2,5.2,100.0
2020-02-07,5.285,5.7,9.6154,5.7,100.0,570000.0,0.0,0.0,5.7,5.7,5.7,100.0
2020-02-10,5.749,6.2,8.7719,6.2,100.0,620000.0,0.0,0.0,6.2,6.2,6.2,100.0
2020-02-11,5.749,6.2,0.0,6.2,0.0,0.0,0.0,0.0,6.2,6.2,6.2,0.0
2020-02-12,5.749,6.2,0.0,6.2,0.0,0.0,0.0,0.0,6.2,6.2,6.2,0.0
2020-02-13,5.749,6.2,0.0,6.2,0.0,0.0,0.0,0.0,6.2,6.2,6.2,0.0
2020-02-14,5.749,6.2,0.0,6.2,0.0,0.0,0.0,0.0,6.2,6.2,6.2,0.0
2020-02-17,5.749,6.2,0.0,6.2,0.0,0.0,0.0,0.0,6.2,6.2,6.2,0.0
2020-02-18,5.749,6.2,0.0,6.2,0.0,0.0,0.0,0.0,6.2,6.2,6.2,0.0
2020-02-19,5.749,6.2,0.0,6.2,0.0,0.0,0.0,0.0,6.2,6.2,6.2,0.0
2020-02-20,5.749,6.2,0.0,6.2,0.0,0.0,0.0,0.0,6.2,6.2,6.2,0.0
2020-02-21,5.749,6.2,0.0,6.2,0.0,0.0,0.0,0.0,6.2,6.2,6.2,0.0
2020-02-24,5.749,6.2,0.0,6.2,0.0,0.0,0.0,0.0,6.2,6.2,6.2,0.0
2020-02-25,5.749,6.2,0.0,6.2,0.0,0.0,0.0,0.0,6.2,6.2,6.2,0.0
2020-02-26,5.749,6.2,0.0,6.2,0.0,0.0,0.0,0.0,6.2,6.2,6.2,0.0
2020-02-27,5.749,6.2,0.0,6.2,0.0,0.0,0.0,0.0,6.2,6.2,6.2,0.0
2020-02-28,5.749,6.2,0.0,6.2,0.0,0.0,0.0,0.0,6.2,6.2,6.2,0.0
2020-03-02,5.749,6.2,0.0,6.2,0.0,0.0,0.0,0.0,6.2,6.2,6.2,0.0
2020-03-03,5.749,6.2,0.0,6.2,0.0,0.0,0.0,0.0,6.2,6.2,6.2,0.0
2020-03-04,5.749,6.2,0.0,6.2,0.0,0.0,0.0,0.0,6.2,6.2,6.2,0.0
2020-03-05,5.749,6.2,0.0,6.2,0.0,0.0,0.0,0.0,6.2,6.2,6.2,0.0
2020-03-06,5.749,6.2,0.0,6.2,0.0,0.0,0.0,0.0,6.2,6.2,6.2,0.0
2020-03-09,5.749,6.2,0.0,6.2,0.0,0.0,0.0,0.0,6.2,6.2,6.2,0.0
2020-03-10,5.749,6.2,0.0,6.2,0.0,0.0,0.0,0.0,6.2,6.2,6.2,0.0
2020-03-11,5.749,6.2,0.0,6.2,0.0,0.0,0.0,0.0,6.2,6.2,6.2,0.0
2020-03-12,5.749,6.2,0.0,6.2,0.0,0.0,0.0,0.0,6.2,6.2,6.2,0.0
2020-03-13,5.749,6.2,0.0,6.2,0.0,0.0,0.0,0.0,6.2,6.2,6.2,0.0
2020-03-16,5.749,6.2,0.0,6.2,0.0,0.0,0.0,0.0,6.2,6.2,6.2,0.0
2020-03-17,5.749,6.2,0.0,6.2,1200.0,7440000.0,0.0,0.0,6.2,6.2,6.2,1200.0
2020-03-18,5.749,6.2,0.0,6.2,1200.0,7440000.0,0.0,0.0,6.2,6.2,6.2,1200.0
2020-03-19,6.305,6.8,9.6774,6.8,100.0,680000.0,0.0,0.0,6.8,6.8,6.8,100.0
2020-03-20,6.862,7.4,8.8235,7.4,100.0,740000.0,0.0,0.0,7.4,7.4,7.4,100.0
2020-03-23,7.511,8.1,9.4595,8.1,100.0,810000.0,0.0,0.0,8.1,8.1,8.1,100.0
2020-03-24,7.511,8.1,0.0,8.1,0.0,0.0,0.0,0.0,8.1,8.1,8.1,0.0
2020-03-25,7.511,8.1,0.0,8.1,0.0,0.0,0.0,0.0,8.1,8.1,8.1,0.0
2020-03-26,7.511,8.1,0.0,8.1,0.0,0.0,0.0,0.0,8.1,8.1,8.1,0.0
2020-03-27,7.511,8.1,0.0,8.1,3500.0,28350000.0,0.0,0.0,8.1,8.1,8.1,3500.0
2020-03-30,7.511,8.1,0.0,8.1,0.0,0.0,0.0,0.0,8.1,8.1,8.1,0.0
2020-03-31,7.511,8.1,0.0,8.1,0.0,0.0,0.0,0.0,8.1,8.1,8.1,0.0
2020-04-01,7.511,8.1,0.0,8.1,0.0,0.0,0.0,0.0,8.1,8.1,8.1,0.0
2020-04-03,7.511,8.1,0.0,8.1,0.0,0.0,0.0,0.0,8.1,8.1,8.1,0.0
2020-04-06,7.511,8.1,0.0,8.1,0.0,0.0,0.0,0.0,8.1,8.1,8.1,0.0
2020-04-07,7.511,8.1,0.0,8.1,0.0,0.0,0.0,0.0,8.1,8.1,8.1,0.0
2020-04-08,7.511,8.1,0.0,8.1,0.0,0.0,0.0,0.0,8.1,8.1,8.1,0.0
2020-04-09,7.511,8.1,0.0,8.1,0.0,0.0,0.0,0.0,8.1,8.1,8.1,0.0
2020-04-10,7.511,8.1,0.0,8.1,0.0,0.0,0.0,0.0,8.1,8.1,8.1,0.0
2020-04-13,7.511,8.1,0.0,8.1,0.0,0.0,0.0,0.0,8.1,8.1,8.1,0.0
2020-04-14,7.511,8.1,0.0,8.1,0.0,0.0,0.0,0.0,8.1,8.1,8.1,0.0
2020-04-15,7.511,8.1,0.0,8.1,0.0,0.0,0.0,0.0,8.1,8.1,8.1,0.0
2020-04-16,7.511,8.1,0.0,8.1,0.0,0.0,0.0,0.0,8.1,8.1,8.1,0.0
2020-04-17,7.511,8.1,0.0,8.1,0.0,0.0,0.0,0.0,8.1,8.1,8.1,0.0
2020-04-20,7.511,8.1,0.0,8.1,0.0,0.0,0.0,0.0,8.1,8.1,8.1,0.0
2020-04-21,7.511,8.1,0.0,8.1,0.0,0.0,0.0,0.0,8.1,8.1,8.1,0.0
2020-04-22,7.511,8.1,0.0,8.1,0.0,0.0,0.0,0.0,8.1,8.1,8.1,0.0
2020-04-23,7.511,8.1,0.0,8.1,0.0,0.0,0.0,0.0,8.1,8.1,8.1,0.0
2020-04-24,7.511,8.1,0.0,8.1,0.0,0.0,0.0,0.0,8.1,8.1,8.1,0.0
2020-04-27,7.511,8.1,0.0,8.1,0.0,0.0,0.0,0.0,8.1,8.1,8.1,0.0
2020-04-28,7.511,8.1,0.0,8.1,0.0,0.0,0.0,0.0,8.1,8.1,8.1,0.0
2020-04-29,7.511,8.1,0.0,8.1,0.0,0.0,0.0,0.0,8.1,8.1,8.1,0.0
2020-05-04,7.511,8.1,0.0,8.1,0.0,0.0,0.0,0.0,8.1,8.1,8.1,0.0
2020-05-05,7.511,8.1,0.0,8.1,0.0,0.0,0.0,0.0,8.1,8.1,8.1,0.0
2020-05-06,7.511,8.1,0.0,8.1,0.0,0.0,0.0,0.0,8.1,8.1,8.1,0.0
2020-05-07,7.511,8.1,0.0,8.1,0.0,0.0,0.0,0.0,8.1,8.1,8.1,0.0
2020-05-08,7.511,8.1,0.0,8.1,0.0,0.0,0.0,0.0,8.1,8.1,8.1,0.0
2020-05-11,6.769,7.3,-9.8765,7.3,100.0,730000.0,0.0,0.0,7.3,7.3,7.3,100.0
2020-05-12,6.305,6.8,-6.8493,6.8,100.0,680000.0,0.0,0.0,6.8,6.8,6.8,100.0
2020-05-13,6.027,6.5,-4.4118,6.5,100.0,650000.0,0.0,0.0,6.5,6.5,6.5,100.0
2020-05-14,6.027,6.5,0.0,6.5,0.0,0.0,0.0,0.0,6.5,6.5,6.5,0.0
2020-05-15,5.471,5.9,-9.2308,5.9,200.0,1180000.0,0.0,0.0,5.9,5.9,5.9,200.0
2020-05-18,5.007,5.4,-8.4746,5.4,1000.0,5400000.0,0.0,0.0,5.4,5.4,5.4,1000.0
2020-05-19,5.007,5.4,0.0,5.4,0.0,0.0,0.0,0.0,5.4,5.4,5.4,0.0
2020-05-20,5.007,5.4,0.0,5.4,0.0,0.0,0.0,0.0,5.4,5.4,5.4,0.0
2020-05-21,4.544,4.9,-9.2593,4.936,1100.0,5430000.0,0.0,0.0,5.0,5.0,4.9,1100.0
2020-05-22,4.636,5.0,2.0408,5.027,1100.0,5530000.0,0.0,0.0,5.3,5.3,5.0,1100.0
2020-05-25,4.636,5.0,0.0,5.0,0.0,0.0,0.0,0.0,5.0,5.0,5.0,0.0
2020-05-26,4.729,5.1,2.0,5.1,1000.0,5100000.0,0.0,0.0,5.1,5.1,5.1,1000.0
2020-05-27,4.729,5.1,0.0,5.1,0.0,0.0,0.0,0.0,5.1,5.1,5.1,0.0
2020-05-28,4.729,5.1,0.0,5.1,0.0,0.0,0.0,0.0,5.1,5.1,5.1,0.0
2020-05-29,4.729,5.1,0.0,5.1,0.0,0.0,0.0,0.0,5.1,5.1,5.1,0.0
2020-06-01,5.193,5.6,9.8039,5.6,100.0,560000.0,0.0,0.0,5.6,5.6,5.6,100.0
2020-06-02,5.193,5.6,0.0,5.541,6800.0,37680000.0,0.0,0.0,5.1,5.6,5.1,6800.0
2020-06-03,5.193,5.6,0.0,5.6,1800.0,10080000.0,0.0,0.0,5.6,5.6,5.6,1800.0
2020-06-04,5.656,6.1,8.9286,6.1,100.0,610000.0,0.0,0.0,6.1,6.1,6.1,100.0
2020-06-05,5.1,5.5,-9.8361,5.5,15400.0,84700000.0,0.0,0.0,5.5,5.5,5.5,15400.0
2020-06-08,5.1,5.5,0.0,5.5,0.0,0.0,0.0,0.0,5.5,5.5,5.5,0.0
2020-06-09,5.0,5.0,-1.9608,5.0,500.0,2500000.0,0.0,0.0,5.0,5.0,5.0,500.0
2020-06-10,5.0,5.0,0.0,5.0,0.0,0.0,0.0,0.0,5.0,5.0,5.0,0.0
2020-06-11,5.0,5.0,0.0,5.0,0.0,0.0,0.0,0.0,5.0,5.0,5.0,0.0
2020-06-12,5.0,5.0,0.0,5.0,0.0,0.0,0.0,0.0,5.0,5.0,5.0,0.0
2020-06-15,5.0,5.0,0.0,5.0,0.0,0.0,0.0,0.0,5.0,5.0,5.0,0.0
2020-06-16,5.3,5.3,6.0,4.633,600.0,2780000.0,0.0,0.0,4.5,5.3,4.5,600.0
2020-06-17,5.3,5.3,0.0,5.3,0.0,0.0,0.0,0.0,5.3,5.3,5.3,0.0
2020-06-18,5.3,5.3,0.0,5.3,0.0,0.0,0.0,0.0,5.3,5.3,5.3,0.0
2020-06-19,5.3,5.3,0.0,5.3,0.0,0.0,0.0,0.0,5.3,5.3,5.3,0.0
2020-06-22,5.3,5.3,0.0,5.3,0.0,0.0,0.0,0.0,5.3,5.3,5.3,0.0
2020-06-23,5.3,5.3,0.0,5.3,0.0,0.0,0.0,0.0,5.3,5.3,5.3,0.0
2020-06-24,5.3,5.3,0.0,5.3,0.0,0.0,0.0,0.0,5.3,5.3,5.3,0.0
2020-06-25,5.3,5.3,0.0,5.3,0.0,0.0,0.0,0.0,5.3,5.3,5.3,0.0
2020-06-26,5.3,5.3,0.0,5.3,0.0,0.0,0.0,0.0,5.3,5.3,5.3,0.0
2020-06-29,5.3,5.3,0.0,5.3,0.0,0.0,0.0,0.0,5.3,5.3,5.3,0.0
2020-06-30,5.3,5.3,0.0,5.3,0.0,0.0,0.0,0.0,5.3,5.3,5.3,0.0
2020-07-01,5.3,5.3,0.0,5.3,0.0,0.0,0.0,0.0,5.3,5.3,5.3,0.0
2020-07-02,5.3,5.3,0.0,5.3,0.0,0.0,0.0,0.0,5.3,5.3,5.3,0.0
2020-07-03,5.3,5.3,0.0,5.3,0.0,0.0,0.0,0.0,5.3,5.3,5.3,0.0
2020-07-06,5.3,5.3,0.0,5.3,0.0,0.0,0.0,0.0,5.3,5.3,5.3,0.0
2020-07-07,5.4,5.4,1.8868,5.414,1400.0,7580000.0,0.0,0.0,5.5,5.5,5.4,1400.0
2020-07-08,5.8,5.8,7.4074,5.8,100.0,580000.0,0.0,0.0,5.8,5.8,5.8,100.0
2020-07-09,5.8,5.8,0.0,5.8,0.0,0.0,0.0,0.0,5.8,5.8,5.8,0.0
2020-07-10,5.8,5.8,0.0,5.8,0.0,0.0,0.0,0.0,5.8,5.8,5.8,0.0
2020-07-13,5.8,5.8,0.0,5.8,0.0,0.0,0.0,0.0,5.8,5.8,5.8,0.0
2020-07-14,5.8,5.8,0.0,5.8,0.0,0.0,0.0,0.0,5.8,5.8,5.8,0.0
2020-07-15,5.8,5.8,0.0,5.8,0.0,0.0,0.0,0.0,5.8,5.8,5.8,0.0
2020-07-16,5.8,5.8,0.0,5.8,0.0,0.0,0.0,0.0,5.8,5.8,5.8,0.0
2020-07-17,5.8,5.8,0.0,5.8,0.0,0.0,0.0,0.0,5.8,5.8,5.8,0.0
2020-07-20,5.8,5.8,0.0,5.8,0.0,0.0,0.0,0.0,5.8,5.8,5.8,0.0
2020-07-21,5.8,5.8,0.0,5.8,0.0,0.0,0.0,0.0,5.8,5.8,5.8,0.0
2020-07-22,5.8,5.8,0.0,5.8,0.0,0.0,0.0,0.0,5.8,5.8,5.8,0.0
2020-07-23,5.8,5.8,0.0,5.8,0.0,0.0,0.0,0.0,5.8,5.8,5.8,0.0
2020-07-24,5.8,5.8,0.0,5.8,0.0,0.0,0.0,0.0,5.8,5.8,5.8,0.0
2020-07-27,5.8,5.8,0.0,5.8,0.0,0.0,0.0,0.0,5.8,5.8,5.8,0.0
2020-07-28,5.8,5.8,0.0,5.8,0.0,0.0,0.0,0.0,5.8,5.8,5.8,0.0
2020-07-29,5.8,5.8,0.0,5.8,0.0,0.0,0.0,0.0,5.8,5.8,5.8,0.0
2020-07-30,5.8,5.8,0.0,5.8,0.0,0.0,0.0,0.0,5.8,5.8,5.8,0.0
2020-07-31,5.8,5.8,0.0,5.8,0.0,0.0,0.0,0.0,5.8,5.8,5.8,0.0
2020-08-03,5.3,5.3,-8.6207,5.3,1010.0,5353000.0,0.0,0.0,5.3,5.3,5.3,1010.0
2020-08-04,5.3,5.3,0.0,5.3,0.0,0.0,0.0,0.0,5.3,5.3,5.3,0.0
2020-08-05,4.8,4.8,-9.434,4.8,2490.0,11952000.0,0.0,0.0,4.8,4.8,4.8,2490.0
2020-08-06,4.6,4.6,-4.1667,4.6,1000.0,4600000.0,0.0,0.0,4.6,4.6,4.6,1000.0
2020-08-07,4.9,4.9,6.5217,4.221,5200.0,21950000.0,0.0,0.0,4.4,4.9,4.2,5200.0
2020-08-10,4.9,4.9,0.0,4.9,0.0,0.0,0.0,0.0,4.9,4.9,4.9,0.0
2020-08-11,4.5,4.5,-8.1633,4.5,100.0,450000.0,0.0,0.0,4.5,4.5,4.5,100.0
2020-08-12,4.1,4.1,-8.8889,4.1,100.0,410000.0,0.0,0.0,4.1,4.1,4.1,100.0
2020-08-13,4.1,4.1,0.0,4.1,0.0,0.0,0.0,0.0,4.1,4.1,4.1,0.0
2020-08-14,4.5,4.5,9.7561,4.5,600.0,2700000.0,0.0,0.0,4.5,4.5,4.5,600.0
2020-08-17,4.5,4.5,0.0,4.5,0.0,0.0,0.0,0.0,4.5,4.5,4.5,0.0
2020-08-18,4.5,4.5,0.0,4.5,0.0,0.0,0.0,0.0,4.5,4.5,4.5,0.0
2020-08-19,4.5,4.5,0.0,4.5,0.0,0.0,0.0,0.0,4.5,4.5,4.5,0.0
2020-08-20,4.5,4.5,0.0,4.5,0.0,0.0,0.0,0.0,4.5,4.5,4.5,0.0
2020-08-21,4.5,4.5,0.0,4.5,0.0,0.0,0.0,0.0,4.5,4.5,4.5,0.0
2020-08-24,4.5,4.5,0.0,4.5,0.0,0.0,0.0,0.0,4.5,4.5,4.5,0.0
2020-08-25,4.5,4.5,0.0,4.5,0.0,0.0,0.0,0.0,4.5,4.5,4.5,0.0
2020-08-26,4.5,4.5,0.0,4.5,0.0,0.0,0.0,0.0,4.5,4.5,4.5,0.0
2020-08-27,4.9,4.9,8.8889,4.9,1800.0,8820000.0,0.0,0.0,4.9,4.9,4.9,1800.0
2020-08-28,5.3,5.3,8.1633,5.3,600.0,3180000.0,0.0,0.0,5.3,5.3,5.3,600.0
2020-08-31,5.8,5.8,9.434,5.7,900.0,5130000.0,0.0,0.0,5.8,5.8,4.9,900.0
2020-09-01,6.3,6.3,8.6207,6.3,4801.0,30246300.0,0.0,0.0,6.3,6.3,6.3,4801.0
2020-09-03,6.9,6.9,9.5238,6.9,310.0,2139000.0,0.0,0.0,6.9,6.9,6.9,310.0
2020-09-04,6.3,6.3,-8.6957,6.3,110.0,702000.0,0.0,0.0,6.3,6.3,6.3,110.0
2020-09-07,6.3,6.3,0.0,6.3,0.0,0.0,0.0,0.0,6.3,6.3,6.3,0.0
2020-09-08,5.7,5.7,-9.5238,5.7,100.0,570000.0,0.0,0.0,5.7,5.7,5.7,100.0
2020-09-09,5.2,5.2,-8.7719,5.2,100.0,520000.0,0.0,0.0,5.2,5.2,5.2,100.0
2020-09-10,4.9,4.9,-5.7692,4.753,4500.0,21390000.0,0.0,0.0,4.7,5.2,4.7,4500.0
2020-09-11,4.8,4.8,-2.0408,5.221,1900.0,9920000.0,0.0,0.0,4.5,5.3,4.5,1900.0
2020-09-14,5.2,5.2,8.3333,4.833,300.0,1450000.0,0.0,0.0,4.4,5.2,4.4,300.0
2020-09-15,5.7,5.7,9.6154,5.7,301.0,1715100.0,0.0,0.0,5.7,5.7,5.7,301.0
2020-09-16,5.2,5.2,-8.7719,5.846,1300.0,7600000.0,0.0,0.0,5.4,6.2,5.2,1300.0
2020-09-17,5.7,5.7,9.6154,5.7,41312.0,235466400.0,0.0,0.0,5.7,5.7,5.7,41312.0
2020-09-18,6.2,6.2,8.7719,6.188,1700.0,10520000.0,0.0,0.0,6.2,6.2,6.1,1700.0
2020-09-21,6.7,6.7,8.0645,6.278,3200.0,20090000.0,0.0,0.0,6.2,6.7,6.2,3200.0
2020-09-22,6.5,6.5,-2.9851,6.137,3800.0,23320000.0,0.0,0.0,6.1,6.6,6.1,3800.0
2020-09-23,6.0,6.0,-7.6923,6.451,7600.0,49030000.0,0.0,0.0,7.0,7.1,5.9,7600.0
2020-09-24,6.6,6.6,10.0,6.598,6200.0,40910000.0,0.0,0.0,6.5,6.6,6.5,6200.0
2020-09-25,7.1,7.1,7.5758,7.08,3000.0,21240000.0,0.0,0.0,7.0,7.2,7.0,3000.0
2020-09-28,7.7,7.7,8.4507,7.7,100.0,770000.0,0.0,0.0,7.7,7.7,7.7,100.0
2020-09-29,7.0,7.0,-9.0909,7.6,200.0,1520000.0,0.0,0.0,8.2,8.2,7.0,200.0
2020-09-30,6.6,6.6,-5.7143,6.329,2400.0,15190000.0,0.0,0.0,6.3,6.7,6.3,2400.0
2020-10-01,7.1,7.1,7.5758,7.1,100.0,710000.0,0.0,0.0,7.1,7.1,7.1,100.0
2020-10-02,7.1,7.1,0.0,7.1,0.0,0.0,0.0,0.0,7.1,7.1,7.1,0.0
2020-10-05,6.4,6.4,-9.8592,6.4,100.0,640000.0,0.0,0.0,6.4,6.4,6.4,100.0
2020-10-06,5.8,5.8,-9.375,5.802,25200.0,146220000.0,0.0,0.0,5.8,5.9,5.8,25200.0
2020-10-07,6.0,6.0,3.4483,6.0,3512.0,21074400.0,0.0,0.0,6.0,6.0,6.0,3512.0
2020-10-08,6.5,6.5,8.3333,6.5,100.0,650000.0,0.0,0.0,6.5,6.5,6.5,100.0
2020-10-09,5.9,5.9,-9.2308,5.9,1200.0,7080000.0,0.0,0.0,5.9,5.9,5.9,1200.0
2020-10-12,5.9,5.9,0.0,5.9,0.0,0.0,0.0,0.0,5.9,5.9,5.9,0.0
2020-10-13,5.9,5.9,0.0,5.9,0.0,0.0,0.0,0.0,5.9,5.9,5.9,0.0
2020-10-14,5.9,5.9,0.0,5.9,0.0,0.0,0.0,0.0,5.9,5.9,5.9,0.0
2020-10-15,5.9,5.9,0.0,5.9,0.0,0.0,0.0,0.0,5.9,5.9,5.9,0.0
2020-10-16,5.4,5.4,-8.4746,5.4,100.0,540000.0,0.0,0.0,5.4,5.4,5.4,100.0
2020-10-19,5.4,5.4,0.0,5.4,1000.0,5400000.0,0.0,0.0,5.4,5.4,5.4,1000.0
2020-10-20,5.8,5.8,7.4074,5.8,9400.0,54520000.0,0.0,0.0,5.8,5.8,5.8,9400.0
2020-10-21,5.8,5.8,0.0,5.8,0.0,0.0,0.0,0.0,5.8,5.8,5.8,0.0
2020-10-22,6.0,6.0,3.4483,6.271,4800.0,30100000.0,0.0,0.0,6.2,6.3,6.0,4800.0
2020-10-23,6.6,6.6,10.0,6.6,1800.0,11880000.0,0.0,0.0,6.6,6.6,6.6,1800.0
2020-10-26,6.6,6.6,0.0,6.489,9000.0,58400000.0,0.0,0.0,6.6,6.6,6.1,9000.0
2020-10-27,6.2,6.2,-6.0606,6.2,400.0,2480000.0,0.0,0.0,6.2,6.2,6.2,400.0
2020-10-28,5.6,5.6,-9.6774,6.78,18100.0,122720000.0,0.0,0.0,6.8,6.8,5.6,18100.0
2020-10-29,5.5,5.5,-1.7857,5.4,6000.0,32400000.0,0.0,0.0,5.3,5.5,5.3,6000.0
2020-10-30,5.5,5.5,0.0,5.5,0.0,0.0,0.0,0.0,5.5,5.5,5.5,0.0
2020-11-02,5.5,5.5,0.0,5.5,0.0,0.0,0.0,0.0,5.5,5.5,5.5,0.0
2020-11-03,5.7,5.7,3.6364,5.7,800.0,4560000.0,0.0,0.0,5.7,5.7,5.7,800.0
2020-11-04,6.2,6.2,8.7719,6.133,1500.0,9200000.0,0.0,0.0,6.1,6.2,6.1,1500.0
2020-11-05,6.8,6.8,9.6774,6.442,14600.0,94060000.0,0.0,0.0,6.2,6.8,6.2,14600.0
2020-11-06,7.4,7.4,8.8235,7.4,4732.0,34978400.0,0.0,0.0,7.4,7.4,7.4,4732.0
2020-11-09,8.1,8.1,9.4595,8.1,3100.0,25110000.0,0.0,0.0,8.1,8.1,8.1,3100.0
2020-11-10,8.1,8.1,0.0,8.1,800.0,6480000.0,0.0,0.0,8.1,8.1,8.1,800.0
2020-11-11,8.0,8.0,-1.2346,8.0,17700.0,141600000.0,0.0,0.0,8.0,8.0,8.0,17700.0
2020-11-12,8.8,8.8,10.0,8.038,2100.0,16880000.0,0.0,0.0,8.0,8.8,8.0,2100.0
2020-11-13,8.7,8.7,-1.1364,8.003,26800.0,214470000.0,0.0,0.0,8.0,8.7,8.0,26800.0
2020-11-16,8.7,8.7,0.0,8.7,100.0,870000.0,0.0,0.0,8.7,8.7,8.7,100.0
2020-11-17,7.9,7.9,-9.1954,7.9,3300.0,26070000.0,0.0,0.0,7.9,7.9,7.9,3300.0
2020-11-18,8.6,8.6,8.8608,8.591,1100.0,9450000.0,0.0,0.0,8.5,8.6,8.5,1100.0
2020-11-19,8.6,8.6,0.0,8.6,1500.0,12900000.0,0.0,0.0,8.6,8.6,8.6,1500.0
2020-11-20,8.6,8.6,0.0,8.6,9700.0,83420000.0,0.0,0.0,8.6,8.6,8.6,9700.0
2020-11-23,8.6,8.6,0.0,8.6,0.0,0.0,0.0,0.0,8.6,8.6,8.6,0.0
2020-11-24,9.4,9.4,9.3023,9.0,2000.0,18000000.0,0.0,0.0,8.6,9.4,8.6,2000.0
2020-11-25,9.4,9.4,0.0,9.4,0.0,0.0,0.0,0.0,9.4,9.4,9.4,0.0
2020-11-26,9.4,9.4,0.0,9.4,0.0,0.0,0.0,0.0,9.4,9.4,9.4,0.0
2020-11-27,8.6,8.6,-8.5106,8.6,1200.0,10320000.0,0.0,0.0,8.6,8.6,8.6,1200.0
2020-11-30,9.4,9.4,9.3023,9.4,20000.0,188000000.0,0.0,0.0,9.4,9.4,9.4,20000.0
2020-12-01,10.3,10.3,9.5745,10.3,100.0,1030000.0,0.0,0.0,10.3,10.3,10.3,100.0
2020-12-02,10.5,10.5,1.9417,10.5,1100.0,11550000.0,0.0,0.0,10.5,10.5,10.5,1100.0
2020-12-03,10.5,10.5,0.0,10.487,7600.0,79700000.0,0.0,0.0,10.4,10.5,10.4,7600.0
2020-12-04,10.5,10.5,0.0,10.5,400.0,4200000.0,0.0,0.0,10.5,10.5,10.5,400.0
2020-12-07,10.1,10.1,-3.8095,10.1,100.0,1010000.0,0.0,0.0,10.1,10.1,10.1,100.0
2020-12-08,10.1,10.1,0.0,10.1,1800.0,18180000.0,0.0,0.0,10.1,10.1,10.1,1800.0
2020-12-09,10.5,10.5,3.9604,10.644,6200.0,65990000.0,0.0,0.0,10.4,10.8,10.4,6200.0
2020-12-10,10.0,10.0,-4.7619,10.0,200.0,2000000.0,0.0,0.0,10.0,10.0,10.0,200.0
2020-12-11,10.0,10.0,0.0,10.977,8800.0,96600000.0,0.0,0.0,11.0,11.0,10.0,8800.0
2020-12-14,10.0,10.0,0.0,10.0,0.0,0.0,0.0,0.0,10.0,10.0,10.0,0.0
2020-12-15,10.0,10.0,0.0,10.0,0.0,0.0,0.0,0.0,10.0,10.0,10.0,0.0
2020-12-16,10.0,10.0,0.0,10.95,2000.0,21900000.0,0.0,0.0,11.0,11.0,10.0,2000.0
2020-12-17,10.0,10.0,0.0,10.968,3100.0,34000000.0,0.0,0.0,11.0,11.0,10.0,3100.0
2020-12-18,11.0,11.0,10.0,11.0,900.0,9900000.0,0.0,0.0,11.0,11.0,11.0,900.0
2020-12-21,12.1,12.1,10.0,12.1,2600.0,31460000.0,0.0,0.0,12.1,12.1,12.1,2600.0
2020-12-22,13.3,13.3,9.9174,13.3,9000.0,119700000.0,0.0,0.0,13.3,13.3,13.3,9000.0
2020-12-23,14.6,14.6,9.7744,14.59,12700.0,185290000.0,0.0,0.0,13.3,14.6,13.3,12700.0
2020-12-24,13.5,13.5,-7.5342,13.36,8400.0,112220000.0,0.0,0.0,14.0,14.0,13.2,8400.0
2020-12-25,14.5,14.5,7.4074,14.498,4142.0,60039000.0,0.0,0.0,14.5,14.5,14.4,4142.0
2020-12-28,14.6,14.6,0.6897,14.519,6200.0,90020000.0,0.0,0.0,14.5,14.6,14.5,6200.0
2020-12-29,14.6,14.6,0.0,14.6,7500.0,109500000.0,0.0,0.0,14.6,14.6,14.6,7500.0
2020-12-30,13.2,13.2,-9.589,13.2,100.0,1320000.0,0.0,0.0,13.2,13.2,13.2,100.0
2020-12-31,13.2,13.2,0.0,13.2,0.0,0.0,0.0,0.0,13.2,13.2,13.2,0.0
2021-01-04,14.5,14.5,9.8485,14.391,6400.0,92100000.0,0.0,0.0,14.5,14.5,14.0,6400.0
2021-01-05,14.5,14.5,0.0,14.5,500.0,7250000.0,0.0,0.0,14.5,14.5,14.5,500.0
2021-01-06,14.0,14.0,-3.4483,14.615,9100.0,133000000.0,0.0,0.0,14.5,14.7,14.0,9100.0
2021-01-07,14.7,14.7,5.0,14.406,16000.0,230500000.0,0.0,0.0,13.8,14.7,13.8,16000.0
2021-01-08,15.0,15.0,2.0408,15.0,5000.0,75000000.0,0.0,0.0,15.0,15.0,15.0,5000.0
2021-01-11,15.0,15.0,0.0,15.0,0.0,0.0,0.0,0.0,15.0,15.0,15.0,0.0
2021-01-12,13.5,13.5,-10.0,13.582,6100.0,82850000.0,0.0,0.0,14.0,14.0,13.5,6100.0
2021-01-13,12.3,12.3,-8.8889,14.504,2400.0,34810000.0,0.0,0.0,14.0,14.8,12.3,2400.0
2021-01-14,12.3,12.3,0.0,12.3,0.0,0.0,0.0,0.0,12.3,12.3,12.3,0.0
2021-01-15,12.3,12.3,0.0,12.3,0.0,0.0,0.0,0.0,12.3,12.3,12.3,0.0
2021-01-18,12.6,12.6,2.439,11.86,7458.0,88333800.0,0.0,0.0,11.1,13.5,11.1,7458.0
2021-01-19,13.8,13.8,9.5238,13.8,1000.0,13800000.0,0.0,0.0,13.8,13.8,13.8,1000.0
2021-01-20,13.9,13.9,0.7246,14.959,1700.0,25430000.0,0.0,0.0,15.1,15.1,13.9,1700.0
2021-01-21,15.2,15.2,9.3525,15.2,16419.0,249519400.0,0.0,0.0,15.2,15.2,15.2,16419.0
2021-01-22,13.7,13.7,-9.8684,13.7,3300.0,45210000.0,0.0,0.0,13.7,13.7,13.7,3300.0
2021-01-25,15.0,15.0,9.4891,15.0,2000.0,30000000.0,0.0,0.0,15.0,15.0,15.0,2000.0
2021-01-26,16.5,16.5,10.0,15.144,9010.0,136450000.0,0.0,0.0,14.8,16.5,14.8,9010.0
2021-01-27,16.6,16.6,0.6061,17.568,15600.0,274060000.0,0.0,0.0,18.1,18.1,16.6,15600.0
2021-01-28,16.6,16.6,0.0,17.417,4700.0,81860000.0,0.0,0.0,17.0,18.2,16.6,4700.0
2021-01-29,17.8,17.8,7.2289,16.861,9200.0,155120000.0,0.0,0.0,16.0,17.8,15.1,9200.0
2021-02-01,17.9,17.9,0.5618,17.24,7030.0,121205000.0,0.0,0.0,16.1,17.9,16.1,7030.0
2021-02-02,18.9,18.9,5.5866,17.41,43450.0,756536000.0,0.0,0.0,16.3,19.6,16.3,43450.0
2021-02-03,18.6,18.6,-1.5873,19.251,8500.0,163630000.0,0.0,0.0,18.1,20.7,18.1,8500.0
2021-02-04,20.4,20.4,9.6774,19.574,14365.0,281002000.0,0.0,0.0,17.0,20.4,16.9,14365.0
2021-02-05,18.6,18.6,-8.8235,18.6,400.0,7440000.0,0.0,0.0,18.6,18.6,18.6,400.0
2021-02-08,18.6,18.6,0.0,18.6,0.0,0.0,0.0,0.0,18.6,18.6,18.6,0.0
2021-02-09,18.6,18.6,0.0,18.6,0.0,0.0,0.0,0.0,18.6,18.6,18.6,0.0
2021-02-17,20.4,20.4,9.6774,20.4,400.0,8160000.0,0.0,0.0,20.4,20.4,20.4,400.0
2021-02-18,20.4,20.4,0.0,20.4,100.0,2040000.0,0.0,0.0,20.4,20.4,20.4,100.0
2021-02-19,21.8,21.8,6.8627,21.134,20800.0,439580000.0,0.0,0.0,21.8,22.4,20.6,20800.0
2021-02-22,21.8,21.8,0.0,20.237,7600.0,153800000.0,0.0,0.0,20.0,21.8,20.0,7600.0
2021-02-23,21.0,21.0,-3.6697,20.473,3136.0,64099200.0,0.0,0.0,19.9,21.0,19.8,3136.0
2021-02-24,21.7,21.7,3.3333,21.317,640.0,13640000.0,0.0,0.0,21.0,21.7,21.0,640.0
2021-02-25,21.7,21.7,0.0,21.7,1500.0,32550000.0,0.0,0.0,21.7,21.7,21.7,1500.0
2021-02-26,21.7,21.7,0.0,21.7,200.0,4340000.0,0.0,0.0,21.7,21.7,21.7,200.0
2021-03-01,19.6,19.6,-9.6774,19.628,8110.0,159187000.0,0.0,0.0,19.8,19.8,19.6,8110.0
2021-03-02,18.2,18.2,-7.1429,19.238,22800.0,438630000.0,0.0,0.0,17.7,21.5,17.7,22800.0
2021-03-03,18.1,18.1,-0.5495,16.666,7100.0,118330000.0,0.0,0.0,17.0,18.1,16.4,7100.0
2021-03-04,18.4,18.4,1.6575,19.607,2910.0,57058000.0,0.0,0.0,19.8,19.9,18.4,2910.0
2021-03-05,19.8,19.8,7.6087,18.717,19200.0,359360000.0,0.0,0.0,19.0,19.8,18.0,19200.0
2021-03-08,20.0,20.0,1.0101,20.035,5700.0,114200000.0,0.0,0.0,21.0,21.0,20.0,5700.0
2021-03-09,20.9,20.9,4.5,20.9,610.0,12740000.0,0.0,0.0,20.9,20.9,20.9,610.0
2021-03-10,20.9,20.9,0.0,20.9,0.0,0.0,0.0,0.0,20.9,20.9,20.9,0.0
2021-03-11,20.9,20.9,0.0,20.335,6200.0,126080000.0,0.0,0.0,20.9,20.9,20.2,6200.0
2021-03-12,20.6,20.6,-1.4354,20.558,8600.0,176800000.0,0.0,0.0,20.5,20.6,20.5,8600.0
2021-03-15,20.5,20.5,-0.4854,20.5,700.0,14350000.0,0.0,0.0,20.5,20.5,20.5,700.0
2021-03-16,22.5,22.5,9.7561,20.528,6400.0,131380000.0,0.0,0.0,20.4,22.5,20.4,6400.0
2021-03-17,22.5,22.5,0.0,22.5,0.0,0.0,0.0,0.0,22.5,22.5,22.5,0.0
2021-03-18,24.7,24.7,9.7778,24.7,200.0,4940000.0,0.0,0.0,24.7,24.7,24.7,200.0
2021-03-19,27.1,27.1,9.7166,24.439,7900.0,193070000.0,0.0,0.0,24.7,27.1,23.5,7900.0
2021-03-22,29.8,29.8,9.9631,25.236,6790.0,171281900.0,0.0,0.0,26.0,29.8,24.5,6790.0
2021-03-23,26.9,26.9,-9.7315,26.982,3800.0,102530000.0,0.0,0.0,30.0,30.0,26.9,3800.0
2021-03-24,24.3,24.3,-9.6654,24.3,1300.0,31590000.0,0.0,0.0,24.3,24.3,24.3,1300.0
2021-03-25,22.1,22.1,-9.0535,22.211,30154.0,669712600.0,0.0,0.0,22.0,23.0,21.9,30154.0
2021-03-26,24.3,24.3,9.9548,23.344,900.0,21010000.0,0.0,0.0,20.0,24.3,20.0,900.0
2021-03-29,21.9,21.9,-9.8765,22.624,22501.0,509073000.0,0.0,0.0,24.3,26.7,21.9,22501.0
2021-03-30,24.0,24.0,9.589,22.268,2200.0,48990000.0,0.0,0.0,21.9,24.0,20.0,2200.0
2021-03-31,24.0,24.0,0.0,24.0,100.0,2400000.0,0.0,0.0,24.0,24.0,24.0,100.0
2021-04-01,22.3,22.3,-7.0833,22.498,5900.0,132740000.0,0.0,0.0,23.9,23.9,22.2,5900.0
2021-04-02,21.2,21.2,-4.9327,21.601,11601.0,250590300.0,0.0,0.0,22.3,23.9,20.5,11601.0
2021-04-05,21.4,21.4,0.9434,22.037,10246.0,225746000.0,0.0,0.0,21.2,23.3,21.2,10246.0
2021-04-06,23.5,23.5,9.8131,23.103,11333.0,261753000.0,0.0,0.0,23.0,23.5,23.0,11333.0
2021-04-07,21.6,21.6,-8.0851,21.644,8331.0,180270300.0,0.0,0.0,21.4,21.8,21.4,8331.0
2021-04-08,22.0,22.0,1.8519,22.24,16100.0,358070000.0,0.0,0.0,21.5,23.7,21.5,16100.0
2021-04-09,24.2,24.2,10.0,23.76,6000.0,142560000.0,0.0,0.0,23.0,24.2,23.0,6000.0
2021-04-12,26.6,26.6,9.9174,25.81,12502.0,322675000.0,0.0,0.0,23.9,26.6,23.9,12502.0
2021-04-13,29.2,29.2,9.7744,29.2,11600.0,338720000.0,0.0,0.0,29.2,29.2,29.2,11600.0
2021-04-14,32.1,32.1,9.9315,29.55,5000.0,147750000.0,0.0,0.0,32.1,32.1,27.0,5000.0
2021-04-15,35.3,35.3,9.9688,31.305,14948.0,467837200.0,0.0,0.0,35.3,35.3,29.3,14948.0
2021-04-16,32.0,32.0,-9.3484,32.275,1211.0,39115000.0,0.0,0.0,35.0,35.0,32.0,1211.0
2021-04-19,28.8,28.8,-10.0,29.793,11110.0,331000000.0,0.0,0.0,30.0,30.0,28.8,11110.0
2021-04-20,26.2,26.2,-9.0278,26.2,2323.0,60858100.0,0.0,0.0,26.2,26.2,26.2,2323.0
2021-04-22,23.6,23.6,-9.9237,23.6,1431.0,33777000.0,0.0,0.0,23.6,23.6,23.6,1431.0
2021-04-23,23.6,23.6,0.0,22.031,5102.0,112407200.0,0.0,0.0,22.0,23.6,22.0,5102.0
2021-04-26,21.5,21.5,-8.8983,21.5,1060.0,22790000.0,0.0,0.0,21.5,21.5,21.5,1060.0
2021-04-27,23.0,23.0,6.9767,22.3,4888.0,108941000.0,0.0,0.0,23.0,23.0,21.6,4888.0
2021-04-28,25.3,25.3,10.0,25.3,980.0,24610000.0,0.0,0.0,25.3,25.3,25.3,980.0
2021-04-29,25.3,25.3,0.0,25.3,0.0,0.0,0.0,0.0,25.3,25.3,25.3,0.0
2021-05-04,24.3,24.3,-3.9526,23.024,5800.0,133540000.0,0.0,0.0,22.8,24.3,22.8,5800.0
2021-05-05,24.3,24.3,0.0,24.3,0.0,0.0,0.0,0.0,24.3,24.3,24.3,0.0
2021-05-06,24.3,24.3,0.0,24.3,0.0,0.0,0.0,0.0,24.3,24.3,24.3,0.0
2021-05-07,24.9,24.9,2.4691,24.013,800.0,19210000.0,0.0,0.0,24.2,24.9,22.0,800.0
2021-05-10,24.9,24.9,0.0,24.9,0.0,0.0,0.0,0.0,24.9,24.9,24.9,0.0
2021-05-11,24.9,24.9,0.0,24.9,0.0,0.0,0.0,0.0,24.9,24.9,24.9,0.0
2021-05-12,24.2,24.2,-2.8112,23.023,1300.0,29930000.0,0.0,0.0,22.5,24.2,22.5,1300.0
2021-05-13,23.9,23.9,-1.2397,22.261,1844.0,41033600.0,0.0,0.0,22.2,23.9,21.9,1844.0
2021-05-14,24.2,24.2,1.2552,24.216,9000.0,217940000.0,0.0,0.0,25.0,25.0,24.0,9000.0
2021-05-17,24.2,24.2,0.0,24.2,12.0,288000.0,0.0,0.0,24.2,24.2,24.2,12.0
2021-05-18,25.9,25.9,7.0248,24.614,1400.0,34460000.0,0.0,0.0,24.1,25.9,24.1,1400.0
2021-05-19,25.9,25.9,0.0,25.9,300.0,7770000.0,0.0,0.0,25.9,25.9,25.9,300.0
2021-05-20,26.0,26.0,0.3861,26.0,1100.0,28600000.0,0.0,0.0,26.0,26.0,26.0,1100.0
2021-05-21,26.0,26.0,0.0,26.0,800.0,20800000.0,0.0,0.0,26.0,26.0,26.0,800.0
2021-05-24,26.6,26.6,2.3077,23.538,9700.0,228320000.0,0.0,0.0,23.5,26.6,23.4,9700.0
2021-05-25,26.3,26.3,-1.1278,24.767,300.0,7430000.0,0.0,0.0,24.0,26.3,24.0,300.0
2021-05-26,26.3,26.3,0.0,24.567,300.0,7370000.0,0.0,0.0,23.7,26.3,23.7,300.0
2021-05-27,26.2,26.2,-0.3802,24.476,13700.0,335320000.0,0.0,0.0,23.7,26.2,23.7,13700.0
2021-05-28,26.2,26.2,0.0,23.817,3600.0,85740000.0,0.0,0.0,23.6,26.2,23.6,3600.0
2021-05-31,26.1,26.1,-0.3817,23.957,700.0,16770000.0,0.0,0.0,23.6,26.1,23.6,700.0
2021-06-01,26.1,26.1,0.0,26.1,0.0,0.0,0.0,0.0,26.1,26.1,26.1,0.0
2021-06-02,25.2,25.2,-3.4483,23.685,30600.0,724750000.0,0.0,0.0,23.5,25.2,23.5,30600.0
2021-06-03,23.0,23.0,-8.7302,23.0,13107.0,301461000.0,0.0,0.0,23.0,23.0,23.0,13107.0
2021-06-04,23.0,23.0,0.0,23.0,600.0,13800000.0,0.0,0.0,23.0,23.0,23.0,600.0
2021-06-07,23.1,23.1,0.4348,23.1,500.0,11550000.0,0.0,0.0,23.1,23.1,23.1,500.0
2021-06-08,23.1,23.1,0.0,23.1,0.0,0.0,0.0,0.0,23.1,23.1,23.1,0.0
2021-06-09,23.1,23.1,0.0,23.1,0.0,0.0,0.0,0.0,23.1,23.1,23.1,0.0
2021-06-10,23.1,23.1,0.0,23.1,0.0,0.0,0.0,0.0,23.1,23.1,23.1,0.0
2021-06-11,23.1,23.1,0.0,23.1,0.0,0.0,0.0,0.0,23.1,23.1,23.1,0.0
2021-06-14,23.1,23.1,0.0,23.1,0.0,0.0,0.0,0.0,23.1,23.1,23.1,0.0
2021-06-15,23.1,23.1,0.0,23.1,0.0,0.0,0.0,0.0,23.1,23.1,23.1,0.0
2021-06-16,21.0,21.0,-9.0909,21.0,200.0,4200000.0,0.0,0.0,21.0,21.0,21.0,200.0
2021-06-17,23.0,23.0,9.5238,23.0,600.0,13800000.0,0.0,0.0,23.0,23.0,23.0,600.0
2021-06-18,21.0,21.0,-8.6957,21.156,2700.0,57120000.0,0.0,0.0,25.2,25.2,21.0,2700.0
2021-06-21,21.0,21.0,0.0,21.0,200.0,4200000.0,0.0,0.0,21.0,21.0,21.0,200.0
2021-06-22,22.9,22.9,9.0476,22.9,100.0,2290000.0,0.0,0.0,22.9,22.9,22.9,100.0
2021-06-23,22.9,22.9,0.0,22.9,0.0,0.0,0.0,0.0,22.9,22.9,22.9,0.0
2021-06-24,22.0,22.0,-3.9301,22.988,23300.0,535610000.0,0.0,0.0,22.7,25.1,22.0,23300.0
2021-06-25,22.1,22.1,0.4545,22.213,1600.0,35540000.0,0.0,0.0,23.9,23.9,22.1,1600.0
2021-06-28,21.0,21.0,-4.9774,22.228,9800.0,217830000.0,0.0,0.0,23.0,24.3,21.0,9800.0
2021-06-29,22.8,22.8,8.5714,22.8,200.0,4560000.0,0.0,0.0,22.8,22.8,22.8,200.0
2021-06-30,22.8,22.8,0.0,22.8,0.0,0.0,0.0,0.0,22.8,22.8,22.8,0.0
2021-07-01,22.8,22.8,0.0,22.8,0.0,0.0,0.0,0.0,22.8,22.8,22.8,0.0
2021-07-02,22.8,22.8,0.0,22.8,0.0,0.0,0.0,0.0,22.8,22.8,22.8,0.0
2021-07-05,22.5,22.5,-1.3158,21.217,1200.0,25460000.0,0.0,0.0,21.1,22.5,21.1,1200.0
2021-07-06,22.5,22.5,0.0,22.5,0.0,0.0,0.0,0.0,22.5,22.5,22.5,0.0
2021-07-07,22.5,22.5,0.0,22.5,0.0,0.0,0.0,0.0,22.5,22.5,22.5,0.0
2021-07-08,22.3,22.3,-0.8889,20.5,1000.0,20500000.0,0.0,0.0,20.3,22.3,20.3,1000.0
2021-07-09,22.3,22.3,0.0,22.3,0.0,0.0,0.0,0.0,22.3,22.3,22.3,0.0
2021-07-12,22.3,22.3,0.0,22.3,0.0,0.0,0.0,0.0,22.3,22.3,22.3,0.0
2021-07-13,22.3,22.3,0.0,22.3,0.0,0.0,0.0,0.0,22.3,22.3,22.3,0.0
2021-07-14,22.3,22.3,0.0,22.3,0.0,0.0,0.0,0.0,22.3,22.3,22.3,0.0
2021-07-15,22.3,22.3,0.0,22.3,0.0,0.0,0.0,0.0,22.3,22.3,22.3,0.0
2021-07-16,22.3,22.3,0.0,22.3,0.0,0.0,0.0,0.0,22.3,22.3,22.3,0.0
2021-07-19,22.3,22.3,0.0,22.3,0.0,0.0,0.0,0.0,22.3,22.3,22.3,0.0
2021-07-20,22.3,22.3,0.0,22.3,0.0,0.0,0.0,0.0,22.3,22.3,22.3,0.0
2021-07-21,22.3,22.3,0.0,22.3,0.0,0.0,0.0,0.0,22.3,22.3,22.3,0.0
2021-07-22,22.3,22.3,0.0,22.3,0.0,0.0,0.0,0.0,22.3,22.3,22.3,0.0
2021-07-23,22.3,22.3,0.0,22.3,0.0,0.0,0.0,0.0,22.3,22.3,22.3,0.0
2021-07-26,22.3,22.3,0.0,22.3,0.0,0.0,0.0,0.0,22.3,22.3,22.3,0.0
2021-07-27,22.3,22.3,0.0,22.3,0.0,0.0,0.0,0.0,22.3,22.3,22.3,0.0
2021-07-28,22.3,22.3,0.0,22.3,0.0,0.0,0.0,0.0,22.3,22.3,22.3,0.0
2021-07-29,22.3,22.3,0.0,22.3,0.0,0.0,0.0,0.0,22.3,22.3,22.3,0.0
2021-07-30,22.3,22.3,0.0,22.3,0.0,0.0,0.0,0.0,22.3,22.3,22.3,0.0
2021-08-02,22.3,22.3,0.0,22.3,0.0,0.0,0.0,0.0,22.3,22.3,22.3,0.0
2021-08-03,20.2,20.2,-9.417,20.2,1100.0,22220000.0,0.0,0.0,20.2,20.2,20.2,1100.0
2021-08-04,19.0,19.0,-5.9406,19.4,310.0,6005000.0,0.0,0.0,20.2,20.2,19.0,310.0
2021-08-05,20.8,20.8,9.4737,20.8,200.0,4160000.0,0.0,0.0,20.8,20.8,20.8,200.0
2021-08-06,20.6,20.6,-0.9615,20.6,100.0,2060000.0,0.0,0.0,20.6,20.6,20.6,100.0
2021-08-09,20.6,20.6,0.0,20.6,0.0,0.0,0.0,0.0,20.6,20.6,20.6,0.0
2021-08-10,20.8,20.8,0.9709,21.23,9300.0,197440000.0,0.0,0.0,22.2,22.6,20.8,9300.0
2021-08-11,22.8,22.8,9.6154,22.8,200.0,4560000.0,0.0,0.0,22.8,22.8,22.8,200.0
2021-08-12,21.4,21.4,-6.1404,24.4,600.0,14640000.0,0.0,0.0,25.0,25.0,21.4,600.0
2021-08-13,23.4,23.4,9.3458,23.4,100.0,2340000.0,0.0,0.0,23.4,23.4,23.4,100.0
2021-08-16,25.7,25.7,9.8291,25.7,6000.0,154200000.0,0.0,0.0,25.7,25.7,25.7,6000.0
2021-08-17,25.7,25.7,0.0,25.7,0.0,0.0,0.0,0.0,25.7,25.7,25.7,0.0
2021-08-18,25.7,25.7,0.0,25.7,500.0,12850000.0,0.0,0.0,25.7,25.7,25.7,500.0
2021-08-19,25.7,25.7,0.0,25.7,0.0,0.0,0.0,0.0,25.7,25.7,25.7,0.0
2021-08-20,28.2,28.2,9.7276,28.05,217.0,6035000.0,0.0,0.0,27.9,28.2,27.9,217.0
2021-08-23,26.0,26.0,-7.8014,26.0,1000.0,26000000.0,0.0,0.0,26.0,26.0,26.0,1000.0
2021-08-24,28.6,28.6,10.0,28.564,5600.0,159960000.0,0.0,0.0,28.4,28.6,28.4,5600.0
2021-08-25,28.6,28.6,0.0,28.6,0.0,0.0,0.0,0.0,28.6,28.6,28.6,0.0
2021-08-26,31.4,31.4,9.7902,28.828,10400.0,299810000.0,0.0,0.0,31.4,31.4,25.8,10400.0
2021-08-27,34.5,34.5,9.8726,34.452,5633.0,193863900.0,0.0,0.0,34.0,34.5,34.0,5633.0
2021-08-30,34.6,34.6,0.2899,34.932,5900.0,206100000.0,0.0,0.0,34.6,35.5,34.6,5900.0
2021-08-31,31.6,31.6,-8.6705,31.6,100.0,3160000.0,0.0,0.0,31.6,31.6,31.6,100.0
2021-09-01,28.5,28.5,-9.8101,28.5,241.0,6995600.0,0.0,0.0,28.5,28.5,28.5,241.0
2021-09-06,25.9,25.9,-9.1228,25.9,100.0,2590000.0,0.0,0.0,25.9,25.9,25.9,100.0
2021-09-07,24.2,24.2,-6.5637,24.2,3000.0,72600000.0,0.0,0.0,24.2,24.2,24.2,3000.0
2021-09-08,26.6,26.6,9.9174,23.823,23300.0,555080000.0,0.0,0.0,22.1,26.6,22.1,23300.0
2021-09-09,29.2,29.2,9.7744,29.2,7009.0,204662800.0,0.0,0.0,29.2,29.2,29.2,7009.0
2021-09-10,29.2,29.2,0.0,29.2,0.0,0.0,0.0,0.0,29.2,29.2,29.2,0.0
2021-09-13,29.2,29.2,0.0,29.2,0.0,0.0,0.0,0.0,29.2,29.2,29.2,0.0
2021-09-14,29.0,29.0,-0.6849,29.0,3000.0,87000000.0,0.0,0.0,29.0,29.0,29.0,3000.0
2021-09-15,29.0,29.0,0.0,28.945,18109.0,524158300.0,0.0,0.0,28.8,29.0,28.8,18109.0
2021-09-16,28.3,28.3,-2.4138,28.29,31800.0,899610000.0,0.0,0.0,28.2,28.3,28.2,31800.0
2021-09-17,28.3,28.3,0.0,28.3,1400.0,39620000.0,0.0,0.0,28.3,28.3,28.3,1400.0
2021-09-20,25.7,25.7,-9.1873,25.55,4600.0,117530000.0,0.0,0.0,26.1,26.1,25.5,4600.0
2021-09-21,24.2,24.2,-5.8366,23.962,10500.0,251600000.0,0.0,0.0,23.6,24.2,23.6,10500.0
2021-09-22,23.3,23.3,-3.719,23.3,300.0,6990000.0,0.0,0.0,23.3,23.3,23.3,300.0
2021-09-23,23.2,23.2,-0.4292,23.2,4000.0,92800000.0,0.0,0.0,23.2,23.2,23.2,4000.0
2021-09-24,25.3,25.3,9.0517,23.466,20600.0,483390000.0,0.0,0.0,23.2,25.3,23.2,20600.0
2021-09-27,27.8,27.8,9.8814,27.8,100.0,2780000.0,0.0,0.0,27.8,27.8,27.8,100.0
2021-09-28,30.5,30.5,9.7122,30.5,100.0,3050000.0,0.0,0.0,30.5,30.5,30.5,100.0
2021-09-29,33.4,33.4,9.5082,33.4,100.0,3340000.0,0.0,0.0,33.4,33.4,33.4,100.0
2021-09-30,36.7,36.7,9.8802,33.921,12700.0,430800000.0,0.0,0.0,30.2,36.7,30.2,12700.0
2021-10-01,40.3,40.3,9.8093,40.3,4000.0,161200000.0,0.0,0.0,40.3,40.3,40.3,4000.0
