2018-08-08,12.242,15.0,0.0,14.087,1147200.0,16160430000.000002,0.0,0.0,16.0,16.0,12.6,1147200.0
2018-08-09,11.1,13.6,-9.3333,14.39,478300.0,6882970000.0,0.0,0.0,15.1,15.4,13.6,478300.0
2018-08-10,10.202,12.5,-8.0882,12.542,248300.0,3114190000.0,0.0,0.0,12.8,13.6,12.3,248300.0
2018-08-13,9.386,11.5,-8.0,11.327,258200.0,2924510000.0,0.0,0.0,11.4,11.8,11.3,258200.0
2018-08-14,8.896,10.9,-5.2174,11.059,111800.0,1236430000.0,0.0,0.0,10.7,11.6,10.7,111800.0
2018-08-15,8.57,10.5,-3.6697,10.56,119500.0,1261920000.0,0.0,0.0,10.5,11.0,10.4,119500.0
2018-08-16,8.733,10.7,1.9048,10.503,75900.0,797160000.0,0.0,0.0,10.6,10.7,10.2,75900.0
2018-08-17,8.815,10.8,0.9346,10.617,83500.0,886490000.0,0.0,0.0,10.7,10.8,10.5,83500.0
2018-08-20,8.978,11.0,1.8519,10.842,106700.0,1156810000.0,0.0,0.0,11.2,11.2,10.7,106700.0
2018-08-21,8.978,11.0,0.0,10.988,105700.0,1161390000.0,0.0,0.0,10.9,11.2,10.9,105700.0
2018-08-22,9.141,11.2,1.8182,11.059,102700.0,1135710000.0,0.0,0.0,11.2,11.2,10.6,102700.0
2018-08-23,8.896,10.9,-2.6786,10.907,104500.0,1139820000.0,0.0,0.0,11.0,11.2,10.9,104500.0
2018-08-24,8.733,10.7,-1.8349,10.715,106700.0,1143240000.0,0.0,0.0,10.9,10.9,10.7,106700.0
2018-08-27,9.059,11.1,3.7383,10.963,106200.0,1164290000.0,0.0,0.0,10.9,11.1,10.7,106200.0
2018-08-28,9.141,11.2,0.9009,11.185,95400.0,1067070000.0,0.0,0.0,11.0,11.2,11.0,95400.0
2018-08-29,8.978,11.0,-1.7857,11.025,91200.0,1005460000.0,0.0,0.0,11.2,11.2,11.0,91200.0
2018-08-30,9.141,11.2,1.8182,11.058,75800.0,838200000.0,0.0,0.0,11.0,11.2,10.9,75800.0
2018-08-31,9.059,11.1,-0.8929,11.185,54500.0,609570000.0,0.0,0.0,11.1,11.4,11.0,54500.0
2018-09-04,9.467,11.6,4.5045,11.293,510300.0,5763010000.0,0.0,0.0,11.0,11.7,10.9,510300.0
2018-09-05,10.365,12.7,9.4828,12.017,754800.0,9070310000.0,0.0,0.0,11.4,12.7,11.4,754800.0
2018-09-06,11.181,13.7,7.874,13.453,647300.0,8708030000.0,0.0,0.0,13.0,13.9,12.7,647300.0
2018-09-07,10.447,12.8,-6.5693,13.602,403400.0,5486850000.0,0.0,0.0,13.9,14.0,12.8,403400.0
2018-09-10,9.712,11.9,-7.0313,12.053,179200.0,2159980000.0,0.0,0.0,12.8,12.8,11.9,179200.0
2018-09-11,9.794,12.0,0.8403,11.62,140200.0,1629190000.0,0.0,0.0,11.7,12.1,11.3,140200.0
2018-09-12,9.467,11.6,-3.3333,11.606,138600.0,1608660000.0,0.0,0.0,12.0,12.0,11.3,138600.0
2018-09-13,9.304,11.4,-1.7241,11.474,255300.0,2929380000.0,0.0,0.0,11.7,11.7,11.3,255300.0
2018-09-14,9.222,11.3,-0.8772,11.284,159900.0,1804350000.0,0.0,0.0,11.3,11.5,11.1,159900.0
2018-09-17,9.712,11.9,5.3097,11.664,80000.0,933100000.0,0.0,0.0,11.4,11.9,11.4,80000.0
2018-09-18,9.386,11.5,-3.3613,11.786,76900.0,906350000.0,0.0,0.0,11.9,12.1,11.5,76900.0
2018-09-19,9.467,11.6,0.8696,11.429,111700.0,1276670000.0,0.0,0.0,11.6,11.6,11.3,111700.0
2018-09-20,9.467,11.6,0.0,11.446,133000.0,1522330000.0,0.0,0.0,11.9,12.0,11.2,133000.0
2018-09-21,9.386,11.5,-0.8621,11.556,105900.0,1223750000.0,0.0,0.0,11.7,11.9,11.3,105900.0
2018-09-24,9.631,11.8,2.6087,11.414,196200.0,2239400000.0,0.0,0.0,11.4,11.9,11.3,196200.0
2018-09-25,9.712,11.9,0.8475,11.81,58000.0,684970000.0,0.0,0.0,11.9,11.9,11.7,58000.0
2018-09-26,9.958,12.2,2.521,12.122,76300.0,924900000.0,0.0,0.0,11.8,12.3,11.8,76300.0
2018-09-27,10.039,12.3,0.8197,12.1,97100.0,1174910000.0,0.0,0.0,12.2,12.3,12.0,97100.0
2018-09-28,10.12,12.4,0.813,12.241,62900.0,769930000.0,0.0,0.0,12.5,12.7,12.2,62900.0
2018-10-01,10.202,12.5,0.8065,12.246,62700.0,767840000.0,0.0,0.0,12.4,12.5,12.1,62700.0
2018-10-02,10.202,12.5,0.0,12.416,265300.0,3294050000.0,0.0,0.0,12.3,12.7,12.2,265300.0
2018-10-03,10.12,12.4,-0.8,12.458,97800.0,1218390000.0,0.0,0.0,12.4,12.6,12.3,97800.0
2018-10-04,10.447,12.8,3.2258,12.692,343500.0,4359690000.0,0.0,0.0,12.4,13.1,12.2,343500.0
2018-10-05,10.365,12.7,-0.7813,12.84,66000.0,847470000.0,0.0,0.0,12.8,13.0,12.6,66000.0
2018-10-08,10.61,13.0,2.3622,12.814,70200.0,899520000.0,0.0,0.0,12.6,13.0,12.6,70200.0
2018-10-09,10.61,13.0,0.0,12.95,93900.0,1215960000.0,0.0,0.0,12.8,13.1,12.6,93900.0
2018-10-10,10.61,13.0,0.0,12.997,44600.0,579680000.0,0.0,0.0,12.9,13.0,12.9,44600.0
2018-10-11,10.61,13.0,0.0,12.586,60300.0,758930000.0,0.0,0.0,12.7,13.0,12.4,60300.0
2018-10-12,10.692,13.1,0.7692,12.981,62800.0,815210000.0,0.0,0.0,12.8,13.1,12.8,62800.0
2018-10-15,10.692,13.1,0.0,13.033,38500.0,501780000.0,0.0,0.0,13.0,13.1,12.8,38500.0
2018-10-16,11.426,14.0,6.8702,13.445,122900.0,1652380000.0,0.0,0.0,13.1,14.0,13.1,122900.0
2018-10-17,11.998,14.7,5.0,14.276,211100.0,3013660000.0,0.0,0.0,13.8,14.7,13.7,211100.0
2018-10-18,11.589,14.2,-3.4014,14.428,64100.0,924860000.0,0.0,0.0,14.6,14.8,14.2,64100.0
2018-10-19,11.263,13.8,-2.8169,13.87,44300.0,614460000.0,0.0,0.0,14.2,14.3,13.7,44300.0
2018-10-22,11.263,13.8,0.0,13.58,65400.0,888150000.0,0.0,0.0,13.5,13.8,13.4,65400.0
2018-10-23,11.426,14.0,1.4493,13.793,68900.0,950350000.0,0.0,0.0,13.7,14.0,13.7,68900.0
2018-10-24,11.508,14.1,0.7143,13.986,90200.0,1261520000.0,0.0,0.0,13.9,14.1,13.8,90200.0
2018-10-25,11.508,14.1,0.0,14.026,52300.0,733540000.0,0.0,0.0,14.0,14.2,13.9,52300.0
2018-10-26,11.344,13.9,-1.4184,14.033,75300.0,1056690000.0,0.0,0.0,14.1,14.4,13.8,75300.0
2018-10-29,11.344,13.9,0.0,13.946,35600.0,496480000.0,0.0,0.0,13.9,14.0,13.8,35600.0
2018-10-30,12.405,15.2,9.3525,14.636,719400.0,10528870000.0,0.0,0.0,13.8,15.2,13.7,719400.0
2018-10-31,13.222,16.2,6.5789,15.74,511300.0,8048090000.0,0.0,0.0,15.2,16.4,14.8,511300.0
2018-11-01,12.65,15.5,-4.321,16.041,318700.0,5112350000.0,0.0,0.0,16.2,16.7,15.5,318700.0
2018-11-02,11.834,14.5,-6.4516,14.66,89400.0,1310560000.0,0.0,0.0,15.2,15.4,14.2,89400.0
2018-11-05,11.671,14.3,-1.3793,14.289,38300.0,547280000.0,0.0,0.0,13.1,14.7,13.1,38300.0
2018-11-06,11.998,14.7,2.7972,14.645,50900.0,745440000.0,0.0,0.0,14.6,14.7,14.3,50900.0
2018-11-07,12.977,15.9,8.1633,15.343,601300.0,9226010000.0,0.0,0.0,14.7,15.9,14.5,601300.0
2018-11-08,12.977,15.9,0.0,15.864,38400.0,609160000.0,0.0,0.0,15.8,16.0,15.7,38400.0
2018-11-09,12.487,15.3,-3.7736,15.598,62900.0,981130000.0,0.0,0.0,15.5,15.9,15.3,62900.0
2018-11-12,12.405,15.2,-0.6536,15.164,47300.0,717270000.0,0.0,0.0,15.3,15.4,14.9,47300.0
2018-11-13,12.405,15.2,0.0,15.199,152500.0,2317790000.0,0.0,0.0,15.2,15.4,15.1,152500.0
2018-11-14,12.65,15.5,1.9737,15.229,95700.0,1457400000.0,0.0,0.0,15.0,15.5,15.0,95700.0
2018-11-15,12.405,15.2,-1.9355,15.331,34400.0,527380000.0,0.0,0.0,15.3,15.5,15.1,34400.0
2018-11-16,12.405,15.2,0.0,15.199,47600.0,723470000.0,0.0,0.0,15.4,15.4,15.1,47600.0
2018-11-19,12.405,15.2,0.0,15.207,97600.0,1484220000.0,0.0,0.0,15.2,15.5,15.0,97600.0
2018-11-20,12.324,15.1,-0.6579,15.1,24100.0,363910000.0,0.0,0.0,15.1,15.1,15.1,24100.0
2018-11-21,12.161,14.9,-1.3245,15.028,124300.0,1867950000.0,0.0,0.0,15.3,15.4,14.9,124300.0
2018-11-22,12.242,15.0,0.6711,14.997,106800.0,1601660000.0,0.0,0.0,15.0,15.2,14.9,106800.0
2018-11-23,12.405,15.2,1.3333,15.213,34800.0,529410000.0,100000.0,1500000000.0,15.3,15.4,15.0,134800.0
2018-11-26,12.487,15.3,0.6579,15.299,39200.0,599730000.0,0.0,0.0,15.3,15.3,15.0,39200.0
2018-11-27,12.242,15.0,-1.9608,15.178,34800.0,528200000.0,0.0,0.0,15.0,15.3,15.0,34800.0
2018-11-28,12.324,15.1,0.6667,15.077,48300.0,728200000.0,0.0,0.0,15.1,15.2,15.0,48300.0
2018-11-29,12.324,15.1,0.0,15.153,56500.0,856170000.0,0.0,0.0,15.3,15.4,15.1,56500.0
2018-11-30,12.324,15.1,0.0,15.043,61800.0,929640000.0,0.0,0.0,15.0,15.2,15.0,61800.0
2018-12-03,12.405,15.2,0.6623,15.201,37800.0,574600000.0,0.0,0.0,15.1,15.3,15.1,37800.0
2018-12-04,12.405,15.2,0.0,15.202,46200.0,702330000.0,0.0,0.0,15.0,15.3,15.0,46200.0
2018-12-05,12.569,15.4,1.3158,15.208,48400.0,736070000.0,0.0,0.0,15.2,15.4,15.1,48400.0
2018-12-06,12.487,15.3,-0.6494,15.3,25100.0,384020000.0,0.0,0.0,15.3,15.4,15.1,25100.0
2018-12-07,12.487,15.3,0.0,15.124,69300.0,1048090000.0,0.0,0.0,15.2,15.3,15.1,69300.0
2018-12-10,12.487,15.3,0.0,15.107,61000.0,921550000.0,0.0,0.0,15.2,15.3,14.9,61000.0
2018-12-11,12.405,15.2,-0.6536,15.211,35900.0,546070000.0,0.0,0.0,15.1,15.4,15.1,35900.0
2018-12-12,12.405,15.2,0.0,15.224,29300.0,446050000.0,0.0,0.0,15.1,15.4,15.1,29300.0
2018-12-13,12.405,15.2,0.0,15.213,45400.0,690680000.0,0.0,0.0,15.3,15.3,15.2,45400.0
2018-12-14,12.405,15.2,0.0,15.22,23300.0,354620000.0,0.0,0.0,15.1,15.3,15.1,23300.0
2018-12-17,12.405,15.2,0.0,15.234,23500.0,357990000.0,0.0,0.0,15.2,15.5,15.2,23500.0
2018-12-18,12.324,15.1,-0.6579,15.217,51600.0,785190000.0,0.0,0.0,15.3,15.3,15.0,51600.0
2018-12-19,13.059,16.0,5.9603,15.647,380600.0,5955200000.0,0.0,0.0,15.2,16.1,15.0,380600.0
2018-12-20,13.222,16.2,1.25,16.205,243700.0,3949280000.0,0.0,0.0,15.8,16.3,15.8,243700.0
2018-12-21,12.977,15.9,-1.8519,16.043,217600.0,3491060000.0,0.0,0.0,16.0,16.3,15.8,217600.0
2018-12-24,12.569,15.4,-3.1447,15.54,57200.0,888870000.0,0.0,0.0,15.7,15.8,15.4,57200.0
2018-12-25,12.242,15.0,-2.5974,15.097,33100.0,499720000.0,0.0,0.0,15.2,15.2,15.0,33100.0
2018-12-26,12.324,15.1,0.6667,15.12,43000.0,650140000.0,0.0,0.0,15.5,15.5,15.0,43000.0
2018-12-27,12.405,15.2,0.6623,15.2,118400.0,1799670000.0,0.0,0.0,15.1,15.3,15.1,118400.0
2018-12-28,12.324,15.1,-0.6579,15.2,31500.0,478790000.0,0.0,0.0,15.2,15.2,15.1,31500.0
2019-01-02,12.324,15.1,0.0,15.113,46600.0,704250000.0,0.0,0.0,15.2,15.2,15.0,46600.0
2019-01-03,12.242,15.0,-0.6623,15.112,40700.0,615050000.0,0.0,0.0,15.2,15.2,15.0,40700.0
2019-01-04,12.324,15.1,0.6667,15.113,59500.0,899200000.0,0.0,0.0,15.1,15.3,15.1,59500.0
2019-01-07,12.324,15.1,0.0,15.1,75700.0,1143080000.0,0.0,0.0,15.1,15.2,15.1,75700.0
2019-01-08,12.324,15.1,0.0,15.1,46600.0,703660000.0,0.0,0.0,15.0,15.2,15.0,46600.0
2019-01-09,12.405,15.2,0.6623,15.219,24100.0,366770000.0,0.0,0.0,15.3,15.3,15.1,24100.0
2019-01-10,12.569,15.4,1.3158,15.212,54600.0,830580000.0,0.0,0.0,15.2,15.4,15.1,54600.0
2019-01-11,12.569,15.4,0.0,15.376,50800.0,781100000.0,0.0,0.0,15.2,15.5,15.2,50800.0
2019-01-14,12.569,15.4,0.0,15.413,36600.0,564100000.0,0.0,0.0,15.4,15.5,15.3,36600.0
2019-01-15,12.569,15.4,0.0,15.399,24200.0,372660000.0,0.0,0.0,15.2,15.4,15.2,24200.0
2019-01-16,12.65,15.5,0.6494,15.388,28900.0,444700000.0,0.0,0.0,15.3,15.5,15.3,28900.0
2019-01-17,12.569,15.4,-0.6452,15.496,39000.0,604340000.0,0.0,0.0,15.5,15.6,15.4,39000.0
2019-01-18,12.405,15.2,-1.2987,15.285,40300.0,615980000.0,0.0,0.0,15.0,15.3,15.0,40300.0
2019-01-21,12.569,15.4,1.3158,15.34,44900.0,688760000.0,0.0,0.0,15.0,15.4,15.0,44900.0
2019-01-22,12.569,15.4,0.0,15.402,23500.0,361950000.0,0.0,0.0,15.5,15.5,15.4,23500.0
2019-01-23,12.732,15.6,1.2987,15.556,67800.0,1054720000.0,0.0,0.0,15.4,15.6,15.4,67800.0
2019-01-24,12.732,15.6,0.0,15.6,42300.0,659890000.0,0.0,0.0,15.6,15.7,15.6,42300.0
2019-01-25,12.732,15.6,0.0,15.623,27300.0,426520000.0,0.0,0.0,15.6,15.8,15.4,27300.0
2019-01-28,12.65,15.5,-0.641,15.5,56500.0,875760000.0,0.0,0.0,15.5,15.6,15.5,56500.0
2019-01-29,12.569,15.4,-0.6452,15.409,115600.0,1781330000.0,0.0,0.0,15.3,15.5,15.3,115600.0
2019-01-30,12.487,15.3,-0.6494,15.318,93300.0,1429130000.0,0.0,0.0,15.4,15.5,15.2,93300.0
2019-01-31,12.487,15.3,0.0,15.314,80700.0,1235810000.0,0.0,0.0,15.3,15.4,15.2,80700.0
2019-02-01,12.487,15.3,0.0,15.301,46100.0,705370000.0,0.0,0.0,15.3,15.4,15.3,46100.0
2019-02-11,12.405,15.2,-0.6536,15.283,87500.0,1337230000.0,0.0,0.0,15.2,15.3,15.0,87500.0
2019-02-12,12.324,15.1,-0.6579,15.187,63000.0,956800000.0,0.0,0.0,15.1,15.3,15.1,63000.0
2019-02-13,12.487,15.3,1.3245,15.281,61500.0,939760000.0,0.0,0.0,15.1,15.3,15.1,61500.0
2019-02-14,12.65,15.5,1.3072,15.394,66400.0,1022190000.0,0.0,0.0,15.3,15.5,15.3,66400.0
2019-02-15,12.65,15.5,0.0,15.517,46400.0,720000000.0,0.0,0.0,15.5,15.7,15.5,46400.0
2019-02-18,12.814,15.7,1.2903,15.751,200400.0,3156570000.0,0.0,0.0,15.5,16.0,15.4,200400.0
2019-02-19,12.895,15.8,0.6369,15.79,63100.0,996330000.0,0.0,0.0,15.7,15.8,15.5,63100.0
2019-02-20,12.65,15.5,-1.8987,15.559,33100.0,514990000.0,0.0,0.0,15.7,15.8,15.5,33100.0
2019-02-21,12.65,15.5,0.0,15.474,77400.0,1197670000.0,0.0,0.0,15.4,15.6,15.3,77400.0
2019-02-22,12.487,15.3,-1.2903,15.302,86400.0,1322110000.0,0.0,0.0,15.4,15.5,15.2,86400.0
2019-02-25,12.487,15.3,0.0,15.3,61100.0,934820000.0,0.0,0.0,15.3,15.4,15.2,61100.0
2019-02-26,12.487,15.3,0.0,15.283,58000.0,886410000.0,0.0,0.0,15.3,15.4,15.2,58000.0
2019-02-27,12.487,15.3,0.0,15.316,81400.0,1246740000.0,0.0,0.0,15.5,15.6,15.2,81400.0
2019-02-28,12.65,15.5,1.3072,15.467,146300.0,2262840000.0,0.0,0.0,15.4,15.6,15.3,146300.0
2019-03-01,12.65,15.5,0.0,15.5,77400.0,1199710000.0,0.0,0.0,15.5,15.6,15.5,77400.0
2019-03-04,12.487,15.3,-1.2903,15.378,64400.0,990320000.0,0.0,0.0,15.4,15.5,15.3,64400.0
2019-03-05,12.487,15.3,0.0,15.314,56900.0,871350000.0,0.0,0.0,15.4,15.4,15.2,56900.0
2019-03-06,12.569,15.4,0.6536,15.293,70300.0,1075100000.0,0.0,0.0,15.2,15.4,15.2,70300.0
2019-03-07,12.405,15.2,-1.2987,15.243,78000.0,1188920000.0,0.0,0.0,15.3,15.5,15.2,78000.0
2019-03-08,12.487,15.3,0.6579,15.286,90500.0,1383420000.0,0.0,0.0,15.2,15.4,15.1,90500.0
2019-03-11,12.65,15.5,1.3072,15.444,133500.0,2061830000.0,0.0,0.0,15.2,15.5,15.2,133500.0
2019-03-12,13.875,17.0,9.6774,16.273,820100.0,13345850000.0,0.0,0.0,15.5,17.0,15.4,820100.0
2019-03-13,14.283,17.5,2.9412,17.272,524000.0,9050310000.0,0.0,0.0,17.1,17.7,16.7,524000.0
2019-03-14,13.466,16.5,-5.7143,16.713,323100.0,5400020000.0,0.0,0.0,17.5,17.6,16.4,323100.0
2019-03-15,12.814,15.7,-4.8485,15.619,355900.0,5558860000.0,0.0,0.0,16.3,16.5,15.4,355900.0
2019-03-18,12.405,15.2,-3.1847,15.288,241000.0,3684290000.0,0.0,0.0,15.6,15.7,15.1,241000.0
2019-03-19,12.65,15.5,1.9737,15.278,276000.0,4216590000.0,0.0,0.0,15.1,15.5,15.0,276000.0
2019-03-20,12.569,15.4,-0.6452,15.248,172100.0,2624240000.0,0.0,0.0,15.4,15.5,15.1,172100.0
2019-03-21,12.814,15.7,1.9481,15.564,481400.0,7492700000.0,0.0,0.0,15.4,15.8,15.2,481400.0
2019-03-22,13.141,16.1,2.5478,15.938,552200.0,8801100000.0,0.0,0.0,15.6,16.3,15.4,552200.0
2019-03-25,12.732,15.6,-3.1056,15.826,175300.0,2774260000.0,0.0,0.0,16.1,16.1,15.6,175300.0
2019-03-26,12.569,15.4,-1.2821,15.439,101000.0,1559320000.0,0.0,0.0,15.7,15.7,15.3,101000.0
2019-03-27,12.65,15.5,0.6494,15.471,166300.0,2572830000.0,0.0,0.0,15.5,15.6,15.4,166300.0
2019-03-28,12.569,15.4,-0.6452,15.277,245200.0,3745940000.0,0.0,0.0,15.5,15.5,15.1,245200.0
2019-03-29,12.732,15.6,1.2987,15.49,164700.0,2551130000.0,0.0,0.0,15.4,15.6,15.3,164700.0
2019-04-01,13.059,16.0,2.5641,15.822,264000.0,4176970000.0,0.0,0.0,15.7,16.0,15.5,264000.0
2019-04-02,12.814,15.7,-1.875,15.72,139500.0,2192930000.0,0.0,0.0,15.8,15.9,15.6,139500.0
2019-04-03,12.65,15.5,-1.2739,15.477,149300.0,2310660000.0,0.0,0.0,15.7,15.8,15.4,149300.0
2019-04-04,12.895,15.8,1.9355,15.59,142000.0,2213730000.0,0.0,0.0,15.2,15.8,15.2,142000.0
2019-04-05,12.895,15.8,0.0,15.626,115900.0,1811110000.0,0.0,0.0,15.7,15.8,15.5,115900.0
2019-04-08,13.141,16.1,1.8987,15.93,192300.0,3063430000.0,0.0,0.0,15.7,16.1,15.5,192300.0
2019-04-09,12.895,15.8,-1.8634,15.842,137100.0,2171890000.0,0.0,0.0,15.9,16.0,15.8,137100.0
2019-04-10,12.895,15.8,0.0,15.639,76900.0,1202640000.0,0.0,0.0,15.6,15.8,15.5,76900.0
2019-04-11,12.895,15.8,0.0,15.749,131000.0,2063130000.0,0.0,0.0,15.7,15.9,15.6,131000.0
2019-04-12,12.977,15.9,0.6329,15.878,87900.0,1395690000.0,0.0,0.0,15.9,16.0,15.7,87900.0
2019-04-16,12.895,15.8,-0.6289,15.811,109800.0,1736070000.0,0.0,0.0,15.8,15.9,15.7,109800.0
2019-04-17,13.141,16.1,1.8987,15.933,312100.0,4972600000.0,0.0,0.0,15.7,16.1,15.6,312100.0
2019-04-18,13.222,16.2,0.6211,16.116,232300.0,3743670000.0,0.0,0.0,16.0,16.3,15.9,232300.0
2019-04-19,13.059,16.0,-1.2346,16.009,128800.0,2061910000.0,0.0,0.0,16.1,16.2,15.9,128800.0
2019-04-22,13.141,16.1,0.625,15.999,83000.0,1327910000.0,0.0,0.0,16.0,16.1,15.9,83000.0
2019-04-23,13.222,16.2,0.6211,16.051,164500.0,2640350000.0,0.0,0.0,16.2,16.2,15.9,164500.0
2019-04-24,12.977,15.9,-1.8519,15.945,126800.0,2021830000.0,0.0,0.0,16.0,16.2,15.9,126800.0
2019-04-25,13.059,16.0,0.6289,15.908,82100.0,1306050000.0,0.0,0.0,15.9,16.0,15.8,82100.0
2019-04-26,13.303,16.3,1.875,16.081,224000.0,3602170000.0,0.0,0.0,16.0,16.3,15.9,224000.0
2019-05-02,13.303,16.3,0.0,16.189,191200.0,3095320000.0,0.0,0.0,16.0,16.4,16.0,191200.0
2019-05-03,13.385,16.4,0.6135,16.289,129500.0,2109450000.0,0.0,0.0,16.2,16.4,16.1,129500.0
2019-05-06,13.385,16.4,0.0,16.323,94100.0,1536040000.0,0.0,0.0,16.3,16.4,16.3,94100.0
2019-05-07,13.466,16.5,0.6098,16.333,108300.0,1768840000.0,0.0,0.0,16.3,16.5,16.1,108300.0
2019-05-08,13.222,16.2,-1.8182,16.254,134800.0,2191060000.0,0.0,0.0,16.5,16.5,16.2,134800.0
2019-05-09,13.059,16.0,-1.2346,16.019,105900.0,1696450000.0,0.0,0.0,16.1,16.2,15.9,105900.0
2019-05-10,13.059,16.0,0.0,15.996,82200.0,1314850000.0,0.0,0.0,16.0,16.2,15.9,82200.0
2019-05-13,13.141,16.1,0.625,16.08,133800.0,2151440000.0,0.0,0.0,16.0,16.2,15.9,133800.0
2019-05-14,13.141,16.1,0.0,16.079,88400.0,1421420000.0,0.0,0.0,16.1,16.2,15.9,88400.0
2019-05-15,13.141,16.1,0.0,16.16,104500.0,1688770000.0,0.0,0.0,16.1,16.3,16.0,104500.0
2019-05-16,13.711,16.8,4.3478,16.408,389800.0,6395940000.0,0.0,0.0,16.0,16.8,15.9,389800.0
2019-05-17,14.12,17.3,2.9762,17.056,403500.0,6881960000.0,0.0,0.0,16.5,17.4,16.5,403500.0
2019-05-20,14.12,17.3,0.0,17.183,73300.0,1259510000.0,0.0,0.0,17.1,17.3,17.0,73300.0
2019-05-21,13.875,17.0,-1.7341,16.963,289500.0,4910780000.0,0.0,0.0,17.3,17.4,16.9,289500.0
2019-05-22,14.364,17.6,3.5294,17.27,289600.0,5001360000.0,0.0,0.0,17.0,17.7,16.8,289600.0
2019-05-23,15.425,18.9,7.3864,18.054,686400.0,12392540000.0,0.0,0.0,17.7,18.9,17.4,686400.0
2019-05-24,15.915,19.5,3.1746,19.149,395700.0,7577330000.0,0.0,0.0,18.9,19.5,18.7,395700.0
2019-05-27,14.691,18.0,-7.6923,18.317,321900.0,5896330000.0,0.0,0.0,19.0,19.5,18.0,321900.0
2019-05-28,14.202,17.4,-3.3333,17.305,143800.0,2488460000.0,0.0,0.0,17.7,18.0,17.0,143800.0
2019-05-29,14.202,17.4,0.0,17.326,191900.0,3324920000.0,0.0,0.0,17.4,17.6,17.1,191900.0
2019-05-30,13.956,17.1,-1.7241,17.166,66100.0,1134650000.0,0.0,0.0,17.2,17.4,17.1,66100.0
2019-05-31,14.12,17.3,1.1696,17.046,146900.0,2504010000.0,0.0,0.0,17.1,17.3,16.9,146900.0
2019-06-03,13.875,17.0,-1.7341,17.001,267600.0,4549510000.0,0.0,0.0,17.3,17.3,16.9,267600.0
2019-06-04,14.038,17.2,1.1765,17.006,78800.0,1340060000.0,0.0,0.0,17.2,17.2,16.9,78800.0
2019-06-05,13.875,17.0,-1.1628,16.958,29600.0,501950000.0,0.0,0.0,17.0,17.2,16.9,29600.0
2019-06-06,14.364,17.6,3.5294,17.177,615900.0,10579020000.0,0.0,0.0,17.1,17.7,17.0,615900.0
2019-06-07,14.446,17.7,0.5682,17.476,209700.0,3664630000.0,0.0,0.0,17.5,17.7,17.3,209700.0
2019-06-10,14.283,17.5,-1.1299,17.44,113900.0,1986440000.0,0.0,0.0,17.5,17.6,17.4,113900.0
2019-06-11,14.12,17.3,-1.1429,17.312,155400.0,2690210000.0,0.0,0.0,17.4,17.6,17.2,155400.0
2019-06-12,13.956,17.1,-1.1561,17.246,93800.0,1617670000.0,0.0,0.0,17.3,17.4,17.1,93800.0
2019-06-13,13.793,16.9,-1.1696,16.995,166100.0,2822800000.0,0.0,0.0,17.0,17.1,16.9,166100.0
2019-06-14,13.793,16.9,0.0,16.942,50400.0,853900000.0,0.0,0.0,16.9,17.1,16.8,50400.0
2019-06-17,13.956,17.1,1.1834,17.012,48400.0,823380000.0,0.0,0.0,17.0,17.1,16.9,48400.0
2019-06-18,14.12,17.3,1.1696,17.21,165700.0,2851620000.0,0.0,0.0,17.1,17.4,17.0,165700.0
2019-06-19,13.956,17.1,-1.1561,17.215,64700.0,1113790000.0,0.0,0.0,17.2,17.3,17.1,64700.0
2019-06-20,13.793,16.9,-1.1696,16.965,91700.0,1555710000.0,0.0,0.0,17.1,17.1,16.8,91700.0
2019-06-21,13.875,17.0,0.5917,16.902,78900.0,1333590000.0,0.0,0.0,16.9,17.0,16.8,78900.0
2019-06-24,14.038,17.2,1.1765,17.115,86900.0,1487290000.0,0.0,0.0,16.9,17.2,16.9,86900.0
2019-06-25,14.283,17.5,1.7442,17.35,91000.0,1578840000.0,0.0,0.0,17.1,17.5,17.0,91000.0
2019-06-26,14.283,17.5,0.0,17.433,72700.0,1267370000.0,0.0,0.0,17.4,17.6,17.3,72700.0
2019-06-27,14.038,17.2,-1.7143,17.227,63800.0,1099080000.0,0.0,0.0,17.4,17.4,17.1,63800.0
2019-06-28,14.038,17.2,0.0,17.259,50800.0,876750000.0,0.0,0.0,17.4,17.5,17.0,50800.0
2019-07-01,14.038,17.2,0.0,17.197,72200.0,1241610000.0,0.0,0.0,17.1,17.3,17.0,72200.0
2019-07-02,14.12,17.3,0.5814,17.27,100400.0,1733890000.0,0.0,0.0,17.1,17.3,17.1,100400.0
2019-07-03,14.202,17.4,0.578,17.37,43800.0,760810000.0,0.0,0.0,17.2,17.5,17.2,43800.0
2019-07-04,14.202,17.4,0.0,17.372,78100.0,1356760000.0,0.0,0.0,17.3,17.5,17.2,78100.0
2019-07-05,14.12,17.3,-0.5747,17.296,105000.0,1816090000.0,0.0,0.0,17.3,17.4,17.1,105000.0
2019-07-08,14.202,17.4,0.578,17.318,46500.0,805280000.0,0.0,0.0,17.3,17.5,17.1,46500.0
2019-07-09,15.588,19.1,9.7701,18.282,1296700.0,23705810000.0,0.0,0.0,17.3,19.1,17.2,1296700.0
2019-07-10,14.527,17.8,-6.8063,18.981,827500.0,15707110000.0,0.0,0.0,19.0,19.8,17.4,827500.0
2019-07-11,13.875,17.0,-4.4944,17.11,701300.0,11999320000.0,0.0,0.0,17.8,18.0,16.8,701300.0
2019-07-12,12.487,15.3,-10.0,15.378,589600.0,9066840000.0,0.0,0.0,16.8,16.9,15.3,589600.0
2019-07-15,11.263,13.8,-9.8039,13.8,307600.0,4244910000.0,0.0,0.0,13.8,13.9,13.8,307600.0
2019-07-16,10.61,13.0,-5.7971,12.646,819200.0,10359460000.0,0.0,0.0,12.5,13.2,12.5,819200.0
2019-07-17,10.937,13.4,3.0769,13.114,211900.0,2778890000.0,0.0,0.0,12.5,13.6,12.5,211900.0
2019-07-18,10.937,13.4,0.0,13.404,137100.0,1837700000.0,0.0,0.0,13.5,13.7,13.3,137100.0
2019-07-19,10.773,13.2,-1.4925,12.791,177500.0,2270370000.0,0.0,0.0,13.0,13.4,12.5,177500.0
2019-07-22,10.447,12.8,-3.0303,12.807,142200.0,1821180000.0,0.0,0.0,13.2,13.5,12.6,142200.0
2019-07-23,10.692,13.1,2.3438,12.867,205400.0,2642860000.0,0.0,0.0,13.0,13.2,12.7,205400.0
2019-07-24,10.692,13.1,0.0,13.019,207300.0,2698860000.0,0.0,0.0,13.0,13.2,12.9,207300.0
2019-07-25,10.528,12.9,-1.5267,13.062,217700.0,2843640000.0,0.0,0.0,13.3,13.4,12.6,217700.0
2019-07-26,10.855,13.3,3.1008,13.054,228300.0,2980320000.0,0.0,0.0,13.0,13.5,12.7,228300.0
2019-07-29,11.1,13.6,2.2556,13.352,175600.0,2344540000.0,0.0,0.0,13.5,13.6,13.0,175600.0
2019-07-30,10.855,13.3,-2.2059,13.165,297100.0,3911220000.0,0.0,0.0,13.5,13.7,12.9,297100.0
2019-07-31,10.528,12.9,-3.0075,12.825,175100.0,2245580000.0,0.0,0.0,13.3,13.3,12.6,175100.0
2019-08-01,10.528,12.9,0.0,12.656,202900.0,2567910000.0,0.0,0.0,12.8,13.1,12.5,202900.0
2019-08-02,10.202,12.5,-3.1008,12.607,185900.0,2343650000.0,0.0,0.0,12.9,12.9,12.5,185900.0
2019-08-05,10.365,12.7,1.6,12.786,359400.0,4595240000.0,0.0,0.0,12.6,13.1,12.5,359400.0
2019-08-06,10.61,13.0,2.3622,12.625,160800.0,2030040000.0,0.0,0.0,12.8,13.0,12.4,160800.0
2019-08-07,10.798,11.5,1.7699,11.694,211600.0,2474410000.0,0.0,0.0,11.5,12.0,11.3,211600.0
2019-08-08,11.173,11.9,3.4783,11.779,146700.0,1727960000.0,0.0,0.0,11.6,12.0,11.6,146700.0
2019-08-09,10.986,11.7,-1.6807,11.776,104600.0,1231720000.0,0.0,0.0,11.8,12.1,11.7,104600.0
2019-08-12,11.08,11.8,0.8547,11.601,95600.0,1109030000.0,0.0,0.0,12.0,12.0,11.5,95600.0
2019-08-13,10.892,11.6,-1.6949,11.76,86100.0,1012560000.0,0.0,0.0,11.6,11.9,11.6,86100.0
2019-08-14,11.08,11.8,1.7241,11.728,140600.0,1648930000.0,0.0,0.0,11.6,11.8,11.6,140600.0
2019-08-15,10.892,11.6,-1.6949,11.644,176000.0,2049430000.0,0.0,0.0,11.7,12.0,11.4,176000.0
2019-08-16,10.986,11.7,0.8621,11.7,266900.0,3122710000.0,0.0,0.0,11.7,11.8,11.6,266900.0
2019-08-19,11.267,12.0,2.5641,11.72,438400.0,5138070000.0,0.0,0.0,11.7,12.0,11.7,438400.0
2019-08-20,11.267,12.0,0.0,11.961,461600.0,5521290000.0,0.0,0.0,11.9,12.2,11.8,461600.0
2019-08-21,10.986,11.7,-2.5,11.78,274700.0,3236080000.0,0.0,0.0,12.1,12.1,11.7,274700.0
2019-08-22,10.234,10.9,-6.8376,11.224,329700.0,3700700000.0,0.0,0.0,11.9,11.9,10.9,329700.0
2019-08-23,10.704,11.4,4.5872,11.06,227500.0,2516110000.0,0.0,0.0,10.9,11.4,10.8,227500.0
2019-08-26,10.892,11.6,1.7544,11.339,117900.0,1336890000.0,0.0,0.0,11.2,11.6,11.1,117900.0
2019-08-27,10.892,11.6,0.0,11.56,98500.0,1138650000.0,0.0,0.0,11.5,11.7,11.3,98500.0
2019-08-28,10.61,11.3,-2.5862,11.66,133000.0,1550800000.0,0.0,0.0,11.6,11.9,11.3,133000.0
2019-08-29,10.328,11.0,-2.6549,11.092,101000.0,1120260000.0,0.0,0.0,11.3,11.5,11.0,101000.0
2019-08-30,10.61,11.3,2.7273,11.168,110300.0,1231780000.0,0.0,0.0,11.0,11.3,10.9,110300.0
2019-09-03,10.986,11.7,3.5398,11.47,72600.0,832750000.0,0.0,0.0,11.2,11.7,11.2,72600.0
2019-09-04,10.704,11.4,-2.5641,11.692,137600.0,1608870000.0,0.0,0.0,11.6,11.8,11.4,137600.0
2019-09-05,10.892,11.6,1.7544,11.5,70100.0,806180000.0,0.0,0.0,11.5,11.7,11.3,70100.0
2019-09-06,10.892,11.6,0.0,11.532,138000.0,1591370000.0,0.0,0.0,11.4,11.8,11.4,138000.0
2019-09-09,11.08,11.8,1.7241,11.695,175900.0,2057210000.0,0.0,0.0,11.5,11.9,11.5,175900.0
2019-09-10,10.798,11.5,-2.5424,11.721,165000.0,1934020000.0,0.0,0.0,11.7,12.0,11.5,165000.0
2019-09-11,10.61,11.3,-1.7391,11.417,72900.0,832310000.0,0.0,0.0,11.5,11.6,11.3,72900.0
2019-09-12,10.704,11.4,0.885,11.22,75850.0,851015000.0,0.0,0.0,11.3,11.5,11.1,75850.0
2019-09-13,10.986,11.7,2.6316,11.517,96802.0,1114823000.0,0.0,0.0,11.3,11.7,11.3,96802.0
2019-09-16,11.08,11.8,0.8547,11.681,154600.0,1805860000.0,0.0,0.0,11.6,11.8,11.5,154600.0
2019-09-17,10.704,11.4,-3.3898,11.695,85400.0,998720000.0,0.0,0.0,11.8,11.9,11.4,85400.0
2019-09-18,10.798,11.5,0.8772,11.5,73742.0,847994600.0,0.0,0.0,11.5,11.6,11.4,73742.0
2019-09-19,10.798,11.5,0.0,11.529,90600.0,1044520000.0,0.0,0.0,11.6,11.7,11.4,90600.0
2019-09-20,10.892,11.6,0.8696,11.54,131500.0,1517540000.0,0.0,0.0,11.4,11.7,11.4,131500.0
2019-09-23,10.798,11.5,-0.8621,11.515,79700.0,917710000.0,0.0,0.0,11.7,11.7,11.4,79700.0
2019-09-24,10.892,11.6,0.8696,11.49,66700.0,766360000.0,0.0,0.0,11.5,11.6,11.4,66700.0
2019-09-25,10.986,11.7,0.8621,11.559,136800.0,1581260000.0,0.0,0.0,11.5,11.7,11.4,136800.0
2019-09-26,10.986,11.7,0.0,11.663,108290.0,1262838500.0,0.0,0.0,11.6,11.8,11.5,108290.0
2019-09-27,10.892,11.6,-0.8547,11.61,75470.0,876192000.0,0.0,0.0,11.5,11.8,11.3,75470.0
2019-09-30,10.798,11.5,-0.8621,11.606,86575.0,1004746500.0,0.0,0.0,11.5,11.8,11.4,86575.0
2019-10-01,10.892,11.6,0.8696,11.519,149850.0,1726170000.0,0.0,0.0,11.4,11.7,11.4,149850.0
2019-10-02,10.892,11.6,0.0,11.606,76800.0,891330000.0,85.0,892500.0,11.5,11.7,11.5,76885.0
2019-10-03,10.986,11.7,0.8621,11.614,114425.0,1328880000.0,0.0,0.0,11.5,11.8,11.4,114425.0
2019-10-04,11.173,11.9,1.7094,11.74,96400.0,1131750000.0,0.0,0.0,11.7,11.9,11.5,96400.0
2019-10-07,11.173,11.9,0.0,11.941,137650.0,1643650000.0,50.0,540000.0,11.8,12.1,11.7,137700.0
2019-10-08,11.08,11.8,-0.8403,11.845,86925.0,1029660000.0,0.0,0.0,11.9,12.0,11.8,86925.0
2019-10-09,10.986,11.7,-0.8475,11.719,137550.0,1611885000.0,0.0,0.0,11.8,11.9,11.6,137550.0
2019-10-10,10.798,11.5,-1.7094,11.61,107925.0,1253020000.0,0.0,0.0,11.6,11.8,11.5,107925.0
2019-10-11,10.798,11.5,0.0,11.576,82205.0,951617500.0,0.0,0.0,11.6,11.7,11.5,82205.0
2019-10-14,10.986,11.7,1.7391,11.691,116775.0,1365200000.0,0.0,0.0,11.5,11.8,11.5,116775.0
2019-10-15,11.08,11.8,0.8547,11.719,159200.0,1865740000.0,0.0,0.0,11.6,11.8,11.6,159200.0
2019-10-16,10.986,11.7,-0.8475,11.711,87900.0,1029420000.0,0.0,0.0,11.7,11.8,11.6,87900.0
2019-10-17,11.08,11.8,0.8547,11.702,80900.0,946730000.0,0.0,0.0,11.6,11.8,11.5,80900.0
2019-10-18,11.267,12.0,1.6949,11.915,72450.0,863215000.0,0.0,0.0,11.7,12.0,11.7,72450.0
2019-10-21,11.361,12.1,0.8333,12.373,127860.0,1582010000.0,0.0,0.0,12.9,12.9,12.0,127860.0
2019-10-22,11.361,12.1,0.0,12.114,72200.0,874600000.0,0.0,0.0,12.0,12.2,11.9,72200.0
2019-10-23,11.361,12.1,0.0,12.066,71350.0,860925000.0,0.0,0.0,12.0,12.2,12.0,71350.0
2019-10-24,11.455,12.2,0.8264,12.021,103500.0,1244170000.0,0.0,0.0,12.2,12.2,12.0,103500.0
2019-10-25,11.173,11.9,-2.459,11.955,84200.0,1006610000.0,0.0,0.0,12.0,12.1,11.8,84200.0
2019-10-28,11.455,12.2,2.521,12.094,109900.0,1329105500.0,0.0,0.0,12.0,12.2,11.9,109900.0
2019-10-29,11.455,12.2,0.0,12.117,93725.0,1135690000.0,0.0,0.0,12.1,12.4,12.0,93725.0
2019-10-30,11.361,12.1,-0.8197,12.142,67005.0,813548000.0,0.0,0.0,11.9,12.3,11.9,67005.0
2019-10-31,11.455,12.2,0.8264,12.127,78900.0,956830000.0,0.0,0.0,12.1,12.3,12.0,78900.0
2019-11-01,11.455,12.2,0.0,12.237,111400.0,1363170000.0,0.0,0.0,12.1,12.4,12.0,111400.0
2019-11-04,11.549,12.3,0.8197,12.314,266700.0,3284090000.0,0.0,0.0,12.2,12.5,12.0,266700.0
2019-11-05,11.455,12.2,-0.813,12.264,96800.0,1187170000.0,0.0,0.0,12.3,12.4,12.1,96800.0
2019-11-06,11.267,12.0,-1.6393,12.147,94940.0,1153194000.0,0.0,0.0,12.2,12.4,12.0,94940.0
2019-11-07,11.267,12.0,0.0,11.94,90900.0,1085360000.0,0.0,0.0,12.1,12.1,11.8,90900.0
2019-11-08,11.173,11.9,-0.8333,11.979,93608.0,1121356000.0,0.0,0.0,12.1,12.2,11.9,93608.0
2019-11-11,11.173,11.9,0.0,11.874,83800.0,995060000.0,0.0,0.0,12.1,12.1,11.8,83800.0
2019-11-12,11.173,11.9,0.0,11.929,96100.0,1146390000.0,0.0,0.0,11.9,12.1,11.8,96100.0
2019-11-13,11.173,11.9,0.0,11.96,81300.0,972350000.0,0.0,0.0,12.0,12.1,11.9,81300.0
2019-11-14,11.173,11.9,0.0,11.804,110800.0,1307850000.0,115000.0,1391500000.0,11.7,11.9,11.7,225800.0
2019-11-15,11.267,12.0,0.8403,11.935,83900.0,1001340000.0,0.0,0.0,11.8,12.1,11.8,83900.0
2019-11-18,11.361,12.1,0.8333,12.0,61400.0,736787500.0,0.0,0.0,12.0,12.1,11.9,61400.0
2019-11-19,11.173,11.9,-1.6529,11.999,75100.0,901150000.0,0.0,0.0,12.1,12.2,11.8,75100.0
2019-11-20,11.173,11.9,0.0,11.905,129700.0,1544080000.0,0.0,0.0,11.9,12.0,11.8,129700.0
2019-11-21,11.267,12.0,0.8403,11.999,139040.0,1668290000.0,0.0,0.0,11.9,12.1,11.8,139040.0
2019-11-22,11.08,11.8,-1.6667,11.844,84735.0,1003620000.0,0.0,0.0,12.0,12.0,11.7,84735.0
2019-11-25,11.08,11.8,0.0,11.813,56400.0,666230000.0,0.0,0.0,11.9,12.0,11.7,56400.0
2019-11-26,11.173,11.9,0.8475,11.882,63700.0,756910000.0,0.0,0.0,11.8,11.9,11.8,63700.0
2019-11-27,11.267,12.0,0.8403,11.996,121700.0,1459880000.0,0.0,0.0,11.9,12.2,11.8,121700.0
2019-11-28,11.267,12.0,0.0,12.0,59500.0,714010000.0,75.0,810000.0,12.0,12.1,12.0,59575.0
2019-11-29,11.08,11.8,-1.6667,11.813,89800.0,1060820000.0,0.0,0.0,11.9,12.0,11.8,89800.0
2019-12-02,11.173,11.9,0.8475,11.808,88400.0,1043830000.0,0.0,0.0,11.8,11.9,11.8,88400.0
2019-12-03,11.08,11.8,-0.8403,11.807,47200.0,557270000.0,0.0,0.0,11.9,12.0,11.7,47200.0
2019-12-04,11.08,11.8,0.0,11.8,70500.0,831920000.0,0.0,0.0,11.8,11.9,11.8,70500.0
2019-12-05,10.986,11.7,-0.8475,11.793,69600.0,820770000.0,0.0,0.0,11.8,11.9,11.7,69600.0
2019-12-06,11.173,11.9,1.7094,11.703,89215.0,1044045500.0,0.0,0.0,11.7,11.9,11.6,89215.0
2019-12-09,11.173,11.9,0.0,11.901,213410.0,2539828000.0,0.0,0.0,11.9,12.0,11.9,213410.0
2019-12-10,11.173,11.9,0.0,11.898,93645.0,1114156500.0,0.0,0.0,11.8,12.1,11.7,93645.0
2019-12-11,11.173,11.9,0.0,11.898,50700.0,603240000.0,0.0,0.0,11.8,12.0,11.8,50700.0
2019-12-12,10.986,11.7,-1.6807,11.732,107300.0,1258840000.0,0.0,0.0,11.8,11.9,11.6,107300.0
2019-12-13,10.986,11.7,0.0,11.64,57530.0,669668000.0,0.0,0.0,11.6,11.7,11.5,57530.0
2019-12-16,11.08,11.8,0.8547,11.653,69500.0,809860000.0,0.0,0.0,11.7,11.9,11.5,69500.0
2019-12-17,11.08,11.8,0.0,11.679,53900.0,629480000.0,0.0,0.0,11.7,11.8,11.6,53900.0
2019-12-18,11.173,11.9,0.8475,11.74,71500.0,839410000.0,0.0,0.0,11.6,11.9,11.6,71500.0
2019-12-19,11.267,12.0,0.8403,11.864,100600.0,1193490000.0,0.0,0.0,11.8,12.0,11.7,100600.0
2019-12-20,11.08,11.8,-1.6667,11.965,68900.0,824420000.0,0.0,0.0,11.9,12.0,11.8,68900.0
2019-12-23,10.986,11.7,-0.8475,11.778,57300.0,674860000.0,0.0,0.0,11.8,11.9,11.7,57300.0
2019-12-24,10.892,11.6,-0.8547,11.615,92300.0,1072080000.0,0.0,0.0,11.7,11.7,11.6,92300.0
2019-12-25,11.08,11.8,1.7241,11.521,84565.0,974279500.0,0.0,0.0,11.5,11.8,11.3,84565.0
2019-12-26,11.267,12.0,1.6949,11.865,64050.0,759925000.0,0.0,0.0,11.8,12.0,11.7,64050.0
2019-12-27,11.455,12.2,1.6667,12.01,135200.0,1623720000.0,0.0,0.0,11.9,12.2,11.8,135200.0
2019-12-30,11.455,12.2,0.0,12.152,88050.0,1069936800.0,0.0,0.0,12.1,12.3,12.0,88050.0
2019-12-31,11.361,12.1,-0.8197,12.16,58600.0,712550000.0,0.0,0.0,12.1,12.3,12.1,58600.0
2020-01-02,11.267,12.0,-0.8264,12.014,94200.0,1131740000.0,0.0,0.0,12.0,12.2,11.9,94200.0
2020-01-03,11.267,12.0,0.0,11.877,61800.0,734000000.0,0.0,0.0,11.8,12.0,11.8,61800.0
2020-01-06,11.267,12.0,0.0,11.883,48600.0,577500000.0,0.0,0.0,11.9,12.2,11.8,48600.0
2020-01-07,11.361,12.1,0.8333,12.01,86050.0,1033485000.0,0.0,0.0,12.0,12.1,11.9,86050.0
2020-01-08,11.455,12.2,0.8264,12.088,75760.0,915804000.0,0.0,0.0,12.1,12.3,11.9,75760.0
2020-01-09,11.361,12.1,-0.8197,12.104,50840.0,615364000.0,0.0,0.0,12.2,12.2,12.0,50840.0
2020-01-10,11.455,12.2,0.8264,12.062,57950.0,698955000.0,0.0,0.0,12.1,12.2,11.9,57950.0
2020-01-13,11.549,12.3,0.8197,12.157,166600.0,2025320000.0,0.0,0.0,12.1,12.3,12.0,166600.0
2020-01-14,11.643,12.4,0.813,12.336,134920.0,1664366000.0,0.0,0.0,12.3,12.5,12.1,134920.0
2020-01-15,11.549,12.3,-0.8065,12.38,39900.0,493960000.0,0.0,0.0,12.4,12.6,12.3,39900.0
2020-01-16,11.267,12.0,-2.439,12.206,129821.0,1584642000.0,0.0,0.0,12.2,12.4,12.0,129821.0
2020-01-17,11.361,12.1,0.8333,12.023,83000.0,997870000.0,0.0,0.0,12.0,12.2,11.9,83000.0
2020-01-20,11.737,12.5,3.3058,12.323,133629.0,1646648000.0,0.0,0.0,12.1,12.5,12.1,133629.0
2020-01-21,12.018,12.8,2.4,12.501,94720.0,1184094000.0,0.0,0.0,12.4,12.8,12.3,94720.0
2020-01-22,12.206,13.0,1.5625,12.854,87310.0,1122249000.0,0.0,0.0,12.6,13.0,12.6,87310.0
2020-01-30,11.925,12.7,-2.3077,12.853,54900.0,705650000.0,0.0,0.0,12.9,13.1,12.7,54900.0
2020-01-31,11.737,12.5,-1.5748,12.627,62400.0,787950000.0,0.0,0.0,12.8,12.9,12.5,62400.0
2020-02-03,11.549,12.3,-1.6,12.253,78800.0,965500000.0,0.0,0.0,12.4,12.6,12.1,78800.0
2020-02-04,11.549,12.3,0.0,12.233,68500.0,837930000.0,0.0,0.0,12.2,12.4,12.0,68500.0
2020-02-05,11.549,12.3,0.0,12.28,54500.0,669280000.0,0.0,0.0,12.4,12.4,12.1,54500.0
2020-02-06,11.455,12.2,-0.813,12.233,62500.0,764580000.0,0.0,0.0,12.3,12.3,12.1,62500.0
2020-02-07,11.643,12.4,1.6393,12.294,83501.0,1026523500.0,0.0,0.0,12.2,12.6,12.1,83501.0
2020-02-10,11.643,12.4,0.0,12.416,63800.0,792130000.0,0.0,0.0,12.3,12.6,12.3,63800.0
2020-02-11,11.737,12.5,0.8065,12.413,72200.0,896210000.0,0.0,0.0,12.4,12.6,12.2,72200.0
2020-02-12,11.925,12.7,1.6,12.571,56900.0,715290000.0,0.0,0.0,12.5,12.7,12.5,56900.0
2020-02-13,11.831,12.6,-0.7874,12.558,66400.0,833820000.0,0.0,0.0,12.6,12.8,12.5,66400.0
2020-02-14,12.018,12.8,1.5873,12.736,505900.0,6443360000.0,0.0,0.0,12.6,13.0,12.5,505900.0
2020-02-17,11.737,12.5,-2.3438,12.76,176700.0,2254770000.0,0.0,0.0,12.8,13.0,12.5,176700.0
2020-02-18,11.737,12.5,0.0,12.374,131060.0,1621800000.0,0.0,0.0,12.5,12.7,12.2,131060.0
2020-02-19,11.737,12.5,0.0,12.336,160230.0,1976553000.0,0.0,0.0,12.5,12.7,12.1,160230.0
2020-02-20,11.925,12.7,1.6,12.458,128300.0,1598420000.0,0.0,0.0,12.4,12.7,12.3,128300.0
2020-02-21,11.831,12.6,-0.7874,12.602,51700.0,651510000.0,0.0,0.0,12.6,12.7,12.5,51700.0
2020-02-24,11.455,12.2,-3.1746,12.339,71300.0,879770000.0,0.0,0.0,12.6,12.6,12.2,71300.0
2020-02-25,11.737,12.5,2.459,12.327,85400.0,1052760000.0,0.0,0.0,12.2,12.5,12.1,85400.0
2020-02-26,11.831,12.6,0.8,12.508,60782.0,760236800.0,0.0,0.0,12.4,12.6,12.4,60782.0
2020-02-27,11.925,12.7,0.7937,12.596,83000.0,1045430000.0,0.0,0.0,12.5,12.7,12.4,83000.0
2020-02-28,11.737,12.5,-1.5748,12.501,140700.0,1758950000.0,0.0,0.0,12.6,12.8,12.3,140700.0
2020-03-02,12.018,12.8,2.4,12.614,71920.0,907208000.0,0.0,0.0,12.6,12.8,12.5,71920.0
2020-03-03,12.957,13.8,7.8125,13.171,489990.0,6453610500.0,0.0,0.0,12.7,13.8,12.6,489990.0
2020-03-04,12.488,13.3,-3.6232,13.375,320250.0,4283420000.0,0.0,0.0,13.8,13.9,13.0,320250.0
2020-03-05,12.488,13.3,0.0,13.146,237000.0,3115510000.0,0.0,0.0,13.2,13.6,12.9,237000.0
2020-03-06,12.394,13.2,-0.7519,12.926,295980.0,3825845000.0,0.0,0.0,13.1,13.2,12.7,295980.0
2020-03-09,12.206,13.0,-1.5152,12.627,341810.0,4315981000.0,0.0,0.0,12.9,13.0,12.3,341810.0
2020-03-10,13.051,13.9,6.9231,13.484,845900.0,11406520000.0,0.0,0.0,12.9,14.1,12.9,845900.0
2020-03-11,12.676,13.5,-2.8777,13.703,524300.0,7184450000.0,0.0,0.0,13.9,14.0,13.4,524300.0
2020-03-12,12.394,13.2,-2.2222,13.413,358580.0,4809743000.0,0.0,0.0,13.4,13.7,13.2,358580.0
2020-03-13,12.394,13.2,0.0,12.794,224942.0,2877913200.0,0.0,0.0,13.1,13.3,12.5,224942.0
2020-03-16,12.206,13.0,-1.5152,12.879,162045.0,2087004500.0,0.0,0.0,13.1,13.1,12.7,162045.0
2020-03-17,12.3,13.1,0.7692,12.851,155600.0,1999610000.0,0.0,0.0,12.9,13.1,12.7,155600.0
2020-03-18,12.112,12.9,-1.5267,13.214,344226.0,4548695900.0,0.0,0.0,13.0,13.5,12.9,344226.0
2020-03-19,12.018,12.8,-0.7752,12.836,74000.0,949880000.0,0.0,0.0,13.0,13.1,12.7,74000.0
2020-03-20,12.394,13.2,3.125,13.17,104325.0,1373997500.0,0.0,0.0,12.9,13.5,12.9,104325.0
2020-03-23,12.3,13.1,-0.7576,12.922,80200.0,1036310000.0,0.0,0.0,13.2,13.2,12.7,80200.0
2020-03-24,12.582,13.4,2.2901,13.103,65150.0,853640000.0,0.0,0.0,13.0,13.4,13.0,65150.0
2020-03-25,12.394,13.2,-1.4925,13.382,184417.0,2467946100.0,0.0,0.0,13.3,13.6,13.2,184417.0
2020-03-26,12.488,13.3,0.7576,13.285,77365.0,1027805000.0,0.0,0.0,13.2,13.4,13.1,77365.0
2020-03-27,12.582,13.4,0.7519,13.388,132150.0,1769230000.0,0.0,0.0,13.3,13.6,13.2,132150.0
2020-03-30,12.394,13.2,-1.4925,13.354,133575.0,1783780000.0,0.0,0.0,13.4,13.6,13.2,133575.0
2020-03-31,12.112,12.9,-2.2727,13.179,161650.0,2130425000.0,0.0,0.0,13.1,13.5,12.9,161650.0
2020-04-01,12.488,13.3,3.1008,13.1,102875.0,1347608000.0,0.0,0.0,13.1,13.3,12.9,102875.0
2020-04-03,12.676,13.5,1.5038,13.474,136570.0,1840135000.0,0.0,0.0,13.2,13.7,13.2,136570.0
2020-04-06,12.676,13.5,0.0,13.546,77910.0,1055375000.0,0.0,0.0,13.6,13.7,13.5,77910.0
2020-04-07,12.676,13.5,0.0,13.509,107860.0,1457046000.0,0.0,0.0,13.4,13.6,13.4,107860.0
2020-04-08,12.394,13.2,-2.2222,13.365,76350.0,1020435000.0,0.0,0.0,13.4,13.5,13.2,76350.0
2020-04-09,12.488,13.3,0.7576,13.268,109145.0,1448158500.0,0.0,0.0,13.3,13.5,13.1,109145.0
2020-04-10,12.676,13.5,1.5038,13.508,140700.0,1900510000.0,0.0,0.0,13.3,13.6,13.3,140700.0
2020-04-13,12.77,13.6,0.7407,13.568,123525.0,1676015000.0,0.0,0.0,13.5,13.6,13.5,123525.0
2020-04-14,12.676,13.5,-0.7353,13.533,76400.0,1033890000.0,0.0,0.0,13.6,13.7,13.4,76400.0
2020-04-15,12.582,13.4,-0.7407,13.444,85840.0,1154046000.0,0.0,0.0,13.5,13.6,13.3,85840.0
2020-04-16,12.582,13.4,0.0,13.414,62300.0,835710000.0,0.0,0.0,13.4,13.5,13.3,62300.0
2020-04-17,12.582,13.4,0.0,13.4,79600.0,1066650000.0,0.0,0.0,13.4,13.5,13.3,79600.0
2020-04-20,12.676,13.5,0.7463,13.393,103800.0,1390210000.0,0.0,0.0,13.4,13.5,13.3,103800.0
2020-04-21,12.582,13.4,-0.7407,13.404,86700.0,1162170000.0,0.0,0.0,13.5,13.5,13.3,86700.0
2020-04-22,12.676,13.5,0.7463,13.464,106900.0,1439340000.0,0.0,0.0,13.3,13.5,13.3,106900.0
2020-04-23,12.582,13.4,-0.7407,13.521,66200.0,895110000.0,0.0,0.0,13.5,13.6,13.4,66200.0
2020-04-24,12.394,13.2,-1.4925,13.335,81525.0,1087132500.0,40.0,484000.0,13.4,13.4,13.2,81565.0
2020-04-27,12.582,13.4,1.5152,13.302,123310.0,1640253000.0,0.0,0.0,13.2,13.4,13.2,123310.0
2020-04-28,12.77,13.6,1.4925,13.485,119765.0,1615051000.0,0.0,0.0,13.4,13.6,13.4,119765.0
2020-04-29,12.676,13.5,-0.7353,13.516,73000.0,986670000.0,0.0,0.0,13.6,13.6,13.4,73000.0
2020-05-04,12.676,13.5,0.0,13.42,79700.0,1069600000.0,0.0,0.0,13.5,13.5,13.4,79700.0
2020-05-05,12.582,13.4,-0.7407,13.329,101200.0,1348870000.0,0.0,0.0,13.5,13.5,13.3,101200.0
2020-05-06,12.488,13.3,-0.7463,13.3,110700.0,1472330000.0,0.0,0.0,13.4,13.4,13.3,110700.0
2020-05-07,12.394,13.2,-0.7519,13.255,115000.0,1524320000.0,0.0,0.0,13.3,13.3,13.2,115000.0
2020-05-08,12.488,13.3,0.7576,13.19,123400.0,1627650000.0,0.0,0.0,13.2,13.3,13.1,123400.0
2020-05-11,12.394,13.2,-0.7519,13.2,131500.0,1735820000.0,0.0,0.0,13.2,13.3,13.1,131500.0
2020-05-12,12.3,13.1,-0.7576,13.044,156500.0,2041380000.0,0.0,0.0,13.2,13.2,13.0,156500.0
2020-05-13,12.112,12.9,-1.5267,12.85,164675.0,2116042500.0,0.0,0.0,13.1,13.1,12.8,164675.0
2020-05-14,12.018,12.8,-0.7752,12.733,165617.0,2108857600.0,0.0,0.0,12.9,12.9,12.7,165617.0
2020-05-15,12.018,12.8,0.0,12.799,174350.0,2231585000.0,0.0,0.0,12.0,12.9,11.9,174350.0
2020-05-18,12.112,12.9,0.7813,12.87,193800.0,2494150000.0,0.0,0.0,12.8,13.0,12.7,193800.0
2020-05-19,12.018,12.8,-0.7752,12.823,111300.0,1427150000.0,575000.0,6727500000.0,12.9,13.0,12.7,686300.0
2020-05-20,11.737,12.5,-2.3438,12.574,121300.0,1525210000.0,0.0,0.0,12.8,12.8,12.4,121300.0
2020-05-21,11.08,11.8,-5.6,12.275,167400.0,2054840000.0,0.0,0.0,12.5,12.5,11.8,167400.0
2020-05-22,10.986,11.7,-0.8475,11.707,186100.0,2178630000.0,0.0,0.0,11.8,12.0,11.5,186100.0
2020-05-25,11.549,12.3,5.1282,12.078,369842.0,4467050000.0,0.0,0.0,11.7,12.3,11.7,369842.0
2020-05-26,11.737,12.5,1.626,12.409,310300.0,3850440000.0,0.0,0.0,12.2,12.5,12.2,310300.0
2020-05-27,11.455,12.2,-2.4,12.307,108000.0,1329130000.0,0.0,0.0,12.4,12.5,12.2,108000.0
2020-05-28,11.08,11.8,-3.2787,11.874,169000.0,2006780000.0,0.0,0.0,12.1,12.2,11.7,169000.0
2020-05-29,10.986,11.7,-0.8475,11.743,144700.0,1699150000.0,0.0,0.0,11.8,11.9,11.6,144700.0
2020-06-01,11.173,11.9,1.7094,11.856,344900.0,4089120000.000001,0.0,0.0,11.7,12.0,11.7,344900.0
2020-06-02,11.08,11.8,-0.8403,11.824,204900.0,2422680000.0,0.0,0.0,11.9,12.0,11.7,204900.0
2020-06-03,10.986,11.7,-0.8475,11.703,219810.0,2572358000.0,0.0,0.0,11.8,11.8,11.6,219810.0
2020-06-04,10.422,11.1,-5.1282,11.384,205800.0,2342780000.0,0.0,0.0,11.7,11.8,11.0,205800.0
2020-06-05,10.328,11.0,-0.9009,10.963,429517.0,4708667000.0,0.0,0.0,11.1,11.1,10.6,429517.0
2020-06-08,10.61,11.3,2.7273,11.339,287400.0,3258880000.0,0.0,0.0,11.0,11.5,11.0,287400.0
2020-06-09,10.704,11.4,0.885,11.308,332300.0,3757640000.0,0.0,0.0,11.3,11.4,11.2,332300.0
2020-06-10,10.516,11.2,-1.7544,11.2,593600.0,6648040000.0,0.0,0.0,11.3,11.4,11.1,593600.0
2020-06-11,10.61,11.3,0.8929,11.22,610909.0,6854391700.0,0.0,0.0,11.2,11.4,11.1,610909.0
2020-06-12,10.422,11.1,-1.7699,11.051,450700.0,4980780000.0,0.0,0.0,11.2,11.2,10.8,450700.0
2020-06-15,10.328,11.0,-0.9009,11.045,197600.0,2182510000.0,0.0,0.0,11.1,11.2,10.8,197600.0
2020-06-16,10.61,11.3,2.7273,11.185,320720.0,3587356000.0,0.0,0.0,11.0,11.4,11.0,320720.0
2020-06-17,10.516,11.2,-0.885,11.218,201600.0,2261620000.0,0.0,0.0,11.3,11.3,11.1,201600.0
2020-06-18,10.422,11.1,-0.8929,11.093,207700.0,2304010000.0,0.0,0.0,11.2,11.2,11.0,207700.0
2020-06-19,10.328,11.0,-0.9009,10.978,174520.0,1915941000.0,0.0,0.0,11.1,11.1,10.7,174520.0
2020-06-22,10.422,11.1,0.9091,11.088,269100.0,2983670000.0,0.0,0.0,11.0,11.1,10.9,269100.0
2020-06-23,10.422,11.1,0.0,11.092,265900.0,2949300000.0,0.0,0.0,11.1,11.2,11.0,265900.0
2020-06-24,10.422,11.1,0.0,11.079,236635.0,2621628500.0,0.0,0.0,11.1,11.2,11.0,236635.0
2020-06-25,10.328,11.0,-0.9009,10.996,155600.0,1710990000.0,0.0,0.0,11.0,11.0,10.9,155600.0
2020-06-26,10.422,11.1,0.9091,11.022,205900.0,2269430000.0,0.0,0.0,11.0,11.1,11.0,205900.0
2020-06-29,10.234,10.9,-1.8018,10.869,179050.0,1946115000.0,0.0,0.0,11.1,11.1,10.7,179050.0
2020-06-30,10.234,10.9,0.0,10.902,177610.0,1936356000.0,0.0,0.0,10.9,11.0,10.8,177610.0
2020-07-01,10.328,11.0,0.9174,10.932,258410.0,2824890000.0,0.0,0.0,10.9,11.0,10.9,258410.0
2020-07-02,10.234,10.9,-0.9091,10.92,157060.0,1715094000.0,0.0,0.0,11.0,11.0,10.9,157060.0
2020-07-03,10.234,10.9,0.0,10.896,211000.0,2298960000.0,0.0,0.0,10.9,11.0,10.8,211000.0
2020-07-06,10.328,11.0,0.9174,10.925,249300.0,2723590000.0,70000.0,693000000.0,10.9,11.0,10.9,319300.0
2020-07-07,10.234,10.9,-0.9091,10.928,161800.0,1768190000.0,0.0,0.0,11.0,11.0,10.9,161800.0
2020-07-08,10.234,10.9,0.0,10.898,127100.0,1385190000.0,0.0,0.0,10.9,10.9,10.8,127100.0
2020-07-09,10.234,10.9,0.0,10.9,210656.0,2296140400.0,0.0,0.0,10.9,11.0,10.8,210656.0
2020-07-10,10.234,10.9,0.0,10.896,138800.0,1512300000.0,0.0,0.0,10.9,10.9,10.8,138800.0
2020-07-13,10.328,11.0,0.9174,10.898,203744.0,2220419600.0,0.0,0.0,10.9,11.0,10.8,203744.0
2020-07-14,10.516,11.2,1.8182,11.07,273610.0,3028990000.0,0.0,0.0,11.0,11.2,10.8,273610.0
2020-07-15,10.892,11.6,3.5714,11.431,544300.0,6221890000.0,0.0,0.0,11.2,11.6,11.2,544300.0
2020-07-16,11.08,11.8,1.7241,11.602,250500.0,2906350000.0,155000.0,1627500000.0,11.6,11.8,11.4,405500.0
2020-07-17,10.892,11.6,-1.6949,11.503,207801.0,2390321600.0,0.0,0.0,11.8,11.8,11.4,207801.0
2020-07-20,10.704,11.4,-1.7241,11.44,147864.0,1691619600.0,0.0,0.0,11.6,11.7,11.3,147864.0
2020-07-21,10.61,11.3,-0.8772,11.313,121910.0,1379114000.0,0.0,0.0,11.4,11.5,11.2,121910.0
2020-07-22,10.422,11.1,-1.7699,11.206,166100.0,1861360000.0,190000.0,1938000000.0,11.2,11.4,11.0,356100.0
2020-07-23,10.61,11.3,1.8018,11.112,187800.0,2086840000.0,0.0,0.0,11.1,11.3,11.0,187800.0
2020-07-24,10.141,10.8,-4.4248,11.071,228500.0,2529730000.0,0.0,0.0,11.3,11.4,10.7,228500.0
2020-07-27,9.389,10.0,-7.4074,10.148,186456.0,1892113800.0,130000.0,1326000000.0,10.5,10.7,9.8,316456.0
2020-07-28,9.671,10.3,3.0,10.158,208600.0,2118970000.0,0.0,0.0,10.0,10.3,10.0,208600.0
2020-07-29,9.671,10.3,0.0,10.192,167500.0,1707190000.0,0.0,0.0,10.3,10.4,10.0,167500.0
2020-07-30,9.859,10.5,1.9417,10.269,232500.0,2387480000.0,0.0,0.0,10.3,10.5,10.1,232500.0
2020-07-31,9.953,10.6,0.9524,10.572,222955.0,2357017500.0,0.0,0.0,10.5,10.6,10.5,222955.0
2020-08-03,10.141,10.8,1.8868,10.748,260400.0,2798750000.0,0.0,0.0,10.6,10.9,10.6,260400.0
2020-08-04,10.234,10.9,0.9259,10.896,223900.0,2439650000.0,0.0,0.0,10.8,11.0,10.8,223900.0
2020-08-05,10.141,10.8,-0.9174,10.846,152600.0,1655070000.0,0.0,0.0,10.9,11.0,10.7,152600.0
2020-08-06,10.141,10.8,0.0,10.799,142100.0,1534480000.0,0.0,0.0,10.8,10.8,10.7,142100.0
2020-08-07,10.234,10.9,0.9259,10.797,190200.0,2053620000.0,0.0,0.0,10.8,10.9,10.7,190200.0
2020-08-10,10.328,11.0,0.9174,10.902,279200.0,3043970000.0,0.0,0.0,10.9,11.0,10.9,279200.0
2020-08-11,10.422,11.1,0.9091,11.071,233400.0,2583910000.0,0.0,0.0,11.0,11.2,10.9,233400.0
2020-08-12,10.328,11.0,-0.9009,10.972,156300.0,1714870000.0,0.0,0.0,11.1,11.1,10.9,156300.0
2020-08-13,10.234,10.9,-0.9091,10.926,170200.0,1859580000.0,0.0,0.0,11.0,11.1,10.9,170200.0
2020-08-14,10.234,10.9,0.0,10.88,181000.0,1969220000.0,0.0,0.0,10.9,11.0,10.8,181000.0
2020-08-17,10.234,10.9,0.0,10.893,25000.0,272320000.0,0.0,0.0,10.8,11.0,10.8,25000.0
2020-08-18,10.422,11.1,1.8349,10.954,28310.0,310098000.0,0.0,0.0,10.9,11.1,10.8,28310.0
2020-08-19,10.422,11.1,0.0,11.12,11700.0,130100000.0,0.0,0.0,11.1,11.2,11.0,11700.0
2020-08-20,10.516,11.2,0.9009,11.118,339100.0,3770190000.0,0.0,0.0,11.1,11.3,11.1,339100.0
2020-08-21,10.61,11.3,0.8929,11.163,495600.0,5532490000.0,0.0,0.0,11.2,11.3,11.1,495600.0
2020-08-24,10.704,11.4,0.885,11.486,196500.0,2256990000.0,0.0,0.0,11.6,11.6,11.3,196500.0
2020-08-25,10.516,11.2,-1.7544,11.221,15401.0,172821400.0,0.0,0.0,11.4,11.4,11.1,15401.0
2020-08-26,10.328,11.0,-1.7857,11.004,19100.0,210170000.0,0.0,0.0,11.2,11.2,10.9,19100.0
2020-08-27,10.234,10.9,-0.9091,10.901,253500.0,2763330000.0,0.0,0.0,11.0,11.0,10.9,253500.0
2020-08-28,10.422,11.1,1.8349,10.906,302010.0,3293820000.0,0.0,0.0,10.9,11.1,10.9,302010.0
2020-08-31,10.328,11.0,-0.9009,10.935,46100.0,504120000.0,0.0,0.0,11.2,11.2,10.9,46100.0
2020-09-01,10.234,10.9,-0.9091,10.906,74600.0,813610000.0,0.0,0.0,11.0,11.0,10.9,74600.0
2020-09-03,10.234,10.9,0.0,10.909,44310.0,483401000.0,0.0,0.0,10.9,11.0,10.9,44310.0
2020-09-04,10.141,10.8,-0.9174,10.803,109890.0,1187145000.0,0.0,0.0,10.9,10.9,10.8,109890.0
2020-09-07,10.234,10.9,0.9259,10.958,68900.0,754980000.0,0.0,0.0,10.8,11.0,10.8,68900.0
2020-09-08,10.047,10.7,-1.8349,10.696,211100.0,2257950000.0,0.0,0.0,11.0,11.0,10.5,211100.0
2020-09-09,10.047,10.7,0.0,10.7,3300.0,35310000.0,0.0,0.0,10.7,10.8,10.6,3300.0
2020-09-10,10.328,11.0,2.8037,10.71,136010.0,1456717000.0,0.0,0.0,10.7,11.0,10.7,136010.0
2020-09-11,10.328,11.0,0.0,10.9,114400.0,1246970000.0,0.0,0.0,10.9,11.0,10.9,114400.0
2020-09-14,10.141,10.8,-1.8182,10.896,199083.0,2169297400.0,0.0,0.0,10.9,10.9,10.8,199083.0
2020-09-15,10.047,10.7,-0.9259,10.798,170920.0,1845515000.0,0.0,0.0,10.8,10.8,10.7,170920.0
2020-09-16,10.047,10.7,0.0,10.7,227500.0,2434260000.0,0.0,0.0,10.7,10.8,10.7,227500.0
2020-09-17,10.047,10.7,0.0,10.699,185250.0,1982070000.0,0.0,0.0,10.7,10.7,10.6,185250.0
2020-09-18,10.047,10.7,0.0,10.799,143430.0,1548854000.0,0.0,0.0,10.8,10.8,10.7,143430.0
2020-09-21,10.234,10.9,1.8692,10.786,668600.0,7211310000.0,0.0,0.0,10.7,11.0,10.7,668600.0
2020-09-22,10.234,10.9,0.0,10.871,307100.0,3338400000.0,0.0,0.0,10.9,11.0,10.8,307100.0
2020-09-23,10.141,10.8,-0.9174,10.819,188243.0,2036644400.0,0.0,0.0,10.8,11.0,10.8,188243.0
2020-09-24,10.141,10.8,0.0,10.904,181600.0,1980210000.0,0.0,0.0,10.9,11.0,10.8,181600.0
2020-09-25,10.234,10.9,0.9259,10.897,179300.0,1953790000.0,0.0,0.0,10.9,10.9,10.8,179300.0
2020-09-28,10.516,11.2,2.7523,11.047,629260.0,6951169000.0,0.0,0.0,10.9,11.2,10.8,629260.0
2020-09-29,10.516,11.2,0.0,11.222,16900.0,189650000.0,0.0,0.0,11.2,11.3,11.2,16900.0
2020-09-30,10.516,11.2,0.0,11.2,7800.0,87360000.0,0.0,0.0,11.2,11.2,11.2,7800.0
2020-10-01,10.516,11.2,0.0,11.174,5000.0,55870000.0,0.0,0.0,11.1,11.2,11.1,5000.0
2020-10-02,10.422,11.1,-0.8929,11.091,77100.0,855150000.0,0.0,0.0,11.1,11.2,11.0,77100.0
2020-10-05,10.516,11.2,0.9009,11.247,299563.0,3369187600.0,0.0,0.0,11.1,11.4,11.1,299563.0
2020-10-06,10.704,11.4,1.7857,11.361,45700.0,519210000.0,0.0,0.0,11.2,11.5,11.2,45700.0
2020-10-07,10.798,11.5,0.8772,11.47,215625.0,2473256000.0,0.0,0.0,11.3,11.6,11.3,215625.0
2020-10-08,10.798,11.5,0.0,11.858,319460.0,3788050000.0,0.0,0.0,11.6,12.4,11.4,319460.0
2020-10-09,10.422,11.1,-3.4783,11.404,141505.0,1613696000.0,0.0,0.0,11.5,11.8,11.1,141505.0
2020-10-12,10.516,11.2,0.9009,11.12,234200.0,2604250000.0,0.0,0.0,11.2,11.4,11.0,234200.0
2020-10-13,10.61,11.3,0.8929,11.172,73101.0,816661200.0,0.0,0.0,11.2,11.3,11.0,73101.0
2020-10-14,10.422,11.1,-1.7699,11.142,227625.0,2536235000.0,0.0,0.0,11.3,11.3,11.0,227625.0
2020-10-15,10.422,11.1,0.0,11.1,72200.0,801420000.0,0.0,0.0,11.1,11.1,11.1,72200.0
2020-10-16,10.234,10.9,-1.8018,11.096,114810.0,1273890000.0,0.0,0.0,11.1,11.1,10.9,114810.0
2020-10-19,10.141,10.8,-0.9174,10.837,120031.0,1300757900.0,0.0,0.0,10.9,10.9,10.7,120031.0
2020-10-20,10.047,10.7,-0.9259,10.763,189200.0,2036440000.0,0.0,0.0,10.8,10.8,10.7,189200.0
2020-10-21,10.516,11.2,4.6729,11.279,141459.0,1595470800.0,0.0,0.0,10.8,11.6,10.8,141459.0
2020-10-22,10.704,11.4,1.7857,11.214,103000.0,1155080000.0,0.0,0.0,11.2,11.4,11.2,103000.0
2020-10-23,10.516,11.2,-1.7544,11.307,92900.0,1050390000.0,0.0,0.0,11.4,11.6,11.2,92900.0
2020-10-26,10.704,11.4,1.7857,11.325,157000.0,1778090000.0,0.0,0.0,11.2,11.5,11.2,157000.0
2020-10-27,10.892,11.6,1.7544,11.531,144300.0,1663910000.0,0.0,0.0,11.4,11.9,11.4,144300.0
2020-10-28,10.704,11.4,-1.7241,11.407,102500.0,1169240000.0,0.0,0.0,11.6,11.6,11.2,102500.0
2020-10-29,10.798,11.5,0.8772,11.423,159300.0,1819650000.0,0.0,0.0,11.3,11.5,11.2,159300.0
2020-10-30,10.892,11.6,0.8696,11.519,142500.0,1641390000.0,0.0,0.0,11.5,11.7,11.4,142500.0
2020-11-02,11.361,12.1,4.3103,11.707,152500.0,1785280000.0,0.0,0.0,11.6,12.1,11.5,152500.0
2020-11-03,11.643,12.4,2.4793,12.39,215860.0,2674574000.0,0.0,0.0,12.1,12.6,12.1,215860.0
2020-11-04,11.737,12.5,0.8065,12.519,182000.0,2278410000.0,0.0,0.0,12.4,12.6,12.4,182000.0
2020-11-05,11.737,12.5,0.0,12.528,151719.0,1900635800.0,0.0,0.0,12.4,12.6,12.4,151719.0
2020-11-06,11.643,12.4,-0.8,12.497,122200.0,1527170000.0,0.0,0.0,12.5,12.6,12.4,122200.0
2020-11-09,11.549,12.3,-0.8065,12.346,155730.0,1922616000.0,0.0,0.0,12.3,12.4,12.3,155730.0
2020-11-10,11.643,12.4,0.813,12.409,155029.0,1923768300.0,0.0,0.0,12.3,12.6,12.3,155029.0
2020-11-11,11.737,12.5,0.8065,12.425,144000.0,1789150000.0,0.0,0.0,12.4,12.5,12.3,144000.0
2020-11-12,11.831,12.6,0.8,12.579,244320.0,3073206000.0,0.0,0.0,12.5,12.7,12.5,244320.0
2020-11-13,12.112,12.9,2.381,12.679,202300.0,2564950000.0,0.0,0.0,12.6,12.9,12.6,202300.0
2020-11-16,12.112,12.9,0.0,12.8,216400.0,2769890000.0,0.0,0.0,12.8,12.9,12.7,216400.0
2020-11-17,11.831,12.6,-2.3256,12.73,195110.0,2483698000.0,0.0,0.0,12.9,12.9,12.5,195110.0
2020-11-18,11.549,12.3,-2.381,12.372,348600.0,4312720000.0,0.0,0.0,12.6,12.7,12.2,348600.0
2020-11-19,11.643,12.4,0.813,12.34,179800.0,2218690000.000001,545800.0,6058380000.0,12.3,12.5,12.3,725600.0
2020-11-20,11.643,12.4,0.0,12.398,443837.0,5502588800.0,0.0,0.0,12.4,12.5,12.3,443837.0
2020-11-23,11.549,12.3,-0.8065,12.347,251516.0,3105415200.0,0.0,0.0,12.4,12.4,12.1,251516.0
2020-11-24,11.643,12.4,0.813,12.38,300000.0,3714040000.0,0.0,0.0,12.3,12.6,12.3,300000.0
2020-11-25,12.018,12.8,3.2258,12.535,340300.0,4265820000.0,0.0,0.0,12.4,13.0,12.3,340300.0
2020-11-26,11.925,12.7,-0.7813,12.703,228012.0,2896433600.0,0.0,0.0,12.8,12.9,12.5,228012.0
2020-11-27,12.018,12.8,0.7874,12.725,232208.0,2954751200.0,0.0,0.0,12.7,12.8,12.6,232208.0
2020-11-30,12.018,12.8,0.0,12.737,305900.0,3896220000.0,0.0,0.0,12.8,12.8,12.7,305900.0
2020-12-01,12.018,12.8,0.0,12.701,175210.0,2225367000.0,0.0,0.0,12.7,12.8,12.7,175210.0
2020-12-02,12.488,13.3,3.9063,13.312,485193.0,6458890600.0,0.0,0.0,12.8,13.8,12.8,485193.0
2020-12-03,12.676,13.5,1.5038,13.611,276610.0,3764964000.0,0.0,0.0,13.3,14.1,13.3,276610.0
2020-12-04,12.488,13.3,-1.4815,13.509,271800.0,3671810000.0,0.0,0.0,13.5,13.7,13.3,271800.0
2020-12-07,12.488,13.3,0.0,13.128,242040.0,3177470000.0,0.0,0.0,13.2,13.3,13.0,242040.0
2020-12-08,12.488,13.3,0.0,13.28,275100.0,3653300000.0,0.0,0.0,13.3,13.6,12.8,275100.0
2020-12-09,12.488,13.3,0.0,13.305,304470.0,4050941000.0,0.0,0.0,13.3,13.5,13.0,304470.0
2020-12-10,12.206,13.0,-2.2556,13.13,259700.0,3409840000.0,0.0,0.0,13.3,13.3,12.8,259700.0
2020-12-11,12.112,12.9,-0.7692,12.963,305200.0,3956380000.0,0.0,0.0,13.0,13.1,12.8,305200.0
2020-12-14,11.925,12.7,-1.5504,12.851,232320.0,2985608000.0,0.0,0.0,12.9,13.1,12.6,232320.0
2020-12-15,11.831,12.6,-0.7874,12.71,310100.0,3941450000.0,0.0,0.0,12.7,12.9,12.6,310100.0
2020-12-16,11.925,12.7,0.7937,12.693,363901.0,4619152800.0,0.0,0.0,12.6,12.9,12.5,363901.0
2020-12-17,11.737,12.5,-1.5748,12.608,309000.0,3896000000.0,0.0,0.0,12.7,12.7,12.5,309000.0
2020-12-18,11.831,12.6,0.8,12.577,338550.0,4257825000.000001,0.0,0.0,12.5,12.7,12.4,338550.0
2020-12-21,11.737,12.5,-0.7937,12.599,327400.0,4124930000.0,0.0,0.0,12.6,12.8,12.4,327400.0
2020-12-22,11.549,12.3,-1.6,12.409,283910.0,3523114000.0,0.0,0.0,12.5,12.6,12.2,283910.0
2020-12-23,11.361,12.1,-1.626,12.275,209160.0,2567482000.0,0.0,0.0,12.3,12.5,12.0,209160.0
2020-12-24,11.455,12.2,0.8264,12.051,452400.0,5451840000.0,0.0,0.0,12.1,12.4,11.9,452400.0
2020-12-25,12.018,12.8,4.918,12.287,279812.0,3438036300.0,0.0,0.0,12.2,12.8,12.2,279812.0
2020-12-28,12.582,13.4,4.6875,13.388,143486.0,1920913800.0,0.0,0.0,12.8,13.8,12.8,143486.0
2020-12-29,12.582,13.4,0.0,13.337,97950.0,1306385000.0,0.0,0.0,13.4,13.5,13.2,97950.0
2020-12-30,12.206,13.0,-2.9851,13.056,87160.0,1137949000.0,0.0,0.0,13.3,13.3,12.9,87160.0
2020-12-31,13.051,13.9,6.9231,13.583,419550.0,5698574400.0,0.0,0.0,13.0,14.3,12.7,419550.0
2021-01-04,13.145,14.0,0.7194,13.974,312100.0,4361220000.0,0.0,0.0,13.9,14.4,13.7,312100.0
2021-01-05,13.051,13.9,-0.7143,13.867,294200.0,4079740000.0,0.0,0.0,14.0,14.3,13.6,294200.0
2021-01-06,12.864,13.7,-1.4388,13.609,436700.0,5943080000.0,0.0,0.0,13.8,13.8,13.4,436700.0
2021-01-07,12.957,13.8,0.7299,13.71,189550.0,2598665000.0,0.0,0.0,13.7,13.9,13.5,189550.0
2021-01-08,13.239,14.1,2.1739,14.06,583630.0,8206056000.0,0.0,0.0,13.8,14.2,13.8,583630.0
2021-01-11,12.957,13.8,-2.1277,14.039,227800.0,3197980000.0,0.0,0.0,14.1,14.2,13.6,227800.0
2021-01-12,12.864,13.7,-0.7246,13.772,339600.0,4676860000.0,0.0,0.0,13.9,14.0,13.5,339600.0
2021-01-13,12.77,13.6,-0.7299,13.513,449710.0,6076716000.0,0.0,0.0,13.6,13.8,13.2,449710.0
2021-01-14,12.582,13.4,-1.4706,13.45,176200.0,2369820000.0,0.0,0.0,13.6,13.6,13.2,176200.0
2021-01-15,12.77,13.6,1.4925,13.544,205910.0,2788916000.0,0.0,0.0,13.4,13.7,13.4,205910.0
2021-01-18,12.394,13.2,-2.9412,13.5,371200.0,5011240000.0,0.0,0.0,13.5,13.8,13.2,371200.0
2021-01-19,12.018,12.8,-3.0303,13.122,459200.0,6025650000.0,0.0,0.0,13.2,13.4,12.4,459200.0
2021-01-20,11.831,12.6,-1.5625,12.622,170100.0,2147000000.0,15.0,174000.0,12.8,13.0,12.4,170115.0
2021-01-21,12.112,12.9,2.381,12.699,72400.0,919390000.0,0.0,0.0,12.6,13.1,12.5,72400.0
2021-01-22,12.112,12.9,0.0,12.875,40600.0,522740000.0,0.0,0.0,12.9,12.9,12.7,40600.0
2021-01-25,12.112,12.9,0.0,12.963,40100.0,519820000.0,0.0,0.0,12.9,13.0,12.8,40100.0
2021-01-26,12.018,12.8,-0.7752,12.776,253500.0,3238840000.0,0.0,0.0,12.9,12.9,12.6,253500.0
2021-01-27,11.831,12.6,-1.5625,12.729,320400.0,4078480000.0,0.0,0.0,12.8,12.9,12.6,320400.0
2021-01-28,11.455,12.2,-3.1746,12.106,544200.0,6588280000.0,0.0,0.0,12.5,12.6,11.4,544200.0
2021-01-29,11.361,12.1,-0.8197,12.081,50300.0,607660000.0,0.0,0.0,12.1,12.1,12.0,50300.0
2021-02-01,11.455,12.2,0.8264,12.307,375400.0,4620100000.0,0.0,0.0,12.1,12.6,12.1,375400.0
2021-02-02,11.455,12.2,0.0,12.171,41800.0,508750000.0,0.0,0.0,12.1,12.3,12.0,41800.0
2021-02-03,11.549,12.3,0.8197,12.297,73310.0,901494000.0,0.0,0.0,12.2,12.4,12.2,73310.0
2021-02-04,11.831,12.6,2.439,12.575,135315.0,1701609000.0,0.0,0.0,12.3,12.6,12.3,135315.0
2021-02-05,12.394,13.2,4.7619,13.158,132300.0,1740790000.0,0.0,0.0,12.6,13.2,12.6,132300.0
2021-02-08,12.3,13.1,-0.7576,13.314,71300.0,949300000.0,0.0,0.0,13.2,13.6,13.1,71300.0
2021-02-09,12.582,13.4,2.2901,13.199,218750.0,2887160000.0,0.0,0.0,13.1,13.4,13.1,218750.0
2021-02-17,13.333,14.2,5.9701,13.92,708761.0,9865710000.0,0.0,0.0,13.4,14.5,13.4,708761.0
2021-02-18,13.333,14.2,0.0,13.998,984900.0,13786550000.0,0.0,0.0,14.2,14.2,13.8,984900.0
2021-03-03,14.507,15.45,19.7674,15.45,491400.0,7590240000.0,0.0,0.0,15.45,15.45,15.4,491400.0
2021-03-04,14.929,15.9,2.9126,15.86,527300.0,8364225000.0,0.0,0.0,16.0,16.2,15.5,527300.0
2021-03-05,14.976,15.95,0.3145,15.78,434100.0,6851115000.0,0.0,0.0,15.85,16.05,15.75,434100.0
2021-03-08,15.305,16.3,2.1944,15.84,443600.0,7026170000.0,0.0,0.0,15.9,16.3,15.45,443600.0
2021-03-09,15.07,16.05,-1.5337,16.06,336700.0,5408015000.0,0.0,0.0,16.3,16.3,15.9,336700.0
2021-03-10,15.399,16.4,2.1807,16.09,295100.0,4747465000.0,0.0,0.0,16.0,16.4,16.0,295100.0
2021-03-11,16.432,17.5,6.7073,17.41,696800.0,12132245000.0,0.0,0.0,16.5,17.5,16.5,696800.0
2021-03-12,16.854,17.95,2.5714,17.99,634800.0,11419175000.0,0.0,0.0,17.6,18.45,17.5,634800.0
2021-03-15,16.76,17.85,-0.5571,18.22,282500.0,5148350000.0,0.0,0.0,18.0,18.5,17.8,282500.0
2021-03-16,16.291,17.35,-2.8011,17.51,249000.0,4360075000.0,0.0,0.0,17.85,17.85,17.2,249000.0
2021-03-17,16.478,17.55,1.1527,17.36,389500.0,6762595000.0,0.0,0.0,17.3,17.85,17.15,389500.0
2021-03-18,16.525,17.6,0.2849,17.65,201700.0,3560305000.0,0.0,0.0,17.55,17.75,17.5,201700.0
2021-03-19,17.042,18.15,3.125,17.93,849800.0,15237925000.0,0.0,0.0,17.6,18.55,17.6,849800.0
2021-03-22,16.948,18.05,-0.551,18.32,421900.0,7730280000.0,0.0,0.0,18.25,18.45,18.05,421900.0
2021-03-23,16.76,17.85,-1.108,18.16,422500.0,7670570000.0,0.0,0.0,18.1,18.5,17.85,422500.0
2021-03-24,16.244,17.3,-3.0812,17.3,208800.0,3612750000.0,0.0,0.0,17.7,17.7,17.2,208800.0
2021-03-25,16.244,17.3,0.0,17.2,204000.0,3508895000.0,0.0,0.0,17.25,17.35,16.8,204000.0
2021-03-26,16.056,17.1,-1.1561,17.24,257200.0,4434325000.0,0.0,0.0,17.25,17.65,16.95,257200.0
2021-03-29,16.854,17.95,4.9708,17.41,646400.0,11253775000.0,0.0,0.0,17.1,18.05,17.1,646400.0
2021-03-30,17.511,18.65,3.8997,18.62,1002400.0,18668965000.0,0.0,0.0,18.1,19.2,18.1,1002400.0
2021-03-31,17.183,18.3,-1.8767,18.84,664100.0,12509200000.0,0.0,0.0,18.8,19.35,17.6,664100.0
2021-04-01,16.901,18.0,-1.6393,17.92,412500.0,7391430000.0,0.0,0.0,18.2,18.25,17.5,412500.0
2021-04-02,17.0,17.0,0.295,16.35,400600.0,6549025000.0,0.0,0.0,16.8,17.0,15.95,400600.0
2021-04-05,16.45,16.45,-3.2353,16.71,300900.0,5027795000.0,0.0,0.0,16.9,17.0,16.45,300900.0
2021-04-06,16.1,16.1,-2.1277,16.17,347500.0,5618070000.0,0.0,0.0,16.35,16.4,16.0,347500.0
2021-04-07,16.25,16.25,0.9317,16.03,490000.0,7852420000.0,0.0,0.0,16.1,16.4,15.45,490000.0
2021-04-08,16.3,16.3,0.3077,16.35,373600.0,6106700000.0,0.0,0.0,16.25,16.4,16.25,373600.0
2021-04-09,16.0,16.0,-1.8405,16.16,301800.0,4878235000.0,0.0,0.0,16.3,16.35,15.8,301800.0
2021-04-12,15.4,15.4,-3.75,15.52,407100.0,6317165000.0,0.0,0.0,15.95,15.95,15.3,407100.0
2021-04-13,15.2,15.2,-1.2987,15.54,468700.0,7283580000.0,0.0,0.0,15.4,15.9,15.0,468700.0
2021-04-14,14.7,14.7,-3.2895,14.76,356100.0,5255580000.0,0.0,0.0,15.2,15.2,14.45,356100.0
2021-04-15,14.1,14.1,-4.0816,14.43,409600.0,5911220000.0,0.0,0.0,14.7,14.9,13.9,409600.0
2021-04-16,14.1,14.1,0.0,14.15,579300.0,8196815000.0,0.0,0.0,14.05,14.35,13.85,579300.0
2021-04-19,14.65,14.65,3.9007,14.46,684900.0,9905960000.0,0.0,0.0,14.05,14.75,14.0,684900.0
2021-04-20,14.6,14.6,-0.3413,14.73,473200.0,6972040000.0,0.0,0.0,14.7,15.1,14.4,473200.0
2021-04-22,13.6,13.6,-6.8493,14.01,257300.0,3603915000.0,0.0,0.0,14.45,14.45,13.6,257300.0
2021-04-23,13.5,13.5,-0.7353,13.69,257100.0,3518630000.0,0.0,0.0,13.55,13.75,13.5,257100.0
2021-04-26,13.45,13.45,-0.3704,13.31,476500.0,6341455000.0,0.0,0.0,13.5,13.6,12.6,476500.0
2021-04-27,12.75,12.75,-5.2045,12.94,135500.0,1753630000.0,0.0,0.0,13.45,13.45,12.7,135500.0
2021-04-28,12.3,12.3,-3.5294,12.69,120800.0,1533155000.0,0.0,0.0,12.75,12.8,12.3,120800.0
2021-04-29,12.0,12.0,-2.439,12.03,151500.0,1822600000.0,0.0,0.0,12.3,12.3,11.85,151500.0
2021-05-04,11.7,11.7,-2.5,11.61,690400.0,8016790000.0,0.0,0.0,11.85,12.0,11.5,690400.0
2021-05-05,12.25,12.25,4.7009,11.88,734500.0,8728080000.0,0.0,0.0,11.65,12.5,11.6,734500.0
2021-05-06,12.25,12.25,0.0,12.47,516400.0,6438755000.0,0.0,0.0,12.25,12.7,12.15,516400.0
2021-05-07,11.7,11.7,-4.4898,11.86,325200.0,3855360000.0,0.0,0.0,12.2,12.2,11.55,325200.0
2021-05-10,11.8,11.8,0.8547,11.79,298700.0,3522460000.0,0.0,0.0,11.5,12.05,11.5,298700.0
2021-05-11,12.0,12.0,1.6949,11.81,806000.0,9521110000.0,0.0,0.0,11.5,12.3,11.5,806000.0
2021-05-12,12.2,12.2,1.6667,12.12,928000.0,11249665000.0,0.0,0.0,12.0,12.3,12.0,928000.0
2021-05-13,12.6,12.6,3.2787,12.48,841300.0,10499135000.0,0.0,0.0,12.2,12.95,12.2,841300.0
2021-05-14,12.4,12.4,-1.5873,12.61,275600.0,3474610000.0,0.0,0.0,12.6,12.8,12.35,275600.0
2021-05-17,12.0,12.0,-3.2258,12.35,716800.0,8850790000.0,0.0,0.0,12.2,12.55,11.95,716800.0
2021-05-18,11.65,11.65,-2.9167,11.79,405200.0,4777435000.0,0.0,0.0,12.0,12.25,11.5,405200.0
2021-05-19,11.55,11.55,-0.8584,11.57,254100.0,2940800000.0,0.0,0.0,11.65,11.8,11.5,254100.0
2021-05-20,11.35,11.35,-1.7316,11.25,479600.0,5396010000.0,0.0,0.0,11.55,11.8,11.1,479600.0
2021-05-21,11.3,11.3,-0.4405,11.36,237600.0,2699940000.0,0.0,0.0,11.3,11.55,11.25,237600.0
2021-05-24,11.35,11.35,0.4425,11.33,211600.0,2396820000.0,0.0,0.0,11.35,11.55,11.2,211600.0
2021-05-25,11.15,11.15,-1.7621,11.22,274000.0,3074055000.0,0.0,0.0,11.35,11.4,11.1,274000.0
2021-05-26,10.75,10.75,-3.5874,10.97,317000.0,3477345000.0,0.0,0.0,11.2,11.3,10.7,317000.0
2021-05-27,10.35,10.35,-3.7209,10.45,192300.0,2010310000.0,0.0,0.0,10.7,10.7,10.3,192300.0
2021-05-28,11.05,11.05,6.7633,10.24,371400.0,3802621000.0,0.0,0.0,10.3,11.05,9.9,371400.0
2021-05-31,10.9,10.9,-1.3575,11.37,617400.0,7017885000.0,0.0,0.0,11.05,11.6,10.9,617400.0
2021-06-01,10.85,10.85,-0.4587,11.0,159500.0,1754190000.0,0.0,0.0,10.9,11.3,10.7,159500.0
2021-06-02,10.8,10.8,-0.4608,10.65,573400.0,6108860000.0,0.0,0.0,10.8,10.95,10.5,573400.0
2021-06-03,11.15,11.15,3.2407,10.95,346500.0,3795360000.0,0.0,0.0,10.8,11.15,10.75,346500.0
2021-06-04,11.4,11.4,0.0,11.38,839000.0,9549435000.0,0.0,0.0,11.15,11.45,11.15,839000.0
2021-06-07,11.5,11.5,0.8772,11.51,644700.0,7418130000.0,0.0,0.0,11.5,11.65,11.4,644700.0
2021-06-08,10.9,10.9,-5.2174,11.47,901900.0,10346155000.0,0.0,0.0,11.55,11.6,10.8,901900.0
2021-06-09,10.8,10.8,-0.9174,10.69,675100.0,7217530000.0,0.0,0.0,10.8,10.9,10.45,675100.0
2021-06-10,10.65,10.65,-1.3889,10.61,420900.0,4465105000.0,0.0,0.0,10.8,10.8,10.5,420900.0
2021-06-11,10.65,10.65,0.0,10.62,198800.0,2111095000.0,0.0,0.0,10.65,10.8,10.5,198800.0
2021-06-14,11.2,11.2,5.1643,10.99,355500.0,3906515000.0,0.0,0.0,10.85,11.2,10.85,355500.0
2021-06-15,11.15,11.15,-0.4464,11.13,244300.0,2720235000.0,0.0,0.0,11.2,11.3,11.0,244300.0
2021-06-16,11.15,11.15,0.0,11.11,252600.0,2807195000.0,0.0,0.0,11.35,11.35,11.0,252600.0
2021-06-17,11.0,11.0,-1.3453,11.0,258900.0,2847520000.0,0.0,0.0,11.0,11.05,10.95,258900.0
2021-06-18,11.35,11.35,3.1818,11.29,364600.0,4115680000.0,0.0,0.0,11.0,11.6,11.0,364600.0
2021-06-21,12.1,12.1,6.6079,11.95,1458000.0,17427060000.0,0.0,0.0,11.35,12.1,11.25,1458000.0
2021-06-22,12.1,12.1,0.0,12.39,970400.0,12018820000.0,0.0,0.0,12.9,12.9,12.05,970400.0
2021-06-23,11.55,11.55,-4.5455,11.67,596400.0,6961560000.0,0.0,0.0,12.1,12.1,11.4,596400.0
2021-06-24,11.4,11.4,-1.2987,11.29,437600.0,4940095000.0,0.0,0.0,11.4,11.5,11.1,437600.0
2021-06-25,11.75,11.75,3.0702,11.65,432600.0,5040200000.0,0.0,0.0,11.4,11.9,11.4,432600.0
2021-06-28,11.45,11.45,-2.5532,11.67,380700.0,4442785000.0,0.0,0.0,12.0,12.15,11.45,380700.0
2021-06-29,11.55,11.55,0.8734,11.44,265800.0,3040315000.0,0.0,0.0,11.45,11.55,11.35,265800.0
2021-06-30,11.35,11.35,-1.7316,11.37,312300.0,3551795000.0,0.0,0.0,11.5,11.5,11.2,312300.0
2021-07-01,11.2,11.2,-1.3216,11.19,170200.0,1904360000.0,0.0,0.0,11.35,11.35,11.1,170200.0
2021-07-02,11.1,11.1,-0.8929,11.08,292400.0,3239155000.0,0.0,0.0,11.2,11.2,11.0,292400.0
2021-07-05,10.75,10.75,-3.1532,10.869,530800.0,5769000000.0,0.0,0.0,11.1,11.1,10.6,530800.0
2021-07-06,10.5,10.5,-2.3256,10.61,273800.0,2905700000.0,0.0,0.0,10.75,10.75,10.5,273800.0
2021-07-07,10.2,10.2,-2.8571,10.18,307800.0,3134730000.0,0.0,0.0,10.25,10.4,9.93,307800.0
2021-07-08,10.35,10.35,1.4706,10.28,91000.0,935575000.0,0.0,0.0,10.3,10.5,10.15,91000.0
2021-07-09,10.2,10.2,-1.4493,10.14,249400.0,2528450000.0,0.0,0.0,10.2,10.3,10.0,249400.0
2021-07-12,9.49,9.49,-6.9608,9.56,377700.0,3609994000.0,0.0,0.0,10.1,10.1,9.49,377700.0
2021-07-13,9.35,9.35,-1.4752,9.3,108400.0,1007630000.0,0.0,0.0,9.4,9.57,9.1,108400.0
2021-07-14,9.5,9.5,1.6043,9.41,312400.0,2940307000.0,0.0,0.0,9.35,9.57,9.2,312400.0
2021-07-15,9.79,9.79,3.0526,9.46,185600.0,1756361000.0,0.0,0.0,9.5,9.8,9.38,185600.0
2021-07-16,9.72,9.72,-0.715,9.78,169300.0,1655311000.0,0.0,0.0,9.79,9.99,9.61,169300.0
2021-07-19,9.25,9.25,-4.8354,9.42,193600.0,1823225000.0,0.0,0.0,9.7,9.7,9.25,193600.0
2021-07-20,9.89,9.89,6.9189,9.682,370600.0,3588086000.0,0.0,0.0,9.06,9.89,9.06,370600.0
2021-07-21,10.2,10.2,3.1345,10.48,896900.0,9395245000.0,0.0,0.0,10.0,10.55,10.0,896900.0
2021-07-22,10.3,10.3,0.9804,10.209,151700.0,1548765000.0,0.0,0.0,10.2,10.3,10.15,151700.0
2021-07-23,10.15,10.15,-1.4563,10.18,138500.0,1409270000.0,0.0,0.0,10.3,10.3,10.0,138500.0
2021-07-26,9.95,9.95,-1.9704,9.945,187300.0,1862746000.0,0.0,0.0,10.0,10.15,9.91,187300.0
2021-07-27,9.91,9.91,-0.402,9.93,170700.0,1694349000.0,0.0,0.0,9.97,10.0,9.9,170700.0
2021-07-28,9.92,9.92,0.1009,9.902,152800.0,1513000000.0,0.0,0.0,9.91,9.98,9.85,152800.0
2021-07-29,9.91,9.91,-0.1008,9.902,112400.0,1113013000.0,0.0,0.0,9.92,9.93,9.85,112400.0
2021-07-30,10.25,10.25,3.4309,10.14,401700.0,4073961000.0,0.0,0.0,10.4,10.4,9.95,401700.0
2021-08-02,10.45,10.45,1.9512,10.42,350400.0,3651830000.0,0.0,0.0,10.2,10.8,10.0,350400.0
2021-08-03,10.45,10.45,0.0,10.44,158800.0,1657360000.0,0.0,0.0,10.4,10.6,10.3,158800.0
2021-08-04,10.65,10.65,1.9139,10.48,486800.0,5101695000.0,0.0,0.0,10.4,10.75,10.15,486800.0
2021-08-05,11.0,11.0,3.2864,10.84,747800.0,8107400000.0,0.0,0.0,10.6,11.25,10.45,747800.0
2021-08-06,10.6,10.6,-3.6364,10.77,257000.0,2768000000.0,0.0,0.0,11.0,11.0,10.6,257000.0
2021-08-09,10.7,10.7,0.9434,10.57,545100.0,5764310000.0,0.0,0.0,10.6,10.85,10.3,545100.0
2021-08-10,10.7,10.7,0.0,10.61,783700.0,8314425000.0,0.0,0.0,10.7,10.9,10.4,783700.0
2021-08-11,11.25,11.25,5.1402,11.16,1403900.0,15660590000.0,0.0,0.0,10.9,11.4,10.7,1403900.0
2021-08-12,11.1,11.1,-1.3333,11.3,1007100.0,11379185000.0,0.0,0.0,11.2,11.65,11.0,1007100.0
2021-08-13,10.55,10.55,-4.955,10.96,490600.0,5376490000.0,0.0,0.0,11.2,11.4,10.55,490600.0
2021-08-16,10.95,10.95,3.7915,10.89,399100.0,4347710000.0,0.0,0.0,10.75,11.2,10.7,399100.0
2021-08-17,10.2,10.2,-6.8493,10.71,825600.0,8843210000.0,0.0,0.0,11.0,11.0,10.2,825600.0
2021-08-18,10.5,10.5,2.9412,10.55,452400.0,4770570000.0,0.0,0.0,10.5,10.65,10.4,452400.0
2021-08-19,10.95,10.95,4.2857,10.7,373900.0,4002150000.0,0.0,0.0,10.5,10.95,10.4,373900.0
2021-08-20,10.85,10.85,-0.9132,11.15,1210700.0,13499930000.0,0.0,0.0,10.95,11.4,10.8,1210700.0
2021-08-23,10.8,10.8,-0.4608,10.78,283400.0,3054215000.0,0.0,0.0,10.85,11.0,10.5,283400.0
2021-08-24,10.6,10.6,-1.8519,10.66,245900.0,2621745000.0,0.0,0.0,10.65,10.8,10.55,245900.0
2021-08-25,10.5,10.5,-0.9434,10.53,455400.0,4794500000.0,0.0,0.0,10.5,10.7,10.4,455400.0
2021-08-26,11.2,11.2,6.6667,10.96,972900.0,10662775000.0,0.0,0.0,10.5,11.2,10.5,972900.0
2021-08-27,10.75,10.75,-4.0179,11.53,1034900.0,11927355000.0,0.0,0.0,11.5,11.9,10.75,1034900.0
2021-08-30,11.4,11.4,6.0465,11.33,487000.0,5519975000.0,0.0,0.0,11.2,11.5,11.1,487000.0
2021-08-31,11.9,11.9,4.386,11.86,1507800.0,17884700000.0,0.0,0.0,11.4,12.15,11.3,1507800.0
2021-09-01,12.0,12.0,0.8403,12.01,967000.0,11616455000.0,0.0,0.0,11.9,12.3,11.8,967000.0
2021-09-06,12.3,12.3,2.5,12.17,882100.0,10738040000.0,0.0,0.0,12.3,12.35,12.05,882100.0
2021-09-07,11.6,11.6,-5.6911,11.96,1147700.0,13721800000.0,0.0,0.0,12.4,12.4,11.6,1147700.0
2021-09-08,11.75,11.75,1.2931,11.76,445100.0,5234090000.0,0.0,0.0,11.65,11.95,11.6,445100.0
2021-09-09,11.75,11.75,0.0,11.74,405500.0,4759195000.0,0.0,0.0,11.8,11.95,11.6,405500.0
2021-09-10,11.7,11.7,-0.4255,11.78,577100.0,6799250000.0,0.0,0.0,11.75,11.95,11.65,577100.0
