2017-06-14,13.2,13.2,20.0,13.2,4690.0,61908000.0,0.0,0.0,13.2,13.2,13.2,4690.0
2017-06-15,14.1,14.1,6.8182,14.1,2160.0,30456000.0,0.0,0.0,14.1,14.1,14.1,2160.0
2017-06-16,15.05,15.05,6.7376,15.05,5190.0,78109500.0,0.0,0.0,15.05,15.05,15.05,5190.0
2017-06-19,16.1,16.1,6.9767,16.1,5500.0,88550000.0,0.0,0.0,16.1,16.1,16.1,5500.0
2017-06-20,17.2,17.2,6.8323,17.2,3420.0,58824000.0,0.0,0.0,17.2,17.2,17.2,3420.0
2017-06-21,18.4,18.4,6.9767,18.4,9270.0,170568000.0,0.0,0.0,18.4,18.4,18.4,9270.0
2017-06-22,19.65,19.65,6.7935,19.65,4020.0,78993000.0,0.0,0.0,19.65,19.65,19.65,4020.0
2017-06-23,21.0,21.0,6.8702,21.0,20460.0,429660000.0,0.0,0.0,21.0,21.0,21.0,20460.0
2017-06-26,22.45,22.45,6.9048,22.45,8340.0,187233000.0,0.0,0.0,22.45,22.45,22.45,8340.0
2017-06-27,24.0,24.0,6.9042,24.0,15980.0,383520000.0,0.0,0.0,24.0,24.0,24.0,15980.0
2017-06-28,25.65,25.65,6.875,25.61,47590.0,1218701000.0,0.0,0.0,25.65,25.65,24.0,47590.0
2017-06-29,27.4,27.4,6.8226,27.2,22540.0,612994000.0,0.0,0.0,27.4,27.4,26.0,22540.0
2017-06-30,29.3,29.3,6.9343,29.3,13500.0,395550000.0,0.0,0.0,29.3,29.3,29.3,13500.0
2017-07-03,31.35,31.35,6.9966,31.35,16350.0,512572500.0,0.0,0.0,31.35,31.35,31.35,16350.0
2017-07-04,33.5,33.5,6.8581,33.43,37330.0,1248053500.0,0.0,0.0,33.5,33.5,32.0,37330.0
2017-07-05,31.2,31.2,-6.8657,32.89,44350.0,1458694000.0,0.0,0.0,35.8,35.8,31.2,44350.0
2017-07-06,29.4,29.4,-5.7692,29.44,65080.0,1915918000.0,0.0,0.0,31.2,31.2,29.05,65080.0
2017-07-07,29.0,29.0,-1.3605,27.46,11190.0,307331000.0,0.0,0.0,27.35,29.0,27.35,11190.0
2017-07-10,27.0,27.0,-6.8966,27.0,4350.0,117450000.0,0.0,0.0,27.0,27.0,27.0,4350.0
2017-07-11,25.15,25.15,-6.8519,25.76,2480.0,63889000.0,0.0,0.0,27.0,27.0,25.15,2480.0
2017-07-12,23.4,23.4,-6.9583,23.4,1380.0,32292000.0,0.0,0.0,23.4,23.4,23.4,1380.0
2017-07-13,21.8,21.8,-6.8376,21.8,1330.0,28994000.0,0.0,0.0,21.8,21.8,21.8,1330.0
2017-07-14,23.3,23.3,6.8807,21.47,48620.0,1044038000.0,0.0,0.0,20.3,23.3,20.3,48620.0
2017-07-17,24.5,24.5,5.1502,24.68,25600.0,631917500.0,0.0,0.0,24.9,24.9,24.4,25600.0
2017-07-18,24.0,24.0,-2.0408,23.24,7700.0,178923500.0,0.0,0.0,24.5,24.5,22.8,7700.0
2017-07-19,22.35,22.35,-6.875,22.36,5310.0,118751500.0,0.0,0.0,23.0,23.0,22.35,5310.0
2017-07-20,21.6,21.6,-3.3557,21.4,15220.0,325741000.0,0.0,0.0,20.8,23.5,20.8,15220.0
2017-07-21,21.5,21.5,-0.463,20.66,3270.0,67563000.0,0.0,0.0,21.0,21.5,20.2,3270.0
2017-07-24,20.4,20.4,-5.1163,20.71,12670.0,262360000.0,0.0,0.0,21.5,21.6,20.3,12670.0
2017-07-25,21.7,21.7,6.3725,20.8,12100.0,251705000.0,0.0,0.0,20.4,21.7,20.4,12100.0
2017-07-26,21.8,21.8,0.4608,21.24,7850.0,166758500.0,0.0,0.0,21.0,22.0,20.7,7850.0
2017-07-27,20.7,20.7,-5.0459,20.84,10430.0,217332000.0,0.0,0.0,20.5,23.0,20.5,10430.0
2017-07-28,21.0,21.0,1.4493,20.89,5100.0,106527000.0,0.0,0.0,21.1,21.1,20.7,5100.0
2017-07-31,20.75,20.75,-1.1905,20.49,5550.0,113743500.0,0.0,0.0,20.6,20.75,20.25,5550.0
2017-08-01,20.4,20.4,-1.6867,20.51,3770.0,77340000.0,0.0,0.0,20.7,21.0,20.3,3770.0
2017-08-02,20.6,20.6,0.9804,20.4,8890.0,181397000.0,0.0,0.0,20.3,20.7,20.3,8890.0
2017-08-03,20.7,20.7,0.4854,20.48,3430.0,70243500.0,0.0,0.0,20.5,20.7,20.3,3430.0
2017-08-04,20.8,20.8,0.4831,20.44,7620.0,155738000.0,0.0,0.0,20.4,20.8,20.3,7620.0
2017-08-07,21.0,21.0,0.9615,20.53,3690.0,75761000.0,0.0,0.0,20.5,21.0,20.3,3690.0
2017-08-08,20.8,20.8,-0.9524,20.13,14820.0,298289000.0,0.0,0.0,20.4,20.8,20.0,14820.0
2017-08-09,20.3,20.3,-2.4038,20.31,4460.0,90563000.0,0.0,0.0,20.3,20.4,20.2,4460.0
2017-08-10,20.5,20.5,0.9852,20.33,2890.0,58749000.0,0.0,0.0,20.3,20.5,20.3,2890.0
2017-08-11,20.95,20.95,2.1951,20.51,8980.0,184144500.0,0.0,0.0,20.3,20.95,20.3,8980.0
2017-08-14,21.0,21.0,0.2387,20.62,5080.0,104746500.0,0.0,0.0,20.95,21.8,20.3,5080.0
2017-08-15,21.1,21.1,0.4762,20.84,7920.0,165020000.0,0.0,0.0,20.4,21.15,20.4,7920.0
2017-08-16,21.1,21.1,0.0,20.7,7840.0,162323000.0,0.0,0.0,20.5,21.1,20.4,7840.0
2017-08-17,21.0,21.0,-0.4739,20.8,6460.0,134396000.0,0.0,0.0,20.5,21.05,20.4,6460.0
2017-08-18,20.1,20.1,-4.2857,20.34,9940.0,202209000.0,0.0,0.0,21.0,21.0,20.1,9940.0
2017-08-21,20.4,20.4,1.4925,20.28,2520.0,51105000.0,0.0,0.0,20.5,20.5,20.1,2520.0
2017-08-22,20.4,20.4,0.0,20.22,4260.0,86144000.0,0.0,0.0,20.1,20.5,20.1,4260.0
2017-08-23,20.0,20.0,-1.9608,20.07,7160.0,143686000.0,0.0,0.0,20.1,20.4,20.0,7160.0
2017-08-24,20.0,20.0,0.0,20.05,8430.0,169036000.0,0.0,0.0,20.1,20.1,20.0,8430.0
2017-08-25,20.0,20.0,0.0,20.0,3340.0,66800000.0,0.0,0.0,20.0,20.0,20.0,3340.0
2017-08-28,21.0,21.0,5.0,20.18,9330.0,188324000.0,0.0,0.0,20.0,21.0,19.5,9330.0
2017-08-29,20.05,20.05,-4.5238,20.04,2510.0,50300500.0,0.0,0.0,21.0,21.0,20.0,2510.0
2017-08-30,20.0,20.0,-0.2494,19.99,10660.0,213105000.0,0.0,0.0,20.0,20.5,19.5,10660.0
2017-08-31,20.0,20.0,0.0,19.79,4410.0,87274000.0,0.0,0.0,20.0,20.0,19.5,4410.0
2017-09-01,20.0,20.0,0.0,19.75,3980.0,78612000.0,0.0,0.0,20.0,20.0,19.2,3980.0
2017-09-05,20.0,20.0,0.0,19.95,4200.0,83800000.0,0.0,0.0,20.0,20.0,19.5,4200.0
2017-09-06,20.0,20.0,0.0,19.87,3330.0,66160000.0,0.0,0.0,20.0,20.0,19.3,3330.0
2017-09-07,20.0,20.0,0.0,19.91,3130.0,62311000.0,0.0,0.0,20.0,20.0,19.3,3130.0
2017-09-08,20.0,20.0,0.0,19.91,2770.0,55137500.0,0.0,0.0,19.5,20.0,19.25,2770.0
2017-09-11,20.0,20.0,0.0,19.82,3750.0,74325000.0,0.0,0.0,20.0,20.0,19.5,3750.0
2017-09-12,20.0,20.0,0.0,19.88,4270.0,84886000.0,0.0,0.0,20.0,20.0,19.55,4270.0
2017-09-13,20.0,20.0,0.0,19.69,4720.0,92950000.0,0.0,0.0,20.0,20.0,19.5,4720.0
2017-09-14,20.0,20.0,0.0,19.76,3520.0,69542000.0,0.0,0.0,19.5,20.0,19.5,3520.0
2017-09-15,20.0,20.0,0.0,19.68,2750.0,54125000.0,0.0,0.0,19.5,20.0,19.5,2750.0
2017-09-18,20.0,20.0,0.0,19.72,2850.0,56215000.0,0.0,0.0,19.0,20.0,19.0,2850.0
2017-09-19,20.0,20.0,0.0,19.73,3170.0,62535500.0,0.0,0.0,19.5,20.0,19.5,3170.0
2017-09-20,19.75,19.75,-1.25,19.56,4410.0,86260000.0,0.0,0.0,19.5,19.8,19.4,4410.0
2017-09-21,19.8,19.8,0.2532,19.5,7000.0,136514000.0,0.0,0.0,19.2,19.8,19.0,7000.0
2017-09-22,20.0,20.0,1.0101,19.84,13110.0,260065000.0,0.0,0.0,19.5,20.0,19.2,13110.0
2017-09-25,19.85,19.85,-0.75,19.56,1860.0,36390000.0,0.0,0.0,19.5,19.9,19.0,1860.0
2017-09-26,19.8,19.8,-0.2519,19.57,3590.0,70242000.0,0.0,0.0,19.3,19.8,19.3,3590.0
2017-09-27,19.7,19.7,-0.5051,19.38,13650.0,264569000.0,0.0,0.0,19.4,19.7,19.2,13650.0
2017-09-28,19.7,19.7,0.0,19.4,4740.0,91977000.0,0.0,0.0,19.3,19.7,19.2,4740.0
2017-09-29,19.7,19.7,0.0,19.37,4720.0,91429000.0,0.0,0.0,19.3,19.7,19.3,4720.0
2017-10-02,20.0,20.0,1.5228,19.55,6120.0,119644500.0,0.0,0.0,19.4,20.0,19.35,6120.0
2017-10-03,19.9,19.9,0.0,19.73,2280.0,44988500.0,0.0,0.0,19.45,19.9,19.45,2280.0
2017-10-04,19.6,19.6,-1.5075,19.45,8910.0,173341500.0,0.0,0.0,19.3,20.0,19.1,8910.0
2017-10-05,20.0,20.0,2.0408,19.66,8730.0,171602000.0,0.0,0.0,19.3,20.0,19.25,8730.0
2017-10-06,20.0,20.0,0.0,19.71,2800.0,55189000.0,0.0,0.0,20.0,20.0,19.4,2800.0
2017-10-09,19.35,19.35,-3.25,19.46,4490.0,87353000.0,0.0,0.0,19.35,19.9,19.35,4490.0
2017-10-10,19.85,19.85,2.584,19.19,11750.0,225517500.0,0.0,0.0,19.35,19.95,18.75,11750.0
2017-10-11,19.6,19.6,-1.2594,18.69,8740.0,163353000.0,0.0,0.0,18.5,19.6,18.5,8740.0
2017-10-12,19.6,19.6,0.0,19.48,3860.0,75208500.0,0.0,0.0,19.6,19.6,19.2,3860.0
2017-10-13,19.0,19.0,-3.0612,19.39,8560.0,165979000.0,0.0,0.0,19.6,19.6,19.0,8560.0
2017-10-16,19.4,19.4,2.1053,18.86,8180.0,154254500.0,0.0,0.0,19.0,19.45,18.5,8180.0
2017-10-17,19.35,19.35,-0.2577,18.87,4540.0,85676000.0,0.0,0.0,19.4,19.4,18.75,4540.0
2017-10-18,19.35,19.35,0.0,19.24,5070.0,97551000.0,0.0,0.0,18.6,19.35,18.6,5070.0
2017-10-19,19.5,19.5,0.7752,19.31,3360.0,64897000.0,0.0,0.0,19.0,19.5,18.8,3360.0
2017-10-20,19.9,19.9,2.0513,19.46,4690.0,91277000.0,0.0,0.0,19.4,19.9,19.2,4690.0
2017-10-23,20.0,20.0,0.5025,19.66,2650.0,52089000.0,0.0,0.0,19.9,20.0,19.2,2650.0
2017-10-24,20.0,20.0,0.0,19.7,1810.0,35654000.0,0.0,0.0,19.4,20.0,19.4,1810.0
2017-10-25,19.5,19.5,-2.5,19.58,4010.0,78502000.0,0.0,0.0,19.6,20.0,19.4,4010.0
2017-10-26,19.45,19.45,-0.2564,19.22,5430.0,104367500.0,0.0,0.0,19.5,19.5,18.3,5430.0
2017-10-27,20.0,20.0,2.8278,19.53,4560.0,89051000.0,0.0,0.0,19.5,20.0,19.1,4560.0
2017-10-30,19.9,19.9,-0.5,19.58,5490.0,107474000.0,0.0,0.0,19.3,19.9,19.3,5490.0
2017-10-31,19.5,19.5,-2.0101,19.46,3530.0,68693000.0,0.0,0.0,19.3,19.9,19.3,3530.0
2017-11-01,19.5,19.5,0.0,19.26,4250.0,81859000.0,0.0,0.0,19.3,19.5,19.2,4250.0
2017-11-02,19.9,19.9,2.0513,19.45,2510.0,48807000.0,0.0,0.0,19.5,19.9,19.2,2510.0
2017-11-03,20.0,20.0,0.5025,19.84,3320.0,65875500.0,0.0,0.0,19.25,20.0,19.25,3320.0
2017-11-06,20.0,20.0,0.0,19.82,2880.0,57076000.0,0.0,0.0,19.3,20.0,19.3,2880.0
2017-11-07,20.05,20.05,0.25,19.79,3760.0,74395000.0,0.0,0.0,19.4,20.05,19.3,3760.0
2017-11-08,20.1,20.1,0.2494,19.89,2340.0,46547500.0,0.0,0.0,19.45,20.1,19.45,2340.0
2017-11-09,20.0,20.0,-0.4975,19.81,4120.0,81611500.0,0.0,0.0,19.65,20.2,19.55,4120.0
2017-11-10,19.5,19.5,-2.5,19.77,4420.0,87376000.0,0.0,0.0,19.6,20.0,19.5,4420.0
2017-11-13,19.9,19.9,2.0513,19.7,3910.0,77017000.0,0.0,0.0,20.0,20.0,19.1,3910.0
2017-11-14,19.8,19.8,-0.5025,19.4,7290.0,141408500.0,0.0,0.0,19.4,19.8,19.2,7290.0
2017-11-15,19.9,19.9,0.5051,19.71,3850.0,75869000.0,0.0,0.0,19.6,19.9,19.5,3850.0
2017-11-16,19.45,19.45,-2.2613,19.83,3410.0,67621000.0,0.0,0.0,19.4,20.0,19.4,3410.0
2017-11-17,20.0,20.0,2.8278,19.52,2630.0,51340500.0,0.0,0.0,19.45,20.0,19.35,2630.0
2017-11-20,20.0,20.0,0.0,19.9,13200.0,262631000.0,0.0,0.0,19.4,20.1,19.4,13200.0
2017-11-21,20.0,20.0,0.0,19.8,1410.0,27915000.0,0.0,0.0,20.0,20.0,19.5,1410.0
2017-11-22,19.55,19.55,-2.25,19.68,2080.0,40937500.0,0.0,0.0,20.0,20.0,19.45,2080.0
2017-11-23,19.45,19.45,-0.5115,19.59,7140.0,139842000.0,0.0,0.0,19.6,20.0,19.45,7140.0
2017-11-24,19.8,19.8,1.7995,19.63,2320.0,45540000.0,0.0,0.0,19.5,19.8,19.5,2320.0
2017-11-27,19.8,19.8,0.0,19.53,4050.0,79100000.0,0.0,0.0,19.5,19.8,19.45,4050.0
2017-11-28,19.8,19.8,0.0,19.72,2010.0,39646000.0,0.0,0.0,19.7,19.8,19.5,2010.0
2017-11-29,19.4,19.4,-2.0202,19.68,6390.0,125776000.0,0.0,0.0,19.55,20.0,19.4,6390.0
2017-11-30,20.4,20.4,5.1546,19.78,2610.0,51617000.0,0.0,0.0,19.3,20.4,19.1,2610.0
2017-12-01,20.2,20.2,-0.9804,20.04,2210.0,44286000.0,0.0,0.0,20.2,20.2,19.5,2210.0
2017-12-04,19.5,19.5,-3.4653,19.82,3560.0,70572000.0,0.0,0.0,19.95,19.95,19.5,3560.0
2017-12-05,19.8,19.8,1.5385,19.59,2180.0,42710000.0,0.0,0.0,19.5,19.8,19.5,2180.0
2017-12-06,19.55,19.55,-1.2626,19.62,2130.0,41787500.0,0.0,0.0,19.65,19.8,19.55,2130.0
2017-12-07,19.75,19.75,1.023,19.61,1280.0,25105500.0,0.0,0.0,19.55,19.75,19.55,1280.0
2017-12-08,19.8,19.8,0.2532,19.72,3360.0,66271500.0,0.0,0.0,19.5,19.8,19.5,3360.0
2017-12-11,19.85,19.85,0.2525,19.48,2400.0,46754500.0,0.0,0.0,19.3,19.85,19.3,2400.0
2017-12-12,19.8,19.8,-0.2519,19.77,6640.0,131284500.0,0.0,0.0,19.5,20.0,19.4,6640.0
2017-12-13,20.0,20.0,1.0101,19.48,3560.0,69358000.0,0.0,0.0,19.7,20.0,19.3,3560.0
2017-12-14,19.8,19.8,-1.0,19.85,3790.0,75229500.0,0.0,0.0,20.05,20.1,19.45,3790.0
2017-12-15,19.4,19.4,-2.0202,19.62,3220.0,63172500.0,0.0,0.0,19.5,19.8,19.4,3220.0
2017-12-18,19.95,19.95,2.8351,19.74,2000.0,39484500.0,0.0,0.0,19.75,19.95,19.4,2000.0
2017-12-19,19.9,19.9,-0.2506,19.84,3570.0,70812500.0,0.0,0.0,19.5,19.9,19.45,3570.0
2017-12-20,19.5,19.5,-2.0101,19.51,1080.0,21072500.0,0.0,0.0,19.5,19.8,19.45,1080.0
2017-12-21,19.5,19.5,0.0,19.5,2270.0,44265000.0,0.0,0.0,19.5,19.5,19.5,2270.0
2017-12-22,19.5,19.5,0.0,19.41,2950.0,57252000.0,0.0,0.0,19.5,19.5,19.3,2950.0
2017-12-25,19.3,19.3,-1.0256,19.39,4200.0,81429000.0,0.0,0.0,19.7,19.7,19.3,4200.0
2017-12-26,19.3,19.3,0.0,19.35,1180.0,22834000.0,0.0,0.0,19.3,19.5,19.3,1180.0
2017-12-27,19.7,19.7,2.0725,19.68,1290.0,25389000.0,0.0,0.0,19.3,19.7,19.3,1290.0
2017-12-28,19.8,19.8,0.5076,19.55,2130.0,41640000.0,0.0,0.0,19.25,19.8,19.25,2130.0
2017-12-29,20.4,20.4,3.0303,19.75,5930.0,117127500.0,0.0,0.0,19.35,20.5,19.2,5930.0
2018-01-02,20.0,20.0,-1.9608,19.77,1640.0,32429500.0,0.0,0.0,20.0,20.0,19.5,1640.0
2018-01-03,19.9,19.9,-0.5,19.62,1900.0,37286000.0,0.0,0.0,20.0,20.0,19.4,1900.0
2018-01-04,19.45,19.45,-2.2613,19.47,300.0,5840500.0,0.0,0.0,19.45,19.5,19.45,300.0
2018-01-05,19.5,19.5,0.2571,19.42,4160.0,80779500.0,0.0,0.0,19.5,19.5,19.35,4160.0
2018-01-08,19.3,19.3,-1.0256,19.38,1100.0,21316000.0,0.0,0.0,19.35,19.5,19.3,1100.0
2018-01-09,19.25,19.25,-0.2591,19.3,2780.0,53660000.0,0.0,0.0,19.75,19.75,19.25,2780.0
2018-01-10,19.7,19.7,2.3377,19.64,1220.0,23965000.0,0.0,0.0,19.65,19.7,19.5,1220.0
2018-01-11,19.7,19.7,0.0,19.51,1300.0,25360000.0,0.0,0.0,19.3,19.7,19.3,1300.0
2018-01-12,19.3,19.3,-2.0305,19.3,1360.0,26248000.0,0.0,0.0,19.3,19.3,19.3,1360.0
2018-01-15,19.2,19.2,-0.5181,19.26,2700.0,51990000.0,0.0,0.0,19.3,19.4,19.2,2700.0
2018-01-16,19.1,19.1,-0.5208,19.25,1190.0,22908000.0,0.0,0.0,19.2,19.4,19.1,1190.0
2018-01-17,19.1,19.1,0.0,19.06,2120.0,40411000.0,0.0,0.0,19.1,19.1,18.5,2120.0
2018-01-18,19.2,19.2,0.5236,19.03,2100.0,39953000.0,0.0,0.0,18.5,19.2,18.5,2100.0
2018-01-19,19.3,19.3,0.5208,19.11,1660.0,31727000.0,0.0,0.0,19.0,19.3,18.9,1660.0
2018-01-22,19.3,19.3,0.0,19.0,1690.0,32113000.0,0.0,0.0,19.0,19.3,19.0,1690.0
2018-01-25,19.0,19.0,-1.5544,18.83,1300.0,24476500.0,0.0,0.0,19.0,19.0,17.95,1300.0
2018-01-26,19.0,19.0,0.0,18.56,2140.0,39722500.0,0.0,0.0,18.5,19.0,18.45,2140.0
2018-01-29,19.0,19.0,0.0,18.95,1400.0,26531000.0,0.0,0.0,18.8,19.0,18.6,1400.0
2018-01-30,19.0,19.0,0.0,18.64,5180.0,96555000.0,0.0,0.0,18.5,19.0,17.95,5180.0
2018-01-31,18.95,18.95,-0.2632,18.23,510.0,9297000.0,0.0,0.0,18.45,18.95,18.1,510.0
2018-02-01,19.2,19.2,1.3193,18.85,1070.0,20168000.0,0.0,0.0,18.7,19.2,18.5,1070.0
2018-02-02,19.3,19.3,0.5208,19.25,1200.0,23100000.0,0.0,0.0,19.0,19.3,19.0,1200.0
2018-02-05,19.5,19.5,1.0363,19.26,1270.0,24456000.0,0.0,0.0,19.3,19.5,19.0,1270.0
2018-02-06,19.5,19.5,0.0,18.32,1370.0,25101500.0,0.0,0.0,18.2,19.5,18.2,1370.0
2018-02-07,19.4,19.4,-0.5128,18.31,3100.0,56767000.0,0.0,0.0,18.9,19.4,18.2,3100.0
2018-02-08,18.9,18.9,-2.5773,18.39,2530.0,46516500.0,0.0,0.0,18.25,18.9,18.05,2530.0
2018-02-09,19.5,19.5,3.1746,18.11,1820.0,32959500.0,0.0,0.0,18.15,19.5,18.0,1820.0
2018-02-12,19.3,19.3,-1.0256,19.14,3900.0,74637500.0,0.0,0.0,19.5,19.5,18.2,3900.0
2018-02-13,19.5,19.5,1.0363,19.33,2640.0,51027500.0,0.0,0.0,19.2,19.5,18.3,2640.0
2018-02-21,19.6,19.6,0.5128,19.6,1000.0,19600000.0,0.0,0.0,19.6,19.6,19.6,1000.0
2018-02-22,19.8,19.8,1.0204,19.76,830.0,16400500.0,0.0,0.0,19.6,19.85,19.6,830.0
2018-02-23,19.75,19.75,-0.2525,19.44,550.0,10692500.0,0.0,0.0,18.6,19.75,18.6,550.0
2018-02-26,19.5,19.5,-1.2658,19.25,1390.0,26752500.0,0.0,0.0,18.65,19.5,18.5,1390.0
2018-02-27,19.5,19.5,0.0,19.5,1500.0,29250000.0,0.0,0.0,19.5,19.5,19.5,1500.0
2018-02-28,19.9,19.9,2.0513,19.98,1200.0,23976000.0,0.0,0.0,19.9,20.0,19.9,1200.0
2018-03-01,19.4,19.4,-2.5126,19.23,1480.0,28453000.0,0.0,0.0,18.8,19.4,18.8,1480.0
2018-03-02,19.45,19.45,0.2577,19.4,640.0,12419000.0,0.0,0.0,19.4,19.45,19.4,640.0
2018-03-05,19.1,19.1,-1.7995,19.22,300.0,5766000.0,0.0,0.0,19.1,19.5,19.1,300.0
2018-03-06,19.5,19.5,2.0942,19.46,670.0,13038000.0,0.0,0.0,19.0,19.5,19.0,670.0
2018-03-07,19.2,19.2,-1.5385,19.2,270.0,5184000.0,0.0,0.0,19.2,19.2,19.2,270.0
2018-03-08,19.45,19.45,1.3021,18.87,1740.0,32829000.0,0.0,0.0,19.1,19.45,18.55,1740.0
2018-03-09,18.7,18.7,-3.856,18.89,2450.0,46290000.0,0.0,0.0,19.05,19.05,18.7,2450.0
2018-03-12,19.0,19.0,1.6043,19.0,40.0,760000.0,0.0,0.0,19.0,19.0,19.0,40.0
2018-03-13,18.95,18.95,-0.2632,19.0,1020.0,19375000.0,0.0,0.0,19.0,19.0,18.95,1020.0
2018-03-14,18.9,18.9,-0.2639,18.94,830.0,15717000.0,0.0,0.0,19.0,19.0,18.9,830.0
2018-03-15,19.0,19.0,0.5291,18.92,660.0,12484000.0,0.0,0.0,18.9,19.0,18.9,660.0
2018-03-16,19.0,19.0,0.0,18.92,370.0,7000000.0,0.0,0.0,18.9,19.0,18.8,370.0
2018-03-19,18.8,18.8,-1.0526,18.92,1470.0,27811000.0,0.0,0.0,19.0,19.0,18.8,1470.0
2018-03-20,19.0,19.0,1.0638,18.96,640.0,12137000.0,0.0,0.0,18.8,19.0,18.8,640.0
2018-03-21,19.0,19.0,0.0,18.99,1160.0,22024000.0,0.0,0.0,18.9,19.0,18.9,1160.0
2018-03-22,18.85,18.85,-0.7895,18.9,500.0,9450500.0,0.0,0.0,19.0,19.0,18.85,500.0
2018-03-23,18.9,18.9,0.2653,18.82,1520.0,28606000.0,0.0,0.0,18.8,18.9,18.8,1520.0
2018-03-26,18.9,18.9,0.0,18.81,1220.0,22946000.0,0.0,0.0,18.8,18.9,18.6,1220.0
2018-03-27,18.9,18.9,0.0,18.81,800.0,15044000.0,0.0,0.0,18.8,18.9,18.7,800.0
2018-03-28,18.7,18.7,-1.0582,18.78,1050.0,19720000.0,0.0,0.0,18.8,18.8,18.7,1050.0
2018-03-29,18.6,18.6,-0.5348,18.6,770.0,14320000.0,0.0,0.0,18.6,18.6,18.55,770.0
2018-03-30,19.4,19.4,4.3011,19.07,3030.0,57777000.0,0.0,0.0,18.55,19.4,18.55,3030.0
2018-04-02,18.55,18.55,-4.3814,18.55,1350.0,25042500.0,0.0,0.0,18.55,18.55,18.55,1350.0
2018-04-03,18.6,18.6,0.2695,18.57,520.0,9655000.0,0.0,0.0,18.6,18.6,18.5,520.0
2018-04-04,19.2,19.2,3.2258,19.12,340.0,6500000.0,0.0,0.0,19.0,19.2,19.0,340.0
2018-04-05,19.0,19.0,-1.0417,18.62,340.0,6332000.0,0.0,0.0,18.6,19.0,18.6,340.0
2018-04-06,18.6,18.6,-2.1053,18.82,1310.0,24650500.0,0.0,0.0,18.7,19.35,18.6,1310.0
2018-04-09,18.65,18.65,0.2688,18.68,700.0,13078000.0,0.0,0.0,18.7,19.3,18.65,700.0
2018-04-10,18.65,18.65,0.0,18.66,1140.0,21270000.0,0.0,0.0,18.7,18.8,18.6,1140.0
2018-04-11,19.2,19.2,2.9491,18.73,500.0,9366500.0,0.0,0.0,19.3,19.3,18.6,500.0
2018-04-12,18.5,18.5,-3.6458,18.64,650.0,12118000.0,0.0,0.0,19.2,19.2,18.5,650.0
2018-04-13,18.5,18.5,0.0,18.49,390.0,7213000.0,0.0,0.0,18.6,18.6,18.45,390.0
2018-04-16,18.95,18.95,2.4324,18.58,210.0,3902500.0,0.0,0.0,18.5,18.95,18.5,210.0
2018-04-17,18.65,18.65,-1.5831,18.64,500.0,9321500.0,0.0,0.0,18.65,18.65,18.6,500.0
2018-04-18,18.5,18.5,-0.8043,18.51,920.0,17026000.0,0.0,0.0,18.55,18.55,18.45,920.0
2018-04-19,18.5,18.5,0.0,18.5,380.0,7030000.0,0.0,0.0,18.5,18.5,18.5,380.0
2018-04-20,19.0,19.0,2.7027,18.25,1260.0,23000000.0,0.0,0.0,18.5,19.0,18.0,1260.0
2018-04-23,19.0,19.0,0.0,18.74,400.0,7495000.0,0.0,0.0,18.5,19.0,18.45,400.0
2018-04-24,18.9,18.9,-0.5263,18.57,920.0,17087000.0,0.0,0.0,18.55,19.0,18.0,920.0
2018-04-26,18.65,18.65,-1.3228,18.77,1570.0,29468500.0,0.0,0.0,18.8,18.9,18.65,1570.0
2018-04-27,19.25,19.25,3.2172,18.79,620.0,11647500.0,0.0,0.0,18.45,19.25,18.45,620.0
2018-05-02,18.5,18.5,-3.8961,18.51,1280.0,23696500.0,0.0,0.0,18.6,18.6,18.3,1280.0
2018-05-03,18.4,18.4,-0.5405,18.49,230.0,4252000.0,0.0,0.0,18.5,18.5,18.4,230.0
2018-05-04,18.2,18.2,-1.087,18.28,310.0,5666000.0,0.0,0.0,18.4,18.4,18.2,310.0
2018-05-07,18.2,18.2,0.0,18.23,680.0,12397000.0,0.0,0.0,18.3,18.3,18.2,680.0
2018-05-08,18.2,18.2,0.0,18.09,1140.0,20619000.0,0.0,0.0,18.3,18.3,18.0,1140.0
2018-05-09,18.2,18.2,0.0,18.14,680.0,12333000.0,0.0,0.0,18.2,18.2,18.1,680.0
2018-05-10,18.0,18.0,-1.0989,17.96,800.0,14368500.0,0.0,0.0,18.0,18.1,17.8,800.0
2018-05-11,18.0,18.0,0.0,18.0,1000.0,18000000.0,0.0,0.0,18.0,18.0,18.0,1000.0
2018-05-14,18.0,18.0,0.0,18.0,2000.0,36000000.0,0.0,0.0,18.0,18.0,18.0,2000.0
2018-05-15,18.5,18.5,2.7778,18.32,230.0,4213000.0,0.0,0.0,18.2,18.5,18.2,230.0
2018-05-16,18.0,18.0,-2.7027,17.92,1010.0,18096000.0,0.0,0.0,17.9,18.0,17.85,1010.0
2018-05-17,19.1,19.1,6.1111,19.09,240.0,4582000.0,0.0,0.0,19.0,19.1,19.0,240.0
2018-05-18,19.0,19.0,-0.5236,18.89,1130.0,21349000.0,0.0,0.0,17.9,19.0,17.9,1130.0
2018-05-21,18.8,18.8,-1.0526,18.27,290.0,5299000.0,0.0,0.0,17.9,18.8,17.9,290.0
2018-05-22,18.0,18.0,-4.2553,18.0,40.0,720000.0,0.0,0.0,18.0,18.0,18.0,40.0
2018-05-23,17.9,17.9,-0.5556,17.87,310.0,5539000.0,0.0,0.0,17.9,17.9,17.85,310.0
2018-05-24,17.9,17.9,0.0,17.92,1270.0,22763500.0,0.0,0.0,19.0,19.0,17.85,1270.0
2018-05-25,17.75,17.75,-0.838,17.83,410.0,7308500.0,0.0,0.0,17.9,17.9,17.75,410.0
2018-05-28,17.7,17.7,-0.2817,17.7,5720.0,101252000.0,0.0,0.0,17.7,17.75,17.6,5720.0
2018-05-29,17.5,17.5,-1.1299,17.52,210.0,3680000.0,0.0,0.0,17.55,17.55,17.5,210.0
2018-05-30,17.1,17.1,-2.2857,17.3,1260.0,21797000.0,0.0,0.0,17.5,17.5,17.1,1260.0
2018-05-31,18.1,18.1,5.848,17.38,530.0,9210500.0,0.0,0.0,17.25,18.1,17.1,530.0
2018-06-01,18.2,18.2,0.5525,17.83,70.0,1248000.0,0.0,0.0,17.55,18.2,17.55,70.0
2018-06-04,18.15,18.15,-0.2747,18.16,1250.0,22695000.0,0.0,0.0,18.2,18.2,18.15,1250.0
2018-06-05,18.0,18.0,-0.8264,17.73,230.0,4078000.0,0.0,0.0,17.7,18.0,17.6,230.0
2018-06-06,17.6,17.6,-2.2222,17.61,2190.0,38564000.0,0.0,0.0,17.7,17.7,17.6,2190.0
2018-06-07,18.0,18.0,2.2727,18.0,400.0,7200000.0,0.0,0.0,18.0,18.0,18.0,400.0
2018-06-08,18.0,18.0,0.0,18.0,1000.0,18000000.0,0.0,0.0,18.0,18.0,18.0,1000.0
2018-06-11,19.0,19.0,5.5556,18.57,1470.0,27297000.0,0.0,0.0,17.4,19.0,16.75,1470.0
2018-06-12,19.0,19.0,0.0,19.0,500.0,9500000.0,0.0,0.0,19.0,19.0,19.0,500.0
2018-06-13,19.0,19.0,0.0,18.7,1430.0,26740000.0,0.0,0.0,18.0,19.0,18.0,1430.0
2018-06-14,18.5,18.5,-2.6316,18.88,1330.0,25105000.0,0.0,0.0,19.0,19.0,18.5,1330.0
2018-06-15,18.5,18.5,0.0,18.5,200.0,3700000.0,0.0,0.0,18.5,18.5,18.5,200.0
2018-06-18,18.6,18.6,0.5405,19.72,82030.0,1617477500.0,0.0,0.0,18.0,19.75,17.8,82030.0
2018-06-19,18.6,18.6,0.0,19.72,41100.0,810546000.0,0.0,0.0,18.0,19.75,18.0,41100.0
2018-06-20,18.65,18.65,0.2688,19.73,21370.0,421626500.0,0.0,0.0,19.75,19.8,18.65,21370.0
2018-06-21,18.7,18.7,0.2681,18.83,320.0,6026500.0,0.0,0.0,18.7,19.85,18.65,320.0
2018-06-22,18.7,18.7,0.0,18.72,800.0,14975000.0,0.0,0.0,18.75,18.75,18.7,800.0
2018-06-25,18.75,18.75,0.2674,18.75,280.0,5250000.0,0.0,0.0,18.75,18.75,18.75,280.0
2018-06-26,18.75,18.75,0.0,18.75,140.0,2625000.0,0.0,0.0,18.75,18.75,18.75,140.0
2018-06-27,18.75,18.75,0.0,18.75,170.0,3187500.0,0.0,0.0,18.75,18.75,18.75,170.0
2018-06-28,18.5,18.5,-1.3333,18.58,2220.0,41240000.0,0.0,0.0,18.75,18.8,17.5,2220.0
2018-06-29,19.0,19.0,2.7027,18.73,1090.0,20410500.0,0.0,0.0,18.5,19.0,18.45,1090.0
2018-07-02,18.4,18.4,-3.1579,18.51,1150.0,21285000.0,0.0,0.0,18.6,18.6,18.4,1150.0
2018-07-03,18.1,18.1,-1.6304,18.1,160.0,2896000.0,0.0,0.0,18.1,18.1,18.1,160.0
2018-07-04,18.1,18.1,0.0,18.1,280.0,5068000.0,0.0,0.0,18.1,18.1,18.1,280.0
2018-07-05,18.5,18.5,2.2099,18.41,1040.0,19146000.0,0.0,0.0,18.4,18.5,18.4,1040.0
2018-07-06,18.7,18.7,1.0811,18.59,1350.0,25090000.0,0.0,0.0,18.4,18.9,18.3,1350.0
2018-07-09,18.6,18.6,-0.5348,18.57,560.0,10400000.0,0.0,0.0,18.6,18.6,18.5,560.0
2018-07-10,18.45,18.45,-0.8065,18.49,560.0,10352000.0,0.0,0.0,18.5,18.5,18.45,560.0
2018-07-11,18.9,18.9,2.439,18.68,500.0,9340000.0,0.0,0.0,18.55,18.9,18.55,500.0
2018-07-12,18.85,18.85,-0.2646,18.78,480.0,9015500.0,0.0,0.0,18.6,18.85,18.6,480.0
2018-07-13,18.8,18.8,-0.2653,18.71,440.0,8231000.0,0.0,0.0,18.7,18.8,18.7,440.0
2018-07-16,19.0,19.0,1.0638,18.62,240.0,4468000.0,0.0,0.0,18.6,19.0,18.6,240.0
2018-07-17,19.0,19.0,0.0,18.68,240.0,4484000.0,0.0,0.0,18.6,19.0,18.6,240.0
2018-07-18,18.6,18.6,-2.1053,18.66,540.0,10074000.0,0.0,0.0,18.7,18.7,18.6,540.0
2018-07-19,18.8,18.8,1.0753,18.8,500.0,9400000.0,0.0,0.0,18.8,18.8,18.8,500.0
2018-07-20,18.5,18.5,-1.5957,18.48,480.0,8870000.0,0.0,0.0,18.0,18.5,18.0,480.0
2018-07-23,18.6,18.6,0.5405,18.6,420.0,7812000.0,0.0,0.0,18.6,18.6,18.6,420.0
2018-07-24,18.55,18.55,-0.2688,18.59,320.0,5950000.0,0.0,0.0,18.5,18.7,18.5,320.0
2018-07-25,18.9,18.9,1.8868,18.9,300.0,5670000.0,0.0,0.0,18.9,18.9,18.9,300.0
2018-07-26,18.5,18.5,-2.1164,18.81,390.0,7335000.0,0.0,0.0,18.9,18.9,18.5,390.0
2018-07-27,18.9,18.9,2.1622,18.84,600.0,11301000.0,0.0,0.0,18.6,18.9,18.5,600.0
2018-07-30,18.5,18.5,-2.1164,18.5,230.0,4255000.0,0.0,0.0,18.5,18.5,18.5,230.0
2018-07-31,18.6,18.6,0.5405,18.59,1070.0,19896000.0,0.0,0.0,18.5,18.6,18.5,1070.0
2018-08-01,18.9,18.9,1.6129,18.9,300.0,5670000.0,0.0,0.0,18.9,18.9,18.9,300.0
2018-08-02,18.5,18.5,-2.1164,18.5,270.0,4995000.0,0.0,0.0,18.5,18.5,18.5,270.0
2018-08-03,18.8,18.8,1.6216,18.79,290.0,5449000.0,0.0,0.0,18.5,18.8,18.5,290.0
2018-08-06,18.5,18.5,0.0,18.49,480.0,8875000.0,0.0,0.0,18.5,18.5,18.45,480.0
2018-08-07,19.0,19.0,0.0,19.0,200.0,3799000.0,0.0,0.0,18.95,19.0,18.95,200.0
2018-08-08,19.0,19.0,0.0,18.81,1700.0,31985000.0,0.0,0.0,18.55,19.0,18.5,1700.0
2018-08-09,18.55,18.55,-2.3684,18.59,400.0,7435000.0,0.0,0.0,18.6,18.6,18.55,400.0
2018-08-10,19.0,19.0,2.4259,18.86,1480.0,27917000.0,0.0,0.0,18.5,19.0,18.5,1480.0
2018-08-13,18.6,18.6,-2.1053,18.57,3080.0,57203500.0,0.0,0.0,18.6,18.6,18.5,3080.0
2018-08-14,19.0,19.0,2.1505,18.82,410.0,7718000.0,0.0,0.0,18.6,19.0,18.6,410.0
2018-08-15,19.0,19.0,0.0,18.88,1150.0,21710000.0,0.0,0.0,18.6,19.0,18.6,1150.0
2018-08-16,19.0,19.0,0.0,18.95,570.0,10802000.0,0.0,0.0,18.6,19.0,18.6,570.0
2018-08-17,19.0,19.0,0.0,18.74,2770.0,51919000.0,0.0,0.0,18.7,19.0,18.6,2770.0
2018-08-20,19.0,19.0,0.0,18.93,600.0,11360000.0,0.0,0.0,18.6,19.0,18.6,600.0
2018-08-21,18.9,18.9,-0.5263,18.74,440.0,8244000.0,0.0,0.0,18.6,18.9,18.6,440.0
2018-08-22,18.6,18.6,-1.5873,18.6,350.0,6510000.0,0.0,0.0,18.6,18.6,18.6,350.0
2018-08-23,18.4,18.4,-1.0753,18.54,3660.0,67866000.0,0.0,0.0,18.5,18.6,18.4,3660.0
2018-08-24,19.0,19.0,3.2609,18.63,3010.0,56072000.0,0.0,0.0,18.5,19.0,18.4,3010.0
2018-08-27,18.9,18.9,-0.5263,18.56,1010.0,18742500.0,0.0,0.0,18.5,18.9,18.4,1010.0
2018-08-28,18.8,18.8,-0.5291,18.54,1270.0,23549500.0,0.0,0.0,18.5,18.8,18.45,1270.0
2018-08-29,18.8,18.8,0.0,18.72,5500.0,102972000.0,0.0,0.0,18.5,18.8,18.4,5500.0
2018-08-30,18.8,18.8,0.0,18.83,480.0,9040000.0,0.0,0.0,19.0,19.0,18.5,480.0
2018-08-31,19.0,19.0,1.0638,18.71,5460.0,102145500.0,0.0,0.0,19.0,19.0,18.45,5460.0
2018-09-04,19.0,19.0,0.0,19.0,300.0,5700000.0,0.0,0.0,19.0,19.0,19.0,300.0
2018-09-05,19.0,19.0,0.0,18.65,460.0,8580000.0,0.0,0.0,18.55,19.0,18.5,460.0
2018-09-06,18.95,18.95,-0.2632,18.76,450.0,8440000.0,0.0,0.0,18.6,18.95,18.6,450.0
2018-09-07,18.95,18.95,0.0,18.85,530.0,9988000.0,0.0,0.0,18.95,18.95,18.6,530.0
2018-09-10,18.55,18.55,-2.1108,18.78,2330.0,43760500.0,0.0,0.0,18.55,19.0,18.5,2330.0
2018-09-11,19.0,19.0,2.4259,18.65,800.0,14917000.0,0.0,0.0,19.0,19.0,18.35,800.0
2018-09-12,18.9,18.9,-0.5263,18.9,50.0,945000.0,0.0,0.0,18.9,18.9,18.9,50.0
2018-09-13,18.9,18.9,0.0,18.8,1880.0,35345500.0,0.0,0.0,18.95,18.95,18.4,1880.0
2018-09-14,19.0,19.0,0.5291,18.91,310.0,5863000.0,0.0,0.0,19.0,19.0,18.9,310.0
2018-09-17,18.8,18.8,-1.0526,18.8,130.0,2444000.0,0.0,0.0,18.8,18.8,18.8,130.0
2018-09-18,18.9,18.9,0.5319,18.77,230.0,4317000.0,0.0,0.0,18.9,18.9,18.6,230.0
2018-09-19,18.9,18.9,0.0,18.61,690.0,12838000.0,0.0,0.0,18.9,18.9,18.4,690.0
2018-09-20,18.9,18.9,0.0,18.63,230.0,4284000.0,0.0,0.0,18.9,18.9,18.4,230.0
2018-09-21,18.8,18.8,-0.5291,18.65,220.0,4103000.0,0.0,0.0,18.6,18.8,18.5,220.0
2018-09-24,18.6,18.6,-1.0638,18.8,300.0,5640000.0,0.0,0.0,18.9,18.9,18.6,300.0
2018-09-25,18.5,18.5,-0.5376,18.53,1350.0,25017000.0,0.0,0.0,18.6,18.6,18.5,1350.0
2018-09-26,18.9,18.9,2.1622,18.66,300.0,5598000.0,0.0,0.0,18.9,18.9,18.5,300.0
2018-09-27,18.85,18.85,-0.2646,18.54,1260.0,23359000.0,0.0,0.0,18.6,18.85,18.4,1260.0
2018-09-28,18.85,18.85,0.0,18.77,860.0,16140000.0,0.0,0.0,18.85,18.85,18.5,860.0
2018-10-01,19.0,19.0,0.7958,18.66,350.0,6532500.0,0.0,0.0,18.6,19.0,18.5,350.0
2018-10-02,19.0,19.0,0.0,19.0,20.0,380000.0,0.0,0.0,19.0,19.0,19.0,20.0
2018-10-03,18.9,18.9,-0.5263,18.67,150.0,2801000.0,0.0,0.0,18.6,18.9,18.5,150.0
2018-10-04,19.0,19.0,0.5291,18.84,200.0,3768000.0,0.0,0.0,18.6,19.0,18.6,200.0
2018-10-05,19.0,19.0,0.0,18.75,360.0,6750000.0,0.0,0.0,19.0,19.0,18.5,360.0
2018-10-08,19.0,19.0,0.0,18.58,530.0,9846000.0,0.0,0.0,18.6,19.0,18.4,530.0
2018-10-09,18.5,18.5,-2.6316,18.57,210.0,3900000.0,0.0,0.0,18.6,18.6,18.5,210.0
2018-10-10,18.5,18.5,0.0,18.28,2350.0,42965000.0,0.0,0.0,18.5,18.5,17.8,2350.0
2018-10-11,17.8,17.8,-3.7838,18.21,1330.0,24217500.0,0.0,0.0,18.5,18.5,17.8,1330.0
2018-10-12,18.5,18.5,3.9326,18.16,1120.0,20342000.0,0.0,0.0,17.7,18.5,17.6,1120.0
2018-10-15,19.0,19.0,2.7027,18.7,6440.0,120431000.0,0.0,0.0,18.8,19.0,18.1,6440.0
2018-10-16,19.0,19.0,0.0,18.87,3400.0,64167000.0,0.0,0.0,18.6,19.0,18.4,3400.0
2018-10-17,18.9,18.9,-0.5263,18.87,130.0,2453000.0,0.0,0.0,18.7,18.9,18.7,130.0
2018-10-18,19.0,19.0,0.5291,18.74,250.0,4686000.0,0.0,0.0,18.9,19.0,18.3,250.0
2018-10-19,18.45,18.45,-2.8947,18.57,440.0,8170000.0,0.0,0.0,19.0,19.0,18.45,440.0
2018-10-22,18.4,18.4,-0.271,18.5,450.0,8325000.0,0.0,0.0,18.5,18.9,18.4,450.0
2018-10-23,19.0,19.0,3.2609,18.93,380.0,7195000.0,0.0,0.0,19.5,19.5,18.5,380.0
2018-10-24,19.0,19.0,0.0,18.53,140.0,2594000.0,0.0,0.0,18.4,19.0,18.1,140.0
2018-10-25,19.0,19.0,0.0,18.81,80.0,1505000.0,0.0,0.0,18.5,19.0,18.5,80.0
2018-10-26,19.0,19.0,0.0,18.72,340.0,6364000.0,0.0,0.0,18.3,19.0,18.3,340.0
2018-10-29,18.3,18.3,-3.6842,18.44,200.0,3687000.0,0.0,0.0,18.3,18.9,18.2,200.0
2018-10-30,19.0,19.0,3.8251,18.65,200.0,3730000.0,0.0,0.0,18.3,19.0,18.3,200.0
2018-10-31,19.0,19.0,0.0,18.59,290.0,5391000.0,0.0,0.0,19.0,19.0,18.15,290.0
2018-11-01,18.9,18.9,-0.5263,18.9,130.0,2457000.0,0.0,0.0,18.9,18.9,18.9,130.0
2018-11-02,19.0,19.0,0.5291,18.42,570.0,10500000.0,0.0,0.0,18.3,19.0,18.0,570.0
2018-11-05,18.9,18.9,-0.5263,18.74,1000.0,18740000.0,0.0,0.0,19.0,19.0,18.3,1000.0
2018-11-06,18.9,18.9,0.0,18.83,1010.0,19022000.0,0.0,0.0,18.9,18.9,18.2,1010.0
2018-11-07,18.9,18.9,0.0,18.38,1540.0,28305000.0,0.0,0.0,18.0,18.9,18.0,1540.0
2018-11-08,18.8,18.8,-0.5291,18.8,600.0,11280000.0,0.0,0.0,18.8,18.8,18.8,600.0
2018-11-09,18.7,18.7,-0.5319,18.74,350.0,6560000.0,0.0,0.0,18.8,18.8,18.7,350.0
2018-11-12,18.5,18.5,-1.0695,17.68,1850.0,32710000.0,0.0,0.0,18.2,18.5,17.4,1850.0
2018-11-13,18.5,18.5,0.0,18.45,670.0,12359000.0,0.0,0.0,18.45,18.5,18.1,670.0
2018-11-14,19.0,19.0,2.7027,18.54,370.0,6858000.0,0.0,0.0,18.8,19.0,18.0,370.0
2018-11-15,18.9,18.9,-0.5263,18.6,1050.0,19535000.0,0.0,0.0,19.0,19.0,18.1,1050.0
2018-11-16,18.7,18.7,-1.0582,18.71,2260.0,42281000.0,0.0,0.0,19.1,19.1,18.7,2260.0
2018-11-19,19.0,19.0,1.6043,18.79,1280.0,24053000.0,0.0,0.0,18.1,19.0,18.1,1280.0
2018-11-20,18.9,18.9,-0.5263,18.47,260.0,4802000.0,0.0,0.0,18.2,18.9,18.2,260.0
2018-11-21,18.2,18.2,-3.7037,18.29,460.0,8412000.0,0.0,0.0,19.0,19.0,18.2,460.0
2018-11-22,19.0,19.0,4.3956,18.94,210.0,3977000.0,0.0,0.0,18.9,19.0,18.2,210.0
2018-11-23,18.9,18.9,-0.5263,18.73,850.0,15922500.0,0.0,0.0,19.0,19.0,18.2,850.0
2018-11-26,18.9,18.9,0.0,18.88,400.0,7550000.0,0.0,0.0,18.85,18.9,18.85,400.0
2018-11-27,19.0,19.0,0.5291,18.99,850.0,16140000.0,0.0,0.0,18.9,19.0,18.9,850.0
2018-11-28,18.85,18.85,-0.7895,18.23,390.0,7111500.0,0.0,0.0,18.2,18.85,18.1,390.0
2018-11-29,18.9,18.9,0.2653,18.58,390.0,7246000.0,0.0,0.0,18.1,18.9,18.1,390.0
2018-11-30,18.0,18.0,-4.7619,18.4,820.0,15090000.0,0.0,0.0,19.0,19.0,18.0,820.0
2018-12-03,18.9,18.9,5.0,18.47,1550.0,28625000.0,0.0,0.0,18.9,18.9,18.1,1550.0
2018-12-04,18.9,18.9,0.0,18.9,100.0,1890000.0,0.0,0.0,18.9,18.9,18.9,100.0
2018-12-05,18.9,18.9,0.0,18.91,740.0,13996000.0,0.0,0.0,19.0,19.0,18.9,740.0
2018-12-06,18.2,18.2,-3.7037,18.2,110.0,2002000.0,0.0,0.0,18.2,18.2,18.2,110.0
2018-12-07,18.7,18.7,2.7473,18.25,670.0,12230000.0,0.0,0.0,18.9,18.9,18.0,670.0
2018-12-10,19.0,19.0,1.6043,19.0,50.0,950000.0,0.0,0.0,19.0,19.0,19.0,50.0
2018-12-11,19.0,19.0,0.0,18.68,280.0,5230000.0,0.0,0.0,18.5,19.0,18.5,280.0
2018-12-12,19.0,19.0,0.0,18.55,420.0,7790000.0,0.0,0.0,19.0,19.0,18.0,420.0
2018-12-13,19.0,19.0,0.0,19.0,100.0,1900000.0,0.0,0.0,19.0,19.0,19.0,100.0
2018-12-14,19.0,19.0,0.0,0.0,0.0,0.0,0.0,0.0,19.0,19.0,19.0,0.0
2018-12-17,19.0,19.0,0.0,17.95,5530.0,99238500.0,0.0,0.0,19.0,19.0,17.75,5530.0
2018-12-18,18.9,18.9,-0.5263,18.81,550.0,10345000.0,0.0,0.0,19.0,19.0,18.2,550.0
2018-12-19,19.0,19.0,0.5291,19.0,200.0,3800000.0,0.0,0.0,19.0,19.0,19.0,200.0
2018-12-20,18.75,18.75,-1.3158,18.43,800.0,14740000.0,0.0,0.0,18.0,18.95,18.0,800.0
2018-12-21,18.7,18.7,-0.2667,18.68,940.0,17563000.0,0.0,0.0,18.95,18.95,18.2,940.0
2018-12-24,18.75,18.75,0.2674,18.36,550.0,10100000.0,0.0,0.0,18.9,18.9,18.2,550.0
2018-12-25,18.85,18.85,0.5333,18.64,3410.0,63551500.0,0.0,0.0,18.75,18.95,18.0,3410.0
2018-12-26,19.0,19.0,0.7958,19.0,100.0,1900000.0,0.0,0.0,19.0,19.0,19.0,100.0
2018-12-27,18.75,18.75,-1.3158,18.58,140.0,2601000.0,0.0,0.0,18.15,18.75,18.15,140.0
2018-12-28,18.8,18.8,0.2667,18.4,1700.0,31277000.0,0.0,0.0,18.9,18.9,18.0,1700.0
2019-01-02,18.2,18.2,0.0,18.13,640.0,11600000.0,0.0,0.0,18.2,18.2,18.0,640.0
2019-01-03,18.9,18.9,3.8462,18.9,100.0,1890000.0,0.0,0.0,18.9,18.9,18.9,100.0
2019-01-04,18.55,18.55,-1.8519,18.55,200.0,3710000.0,0.0,0.0,18.55,18.55,18.55,200.0
2019-01-07,18.6,18.6,0.2695,18.1,2330.0,42177500.0,0.0,0.0,18.0,18.75,18.0,2330.0
2019-01-08,19.0,19.0,2.1505,18.41,1280.0,23568000.0,0.0,0.0,18.65,19.0,18.0,1280.0
2019-01-09,19.0,19.0,0.0,18.9,1080.0,20416000.0,0.0,0.0,19.0,19.0,18.0,1080.0
2019-01-10,19.0,19.0,0.0,18.99,3200.0,60770000.0,0.0,0.0,18.7,19.0,18.7,3200.0
2019-01-11,19.0,19.0,0.0,19.0,100.0,1900000.0,0.0,0.0,19.0,19.0,19.0,100.0
2019-01-14,18.4,18.4,-3.1579,18.3,200.0,3660000.0,0.0,0.0,18.2,18.4,18.2,200.0
2019-01-15,18.8,18.8,2.1739,18.31,590.0,10802000.0,0.0,0.0,18.4,18.8,18.2,590.0
2019-01-16,18.8,18.8,0.0,18.8,100.0,1880000.0,0.0,0.0,18.8,18.8,18.8,100.0
2019-01-17,18.8,18.8,0.0,18.8,80.0,1504000.0,0.0,0.0,18.8,18.8,18.8,80.0
2019-01-18,18.8,18.8,0.0,18.8,100.0,1880000.0,0.0,0.0,18.8,18.8,18.8,100.0
2019-01-21,18.85,18.85,0.266,18.85,20.0,377000.0,0.0,0.0,18.85,18.85,18.85,20.0
2019-01-22,18.7,18.7,-0.7958,18.11,880.0,15940000.0,0.0,0.0,18.2,18.7,18.0,880.0
2019-01-23,18.7,18.7,0.0,18.7,50.0,935000.0,0.0,0.0,18.7,18.7,18.7,50.0
2019-01-24,18.5,18.5,-1.0695,18.5,100.0,1850000.0,0.0,0.0,18.5,18.5,18.5,100.0
2019-01-25,18.75,18.75,1.3514,18.73,100.0,1872500.0,0.0,0.0,18.7,18.75,18.7,100.0
2019-01-28,18.0,18.0,-4.0,17.89,6130.0,109676500.0,0.0,0.0,18.0,18.75,17.5,6130.0
2019-01-29,18.65,18.65,3.6111,18.03,370.0,6671000.0,0.0,0.0,17.8,18.65,17.8,370.0
2019-01-30,18.0,18.0,-3.4853,18.06,770.0,13905000.0,0.0,0.0,18.7,18.7,18.0,770.0
2019-01-31,18.4,18.4,2.2222,18.4,50.0,920000.0,0.0,0.0,18.4,18.4,18.4,50.0
2019-02-01,18.3,18.3,-0.5435,18.3,100.0,1830000.0,0.0,0.0,18.3,18.3,18.3,100.0
2019-02-11,18.45,18.45,0.8197,18.4,150.0,2760000.0,0.0,0.0,18.3,18.45,18.3,150.0
2019-02-12,18.2,18.2,-1.355,18.09,370.0,6692000.0,0.0,0.0,18.2,18.2,17.6,370.0
2019-02-13,17.9,17.9,-1.6484,17.35,2820.0,48925000.0,0.0,0.0,19.0,19.0,16.95,2820.0
2019-02-14,18.0,18.0,0.5587,17.47,6440.0,112524000.0,0.0,0.0,18.5,19.0,16.65,6440.0
2019-02-15,17.55,17.55,-2.5,17.17,2560.0,43951000.0,0.0,0.0,16.75,17.6,16.75,2560.0
2019-02-18,16.5,16.5,-5.9829,16.45,12030.0,197909000.0,0.0,0.0,17.55,17.55,16.35,12030.0
2019-02-19,17.4,17.4,5.4545,17.0,3050.0,51842000.0,0.0,0.0,15.55,17.4,15.55,3050.0
2019-02-20,17.0,17.0,-2.2989,16.92,4070.0,68882500.0,0.0,0.0,17.25,17.8,16.5,4070.0
2019-02-21,16.3,16.3,-4.1176,16.07,6330.0,101714000.0,0.0,0.0,17.0,17.0,15.85,6330.0
2019-02-22,16.4,16.4,0.6135,15.72,4110.0,64616000.0,0.0,0.0,15.5,16.4,15.2,4110.0
2019-02-25,16.7,16.7,1.8293,16.23,4090.0,66378500.0,0.0,0.0,16.4,16.7,15.4,4090.0
2019-02-26,16.7,16.7,0.0,16.78,3730.0,62581500.0,0.0,0.0,15.55,17.1,15.55,3730.0
2019-02-27,16.75,16.75,0.2994,16.65,2960.0,49292000.0,0.0,0.0,15.7,16.75,15.7,2960.0
2019-02-28,17.75,17.75,5.9701,17.02,1420.0,24174000.0,0.0,0.0,16.7,17.9,16.7,1420.0
2019-03-01,17.7,17.7,-0.2817,17.71,1600.0,28331000.0,0.0,0.0,17.75,17.75,17.5,1600.0
2019-03-04,17.7,17.7,0.0,17.65,710.0,12531000.0,0.0,0.0,17.7,17.7,16.5,710.0
2019-03-05,17.65,17.65,-0.2825,17.64,650.0,11467500.0,0.0,0.0,17.65,17.65,17.6,650.0
2019-03-06,17.95,17.95,1.6997,17.53,730.0,12796500.0,0.0,0.0,16.7,18.0,16.7,730.0
2019-03-07,19.0,19.0,5.8496,18.75,1300.0,24375000.0,0.0,0.0,19.0,19.0,18.5,1300.0
2019-03-08,19.0,19.0,0.0,19.0,260.0,4940000.0,0.0,0.0,19.0,19.0,19.0,260.0
2019-03-11,18.9,18.9,-0.5263,18.9,210.0,3969000.0,0.0,0.0,18.9,18.9,18.9,210.0
2019-03-12,18.7,18.7,-1.0582,18.33,830.0,15218000.0,0.0,0.0,18.5,18.9,17.6,830.0
2019-03-13,18.5,18.5,-1.0695,18.5,150.0,2775000.0,0.0,0.0,18.5,18.5,18.5,150.0
2019-03-14,18.5,18.5,0.0,17.42,2230.0,38855000.0,0.0,0.0,17.25,19.75,17.25,2230.0
2019-03-15,18.0,18.0,-2.7027,18.0,250.0,4500000.0,0.0,0.0,18.0,18.0,18.0,250.0
2019-03-18,17.9,17.9,-0.5556,17.91,900.0,16122000.0,0.0,0.0,18.2,18.2,17.2,900.0
2019-03-19,18.05,18.05,0.838,17.61,1200.0,21127000.0,0.0,0.0,16.8,18.05,16.7,1200.0
2019-03-20,18.0,18.0,-0.277,17.06,2010.0,34290000.0,0.0,0.0,17.15,18.0,16.85,2010.0
2019-03-21,18.4,18.4,2.2222,18.47,350.0,6465000.0,0.0,0.0,18.9,18.9,18.4,350.0
2019-03-22,18.4,18.4,0.0,0.0,0.0,0.0,0.0,0.0,18.4,18.4,18.4,0.0
2019-03-25,17.95,17.95,-2.4457,17.95,10.0,179500.0,0.0,0.0,17.95,17.95,17.95,10.0
2019-03-26,17.0,17.0,-5.2925,17.33,570.0,9876000.0,0.0,0.0,17.95,17.95,16.8,570.0
2019-03-27,17.3,17.3,1.7647,17.42,250.0,4355000.0,0.0,0.0,17.45,17.45,17.3,250.0
2019-03-28,17.7,17.7,2.3121,17.63,510.0,8993000.0,0.0,0.0,17.5,17.7,16.3,510.0
2019-03-29,17.2,17.2,-2.8249,17.35,980.0,17007500.0,0.0,0.0,17.5,17.95,17.2,980.0
2019-04-01,17.2,17.2,0.0,17.2,150.0,2580000.0,0.0,0.0,17.2,17.2,17.2,150.0
2019-04-02,17.45,17.45,1.4535,16.35,1260.0,20601500.0,0.0,0.0,17.45,17.6,16.05,1260.0
2019-04-03,16.5,16.5,-5.4441,16.6,300.0,4978500.0,0.0,0.0,16.5,17.45,16.5,300.0
2019-04-04,17.25,17.25,4.5455,16.67,1120.0,18672000.0,0.0,0.0,17.45,17.45,15.6,1120.0
2019-04-05,16.5,16.5,-4.3478,17.21,200.0,3442500.0,0.0,0.0,17.45,17.45,16.5,200.0
2019-04-08,17.4,17.4,5.4545,16.61,760.0,12625000.0,0.0,0.0,17.2,17.4,15.5,760.0
2019-04-09,17.9,17.9,2.8736,17.31,1250.0,21638000.0,0.0,0.0,16.3,17.95,16.25,1250.0
2019-04-10,19.0,19.0,6.1453,18.3,600.0,10977000.0,0.0,0.0,17.9,19.0,17.9,600.0
2019-04-11,19.0,19.0,0.0,18.97,480.0,9105000.0,0.0,0.0,18.7,19.0,18.7,480.0
2019-04-12,19.0,19.0,0.0,19.0,450.0,8550000.0,0.0,0.0,19.0,19.0,19.0,450.0
2019-04-16,19.0,19.0,0.0,19.0,250.0,4750000.0,0.0,0.0,19.0,19.0,19.0,250.0
2019-04-17,19.0,19.0,0.0,19.0,100.0,1900000.0,0.0,0.0,19.0,19.0,19.0,100.0
2019-04-18,17.8,17.8,-6.3158,18.8,60.0,1128000.0,0.0,0.0,19.0,19.0,17.8,60.0
2019-04-19,19.0,19.0,6.7416,18.05,210.0,3791500.0,0.0,0.0,19.0,19.0,16.65,210.0
2019-04-22,19.0,19.0,0.0,17.87,1150.0,20550000.0,0.0,0.0,17.7,19.0,17.7,1150.0
2019-04-23,17.7,17.7,-6.8421,18.87,100.0,1887000.0,0.0,0.0,19.0,19.0,17.7,100.0
2019-04-24,18.8,18.8,6.2147,18.8,230.0,4324000.0,0.0,0.0,18.8,18.8,18.8,230.0
2019-04-25,18.8,18.8,0.0,18.21,110.0,2003000.0,0.0,0.0,17.5,18.8,17.5,110.0
2019-04-26,18.8,18.8,0.0,18.13,200.0,3625000.0,0.0,0.0,17.5,18.8,17.5,200.0
2019-05-02,18.8,18.8,0.0,0.0,0.0,0.0,0.0,0.0,18.8,18.8,18.8,0.0
2019-05-03,18.9,18.9,0.5319,18.12,270.0,4893000.0,0.0,0.0,17.5,18.9,17.5,270.0
2019-05-06,18.8,18.8,-0.5291,18.8,50.0,940000.0,0.0,0.0,18.8,18.8,18.8,50.0
2019-05-07,18.9,18.9,0.5319,18.38,250.0,4595000.0,0.0,0.0,17.6,18.9,17.6,250.0
2019-05-08,18.8,18.8,-0.5291,18.54,140.0,2596000.0,0.0,0.0,18.0,18.8,18.0,140.0
2019-05-09,17.8,17.8,-5.3191,18.21,250.0,4552000.0,0.0,0.0,17.7,18.9,17.7,250.0
2019-05-10,18.8,18.8,5.618,18.8,130.0,2444000.0,0.0,0.0,18.8,18.8,18.8,130.0
2019-05-13,18.8,18.8,0.0,18.48,190.0,3512000.0,0.0,0.0,18.9,18.9,17.55,190.0
2019-05-14,18.6,18.6,-1.0638,18.31,210.0,3846000.0,0.0,0.0,18.0,18.6,18.0,210.0
2019-05-15,18.8,18.8,1.0753,17.98,370.0,6653000.0,0.0,0.0,17.4,18.9,17.4,370.0
2019-05-16,18.9,18.9,0.5319,18.9,50.0,945000.0,0.0,0.0,18.9,18.9,18.9,50.0
2019-05-17,18.0,18.0,-4.7619,17.88,80.0,1430000.0,0.0,0.0,17.75,18.0,17.75,80.0
2019-05-20,18.7,18.7,3.8889,18.65,60.0,1119000.0,0.0,0.0,18.6,18.7,18.6,60.0
2019-05-21,18.7,18.7,0.0,18.56,230.0,4268000.0,0.0,0.0,18.7,18.7,17.6,230.0
2019-05-22,18.7,18.7,0.0,18.24,800.0,14592000.0,0.0,0.0,17.6,18.7,17.5,800.0
2019-05-23,18.7,18.7,0.0,18.04,310.0,5593000.0,0.0,0.0,18.7,18.7,17.5,310.0
2019-05-24,18.8,18.8,0.5348,18.76,80.0,1501000.0,0.0,0.0,18.7,18.8,18.7,80.0
2019-05-27,18.7,18.7,-0.5319,18.29,220.0,4023000.0,0.0,0.0,18.0,18.7,17.6,220.0
2019-05-28,18.0,18.0,-3.7433,18.0,70.0,1260000.0,0.0,0.0,18.0,18.0,18.0,70.0
2019-05-29,17.9,17.9,-0.5556,17.71,480.0,8500000.0,0.0,0.0,16.9,17.9,16.9,480.0
2019-05-30,18.3,18.3,2.2346,18.19,830.0,15097000.0,0.0,0.0,16.8,18.5,16.8,830.0
2019-05-31,18.4,18.4,0.5464,18.4,1000.0,18400000.0,0.0,0.0,18.4,18.4,18.4,1000.0
2019-06-03,18.4,18.4,0.0,18.4,4000.0,73600000.0,0.0,0.0,18.4,18.4,18.4,4000.0
2019-06-04,18.4,18.4,0.0,18.19,1020.0,18558000.0,0.0,0.0,17.2,18.4,17.2,1020.0
2019-06-05,18.4,18.4,0.0,17.72,450.0,7976000.0,0.0,0.0,17.3,18.4,17.3,450.0
2019-06-06,18.4,18.4,0.0,0.0,0.0,0.0,0.0,0.0,18.4,18.4,18.4,0.0
2019-06-07,18.4,18.4,0.0,0.0,0.0,0.0,0.0,0.0,18.4,18.4,18.4,0.0
2019-06-10,18.4,18.4,0.0,18.4,700.0,12880000.0,0.0,0.0,18.4,18.4,18.4,700.0
2019-06-11,18.1,18.1,-1.6304,17.7,940.0,16637000.0,0.0,0.0,17.4,18.1,17.35,940.0
2019-06-12,18.5,18.5,2.2099,18.0,4760.0,85692000.0,0.0,0.0,17.05,18.5,17.05,4760.0
2019-06-13,18.3,18.3,-1.0811,18.38,1650.0,30319000.0,0.0,0.0,18.4,18.4,17.85,1650.0
2019-06-14,18.15,18.15,-0.8197,18.18,560.0,10179000.0,0.0,0.0,18.15,18.2,18.15,560.0
2019-06-17,18.05,18.05,-0.551,18.05,10.0,180500.0,0.0,0.0,18.05,18.05,18.05,10.0
2019-06-18,18.05,18.05,0.0,18.05,300.0,5415000.0,0.0,0.0,18.05,18.05,18.05,300.0
2019-06-19,18.2,18.2,0.831,17.99,700.0,12592500.0,0.0,0.0,18.25,18.25,17.05,700.0
2019-06-20,18.4,18.4,1.0989,17.74,1350.0,23953000.0,0.0,0.0,17.0,18.4,17.0,1350.0
2019-06-21,18.4,18.4,0.0,0.0,0.0,0.0,0.0,0.0,18.4,18.4,18.4,0.0
2019-06-24,18.3,18.3,-0.5435,18.07,380.0,6866000.0,0.0,0.0,17.2,18.3,17.2,380.0
2019-06-25,18.15,18.15,-0.8197,18.04,1820.0,32832500.0,0.0,0.0,18.4,18.4,17.4,1820.0
2019-06-26,18.2,18.2,0.2755,18.2,100.0,1820000.0,0.0,0.0,18.2,18.2,18.2,100.0
2019-06-27,18.1,18.1,-0.5495,17.31,690.0,11943500.0,0.0,0.0,17.2,18.1,17.15,690.0
2019-06-28,18.1,18.1,0.0,0.0,0.0,0.0,0.0,0.0,18.1,18.1,18.1,0.0
2019-07-01,17.95,17.95,-0.8287,17.82,230.0,4099500.0,0.0,0.0,18.3,18.3,17.15,230.0
2019-07-02,17.95,17.95,0.0,17.85,820.0,14634000.0,0.0,0.0,18.0,18.0,17.2,820.0
2019-07-03,18.05,18.05,0.5571,17.64,660.0,11640000.0,0.0,0.0,18.2,18.2,17.5,660.0
2019-07-04,18.1,18.1,0.277,17.91,520.0,9314500.0,0.0,0.0,17.2,18.1,17.2,520.0
2019-07-05,18.5,18.5,2.2099,18.12,1740.0,31533500.0,0.0,0.0,18.1,18.5,17.95,1740.0
2019-07-08,18.5,18.5,0.0,0.0,0.0,0.0,0.0,0.0,18.5,18.5,18.5,0.0
2019-07-09,18.5,18.5,0.0,18.5,200.0,3700000.0,0.0,0.0,18.5,18.5,18.5,200.0
2019-07-10,18.0,18.0,-2.7027,17.67,860.0,15193000.0,0.0,0.0,17.5,18.5,17.5,860.0
2019-07-11,18.2,18.2,1.1111,18.2,100.0,1820000.0,0.0,0.0,18.2,18.2,18.2,100.0
2019-07-12,18.2,18.2,0.0,17.92,470.0,8422000.0,0.0,0.0,17.1,18.2,17.1,470.0
2019-07-15,18.0,18.0,-1.0989,18.0,350.0,6300000.0,0.0,0.0,18.0,18.0,18.0,350.0
2019-07-16,17.5,17.5,-2.7778,17.42,430.0,7491500.0,0.0,0.0,17.05,18.45,17.05,430.0
2019-07-17,18.0,18.0,2.8571,18.0,150.0,2700000.0,0.0,0.0,18.0,18.0,18.0,150.0
2019-07-18,17.5,17.5,-2.7778,17.56,390.0,6847500.0,0.0,0.0,17.5,17.95,17.5,390.0
2019-07-19,18.5,18.5,5.7143,18.5,50.0,925000.0,0.0,0.0,18.5,18.5,18.5,50.0
2019-07-22,18.1,18.1,-2.1622,18.09,270.0,4885000.0,0.0,0.0,18.0,18.1,18.0,270.0
2019-07-23,18.0,18.0,-0.5525,17.73,220.0,3900000.0,0.0,0.0,17.5,18.0,17.5,220.0
2019-07-24,18.0,18.0,0.0,17.97,730.0,13120000.0,0.0,0.0,17.95,18.0,17.95,730.0
2019-07-25,18.0,18.0,0.0,17.12,1300.0,22250000.0,0.0,0.0,17.0,18.0,17.0,1300.0
2019-07-26,18.0,18.0,0.0,17.93,160.0,2868000.0,0.0,0.0,16.8,18.0,16.8,160.0
2019-07-29,17.1,17.1,-5.0,17.1,200.0,3420000.0,0.0,0.0,17.1,17.1,17.1,200.0
2019-07-30,17.95,17.95,4.9708,17.21,2330.0,40095500.0,0.0,0.0,17.1,17.95,17.1,2330.0
2019-07-31,18.0,18.0,0.2786,18.0,1200.0,21600000.0,0.0,0.0,18.0,18.0,18.0,1200.0
2019-08-01,18.0,18.0,0.0,17.6,1450.0,25527000.0,0.0,0.0,17.9,18.0,17.5,1450.0
2019-08-02,17.0,17.0,-5.5556,17.03,2000.0,34050000.0,0.0,0.0,17.1,17.1,17.0,2000.0
2019-08-05,17.9,17.9,5.2941,17.9,50.0,895000.0,0.0,0.0,17.9,17.9,17.9,50.0
2019-08-06,17.9,17.9,0.0,0.0,0.0,0.0,0.0,0.0,17.9,17.9,17.9,0.0
2019-08-07,17.9,17.9,0.0,0.0,0.0,0.0,0.0,0.0,17.9,17.9,17.9,0.0
2019-08-08,17.7,17.7,-1.1173,17.7,200.0,3540000.0,0.0,0.0,17.7,17.7,17.7,200.0
2019-08-09,17.7,17.7,0.0,0.0,0.0,0.0,0.0,0.0,17.7,17.7,17.7,0.0
2019-08-12,17.6,17.6,-0.565,17.03,3820.0,65060000.0,0.0,0.0,17.0,17.6,17.0,3820.0
2019-08-13,17.4,17.4,-1.1364,17.12,560.0,9588000.0,0.0,0.0,16.8,17.4,16.8,560.0
2019-08-14,17.65,17.65,1.4368,17.62,250.0,4405000.0,0.0,0.0,17.6,17.65,17.6,250.0
2019-08-15,17.65,17.65,0.0,17.65,200.0,3530000.0,0.0,0.0,17.65,17.65,17.65,200.0
2019-08-16,17.4,17.4,-1.4164,17.21,1050.0,18070000.0,0.0,0.0,17.0,17.4,17.0,1050.0
2019-08-19,17.4,17.4,0.0,17.18,1090.0,18722000.0,0.0,0.0,16.5,17.4,16.5,1090.0
2019-08-20,16.8,16.8,-3.4483,16.93,770.0,13036500.0,0.0,0.0,16.5,17.4,16.5,770.0
2019-08-21,17.2,17.2,2.381,16.69,500.0,8342500.0,0.0,0.0,17.3,17.35,16.3,500.0
2019-08-22,17.4,17.4,1.1628,16.94,2590.0,43884500.0,0.0,0.0,16.5,17.4,16.5,2590.0
2019-08-23,17.5,17.5,0.5747,17.35,310.0,5377500.0,0.0,0.0,17.5,17.5,16.55,310.0
2019-08-26,17.5,17.5,0.0,0.0,0.0,0.0,0.0,0.0,17.5,17.5,17.5,0.0
2019-08-27,16.6,16.6,-5.1429,16.97,340.0,5769000.0,0.0,0.0,17.25,17.25,16.6,340.0
2019-08-28,17.0,17.0,2.4096,16.45,3100.0,51000500.0,0.0,0.0,15.45,17.7,15.45,3100.0
2019-08-29,17.5,17.5,2.9412,17.5,100.0,1750000.0,0.0,0.0,17.5,17.5,17.5,100.0
2019-08-30,17.4,17.4,-0.5714,16.86,1120.0,18885000.0,0.0,0.0,16.7,17.5,16.7,1120.0
2019-09-03,17.05,17.05,-2.0115,16.54,250.0,4134500.0,0.0,0.0,16.3,17.05,16.3,250.0
2019-09-04,17.4,17.4,2.0528,16.72,980.0,16384000.0,0.0,0.0,16.25,17.4,16.25,980.0
2019-09-05,17.2,17.2,-1.1494,17.2,50.0,860000.0,0.0,0.0,17.2,17.2,17.2,50.0
2019-09-06,17.35,17.35,0.8721,16.79,220.0,3693000.0,0.0,0.0,16.2,17.45,16.2,220.0
2019-09-09,17.2,17.2,-0.8646,17.2,100.0,1720000.0,0.0,0.0,17.2,17.2,17.2,100.0
2019-09-10,17.45,17.45,1.4535,17.53,220.0,3857000.0,0.0,0.0,18.1,18.1,17.45,220.0
2019-09-11,17.1,17.1,-2.0057,16.71,720.0,12034000.0,0.0,0.0,18.2,18.2,16.6,720.0
2019-09-12,17.8,17.8,4.0936,17.8,30.0,534000.0,0.0,0.0,17.8,17.8,17.8,30.0
2019-09-13,16.95,16.95,-4.7753,16.73,2260.0,37814000.0,0.0,0.0,16.65,16.95,16.6,2260.0
2019-09-16,16.85,16.85,-0.59,16.68,2290.0,38206500.0,0.0,0.0,17.3,17.3,16.1,2290.0
2019-09-17,16.85,16.85,0.0,16.85,50.0,842500.0,0.0,0.0,16.85,16.85,16.85,50.0
2019-09-18,16.7,16.7,-0.8902,16.6,1170.0,19425000.0,0.0,0.0,16.5,16.7,16.5,1170.0
2019-09-19,16.5,16.5,-1.1976,16.21,630.0,10214500.0,0.0,0.0,15.6,16.6,15.6,630.0
2019-09-20,16.6,16.6,0.6061,16.57,1110.0,18390000.0,0.0,0.0,17.4,17.4,15.5,1110.0
2019-09-23,16.55,16.55,-0.3012,16.36,2440.0,39914500.0,0.0,0.0,16.0,16.55,15.5,2440.0
2019-09-24,16.6,16.6,0.3021,16.5,890.0,14682000.0,0.0,0.0,16.9,16.9,15.8,890.0
2019-09-25,16.5,16.5,-0.6024,16.5,500.0,8250000.0,0.0,0.0,16.5,16.5,16.5,500.0
2019-09-26,16.6,16.6,0.6061,16.53,1360.0,22485000.0,0.0,0.0,16.6,16.6,15.8,1360.0
2019-09-27,17.0,17.0,2.4096,16.61,540.0,8970000.0,0.0,0.0,16.6,17.0,16.0,540.0
2019-09-30,17.2,17.2,1.1765,17.2,650.0,11180000.0,0.0,0.0,17.2,17.2,17.2,650.0
2019-10-01,17.1,17.1,-0.5814,16.55,910.0,15061000.0,0.0,0.0,16.25,17.1,16.1,910.0
2019-10-02,17.1,17.1,0.0,17.1,690.0,11796000.0,0.0,0.0,17.0,17.1,17.0,690.0
2019-10-03,17.0,17.0,-0.5848,17.0,20.0,340000.0,0.0,0.0,17.0,17.0,17.0,20.0
2019-10-04,16.1,16.1,-5.2941,16.1,500.0,8050000.0,0.0,0.0,16.1,16.1,16.1,500.0
2019-10-07,16.8,16.8,4.3478,16.5,780.0,12871000.0,0.0,0.0,16.8,16.8,15.7,780.0
2019-10-08,16.7,16.7,-0.5952,16.46,290.0,4772000.0,0.0,0.0,16.85,16.85,15.8,290.0
2019-10-09,16.75,16.75,0.2994,16.75,50.0,837500.0,0.0,0.0,16.75,16.75,16.75,50.0
2019-10-10,16.75,16.75,0.0,16.75,200.0,3350000.0,0.0,0.0,16.75,16.75,16.75,200.0
2019-10-11,16.8,16.8,0.2985,16.3,440.0,7172000.0,0.0,0.0,15.8,16.9,15.8,440.0
2019-10-14,16.8,16.8,0.0,16.55,300.0,4965000.0,0.0,0.0,16.8,16.8,16.05,300.0
2019-10-15,16.8,16.8,0.0,16.8,50.0,840000.0,0.0,0.0,16.8,16.8,16.8,50.0
2019-10-16,16.8,16.8,0.0,16.8,150.0,2520000.0,0.0,0.0,16.8,16.8,16.8,150.0
2019-10-17,16.7,16.7,-0.5952,16.45,430.0,7073000.0,0.0,0.0,16.3,16.7,16.0,430.0
2019-10-18,16.0,16.0,-4.1916,15.95,1220.0,19465000.0,0.0,0.0,16.0,16.5,15.8,1220.0
2019-10-21,16.5,16.5,3.125,16.55,400.0,6620000.0,0.0,0.0,16.7,16.7,16.5,400.0
2019-10-22,16.8,16.8,1.8182,16.08,670.0,10774000.0,0.0,0.0,15.7,16.8,15.5,670.0
2019-10-23,15.85,15.85,-5.6548,15.98,230.0,3675500.0,0.0,0.0,16.0,16.0,15.85,230.0
2019-10-24,16.7,16.7,5.3628,16.63,1170.0,19457000.0,0.0,0.0,16.5,16.9,16.5,1170.0
2019-10-25,16.7,16.7,0.0,16.23,240.0,3896000.0,0.0,0.0,16.0,16.7,16.0,240.0
2019-10-28,16.7,16.7,0.0,0.0,0.0,0.0,0.0,0.0,16.7,16.7,16.7,0.0
2019-10-29,16.3,16.3,-2.3952,15.86,590.0,9358000.0,0.0,0.0,15.8,16.35,15.8,590.0
2019-10-30,16.3,16.3,0.0,16.3,50.0,815000.0,0.0,0.0,16.3,16.3,16.3,50.0
2019-10-31,16.3,16.3,0.0,15.8,210.0,3319000.0,0.0,0.0,15.5,16.3,15.5,210.0
2019-11-01,16.45,16.45,0.9202,16.23,540.0,8766500.0,0.0,0.0,15.75,16.45,15.75,540.0
2019-11-04,16.5,16.5,0.304,16.42,420.0,6895000.0,0.0,0.0,15.8,16.5,15.8,420.0
2019-11-05,16.4,16.4,-0.6061,16.01,1890.0,30262500.0,0.0,0.0,15.5,16.5,15.5,1890.0
2019-11-06,16.3,16.3,-0.6098,16.21,600.0,9727500.0,0.0,0.0,16.45,16.45,15.7,600.0
2019-11-07,16.4,16.4,0.6135,15.97,930.0,14854500.0,0.0,0.0,16.5,16.5,15.5,930.0
2019-11-08,16.3,16.3,-0.6098,16.13,550.0,8870000.0,0.0,0.0,15.8,16.3,15.8,550.0
2019-11-11,16.3,16.3,0.0,16.03,90.0,1443000.0,0.0,0.0,15.7,16.3,15.7,90.0
2019-11-12,16.3,16.3,0.0,15.81,590.0,9328500.0,0.0,0.0,15.6,16.45,15.6,590.0
2019-11-13,15.7,15.7,-3.681,15.77,1140.0,17978000.0,0.0,0.0,15.7,17.3,15.7,1140.0
2019-11-14,16.2,16.2,3.1847,15.74,400.0,6297000.0,0.0,0.0,16.5,16.5,15.5,400.0
2019-11-15,16.3,16.3,0.6173,16.22,540.0,8757000.0,0.0,0.0,16.2,16.3,16.2,540.0
2019-11-18,16.3,16.3,0.0,15.97,480.0,7664000.0,0.0,0.0,15.3,16.3,15.3,480.0
2019-11-19,16.25,16.25,-0.3067,16.03,1010.0,16188000.0,0.0,0.0,15.3,16.25,15.3,1010.0
2019-11-20,16.25,16.25,0.0,0.0,0.0,0.0,0.0,0.0,16.25,16.25,16.25,0.0
2019-11-21,15.9,15.9,-2.1538,15.9,100.0,1590000.0,0.0,0.0,15.9,15.9,15.9,100.0
2019-11-22,15.95,15.95,0.3145,15.95,550.0,8770000.0,0.0,0.0,15.9,15.95,15.9,550.0
2019-11-25,15.2,15.2,-4.7022,15.2,60.0,912000.0,0.0,0.0,15.2,15.2,15.2,60.0
2019-11-26,15.95,15.95,4.9342,15.95,100.0,1595000.0,0.0,0.0,15.95,15.95,15.95,100.0
2019-11-27,15.95,15.95,0.0,15.95,100.0,1595000.0,0.0,0.0,15.95,15.95,15.95,100.0
2019-11-28,16.2,16.2,1.5674,15.73,290.0,4563000.0,0.0,0.0,16.3,16.3,15.2,290.0
2019-11-29,16.0,16.0,-1.2346,15.36,590.0,9062500.0,0.0,0.0,16.2,16.0,15.25,590.0
2019-12-02,17.0,17.0,6.25,16.7,1810.0,30227000.0,0.0,0.0,17.05,17.1,15.0,1810.0
2019-12-03,17.0,17.0,0.0,0.0,0.0,0.0,0.0,0.0,17.0,17.0,17.0,0.0
2019-12-04,15.85,15.85,-6.7647,16.57,80.0,1325500.0,0.0,0.0,17.0,17.0,15.85,80.0
2019-12-05,16.3,16.3,2.8391,16.31,160.0,2609000.0,0.0,0.0,16.5,16.5,15.4,160.0
2019-12-06,16.3,16.3,0.0,15.82,810.0,12811000.0,0.0,0.0,15.3,16.3,15.3,810.0
2019-12-09,15.45,15.45,-5.2147,15.71,100.0,1570500.0,0.0,0.0,16.3,16.3,15.45,100.0
2019-12-10,16.1,16.1,4.2071,16.1,50.0,805000.0,0.0,0.0,16.1,16.1,16.1,50.0
2019-12-11,15.5,15.5,-3.7267,15.81,80.0,1265000.0,0.0,0.0,16.0,16.0,15.5,80.0
2019-12-12,15.7,15.7,1.2903,15.36,620.0,9524500.0,0.0,0.0,15.0,15.8,15.0,620.0
2019-12-13,16.1,16.1,2.5478,15.95,740.0,11804500.0,0.0,0.0,15.05,16.1,15.05,740.0
2019-12-16,16.0,16.0,-0.6211,15.94,1050.0,16740000.0,0.0,0.0,15.9,16.0,15.8,1050.0
2019-12-17,16.8,16.8,5.0,15.51,2230.0,34585000.0,0.0,0.0,16.0,16.8,15.0,2230.0
2019-12-18,16.4,16.4,-2.381,16.35,1110.0,18144000.0,0.0,0.0,16.7,16.7,15.65,1110.0
2019-12-19,15.3,15.3,-6.7073,15.3,130.0,1989000.0,0.0,0.0,16.4,15.3,15.3,130.0
2019-12-20,16.1,16.1,5.2288,15.5,1450.0,22475000.0,0.0,0.0,16.2,16.2,14.5,1450.0
2019-12-23,15.1,15.1,-6.2112,15.35,200.0,3070000.0,0.0,0.0,16.1,16.1,15.1,200.0
2019-12-24,16.1,16.1,6.6225,16.09,1400.0,22525000.0,0.0,0.0,15.95,16.1,15.95,1400.0
2019-12-25,16.5,16.5,2.4845,16.5,1350.0,22275000.0,0.0,0.0,16.5,16.5,16.5,1350.0
2019-12-26,16.4,16.4,-0.6061,16.4,1040.0,17057000.0,0.0,0.0,16.4,16.5,16.4,1040.0
2019-12-27,16.3,16.3,-0.6098,16.3,100.0,1630000.0,0.0,0.0,16.3,16.3,16.3,100.0
2019-12-30,15.4,15.4,-5.5215,15.4,100.0,1540000.0,0.0,0.0,15.4,15.4,15.4,100.0
2019-12-31,15.1,15.1,-1.9481,15.1,20.0,302000.0,0.0,0.0,15.1,15.1,15.1,20.0
2020-01-02,16.15,16.15,6.9536,15.58,610.0,9506500.0,0.0,0.0,16.15,16.15,15.0,610.0
2020-01-03,16.4,16.4,1.548,16.2,1170.0,18956000.0,0.0,0.0,15.3,16.4,15.3,1170.0
2020-01-06,16.3,16.3,-0.6098,15.66,80.0,1253000.0,0.0,0.0,15.45,16.3,15.45,80.0
2020-01-07,16.5,16.5,1.227,15.92,370.0,5890000.0,0.0,0.0,16.6,16.6,15.5,370.0
2020-01-08,16.45,16.45,-0.303,16.45,100.0,1645000.0,0.0,0.0,16.45,16.45,16.45,100.0
2020-01-09,15.5,15.5,-5.7751,16.04,170.0,2727000.0,0.0,0.0,16.5,16.5,15.5,170.0
2020-01-10,15.9,15.9,2.5806,15.26,920.0,14036000.0,0.0,0.0,16.1,16.1,15.05,920.0
2020-01-13,16.0,16.0,0.6289,15.72,180.0,2829000.0,0.0,0.0,16.5,16.5,15.05,180.0
2020-01-14,16.2,16.2,1.25,16.2,600.0,9720000.0,0.0,0.0,16.2,16.2,16.2,600.0
2020-01-15,15.2,15.2,-6.1728,15.26,350.0,5341000.0,0.0,0.0,15.5,15.5,15.2,350.0
2020-01-16,16.0,16.0,5.2632,15.61,220.0,3435000.0,0.0,0.0,15.5,16.0,15.5,220.0
2020-01-17,16.0,16.0,0.0,16.0,900.0,14400000.0,0.0,0.0,16.0,16.0,16.0,900.0
2020-01-20,15.9,15.9,-0.625,15.51,280.0,4341500.0,0.0,0.0,15.05,15.9,15.05,280.0
2020-01-21,15.9,15.9,0.0,15.9,150.0,2385000.0,0.0,0.0,15.9,15.9,15.9,150.0
2020-01-22,16.1,16.1,1.2579,16.09,430.0,6920000.0,0.0,0.0,16.0,16.1,16.0,430.0
2020-01-30,16.1,16.1,0.0,16.02,170.0,2723000.0,0.0,0.0,16.1,16.1,15.4,170.0
2020-01-31,16.4,16.4,1.8634,16.4,50.0,820000.0,0.0,0.0,16.4,16.4,16.4,50.0
2020-02-03,16.4,16.4,0.0,15.53,980.0,15222000.0,0.0,0.0,16.3,16.4,15.4,980.0
2020-02-04,16.5,16.5,0.6098,15.7,230.0,3611000.0,0.0,0.0,16.5,16.5,15.35,230.0
2020-02-05,16.5,16.5,0.0,16.5,400.0,6600000.0,0.0,0.0,16.5,16.5,16.5,400.0
2020-02-06,16.2,16.2,-1.8182,15.85,130.0,2061000.0,0.0,0.0,15.45,16.2,15.45,130.0
2020-02-07,16.45,16.45,1.5432,16.03,390.0,6250500.0,0.0,0.0,16.2,16.45,15.45,390.0
2020-02-10,16.45,16.45,0.0,16.45,930.0,15298500.0,0.0,0.0,16.45,16.45,16.45,930.0
2020-02-11,15.4,15.4,-6.383,15.4,410.0,6314000.0,0.0,0.0,15.4,15.4,15.4,410.0
2020-02-12,16.45,16.45,6.8182,15.81,1000.0,15805000.0,0.0,0.0,14.5,16.45,14.5,1000.0
2020-02-13,16.45,16.45,0.0,16.12,390.0,6285500.0,0.0,0.0,15.55,16.45,15.5,390.0
2020-02-14,16.4,16.4,-0.304,15.6,180.0,2808000.0,0.0,0.0,15.5,16.4,15.5,180.0
2020-02-17,16.4,16.4,0.0,15.86,780.0,12368500.0,0.0,0.0,16.3,16.4,15.45,780.0
2020-02-18,16.65,16.65,1.5244,16.5,560.0,9238000.0,0.0,0.0,16.35,16.7,16.35,560.0
2020-02-19,16.5,16.5,-0.9009,16.5,750.0,12375000.0,0.0,0.0,16.5,16.5,16.5,750.0
2020-02-20,16.35,16.35,-0.9091,15.7,1030.0,16176000.0,0.0,0.0,16.5,16.5,15.4,1030.0
2020-02-21,16.45,16.45,0.6116,15.89,950.0,15092000.0,0.0,0.0,15.25,16.45,15.25,950.0
2020-02-24,15.35,15.35,-6.6869,15.38,560.0,8613000.0,0.0,0.0,15.3,16.4,15.3,560.0
2020-02-25,16.35,16.35,6.5147,15.92,1830.0,29132500.0,0.0,0.0,16.3,16.35,14.4,1830.0
2020-02-26,17.0,17.0,3.9755,17.0,340.0,5780000.0,0.0,0.0,17.0,17.0,17.0,340.0
2020-02-27,17.0,17.0,0.0,0.0,0.0,0.0,0.0,0.0,17.0,17.0,17.0,0.0
2020-02-28,16.9,16.9,-0.5882,16.86,990.0,16694500.0,0.0,0.0,16.6,16.9,16.6,990.0
2020-03-02,16.9,16.9,0.0,16.25,300.0,4874500.0,0.0,0.0,15.75,16.9,15.75,300.0
2020-03-03,17.9,17.9,5.9172,16.7,70.0,1169000.0,0.0,0.0,16.5,17.9,16.5,70.0
2020-03-04,17.5,17.5,-2.2346,16.79,590.0,9908500.0,0.0,0.0,16.65,17.5,16.65,590.0
2020-03-05,16.3,16.3,-6.8571,16.3,850.0,13855000.0,0.0,0.0,16.3,16.3,16.3,850.0
2020-03-06,17.2,17.2,5.5215,17.22,300.0,5165000.0,0.0,0.0,17.3,17.3,17.2,300.0
2020-03-09,17.2,17.2,0.0,17.2,100.0,1720000.0,0.0,0.0,17.2,17.2,17.2,100.0
2020-03-10,17.1,17.1,-0.5814,17.1,100.0,1710000.0,0.0,0.0,17.1,17.1,17.1,100.0
2020-03-11,17.1,17.1,0.0,16.94,310.0,5251000.0,0.0,0.0,16.1,17.1,16.1,310.0
2020-03-12,17.2,17.2,0.5848,17.2,50.0,860000.0,0.0,0.0,17.2,17.2,17.2,50.0
2020-03-13,17.0,17.0,-1.1628,17.0,200.0,3400000.0,0.0,0.0,17.0,17.0,17.0,200.0
2020-03-16,17.0,17.0,0.0,17.0,50.0,850000.0,0.0,0.0,17.0,17.0,17.0,50.0
2020-03-17,17.0,17.0,0.0,17.0,70.0,1190000.0,0.0,0.0,17.0,17.0,17.0,70.0
2020-03-18,16.5,16.5,-2.9412,16.05,130.0,2086500.0,0.0,0.0,15.85,16.5,15.85,130.0
2020-03-19,16.5,16.5,0.0,0.0,0.0,0.0,0.0,0.0,16.5,16.5,16.5,0.0
2020-03-20,16.5,16.5,0.0,0.0,0.0,0.0,0.0,0.0,16.5,16.5,16.5,0.0
2020-03-23,16.5,16.5,0.0,0.0,0.0,0.0,0.0,0.0,16.5,16.5,16.5,0.0
2020-03-24,16.5,16.5,0.0,0.0,0.0,0.0,0.0,0.0,16.5,16.5,16.5,0.0
2020-03-25,16.9,16.9,2.4242,16.9,200.0,3380000.0,0.0,0.0,16.9,16.9,16.9,200.0
2020-03-26,16.6,16.6,-1.7751,16.6,150.0,2490000.0,0.0,0.0,16.6,16.6,16.6,150.0
2020-03-27,16.6,16.6,0.0,16.21,230.0,3728500.0,0.0,0.0,15.45,16.6,15.45,230.0
2020-03-30,16.6,16.6,0.0,16.6,20.0,332000.0,0.0,0.0,16.6,16.6,16.6,20.0
2020-03-31,16.4,16.4,-1.2048,16.02,740.0,11857000.0,0.0,0.0,17.0,17.0,15.45,740.0
2020-04-01,17.0,17.0,3.6585,17.0,50.0,850000.0,0.0,0.0,17.0,17.0,17.0,50.0
2020-04-03,16.9,16.9,-0.5882,17.0,700.0,11899000.0,0.0,0.0,17.0,17.0,16.9,700.0
2020-04-06,16.8,16.8,-0.5917,16.8,300.0,5040000.0,0.0,0.0,16.8,16.8,16.8,300.0
2020-04-07,17.0,17.0,1.1905,17.0,150.0,2550000.0,0.0,0.0,17.0,17.0,17.0,150.0
2020-04-08,17.0,17.0,0.0,0.0,0.0,0.0,0.0,0.0,17.0,17.0,17.0,0.0
2020-04-09,17.0,17.0,0.0,16.08,290.0,4664000.0,0.0,0.0,17.0,17.0,15.85,290.0
2020-04-10,17.0,17.0,0.0,16.04,360.0,5773500.0,0.0,0.0,15.85,17.0,15.85,360.0
2020-04-13,17.0,17.0,0.0,0.0,0.0,0.0,0.0,0.0,17.0,17.0,17.0,0.0
2020-04-14,15.9,15.9,-6.4706,15.9,160.0,2544000.0,0.0,0.0,15.9,15.9,15.9,160.0
2020-04-15,16.5,16.5,3.7736,16.53,150.0,2480000.0,0.0,0.0,16.6,16.6,16.5,150.0
2020-04-16,16.35,16.35,-0.9091,15.78,450.0,7102500.0,0.0,0.0,15.5,16.35,15.5,450.0
2020-04-17,16.35,16.35,0.0,16.35,250.0,4087500.0,0.0,0.0,16.35,16.35,16.35,250.0
2020-04-20,16.5,16.5,0.9174,16.16,70.0,1131000.0,0.0,0.0,15.3,16.5,15.3,70.0
2020-04-21,16.4,16.4,-0.6061,15.97,70.0,1118000.0,0.0,0.0,15.4,16.4,15.4,70.0
2020-04-22,16.4,16.4,0.0,16.4,110.0,1804000.0,0.0,0.0,16.4,16.4,16.4,110.0
2020-04-23,16.45,16.45,0.3049,15.91,260.0,4137000.0,0.0,0.0,15.45,16.45,15.45,260.0
2020-04-24,16.45,16.45,0.0,16.45,50.0,822500.0,0.0,0.0,16.45,16.45,16.45,50.0
2020-04-27,17.0,17.0,3.3435,17.0,130.0,2210000.0,0.0,0.0,17.0,17.0,17.0,130.0
2020-04-28,17.0,17.0,0.0,0.0,0.0,0.0,0.0,0.0,17.0,17.0,17.0,0.0
2020-04-29,17.0,17.0,0.0,17.0,90.0,1530000.0,0.0,0.0,17.0,17.0,17.0,90.0
2020-05-04,17.0,17.0,0.0,17.0,10.0,170000.0,0.0,0.0,17.0,17.0,17.0,10.0
2020-05-05,17.0,17.0,0.0,0.0,0.0,0.0,0.0,0.0,17.0,17.0,17.0,0.0
2020-05-06,17.0,17.0,0.0,16.67,240.0,4001000.0,0.0,0.0,17.5,17.5,16.0,240.0
2020-05-07,17.0,17.0,0.0,17.0,50.0,850000.0,0.0,0.0,17.0,17.0,17.0,50.0
2020-05-08,17.0,17.0,0.0,16.09,240.0,3861500.0,0.0,0.0,15.85,17.0,15.85,240.0
2020-05-11,16.9,16.9,-0.5882,16.9,110.0,1859000.0,0.0,0.0,16.9,16.9,16.9,110.0
2020-05-12,17.0,17.0,0.5917,17.0,20.0,340000.0,0.0,0.0,17.0,17.0,17.0,20.0
2020-05-13,17.0,17.0,0.0,17.0,100.0,1700000.0,0.0,0.0,17.0,17.0,17.0,100.0
2020-05-14,17.0,17.0,0.0,17.0,50.0,850000.0,0.0,0.0,17.0,17.0,17.0,50.0
2020-05-15,17.0,17.0,0.0,17.0,20.0,340000.0,0.0,0.0,17.0,17.0,17.0,20.0
2020-05-18,17.0,17.0,0.0,17.0,50.0,850000.0,0.0,0.0,17.0,17.0,17.0,50.0
2020-05-19,16.9,16.9,-0.5882,16.08,550.0,8845000.0,0.0,0.0,16.0,16.9,16.0,550.0
2020-05-20,16.9,16.9,0.0,15.83,1850.0,29285000.0,0.0,0.0,15.8,16.9,15.8,1850.0
2020-05-21,16.9,16.9,0.0,16.9,200.0,3380000.0,0.0,0.0,16.9,16.9,16.9,200.0
2020-05-22,16.9,16.9,0.0,16.9,200.0,3380000.0,0.0,0.0,16.9,16.9,16.9,200.0
2020-05-25,16.9,16.9,0.0,16.9,110.0,1859000.0,0.0,0.0,16.9,16.9,16.9,110.0
2020-05-26,16.9,16.9,0.0,0.0,0.0,0.0,0.0,0.0,16.9,16.9,16.9,0.0
2020-05-27,15.75,15.75,-6.8047,15.75,290.0,4567500.0,0.0,0.0,15.75,15.75,15.75,290.0
2020-05-28,15.0,15.0,-4.7619,15.0,110.0,1650000.0,0.0,0.0,15.0,15.0,15.0,110.0
2020-05-29,15.5,15.5,3.3333,15.26,170.0,2595000.0,0.0,0.0,15.0,15.5,14.9,170.0
2020-06-01,15.8,15.8,1.9355,15.54,1250.0,19425000.0,0.0,0.0,14.5,15.8,14.5,1250.0
2020-06-02,16.0,16.0,1.2658,15.82,2100.0,33229000.0,0.0,0.0,14.85,16.0,14.85,2100.0
2020-06-03,16.9,16.9,5.625,16.91,160.0,2705000.0,0.0,0.0,17.0,17.0,16.9,160.0
2020-06-04,16.9,16.9,0.0,0.0,0.0,0.0,0.0,0.0,16.9,16.9,16.9,0.0
2020-06-05,16.8,16.8,-0.5917,16.8,170.0,2856000.0,0.0,0.0,16.8,16.8,16.8,170.0
2020-06-08,15.7,15.7,-6.5476,15.76,780.0,12293000.0,0.0,0.0,16.9,16.9,15.7,780.0
2020-06-09,15.15,15.15,-3.5032,15.42,1400.0,21590000.0,0.0,0.0,16.75,16.75,15.1,1400.0
2020-06-10,16.1,16.1,6.2706,16.1,490.0,7889000.0,0.0,0.0,16.1,16.1,16.1,490.0
2020-06-11,16.5,16.5,2.4845,16.68,110.0,1835000.0,0.0,0.0,16.7,16.7,16.5,110.0
2020-06-12,16.1,16.1,-2.4242,16.1,10.0,161000.0,0.0,0.0,16.1,16.1,16.1,10.0
2020-06-15,15.05,15.05,-6.5217,15.05,630.0,9481500.0,0.0,0.0,15.05,15.05,15.05,630.0
2020-06-16,15.5,15.5,2.99,14.67,3250.0,47693000.0,0.0,0.0,14.05,15.5,14.05,3250.0
2020-06-17,15.75,15.75,1.6129,15.2,620.0,9421000.0,0.0,0.0,15.5,15.75,14.5,620.0
2020-06-18,16.0,16.0,1.5873,15.43,2370.0,36564500.0,0.0,0.0,15.75,16.0,15.1,2370.0
2020-06-19,15.1,15.1,-5.625,15.88,2860.0,45405000.0,0.0,0.0,16.0,17.05,15.1,2860.0
2020-06-22,15.2,15.2,0.6623,15.2,350.0,5320000.0,0.0,0.0,15.2,15.2,15.2,350.0
2020-06-23,15.7,15.7,3.2895,14.98,1110.0,16632000.0,0.0,0.0,14.95,15.7,14.95,1110.0
2020-06-24,15.6,15.6,-0.6369,14.74,1060.0,15628500.0,0.0,0.0,14.9,15.6,14.65,1060.0
2020-06-25,15.95,15.95,2.2436,15.32,430.0,6587500.0,0.0,0.0,15.0,15.95,15.0,430.0
2020-06-26,15.4,15.4,-3.4483,15.4,10.0,154000.0,0.0,0.0,15.4,15.4,15.4,10.0
2020-06-29,15.45,15.45,0.3247,15.45,10.0,154500.0,0.0,0.0,15.45,15.45,15.45,10.0
2020-06-30,14.6,14.6,-5.5016,15.05,1660.0,24988500.0,0.0,0.0,14.45,15.6,14.45,1660.0
2020-07-01,15.45,15.45,5.8219,15.43,1620.0,25000000.0,0.0,0.0,15.45,15.45,15.3,1620.0
2020-07-02,16.5,16.5,6.7961,16.19,2200.0,35610000.0,0.0,0.0,15.35,16.5,15.35,2200.0
2020-07-03,16.5,16.5,0.0,16.44,1140.0,18744500.0,0.0,0.0,16.4,16.5,15.35,1140.0
2020-07-06,16.5,16.5,0.0,16.49,300.0,4947000.0,0.0,0.0,16.4,16.5,16.4,300.0
2020-07-07,16.5,16.5,0.0,0.0,0.0,0.0,0.0,0.0,16.5,16.5,16.5,0.0
2020-07-08,15.8,15.8,-4.2424,15.8,1000.0,15800000.0,0.0,0.0,15.8,15.8,15.8,1000.0
2020-07-09,14.95,14.95,-5.3797,15.32,2470.0,37843000.0,0.0,0.0,14.8,15.6,14.75,2470.0
2020-07-10,14.95,14.95,0.0,15.28,20.0,305500.0,0.0,0.0,15.6,15.6,14.95,20.0
2020-07-13,15.95,15.95,6.689,15.45,390.0,6025500.0,0.0,0.0,15.95,15.95,14.35,390.0
2020-07-14,15.7,15.7,-1.5674,15.587,1870.0,29148500.0,0.0,0.0,15.95,15.95,15.45,1870.0
2020-07-15,14.7,14.7,-6.3694,14.7,220.0,3234000.0,0.0,0.0,14.7,14.7,14.7,220.0
2020-07-16,15.0,15.0,2.0408,15.0,10.0,150000.0,0.0,0.0,15.0,15.0,15.0,10.0
2020-07-17,15.0,15.0,0.0,14.74,970.0,14300000.0,0.0,0.0,14.5,15.0,14.5,970.0
2020-07-20,15.0,15.0,0.0,14.92,740.0,11044000.0,0.0,0.0,15.0,15.0,14.3,740.0
2020-07-21,14.1,14.1,-6.0,14.2,690.0,9798000.0,0.0,0.0,16.0,16.0,14.1,690.0
2020-07-22,15.05,15.05,6.7376,14.9,700.0,10429000.0,0.0,0.0,14.95,15.05,14.2,700.0
2020-07-23,16.0,16.0,6.3123,15.19,810.0,12303000.0,0.0,0.0,15.0,16.0,15.0,810.0
2020-07-24,16.8,16.8,5.0,16.12,840.0,13541000.0,0.0,0.0,16.8,16.8,15.0,840.0
2020-07-27,16.8,16.8,0.0,16.8,120.0,2016000.0,0.0,0.0,16.8,16.8,16.8,120.0
2020-07-28,16.8,16.8,0.0,16.8,10.0,168000.0,0.0,0.0,16.8,16.8,16.8,10.0
2020-07-29,16.8,16.8,0.0,0.0,0.0,0.0,0.0,0.0,16.8,16.8,16.8,0.0
2020-07-30,16.8,16.8,0.0,0.0,0.0,0.0,0.0,0.0,16.8,16.8,16.8,0.0
2020-07-31,17.8,17.8,5.9524,17.0,100.0,1700000.0,0.0,0.0,16.8,17.8,16.8,100.0
2020-08-03,16.7,16.7,-6.1798,16.66,200.0,3332000.0,0.0,0.0,16.6,17.3,16.6,200.0
2020-08-04,16.4,16.4,-1.7964,16.18,1790.0,28971000.0,0.0,0.0,15.7,16.4,15.6,1790.0
2020-08-05,15.9,15.9,-3.0488,15.78,2050.0,32353000.0,0.0,0.0,16.4,16.5,15.4,2050.0
2020-08-06,16.5,16.5,3.7736,16.5,10.0,165000.0,0.0,0.0,16.5,16.5,16.5,10.0
2020-08-07,15.35,15.35,-6.9697,15.35,370.0,5679500.0,0.0,0.0,15.35,15.35,15.35,370.0
2020-08-10,15.35,15.35,0.0,15.24,480.0,7313000.0,0.0,0.0,14.8,15.35,14.8,480.0
2020-08-11,15.65,15.65,1.9544,15.03,1120.0,16836500.0,0.0,0.0,15.05,15.65,15.0,1120.0
2020-08-12,14.65,14.65,-6.3898,14.65,10.0,146500.0,0.0,0.0,14.65,14.65,14.65,10.0
2020-08-13,15.65,15.65,6.8259,15.56,880.0,13696500.0,0.0,0.0,15.5,15.65,15.5,880.0
2020-08-14,15.65,15.65,0.0,15.55,2060.0,32039000.0,0.0,0.0,15.5,15.65,15.5,2060.0
2020-08-17,16.0,16.0,2.2364,16.0,120.0,1920000.0,0.0,0.0,16.0,16.0,16.0,120.0
2020-08-18,16.5,16.5,3.125,15.96,1810.0,28884000.0,0.0,0.0,16.0,16.8,15.0,1810.0
2020-08-19,16.4,16.4,-0.6061,15.86,2020.0,32029000.0,0.0,0.0,15.5,16.4,15.5,2020.0
2020-08-20,16.0,16.0,-2.439,15.72,50.0,786000.0,0.0,0.0,16.7,16.7,15.3,50.0
2020-08-21,16.0,16.0,0.0,0.0,0.0,0.0,0.0,0.0,16.0,16.0,16.0,0.0
2020-08-24,15.1,15.1,-5.625,15.1,10.0,151000.0,0.0,0.0,15.1,15.1,15.1,10.0
2020-08-25,15.75,15.75,4.3046,15.84,180.0,2851500.0,0.0,0.0,16.1,16.1,14.7,180.0
2020-08-26,15.75,15.75,0.0,15.25,1150.0,17536000.0,0.0,0.0,16.0,16.0,15.0,1150.0
2020-08-27,16.7,16.7,6.0317,15.91,1620.0,25773000.0,0.0,0.0,15.0,16.7,15.0,1620.0
2020-08-28,16.7,16.7,0.0,16.4,1010.0,16567000.0,0.0,0.0,15.7,16.7,15.7,1010.0
2020-08-31,15.6,15.6,-6.5868,16.2,30.0,486000.0,0.0,0.0,16.5,16.5,15.6,30.0
2020-09-01,16.5,16.5,5.7692,16.53,90.0,1488000.0,0.0,0.0,16.65,16.65,16.5,90.0
2020-09-03,15.45,15.45,-6.3636,15.57,440.0,6851500.0,0.0,0.0,15.5,16.4,15.4,440.0
2020-09-04,16.0,16.0,3.5599,15.99,350.0,5595000.0,0.0,0.0,15.9,16.0,15.9,350.0
2020-09-07,16.0,16.0,0.0,16.0,50.0,800000.0,0.0,0.0,16.0,16.0,16.0,50.0
2020-09-08,15.05,15.05,-5.9375,15.05,370.0,5568500.0,0.0,0.0,15.05,15.05,15.05,370.0
2020-09-09,15.5,15.5,2.99,15.47,660.0,10210000.0,0.0,0.0,15.5,15.5,15.4,660.0
2020-09-10,14.6,14.6,-5.8065,14.6,10.0,146000.0,0.0,0.0,14.6,14.6,14.6,10.0
2020-09-11,14.5,14.5,-0.6849,14.79,310.0,4585000.0,0.0,0.0,14.8,14.8,14.5,310.0
2020-09-14,14.7,14.7,1.3793,14.57,110.0,1603000.0,0.0,0.0,14.5,14.7,14.5,110.0
2020-09-15,15.0,15.0,2.0408,14.74,720.0,10615000.0,0.0,0.0,14.7,15.0,14.6,720.0
2020-09-16,15.7,15.7,4.6667,15.68,260.0,4077000.0,0.0,0.0,15.7,15.8,15.5,260.0
2020-09-17,15.65,15.65,-0.3185,15.65,100.0,1565000.0,0.0,0.0,15.65,15.65,15.65,100.0
2020-09-18,16.0,16.0,2.2364,15.25,1340.0,20436000.0,0.0,0.0,16.0,16.0,14.7,1340.0
2020-09-21,15.0,15.0,-6.25,15.0,420.0,6300000.0,0.0,0.0,15.0,15.0,15.0,420.0
2020-09-22,15.5,15.5,3.3333,15.36,260.0,3993500.0,0.0,0.0,15.85,15.85,14.7,260.0
2020-09-23,15.7,15.7,1.2903,15.76,170.0,2679000.0,0.0,0.0,15.9,15.9,15.7,170.0
2020-09-24,15.6,15.6,-0.6369,15.34,600.0,9206500.0,0.0,0.0,14.7,15.6,14.7,600.0
2020-09-25,15.05,15.05,-3.5256,15.05,610.0,9180500.0,0.0,0.0,15.05,15.05,15.05,610.0
2020-09-28,15.0,15.0,-0.3322,15.0,100.0,1500000.0,0.0,0.0,15.0,15.0,15.0,100.0
2020-09-29,14.95,14.95,-0.3333,14.92,800.0,11932500.0,0.0,0.0,14.2,15.0,14.2,800.0
2020-09-30,15.0,15.0,0.3344,15.0,100.0,1500000.0,0.0,0.0,15.0,15.0,15.0,100.0
2020-10-01,14.8,14.8,-1.3333,14.11,940.0,13260000.0,0.0,0.0,14.2,14.8,14.0,940.0
2020-10-02,15.2,15.2,2.7027,14.91,900.0,13421500.0,0.0,0.0,14.8,15.2,14.8,900.0
2020-10-05,15.3,15.3,0.6579,15.3,80.0,1224000.0,0.0,0.0,15.3,15.3,15.3,80.0
2020-10-06,15.3,15.3,0.0,14.63,200.0,2925000.0,0.0,0.0,14.4,15.3,14.4,200.0
2020-10-07,15.3,15.3,0.0,0.0,0.0,0.0,0.0,0.0,15.3,15.3,15.3,0.0
2020-10-08,15.9,15.9,3.9216,14.77,1130.0,16686500.0,0.0,0.0,14.3,15.9,14.3,1130.0
2020-10-09,15.7,15.7,-1.2579,15.7,100.0,1570000.0,0.0,0.0,15.7,15.7,15.7,100.0
2020-10-12,15.7,15.7,0.0,15.7,50.0,785000.0,0.0,0.0,15.7,15.7,15.7,50.0
2020-10-13,15.45,15.45,-1.5924,15.375,340.0,5227500.0,0.0,0.0,15.0,15.75,15.0,340.0
2020-10-14,15.2,15.2,-1.6181,15.02,100.0,1502000.0,0.0,0.0,15.0,15.2,15.0,100.0
2020-10-15,15.15,15.15,-0.3289,15.15,150.0,2272500.0,0.0,0.0,15.15,15.15,15.15,150.0
2020-10-16,15.4,15.4,1.6502,14.25,1610.0,22942000.0,0.0,0.0,14.15,15.5,14.1,1610.0
2020-10-19,15.0,15.0,-2.5974,14.9,290.0,4320000.0,0.0,0.0,14.4,15.0,14.4,290.0
2020-10-20,15.0,15.0,0.0,14.97,660.0,9880000.0,0.0,0.0,14.95,15.0,14.95,660.0
2020-10-21,14.95,14.95,-0.3333,14.38,620.0,8912500.0,0.0,0.0,14.0,14.95,14.0,620.0
2020-10-22,15.0,15.0,0.3344,14.94,160.0,2390000.0,0.0,0.0,15.0,15.0,14.0,160.0
2020-10-23,15.7,15.7,4.6667,14.65,50.0,732500.0,0.0,0.0,13.95,15.7,13.95,50.0
2020-10-26,15.5,15.5,-1.2739,15.5,130.0,2015000.0,0.0,0.0,15.5,15.5,15.5,130.0
2020-10-27,15.5,15.5,0.0,15.5,100.0,1550000.0,0.0,0.0,15.5,15.5,15.5,100.0
2020-10-28,15.75,15.75,1.6129,15.75,50.0,787500.0,0.0,0.0,15.75,15.75,15.75,50.0
2020-10-29,15.65,15.65,-0.6349,15.65,250.0,3912500.0,0.0,0.0,15.65,15.65,15.65,250.0
2020-10-30,15.7,15.7,0.3195,15.7,100.0,1570000.0,0.0,0.0,15.7,15.7,15.7,100.0
2020-11-02,15.7,15.7,0.0,15.7,90.0,1413000.0,0.0,0.0,15.7,15.7,15.7,90.0
2020-11-03,15.4,15.4,-1.9108,14.95,1100.0,16440000.0,0.0,0.0,15.7,15.7,14.7,1100.0
2020-11-04,15.35,15.35,-0.3247,15.35,50.0,767500.0,0.0,0.0,15.35,15.35,15.35,50.0
2020-11-05,14.9,14.9,-2.9316,14.82,1520.0,22526000.0,0.0,0.0,14.3,14.9,14.3,1520.0
2020-11-06,15.6,15.6,4.698,14.34,460.0,6595500.0,0.0,0.0,15.65,15.65,13.9,460.0
2020-11-09,15.0,15.0,-3.8462,15.0,100.0,1500000.0,0.0,0.0,15.0,15.0,15.0,100.0
2020-11-10,15.35,15.35,2.3333,15.35,10.0,153500.0,0.0,0.0,15.35,15.35,15.35,10.0
2020-11-11,15.0,15.0,-2.2801,14.44,880.0,12704000.0,0.0,0.0,14.4,15.0,14.35,880.0
2020-11-12,15.0,15.0,0.0,14.43,230.0,3320000.0,0.0,0.0,14.0,15.0,14.0,230.0
2020-11-13,14.95,14.95,-0.3333,14.52,220.0,3194000.0,0.0,0.0,14.0,14.95,14.0,220.0
2020-11-16,14.95,14.95,0.0,14.43,460.0,6638500.0,0.0,0.0,14.0,15.25,13.95,460.0
2020-11-17,14.0,14.0,-6.3545,14.0,100.0,1400000.0,0.0,0.0,14.0,14.0,14.0,100.0
2020-11-18,14.7,14.7,5.0,13.53,1880.0,25432000.0,0.0,0.0,13.05,14.7,13.05,1880.0
2020-11-19,13.75,13.75,-6.4626,13.97,210.0,2934500.0,0.0,0.0,13.7,14.7,13.7,210.0
2020-11-20,14.0,14.0,1.8182,13.73,1150.0,15785000.0,0.0,0.0,13.7,14.0,13.7,1150.0
2020-11-23,14.0,14.0,0.0,14.18,280.0,3970500.0,0.0,0.0,13.05,14.6,13.05,280.0
2020-11-24,14.0,14.0,0.0,13.45,260.0,3498000.0,0.0,0.0,13.05,14.0,13.05,260.0
2020-11-25,13.9,13.9,-0.7143,13.42,3150.0,42286000.0,0.0,0.0,14.25,14.3,13.1,3150.0
2020-11-26,13.4,13.4,-3.5971,13.7,20.0,274000.0,0.0,0.0,14.0,14.0,13.4,20.0
2020-11-27,14.0,14.0,4.4776,13.58,370.0,5023000.0,0.0,0.0,13.4,14.0,13.4,370.0
2020-11-30,13.5,13.5,-3.5714,13.22,970.0,12825000.0,0.0,0.0,14.0,14.0,13.05,970.0
2020-12-01,13.5,13.5,0.0,13.33,530.0,7063000.0,0.0,0.0,13.5,13.5,13.1,530.0
2020-12-02,13.95,13.95,3.3333,12.93,2680.0,34650000.0,0.0,0.0,13.5,13.95,12.6,2680.0
2020-12-03,13.9,13.9,-0.3584,13.18,1230.0,16206000.0,0.0,0.0,13.0,13.9,13.0,1230.0
2020-12-04,13.45,13.45,-3.2374,13.45,10.0,134500.0,0.0,0.0,13.45,13.45,13.45,10.0
2020-12-07,13.2,13.2,-1.8587,13.06,2600.0,33966000.0,0.0,0.0,12.55,13.2,12.55,2600.0
2020-12-08,13.8,13.8,4.5455,13.17,560.0,7374000.0,0.0,0.0,12.7,13.85,12.3,560.0
2020-12-09,13.85,13.85,0.3623,13.84,2630.0,36389500.0,0.0,0.0,12.85,13.85,12.85,2630.0
2020-12-10,13.8,13.8,-0.361,13.69,690.0,9449000.0,0.0,0.0,13.0,13.85,13.0,690.0
2020-12-11,13.8,13.8,0.0,13.76,520.0,7157000.0,0.0,0.0,13.7,13.8,13.7,520.0
2020-12-14,13.4,13.4,-2.8986,13.4,10.0,134000.0,0.0,0.0,13.4,13.4,13.4,10.0
2020-12-15,13.8,13.8,2.9851,13.14,500.0,6571000.0,0.0,0.0,13.9,13.9,12.8,500.0
2020-12-16,13.75,13.75,-0.3623,13.18,870.0,11468000.0,0.0,0.0,12.9,13.75,12.9,870.0
2020-12-17,13.15,13.15,-4.3636,13.68,150.0,2052500.0,0.0,0.0,13.95,13.95,13.15,150.0
2020-12-18,13.85,13.85,5.3232,13.41,480.0,6436500.0,0.0,0.0,13.9,13.9,13.05,480.0
2020-12-21,13.95,13.95,0.722,13.28,230.0,3055500.0,0.0,0.0,13.05,13.95,13.05,230.0
2020-12-22,13.75,13.75,-1.4337,13.13,2360.0,30977000.0,0.0,0.0,13.0,13.75,13.0,2360.0
2020-12-23,13.55,13.55,-1.4545,13.05,210.0,2741500.0,0.0,0.0,12.9,13.55,12.9,210.0
2020-12-24,12.9,12.9,-4.797,12.9,10.0,129000.0,0.0,0.0,12.9,12.9,12.9,10.0
2020-12-25,13.35,13.35,3.4884,13.11,300.0,3933000.0,0.0,0.0,13.35,13.35,12.9,300.0
2020-12-28,13.15,13.15,-1.4981,12.62,2990.0,37734500.0,0.0,0.0,13.35,13.35,12.5,2990.0
2020-12-29,13.35,13.35,1.5209,12.5,6020.0,75246500.0,0.0,0.0,12.5,13.35,12.35,6020.0
2020-12-30,12.9,12.9,-3.3708,12.84,1210.0,15540000.0,0.0,0.0,12.45,13.0,12.45,1210.0
2020-12-31,13.0,13.0,0.7752,12.48,3360.0,41945500.0,0.0,0.0,12.05,13.35,12.05,3360.0
2021-01-04,13.3,13.3,2.3077,13.13,1300.0,17070000.0,0.0,0.0,13.65,13.65,12.15,1300.0
2021-01-05,13.0,13.0,-2.2556,12.99,400.0,5195000.0,0.0,0.0,12.45,13.25,12.45,400.0
2021-01-06,12.9,12.9,-0.7692,12.93,2900.0,37500000.0,0.0,0.0,13.3,13.3,12.9,2900.0
2021-01-07,12.9,12.9,0.0,12.49,2300.0,28730000.0,0.0,0.0,12.4,12.9,12.3,2300.0
2021-01-08,13.15,13.15,1.938,12.11,4100.0,49655000.0,0.0,0.0,12.95,13.15,12.0,4100.0
2021-01-11,12.95,12.95,-1.5209,12.63,200.0,2525000.0,0.0,0.0,12.3,12.95,12.3,200.0
2021-01-12,12.2,12.2,-5.7915,12.43,300.0,3730000.0,0.0,0.0,12.95,12.95,12.15,300.0
2021-01-13,12.1,12.1,-0.8197,12.19,5400.0,65820000.0,0.0,0.0,12.2,12.8,12.1,5400.0
2021-01-14,12.6,12.6,4.1322,12.49,3100.0,38710000.0,0.0,0.0,12.65,12.65,12.2,3100.0
2021-01-15,13.0,13.0,3.1746,12.86,5200.0,66880000.0,0.0,0.0,12.1,13.35,12.1,5200.0
2021-01-18,13.0,13.0,0.0,12.87,700.0,9010000.0,0.0,0.0,13.5,13.5,12.25,700.0
2021-01-19,12.3,12.3,-5.3846,12.44,1500.0,18655000.0,0.0,0.0,13.0,13.0,12.25,1500.0
2021-01-20,12.85,12.85,4.4715,12.83,1200.0,15400000.0,0.0,0.0,12.85,12.85,12.8,1200.0
2021-01-21,12.85,12.85,0.0,12.98,1200.0,15580000.0,0.0,0.0,13.1,13.2,12.85,1200.0
2021-01-22,13.15,13.15,2.3346,13.2,700.0,9240000.0,0.0,0.0,13.45,13.45,12.85,700.0
2021-01-25,13.15,13.15,0.0,0.0,0.0,0.0,0.0,0.0,13.15,13.15,13.15,0.0
2021-01-26,13.15,13.15,0.0,0.0,0.0,0.0,0.0,0.0,13.15,13.15,13.15,0.0
2021-01-27,12.35,12.35,-6.0837,12.46,900.0,11210000.0,0.0,0.0,12.95,12.95,12.3,900.0
2021-01-28,12.75,12.75,3.2389,12.59,900.0,11335000.0,0.0,0.0,12.0,13.15,12.0,900.0
2021-01-29,12.7,12.7,-0.3922,12.1,700.0,8470000.0,0.0,0.0,12.0,12.7,12.0,700.0
2021-02-01,12.0,12.0,-5.5118,12.28,400.0,4910000.0,0.0,0.0,13.1,13.1,12.0,400.0
2021-02-02,12.8,12.8,6.6667,12.8,1100.0,14080000.0,0.0,0.0,12.8,12.8,12.8,1100.0
2021-02-03,12.5,12.5,-2.3438,12.32,2600.0,32040000.0,0.0,0.0,12.1,12.5,12.0,2600.0
2021-02-04,12.95,12.95,3.6,12.62,1800.0,22715000.0,0.0,0.0,12.95,12.95,12.4,1800.0
2021-02-05,13.15,13.15,1.5444,13.15,100.0,1315000.0,0.0,0.0,13.15,13.15,13.15,100.0
2021-02-08,13.05,13.05,-0.7605,12.96,700.0,9070000.0,0.0,0.0,13.0,13.2,12.35,700.0
2021-02-09,13.0,13.0,-0.3831,12.98,200.0,2595000.0,0.0,0.0,12.95,13.0,12.95,200.0
2021-02-17,13.0,13.0,0.0,0.0,0.0,0.0,0.0,0.0,13.0,13.0,13.0,0.0
2021-02-18,13.4,13.4,3.0769,13.4,100.0,1340000.0,0.0,0.0,13.4,13.4,13.4,100.0
2021-02-19,12.8,12.8,-4.4776,12.91,800.0,10330000.0,0.0,0.0,13.7,13.7,12.8,800.0
2021-02-22,12.95,12.95,1.1719,12.74,1500.0,19110000.0,0.0,0.0,12.5,13.2,12.5,1500.0
2021-02-23,12.9,12.9,-0.3861,12.98,1500.0,19475000.0,0.0,0.0,12.95,13.8,12.9,1500.0
2021-02-24,13.55,13.55,5.0388,13.22,3500.0,46285000.0,0.0,0.0,13.7,13.7,12.4,3500.0
2021-02-25,13.45,13.45,-0.738,12.77,2000.0,25545000.0,0.0,0.0,12.65,13.5,12.65,2000.0
2021-02-26,13.45,13.45,0.0,13.45,300.0,4035000.0,0.0,0.0,13.45,13.45,13.45,300.0
2021-03-01,12.75,12.75,-5.2045,12.65,200.0,2530000.0,0.0,0.0,12.55,12.75,12.55,200.0
2021-03-02,12.75,12.75,0.0,12.69,1100.0,13955000.0,0.0,0.0,13.0,13.0,12.05,1100.0
2021-03-03,13.15,13.15,3.1373,12.65,300.0,3795000.0,0.0,0.0,12.4,13.15,12.4,300.0
2021-03-04,13.35,13.35,1.5209,13.18,300.0,3955000.0,0.0,0.0,13.9,13.9,12.3,300.0
2021-03-05,13.35,13.35,0.0,0.0,0.0,0.0,0.0,0.0,13.35,13.35,13.35,0.0
2021-03-08,12.95,12.95,-2.9963,12.75,2400.0,30605000.0,0.0,0.0,12.45,13.2,12.45,2400.0
2021-03-09,12.2,12.2,-5.7915,13.58,1200.0,16290000.0,0.0,0.0,13.75,13.75,12.2,1200.0
2021-03-10,12.45,12.45,2.0492,12.53,1200.0,15040000.0,0.0,0.0,12.2,13.0,12.2,1200.0
2021-03-11,13.0,13.0,4.4177,12.98,2000.0,25960000.0,0.0,0.0,12.95,13.25,12.95,2000.0
2021-03-12,13.65,13.65,5.0,13.05,1100.0,14350000.0,0.0,0.0,13.8,13.8,12.25,1100.0
2021-03-15,13.5,13.5,-1.0989,13.41,2100.0,28165000.0,0.0,0.0,13.85,13.85,12.85,2100.0
2021-03-16,13.9,13.9,2.963,13.9,100.0,1390000.0,0.0,0.0,13.9,13.9,13.9,100.0
2021-03-17,12.95,12.95,-6.8345,12.98,1500.0,19465000.0,0.0,0.0,13.0,13.0,12.95,1500.0
2021-03-18,12.8,12.8,-1.1583,13.03,700.0,9120000.0,0.0,0.0,13.6,13.6,12.3,700.0
2021-03-19,13.1,13.1,2.3438,12.95,2300.0,29790000.0,0.0,0.0,12.8,13.4,12.8,2300.0
2021-03-22,13.45,13.45,2.6718,13.59,3100.0,42135000.0,0.0,0.0,13.7,13.7,13.4,3100.0
2021-03-23,13.5,13.5,0.3717,13.45,800.0,10760000.0,0.0,0.0,13.4,13.5,13.4,800.0
2021-03-24,13.5,13.5,0.0,13.51,1500.0,20265000.0,0.0,0.0,13.55,13.55,13.5,1500.0
2021-03-25,13.55,13.55,0.3704,13.54,400.0,5415000.0,0.0,0.0,13.55,13.55,13.5,400.0
2021-03-26,13.55,13.55,0.0,13.55,100.0,1355000.0,0.0,0.0,13.55,13.55,13.55,100.0
2021-03-29,13.55,13.55,0.0,0.0,0.0,0.0,0.0,0.0,13.55,13.55,13.55,0.0
2021-03-30,13.5,13.5,-0.369,13.08,800.0,10465000.0,0.0,0.0,12.8,13.55,12.8,800.0
2021-03-31,13.55,13.55,0.3704,13.55,200.0,2710000.0,0.0,0.0,13.55,13.55,13.55,200.0
2021-04-01,12.8,12.8,-5.5351,12.8,300.0,3840000.0,0.0,0.0,12.8,12.8,12.8,300.0
2021-04-02,12.2,12.2,-4.6875,12.9,900.0,11610000.0,0.0,0.0,13.0,13.5,12.2,900.0
2021-04-05,13.05,13.05,6.9672,13.05,5700.0,74370000.0,0.0,0.0,13.05,13.05,13.0,5700.0
2021-04-06,13.75,13.75,5.364,13.76,2800.0,38520000.0,0.0,0.0,13.05,13.9,13.05,2800.0
2021-04-07,13.5,13.5,-1.8182,13.13,400.0,5250000.0,0.0,0.0,13.0,13.5,13.0,400.0
2021-04-08,13.7,13.7,1.4815,13.77,300.0,4130000.0,0.0,0.0,13.9,13.9,13.7,300.0
2021-04-09,13.7,13.7,0.0,13.61,1600.0,21780000.0,0.0,0.0,13.7,13.7,13.5,1600.0
2021-04-12,13.6,13.6,-0.7299,12.91,2600.0,33560000.0,0.0,0.0,12.8,13.7,12.8,2600.0
2021-04-13,13.6,13.6,0.0,13.57,1300.0,17645000.0,0.0,0.0,12.85,13.8,12.85,1300.0
2021-04-14,13.6,13.6,0.0,13.24,4000.0,52970000.0,0.0,0.0,12.85,13.6,12.85,4000.0
2021-04-15,14.0,14.0,2.9412,13.52,6800.0,91940000.0,0.0,0.0,12.9,14.0,12.9,6800.0
2021-04-16,14.1,14.1,0.7143,13.98,6700.0,93640000.0,0.0,0.0,13.5,14.3,13.5,6700.0
2021-04-19,14.0,14.0,-0.7092,14.06,500.0,7030000.0,0.0,0.0,14.1,14.1,14.0,500.0
2021-04-20,14.1,14.1,0.7143,14.09,800.0,11270000.0,0.0,0.0,14.1,14.1,14.0,800.0
2021-04-22,13.5,13.5,-4.2553,13.4,300.0,4020000.0,0.0,0.0,13.5,13.5,13.2,300.0
2021-04-23,13.85,13.85,2.5926,13.51,6000.0,81040000.0,0.0,0.0,13.95,13.95,12.8,6000.0
2021-04-26,13.8,13.8,-0.361,13.04,900.0,11740000.0,0.0,0.0,12.95,13.8,12.9,900.0
2021-04-27,13.8,13.8,0.0,13.4,1400.0,18760000.0,0.0,0.0,12.95,14.1,12.95,1400.0
2021-04-28,13.55,13.55,-1.8116,13.37,300.0,4010000.0,0.0,0.0,13.0,13.55,13.0,300.0
2021-04-29,13.25,13.25,-2.214,12.85,1300.0,16705000.0,0.0,0.0,12.8,13.25,12.8,1300.0
2021-05-04,13.7,13.7,3.3962,13.57,900.0,12215000.0,0.0,0.0,13.0,13.7,13.0,900.0
2021-05-05,13.5,13.5,-1.4599,12.9,700.0,9030000.0,0.0,0.0,12.8,13.5,12.8,700.0
2021-05-06,13.4,13.4,-0.7407,13.34,1000.0,13340000.0,0.0,0.0,12.65,13.45,12.65,1000.0
2021-05-07,13.4,13.4,0.0,13.4,100.0,1340000.0,0.0,0.0,13.4,13.4,13.4,100.0
2021-05-10,13.3,13.3,-0.7463,13.15,200.0,2630000.0,0.0,0.0,13.0,13.3,13.0,200.0
2021-05-11,13.3,13.3,0.0,12.84,2500.0,32110000.0,0.0,0.0,13.4,13.4,12.5,2500.0
2021-05-12,13.25,13.25,-0.3759,13.25,600.0,7950000.0,0.0,0.0,13.25,13.25,13.25,600.0
2021-05-13,13.15,13.15,-0.7547,12.68,300.0,3805000.0,0.0,0.0,12.45,13.15,12.45,300.0
2021-05-14,13.0,13.0,-1.1407,12.64,4500.0,56875000.0,0.0,0.0,12.55,13.0,12.35,4500.0
2021-05-17,13.1,13.1,0.7692,12.51,1100.0,13765000.0,0.0,0.0,12.25,13.1,12.25,1100.0
2021-05-18,13.1,13.1,0.0,13.1,100.0,1310000.0,0.0,0.0,13.1,13.1,13.1,100.0
2021-05-19,12.5,12.5,-4.5802,12.47,500.0,6235000.0,0.0,0.0,12.35,12.5,12.35,500.0
2021-05-20,12.35,12.35,-1.2,12.45,300.0,3735000.0,0.0,0.0,12.5,12.5,12.35,300.0
2021-05-21,13.1,13.1,6.0729,13.1,100.0,1310000.0,0.0,0.0,13.1,13.1,13.1,100.0
2021-05-24,12.25,12.25,-6.4885,12.3,1500.0,18445000.0,0.0,0.0,12.95,12.95,12.25,1500.0
2021-05-25,11.9,11.9,-2.8571,12.25,2000.0,24490000.0,0.0,0.0,12.9,12.9,11.9,2000.0
2021-05-26,12.65,12.65,6.3025,12.01,2900.0,34825000.0,0.0,0.0,12.0,12.65,11.9,2900.0
2021-05-27,12.85,12.85,1.581,11.93,1300.0,15505000.0,0.0,0.0,11.85,12.85,11.8,1300.0
2021-05-28,12.85,12.85,0.0,0.0,0.0,0.0,0.0,0.0,12.85,12.85,12.85,0.0
2021-05-31,12.0,12.0,-6.6148,12.08,2100.0,25375000.0,0.0,0.0,13.65,13.65,12.0,2100.0
2021-06-01,12.4,12.4,3.3333,12.4,100.0,1240000.0,0.0,0.0,12.4,12.4,12.4,100.0
2021-06-02,12.0,12.0,-3.2258,11.87,1000.0,11870000.0,0.0,0.0,11.75,12.5,11.75,1000.0
2021-06-03,12.2,12.2,1.6667,12.23,2000.0,24460000.0,0.0,0.0,12.45,12.45,11.25,2000.0
2021-06-04,12.25,12.25,0.0,11.53,1100.0,12685000.0,0.0,0.0,11.35,12.25,11.35,1100.0
2021-06-07,12.4,12.4,1.2245,12.18,700.0,8525000.0,0.0,0.0,12.0,12.45,12.0,700.0
2021-06-08,11.9,11.9,-4.0323,11.79,700.0,8255000.0,0.0,0.0,11.9,11.9,11.7,700.0
2021-06-09,12.0,12.0,0.8403,12.05,300.0,3615000.0,0.0,0.0,12.15,12.15,12.0,300.0
2021-06-10,12.05,12.05,0.4167,11.92,1300.0,15495000.0,0.0,0.0,12.0,12.3,11.2,1300.0
2021-06-11,11.45,11.45,-4.9793,11.65,1000.0,11650000.0,0.0,0.0,12.05,12.05,11.35,1000.0
2021-06-14,11.95,11.95,4.3668,11.56,6900.0,79790000.0,0.0,0.0,11.5,11.95,11.5,6900.0
2021-06-15,11.95,11.95,0.0,11.95,300.0,3585000.0,0.0,0.0,11.95,11.95,11.95,300.0
2021-06-16,11.8,11.8,-1.2552,11.7,2200.0,25750000.0,0.0,0.0,11.5,11.8,11.5,2200.0
2021-06-17,11.6,11.6,-1.6949,11.16,7500.0,83715000.0,0.0,0.0,11.05,11.6,11.05,7500.0
2021-06-18,11.8,11.8,1.7241,11.63,1400.0,16285000.0,0.0,0.0,11.95,11.95,11.45,1400.0
2021-06-21,12.0,12.0,1.6949,11.84,900.0,10660000.0,0.0,0.0,11.5,12.0,11.5,900.0
2021-06-22,11.6,11.6,-3.3333,11.41,1200.0,13695000.0,0.0,0.0,11.25,11.6,11.25,1200.0
2021-06-23,12.0,12.0,3.4483,11.82,3700.0,43750000.0,0.0,0.0,11.9,12.0,11.7,3700.0
2021-06-24,12.0,12.0,0.0,0.0,0.0,0.0,0.0,0.0,12.0,12.0,12.0,0.0
2021-06-25,12.0,12.0,0.0,0.0,0.0,0.0,0.0,0.0,12.0,12.0,12.0,0.0
2021-06-28,11.9,11.9,-0.8333,11.9,300.0,3570000.0,0.0,0.0,11.9,11.9,11.9,300.0
2021-06-29,11.9,11.9,0.0,0.0,0.0,0.0,0.0,0.0,11.9,11.9,11.9,0.0
2021-06-30,11.65,11.65,-2.1008,11.18,3700.0,41370000.0,0.0,0.0,11.2,11.65,11.1,3700.0
2021-07-01,11.65,11.65,0.0,11.64,400.0,4655000.0,0.0,0.0,11.65,11.65,11.6,400.0
2021-07-02,11.8,11.8,1.2876,11.66,2200.0,25655000.0,0.0,0.0,11.45,11.8,11.45,2200.0
2021-07-05,11.05,11.05,-6.3559,10.909,1100.0,12000000.0,0.0,0.0,11.75,11.75,11.05,1100.0
2021-07-06,11.45,11.45,3.6199,11.39,1400.0,15950000.0,0.0,0.0,11.45,11.45,11.05,1400.0
2021-07-07,11.45,11.45,0.0,11.15,400.0,4460000.0,0.0,0.0,11.05,11.45,11.05,400.0
2021-07-08,10.7,10.7,-6.5502,10.71,1000.0,10710000.0,0.0,0.0,10.7,10.8,10.7,1000.0
2021-07-09,10.75,10.75,0.4673,11.11,1100.0,12225000.0,0.0,0.0,11.25,11.25,10.75,1100.0
2021-07-12,10.9,10.9,1.3953,10.23,3100.0,31725000.0,0.0,0.0,10.5,10.9,10.0,3100.0
2021-07-13,10.9,10.9,0.0,0.0,0.0,0.0,0.0,0.0,10.9,10.9,10.9,0.0
2021-07-14,10.85,10.85,-0.4587,10.4,300.0,3120000.0,0.0,0.0,10.15,10.85,10.15,300.0
2021-07-15,10.8,10.8,-0.4608,10.75,1200.0,12905000.0,0.0,0.0,10.75,10.8,10.75,1200.0
2021-07-16,11.25,11.25,4.1667,11.2,1100.0,12325000.0,0.0,0.0,10.75,11.25,10.75,1100.0
2021-07-19,10.5,10.5,-6.6667,10.5,100.0,1050000.0,0.0,0.0,10.5,10.5,10.5,100.0
2021-07-20,10.45,10.45,-0.4762,10.45,100.0,1045000.0,0.0,0.0,10.45,10.45,10.45,100.0
2021-07-21,10.4,10.4,-0.4785,10.4,100.0,1040000.0,0.0,0.0,10.4,10.4,10.4,100.0
2021-07-22,11.0,11.0,5.7692,10.05,800.0,8037000.0,0.0,0.0,9.68,11.0,9.68,800.0
2021-07-23,11.15,11.15,1.3636,10.7,900.0,9630000.0,0.0,0.0,10.5,11.15,10.5,900.0
2021-07-26,11.0,11.0,-1.3453,10.414,4400.0,45820000.0,0.0,0.0,10.4,11.0,10.4,4400.0
2021-07-27,10.3,10.3,-6.3636,10.633,300.0,3190000.0,0.0,0.0,11.3,11.3,10.3,300.0
2021-07-28,10.85,10.85,5.3398,10.0,600.0,6000000.0,0.0,0.0,10.3,10.9,10.3,600.0
2021-07-29,10.85,10.85,0.0,0.0,0.0,0.0,0.0,0.0,10.85,10.85,10.85,0.0
2021-07-30,10.25,10.25,-5.53,10.37,900.0,9335000.0,0.0,0.0,11.35,11.35,10.25,900.0
2021-08-02,10.3,10.3,0.4878,10.24,1200.0,12290000.0,0.0,0.0,10.3,10.3,10.2,1200.0
2021-08-03,10.6,10.6,2.9126,10.56,2200.0,23240000.0,0.0,0.0,9.6,10.8,9.6,2200.0
2021-08-04,10.7,10.7,0.9434,10.69,400.0,4275000.0,0.0,0.0,10.7,10.7,10.65,400.0
2021-08-05,10.6,10.6,-0.9346,10.61,2100.0,22290000.0,0.0,0.0,10.9,10.9,10.6,2100.0
2021-08-06,10.5,10.5,-0.9434,10.476,2100.0,22000000.0,0.0,0.0,10.6,10.6,10.5,2100.0
2021-08-09,10.5,10.5,0.0,10.46,1800.0,18830000.0,0.0,0.0,10.4,10.5,10.4,1800.0
2021-08-10,11.2,11.2,6.6667,11.17,3700.0,41335000.0,0.0,0.0,10.5,11.2,10.5,3700.0
2021-08-11,11.5,11.5,2.6786,11.41,1400.0,15975000.0,0.0,0.0,11.75,11.8,11.0,1400.0
2021-08-12,11.5,11.5,0.0,0.0,0.0,0.0,0.0,0.0,11.5,11.5,11.5,0.0
2021-08-13,11.5,11.5,0.0,11.17,300.0,3350000.0,0.0,0.0,11.0,11.5,11.0,300.0
2021-08-16,11.5,11.5,0.0,0.0,0.0,0.0,0.0,0.0,11.5,11.5,11.5,0.0
2021-08-17,11.5,11.5,0.0,11.5,1200.0,13800000.0,0.0,0.0,11.5,11.5,11.5,1200.0
2021-08-18,10.8,10.8,-6.087,11.47,1800.0,20640000.0,0.0,0.0,10.7,11.6,10.7,1800.0
2021-08-19,10.25,10.25,-5.0926,10.9,200.0,2180000.0,0.0,0.0,11.55,11.55,10.25,200.0
2021-08-20,10.95,10.95,6.8293,10.73,900.0,9660000.0,0.0,0.0,10.3,10.95,10.3,900.0
2021-08-23,11.7,11.7,6.8493,11.7,3100.0,36270000.0,0.0,0.0,11.7,11.7,11.7,3100.0
2021-08-24,12.5,12.5,6.8376,12.5,8300.0,103750000.0,0.0,0.0,12.5,12.5,12.5,8300.0
2021-08-25,13.35,13.35,6.8,13.35,3400.0,45390000.0,0.0,0.0,13.35,13.35,13.35,3400.0
2021-08-26,14.25,14.25,6.7416,14.25,2500.0,35625000.0,0.0,0.0,14.25,14.25,14.25,2500.0
2021-08-27,15.2,15.2,6.6667,15.2,7000.0,106400000.0,0.0,0.0,15.2,15.2,15.2,7000.0
2021-08-30,16.25,16.25,6.9079,16.25,4600.0,74750000.0,0.0,0.0,16.25,16.25,16.25,4600.0
2021-08-31,15.2,15.2,-6.4615,16.7,16800.0,280500000.0,0.0,0.0,17.35,17.35,15.15,16800.0
2021-09-01,14.15,14.15,-6.9079,14.3,11100.0,158740000.0,0.0,0.0,14.95,14.95,14.15,11100.0
2021-09-06,13.4,13.4,-5.3004,13.25,5400.0,71565000.0,0.0,0.0,13.4,13.4,13.2,5400.0
2021-09-07,14.0,14.0,4.4776,12.76,9800.0,125045000.0,0.0,0.0,13.5,14.0,12.5,9800.0
2021-09-08,14.3,14.3,2.1429,14.58,2200.0,32070000.0,0.0,0.0,14.85,14.85,14.0,2200.0
2021-09-09,13.9,13.9,-2.7972,13.86,1400.0,19410000.0,0.0,0.0,13.8,14.6,13.8,1400.0
2021-09-10,13.0,13.0,-6.4748,13.53,6600.0,89320000.0,0.0,0.0,13.9,13.9,13.0,6600.0
2021-09-13,13.5,13.5,3.8462,13.22,900.0,11900000.0,0.0,0.0,13.0,13.5,13.0,900.0
2021-09-14,14.2,14.2,5.1852,13.84,2400.0,33220000.0,0.0,0.0,13.7,14.2,13.7,2400.0
2021-09-15,14.0,14.0,-1.4085,13.91,6300.0,87650000.0,0.0,0.0,14.0,14.0,13.5,6300.0
2021-09-16,13.05,13.05,-6.7857,14.27,2400.0,34245000.0,0.0,0.0,14.4,14.5,13.05,2400.0
2021-09-17,13.95,13.95,6.8966,13.78,3200.0,44100000.0,0.0,0.0,13.5,13.95,13.5,3200.0
