2018-07-18,9.72,15.0,0.0,14.913,138400.0,2063890000.0,0.0,0.0,15.0,15.5,14.4,138400.0
2018-07-19,9.332,14.4,-4.0,14.576,23300.0,339630000.0,0.0,0.0,14.9,14.9,14.4,23300.0
2018-07-20,9.332,14.4,0.0,13.837,47500.0,657250000.0,0.0,0.0,14.4,14.4,13.6,47500.0
2018-07-23,8.813,13.6,-5.5556,13.704,65600.0,898980000.0,0.0,0.0,14.3,14.3,13.3,65600.0
2018-07-24,8.425,13.0,-4.4118,13.208,25100.0,331520000.0,0.0,0.0,13.8,13.8,13.0,25100.0
2018-07-25,8.425,13.0,0.0,12.934,70000.0,905590000.0,0.0,0.0,13.0,13.0,12.8,70000.0
2018-07-26,8.684,13.4,3.0769,13.145,48300.0,634890000.0,0.0,0.0,13.2,13.4,13.0,48300.0
2018-07-27,8.813,13.6,1.4925,13.6,21100.0,286970000.0,0.0,0.0,13.5,13.8,13.5,21100.0
2018-07-30,8.879,13.7,0.7353,13.617,18100.0,246470000.0,0.0,0.0,13.8,13.8,13.5,18100.0
2018-07-31,8.943,13.8,0.7299,13.677,29100.0,398010000.0,0.0,0.0,13.9,13.9,13.6,29100.0
2018-08-01,8.749,13.5,-2.1739,13.605,45882.0,624115000.0,0.0,0.0,13.8,13.9,13.5,45882.0
2018-08-02,8.749,13.5,0.0,13.521,7800.0,105460000.0,0.0,0.0,13.6,13.6,13.4,7800.0
2018-08-03,8.749,13.5,0.0,13.422,18100.0,242940000.0,0.0,0.0,13.6,13.6,13.3,18100.0
2018-08-06,8.619,13.3,0.0,13.158,26400.0,347410000.0,15000.0,183000000.0,13.4,13.4,13.0,41400.0
2018-08-07,8.425,13.0,0.0,13.077,12682.0,165833800.0,0.0,0.0,13.3,13.3,13.0,12682.0
2018-08-08,8.425,13.0,0.0,12.874,22700.0,292230000.0,15000.0,181000000.0,13.0,13.0,12.7,37700.0
2018-08-09,8.489,13.1,0.7692,13.032,31800.0,414430000.0,0.0,0.0,13.0,13.2,13.0,31800.0
2018-08-10,8.554,13.2,0.7634,12.89,54600.0,703770000.0,0.0,0.0,13.1,13.2,12.6,54600.0
2018-08-13,8.554,13.2,0.0,13.076,37600.0,491640000.0,0.0,0.0,13.1,13.3,13.0,37600.0
2018-08-14,8.554,13.2,0.0,13.151,18600.0,244610000.0,0.0,0.0,13.2,13.3,13.0,18600.0
2018-08-15,8.554,12.0,0.0,12.025,9200.0,110630000.0,0.0,0.0,12.0,12.2,12.0,9200.0
2018-08-16,8.554,12.0,0.0,11.996,89600.0,1074820000.0,0.0,0.0,11.9,12.2,11.9,89600.0
2018-08-17,8.697,12.2,1.6667,12.137,100200.0,1216080000.0,0.0,0.0,12.0,12.3,12.0,100200.0
2018-08-20,8.554,12.0,-1.6393,11.883,116000.0,1378440000.0,0.0,0.0,12.1,12.2,11.6,116000.0
2018-08-21,8.34,11.7,-2.5,11.697,77000.0,900680000.0,0.0,0.0,11.8,11.9,11.5,77000.0
2018-08-22,8.34,11.7,0.0,11.591,95100.0,1102320000.0,0.0,0.0,11.7,12.0,11.2,95100.0
2018-08-23,8.127,11.4,-2.5641,11.451,76200.0,872560000.0,0.0,0.0,11.6,11.9,11.2,76200.0
2018-08-24,7.984,11.2,-1.7544,11.295,25400.0,286900000.0,0.0,0.0,11.3,11.4,11.2,25400.0
2018-08-27,7.984,11.2,0.0,11.267,41400.0,466440000.0,0.0,0.0,11.2,11.4,11.2,41400.0
2018-08-28,8.055,11.3,0.8929,11.206,49500.0,554700000.0,0.0,0.0,11.2,11.3,11.1,49500.0
2018-08-29,7.984,11.2,-0.885,11.186,31500.0,352350000.0,0.0,0.0,11.2,11.3,11.1,31500.0
2018-08-30,7.984,11.2,0.0,11.161,25100.0,280160000.0,0.0,0.0,11.2,11.2,11.1,25100.0
2018-08-31,8.055,11.3,0.8929,11.264,51400.0,578950000.0,0.0,0.0,11.1,11.4,11.1,51400.0
2018-09-04,8.055,11.3,0.0,11.31,72700.0,822210000.0,0.0,0.0,11.2,11.5,11.2,72700.0
2018-09-05,8.127,11.4,0.885,11.505,78600.0,904260000.0,0.0,0.0,11.2,11.8,11.2,78600.0
2018-09-06,8.055,11.3,-0.8772,11.469,58200.0,667480000.0,0.0,0.0,11.4,11.7,11.2,58200.0
2018-09-07,8.483,11.9,5.3097,11.634,123900.0,1441480000.0,0.0,0.0,11.3,11.9,11.3,123900.0
2018-09-10,8.411,11.8,-0.8403,11.823,47100.0,556840000.0,0.0,0.0,11.9,12.1,11.7,47100.0
2018-09-11,8.411,11.8,0.0,11.753,60800.0,714590000.0,0.0,0.0,11.8,12.0,11.5,60800.0
2018-09-12,8.34,11.7,-0.8475,11.669,46900.0,547290000.0,0.0,0.0,11.8,11.8,11.6,46900.0
2018-09-13,8.34,11.7,0.0,11.704,42600.0,498590000.0,0.0,0.0,11.7,11.9,11.5,42600.0
2018-09-14,8.198,11.5,-1.7094,11.667,60300.0,703520000.0,0.0,0.0,11.6,11.8,11.5,60300.0
2018-09-17,8.198,11.5,0.0,11.593,73000.0,846320000.0,0.0,0.0,11.6,11.7,11.5,73000.0
2018-09-18,8.697,12.2,6.087,11.775,145800.0,1716800000.0,0.0,0.0,11.5,12.4,11.4,145800.0
2018-09-19,8.697,12.2,0.0,12.063,102500.0,1236420000.0,0.0,0.0,12.2,12.2,12.0,102500.0
2018-09-20,9.267,13.0,6.5574,12.234,139600.0,1707890000.0,0.0,0.0,12.1,13.4,11.9,139600.0
2018-09-21,8.982,12.6,-3.0769,12.489,71300.0,890440000.0,0.0,0.0,12.9,13.0,12.3,71300.0
2018-09-24,8.839,12.4,-1.5873,12.155,93700.0,1138940000.0,0.0,0.0,12.0,12.6,12.0,93700.0
2018-09-25,9.125,12.8,3.2258,12.233,177000.0,2165200000.0,0.0,0.0,12.3,12.8,12.0,177000.0
2018-09-26,9.053,12.7,-0.7813,12.319,130600.0,1608890000.0,0.0,0.0,12.7,12.9,12.2,130600.0
2018-09-27,8.911,12.5,-1.5748,12.447,58800.0,731870000.0,0.0,0.0,12.6,12.7,12.3,58800.0
2018-09-28,8.911,12.5,0.0,12.373,101400.0,1254580000.0,0.0,0.0,12.4,12.6,12.2,101400.0
2018-10-01,8.768,12.3,-1.6,12.341,62500.0,771330000.0,0.0,0.0,12.4,12.6,12.2,62500.0
2018-10-02,8.697,12.2,-0.813,12.19,79600.0,970350000.0,0.0,0.0,12.3,12.3,12.1,79600.0
2018-10-03,8.554,12.0,-1.6393,12.038,51100.0,615120000.0,0.0,0.0,12.1,12.2,11.9,51100.0
2018-10-04,8.839,12.4,3.3333,12.189,101900.0,1242010000.0,0.0,0.0,12.3,12.4,11.9,101900.0
2018-10-05,8.554,12.0,-3.2258,12.227,78900.0,964690000.0,0.0,0.0,12.2,12.5,12.0,78900.0
2018-10-08,8.483,11.9,-0.8333,11.931,78000.0,930580000.0,0.0,0.0,12.0,12.1,11.8,78000.0
2018-10-09,8.626,12.1,1.6807,11.957,65400.0,781970000.0,0.0,0.0,12.0,12.1,11.8,65400.0
2018-10-10,8.626,12.1,0.0,12.011,96900.0,1163830000.0,0.0,0.0,12.0,12.1,11.8,96900.0
2018-10-11,8.269,11.6,-4.1322,11.469,119100.0,1366010000.0,0.0,0.0,11.8,11.8,11.3,119100.0
2018-10-12,8.626,12.1,4.3103,11.828,110500.0,1307030000.0,0.0,0.0,11.5,12.3,11.4,110500.0
2018-10-15,8.554,12.0,-0.8264,11.924,65400.0,779860000.0,0.0,0.0,11.9,12.1,11.8,65400.0
2018-10-16,8.554,12.0,0.0,11.906,50100.0,596490000.0,0.0,0.0,11.9,12.0,11.8,50100.0
2018-10-17,8.911,12.5,4.1667,12.246,142700.0,1747540000.0,0.0,0.0,12.0,12.5,12.0,142700.0
2018-10-18,8.911,12.5,0.0,12.536,103800.0,1301200000.0,0.0,0.0,12.6,12.8,12.3,103800.0
2018-10-19,8.697,12.2,-2.4,12.381,70600.0,874080000.0,0.0,0.0,12.4,12.5,12.2,70600.0
2018-10-22,9.267,13.0,6.5574,12.744,266600.0,3397570000.0,0.0,0.0,12.7,13.4,12.5,266600.0
2018-10-23,9.053,12.7,-2.3077,12.865,66300.0,852930000.0,0.0,0.0,13.2,13.3,12.5,66300.0
2018-10-24,8.911,12.5,-1.5748,12.562,51900.0,651950000.0,0.0,0.0,12.6,12.7,12.4,51900.0
2018-10-25,8.911,12.5,0.0,12.286,65600.0,805960000.0,0.0,0.0,12.3,12.6,11.8,65600.0
2018-10-26,8.911,12.5,0.0,12.576,83900.0,1055140000.0,0.0,0.0,12.7,12.9,12.0,83900.0
2018-10-29,8.554,12.0,-4.0,12.169,65500.0,797080000.0,0.0,0.0,12.5,12.5,12.0,65500.0
2018-10-30,8.411,11.8,-1.6667,12.149,80000.0,971920000.0,0.0,0.0,12.0,12.4,11.8,80000.0
2018-10-31,8.911,12.5,5.9322,12.187,87400.0,1065180000.0,0.0,0.0,12.2,12.5,11.9,87400.0
2018-11-01,8.697,12.2,-2.4,12.311,96700.0,1190480000.0,0.0,0.0,12.5,12.5,12.0,96700.0
2018-11-02,9.053,12.7,4.0984,12.505,187200.0,2341020000.0,0.0,0.0,12.3,12.7,12.2,187200.0
2018-11-05,9.125,12.8,0.7874,12.704,106700.0,1355490000.0,0.0,0.0,12.6,12.9,12.6,106700.0
2018-11-06,9.125,12.8,0.0,12.748,169600.0,2162050000.0,0.0,0.0,12.8,12.9,12.6,169600.0
2018-11-07,9.195,12.9,0.7813,12.774,260400.0,3326350000.0,0.0,0.0,12.7,12.9,12.6,260400.0
2018-11-08,9.695,13.6,5.4264,13.47,457400.0,6161140000.0,0.0,0.0,12.9,14.0,12.9,457400.0
2018-11-09,9.695,13.6,0.0,13.541,174200.0,2358790000.0,0.0,0.0,13.6,13.7,13.3,174200.0
2018-11-12,9.695,13.6,0.0,13.491,158600.0,2139700000.0,0.0,0.0,13.6,13.7,13.2,158600.0
2018-11-13,9.98,14.0,2.9412,13.821,435000.0,6012270000.0,0.0,0.0,13.4,14.2,12.9,435000.0
2018-11-14,9.837,13.8,-1.4286,14.048,330000.0,4635990000.0,0.0,0.0,14.0,14.4,13.7,330000.0
2018-11-15,9.695,13.6,-1.4493,13.729,127200.0,1746280000.0,0.0,0.0,13.8,14.0,13.6,127200.0
2018-11-16,9.766,13.7,0.7353,13.792,221600.0,3056230000.0,0.0,0.0,13.6,14.2,13.6,221600.0
2018-11-19,9.766,13.7,0.0,13.574,175100.0,2376730000.0,0.0,0.0,13.7,13.9,13.4,175100.0
2018-11-20,9.695,13.6,-0.7299,13.601,153700.0,2090460000.0,0.0,0.0,14.0,14.0,13.4,153700.0
2018-11-21,9.553,13.4,-1.4706,13.412,101300.0,1358660000.0,0.0,0.0,13.5,13.7,13.2,101300.0
2018-11-22,9.623,13.5,0.7463,13.619,204000.0,2778320000.0,0.0,0.0,13.7,13.9,13.4,204000.0
2018-11-23,9.695,13.6,0.7407,13.477,72400.0,975750000.0,0.0,0.0,13.6,13.7,13.4,72400.0
2018-11-26,9.623,13.5,-0.7353,13.493,38200.0,515430000.0,0.0,0.0,13.6,13.6,13.3,38200.0
2018-11-27,8.982,12.6,-6.6667,13.096,203200.0,2661060000.0,0.0,0.0,13.4,13.5,12.5,203200.0
2018-11-28,8.911,12.5,-0.7937,12.57,114700.0,1441780000.0,0.0,0.0,12.6,12.8,12.4,114700.0
2018-11-29,8.911,12.5,0.0,12.664,55400.0,701560000.0,0.0,0.0,12.7,13.0,12.5,55400.0
2018-11-30,8.839,12.4,-0.8,12.487,70700.0,882850000.0,0.0,0.0,12.7,12.8,12.3,70700.0
2018-12-03,8.911,12.5,0.8065,12.603,88000.0,1109020000.0,0.0,0.0,12.6,12.8,12.4,88000.0
2018-12-04,8.982,12.6,0.8,12.532,57000.0,714340000.0,0.0,0.0,12.5,12.6,12.4,57000.0
2018-12-05,9.053,12.7,0.7937,12.558,74520.0,935798000.0,0.0,0.0,12.5,12.8,12.4,74520.0
2018-12-06,8.982,12.6,-0.7874,12.756,36500.0,465590000.0,0.0,0.0,12.7,12.9,12.6,36500.0
2018-12-07,8.982,12.6,0.0,12.733,32400.0,412560000.0,0.0,0.0,12.9,13.5,12.6,32400.0
2018-12-10,8.982,12.6,0.0,12.69,59200.0,751260000.0,0.0,0.0,12.6,12.8,12.6,59200.0
2018-12-11,8.911,12.5,-0.7937,12.625,60200.0,760030000.0,0.0,0.0,12.7,12.8,12.5,60200.0
2018-12-12,8.911,12.5,0.0,12.518,63500.0,794920000.0,0.0,0.0,12.6,12.7,12.5,63500.0
2018-12-13,8.982,12.6,0.8,12.583,23700.0,298220000.0,0.0,0.0,12.6,12.6,12.5,23700.0
2018-12-14,8.982,12.6,0.0,12.609,28300.0,356840000.0,0.0,0.0,12.6,12.7,12.6,28300.0
2018-12-17,8.911,12.5,-0.7937,12.563,31700.0,398260000.0,0.0,0.0,12.6,12.7,12.5,31700.0
2018-12-18,8.626,12.1,-3.2,12.215,105000.0,1282580000.0,0.0,0.0,12.5,12.5,12.0,105000.0
2018-12-19,8.554,12.0,-0.8264,12.131,31900.0,386990000.0,0.0,0.0,12.2,12.3,12.0,31900.0
2018-12-20,8.697,12.2,1.6667,11.99,54700.0,655840000.0,0.0,0.0,11.9,12.2,11.7,54700.0
2018-12-21,8.554,12.0,-1.6393,12.136,59300.0,719660000.0,0.0,0.0,12.0,12.2,11.9,59300.0
2018-12-24,8.554,12.0,0.0,12.035,26200.0,315310000.0,0.0,0.0,12.0,12.1,12.0,26200.0
2018-12-25,8.411,11.8,-1.6667,11.814,50000.0,590720000.0,0.0,0.0,12.0,12.0,11.5,50000.0
2018-12-26,8.554,12.0,1.6949,11.869,14500.0,172100000.0,0.0,0.0,12.0,12.0,11.8,14500.0
2018-12-27,8.697,12.2,1.6667,12.169,15300.0,186180000.0,0.0,0.0,12.1,12.4,12.0,15300.0
2018-12-28,8.697,12.2,0.0,12.129,10500.0,127350000.0,0.0,0.0,12.2,12.2,12.0,10500.0
2019-01-02,8.697,12.2,0.0,12.068,27300.0,329460000.0,0.0,0.0,12.1,12.3,12.0,27300.0
2019-01-03,8.198,11.5,-5.7377,11.7,38700.0,452780000.0,0.0,0.0,12.1,12.1,11.5,38700.0
2019-01-04,8.269,11.6,0.8696,11.692,20800.0,243190000.0,0.0,0.0,12.0,12.0,11.6,20800.0
2019-01-07,8.269,11.6,0.0,11.73,17300.0,202930000.0,0.0,0.0,11.6,12.0,11.6,17300.0
2019-01-08,8.269,11.6,0.0,11.676,15200.0,177480000.0,0.0,0.0,11.6,11.9,11.5,15200.0
2019-01-09,8.411,11.8,1.7241,11.811,26400.0,311810000.0,0.0,0.0,11.7,11.9,11.7,26400.0
2019-01-10,8.483,11.9,0.8475,11.877,18000.0,213780000.0,0.0,0.0,12.0,12.0,11.8,18000.0
2019-01-11,8.554,12.0,0.8403,11.98,48100.0,576230000.0,0.0,0.0,11.9,12.1,11.9,48100.0
2019-01-14,8.768,12.3,2.5,12.161,30900.0,375780000.0,0.0,0.0,12.0,12.3,12.0,30900.0
2019-01-15,8.911,12.5,1.626,12.431,68700.0,854000000.0,0.0,0.0,12.1,12.8,12.1,68700.0
2019-01-16,8.768,12.3,-1.6,12.526,37500.0,469710000.0,0.0,0.0,12.3,12.8,12.3,37500.0
2019-01-17,8.982,12.6,2.439,12.517,41500.0,519440000.0,0.0,0.0,12.3,12.6,12.2,41500.0
2019-01-18,8.839,12.4,-1.5873,12.33,18100.0,223170000.0,0.0,0.0,12.4,12.4,12.2,18100.0
2019-01-21,8.626,12.1,-2.4194,12.037,82700.0,995500000.0,0.0,0.0,12.2,12.3,11.9,82700.0
2019-01-22,8.483,11.9,-1.6529,11.953,22800.0,272530000.0,0.0,0.0,12.1,12.1,11.9,22800.0
2019-01-23,8.411,11.8,-0.8403,11.827,27900.0,329960000.0,0.0,0.0,11.9,11.9,11.7,27900.0
2019-01-24,8.554,12.0,1.6949,11.917,43400.0,517210000.0,0.0,0.0,11.8,12.0,11.8,43400.0
2019-01-25,8.411,11.8,-1.6667,11.908,23100.0,275070000.0,0.0,0.0,12.0,12.1,11.8,23100.0
2019-01-28,8.483,11.9,0.8475,11.853,31700.0,375750000.0,0.0,0.0,11.8,12.2,11.7,31700.0
2019-01-29,8.411,11.8,-0.8403,11.68,61000.0,712460000.0,0.0,0.0,11.8,11.8,11.6,61000.0
2019-01-30,8.411,11.8,0.0,11.724,31000.0,363450000.0,0.0,0.0,11.8,11.9,11.6,31000.0
2019-01-31,8.411,11.8,0.0,11.715,14300.0,167530000.0,0.0,0.0,11.7,11.8,11.7,14300.0
2019-02-01,8.554,12.0,1.6949,11.869,59900.0,710950000.0,0.0,0.0,11.8,12.0,11.7,59900.0
2019-02-11,8.554,12.0,0.0,11.949,21200.0,253310000.0,0.0,0.0,12.0,12.1,11.8,21200.0
2019-02-12,8.554,12.0,0.0,11.944,41600.0,496890000.0,0.0,0.0,11.9,12.1,11.9,41600.0
2019-02-13,8.411,11.8,-1.6667,11.859,22000.0,260900000.0,0.0,0.0,11.9,12.0,11.8,22000.0
2019-02-14,8.483,11.9,0.8475,11.892,49000.0,582720000.0,0.0,0.0,11.8,12.0,11.8,49000.0
2019-02-15,8.34,11.7,-1.6807,11.871,30400.0,360870000.0,0.0,0.0,12.0,12.0,11.7,30400.0
2019-02-18,8.411,11.8,0.8547,11.899,13300.0,158260000.0,0.0,0.0,11.9,11.9,11.8,13300.0
2019-02-19,8.626,12.1,2.5424,12.023,74700.0,898100000.0,0.0,0.0,11.9,12.1,11.8,74700.0
2019-02-20,8.626,12.1,0.0,12.042,24100.0,290210000.0,0.0,0.0,12.0,12.1,12.0,24100.0
2019-02-21,8.554,12.0,-0.8264,12.014,13900.0,166990000.0,0.0,0.0,12.1,12.1,11.9,13900.0
2019-02-22,8.483,11.9,-0.8333,11.926,31300.0,373280000.0,0.0,0.0,12.0,12.0,11.9,31300.0
2019-02-25,8.411,11.8,-0.8403,11.836,24000.0,284070000.0,0.0,0.0,11.9,11.9,11.8,24000.0
2019-02-26,8.411,11.8,0.0,11.804,22900.0,270320000.0,0.0,0.0,11.8,11.9,11.8,22900.0
2019-02-27,8.483,11.9,0.8475,11.991,19200.0,230220000.0,0.0,0.0,11.9,12.0,11.9,19200.0
2019-02-28,8.34,11.7,-1.6807,11.827,14310.0,169238000.0,0.0,0.0,12.0,12.0,11.7,14310.0
2019-03-01,8.911,12.5,6.8376,12.0,25500.0,306010000.0,0.0,0.0,11.8,12.7,11.7,25500.0
2019-03-04,8.911,12.5,0.0,12.419,52000.0,645800000.0,0.0,0.0,12.5,13.0,12.3,52000.0
2019-03-05,8.554,12.0,-4.0,12.094,13700.0,165690000.0,0.0,0.0,12.1,12.3,12.0,13700.0
2019-03-06,8.768,12.3,2.5,12.08,2500.0,30200000.0,0.0,0.0,12.0,12.3,12.0,2500.0
2019-03-07,8.911,12.5,1.626,12.408,151700.0,1882310000.0,0.0,0.0,12.1,12.5,12.1,151700.0
2019-03-08,8.982,12.6,0.8,12.588,148300.0,1866870000.0,0.0,0.0,12.4,12.8,12.3,148300.0
2019-03-11,8.982,12.6,0.0,12.575,62000.0,779680000.0,0.0,0.0,12.6,12.8,12.4,62000.0
2019-03-12,9.053,12.7,0.7937,12.655,83300.0,1054170000.0,0.0,0.0,12.5,13.0,12.5,83300.0
2019-03-13,8.982,12.6,-0.7874,12.436,79100.0,983670000.0,0.0,0.0,12.7,12.7,12.3,79100.0
2019-03-14,8.839,12.4,-1.5873,12.394,26000.0,322240000.0,0.0,0.0,12.4,12.5,12.3,26000.0
2019-03-15,8.839,12.4,0.0,12.299,61900.0,761330000.0,0.0,0.0,12.3,12.4,12.2,61900.0
2019-03-18,8.768,12.3,-0.8065,12.32,49300.0,607360000.0,0.0,0.0,12.4,12.5,12.2,49300.0
2019-03-19,8.554,12.0,-2.439,12.064,61900.0,746760000.0,0.0,0.0,12.3,12.3,11.9,61900.0
2019-03-20,8.768,12.3,2.5,12.101,39900.0,482840000.0,0.0,0.0,12.0,12.5,11.9,39900.0
2019-03-21,8.768,12.3,0.0,12.315,16000.0,197040000.0,0.0,0.0,12.3,12.4,12.2,16000.0
2019-03-22,8.768,12.3,0.0,12.193,23600.0,287760000.0,0.0,0.0,12.3,12.4,12.0,23600.0
2019-03-25,8.483,11.9,-3.252,12.004,15900.0,190870000.0,0.0,0.0,12.1,12.1,11.9,15900.0
2019-03-26,8.626,12.1,1.6807,12.055,30000.0,361660000.0,0.0,0.0,11.9,12.1,11.9,30000.0
2019-03-27,8.697,12.2,0.8264,12.147,14400.0,174920000.0,0.0,0.0,12.0,12.2,12.0,14400.0
2019-03-28,8.697,12.2,0.0,12.106,19800.0,239700000.0,0.0,0.0,12.2,12.2,12.1,19800.0
2019-03-29,8.768,12.3,0.8197,12.176,63000.0,767090000.0,0.0,0.0,12.1,12.3,12.1,63000.0
2019-04-01,8.768,12.3,0.0,12.197,15200.0,185400000.0,0.0,0.0,12.1,12.3,12.1,15200.0
2019-04-02,8.768,12.3,0.0,12.153,25300.0,307460000.0,0.0,0.0,12.3,12.3,12.1,25300.0
2019-04-03,9.125,12.8,4.065,12.282,38600.0,474090000.0,0.0,0.0,12.2,12.8,12.1,38600.0
2019-04-04,8.839,12.4,-3.125,12.574,10300.0,129510000.0,0.0,0.0,12.7,12.7,12.3,10300.0
2019-04-05,8.911,12.5,0.8065,12.324,39700.0,489280000.0,0.0,0.0,12.3,12.5,12.3,39700.0
2019-04-08,8.839,12.4,-0.8,12.347,13300.0,164210000.0,0.0,0.0,12.3,12.4,12.3,13300.0
2019-04-09,8.839,12.4,0.0,12.359,51000.0,630320000.0,0.0,0.0,12.4,12.5,12.3,51000.0
2019-04-10,8.839,12.4,0.0,12.243,12100.0,148140000.0,0.0,0.0,12.2,12.4,12.2,12100.0
2019-04-11,8.768,12.3,-0.8065,12.309,16900.0,208030000.0,0.0,0.0,12.3,12.4,12.2,16900.0
2019-04-12,8.697,12.2,-0.813,12.296,10400.0,127880000.0,0.0,0.0,12.3,12.3,12.2,10400.0
2019-04-16,8.697,12.2,0.0,12.116,12900.0,156300000.0,0.0,0.0,12.3,12.3,12.1,12900.0
2019-04-17,8.554,12.0,-1.6393,12.122,22700.0,275160000.0,0.0,0.0,12.2,12.2,12.0,22700.0
2019-04-18,8.554,12.0,0.0,11.928,20800.0,248100000.0,0.0,0.0,12.0,12.0,11.9,20800.0
2019-04-19,8.554,12.0,0.0,11.956,4500.0,53800000.0,0.0,0.0,11.9,12.0,11.9,4500.0
2019-04-22,8.483,11.9,-0.8333,11.833,26900.0,318300000.0,0.0,0.0,12.0,12.0,11.7,26900.0
2019-04-23,8.411,11.8,-0.8403,11.789,20300.0,239310000.0,0.0,0.0,12.0,12.0,11.7,20300.0
2019-04-24,8.411,11.8,0.0,11.763,37400.0,439920000.0,0.0,0.0,11.8,11.8,11.7,37400.0
2019-04-25,8.626,12.1,2.5424,11.99,9300.0,111510000.0,0.0,0.0,12.0,12.1,11.8,9300.0
2019-04-26,8.626,12.1,0.0,12.002,34600.0,415280000.0,0.0,0.0,12.0,12.2,12.0,34600.0
2019-05-02,8.483,11.9,-1.6529,11.999,6800.0,81590000.0,0.0,0.0,12.0,12.1,11.9,6800.0
2019-05-03,8.411,11.8,-0.8403,11.841,7400.0,87620000.0,0.0,0.0,11.8,11.9,11.8,7400.0
2019-05-06,8.411,11.8,0.0,11.771,13000.0,153020000.0,0.0,0.0,11.7,11.8,11.7,13000.0
2019-05-07,8.411,11.8,0.0,11.827,8600.0,101710000.0,0.0,0.0,11.8,11.9,11.8,8600.0
2019-05-08,8.34,11.7,-0.8475,11.7,16100.0,188370000.0,0.0,0.0,11.7,11.7,11.7,16100.0
2019-05-09,8.483,11.9,1.7094,12.212,6500.0,79380000.0,0.0,0.0,12.2,12.3,11.8,6500.0
2019-05-10,8.554,12.0,0.8403,11.93,18400.0,219520000.0,0.0,0.0,11.8,12.0,11.8,18400.0
2019-05-13,8.34,11.7,-2.5,11.82,2500.0,29550000.0,0.0,0.0,12.0,12.0,11.7,2500.0
2019-05-14,8.411,11.8,0.8547,11.742,26200.0,307650000.0,0.0,0.0,11.9,11.9,11.7,26200.0
2019-05-15,8.34,11.7,-0.8475,11.774,17500.0,206040000.0,0.0,0.0,12.0,12.0,11.7,17500.0
2019-05-16,8.198,11.5,-1.7094,11.526,15500.0,178660000.0,0.0,0.0,11.8,11.8,11.1,15500.0
2019-05-17,8.198,11.5,0.0,11.504,27600.0,317520000.0,0.0,0.0,11.6,11.6,11.4,27600.0
2019-05-20,8.127,11.4,-0.8696,11.543,20700.0,238950000.0,0.0,0.0,11.6,11.7,11.3,20700.0
2019-05-21,8.198,11.5,0.8772,11.437,7300.0,83490000.0,0.0,0.0,11.4,11.5,11.4,7300.0
2019-05-22,8.198,11.5,0.0,11.537,4900.0,56530000.0,0.0,0.0,11.6,11.6,11.5,4900.0
2019-05-23,8.198,11.5,0.0,11.518,16200.0,186590000.0,0.0,0.0,11.6,11.6,11.5,16200.0
2019-05-24,8.269,11.6,0.8696,11.65,16900.0,196890000.0,0.0,0.0,11.5,11.8,11.5,16900.0
2019-05-27,8.198,11.5,-0.8621,11.583,5900.0,68340000.0,0.0,0.0,11.6,11.6,11.5,5900.0
2019-05-28,8.198,11.5,0.0,11.448,2500.0,28620000.0,0.0,0.0,11.5,11.5,11.4,2500.0
2019-05-29,8.198,11.5,0.0,11.451,4500.0,51530000.0,0.0,0.0,11.5,11.5,11.4,4500.0
2019-05-30,8.198,11.5,0.0,11.5,10100.0,116150000.0,0.0,0.0,11.5,11.5,11.5,10100.0
2019-05-31,8.198,11.5,0.0,11.41,2100.0,23960000.0,0.0,0.0,11.5,11.5,11.4,2100.0
2019-06-03,8.198,11.5,0.0,11.528,16300.0,187910000.0,0.0,0.0,11.5,11.6,11.5,16300.0
2019-06-04,8.127,11.4,-0.8696,11.495,6400.0,73570000.0,0.0,0.0,11.5,11.5,11.4,6400.0
2019-06-05,8.269,11.6,1.7544,11.533,2400.0,27680000.0,0.0,0.0,11.5,11.6,11.4,2400.0
2019-06-06,8.269,11.6,0.0,11.5,15000.0,172500000.0,0.0,0.0,11.5,11.6,11.4,15000.0
2019-06-07,8.411,11.8,1.7241,11.468,17600.0,201830000.0,0.0,0.0,11.6,11.8,11.3,17600.0
2019-06-10,8.411,11.8,0.0,11.511,900.0,10360000.0,0.0,0.0,11.4,11.8,11.4,900.0
2019-06-11,8.34,11.7,-0.8475,11.643,5100.0,59380000.0,0.0,0.0,11.8,11.8,11.5,5100.0
2019-06-12,8.269,11.6,-0.8547,11.512,20100.0,231400000.0,0.0,0.0,11.5,11.6,11.4,20100.0
2019-06-13,8.127,11.4,-1.7241,11.493,5400.0,62060000.0,0.0,0.0,11.5,11.6,11.4,5400.0
2019-06-14,8.127,11.4,0.0,11.414,7000.0,79900000.0,0.0,0.0,11.4,11.5,11.4,7000.0
2019-06-17,8.198,11.5,0.8772,11.453,12000.0,137430000.0,0.0,0.0,11.4,11.5,11.4,12000.0
2019-06-18,8.127,11.4,-0.8696,11.484,12800.0,147000000.0,0.0,0.0,11.5,11.5,11.4,12800.0
2019-06-19,8.269,11.6,1.7544,11.558,3800.0,43920000.0,0.0,0.0,11.6,11.6,11.5,3800.0
2019-06-20,8.269,11.6,0.0,11.504,8300.0,95480000.0,0.0,0.0,11.5,11.6,11.5,8300.0
2019-06-21,8.198,11.5,-0.8621,11.502,9300.0,106970000.0,0.0,0.0,11.7,11.7,11.5,9300.0
2019-06-24,8.198,11.5,0.0,11.443,7000.0,80100000.0,0.0,0.0,11.4,11.5,11.4,7000.0
2019-06-25,8.269,11.6,0.8696,11.506,4800.0,55230000.0,0.0,0.0,11.4,11.6,11.4,4800.0
2019-06-26,8.483,11.9,2.5862,11.771,12800.0,150670000.0,0.0,0.0,11.7,11.9,11.7,12800.0
2019-06-27,8.198,11.5,-3.3613,11.549,27700.0,319900000.0,0.0,0.0,12.0,12.0,11.5,27700.0
2019-06-28,8.269,11.6,0.8696,11.516,3100.0,35700000.0,0.0,0.0,11.5,11.6,11.5,3100.0
2019-07-01,8.34,11.7,0.8621,11.63,16200.0,188410000.0,0.0,0.0,11.6,11.8,11.5,16200.0
2019-07-02,8.34,11.7,0.0,11.7,1700.0,19890000.0,0.0,0.0,11.7,11.7,11.7,1700.0
2019-07-03,8.34,11.7,0.0,11.577,8800.0,101880000.0,0.0,0.0,11.7,11.7,11.4,8800.0
2019-07-04,8.198,11.5,-1.7094,11.5,13700.0,157550000.0,0.0,0.0,11.5,11.5,11.5,13700.0
2019-07-05,8.198,11.5,0.0,11.503,3100.0,35660000.0,0.0,0.0,11.6,11.6,11.5,3100.0
2019-07-08,8.198,11.5,0.0,11.523,2600.0,29960000.0,0.0,0.0,11.6,11.6,11.5,2600.0
2019-07-09,8.198,11.5,0.0,11.5,13300.0,152950000.0,0.0,0.0,11.5,11.5,11.5,13300.0
2019-07-10,8.198,11.5,0.0,11.405,21100.0,240640000.0,0.0,0.0,11.4,11.5,11.4,21100.0
2019-07-11,8.198,11.5,0.0,11.483,29600.0,339900000.0,0.0,0.0,11.4,11.5,11.4,29600.0
2019-07-12,8.198,11.5,0.0,11.5,23000.0,264510000.0,0.0,0.0,11.6,11.6,11.5,23000.0
2019-07-15,8.198,11.5,0.0,11.68,25900.0,302520000.0,0.0,0.0,11.7,11.7,11.5,25900.0
2019-07-16,8.269,11.6,0.8696,11.661,7600.0,88620000.0,0.0,0.0,11.7,11.7,11.5,7600.0
2019-07-17,8.269,11.6,0.0,11.698,12300.0,143880000.0,0.0,0.0,11.6,11.7,11.6,12300.0
2019-07-18,7.842,11.0,-5.1724,11.477,14900.0,171010000.0,0.0,0.0,11.6,11.6,11.0,14900.0
2019-07-19,8.055,11.3,2.7273,11.484,19500.0,223940000.0,0.0,0.0,11.3,11.6,11.3,19500.0
2019-07-22,8.055,11.3,0.0,11.251,35300.0,397170000.0,0.0,0.0,11.4,11.4,10.3,35300.0
2019-07-23,7.912,11.1,-1.7699,11.187,21100.0,236050000.0,0.0,0.0,11.3,11.4,11.1,21100.0
2019-07-24,8.127,11.4,2.7027,11.328,3600.0,40780000.0,0.0,0.0,11.5,11.5,11.3,3600.0
2019-07-25,8.055,11.3,-0.8772,11.363,14300.0,162490000.0,0.0,0.0,11.4,11.5,10.9,14300.0
2019-07-26,8.055,11.3,0.0,11.456,18300.0,209650000.0,0.0,0.0,11.3,11.5,10.9,18300.0
2019-07-29,8.055,11.3,0.0,11.394,8500.0,96850000.0,0.0,0.0,11.3,11.5,11.3,8500.0
2019-07-30,8.055,11.3,0.0,11.395,34500.0,393130000.0,0.0,0.0,11.5,11.5,11.3,34500.0
2019-07-31,8.055,11.3,0.0,11.487,8900.0,102230000.0,0.0,0.0,11.5,11.5,11.3,8900.0
2019-08-01,8.055,11.3,0.0,11.448,11400.0,130510000.0,0.0,0.0,11.3,11.6,11.3,11400.0
2019-08-02,8.127,11.4,0.885,11.438,5300.0,60620000.0,0.0,0.0,11.3,11.5,10.9,5300.0
2019-08-05,8.127,11.4,0.0,11.497,6300.0,72430000.0,0.0,0.0,11.5,11.5,11.4,6300.0
2019-08-06,7.984,11.2,-1.7544,11.266,18000.0,202790000.0,0.0,0.0,11.5,11.5,11.0,18000.0
2019-08-07,8.055,11.3,0.8929,11.532,35200.0,405920000.0,0.0,0.0,11.4,11.7,11.3,35200.0
2019-08-08,8.198,11.5,1.7699,11.6,11600.0,134560000.0,0.0,0.0,11.4,11.7,11.4,11600.0
2019-08-09,8.198,11.5,0.0,11.624,49600.0,576560000.0,0.0,0.0,11.7,11.7,11.5,49600.0
2019-08-12,8.198,11.5,0.0,11.632,20000.0,232630000.0,0.0,0.0,11.5,11.7,11.5,20000.0
2019-08-13,8.198,11.5,0.0,11.666,23700.0,276490000.0,0.0,0.0,11.6,11.7,11.5,23700.0
2019-08-14,8.198,11.5,0.0,11.671,21200.0,247430000.0,0.0,0.0,11.6,11.7,11.5,21200.0
2019-08-15,8.198,11.5,0.0,11.651,22500.0,262150000.0,0.0,0.0,11.7,11.8,11.4,22500.0
2019-08-16,8.269,11.6,0.8696,11.761,36100.0,424560000.0,0.0,0.0,11.7,11.8,11.6,36100.0
2019-08-19,8.269,11.6,0.0,11.618,6200.0,72030000.0,0.0,0.0,11.7,11.7,11.6,6200.0
2019-08-20,8.411,11.8,1.7241,11.784,118500.0,1396410000.0,0.0,0.0,11.6,12.0,11.6,118500.0
2019-08-21,8.411,11.8,0.0,11.997,33300.0,399500000.0,0.0,0.0,11.9,12.1,11.8,33300.0
2019-08-22,8.483,11.9,0.8475,12.067,14800.0,178590000.0,0.0,0.0,12.1,12.1,11.9,14800.0
2019-08-23,8.554,12.0,0.8403,12.065,13500.0,162880000.0,0.0,0.0,11.9,12.2,11.9,13500.0
2019-08-26,8.411,11.8,-1.6667,11.947,27300.0,326160000.0,0.0,0.0,12.0,12.0,11.8,27300.0
2019-08-27,8.269,11.6,-1.6949,11.842,36200.0,428670000.0,0.0,0.0,11.9,12.0,11.6,36200.0
2019-08-28,8.34,11.7,0.8621,11.798,9500.0,112080000.0,0.0,0.0,11.8,11.8,11.7,9500.0
2019-08-29,8.34,11.7,0.0,11.795,8100.0,95540000.0,0.0,0.0,11.8,11.8,11.7,8100.0
2019-08-30,8.411,11.8,0.8547,11.768,3100.0,36480000.0,0.0,0.0,11.7,11.8,11.7,3100.0
2019-09-03,8.411,11.8,0.0,11.924,30600.0,364880000.0,0.0,0.0,11.8,12.0,11.8,30600.0
2019-09-04,8.198,11.5,-2.5424,11.697,6000.0,70180000.0,0.0,0.0,11.8,11.8,11.5,6000.0
2019-09-05,8.198,11.5,0.0,11.532,2800.0,32290000.0,0.0,0.0,11.6,11.7,11.5,2800.0
2019-09-06,8.411,11.8,2.6087,11.928,17600.0,209940000.0,0.0,0.0,11.8,12.0,11.8,17600.0
2019-09-09,8.411,11.8,0.0,11.85,200.0,2370000.0,0.0,0.0,11.9,11.9,11.8,200.0
2019-09-10,8.411,11.8,0.0,11.8,7100.0,83780000.0,0.0,0.0,11.8,11.8,11.8,7100.0
2019-09-11,8.411,11.8,0.0,11.775,2400.0,28260000.0,0.0,0.0,11.8,11.8,11.2,2400.0
2019-09-12,8.127,11.4,-3.3898,11.743,7500.0,88070000.0,0.0,0.0,11.8,11.9,11.4,7500.0
2019-09-13,8.411,11.8,3.5088,11.905,11000.0,130960000.0,0.0,0.0,11.5,12.1,11.5,11000.0
2019-09-16,8.483,11.9,0.8475,12.042,26300.0,316710000.0,0.0,0.0,12.0,12.1,11.8,26300.0
2019-09-17,8.483,11.9,0.0,12.016,7900.0,94930000.0,0.0,0.0,12.0,12.1,11.9,7900.0
2019-09-18,8.483,11.9,0.0,11.941,13400.0,160010000.0,0.0,0.0,12.0,12.0,11.9,13400.0
2019-09-19,8.483,11.9,0.0,11.924,35600.0,424510000.0,0.0,0.0,11.9,12.1,11.8,35600.0
2019-09-20,8.483,11.9,0.0,12.076,5400.0,65210000.0,0.0,0.0,11.9,12.1,11.9,5400.0
2019-09-23,8.483,11.9,0.0,11.977,9100.0,108990000.0,0.0,0.0,11.9,12.0,11.9,9100.0
2019-09-24,8.483,11.9,0.0,11.9,10600.0,126140000.0,0.0,0.0,11.9,11.9,11.9,10600.0
2019-09-25,8.483,11.9,0.0,11.948,15000.0,179220000.0,0.0,0.0,11.9,12.1,11.9,15000.0
2019-09-26,8.554,12.0,0.8403,12.075,16100.0,194410000.0,0.0,0.0,12.0,12.2,12.0,16100.0
2019-09-27,8.554,12.0,0.0,12.088,9500.0,114840000.0,0.0,0.0,12.1,12.1,12.0,9500.0
2019-09-30,8.626,12.1,0.8333,12.146,12700.0,154260000.0,0.0,0.0,12.0,12.3,12.0,12700.0
2019-10-01,8.697,12.2,0.8264,12.245,23500.0,287750000.0,0.0,0.0,12.2,12.3,12.2,23500.0
2019-10-02,8.839,12.4,1.6393,12.31,23900.0,294200000.0,0.0,0.0,12.2,12.4,12.2,23900.0
2019-10-03,8.554,12.0,-3.2258,12.229,10600.0,129630000.0,0.0,0.0,12.3,12.4,12.0,10600.0
2019-10-04,8.768,12.3,2.5,12.384,6200.0,76780000.0,0.0,0.0,12.3,12.4,12.3,6200.0
2019-10-07,9.195,12.9,4.878,12.919,14900.0,192500000.0,0.0,0.0,12.4,13.5,12.4,14900.0
2019-10-08,8.911,12.5,-3.1008,12.575,21100.0,265340000.0,0.0,0.0,12.8,12.8,12.4,21100.0
2019-10-09,9.053,12.7,1.6,12.632,37400.0,472430000.0,0.0,0.0,12.5,12.8,12.5,37400.0
2019-10-10,9.053,12.7,0.0,12.677,8100.0,102680000.0,0.0,0.0,12.7,12.8,12.6,8100.0
2019-10-11,9.053,12.7,0.0,12.598,10300.0,129760000.0,0.0,0.0,12.7,12.7,12.5,10300.0
2019-10-14,8.982,12.6,-0.7874,12.605,9900.0,124790000.0,0.0,0.0,12.6,12.7,12.5,9900.0
2019-10-15,8.839,12.4,-1.5873,12.47,13500.0,168350000.0,0.0,0.0,12.6,12.6,12.3,13500.0
2019-10-16,9.053,12.7,2.4194,12.661,63100.0,798920000.0,0.0,0.0,12.4,12.8,12.4,63100.0
2019-10-17,9.053,12.7,0.0,12.585,45700.0,575150000.0,0.0,0.0,12.8,12.9,12.5,45700.0
2019-10-18,9.053,12.7,0.0,12.624,4200.0,53020000.0,0.0,0.0,12.6,12.7,12.6,4200.0
2019-10-21,8.911,12.5,-1.5748,12.52,21200.0,265430000.0,0.0,0.0,12.6,12.6,12.5,21200.0
2019-10-22,8.982,12.6,0.8,12.505,26700.0,333890000.0,0.0,0.0,12.5,12.6,12.4,26700.0
2019-10-23,8.982,12.6,0.0,12.529,9100.0,114010000.0,0.0,0.0,12.6,12.6,12.5,9100.0
2019-10-24,8.911,12.5,-0.7937,12.507,22700.0,283910000.0,0.0,0.0,12.6,12.6,12.4,22700.0
2019-10-25,8.982,12.6,0.8,12.527,4500.0,56370000.0,0.0,0.0,12.6,12.6,12.5,4500.0
2019-10-28,8.982,12.6,0.0,12.506,3200.0,40020000.0,0.0,0.0,12.6,12.6,12.5,3200.0
2019-10-29,8.982,12.6,0.0,12.543,5100.0,63970000.0,0.0,0.0,12.5,12.6,12.5,5100.0
2019-10-30,8.911,12.5,-0.7937,12.506,17900.0,223850000.0,0.0,0.0,12.6,12.6,12.5,17900.0
2019-10-31,8.839,12.4,-0.8,12.354,23200.0,286610000.0,0.0,0.0,12.5,12.5,12.3,23200.0
2019-11-01,8.911,12.5,0.8065,12.363,11000.0,135990000.0,0.0,0.0,12.3,12.5,12.3,11000.0
2019-11-04,8.768,12.3,-1.6,12.346,12600.0,155560000.0,0.0,0.0,12.4,12.4,12.3,12600.0
2019-11-05,8.768,12.3,0.0,12.348,11900.0,146940000.0,0.0,0.0,12.3,12.4,12.3,11900.0
2019-11-06,8.626,12.1,-1.626,12.241,17900.0,219120000.0,0.0,0.0,12.4,12.4,12.1,17900.0
2019-11-07,8.697,12.2,0.8264,12.116,17100.0,207190000.0,0.0,0.0,11.8,12.2,10.9,17100.0
2019-11-08,8.697,12.2,0.0,12.105,14000.0,169470000.0,0.0,0.0,12.1,12.2,12.1,14000.0
2019-11-11,8.411,11.8,-3.2787,11.967,46400.0,555260000.0,0.0,0.0,12.2,12.2,11.8,46400.0
2019-11-12,8.554,12.0,1.6949,12.059,52500.0,633100000.0,0.0,0.0,12.0,12.1,12.0,52500.0
2019-11-13,8.554,10.3,0.0,10.685,6600.0,70520000.0,0.0,0.0,10.4,10.8,10.3,6600.0
2019-11-14,8.554,10.3,0.0,10.302,10400.0,107140000.0,0.0,0.0,10.4,10.4,10.3,10400.0
2019-11-15,8.637,10.4,0.9709,10.399,26700.0,277640000.0,0.0,0.0,10.3,10.5,10.3,26700.0
2019-11-18,8.471,10.2,-1.9231,10.393,5900.0,61320000.0,0.0,0.0,10.4,10.4,10.2,5900.0
2019-11-19,8.637,10.4,1.9608,10.4,100.0,1040000.0,0.0,0.0,10.4,10.4,10.4,100.0
2019-11-20,8.969,10.8,3.8462,10.763,15800.0,170050000.0,0.0,0.0,10.5,11.0,10.5,15800.0
2019-11-21,8.969,10.8,0.0,10.775,22100.0,238130000.0,0.0,0.0,10.8,10.9,10.7,22100.0
2019-11-22,8.886,10.7,-0.9259,10.701,7800.0,83470000.0,0.0,0.0,10.8,10.8,10.7,7800.0
2019-11-25,8.886,10.7,0.0,10.605,3700.0,39240000.0,0.0,0.0,10.6,10.7,10.6,3700.0
2019-11-26,8.969,10.8,0.9346,10.761,120500.0,1296680000.0,0.0,0.0,10.6,10.9,10.6,120500.0
2019-11-27,9.053,10.9,0.9259,10.907,96200.0,1049300000.0,0.0,0.0,10.8,11.1,10.8,96200.0
2019-11-28,9.8,11.8,8.2569,11.391,280400.0,3194020000.0,0.0,0.0,10.9,11.8,10.9,280400.0
2019-11-29,10.049,12.1,2.5424,11.983,152210.0,1823910000.0,0.0,0.0,11.7,12.4,11.7,152210.0
2019-12-02,9.634,11.6,-4.1322,11.734,60220.0,706654000.0,0.0,0.0,12.0,12.0,11.6,60220.0
2019-12-03,9.8,11.8,1.7241,11.727,143900.0,1687540000.0,0.0,0.0,11.5,12.0,11.4,143900.0
2019-12-04,9.717,11.7,-0.8475,11.528,60900.0,702080000.0,0.0,0.0,11.8,11.8,11.4,60900.0
2019-12-05,9.468,11.4,-2.5641,11.38,54630.0,621707000.0,0.0,0.0,11.5,11.6,11.3,54630.0
2019-12-06,9.385,11.3,-0.8772,11.255,47800.0,538000000.0,0.0,0.0,11.3,11.4,11.1,47800.0
2019-12-09,10.132,12.2,7.9646,11.725,399050.0,4678710000.0,0.0,0.0,11.2,12.2,11.2,399050.0
2019-12-10,9.966,12.0,-1.6393,12.141,154100.0,1870870000.0,0.0,0.0,12.3,12.6,11.8,154100.0
2019-12-11,9.883,11.9,-0.8333,11.762,121000.0,1423220000.0,0.0,0.0,12.0,12.2,11.6,121000.0
2019-12-12,9.717,11.7,-1.6807,11.617,130200.0,1512530000.0,0.0,0.0,11.8,11.8,11.5,130200.0
2019-12-13,9.634,11.6,-0.8547,11.585,196300.0,2274080000.0,0.0,0.0,11.6,12.0,11.4,196300.0
2019-12-16,9.053,10.9,-6.0345,11.098,239650.0,2659615000.0,0.0,0.0,11.5,11.8,10.8,239650.0
2019-12-17,9.302,11.2,2.7523,10.957,138500.0,1517590000.0,0.0,0.0,10.9,11.2,10.7,138500.0
2019-12-18,9.219,11.1,-0.8929,10.997,189100.0,2079460000.0,150000.0,1650000000.0,11.0,11.2,10.8,339100.0
2019-12-19,9.302,11.2,0.9009,11.078,74000.0,819750000.0,0.0,0.0,11.0,11.2,10.8,74000.0
2019-12-20,9.053,10.9,-2.6786,11.147,36800.0,410220000.0,0.0,0.0,11.2,11.8,10.9,36800.0
2019-12-23,9.053,10.9,0.0,10.893,53400.0,581700000.0,0.0,0.0,10.9,11.2,10.8,53400.0
2019-12-24,9.053,10.9,0.0,10.839,32800.0,355510000.0,0.0,0.0,10.9,11.2,10.7,32800.0
2019-12-25,9.136,11.0,0.9174,10.927,69800.0,762690000.0,0.0,0.0,10.9,11.2,10.8,69800.0
2019-12-26,8.969,10.8,-1.8182,10.815,19400.0,209820000.0,0.0,0.0,10.9,11.0,10.7,19400.0
2019-12-27,9.136,11.0,1.8519,10.912,47900.0,522670000.0,0.0,0.0,10.5,11.1,10.5,47900.0
2019-12-30,8.969,10.8,-1.8182,10.717,9200.0,98600000.0,0.0,0.0,11.0,11.0,10.7,9200.0
2019-12-31,8.388,10.1,-6.4815,10.187,12600.0,128360000.0,0.0,0.0,10.7,10.7,10.1,12600.0
2020-01-02,9.219,11.1,9.901,10.756,210000.0,2258770000.0,0.0,0.0,10.3,11.1,10.3,210000.0
2020-01-03,9.219,11.1,0.0,11.174,77300.0,863750000.0,0.0,0.0,11.5,11.5,11.0,77300.0
2020-01-06,9.385,11.3,1.8018,11.162,89600.0,1000110000.0,0.0,0.0,11.1,11.5,11.0,89600.0
2020-01-07,9.717,11.7,3.5398,11.427,78800.0,900430000.0,0.0,0.0,11.2,11.8,11.1,78800.0
2020-01-08,9.551,11.5,-1.7094,11.318,157300.0,1780290000.0,0.0,0.0,11.6,11.7,11.1,157300.0
2020-01-09,9.717,11.7,1.7391,11.593,121600.0,1409650000.0,0.0,0.0,11.5,11.8,11.4,121600.0
2020-01-10,9.717,11.7,0.0,11.601,124900.0,1448980000.0,0.0,0.0,11.6,11.8,11.4,124900.0
2020-01-13,9.717,11.7,0.0,11.639,39200.0,456240000.0,0.0,0.0,11.7,11.8,11.6,39200.0
2020-01-14,9.8,11.8,0.8547,11.671,56800.0,662920000.0,0.0,0.0,11.6,11.8,11.6,56800.0
2020-01-15,9.8,11.8,0.0,11.712,78100.0,914730000.0,0.0,0.0,11.7,11.9,11.6,78100.0
2020-01-16,9.8,11.8,0.0,11.76,114100.0,1341800000.0,0.0,0.0,11.7,11.9,11.6,114100.0
2020-01-17,9.966,12.0,1.6949,11.991,126300.0,1514460000.0,0.0,0.0,11.8,12.2,11.8,126300.0
2020-01-20,9.883,11.9,-0.8333,11.852,27600.0,327120000.0,0.0,0.0,11.9,11.9,11.8,27600.0
2020-01-21,9.966,12.0,0.8403,11.892,41500.0,493510000.0,0.0,0.0,11.9,12.0,11.8,41500.0
2020-01-22,10.547,12.7,5.8333,12.239,196800.0,2408710000.0,0.0,0.0,11.9,12.8,11.9,196800.0
2020-01-30,10.464,12.6,-0.7874,12.481,32800.0,409370000.0,0.0,0.0,12.5,12.7,12.4,32800.0
2020-01-31,10.132,12.2,-3.1746,12.367,47300.0,584950000.0,0.0,0.0,12.6,12.7,12.1,47300.0
2020-02-03,10.132,12.2,0.0,11.589,57800.0,669820000.0,0.0,0.0,12.0,12.2,11.3,57800.0
2020-02-04,9.468,11.4,-6.5574,11.441,58100.0,664740000.0,0.0,0.0,11.9,12.1,11.3,58100.0
2020-02-05,9.717,11.7,2.6316,11.658,146100.0,1703170000.0,0.0,0.0,11.4,12.0,11.4,146100.0
2020-02-06,10.381,12.5,6.8376,12.139,144300.0,1751670000.0,0.0,0.0,11.6,12.6,11.6,144300.0
2020-02-07,10.464,12.6,0.8,12.586,144900.0,1823750000.0,0.0,0.0,12.5,12.8,12.4,144900.0
2020-02-10,10.298,12.4,-1.5873,12.309,46100.0,567460000.0,0.0,0.0,12.5,12.5,12.1,46100.0
2020-02-11,10.298,12.4,0.0,12.379,70800.0,876430000.0,0.0,0.0,12.3,12.6,12.2,70800.0
2020-02-12,10.547,12.7,2.4194,12.528,203000.0,2543220000.0,0.0,0.0,12.4,13.0,12.0,203000.0
2020-02-13,10.464,12.6,-0.7874,12.582,23100.0,290640000.0,0.0,0.0,12.8,13.0,12.4,23100.0
2020-02-14,10.464,12.6,0.0,12.379,33600.0,415920000.0,0.0,0.0,12.5,12.6,12.3,33600.0
2020-02-17,10.381,12.5,-0.7937,12.364,39800.0,492080000.0,0.0,0.0,12.5,12.6,12.3,39800.0
2020-02-18,10.049,12.1,-3.2,12.208,104400.0,1274540000.0,0.0,0.0,12.5,12.5,12.0,104400.0
2020-02-19,9.883,11.9,-1.6529,11.843,68100.0,806520000.0,0.0,0.0,12.1,12.3,11.6,68100.0
2020-02-20,9.717,11.7,-1.6807,11.516,96600.0,1112400000.0,0.0,0.0,11.6,11.7,11.4,96600.0
2020-02-21,9.966,12.0,2.5641,11.369,101545.0,1154477500.0,0.0,0.0,11.5,12.0,11.2,101545.0
2020-02-24,9.468,11.4,-5.0,11.233,99800.0,1121020000.0,0.0,0.0,11.6,11.6,11.0,99800.0
2020-02-25,9.219,11.1,-2.6316,11.157,26800.0,299010000.0,0.0,0.0,11.0,11.4,11.0,26800.0
2020-02-26,9.219,11.1,0.0,11.121,47300.0,526020000.0,0.0,0.0,11.2,11.4,11.0,47300.0
2020-02-27,9.219,11.1,0.0,11.056,29600.0,327260000.0,0.0,0.0,11.1,11.2,11.0,29600.0
2020-02-28,9.302,11.2,0.9009,11.025,29400.0,324140000.0,0.0,0.0,11.0,11.4,10.9,29400.0
2020-03-02,9.136,11.0,-1.7857,11.026,21900.0,241460000.0,0.0,0.0,11.2,11.4,11.0,21900.0
2020-03-03,9.053,10.9,-0.9091,10.936,52000.0,568690000.0,0.0,0.0,11.0,11.5,10.7,52000.0
2020-03-04,9.136,11.0,0.9174,10.883,23900.0,260100000.0,0.0,0.0,10.9,11.0,10.8,23900.0
2020-03-05,8.969,10.8,-1.8182,10.892,33300.0,362720000.0,0.0,0.0,11.0,11.1,10.8,33300.0
2020-03-06,9.219,11.1,2.7778,10.939,32610.0,356720000.0,0.0,0.0,10.8,11.2,10.8,32610.0
2020-03-09,8.305,10.0,-9.9099,10.299,70900.0,730200000.0,0.0,0.0,11.0,11.0,10.0,70900.0
2020-03-10,8.305,10.0,0.0,9.893,24640.0,243765000.0,0.0,0.0,10.0,10.0,9.2,24640.0
2020-03-11,8.388,10.1,1.0,9.873,19605.0,193547000.0,0.0,0.0,11.0,11.0,9.5,19605.0
2020-03-12,8.305,10.0,-0.9901,9.592,25400.0,243630000.0,145.0,1319500.0,9.8,10.0,9.4,25545.0
2020-03-13,7.973,9.6,-4.0,9.648,18300.0,176560000.0,0.0,0.0,9.5,9.9,9.5,18300.0
2020-03-16,8.222,9.9,3.125,9.723,37000.0,359760000.0,0.0,0.0,9.6,10.0,9.5,37000.0
2020-03-17,8.139,9.8,-1.0101,9.59,4850.0,46480000.0,0.0,0.0,9.6,9.8,9.5,4850.0
2020-03-18,7.973,9.6,-2.0408,9.651,15030.0,145051000.0,0.0,0.0,9.8,9.8,9.6,15030.0
2020-03-19,7.973,9.6,0.0,9.451,12300.0,116250000.0,0.0,0.0,9.4,9.6,9.4,12300.0
2020-03-20,7.973,9.6,0.0,9.406,18545.0,174437500.0,0.0,0.0,9.6,9.6,9.2,18545.0
2020-03-23,7.225,8.7,-9.375,9.082,39490.0,358603000.0,100000.0,960000000.0,9.4,9.4,8.7,139490.0
2020-03-24,7.059,8.5,-2.2989,8.447,62490.0,527849000.0,0.0,0.0,8.7,8.8,8.2,62490.0
2020-03-25,7.059,8.5,0.0,8.515,21530.0,183335000.0,45.0,346500.0,8.5,8.7,8.3,21575.0
2020-03-26,7.059,8.5,0.0,8.502,40100.0,340930000.0,120000.0,1020000000.0,8.7,8.7,8.3,160100.0
2020-03-27,7.142,8.6,1.1765,8.58,19600.0,168160000.0,0.0,0.0,8.5,8.7,8.5,19600.0
2020-03-30,7.059,8.5,-1.1628,8.096,54200.0,438810000.0,118428.0,1006638000.0,8.5,8.5,7.8,172628.0
2020-03-31,6.893,8.3,-2.3529,8.246,37100.0,305930000.0,0.0,0.0,8.4,8.5,8.0,37100.0
2020-04-01,7.142,8.6,3.6145,8.412,59000.0,496300000.0,0.0,0.0,8.1,8.6,8.1,59000.0
2020-04-03,7.558,9.1,5.814,8.766,92515.0,810923000.0,0.0,0.0,8.5,9.2,8.5,92515.0
2020-04-06,7.558,9.1,0.0,9.128,26960.0,246085000.0,0.0,0.0,9.1,9.2,9.1,26960.0
2020-04-07,7.392,8.9,-2.1978,8.978,43055.0,386535000.0,0.0,0.0,9.1,9.1,8.8,43055.0
2020-04-08,7.392,8.9,0.0,8.83,41415.0,365682000.0,149500.0,1210950000.0,8.9,8.9,8.8,190915.0
2020-04-09,7.392,8.9,0.0,8.842,19300.0,170660000.0,91151.0,738323100.0,8.8,8.9,8.8,110451.0
2020-04-10,7.475,9.0,1.1236,8.844,35300.0,312200000.0,0.0,0.0,8.8,9.0,8.7,35300.0
2020-04-13,7.558,9.1,1.1111,9.079,27630.0,250850000.0,100000.0,900000000.0,9.1,9.2,8.9,127630.0
2020-04-14,7.724,9.3,2.1978,9.114,81800.0,745500000.0,0.0,0.0,9.0,9.3,9.0,81800.0
2020-04-15,7.89,9.5,2.1505,9.353,97870.0,915421000.0,0.0,0.0,9.3,9.6,9.2,97870.0
2020-04-16,7.807,9.4,-1.0526,9.322,57610.0,537043000.0,0.0,0.0,9.4,9.5,9.2,57610.0
2020-04-17,7.807,9.4,0.0,9.311,31820.0,296266000.0,0.0,0.0,9.4,9.5,9.2,31820.0
2020-04-20,8.056,9.7,3.1915,9.512,50213.0,477629600.0,0.0,0.0,9.3,9.7,9.3,50213.0
2020-04-21,7.89,9.5,-2.0619,9.408,39780.0,374240000.0,0.0,0.0,9.6,9.6,9.1,39780.0
2020-04-22,7.641,9.2,-3.1579,9.209,54550.0,502320000.0,0.0,0.0,9.3,9.3,9.2,54550.0
2020-04-23,7.724,9.3,1.087,9.234,36920.0,340922000.0,0.0,0.0,9.2,9.4,9.2,36920.0
2020-04-24,7.724,9.3,0.0,9.27,26920.0,249534000.0,0.0,0.0,9.3,9.3,9.2,26920.0
2020-04-27,7.89,9.5,2.1505,9.308,35600.0,331350000.0,0.0,0.0,9.2,9.5,9.2,35600.0
2020-04-28,7.89,9.5,0.0,9.377,29600.0,277560000.0,0.0,0.0,9.5,9.5,9.3,29600.0
2020-04-29,7.807,9.4,-1.0526,9.363,40900.0,382930000.0,0.0,0.0,9.5,9.5,9.3,40900.0
2020-05-04,7.724,9.3,-1.0638,9.265,26655.0,246932500.0,0.0,0.0,9.3,9.3,9.2,26655.0
2020-05-05,7.724,9.3,0.0,9.188,32700.0,300460000.0,0.0,0.0,9.3,9.3,9.1,32700.0
2020-05-06,7.641,9.2,-1.0753,9.207,30350.0,279414000.0,0.0,0.0,9.2,9.3,9.1,30350.0
2020-05-07,7.807,9.4,2.1739,9.286,50513.0,469065900.0,0.0,0.0,9.3,9.4,9.2,50513.0
2020-05-08,7.807,9.4,0.0,9.346,36400.0,340210000.0,0.0,0.0,9.4,9.5,9.2,36400.0
2020-05-11,7.724,9.3,-1.0638,9.327,35900.0,334840000.0,0.0,0.0,9.4,9.5,9.2,35900.0
2020-05-12,7.89,9.5,2.1505,9.307,58710.0,546401000.0,0.0,0.0,9.2,9.5,9.1,58710.0
2020-05-13,8.139,9.8,3.1579,9.814,103097.0,1011851400.0,0.0,0.0,9.5,10.3,9.4,103097.0
2020-05-14,8.222,9.9,1.0204,9.859,25100.0,247460000.0,0.0,0.0,9.8,10.0,9.8,25100.0
2020-05-15,8.222,9.9,0.0,9.845,23500.0,231350000.0,0.0,0.0,9.9,9.9,9.8,23500.0
2020-05-18,8.139,9.8,-1.0101,9.801,25900.0,253820000.0,5000.0,45000000.0,9.9,9.9,9.7,30900.0
2020-05-19,8.305,10.0,2.0408,10.026,119100.0,1194060000.0,60.0,534000.0,9.8,10.3,9.8,119160.0
2020-05-20,8.305,10.0,0.0,10.109,45500.0,459980000.0,0.0,0.0,10.2,10.2,10.0,45500.0
2020-05-21,8.388,10.1,1.0,10.013,31900.0,319420000.0,0.0,0.0,10.0,10.1,9.9,31900.0
2020-05-22,8.305,10.0,-0.9901,10.002,42900.0,429090000.0,0.0,0.0,10.1,10.1,9.9,42900.0
2020-05-25,8.305,10.0,0.0,10.024,42013.0,421150000.0,0.0,0.0,10.0,10.1,9.9,42013.0
2020-05-26,8.222,9.9,-1.0,9.959,38402.0,382439900.0,0.0,0.0,9.9,10.1,9.9,38402.0
2020-05-27,8.222,9.9,0.0,9.927,59800.0,593640000.0,35.0,315000.0,10.0,10.0,9.8,59835.0
2020-05-28,8.305,10.0,1.0101,9.877,33110.0,327028000.0,0.0,0.0,9.9,10.0,9.7,33110.0
2020-05-29,8.305,10.0,0.0,9.961,31000.0,308790000.0,0.0,0.0,10.0,10.0,9.9,31000.0
2020-06-01,8.388,10.1,1.0,9.973,40850.0,407390000.0,0.0,0.0,10.0,10.1,9.9,40850.0
2020-06-02,8.222,9.9,-1.9802,9.99,30745.0,307150000.0,0.0,0.0,10.0,10.1,9.8,30745.0
2020-06-03,8.388,10.1,2.0202,9.977,42840.0,427402000.0,0.0,0.0,9.9,10.1,9.9,42840.0
2020-06-04,8.305,10.0,-0.9901,10.134,42025.0,425860000.0,0.0,0.0,10.1,10.2,10.0,42025.0
2020-06-05,8.222,9.9,-1.0,9.965,32231.0,321163800.0,0.0,0.0,9.9,10.1,9.9,32231.0
2020-06-08,8.305,10.0,1.0101,9.98,31200.0,311364500.0,0.0,0.0,9.9,10.1,9.9,31200.0
2020-06-09,8.637,10.4,4.0,10.16,83900.0,852430000.0,15.0,135000.0,10.0,10.4,10.0,83915.0
2020-06-10,8.72,10.5,0.9615,10.315,50071.0,516474200.0,0.0,0.0,10.4,10.5,10.2,50071.0
2020-06-11,9.136,11.0,4.7619,10.898,149571.0,1629982300.0,45.0,427500.0,10.4,11.4,10.4,149616.0
2020-06-12,8.886,10.7,-2.7273,10.775,50600.0,545240000.0,5.0,49500.0,10.9,11.0,10.5,50605.0
2020-06-15,9.219,11.1,3.7383,10.922,80960.0,884238000.0,0.0,0.0,10.7,11.1,10.7,80960.0
2020-06-16,9.8,11.8,6.3063,11.244,89700.0,1008600000.0,0.0,0.0,11.0,11.8,10.9,89700.0
2020-06-17,9.966,12.0,1.6949,11.841,31600.0,374170000.0,15070.0,161249000.0,11.8,12.0,11.7,46670.0
2020-06-18,9.634,11.6,-3.3333,11.469,25650.0,294180000.0,0.0,0.0,11.7,11.7,11.3,25650.0
2020-06-19,9.717,11.7,0.8621,11.435,62661.0,716466600.0,0.0,0.0,11.5,11.7,11.2,62661.0
2020-06-22,9.966,12.0,2.5641,11.938,85470.0,1020309000.0,140000.0,1484000000.0,11.7,12.1,11.7,225470.0
2020-06-23,9.883,11.9,-0.8333,11.958,27420.0,327880000.0,110001.0,1188010800.0,12.0,12.0,11.9,137421.0
2020-06-24,9.8,11.8,-0.8403,11.862,69270.0,821708000.0,0.0,0.0,11.9,12.0,11.8,69270.0
2020-06-25,9.7,9.7,-1.0204,9.928,39090.0,388080000.0,0.0,0.0,9.9,10.2,9.6,39090.0
2020-06-26,9.7,9.7,0.0,9.731,28880.0,281041000.0,0.0,0.0,9.7,9.9,9.6,28880.0
2020-06-29,9.5,9.5,-2.0619,9.563,30620.0,292826000.0,0.0,0.0,9.7,9.7,9.4,30620.0
2020-06-30,9.2,9.2,-3.1579,9.306,80480.0,748908000.0,0.0,0.0,9.5,9.5,9.1,80480.0
2020-07-01,9.2,9.2,0.0,9.057,22700.0,205590000.0,0.0,0.0,9.2,9.2,9.0,22700.0
2020-07-02,9.3,9.3,1.087,9.202,23300.0,214410000.0,0.0,0.0,9.2,9.3,9.2,23300.0
2020-07-03,9.4,9.4,1.0753,9.345,26300.0,245780000.0,0.0,0.0,9.3,9.5,9.3,26300.0
2020-07-06,9.5,9.5,1.0638,9.415,22100.0,208080000.0,0.0,0.0,9.4,9.5,9.4,22100.0
2020-07-07,9.6,9.6,1.0526,9.496,22700.0,215550000.0,0.0,0.0,9.5,9.6,9.4,22700.0
2020-07-08,9.4,9.4,-2.0833,9.433,20649.0,194756400.0,0.0,0.0,9.5,9.5,9.4,20649.0
2020-07-09,9.4,9.4,0.0,9.326,17300.0,161340000.0,0.0,0.0,9.4,9.4,9.3,17300.0
2020-07-10,9.3,9.3,-1.0638,9.325,20800.0,193970000.0,0.0,0.0,9.4,9.4,9.3,20800.0
2020-07-13,9.3,9.3,0.0,9.224,19600.0,180800000.0,0.0,0.0,9.3,9.3,9.2,19600.0
2020-07-14,9.2,9.2,-1.0753,9.255,20600.0,190650000.0,0.0,0.0,9.3,9.3,9.2,20600.0
2020-07-15,9.3,9.3,1.087,9.305,28800.0,267980000.0,0.0,0.0,9.2,9.4,9.2,28800.0
2020-07-16,9.3,9.3,0.0,9.313,47900.0,446070000.0,0.0,0.0,9.3,9.4,9.3,47900.0
2020-07-17,9.4,9.4,1.0753,9.263,123800.0,1146790000.0,0.0,0.0,9.3,9.4,9.1,123800.0
2020-07-20,9.6,9.6,2.1277,9.416,189200.0,1781490000.0,0.0,0.0,9.2,9.8,9.0,189200.0
2020-07-21,10.4,10.4,8.3333,9.944,251091.0,2496863800.0,0.0,0.0,9.5,10.4,9.4,251091.0
2020-07-22,10.5,10.5,0.9615,10.61,272730.0,2893591000.0,0.0,0.0,10.4,10.9,10.4,272730.0
2020-07-23,10.2,10.2,-2.8571,10.386,235500.0,2445940000.0,0.0,0.0,10.4,10.7,10.0,235500.0
2020-07-24,10.4,10.4,1.9608,10.267,329255.0,3380578000.0,0.0,0.0,10.1,10.6,9.9,329255.0
2020-07-27,10.0,10.0,-3.8462,9.914,429316.0,4256196400.000001,0.0,0.0,9.9,10.3,9.4,429316.0
2020-07-28,10.3,10.3,3.0,10.191,239750.0,2443180000.0,0.0,0.0,9.3,11.0,9.3,239750.0
2020-07-29,9.5,9.5,-7.767,9.788,314710.0,3080367000.0,0.0,0.0,9.7,10.5,9.3,314710.0
2020-07-30,9.1,9.1,-4.2105,9.418,252340.0,2376608800.0,0.0,0.0,9.6,9.8,9.1,252340.0
2020-07-31,8.8,8.8,-3.2967,9.091,181600.0,1650920000.0,0.0,0.0,9.3,9.3,8.8,181600.0
2020-08-03,8.8,8.8,0.0,8.859,176500.0,1563540000.0,0.0,0.0,9.0,9.1,8.6,176500.0
2020-08-04,9.0,9.0,2.2727,9.072,217300.0,1971450000.0,0.0,0.0,9.0,9.3,8.9,217300.0
2020-08-05,9.2,9.2,2.2222,9.274,92000.0,853210000.0,0.0,0.0,9.1,9.5,9.1,92000.0
2020-08-06,8.9,8.9,-3.2609,9.022,144500.0,1303730000.0,0.0,0.0,8.7,9.4,8.7,144500.0
2020-08-07,9.0,9.0,1.1236,8.936,148625.0,1328067500.0,0.0,0.0,8.8,9.2,8.8,148625.0
2020-08-10,9.2,9.2,2.2222,9.045,225354.0,2038411000.0,30000.0,270000000.0,9.0,9.2,8.9,255354.0
2020-08-11,9.4,9.4,2.1739,9.324,183200.0,1708100000.0,0.0,0.0,9.2,9.5,9.1,183200.0
2020-08-12,9.0,9.0,-4.2553,9.197,253600.0,2332390000.0,0.0,0.0,9.4,9.6,9.0,253600.0
2020-08-13,9.2,9.2,2.2222,9.166,154475.0,1415852000.0,0.0,0.0,9.1,9.3,9.0,154475.0
2020-08-14,9.1,9.1,-1.087,9.223,189400.0,1746820000.0,0.0,0.0,9.4,9.5,9.1,189400.0
2020-08-17,8.9,8.9,-2.1978,9.096,121000.0,1100670000.0,0.0,0.0,9.1,9.3,8.9,121000.0
2020-08-18,9.0,9.0,1.1236,9.087,103100.0,936850000.0,0.0,0.0,9.0,9.2,8.9,103100.0
2020-08-19,8.5,8.5,-5.5556,8.897,119500.0,1063210000.0,0.0,0.0,9.3,9.3,8.5,119500.0
2020-08-20,8.7,8.7,2.3529,8.833,225099.0,1987977400.0,0.0,0.0,8.6,9.0,8.6,225099.0
2020-08-21,9.0,9.0,3.4483,8.898,230432.0,2050309600.0,0.0,0.0,8.8,9.0,8.8,230432.0
2020-08-24,9.4,9.4,4.4444,9.186,457656.0,4203598900.000001,0.0,0.0,8.9,9.6,8.7,457656.0
2020-08-25,9.7,9.7,3.1915,9.473,487424.0,4617533499.999999,12.0,102000.0,9.2,9.8,9.1,487436.0
2020-08-26,9.8,9.8,1.0309,9.692,198640.0,1925154000.0,0.0,0.0,9.7,9.8,9.6,198640.0
2020-08-27,10.0,10.0,2.0408,9.765,264020.0,2578082200.0,0.0,0.0,9.8,10.0,9.5,264020.0
2020-08-28,10.1,10.1,1.0,9.937,336810.0,3346952000.0,0.0,0.0,9.7,10.2,9.6,336810.0
2020-08-31,10.0,10.0,-0.9901,9.91,160189.0,1587418700.0,0.0,0.0,10.2,10.2,9.7,160189.0
2020-09-01,9.5,9.5,-5.0,9.686,118102.0,1143949600.0,0.0,0.0,9.9,9.9,9.5,118102.0
2020-09-03,10.0,10.0,5.2632,9.619,381494.0,3669391600.0,0.0,0.0,9.5,10.0,9.3,381494.0
2020-09-04,9.8,9.8,-2.0,9.644,477280.0,4602715000.0,0.0,0.0,9.8,9.9,9.5,477280.0
2020-09-07,9.8,9.8,0.0,9.706,222700.0,2161632000.0,0.0,0.0,9.9,10.0,9.5,222700.0
2020-09-08,9.7,9.7,-1.0204,9.613,134790.0,1295765000.0,0.0,0.0,9.9,9.9,9.4,134790.0
2020-09-09,9.7,9.7,0.0,9.559,55238.0,528021000.0,0.0,0.0,9.4,9.7,9.4,55238.0
2020-09-10,9.7,9.7,0.0,9.614,328855.0,3161662500.0,0.0,0.0,9.6,9.8,9.5,328855.0
2020-09-11,9.6,9.6,-1.0309,9.572,59300.0,567620000.0,0.0,0.0,9.6,9.7,9.4,59300.0
2020-09-14,9.7,9.7,1.0417,9.597,237200.0,2276360000.0,0.0,0.0,9.8,9.9,9.4,237200.0
2020-09-15,9.3,9.3,-4.1237,9.484,189380.0,1796090000.0,0.0,0.0,9.7,9.8,9.3,189380.0
2020-09-16,9.4,9.4,1.0753,9.446,150620.0,1422760000.0,0.0,0.0,9.6,9.6,9.3,150620.0
2020-09-17,9.4,9.4,0.0,9.416,62563.0,589114500.0,0.0,0.0,9.4,9.5,9.4,62563.0
2020-09-18,9.4,9.4,0.0,9.445,227800.0,2151640000.0,0.0,0.0,9.4,9.6,9.3,227800.0
2020-09-21,9.7,9.7,3.1915,9.546,176116.0,1681191000.0,0.0,0.0,9.5,9.7,9.4,176116.0
2020-09-22,9.7,9.7,0.0,9.721,110140.0,1070618000.0,0.0,0.0,9.7,9.8,9.7,110140.0
2020-09-23,9.9,9.9,2.0619,9.873,92590.0,914134000.0,0.0,0.0,9.7,9.9,9.7,92590.0
2020-09-24,9.9,9.9,0.0,9.811,75652.0,742234400.0,0.0,0.0,9.8,9.9,9.8,75652.0
2020-09-25,9.9,9.9,0.0,10.019,188980.0,1893412000.0,60.0,540000.0,9.9,10.1,9.9,189040.0
2020-09-28,10.2,10.2,3.0303,10.288,228395.0,2349674400.0,0.0,0.0,10.0,10.5,10.0,228395.0
2020-09-29,10.2,10.2,0.0,10.292,191907.0,1975181400.0,0.0,0.0,10.3,10.4,10.2,191907.0
2020-09-30,10.2,10.2,0.0,10.116,80600.0,815330000.0,0.0,0.0,10.1,10.2,10.0,80600.0
2020-10-01,10.1,10.1,-0.9804,10.18,66360.0,675515400.0,0.0,0.0,10.2,10.3,10.1,66360.0
2020-10-02,10.4,10.4,2.9703,10.39,155832.0,1619023200.0,0.0,0.0,10.2,11.0,10.2,155832.0
2020-10-05,10.3,10.3,-0.9615,10.312,179091.0,1846787500.0,0.0,0.0,10.3,10.5,10.2,179091.0
2020-10-06,10.5,10.5,1.9417,10.414,116670.0,1214933600.0,0.0,0.0,10.3,10.5,10.3,116670.0
2020-10-07,10.3,10.3,-1.9048,10.431,54532.0,568802800.0,76.0,722000.0,10.5,10.5,10.3,54608.0
2020-10-08,10.6,10.6,2.9126,10.427,88750.0,925422000.0,0.0,0.0,10.4,10.6,10.4,88750.0
2020-10-09,11.1,11.1,4.717,10.954,271863.0,2978000800.0,0.0,0.0,10.6,11.1,10.6,271863.0
2020-10-12,11.6,11.6,4.5045,11.643,287951.0,3352507300.0,0.0,0.0,11.1,12.0,11.1,287951.0
2020-10-13,11.8,11.8,1.7241,11.751,75000.0,881284000.0,0.0,0.0,12.0,12.0,11.6,75000.0
2020-10-14,11.6,11.6,-1.6949,11.996,119870.0,1437889800.0,0.0,0.0,12.0,12.5,11.6,119870.0
2020-10-15,11.7,11.7,0.8621,11.562,106450.0,1230827000.0,40.0,420000.0,11.6,11.7,11.5,106490.0
2020-10-16,11.7,11.7,0.0,11.555,94271.0,1089316500.0,0.0,0.0,11.7,11.8,11.4,94271.0
2020-10-19,11.6,11.6,-0.8547,11.686,190021.0,2220563400.0,0.0,0.0,11.7,11.8,11.2,190021.0
2020-10-20,11.6,11.6,0.0,11.901,136580.0,1625456000.0,0.0,0.0,11.8,12.1,11.6,136580.0
2020-10-21,11.8,11.8,1.7241,11.948,132020.0,1577435800.0,0.0,0.0,11.6,12.0,11.6,132020.0
2020-10-22,12.0,12.0,1.6949,11.973,49511.0,592776500.0,0.0,0.0,11.9,12.0,11.9,49511.0
2020-10-23,12.1,12.1,0.8333,12.16,91510.0,1112750000.0,0.0,0.0,12.3,12.5,12.0,91510.0
2020-10-26,12.1,12.1,0.0,12.107,159130.0,1926593000.0,0.0,0.0,12.1,12.2,12.0,159130.0
2020-10-27,12.1,12.1,0.0,12.158,129154.0,1570318800.0,0.0,0.0,12.0,12.3,12.0,129154.0
2020-10-28,11.7,11.7,-3.3058,11.931,82100.0,979510000.0,0.0,0.0,12.0,12.0,11.7,82100.0
2020-10-29,11.6,11.6,-0.8547,11.644,42700.0,497200000.0,50.0,530000.0,11.7,11.8,11.5,42750.0
2020-10-30,11.7,11.7,0.8621,11.69,9100.0,106380000.0,0.0,0.0,11.9,11.9,11.6,9100.0
2020-11-02,11.7,11.7,0.0,11.567,23100.0,267190000.0,0.0,0.0,11.7,11.7,11.5,23100.0
2020-11-03,11.5,11.5,-1.7094,11.609,11600.0,134660000.0,0.0,0.0,11.5,11.7,11.5,11600.0
2020-11-04,11.4,11.4,-0.8696,11.547,24300.0,280600000.0,0.0,0.0,12.0,12.0,11.4,24300.0
2020-11-05,11.7,11.7,2.6316,11.655,39600.0,461550000.0,0.0,0.0,11.3,11.8,11.2,39600.0
2020-11-06,11.7,11.7,0.0,11.62,54900.0,637940000.0,0.0,0.0,11.8,11.8,11.6,54900.0
2020-11-09,11.7,11.7,0.0,11.648,40610.0,473036000.0,0.0,0.0,11.7,11.7,11.6,40610.0
2020-11-10,11.7,11.7,0.0,11.635,65400.0,760910000.0,0.0,0.0,11.8,11.9,11.4,65400.0
2020-11-11,11.7,11.7,0.0,11.671,19400.0,226410000.0,0.0,0.0,11.6,11.7,11.6,19400.0
2020-11-12,11.6,11.6,-0.8547,11.633,33456.0,389179600.0,0.0,0.0,11.7,11.7,11.6,33456.0
2020-11-13,11.4,11.4,-1.7241,11.343,39424.0,447206000.0,0.0,0.0,11.5,11.5,11.0,39424.0
2020-11-16,11.5,11.5,0.8772,11.403,36500.0,416200000.0,0.0,0.0,11.4,11.5,11.4,36500.0
2020-11-17,11.5,11.5,0.0,11.443,68330.0,781882000.0,0.0,0.0,11.5,11.6,11.2,68330.0
2020-11-18,11.5,11.5,0.0,11.509,127784.0,1470665400.0,0.0,0.0,11.5,11.6,11.3,127784.0
2020-11-19,11.6,11.6,0.8696,11.552,100560.0,1161657000.0,0.0,0.0,11.5,11.7,11.5,100560.0
2020-11-20,11.6,11.6,0.0,11.6,62460.0,724512000.0,0.0,0.0,11.6,11.6,11.6,62460.0
2020-11-23,11.5,11.5,-0.8621,11.564,55106.0,637237200.0,0.0,0.0,11.6,11.7,11.5,55106.0
2020-11-24,11.5,11.5,0.0,11.607,103400.0,1200190000.0,0.0,0.0,11.6,11.7,11.5,103400.0
2020-11-25,11.6,11.6,0.8696,11.581,58200.0,673990000.0,0.0,0.0,11.5,11.7,11.5,58200.0
2020-11-26,11.6,11.6,0.0,11.538,45454.0,524435600.0,0.0,0.0,11.7,11.7,11.5,45454.0
2020-11-27,11.5,11.5,-0.8621,11.572,65180.0,754233000.0,0.0,0.0,11.5,11.7,11.5,65180.0
2020-11-30,11.5,11.5,0.0,11.463,76217.0,873652100.0,0.0,0.0,11.6,11.6,11.3,76217.0
2020-12-01,11.5,11.5,0.0,11.307,48250.0,545565000.0,0.0,0.0,11.3,11.5,11.3,48250.0
2020-12-02,11.3,11.3,-1.7391,11.307,70924.0,801936400.0,0.0,0.0,11.3,11.4,11.3,70924.0
2020-12-03,11.3,11.3,0.0,11.286,81620.0,921176000.0,0.0,0.0,11.3,11.4,11.2,81620.0
2020-12-04,11.2,11.2,-0.885,11.26,28500.0,320920000.0,0.0,0.0,11.3,11.3,11.2,28500.0
2020-12-07,11.3,11.3,0.8929,11.339,49169.0,557502800.0,0.0,0.0,11.4,11.4,11.3,49169.0
2020-12-08,12.4,12.4,9.7345,12.028,370898.0,4461315700.0,0.0,0.0,11.3,12.4,11.3,370898.0
2020-12-09,13.0,13.0,4.8387,13.131,190388.0,2500076000.0,0.0,0.0,13.2,13.5,12.8,190388.0
2020-12-10,13.0,13.0,0.0,12.984,144200.0,1872290000.0,0.0,0.0,13.0,13.1,12.6,144200.0
2020-12-11,12.7,12.7,-2.3077,12.845,137239.0,1762799200.0,0.0,0.0,12.9,13.0,12.7,137239.0
2020-12-14,12.9,12.9,1.5748,13.062,120100.0,1568690000.0,0.0,0.0,12.8,13.3,12.8,120100.0
2020-12-15,13.3,13.3,3.1008,13.322,179100.0,2385930000.0,0.0,0.0,13.0,13.5,13.0,179100.0
2020-12-16,13.6,13.6,2.2556,13.373,255758.0,3420253800.0,0.0,0.0,13.3,13.6,13.0,255758.0
2020-12-17,13.7,13.7,0.7353,13.583,112498.0,1528047000.0,0.0,0.0,13.4,13.7,13.3,112498.0
2020-12-18,13.6,13.6,-0.7299,13.414,138100.0,1852515900.0,0.0,0.0,13.5,13.6,13.0,138100.0
2020-12-21,14.0,14.0,2.9412,13.645,238329.0,3252075800.0,0.0,0.0,13.5,14.1,13.2,238329.0
2020-12-22,13.9,13.9,-0.7143,13.969,389632.0,5442585000.0,0.0,0.0,13.8,14.3,13.7,389632.0
2020-12-23,15.2,15.2,9.3525,14.532,266600.0,3874170000.0,0.0,0.0,13.9,15.2,13.7,266600.0
2020-12-24,14.6,14.6,-3.9474,14.822,217900.0,3229660000.0,0.0,0.0,15.0,15.3,14.5,217900.0
2020-12-25,14.5,14.5,-0.6849,14.64,184100.0,2695300000.0,0.0,0.0,14.6,14.8,14.5,184100.0
2020-12-28,14.5,14.5,0.0,14.566,374400.0,5453500000.0,0.0,0.0,14.5,14.7,14.3,374400.0
2020-12-29,14.9,14.9,2.7586,14.672,325426.0,4774799400.0,0.0,0.0,14.5,14.9,14.3,325426.0
2020-12-30,15.0,15.0,0.6711,14.974,353800.0,5297930000.0,0.0,0.0,14.8,15.1,14.8,353800.0
2020-12-31,15.5,15.5,3.3333,15.297,190420.0,2912722800.0,0.0,0.0,15.0,15.6,15.0,190420.0
2021-01-04,17.0,17.0,9.6774,16.738,557742.0,9335405800.0,30000.0,423000000.0,15.5,17.0,15.5,587742.0
2021-01-05,18.5,18.5,8.8235,18.074,514122.0,9292307000.0,0.0,0.0,17.3,18.7,16.5,514122.0
2021-01-06,17.9,17.9,-3.2432,18.289,1013404.0,18534302000.0,0.0,0.0,18.5,18.8,17.5,1013404.0
2021-01-07,19.6,19.6,9.4972,18.466,987163.0,18228606700.0,0.0,0.0,17.7,19.6,17.1,987163.0
2021-01-08,21.5,21.5,9.6939,20.099,1058244.0,21269475300.0,0.0,0.0,19.7,21.5,19.2,1058244.0
2021-01-11,23.6,23.6,9.7674,22.388,759460.0,17002676000.000002,0.0,0.0,21.5,23.6,21.4,759460.0
2021-01-12,25.8,25.8,9.322,24.447,826990.0,20217238000.0,0.0,0.0,23.6,25.8,23.1,826990.0
2021-01-13,23.3,23.3,-9.6899,23.391,109300.0,2556610000.0,0.0,0.0,24.0,24.0,23.3,109300.0
2021-01-14,21.0,21.0,-9.8712,21.0,77040.0,1617840000.0,0.0,0.0,21.0,21.0,21.0,77040.0
2021-01-15,20.8,20.8,-0.9524,19.049,1521038.0,28973538200.0,0.0,0.0,18.9,20.8,18.9,1521038.0
2021-01-18,18.8,18.8,-9.6154,18.8,221484.0,4163899200.0,30000.0,660000000.0,18.8,18.8,18.8,251484.0
2021-01-19,17.0,17.0,-9.5745,17.0,323500.0,5499500000.0,0.0,0.0,17.0,17.0,17.0,323500.0
2021-01-20,15.3,15.3,-10.0,15.3,23600.0,361080000.0,0.0,0.0,15.3,15.3,15.3,23600.0
2021-01-21,16.0,16.0,4.5752,14.295,1320524.0,18876271200.0,0.0,0.0,13.8,16.1,13.8,1320524.0
2021-01-22,15.4,15.4,-3.75,14.871,1057596.0,15727615000.0,0.0,0.0,16.0,16.1,14.4,1057596.0
2021-01-25,13.9,13.9,-9.7403,14.173,1145310.0,16232434000.000002,0.0,0.0,15.5,15.5,13.9,1145310.0
2021-01-26,12.6,12.6,-9.3525,12.656,864180.0,10936782000.0,0.0,0.0,13.3,13.3,12.6,864180.0
2021-01-27,11.4,11.4,-9.5238,11.496,851920.0,9793808000.0,0.0,0.0,12.6,12.6,11.4,851920.0
2021-01-28,10.3,10.3,-9.6491,10.3,143050.0,1473425000.0,0.0,0.0,10.3,10.4,10.3,143050.0
2021-01-29,9.3,9.3,-9.7087,9.346,1005300.0,9395120000.0,0.0,0.0,9.3,9.7,9.3,1005300.0
2021-02-01,9.3,9.3,0.0,9.354,567120.0,5304610000.0,0.0,0.0,9.3,10.0,8.4,567120.0
2021-02-02,10.2,10.2,9.6774,9.868,330800.0,3264350000.0,0.0,0.0,9.2,10.2,9.2,330800.0
2021-02-03,10.8,10.8,5.8824,10.865,293400.0,3187800000.0,0.0,0.0,10.2,11.1,10.2,293400.0
2021-02-04,10.5,10.5,-2.7778,10.538,308500.0,3250860000.0,0.0,0.0,11.0,11.0,10.0,308500.0
2021-02-05,10.3,10.3,-1.9048,10.315,272000.0,2805580000.0,0.0,0.0,10.5,10.9,10.2,272000.0
2021-02-08,9.6,9.6,-6.7961,9.984,232524.0,2321469600.0,0.0,0.0,10.3,10.4,9.6,232524.0
2021-02-09,10.5,10.5,9.375,10.176,156420.0,1591646000.0,0.0,0.0,9.6,10.5,9.5,156420.0
2021-02-17,11.0,11.0,4.7619,10.799,244200.0,2637150000.0,53900.0,512050000.0,10.8,11.1,10.5,298100.0
2021-02-18,10.7,10.7,-2.7273,10.804,236800.0,2558350000.0,0.0,0.0,11.0,11.1,10.6,236800.0
2021-02-19,10.7,10.7,0.0,10.671,201820.0,2153565000.0,0.0,0.0,10.7,10.8,10.5,201820.0
2021-02-22,11.7,11.7,9.3458,11.494,748593.0,8604518100.0,0.0,0.0,10.8,11.7,10.8,748593.0
2021-02-23,12.8,12.8,9.4017,12.64,1190879.0,15053131600.0,0.0,0.0,11.8,12.8,11.8,1190879.0
2021-02-24,12.8,12.8,0.0,13.131,866629.0,11379375200.0,0.0,0.0,13.8,13.8,12.4,866629.0
2021-02-25,13.6,13.6,6.25,12.295,1451812.0,17850733600.0,0.0,0.0,12.6,13.6,11.9,1451812.0
2021-02-26,13.5,13.5,-0.7353,13.135,709200.0,9315240000.0,0.0,0.0,13.0,13.5,12.8,709200.0
2021-03-01,13.3,13.3,-1.4815,13.322,645670.0,8601458000.0,0.0,0.0,13.5,13.5,13.0,645670.0
2021-03-02,13.3,13.3,0.0,13.295,776500.0,10323210000.0,0.0,0.0,13.3,13.6,13.0,776500.0
2021-03-03,13.9,13.9,4.5113,13.868,873400.0,12112720000.0,0.0,0.0,13.4,14.2,13.4,873400.0
2021-03-04,13.9,13.9,0.0,13.541,729700.0,9881020000.0,0.0,0.0,14.0,14.2,13.1,729700.0
2021-03-05,13.8,13.8,-0.7194,13.582,674200.0,9156790000.0,0.0,0.0,13.5,14.0,13.2,674200.0
2021-03-08,14.4,14.4,4.3478,14.202,711240.0,10101225200.0,0.0,0.0,13.9,14.5,13.9,711240.0
2021-03-09,15.0,15.0,4.1667,15.009,732553.0,10995105800.000002,110000.0,1584000000.0,14.4,15.6,14.2,842553.0
2021-03-10,14.7,14.7,-2.0,14.797,564319.0,8350104999.999999,100000.0,1500000000.0,15.0,15.0,14.5,664319.0
2021-03-11,14.8,14.8,0.6803,14.585,559000.0,8153250000.0,101640.0,1494108000.0,14.7,14.8,14.4,660640.0
2021-03-12,15.0,15.0,1.3514,14.839,375500.0,5572070000.0,107360.0,1492304000.0,14.8,15.1,14.7,482860.0
2021-03-15,15.2,15.2,1.3333,14.959,398324.0,5958618000.0,140732.0,1899957000.0,14.9,15.2,14.7,539056.0
2021-03-16,15.8,15.8,3.9474,15.49,909695.0,14091213900.0,0.0,0.0,15.2,15.8,15.2,909695.0
2021-03-17,16.1,16.1,1.8987,16.173,406650.0,6576648200.0,0.0,0.0,15.9,16.4,15.9,406650.0
2021-03-18,15.9,15.9,-1.2422,15.921,316289.0,5035670800.0,0.0,0.0,16.1,16.4,15.8,316289.0
2021-03-19,15.4,15.4,-3.1447,15.493,564685.0,8748507500.0,0.0,0.0,15.9,15.9,15.2,564685.0
2021-03-22,14.8,14.8,-3.8961,14.972,575612.0,8617831200.0,0.0,0.0,15.4,15.4,14.7,575612.0
2021-03-23,14.3,14.3,-3.3784,14.184,846324.0,12004126400.0,0.0,0.0,14.8,14.8,13.7,846324.0
2021-03-24,14.0,14.0,-2.0979,13.83,479450.0,6630821800.0,0.0,0.0,14.4,14.4,13.2,479450.0
2021-03-25,13.9,13.9,-0.7143,13.717,366400.0,5025970000.0,0.0,0.0,14.0,14.0,13.4,366400.0
2021-03-26,13.5,13.5,-2.8777,13.349,470524.0,6280990600.0,0.0,0.0,13.6,13.9,13.0,470524.0
2021-03-29,14.2,14.2,5.1852,13.944,247814.0,3455425000.0,0.0,0.0,13.5,14.2,13.5,247814.0
2021-03-30,14.4,14.4,1.4085,14.536,324325.0,4714249700.0,0.0,0.0,14.3,14.9,14.2,324325.0
2021-03-31,13.8,13.8,-4.1667,13.99,281804.0,3942486800.0,0.0,0.0,14.5,14.5,13.8,281804.0
2021-04-01,14.0,14.0,1.4493,13.857,338500.0,4690470000.0,0.0,0.0,14.0,14.2,13.7,338500.0
2021-04-02,14.1,14.1,0.7143,14.019,416214.0,5835025800.0,0.0,0.0,14.0,14.3,13.8,416214.0
2021-04-05,13.9,13.9,-1.4184,13.98,395010.0,5522410000.0,0.0,0.0,14.2,14.2,13.9,395010.0
2021-04-06,14.0,14.0,0.7194,13.929,466257.0,6494331100.0,0.0,0.0,13.9,14.2,13.7,466257.0
2021-04-07,14.6,14.6,4.2857,14.135,472400.0,6677590000.0,0.0,0.0,14.0,14.6,13.8,472400.0
2021-04-08,14.6,14.6,0.0,14.526,278100.0,4039600000.0,0.0,0.0,14.6,14.7,14.2,278100.0
2021-04-09,14.5,14.5,-0.6849,14.556,401911.0,5850169500.0,0.0,0.0,14.6,14.8,14.2,401911.0
2021-04-12,14.0,14.0,-3.4483,14.164,445701.0,6312873600.0,0.0,0.0,14.5,14.5,14.0,445701.0
2021-04-13,13.8,13.8,-1.4286,13.739,648732.0,8913192400.0,0.0,0.0,14.0,14.0,13.5,648732.0
2021-04-14,13.5,13.5,-2.1739,13.529,386657.0,5231121000.0,0.0,0.0,13.8,13.8,13.1,386657.0
2021-04-15,13.2,13.2,-2.2222,13.347,299300.0,3994680000.0,0.0,0.0,13.5,13.7,13.2,299300.0
2021-04-16,13.0,13.0,-1.5152,12.903,443923.0,5727967500.0,0.0,0.0,13.2,13.3,12.5,443923.0
2021-04-19,13.4,13.4,3.0769,13.029,243119.0,3167565000.0,0.0,0.0,13.0,13.5,12.6,243119.0
2021-04-20,13.2,13.2,-1.4925,13.18,175821.0,2317339300.0,0.0,0.0,13.4,13.5,13.0,175821.0
2021-04-22,12.4,12.4,-6.0606,12.686,306210.0,3884625000.0,0.0,0.0,13.1,13.1,12.4,306210.0
2021-04-23,12.4,12.4,0.0,12.053,341200.0,4112550000.0,0.0,0.0,12.2,12.5,11.7,341200.0
2021-04-26,11.9,11.9,-4.0323,11.976,232500.0,2784310000.0,0.0,0.0,12.6,12.6,11.8,232500.0
2021-04-27,11.4,11.4,-4.2017,11.588,221900.0,2571430000.0,0.0,0.0,11.9,12.0,11.4,221900.0
2021-04-28,11.6,11.6,1.7544,11.585,159521.0,1848061500.0,0.0,0.0,11.4,11.7,11.3,159521.0
2021-04-29,11.3,11.3,-2.5862,11.428,174840.0,1998061200.0,0.0,0.0,11.6,11.7,11.3,174840.0
2021-05-04,10.9,10.9,-3.5398,10.887,232700.0,2533400000.0,0.0,0.0,11.1,11.1,10.6,232700.0
2021-05-05,11.4,11.4,4.5872,11.173,200056.0,2235276000.0,0.0,0.0,10.9,11.6,10.9,200056.0
2021-05-06,11.7,11.7,2.6316,11.634,221100.0,2572280000.0,0.0,0.0,11.4,12.1,11.3,221100.0
2021-05-07,11.5,11.5,-1.7094,11.557,76700.0,886440000.0,0.0,0.0,11.6,12.0,11.4,76700.0
2021-05-10,11.3,11.3,-1.7391,11.255,132812.0,1494778000.0,0.0,0.0,11.2,11.5,11.0,132812.0
2021-05-11,11.5,11.5,1.7699,11.437,133928.0,1531722000.0,0.0,0.0,11.1,11.6,11.1,133928.0
2021-05-12,11.5,11.5,0.0,11.481,104000.0,1194010000.0,0.0,0.0,11.5,11.7,11.3,104000.0
2021-05-13,11.4,11.4,-0.8696,11.364,142700.0,1621590000.0,0.0,0.0,11.5,11.6,11.2,142700.0
2021-05-14,11.4,11.4,0.0,11.328,96062.0,1088230600.0,0.0,0.0,11.4,11.5,11.2,96062.0
2021-05-17,11.4,11.4,0.0,11.45,108000.0,1236550000.0,0.0,0.0,11.4,11.7,11.2,108000.0
2021-05-18,11.1,11.1,-2.6316,11.223,60000.0,673380000.0,0.0,0.0,11.4,11.4,11.1,60000.0
2021-05-19,11.1,11.1,0.0,11.124,130100.0,1447260000.0,0.0,0.0,11.1,11.4,10.9,130100.0
2021-05-20,11.0,11.0,-0.9009,10.961,82000.0,898840000.0,0.0,0.0,11.1,11.3,10.7,82000.0
2021-05-21,11.1,11.1,0.9091,10.976,121501.0,1333650900.0,0.0,0.0,11.0,11.3,10.8,121501.0
2021-05-24,11.1,11.1,0.0,11.001,92105.0,1013221500.0,0.0,0.0,11.1,11.2,10.9,92105.0
2021-05-25,11.1,11.1,0.0,11.014,101097.0,1113460100.0,0.0,0.0,11.2,11.2,10.9,101097.0
2021-05-26,11.1,11.1,0.0,10.97,189407.0,2077762100.0,0.0,0.0,11.1,11.2,10.9,189407.0
2021-05-27,11.0,11.0,-0.9009,11.004,119600.0,1316120000.0,0.0,0.0,11.1,11.1,10.9,119600.0
2021-05-28,10.9,10.9,-0.9091,10.922,135800.0,1483180000.0,0.0,0.0,10.9,11.1,10.8,135800.0
2021-05-31,10.8,10.8,-0.9174,10.831,172807.0,1871706300.0,0.0,0.0,10.9,11.1,10.6,172807.0
2021-06-01,11.8,11.8,9.2593,11.194,430300.0,4816859999.999999,27.0,264600.0,10.8,11.8,10.6,430327.0
2021-06-02,12.9,12.9,9.322,12.789,562228.0,7190136400.0,0.0,0.0,12.1,12.9,12.1,562228.0
2021-06-03,13.5,13.5,4.6512,13.464,617200.0,8309930000.0,0.0,0.0,13.4,14.0,12.9,617200.0
2021-06-04,12.6,12.6,0.0,12.896,284741.0,3672137400.0,0.0,0.0,13.5,13.5,12.5,284741.0
2021-06-07,12.6,12.6,0.0,12.66,332520.0,4209746000.0,0.0,0.0,12.0,13.2,12.0,332520.0
2021-06-08,11.6,11.6,-7.9365,11.901,428240.0,5096612000.0,0.0,0.0,12.4,12.6,11.4,428240.0
2021-06-09,11.7,11.7,0.8621,11.612,144500.0,1677980000.0,0.0,0.0,11.5,12.0,11.4,144500.0
2021-06-10,11.5,11.5,-1.7094,11.601,66200.0,767960000.0,0.0,0.0,11.7,11.8,11.5,66200.0
2021-06-11,11.8,11.8,2.6087,11.726,176000.0,2063830000.0,0.0,0.0,11.5,12.0,11.3,176000.0
2021-06-14,11.9,11.9,0.8475,11.863,234100.0,2777180000.0,0.0,0.0,11.8,12.2,11.5,234100.0
2021-06-15,11.9,11.9,0.0,12.114,196856.0,2384722000.0,0.0,0.0,12.0,12.3,11.9,196856.0
2021-06-16,11.9,11.9,0.0,11.86,90122.0,1068881800.0,0.0,0.0,12.0,12.0,11.7,90122.0
2021-06-17,11.8,11.8,-0.8403,11.784,221600.0,2611240000.0,0.0,0.0,11.7,12.1,11.5,221600.0
2021-06-18,12.0,12.0,1.6949,11.885,273500.0,3250490000.0,0.0,0.0,11.8,12.0,11.7,273500.0
2021-06-21,12.3,12.3,2.5,12.375,129647.0,1604456900.0,0.0,0.0,12.1,12.8,12.0,129647.0
2021-06-22,12.5,12.5,1.626,12.724,372664.0,4741936400.0,0.0,0.0,12.5,13.0,12.5,372664.0
2021-06-23,12.1,12.1,-3.2,12.248,126300.0,1546940000.0,0.0,0.0,12.5,12.5,12.0,126300.0
2021-06-24,12.1,12.1,0.0,12.105,97200.0,1176630000.0,0.0,0.0,12.1,12.3,12.0,97200.0
2021-06-25,12.0,12.0,-0.8264,11.992,176444.0,2115870000.0,0.0,0.0,12.1,12.2,11.8,176444.0
2021-06-28,12.1,12.1,0.8333,11.932,139127.0,1660080600.0,0.0,0.0,12.0,12.1,11.8,139127.0
2021-06-29,11.9,11.9,-1.6529,11.907,137800.0,1640830000.0,0.0,0.0,12.1,12.1,11.8,137800.0
2021-06-30,11.9,11.9,0.0,11.804,109164.0,1288496600.0,0.0,0.0,11.9,11.9,11.7,109164.0
2021-07-01,11.9,11.9,0.0,11.752,177606.0,2087226600.0,0.0,0.0,11.9,11.9,11.5,177606.0
2021-07-02,11.7,11.7,-1.6807,11.769,94386.0,1110818400.0,0.0,0.0,11.9,11.9,11.7,94386.0
2021-07-05,11.8,11.8,0.8547,11.826,240554.0,2844829800.0,0.0,0.0,11.7,12.0,11.5,240554.0
2021-07-06,11.7,11.7,-0.8475,11.788,142800.0,1683370000.0,0.0,0.0,11.8,11.9,11.7,142800.0
2021-07-07,11.5,11.5,-1.7094,11.372,229601.0,2610911400.0,0.0,0.0,11.5,11.8,10.6,229601.0
2021-07-08,11.4,11.4,-0.8696,11.358,69512.0,789488000.0,0.0,0.0,11.5,11.5,11.2,69512.0
2021-07-09,11.3,11.3,-0.8772,11.307,87800.0,992760000.0,0.0,0.0,11.3,11.5,11.2,87800.0
2021-07-12,10.6,10.6,-6.1947,10.756,417200.0,4487470000.0,0.0,0.0,11.0,11.2,10.2,417200.0
2021-07-13,10.9,10.9,2.8302,10.708,50500.0,540750000.0,0.0,0.0,10.6,10.9,10.5,50500.0
2021-07-14,10.9,10.9,0.0,10.842,36400.0,394640000.0,0.0,0.0,11.0,11.0,10.7,36400.0
2021-07-15,11.0,11.0,0.9174,10.838,57000.0,617760000.0,0.0,0.0,10.9,11.0,10.7,57000.0
2021-07-16,11.0,11.0,0.0,11.023,22600.0,249120000.0,0.0,0.0,11.0,11.5,10.9,22600.0
2021-07-19,10.6,10.6,-3.6364,10.632,61900.0,658130000.0,0.0,0.0,10.7,10.9,10.6,61900.0
2021-07-20,10.8,10.8,1.8868,10.695,33100.0,354000000.0,0.0,0.0,10.6,10.9,10.6,33100.0
2021-07-21,11.0,11.0,1.8519,10.996,58350.0,641585000.0,0.0,0.0,11.0,11.3,10.8,58350.0
2021-07-22,11.1,11.1,0.9091,11.071,74137.0,820723800.0,0.0,0.0,11.3,11.5,10.9,74137.0
2021-07-23,11.1,11.1,0.0,11.084,17801.0,197300900.0,0.0,0.0,11.5,11.5,10.9,17801.0
2021-07-26,10.7,10.7,-3.6036,10.751,46700.0,502050000.0,0.0,0.0,11.1,11.1,10.6,46700.0
2021-07-27,10.9,10.9,1.8692,10.86,104327.0,1133024300.0,0.0,0.0,10.9,11.0,10.8,104327.0
2021-07-28,10.9,10.9,0.0,10.925,32901.0,359430900.0,0.0,0.0,10.9,11.0,10.9,32901.0
2021-07-29,11.0,11.0,0.9174,10.928,78850.0,861710000.0,0.0,0.0,11.0,11.0,10.9,78850.0
2021-07-30,11.0,11.0,0.0,11.015,60050.0,661455000.0,0.0,0.0,11.0,11.1,10.9,60050.0
2021-08-02,10.9,10.9,-0.9091,10.955,102900.0,1127230000.0,0.0,0.0,11.1,11.1,10.8,102900.0
2021-08-03,11.1,11.1,1.8349,11.015,89419.0,984989000.0,0.0,0.0,11.0,11.2,10.9,89419.0
2021-08-04,11.2,11.2,0.9009,11.232,67400.0,757060000.0,0.0,0.0,11.2,11.4,11.1,67400.0
2021-08-05,11.3,11.3,0.8929,11.267,81400.0,917120000.0,0.0,0.0,11.1,11.4,11.1,81400.0
2021-08-06,11.3,11.3,0.0,11.204,56400.0,631900000.0,0.0,0.0,11.4,11.4,11.1,56400.0
2021-08-09,11.4,11.4,0.885,11.602,76400.0,886400000.0,0.0,0.0,11.4,11.8,11.4,76400.0
2021-08-10,11.6,11.6,1.7544,11.461,84700.0,970730000.0,0.0,0.0,11.4,11.7,11.4,84700.0
2021-08-11,11.7,11.7,0.8621,11.652,51700.0,602420000.0,0.0,0.0,11.7,11.9,11.6,51700.0
2021-08-12,11.7,11.7,0.0,11.591,100000.0,1159070000.0,0.0,0.0,11.7,11.7,11.5,100000.0
2021-08-13,11.5,11.5,-1.7094,11.471,100300.0,1150500000.0,0.0,0.0,11.5,11.7,11.3,100300.0
2021-08-16,12.6,12.6,9.5652,12.285,837600.0,10289467000.0,0.0,0.0,11.7,12.6,11.5,837600.0
2021-08-17,12.3,12.3,-2.381,12.718,544360.0,6923055000.0,0.0,0.0,12.9,13.5,12.2,544360.0
2021-08-18,12.9,12.9,4.878,12.921,836661.0,10810322700.0,0.0,0.0,12.4,13.1,12.3,836661.0
2021-08-19,14.1,14.1,9.3023,13.75,1228201.0,16887647999.999998,0.0,0.0,12.8,14.1,12.8,1228201.0
2021-08-20,13.2,13.2,-6.383,13.95,848500.0,11836440000.0,24.0,348000.0,14.1,14.6,13.0,848524.0
2021-08-23,13.5,13.5,2.2727,13.371,478200.0,6393910000.0,0.0,0.0,13.0,13.6,13.0,478200.0
2021-08-24,12.5,12.5,-7.4074,12.731,596256.0,7590865600.0,0.0,0.0,13.5,13.5,12.3,596256.0
2021-08-25,12.5,12.5,0.0,12.333,387410.0,4777782000.0,0.0,0.0,12.5,12.8,12.0,387410.0
2021-08-26,12.9,12.9,3.2,12.768,387361.0,4945912500.0,0.0,0.0,12.7,13.0,12.3,387361.0
2021-08-27,13.5,13.5,4.6512,13.048,364778.0,4759637200.0,0.0,0.0,12.9,13.7,12.5,364778.0
2021-08-30,14.2,14.2,5.1852,14.019,577400.0,8094360000.0,0.0,0.0,13.6,14.4,13.6,577400.0
2021-08-31,13.8,13.8,-2.8169,14.202,729037.0,10353804700.0,0.0,0.0,14.1,14.6,13.7,729037.0
2021-09-01,13.8,13.8,0.0,13.729,348410.0,4783166000.0,0.0,0.0,13.8,14.0,13.4,348410.0
2021-09-06,14.1,14.1,2.1739,14.223,641437.0,9123008000.0,0.0,0.0,13.8,14.5,13.8,641437.0
2021-09-07,13.3,13.3,-5.6738,13.75,445576.0,6126706600.0,0.0,0.0,14.1,14.5,13.3,445576.0
2021-09-08,13.4,13.4,0.7519,13.397,295901.0,3964163500.0,0.0,0.0,13.3,13.7,13.2,295901.0
2021-09-09,13.4,13.4,0.0,13.348,245100.0,3271500000.0,0.0,0.0,13.5,13.7,13.2,245100.0
2021-09-10,13.2,13.2,-1.4925,13.371,226700.0,3031120000.0,0.0,0.0,13.4,13.6,13.2,226700.0
