2017-11-06,32.152,40.55,19.9704,40.55,800.0,32440000.0,0.0,0.0,40.55,40.55,40.55,800.0
2017-11-07,32.152,40.55,0.0,0.0,0.0,0.0,414939570.0,16861296817200.0,40.55,40.55,40.55,414939570.0
2017-11-08,32.152,40.55,0.0,0.0,0.0,0.0,0.0,0.0,40.55,40.55,40.55,0.0
2017-11-09,32.152,40.55,0.0,0.0,0.0,0.0,0.0,0.0,40.55,40.55,40.55,0.0
2017-11-10,34.372,43.35,6.9051,43.35,31030.0,1345150500.0,2055000.0,86125500000.0,43.35,43.35,43.35,2086030.0
2017-11-13,36.751,46.35,6.9204,46.35,132380.0,6135813000.0,2354822.0,108592249700.0,46.35,46.35,46.35,2487202.0
2017-11-14,37.266,47.0,1.4024,48.95,15464870.0,756941540000.0,2819630.0,139043751500.0,49.55,49.55,46.35,18284500.0
2017-11-15,35.284,44.5,-5.3191,44.95,6550260.0,294451917000.0,565000.0,25044010000.0,46.35,47.0,43.8,7115260.0
2017-11-16,34.888,44.0,-1.1236,43.77,5521990.0,241719956000.0,649500.0,28097300000.0,44.5,44.5,42.75,6171490.0
2017-11-17,35.363,44.6,1.3636,44.5,10742380.0,478063833000.0,530010.0,23544725000.0,44.0,45.5,43.3,11272390.0
2017-11-20,37.821,47.7,6.9507,47.2,3176670.0,149945417000.0,150000.0,7080300000.0,45.6,47.7,45.0,3326670.0
2017-11-21,40.438,51.0,0.0,50.75,8062730.0,409219535500.0,450000.0,22950000000.0,49.9,51.0,49.0,8512730.0
2017-11-22,40.914,51.6,1.1765,52.19,7455670.0,389095122000.0,0.0,0.0,51.5,54.0,50.4,7455670.0
2017-11-23,41.231,52.0,0.7752,51.83,2316540.0,120077103000.0,0.0,0.0,51.6,52.8,50.5,2316540.0
2017-11-24,40.121,50.6,-2.6923,51.34,2384820.0,122444696000.0,209000.0,10672803000.0,51.5,52.1,50.5,2593820.0
2017-11-27,40.517,51.1,0.9881,50.17,3451040.0,173151273000.0,21000.0,989100000.0,50.6,52.0,49.0,3472040.0
2017-11-28,39.487,49.8,-2.544,50.31,2811900.0,141464061000.0,638000.0,31698880000.0,51.9,51.9,49.5,3449900.0
2017-11-29,39.169,49.4,-0.8032,49.33,1595900.0,78725334000.0,0.0,0.0,49.5,50.2,48.85,1595900.0
2017-11-30,38.852,49.0,-0.8097,48.5,3235960.0,156942639500.0,0.0,0.0,49.0,49.0,47.85,3235960.0
2017-12-01,39.249,49.5,1.0204,49.32,1312140.0,64713130000.0,96000.0,4377600000.0,49.2,49.9,48.5,1408140.0
2017-12-04,39.249,49.5,0.0,49.37,1584010.0,78206952000.0,520000.0,25771000000.0,49.9,50.0,48.85,2104010.0
2017-12-05,38.059,48.0,-3.0303,49.02,1980030.0,97065119500.0,500000.0,24850000000.0,50.0,50.0,47.9,2480030.0
2017-12-06,37.346,47.1,-1.875,47.31,1834150.0,86767996500.0,0.0,0.0,48.0,48.5,46.7,1834150.0
2017-12-07,36.474,46.0,-2.3355,46.72,1067350.0,49867543000.0,0.0,0.0,47.7,47.9,46.0,1067350.0
2017-12-08,37.266,47.0,2.1739,45.95,1558790.0,71620514000.0,100000.0,4641500000.0,46.0,47.65,44.4,1658790.0
2017-12-11,35.68,45.0,-4.2553,45.54,943290.0,42957163500.0,36800.0,1840000000.0,45.0,46.5,45.0,980090.0
2017-12-12,36.474,46.0,2.2222,45.16,1598220.0,72181348500.0,0.0,0.0,45.2,46.1,43.1,1598220.0
2017-12-13,36.354,45.85,-0.3261,45.7,883220.0,40364601500.0,0.0,0.0,46.0,46.1,45.4,883220.0
2017-12-14,35.839,45.2,-1.4177,45.21,1424710.0,64404595000.0,64000.0,2891968000.0,45.7,45.8,44.9,1488710.0
2017-12-15,36.394,45.9,1.5487,45.83,1761240.0,80715868000.0,0.0,0.0,45.1,46.4,45.1,1761240.0
2017-12-18,36.712,46.3,0.8715,46.27,2414320.0,111717541500.0,86800.0,4025040000.0,46.6,46.9,45.9,2501120.0
2017-12-19,36.712,46.3,0.0,46.42,1297970.0,60256221500.0,0.0,0.0,46.65,46.95,45.4,1297970.0
2017-12-20,36.314,45.8,-1.0799,45.86,1430200.0,65594481000.0,150000.0,6465000000.0,45.7,46.2,45.6,1580200.0
2017-12-21,38.218,48.2,5.2402,47.45,2896650.0,137439514500.0,1050000.0,50159000000.0,46.0,48.3,45.8,3946650.0
2017-12-22,37.901,47.8,-0.8299,48.55,962890.0,46744422000.0,604890.0,29365594830.0,48.2,48.85,47.8,1567780.0
2017-12-25,37.266,47.0,-1.6736,47.32,881540.0,41718189000.0,175040.0,8944544000.0,47.8,48.0,47.0,1056580.0
2017-12-26,38.059,48.0,2.1277,47.55,1555640.0,73975003500.0,500000.0,23791000000.0,47.2,48.45,46.8,2055640.0
2017-12-27,37.623,47.45,-1.1458,47.55,1103520.0,52471086000.0,120000.0,5705880000.0,47.8,48.2,47.35,1223520.0
2017-12-28,37.187,46.9,-1.1591,47.06,940350.0,44250395000.0,600330.0,28872999530.0,47.7,47.7,46.9,1540680.0
2017-12-29,37.385,47.15,0.533,47.04,2825760.0,132922237000.0,0.0,0.0,46.8,47.75,46.2,2825760.0
2018-01-02,37.544,47.35,0.4242,47.41,596280.0,28271746500.0,561510.0,26556772000.0,47.1,47.7,47.1,1157790.0
2018-01-03,37.584,47.4,0.1056,47.97,1663590.0,79803284500.0,250000.0,11827600000.0,47.5,48.45,47.4,1913590.0
2018-01-04,37.425,47.2,-0.4219,47.37,935370.0,44310758000.0,1000000.0,47336500000.0,47.85,48.0,46.9,1935370.0
2018-01-05,37.266,47.0,-0.4237,47.13,1664520.0,78455412000.0,500000.0,23580300000.0,47.2,47.5,46.95,2164520.0
2018-01-08,36.79,46.4,-1.2766,46.51,1708070.0,79439869000.0,200000.0,9301800000.0,47.0,47.15,46.2,1908070.0
2018-01-09,37.266,47.0,1.2931,46.92,1945080.0,91262425500.0,240000.0,11260800000.0,46.5,47.3,46.4,2185080.0
2018-01-10,39.487,49.8,5.9574,49.02,3018830.0,147978500500.0,50000.0,2380000000.0,47.0,50.2,47.0,3068830.0
2018-01-11,41.152,51.9,4.2169,51.48,2676140.0,137762409000.0,110200.0,5697340000.0,49.7,52.2,49.0,2786340.0
2018-01-12,43.61,55.0,5.973,54.53,4587910.0,250186318000.0,20000.0,1060000000.0,52.2,55.5,52.1,4607910.0
2018-01-15,43.292,54.6,-0.7273,54.96,2874160.0,157969836000.0,2124860.0,114019795320.0,55.0,55.6,53.7,4999020.0
2018-01-16,42.738,53.9,-1.2821,54.32,2440360.0,132566396000.0,1000000.0,54000000000.0,54.9,54.9,53.8,3440360.0
2018-01-17,43.61,55.0,2.0408,55.64,3459330.0,192476559000.0,1618000.0,89767332000.0,54.3,57.3,54.0,5077330.0
2018-01-18,45.591,57.5,4.5455,56.4,2999350.0,169148600000.0,400000.0,22558000000.0,54.6,58.8,54.5,3399350.0
2018-01-19,48.366,61.0,6.087,60.59,3426360.0,207619629000.0,0.0,0.0,58.7,61.5,58.5,3426360.0
2018-01-22,47.178,59.5,-2.459,59.56,3749050.0,223303920000.0,2540000.0,149860000000.0,60.1,61.0,58.5,6289050.0
2018-01-25,44.403,56.0,-5.8824,59.44,7105690.0,422372769000.0,686490.0,40952313000.0,59.0,61.4,56.0,7792180.0
2018-01-26,43.61,55.0,-1.7857,56.31,4619400.0,260127242000.0,2000000.0,105000000000.0,57.0,58.5,55.0,6619400.0
2018-01-29,43.61,55.0,0.0,55.84,4390910.0,245172951000.0,0.0,0.0,56.9,57.9,54.9,4390910.0
2018-01-30,43.768,55.2,0.3636,55.19,2951010.0,162871757000.0,122490.0,6760468080.0,55.0,56.3,54.5,3073500.0
2018-01-31,43.927,55.4,0.3623,56.41,6251570.0,352641533000.0,0.0,0.0,55.9,58.7,55.4,6251570.0
2018-02-01,43.61,55.0,-0.722,54.06,3912850.0,211518943000.0,0.0,0.0,55.5,55.5,53.0,3912850.0
2018-02-02,43.689,55.1,0.1818,54.81,1375890.0,75418997000.0,859000.0,47086085000.0,54.9,55.1,54.4,2234890.0
2018-02-05,40.676,51.3,-6.8966,52.24,3142830.0,164176927000.0,278000.0,15012000000.0,54.0,54.5,51.3,3420830.0
2018-02-06,37.861,47.75,-6.9201,47.8,9071240.0,433574682000.0,94500000.0,4512375000000.0,47.75,51.0,47.75,103571240.0
2018-02-07,40.438,51.0,6.8063,50.66,3212830.0,162756154000.0,0.0,0.0,50.4,51.0,49.1,3212830.0
2018-02-08,38.852,49.0,-3.9216,49.94,1062120.0,53042885000.0,602000.0,30160200000.0,50.0,51.5,49.0,1664120.0
2018-02-09,37.861,47.75,-2.551,46.75,3215790.0,150342019500.0,10760000.0,513790000000.0,45.8,47.75,45.6,13975790.0
2018-02-12,37.861,47.75,0.0,47.0,3845820.0,180749091000.0,0.0,0.0,47.9,48.45,45.5,3845820.0
2018-02-13,38.099,48.05,0.6283,47.95,3305870.0,158521422500.0,3460110.0,165490030000.0,47.9,48.2,47.7,6765980.0
2018-02-21,39.249,49.5,3.0177,49.46,2928020.0,144818312500.0,746800.0,37041280000.0,50.0,50.0,48.7,3674820.0
2018-02-22,39.565,49.9,0.8081,49.55,3575630.0,177157350500.0,1000000.0,49546000000.0,49.0,49.9,49.0,4575630.0
2018-02-23,40.914,51.6,3.4068,50.81,3430070.0,174269576500.0,0.0,0.0,50.0,51.6,49.8,3430070.0
2018-02-26,43.61,55.0,6.5891,54.58,5377610.0,293521851000.0,554450.0,30312018900.0,54.0,55.2,52.7,5932060.0
2018-02-27,43.53,54.9,-0.1818,55.15,3097420.0,170812443000.0,2000000.0,110000000000.0,55.2,56.8,53.8,5097420.0
2018-02-28,42.658,53.8,-2.0036,54.5,5531320.0,301454578000.0,140890.0,7678505000.0,54.0,55.9,53.8,5672210.0
2018-03-01,43.927,55.4,2.974,54.76,3196120.0,175026134000.0,0.0,0.0,54.5,55.5,54.0,3196120.0
2018-03-02,43.768,55.2,-0.361,55.15,3044310.0,167889777000.0,0.0,0.0,54.4,55.5,54.4,3044310.0
2018-03-05,40.755,51.4,-6.8841,55.5,4686530.0,260117338000.0,29000.0,1537000000.0,55.9,56.4,51.4,4715530.0
2018-03-06,43.53,54.9,6.8093,53.8,3849780.0,207131625000.0,200000.0,10760600000.0,52.9,54.9,52.1,4049780.0
2018-03-07,43.292,54.6,-0.5464,54.89,2847760.0,156318892000.0,500000.0,27446000000.0,55.5,56.1,54.0,3347760.0
2018-03-08,44.165,55.7,2.0147,55.31,2586890.0,143081242000.0,2000000.0,110000000000.0,55.0,56.0,54.5,4586890.0
2018-03-09,44.165,55.7,0.0,56.05,3884030.0,217706220000.0,266600.0,14943463200.0,56.2,57.0,55.0,4150630.0
2018-03-12,44.244,55.8,0.1795,56.25,5799900.0,326232491000.0,4664320.0,261223361360.0,57.5,57.6,55.8,10464220.0
2018-03-13,44.244,55.8,0.0,55.51,5678180.0,315174802000.0,1346460.0,75033608760.0,56.0,56.0,54.9,7024640.0
2018-03-14,42.42,53.5,-4.1219,54.37,4665300.0,253655242000.0,0.0,0.0,55.9,56.2,53.3,4665300.0
2018-03-15,42.024,53.0,-0.9346,52.88,6265540.0,331326233000.0,0.0,0.0,53.2,54.5,51.5,6265540.0
2018-03-16,41.39,52.2,-1.5094,52.29,15641390.0,817825257000.0,17709450.0,928333290000.0,53.0,54.1,52.2,33350840.0
2018-03-19,42.024,53.0,1.5326,52.89,1745990.0,92343768000.0,650000.0,34430000000.0,52.2,53.6,52.2,2395990.0
2018-03-20,41.865,52.8,-0.3774,52.89,1240830.0,65628556000.0,270000.0,14344200000.0,53.0,53.3,52.5,1510830.0
2018-03-21,40.834,51.5,-2.4621,51.77,3173550.0,164279813000.0,842770.0,42138500000.0,52.8,52.9,50.7,4016320.0
2018-03-22,41.072,51.8,0.5825,51.85,1412140.0,73217684000.0,150000.0,7777350000.0,51.5,52.5,51.5,1562140.0
2018-03-23,39.565,49.9,-3.668,50.1,2521210.0,126320883000.0,0.0,0.0,50.2,50.8,49.2,2521210.0
2018-03-26,38.535,48.6,-2.6052,48.91,2399520.0,117367252500.0,0.0,0.0,49.5,50.0,48.5,2399520.0
2018-03-27,39.883,50.3,3.4979,50.26,1625420.0,81695299000.0,322740.0,16221235140.0,50.0,50.9,49.5,1948160.0
2018-03-28,40.279,50.8,0.994,50.94,710900.0,36212870000.0,687800.0,33175494200.0,50.7,51.5,50.3,1398700.0
2018-03-29,40.438,51.0,0.3937,50.63,1549830.0,78475194500.0,1604410.0,81033699790.0,51.4,51.4,49.6,3154240.0
2018-03-30,40.597,51.2,0.3922,50.98,1682610.0,85774923000.0,3000000.0,153000000000.0,50.8,51.4,50.3,4682610.0
2018-04-02,39.565,49.9,-2.5391,50.38,2006810.0,101097324500.0,300000.0,15900000000.0,51.2,51.4,49.85,2306810.0
2018-04-03,39.565,49.9,0.0,49.33,2078100.0,102510545500.0,160080.0,7888582320.0,50.0,50.4,48.9,2238180.0
2018-04-04,39.249,49.5,-0.8016,49.66,1132560.0,56246090000.0,4130000.0,206456190000.0,50.0,50.3,49.3,5262560.0
2018-04-05,39.011,49.2,-0.6061,49.45,1075160.0,53169465500.0,248080.0,12243244160.0,49.5,50.0,49.2,1323240.0
2018-04-06,41.627,52.5,6.7073,51.61,3742930.0,193158921500.0,100000.0,5160600000.0,49.0,52.6,49.0,3842930.0
2018-04-09,42.42,53.5,1.9048,53.78,3921740.0,210900309000.0,2077680.0,111327397360.0,53.5,54.3,53.1,5999420.0
2018-04-10,42.024,53.0,-0.9346,53.25,2853710.0,151953958000.0,0.0,0.0,53.5,54.0,52.6,2853710.0
2018-04-11,40.438,51.0,-3.7736,52.21,2465650.0,128739988000.0,6552950.0,346900887600.0,53.0,53.0,51.0,9018600.0
2018-04-12,41.072,51.8,1.5686,51.89,2250890.0,116803681000.0,0.0,0.0,51.0,52.5,50.7,2250890.0
2018-04-13,40.279,50.8,-1.9305,51.31,789100.0,40492480000.0,654270.0,33573865050.0,52.3,52.4,50.8,1443370.0
2018-04-16,40.2,50.7,-0.1969,50.41,665980.0,33569031000.0,0.0,0.0,50.2,51.2,49.9,665980.0
2018-04-17,39.645,50.0,-1.3807,50.23,1233470.0,61962432000.0,0.0,0.0,50.7,51.0,49.95,1233470.0
2018-04-18,38.059,48.0,-4.0,49.27,2055070.0,101248332500.0,0.0,0.0,50.2,50.5,48.0,2055070.0
2018-04-19,37.108,46.8,-2.5,47.62,2471560.0,117697340000.0,114000.0,5428920000.0,48.2,48.9,46.8,2585560.0
2018-04-20,38.059,48.0,2.5641,47.11,1434640.0,67592129000.0,0.0,0.0,46.8,48.0,46.5,1434640.0
2018-04-23,36.077,45.5,-5.2083,46.4,1661040.0,77071746000.0,4244000.0,203223800000.0,48.5,48.6,45.0,5905040.0
2018-04-24,38.059,48.0,5.4945,46.94,1978120.0,92848659000.0,3000000.0,144000000000.0,44.8,48.3,44.7,4978120.0
2018-04-26,36.077,45.5,-5.2083,45.85,2559440.0,117352589000.0,35700.0,1713600000.0,48.05,48.05,44.9,2595140.0
2018-04-27,36.712,46.3,1.7582,46.19,1568390.0,72450976000.0,124210.0,5336555000.0,46.2,46.8,45.4,1692600.0
2018-05-02,36.712,46.3,0.0,45.85,5343670.0,244996942500.0,200000.0,9160000000.0,46.9,47.0,44.8,5543670.0
2018-05-03,36.712,46.3,0.0,45.8,7397000.0,338790197500.0,0.0,0.0,46.3,47.5,44.8,7397000.0
2018-05-04,37.068,46.75,0.9719,46.6,1853480.0,86377656500.0,0.0,0.0,46.5,47.2,45.6,1853480.0
2018-05-07,37.108,46.8,0.107,46.75,1779760.0,83204714500.0,0.0,0.0,46.95,46.95,46.6,1779760.0
2018-05-08,36.314,45.8,-2.1368,46.28,993570.0,45987194500.0,201440.0,10072000000.0,46.8,46.9,45.8,1195010.0
2018-05-09,35.76,45.1,-1.5284,45.57,801110.0,36505936500.0,45000.0,2061000000.0,46.0,46.0,45.1,846110.0
2018-05-10,35.76,45.1,0.0,44.94,1532550.0,68870530500.0,0.0,0.0,45.1,45.2,44.3,1532550.0
2018-05-11,36.236,45.7,1.3304,45.45,858310.0,39006787000.0,147000.0,6689676000.0,44.5,45.9,44.5,1005310.0
2018-05-14,38.733,48.85,6.8928,47.4,2378110.0,112721902500.0,100000.0,4829500000.0,46.1,48.85,45.8,2478110.0
2018-05-15,37.98,47.9,-1.9447,48.46,2182670.0,105771922000.0,303000.0,15225000000.0,49.0,49.1,47.8,2485670.0
2018-05-16,36.474,46.0,-3.9666,46.78,1437910.0,67268058000.0,0.0,0.0,47.9,47.9,46.0,1437910.0
2018-05-17,36.474,46.0,0.0,46.41,1723590.0,79993628500.0,100000.0,4750000000.0,46.0,47.0,45.8,1823590.0
2018-05-18,37.028,46.7,1.5217,46.2,1740510.0,80406413500.0,0.0,0.0,46.9,46.9,45.5,1740510.0
2018-05-21,35.363,44.6,-4.4968,45.36,2166530.0,98267681000.0,0.0,0.0,46.7,47.0,44.6,2166530.0
2018-05-22,34.095,43.0,-3.5874,43.78,2855940.0,125028354000.0,88500.0,3859200000.0,44.3,45.0,42.4,2944440.0
2018-05-23,34.491,43.5,1.1628,42.72,2004030.0,85609457000.0,0.0,0.0,43.0,43.5,41.5,2004030.0
2018-05-24,34.571,43.6,0.2299,43.6,2242270.0,97772470500.0,0.0,0.0,43.9,44.5,43.4,2242270.0
2018-05-25,32.429,40.9,-6.1927,41.58,2872130.0,119423228500.0,0.0,0.0,43.8,43.9,40.55,2872130.0
2018-05-28,31.954,40.3,-1.467,39.39,4710840.0,185550026000.0,694940.0,27345194060.0,39.4,40.3,38.1,5405780.0
2018-05-29,34.095,43.0,6.6998,42.08,1616060.0,68004161500.0,9500000.0,399000000000.0,39.2,43.1,39.2,11116060.0
2018-05-30,33.301,42.0,-2.3256,42.29,1113380.0,47090288000.0,10000000.0,420000000000.0,42.8,43.0,41.6,11113380.0
2018-05-31,34.095,43.0,2.381,42.91,1631960.0,70027817500.0,11000000.0,462500000000.0,41.3,43.4,41.3,12631960.0
2018-06-01,36.038,45.45,5.6977,44.8,2668090.0,119537417500.0,300000.0,13497600000.0,43.7,45.45,43.15,2968090.0
2018-06-04,36.156,45.6,0.33,45.24,1301620.0,58888032500.0,744840.0,33643856080.0,45.5,45.8,44.7,2046460.0
2018-06-05,35.918,45.3,-0.6579,45.68,770010.0,35177062000.0,1285380.0,58556989480.0,45.6,46.25,45.1,2055390.0
2018-06-06,35.918,45.3,0.0,45.31,862170.0,39066295500.0,0.0,0.0,45.6,45.8,44.85,862170.0
2018-06-07,35.68,45.0,-0.6623,45.67,1577590.0,72055182500.0,340000.0,15732910000.0,45.5,46.5,45.0,1917590.0
2018-06-08,35.284,44.5,-1.1111,44.55,1029530.0,45870376000.0,0.0,0.0,44.9,45.2,44.2,1029530.0
2018-06-11,35.76,45.1,1.3483,45.31,1700470.0,77045745500.0,91200.0,4142851200.0,44.5,46.0,44.5,1791670.0
2018-06-12,35.284,44.5,-1.3304,44.66,1835490.0,81982013500.0,267610.0,12482133230.0,44.6,45.15,44.0,2103100.0
2018-06-13,35.68,45.0,1.1236,44.64,703960.0,31427059500.0,63000.0,2803500000.0,44.5,45.0,44.2,766960.0
2018-06-14,35.284,44.5,-1.1111,44.89,658980.0,29580240500.0,300000.0,14400000000.0,45.4,45.4,44.5,958980.0
2018-06-15,35.68,45.0,1.1236,44.88,3948110.0,177193225000.0,0.0,0.0,44.0,45.0,43.9,3948110.0
2018-06-18,33.301,42.0,-6.6667,43.59,653810.0,28500668000.0,68000.0,3230000000.0,44.6,44.9,42.0,721810.0
2018-06-19,31.637,39.9,-5.0,40.52,2291390.0,92839182000.0,208150.0,8433613550.0,41.0,42.0,39.55,2499540.0
2018-06-20,32.192,40.6,1.7544,40.45,1244080.0,50323673000.0,250000.0,10116500000.0,41.0,41.0,39.9,1494080.0
2018-06-21,30.526,38.5,-5.1724,39.07,1564770.0,61128618000.0,0.0,0.0,40.6,40.6,38.5,1564770.0
2018-06-22,31.716,40.0,0.0,39.41,2029080.0,79972489500.0,0.0,0.0,38.0,40.0,38.0,2029080.0
2018-06-25,32.35,40.8,2.0,41.24,725800.0,29932588500.0,0.0,0.0,42.0,42.0,40.8,725800.0
2018-06-26,32.271,40.7,-0.2451,39.95,833120.0,33282721000.0,0.0,0.0,40.0,40.7,39.7,833120.0
2018-06-27,31.478,39.7,-2.457,39.88,445810.0,17779266500.0,0.0,0.0,40.7,40.7,39.7,445810.0
2018-06-28,30.21,38.1,-4.0302,38.53,750120.0,28900637000.0,0.0,0.0,39.4,39.5,38.1,750120.0
2018-06-29,30.764,38.8,1.8373,38.38,1982580.0,76099805500.0,0.0,0.0,38.5,39.05,37.8,1982580.0
2018-07-02,30.686,38.7,-0.2577,38.11,1154150.0,43980722000.0,813240.0,31266668680.0,39.0,39.0,37.4,1967390.0
2018-07-03,30.368,38.3,-1.0336,38.1,1347510.0,51342926000.0,0.0,0.0,38.25,38.7,37.1,1347510.0
2018-07-04,30.606,38.6,0.7833,38.07,928320.0,35339535000.0,0.0,0.0,37.9,38.8,37.0,928320.0
2018-07-05,29.852,37.65,-2.4611,37.58,640760.0,24078491500.0,0.0,0.0,38.0,38.5,36.3,640760.0
2018-07-06,28.941,36.5,-3.0544,36.78,1038790.0,38206959500.0,0.0,0.0,36.4,37.8,36.05,1038790.0
2018-07-09,29.258,36.9,1.0959,37.47,666540.0,24976257000.0,0.0,0.0,36.5,37.95,36.5,666540.0
2018-07-10,28.782,36.3,-1.626,36.93,572200.0,21133988000.0,100000.0,3690000000.0,36.9,37.45,36.3,672200.0
2018-07-11,28.307,35.7,-1.6529,35.67,1002400.0,35757870500.0,0.0,0.0,35.85,36.2,35.0,1002400.0
2018-07-12,28.941,36.5,2.2409,36.2,870620.0,31520585500.0,255730.0,9311129300.0,35.7,36.8,35.7,1126350.0
2018-07-13,28.941,36.5,0.0,36.51,614740.0,22441108500.0,1551230.0,56634126750.0,36.5,36.7,36.35,2165970.0
2018-07-16,29.972,37.8,3.5616,37.29,1164760.0,43438325000.0,300000.0,11188200000.0,37.0,38.1,36.45,1464760.0
2018-07-17,32.033,40.4,6.8783,39.18,1512280.0,59246513500.0,3627910.0,143281130070.0,38.1,40.4,37.7,5140190.0
2018-07-18,34.095,43.0,6.4356,42.67,2647250.0,112970577500.0,3311800.0,141521065000.0,41.0,43.05,41.0,5959050.0
2018-07-19,34.095,43.0,0.0,42.18,1913300.0,80701338500.0,1437230.0,60622334750.0,42.9,43.0,41.2,3350530.0
2018-07-20,33.301,42.0,-2.3256,41.86,2968820.0,124275275000.0,1437230.0,60162447800.0,42.0,42.5,41.2,4406050.0
2018-07-23,33.183,41.85,-0.3571,42.1,823830.0,34681822500.0,1625570.0,68367990970.0,41.5,42.8,41.0,2449400.0
2018-07-24,33.025,41.65,-0.4779,41.72,741670.0,30939741000.0,1783000.0,74885107000.0,41.3,42.0,41.3,2524670.0
2018-07-25,32.509,41.0,-1.5606,41.38,903410.0,37385445500.0,4263490.0,178872830870.0,41.65,41.7,41.0,5166900.0
2018-07-26,31.795,40.1,-2.1951,40.07,1817100.0,72808138500.0,0.0,0.0,41.0,41.0,39.85,1817100.0
2018-07-27,31.082,39.2,-2.2444,40.0,854230.0,34173373000.0,0.0,0.0,40.6,40.8,39.2,854230.0
2018-07-30,31.557,39.8,1.5306,39.86,789770.0,31480632000.0,100000.0,4000000000.0,40.0,40.1,39.5,889770.0
2018-07-31,32.192,40.6,2.0101,40.49,1817460.0,73588092000.0,0.0,0.0,39.8,41.8,39.7,1817460.0
2018-08-01,32.271,40.7,0.2463,40.64,858810.0,34901559000.0,1537770.0,62488193630.0,40.6,41.0,40.5,2396580.0
2018-08-02,31.756,40.05,-1.5971,40.33,737700.0,29754563000.0,3348710.0,135036930100.0,40.95,40.95,39.95,4086410.0
2018-08-03,32.905,41.5,3.6205,41.6,2372910.0,98701476500.0,508740.0,21112710000.0,40.6,42.4,40.25,2881650.0
2018-08-06,33.301,42.0,0.0,42.4,1858550.0,78803384500.0,199140.0,8448315360.0,41.7,42.9,41.6,2057690.0
2018-08-07,33.301,42.0,0.0,42.08,1033000.0,43468104000.0,200000.0,8415800000.0,41.9,42.5,41.8,1233000.0
2018-08-08,33.421,42.15,0.0,42.2,1362870.0,57514336000.0,270000.0,11393220000.0,42.0,42.65,41.75,1632870.0
2018-08-09,32.509,41.0,-2.7284,41.63,1384190.0,57628309500.0,420000.0,17472460000.0,42.15,42.45,40.85,1804190.0
2018-08-10,31.875,40.2,-1.9512,40.39,1402470.0,56640502000.0,165230.0,6672978780.0,40.85,41.2,39.95,1567700.0
2018-08-13,31.875,40.2,0.0,40.08,1104860.0,44281387000.0,172890.0,6941214830.0,40.0,40.45,39.5,1277750.0
2018-08-14,32.033,40.4,0.4975,40.44,1299900.0,52563257000.0,0.0,0.0,40.5,40.8,40.15,1299900.0
2018-08-15,31.557,39.8,-1.4851,40.15,865720.0,34757011500.0,116000.0,4657168000.0,40.5,40.6,39.8,981720.0
2018-08-16,31.716,40.0,0.5025,39.88,1346100.0,53678781500.0,0.0,0.0,39.55,40.05,39.55,1346100.0
2018-08-17,31.597,39.85,-0.375,39.98,632150.0,25272192500.0,0.0,0.0,40.0,40.45,39.8,632150.0
2018-08-20,31.32,39.5,-0.8783,39.71,758030.0,30101646000.0,0.0,0.0,39.75,40.0,39.5,758030.0
2018-08-21,31.32,39.5,0.0,39.4,1032810.0,40689500500.0,0.0,0.0,39.5,39.7,39.25,1032810.0
2018-08-22,31.676,39.95,1.1392,39.99,883960.0,35349811000.0,0.0,0.0,40.0,40.25,39.8,883960.0
2018-08-23,32.192,40.6,1.627,40.67,1373150.0,55849682500.0,0.0,0.0,40.0,41.2,39.9,1373150.0
2018-08-24,32.271,40.7,0.2463,40.99,1522280.0,62400957000.0,500000.0,20401454000.0,40.85,41.4,40.6,2022280.0
2018-08-27,32.113,40.5,-0.4914,40.69,1020030.0,41508564000.0,0.0,0.0,40.95,41.0,40.4,1020030.0
2018-08-28,31.756,40.05,-1.1111,40.17,1338450.0,53763640000.0,0.0,0.0,40.2,40.5,40.0,1338450.0
2018-08-29,31.399,39.6,-1.1236,39.66,1666850.0,66108749500.0,0.0,0.0,40.0,40.0,39.5,1666850.0
2018-08-30,31.676,39.95,0.8838,39.66,943930.0,37438133500.0,0.0,0.0,39.5,39.95,39.5,943930.0
2018-08-31,31.2,39.35,-1.5019,39.56,1535530.0,60752449000.0,1508190.0,59760637320.0,39.9,39.9,39.35,3043720.0
2018-09-04,30.05,37.9,-3.6849,38.55,2123050.0,81839795000.0,0.0,0.0,39.25,39.45,37.9,2123050.0
2018-09-05,29.179,36.8,-2.9024,37.31,1870870.0,69809368500.0,20000.0,785000000.0,37.8,38.0,36.8,1890870.0
2018-09-06,28.98,36.55,-0.6793,36.94,1220580.0,45090498500.0,416740.0,15419380000.0,37.0,37.3,36.55,1637320.0
2018-09-07,29.852,37.65,3.0096,37.24,1606460.0,59824936500.0,300000.0,10215000000.0,36.55,37.7,36.55,1906460.0
2018-09-10,29.932,37.75,0.2656,37.67,1093140.0,41175863500.0,949440.0,35758742840.0,37.7,37.85,37.0,2042580.0
2018-09-11,30.368,38.3,1.457,38.16,1343810.0,51281565500.0,296270.0,11306316030.0,37.8,38.5,37.65,1640080.0
2018-09-12,30.05,37.9,-1.0444,38.15,1076040.0,41051561000.0,234640.0,8948808480.0,38.3,38.6,37.75,1310680.0
2018-09-13,29.892,37.7,-0.5277,37.7,605180.0,22818048000.0,0.0,0.0,37.9,38.1,37.5,605180.0
2018-09-14,30.012,37.85,0.3979,37.7,780380.0,29423939500.0,400000.0,15124200000.0,37.7,38.0,37.4,1180380.0
2018-09-17,29.496,37.2,-1.7173,37.43,840080.0,31440349500.0,33840.0,1266462000.0,37.8,37.85,37.15,873920.0
2018-09-18,29.337,37.0,-0.5376,36.92,1170780.0,43220694500.0,308500.0,11388000000.0,37.1,37.1,36.8,1479280.0
2018-09-19,29.337,37.0,0.0,37.19,2059670.0,76589110000.0,0.0,0.0,37.0,38.0,36.6,2059670.0
2018-09-20,29.774,37.55,1.4865,37.35,838620.0,31318957000.0,71000.0,2651566000.0,37.0,37.6,37.0,909620.0
2018-09-21,30.012,37.85,0.7989,37.95,6783680.0,257411652000.0,730000.0,27652580000.0,37.7,38.3,37.7,7513680.0
2018-09-24,31.32,39.5,4.3593,38.94,2168720.0,84456119500.0,157000.0,6114051000.0,38.2,39.5,38.1,2325720.0
2018-09-25,31.597,39.85,0.8861,39.6,2167430.0,85835524500.0,0.0,0.0,39.4,39.95,39.0,2167430.0
2018-09-26,32.311,40.75,2.2585,40.5,3416900.0,138381625000.0,0.0,0.0,39.8,41.25,39.5,3416900.0
2018-09-27,32.509,41.0,0.6135,41.36,3614170.0,149489765500.0,70000.0,2894920000.0,40.8,41.7,40.75,3684170.0
2018-09-28,33.223,41.9,2.1951,41.55,4333370.0,180031743500.0,253250.0,10550395000.0,41.0,41.9,40.65,4586620.0
2018-10-01,32.311,40.75,-2.7446,41.63,3307360.0,137700586000.0,198000.0,8245710000.0,41.3,42.4,40.75,3505360.0
2018-10-02,32.113,40.5,-0.6135,40.83,1605930.0,65567946000.0,0.0,0.0,41.0,41.2,40.5,1605930.0
2018-10-03,32.905,41.5,2.4691,41.21,1245730.0,51339811000.0,35000.0,1417500000.0,40.5,41.9,40.5,1280730.0
2018-10-04,33.064,41.7,0.4819,41.66,910650.0,37940408000.0,390000.0,16830000000.0,41.5,41.85,41.4,1300650.0
2018-10-05,32.509,41.0,-1.6787,41.21,1852510.0,76346302500.0,0.0,0.0,41.4,41.7,40.8,1852510.0
2018-10-08,31.161,39.3,-4.1463,40.06,1896850.0,75987152500.0,155000.0,6119000000.0,40.5,40.7,39.3,2051850.0
2018-10-09,31.161,39.3,0.0,39.65,1084660.0,43003830500.0,154300.0,6117995000.0,39.5,39.9,39.3,1238960.0
2018-10-10,31.716,40.0,1.7812,39.59,1202700.0,47615621500.0,1253870.0,49621905250.0,39.5,40.0,39.2,2456570.0
2018-10-11,29.654,37.4,-6.5,37.88,2931770.0,111048883000.0,0.0,0.0,39.0,39.0,37.3,2931770.0
2018-10-12,30.17,38.05,1.738,37.47,1991280.0,74615788000.0,0.0,0.0,37.2,38.35,36.6,1991280.0
2018-10-15,29.179,36.8,-3.2852,37.32,1300920.0,48548780000.0,0.0,0.0,38.05,38.1,36.8,1300920.0
2018-10-16,29.496,37.2,1.087,37.02,926630.0,34307823000.0,0.0,0.0,37.2,37.3,36.8,926630.0
2018-10-17,29.813,37.6,1.0753,37.73,693600.0,26169990500.0,0.0,0.0,38.0,38.0,37.5,693600.0
2018-10-18,29.456,37.15,-1.1968,37.54,845260.0,31727622500.0,0.0,0.0,37.6,37.85,37.0,845260.0
2018-10-19,29.377,37.05,-0.2692,36.82,1825750.0,67220084000.0,0.0,0.0,36.75,37.1,36.6,1825750.0
2018-10-22,29.734,37.5,1.2146,38.02,1688340.0,64187840500.0,0.0,0.0,37.6,38.3,37.5,1688340.0
2018-10-23,29.337,37.0,-1.3333,37.04,1449810.0,53698123500.0,156000.0,5771532000.0,37.2,37.5,36.0,1605810.0
2018-10-24,28.703,36.2,-2.1622,36.68,1032200.0,37856374500.0,0.0,0.0,36.6,37.3,36.2,1032200.0
2018-10-25,28.227,35.6,-1.6575,35.1,1559370.0,54737234500.0,132000.0,5023000000.0,34.2,36.2,34.2,1691370.0
2018-10-26,27.751,35.0,-1.6854,35.45,1463430.0,51872731000.0,125380.0,4444219480.0,36.3,36.35,35.0,1588810.0
2018-10-29,27.91,35.2,0.5714,35.9,1049850.0,37692351500.0,380500.0,13464700000.0,35.0,37.45,34.8,1430350.0
2018-10-30,27.355,34.5,-1.9886,35.17,1240750.0,43638742000.0,857910.0,30216850000.0,35.2,35.75,34.5,2098660.0
2018-10-31,28.945,29.8,5.6738,29.54,3496330.0,103271851500.0,800000.0,23265000000.0,29.0,29.8,28.8,4296330.0
2018-11-01,28.411,29.25,-1.8456,29.82,1140990.0,34019277500.0,358490.0,10656115250.0,29.95,30.05,29.25,1499480.0
2018-11-02,28.799,29.65,1.3675,29.67,1679450.0,49834422500.0,0.0,0.0,29.3,30.05,29.3,1679450.0
2018-11-05,29.819,30.7,3.5413,30.37,1589870.0,48279135500.0,511020.0,15558702260.0,29.5,30.9,29.3,2100890.0
2018-11-06,29.528,30.4,-0.9772,30.61,923790.0,28280094000.0,252050.0,7737935000.0,31.0,31.0,30.3,1175840.0
2018-11-07,29.528,30.4,0.0,30.23,914420.0,27639171500.0,0.0,0.0,30.5,30.6,30.05,914420.0
2018-11-08,30.111,31.0,1.9737,30.98,1763770.0,54637624500.0,0.0,0.0,30.6,31.4,30.6,1763770.0
2018-11-09,29.965,30.85,-0.4839,30.93,1613770.0,49908231500.0,0.0,0.0,31.0,31.2,30.7,1613770.0
2018-11-12,30.014,30.9,0.1621,30.66,589610.0,18079165000.0,0.0,0.0,30.6,30.9,30.0,589610.0
2018-11-13,29.334,30.2,-2.2654,30.32,878980.0,26648188500.0,0.0,0.0,30.3,30.6,30.15,878980.0
2018-11-14,29.188,30.05,-0.4967,30.15,949010.0,28608868500.0,0.0,0.0,30.0,30.5,30.0,949010.0
2018-11-15,29.528,30.4,1.1647,30.16,748760.0,22585272500.0,0.0,0.0,30.0,30.4,29.95,748760.0
2018-11-16,29.139,30.0,-1.3158,30.06,946970.0,28462128000.0,268900.0,8082058400.0,30.35,30.5,29.9,1215870.0
2018-11-19,29.285,30.15,0.5,30.08,707980.0,21294469500.0,0.0,0.0,30.0,30.4,29.95,707980.0
2018-11-20,29.771,30.65,1.6584,30.31,1445630.0,43820769500.0,50990.0,1545659870.0,30.1,30.65,30.05,1496620.0
2018-11-21,30.693,31.6,3.0995,31.08,1678690.0,52168275500.0,0.0,0.0,30.15,31.65,30.15,1678690.0
2018-11-22,30.402,31.3,-0.9494,31.67,763390.0,24178301000.0,177000.0,5588952000.0,31.85,31.95,31.3,940390.0
2018-11-23,29.916,30.8,-1.5974,31.22,883420.0,27581267500.0,0.0,0.0,31.45,31.5,30.8,883420.0
2018-11-26,30.062,30.95,0.487,30.9,718840.0,22213030500.0,0.0,0.0,30.9,31.2,30.6,718840.0
2018-11-27,29.916,30.8,-0.4847,31.21,1060950.0,33111507500.0,0.0,0.0,31.1,31.4,30.8,1060950.0
2018-11-28,30.111,31.0,0.6494,30.88,636790.0,19665130000.0,248000.0,7669400000.0,30.8,31.0,30.7,884790.0
2018-11-29,30.305,31.2,0.6452,31.44,1953160.0,61405282000.0,177340.0,5546308500.0,31.1,31.8,31.1,2130500.0
2018-11-30,29.819,30.7,-1.6026,31.2,1809290.0,56442175500.0,420000.0,13251000000.0,31.2,31.6,30.7,2229290.0
2018-12-03,30.451,31.35,2.1173,31.39,2013330.0,63200737000.0,200000.0,6280000000.0,30.7,31.55,30.7,2213330.0
2018-12-04,31.762,32.7,4.3062,32.39,3729070.0,120776472500.0,1000000.0,32086000000.0,31.8,33.2,31.7,4729070.0
2018-12-05,32.005,32.95,0.7645,32.85,2079660.0,68314677000.0,0.0,0.0,32.45,33.15,32.25,2079660.0
2018-12-06,32.053,33.0,0.1517,32.86,1892180.0,62174359500.0,200000.0,6588400000.0,32.9,33.1,32.5,2092180.0
2018-12-07,32.053,33.0,0.0,32.95,1466260.0,48317529500.0,0.0,0.0,32.8,33.2,32.7,1466260.0
2018-12-10,31.082,32.0,-3.0303,32.33,2467410.0,79774967000.0,162000.0,5230598000.0,32.8,32.8,31.9,2629410.0
2018-12-11,31.519,32.45,1.4063,32.31,1487680.0,48072447000.0,1455000.0,46975240000.0,31.9,32.45,31.9,2942680.0
2018-12-12,31.859,32.8,1.0786,32.59,1355590.0,44173506500.0,4295000.0,139854700000.0,32.5,32.8,32.45,5650590.0
2018-12-13,31.762,32.7,-0.3049,32.81,1262550.0,41426248500.0,0.0,0.0,32.9,32.95,32.7,1262550.0
2018-12-14,31.276,32.2,-1.5291,32.47,1014790.0,32950165500.0,0.0,0.0,32.7,32.7,32.2,1014790.0
2018-12-17,31.082,32.0,-0.6211,32.11,1643870.0,52790404500.0,600000.0,19287600000.0,31.9,32.3,31.8,2243870.0
2018-12-18,30.693,31.6,-1.25,31.42,1241410.0,39006525500.0,83000.0,2622800000.0,31.2,31.9,31.0,1324410.0
2018-12-19,30.208,31.1,-1.5823,31.41,735120.0,23087308500.0,500000.0,15697500000.0,31.5,31.7,31.1,1235120.0
2018-12-20,29.236,30.1,-3.2154,30.54,1171150.0,35766373500.0,500000.0,15270000000.0,30.8,31.2,30.1,1671150.0
2018-12-21,28.459,29.3,-2.6578,29.46,2017450.0,59429236000.0,0.0,0.0,30.1,30.1,29.3,2017450.0
2018-12-24,28.799,29.65,1.1945,29.48,561130.0,16541330000.0,0.0,0.0,29.15,29.7,29.15,561130.0
2018-12-25,28.945,29.8,0.5059,29.31,1121900.0,32884733500.0,0.0,0.0,29.0,29.95,28.9,1121900.0
2018-12-26,28.362,29.2,-2.0134,29.68,1015230.0,30132878500.0,707000.0,20985667000.0,29.5,29.9,29.2,1722230.0
2018-12-27,28.362,29.2,0.0,29.27,2017410.0,59058860000.0,129420.0,3779064000.0,29.9,29.9,29.1,2146830.0
2018-12-28,27.1,27.9,-4.4521,28.59,2200470.0,62918145000.0,565560.0,17559493140.0,29.2,29.3,27.9,2766030.0
2019-01-02,27.974,28.8,0.0,28.8,2061280.0,59367900000.0,1375650.0,39419015650.0,28.45,29.4,28.4,3436930.0
2019-01-03,26.905,27.7,-3.8194,27.95,1247100.0,34857309500.0,1556122.0,42941467200.0,28.95,28.95,27.5,2803222.0
2019-01-04,26.711,27.5,-0.722,27.3,982790.0,26827833500.0,0.0,0.0,27.5,27.8,26.7,982790.0
2019-01-07,27.1,27.9,1.4545,28.19,905730.0,25535602500.0,847200.0,23786485500.0,28.0,28.5,27.85,1752930.0
2019-01-08,26.808,27.6,-1.0753,27.64,687890.0,19015276000.0,769600.0,21248332800.0,27.9,27.9,27.5,1457490.0
2019-01-09,28.217,29.05,5.2536,28.7,2139870.0,61423859500.0,472720.0,13606378560.0,27.6,29.15,27.6,2612590.0
2019-01-10,28.605,29.45,1.3769,29.31,1055420.0,30939312500.0,650000.0,19054750000.0,29.1,29.5,29.0,1705420.0
2019-01-11,29.042,29.9,1.528,29.78,1834420.0,54635664000.0,0.0,0.0,29.45,30.0,29.45,1834420.0
2019-01-14,29.479,30.35,1.505,30.0,1377450.0,41321396500.0,555370.0,16669129160.0,30.0,30.35,29.8,1932820.0
2019-01-15,30.111,31.0,2.1417,30.79,1723800.0,53081854000.0,0.0,0.0,30.35,31.0,30.2,1723800.0
2019-01-16,30.548,31.45,1.4516,31.05,1559790.0,48438812500.0,532580.0,17655027000.0,31.0,31.45,30.7,2092370.0
2019-01-17,29.236,30.1,-4.2925,30.49,1081730.0,32986011000.0,2000000.0,60988000000.0,31.4,31.4,30.1,3081730.0
2019-01-18,28.411,29.25,-2.8239,29.64,664540.0,19696093000.0,19765505.0,594770683330.0,30.0,30.6,29.25,20430045.0
2019-01-21,28.459,29.3,0.1709,29.36,470290.0,13807777500.0,0.0,0.0,29.35,29.7,29.0,470290.0
2019-01-22,28.119,28.95,-1.1945,29.06,644870.0,18737410000.0,153050.0,4441051850.0,29.3,29.5,28.9,797920.0
2019-01-23,28.265,29.1,0.5181,28.76,574730.0,16527863000.0,2808760.0,81039054920.0,28.8,29.2,28.45,3383490.0
2019-01-24,28.362,29.2,0.3436,29.25,806970.0,23603280500.0,2000000.0,58850000000.0,28.75,29.7,28.75,2806970.0
2019-01-25,28.362,29.2,0.0,29.22,476020.0,13907988500.0,0.0,0.0,29.15,29.4,29.1,476020.0
2019-01-28,28.411,29.25,0.1712,29.32,795190.0,23311555500.0,91350.0,2678016600.0,29.2,29.4,29.2,886540.0
2019-01-29,28.557,29.4,0.5128,29.26,1013990.0,29672329000.0,110000.0,3218160000.0,29.45,29.45,29.1,1123990.0
2019-01-30,28.459,29.3,-0.3401,29.28,666640.0,19517548500.0,1324300.0,38771531100.0,29.45,29.45,29.15,1990940.0
2019-01-31,28.362,29.2,-0.3413,29.19,1650390.0,48173821500.0,1432860.0,41734790170.0,29.5,29.5,28.95,3083250.0
2019-02-01,28.168,29.0,-0.6849,28.84,1869640.0,53912481500.0,4428712.0,126163131200.0,29.2,29.3,27.55,6298352.0
2019-02-11,28.557,29.4,1.3793,29.36,844700.0,24802268000.0,6247015.0,183180724875.0,29.4,29.45,29.15,7091715.0
2019-02-12,28.848,29.7,1.0204,29.83,2751810.0,82074402000.0,374700.0,11176260000.0,29.7,30.5,29.3,3126510.0
2019-02-13,29.528,30.4,2.3569,29.97,1989390.0,59630747000.0,80000.0,2397920000.0,29.8,30.5,29.75,2069390.0
2019-02-14,30.596,31.5,3.6184,31.14,2560640.0,79726397500.0,1684130.0,51788763500.0,30.7,31.5,30.45,4244770.0
2019-02-15,30.062,30.95,-1.746,31.12,1853120.0,57671043500.0,3883640.0,120557498680.0,31.15,31.5,30.85,5736760.0
2019-02-18,30.742,31.65,2.2617,31.3,1364860.0,42721316500.0,0.0,0.0,30.9,31.7,30.9,1364860.0
2019-02-19,30.693,31.6,-0.158,31.86,3160210.0,100696452500.0,3000000.0,94500000000.0,31.65,32.3,31.35,6160210.0
2019-02-20,31.179,32.1,1.5823,32.03,1960580.0,62806792500.0,2746870.0,87799840000.0,31.6,32.35,31.6,4707450.0
2019-02-21,33.025,34.0,5.919,33.31,3820470.0,127262180000.0,574140.0,19286216160.0,32.0,34.0,31.95,4394610.0
2019-02-22,33.996,35.0,2.9412,35.18,4170500.0,146709051500.0,535000.0,18805465000.0,34.3,35.95,34.0,4705500.0
2019-02-25,32.927,33.9,-3.1429,34.18,3408000.0,116478508000.0,1070330.0,36468551720.0,35.6,35.8,33.2,4478330.0
2019-02-26,33.51,34.5,1.7699,34.08,2184700.0,74449097000.0,1610190.0,54870640630.0,33.8,34.8,33.3,3794890.0
2019-02-27,33.51,34.5,0.0,34.76,1418370.0,49299779000.0,281760.0,9797254080.0,34.9,35.2,34.45,1700130.0
2019-02-28,32.053,33.0,-4.3478,33.28,4831010.0,160754893500.0,228420.0,7573048540.0,34.05,34.4,33.0,5059430.0
2019-03-01,33.025,34.0,3.0303,33.63,1236900.0,41600325500.0,519500.0,17532222000.0,33.45,34.0,33.2,1756400.0
2019-03-04,33.365,34.35,1.0294,34.29,1639580.0,56215778000.0,1727720.0,59168252230.0,34.0,34.7,34.0,3367300.0
2019-03-05,33.219,34.2,-0.4367,34.41,2071350.0,71271827000.0,2289810.0,78788232480.0,34.0,34.6,33.9,4361160.0
2019-03-06,33.51,34.5,0.8772,34.07,1289640.0,43934904500.0,272184.0,9253419200.0,34.2,34.5,33.8,1561824.0
2019-03-07,33.996,35.0,1.4493,35.1,2793560.0,98058130000.0,0.0,0.0,34.4,35.45,34.4,2793560.0
2019-03-08,33.704,34.7,-0.8571,34.79,1264280.0,43985039000.0,0.0,0.0,34.55,35.2,34.5,1264280.0
2019-03-11,34.482,35.5,2.3055,34.99,2248780.0,78677367500.0,0.0,0.0,34.5,35.5,34.25,2248780.0
2019-03-12,35.647,36.7,3.3803,36.41,3752290.0,136602399000.0,0.0,0.0,35.6,36.8,35.6,3752290.0
2019-03-13,36.716,37.8,2.9973,37.54,4918140.0,184644254500.0,0.0,0.0,36.85,37.9,36.8,4918140.0
2019-03-14,36.91,38.0,0.5291,38.75,4400440.0,170495192000.0,512000.0,19801933000.0,37.8,39.95,37.7,4912440.0
2019-03-15,36.424,37.5,-1.3158,37.46,2999450.0,112367271000.0,0.0,0.0,37.9,38.0,37.05,2999450.0
2019-03-18,36.91,38.0,1.3333,38.01,1512670.0,57493303000.0,187000.0,7100390000.0,38.0,38.5,37.6,1699670.0
2019-03-19,36.618,37.7,-0.7895,37.72,1903060.0,71788794000.0,929080.0,34981723120.0,38.0,38.15,37.0,2832140.0
2019-03-20,35.113,36.15,-4.1114,36.26,4855120.0,176034430500.0,66565860.0,2336701938520.0,37.1,37.2,35.7,71420980.0
2019-03-21,33.51,34.5,-4.5643,35.76,3612740.0,129183745500.0,256000.0,9094388000.0,36.15,36.65,34.5,3868740.0
2019-03-22,33.996,35.0,1.4493,35.14,2962930.0,104117820500.0,800000.0,28085600000.0,35.3,35.5,34.8,3762930.0
2019-03-25,32.393,33.35,-4.7143,33.02,5659310.0,186852902000.0,841670.0,27720401450.0,34.0,34.3,32.55,6500980.0
2019-03-26,31.956,32.9,-1.3493,32.58,3098380.0,100948864000.0,4544850.0,147584714730.0,33.9,33.9,31.95,7643230.0
2019-03-27,32.976,33.95,3.1915,33.63,2343980.0,78826056500.0,3191760.0,107557273840.0,33.2,34.4,32.7,5535740.0
2019-03-28,32.83,33.8,-0.4418,33.88,1706660.0,57822143000.0,1764000.0,59792629440.0,33.65,34.25,33.5,3470660.0
2019-03-29,33.607,34.6,2.3669,34.54,4544300.0,156965213500.0,4096550.0,141750105430.0,34.05,35.25,33.8,8640850.0
2019-04-01,35.064,36.1,4.3353,35.63,3530060.0,125772927000.0,315180.0,11313070920.0,34.8,36.15,34.7,3845240.0
2019-04-02,34.967,36.0,-0.277,36.65,3250020.0,119107642500.0,200000.0,7230000000.0,36.4,37.2,35.9,3450020.0
2019-04-03,34.482,35.5,-1.3889,35.5,2601580.0,92357316000.0,900000.0,31950000000.0,35.7,35.9,35.15,3501580.0
2019-04-04,34.482,35.5,0.0,35.58,1858440.0,66126018500.0,0.0,0.0,35.5,36.15,35.3,1858440.0
2019-04-05,34.773,35.8,0.8451,35.92,1466970.0,52700022500.0,224740.0,8065469120.0,35.85,36.25,35.65,1691710.0
2019-04-08,34.773,35.8,0.0,35.76,1168690.0,41790934500.0,426000.0,15200794000.0,35.8,36.2,35.4,1594690.0
2019-04-09,33.607,34.6,-3.352,35.17,3127600.0,109983329000.0,0.0,0.0,36.2,36.25,34.4,3127600.0
2019-04-10,33.996,35.0,1.1561,34.66,2632930.0,91270237500.0,40880.0,1420130320.0,34.5,35.2,34.15,2673810.0
2019-04-11,33.802,34.8,-0.5714,34.9,650930.0,22720281500.0,0.0,0.0,35.3,35.35,34.65,650930.0
2019-04-12,33.947,34.95,0.431,34.89,1032540.0,36020261500.0,0.0,0.0,34.3,35.05,34.3,1032540.0
2019-04-16,33.025,34.0,-2.7182,33.89,2634720.0,89288049000.0,200000.0,6817000000.0,34.0,34.3,33.4,2834720.0
2019-04-17,32.636,33.6,-1.1765,33.78,1854430.0,62648092000.0,2913570.0,98132887250.0,34.0,34.25,33.5,4768000.0
2019-04-18,32.927,33.9,0.8929,33.92,1830550.0,62089556000.0,0.0,0.0,33.6,34.35,33.4,1830550.0
2019-04-19,32.927,33.9,0.0,34.02,683530.0,23250763500.0,0.0,0.0,34.15,34.35,33.85,683530.0
2019-04-22,32.879,33.85,-0.1475,33.82,966920.0,32699047500.0,0.0,0.0,33.6,34.0,33.6,966920.0
2019-04-23,33.704,34.7,2.5111,34.63,2128550.0,73706800000.0,0.0,0.0,33.85,35.15,33.8,2128550.0
2019-04-24,34.384,35.4,2.0173,35.21,1576360.0,55510729500.0,0.0,0.0,35.0,35.4,34.9,1576360.0
2019-04-25,34.142,35.15,-0.7062,35.1,1580250.0,55464336000.0,0.0,0.0,35.6,35.6,34.9,1580250.0
2019-04-26,34.967,36.0,2.4182,35.75,3071980.0,109812256000.0,0.0,0.0,35.0,36.0,35.0,3071980.0
2019-05-02,35.404,36.45,1.25,36.25,2626910.0,95212826000.0,0.0,0.0,36.5,36.5,35.9,2626910.0
2019-05-03,35.064,36.1,-0.9602,36.45,5455180.0,198818380500.0,38000.0,1371800000.0,36.45,36.9,35.9,5493180.0
2019-05-06,34.19,35.2,-2.4931,35.31,1798750.0,63510894000.0,230000.0,8101980000.0,35.1,35.8,35.0,2028750.0
2019-05-07,34.093,35.1,-0.2841,35.39,1143530.0,40474871000.0,1156340.0,40831696540.0,35.4,35.8,35.0,2299870.0
2019-05-08,34.093,35.1,0.0,34.96,1476590.0,51624868500.0,422710.0,14778787020.0,34.7,35.25,34.6,1899300.0
2019-05-09,34.093,35.1,0.0,35.09,913060.0,32041214500.0,507820.0,17818683420.0,35.2,35.4,34.9,1420880.0
2019-05-10,34.336,35.35,0.7123,35.26,1571780.0,55417867000.0,200000.0,7052400000.0,35.3,35.7,34.8,1771780.0
2019-05-13,34.967,36.0,1.8388,35.94,1843190.0,66247619000.0,341260.0,12281329760.0,35.25,36.2,35.25,2184450.0
2019-05-14,34.967,36.0,0.0,35.97,1447500.0,52059374500.0,1300000.0,46710500000.0,35.7,36.3,35.7,2747500.0
2019-05-15,35.55,36.6,1.6667,36.6,2555920.0,93534812500.0,0.0,0.0,36.3,36.9,36.15,2555920.0
2019-05-16,35.55,36.6,0.0,36.97,4834930.0,178761699000.0,120000.0,4436760000.0,36.7,37.3,36.6,4954930.0
2019-05-17,36.0,36.0,1.2658,36.24,3878080.0,140538256000.0,1590300.0,57649637500.0,36.0,36.55,36.0,5468380.0
2019-05-20,36.15,36.15,0.4167,36.2,1340870.0,48537982000.0,119300.0,4315145000.0,36.0,36.5,35.6,1460170.0
2019-05-21,36.0,36.0,-0.4149,36.06,1863050.0,67182515000.0,387000.0,13949127000.0,36.3,36.3,35.9,2250050.0
2019-05-22,35.8,35.8,-0.5556,35.98,1126920.0,40550928000.0,0.0,0.0,36.2,36.35,35.75,1126920.0
2019-05-23,35.25,35.25,-1.5363,35.49,1688590.0,59923120500.0,32615586.0,1110560703300.0,35.5,35.85,35.2,34304176.0
2019-05-24,35.0,35.0,-0.7092,35.12,2774230.0,97444572000.0,324300.0,11387267320.0,35.25,35.7,34.8,3098530.0
2019-05-27,35.25,35.25,0.7143,35.1,1049230.0,36827371500.0,0.0,0.0,34.85,35.25,34.85,1049230.0
2019-05-28,34.6,34.6,-1.844,34.78,1920160.0,66785485000.0,250000.0,8716750000.0,35.3,35.35,34.5,2170160.0
2019-05-29,34.8,34.8,0.578,34.56,2330360.0,80525898500.0,0.0,0.0,34.4,35.1,34.2,2330360.0
2019-05-30,35.0,35.0,0.5747,35.11,1094030.0,38405938000.0,9652490.0,337837150000.0,34.95,35.3,34.5,10746520.0
2019-05-31,34.8,34.8,-0.5714,34.91,2071330.0,72302591000.0,0.0,0.0,35.0,35.1,34.5,2071330.0
2019-06-03,33.8,33.8,-2.8736,34.19,1803890.0,61679754500.0,100000.0,3432500000.0,34.25,34.65,33.8,1903890.0
2019-06-04,34.3,34.3,1.4793,34.07,970280.0,33053949000.0,220000.0,7500420000.0,34.0,34.4,33.8,1190280.0
2019-06-05,34.35,34.35,0.1458,34.41,676220.0,23265906000.0,100000.0,3450000000.0,34.5,34.65,34.15,776220.0
2019-06-06,34.45,34.45,0.2911,34.27,896230.0,30711012000.0,0.0,0.0,34.35,34.55,33.9,896230.0
2019-06-07,34.75,34.75,0.8708,34.57,844720.0,29200223000.0,0.0,0.0,34.6,34.8,34.3,844720.0
2019-06-10,35.05,35.05,0.8633,35.05,1738860.0,60944731500.0,102000.0,3587850000.0,34.8,35.2,34.8,1840860.0
2019-06-11,35.2,35.2,0.428,35.29,1331330.0,46978752500.0,4443310.0,155773565500.0,35.15,35.65,35.05,5774640.0
2019-06-12,34.95,34.95,-0.7102,35.12,900490.0,31623199500.0,0.0,0.0,35.15,35.3,34.95,900490.0
2019-06-13,34.7,34.7,-0.7153,34.75,598250.0,20790961000.0,0.0,0.0,34.7,34.9,34.6,598250.0
2019-06-14,34.9,34.9,0.5764,34.78,593520.0,20644181500.0,220000.0,7652600000.0,34.6,34.9,34.6,813520.0
2019-06-17,34.0,34.0,-2.5788,34.29,1079830.0,37032474500.0,1058130.0,36288568350.0,34.9,34.9,34.0,2137960.0
2019-06-18,33.5,33.5,-1.4706,33.66,1493030.0,50262793500.0,8755240.0,298118901250.0,34.0,34.1,33.35,10248270.0
2019-06-19,34.0,34.0,1.4925,33.9,655520.0,22223559500.0,7439805.0,252719690920.0,33.9,34.0,33.7,8095325.0
2019-06-20,34.9,34.9,2.6471,34.63,914550.0,31666998500.0,3083740.0,106157749500.0,34.0,34.9,34.0,3998290.0
2019-06-21,34.3,34.3,-1.7192,34.42,1961640.0,67511805000.0,950065.0,33038510375.0,34.9,34.9,34.3,2911705.0
2019-06-24,34.5,34.5,0.5831,34.76,861360.0,29941296500.0,0.0,0.0,34.5,35.0,34.4,861360.0
2019-06-25,34.3,34.3,-0.5797,34.55,863690.0,29836290500.0,1113380.0,38439212100.0,34.5,34.7,34.25,1977070.0
2019-06-26,34.35,34.35,0.1458,34.31,918020.0,31496380500.0,1288170.0,44216324530.0,34.2,34.4,34.15,2206190.0
2019-06-27,33.75,33.75,-1.7467,33.98,1111580.0,37770917500.0,0.0,0.0,34.35,34.35,33.75,1111580.0
2019-06-28,33.8,33.8,0.1481,33.75,1226980.0,41413037000.0,0.0,0.0,33.75,34.0,33.5,1226980.0
2019-07-01,34.25,34.25,1.3314,34.29,872830.0,29927829500.0,0.0,0.0,34.15,34.4,34.1,872830.0
2019-07-02,34.6,34.6,1.0219,34.52,1522440.0,52560545000.0,179100.0,6178875000.0,34.1,34.7,34.1,1701540.0
2019-07-03,34.3,34.3,-0.8671,34.24,759170.0,25994931500.0,852650.0,29234578750.0,34.4,34.4,34.1,1611820.0
2019-07-04,34.75,34.75,1.312,34.49,1722350.0,59406116500.0,0.0,0.0,34.6,34.75,34.25,1722350.0
2019-07-05,35.75,35.75,2.8777,35.58,3172840.0,112877409500.0,0.0,0.0,34.8,35.75,34.8,3172840.0
2019-07-08,35.8,35.8,0.1399,35.8,1692340.0,60583861500.0,1254480.0,44933461490.0,35.5,36.2,35.4,2946820.0
2019-07-09,36.4,36.4,1.676,36.13,2805310.0,101360627500.0,0.0,0.0,35.5,36.5,35.45,2805310.0
2019-07-10,36.15,36.15,-0.6868,36.29,1284570.0,46614386000.0,777150.0,28177897450.0,36.5,36.5,36.1,2061720.0
2019-07-11,36.45,36.45,0.8299,36.29,1568950.0,56943182000.0,504372.0,18249685800.0,36.2,36.45,36.1,2073322.0
2019-07-12,35.9,35.9,-1.5089,36.35,1898460.0,69015046500.0,0.0,0.0,36.55,36.75,35.9,1898460.0
2019-07-15,36.25,36.25,0.9749,36.28,1790970.0,64982032500.0,450660.0,16327059920.0,35.9,36.65,35.6,2241630.0
2019-07-16,37.0,37.0,2.069,36.79,3265530.0,120131032500.0,500000.0,18394000000.0,36.3,37.0,36.3,3765530.0
2019-07-17,37.0,37.0,0.0,37.05,1389990.0,51505179000.0,0.0,0.0,36.75,37.4,36.75,1389990.0
2019-07-18,36.6,36.6,-1.0811,36.76,1658240.0,60955357500.0,0.0,0.0,36.7,37.05,36.5,1658240.0
2019-07-19,37.4,37.4,2.1858,37.23,2259580.0,84127535500.0,0.0,0.0,36.8,37.4,36.8,2259580.0
2019-07-22,36.7,36.7,-1.8717,37.13,1403230.0,52105906500.0,0.0,0.0,37.4,37.65,36.6,1403230.0
2019-07-23,37.3,37.3,1.6349,36.98,1387220.0,51298591000.0,7935470.0,291231749000.0,36.5,37.4,36.5,9322690.0
2019-07-24,37.35,37.35,0.134,37.37,1677900.0,62699617500.0,600000.0,22416900000.0,37.6,37.65,36.95,2277900.0
2019-07-25,37.5,37.5,0.4016,37.77,1647720.0,62235428000.0,1774011.0,66374069550.0,37.4,37.95,37.3,3421731.0
2019-07-26,37.4,37.4,-0.2667,37.58,926720.0,34823557500.0,686565.0,25774702140.0,37.5,37.9,37.35,1613285.0
2019-07-29,36.75,36.75,-1.738,36.74,1882300.0,69154658500.0,80630.0,2962265570.0,37.45,37.45,36.3,1962930.0
2019-07-30,35.85,35.85,-2.449,36.1,2019080.0,72893771000.0,200000.0,7203600000.0,36.75,36.8,35.85,2219080.0
2019-07-31,36.95,36.95,3.0683,36.27,2277030.0,82598563500.0,5116300.0,184185520700.0,35.7,37.2,35.35,7393330.0
2019-08-01,37.0,37.0,0.1353,37.02,940850.0,34833959500.0,5000000.0,184750000000.0,37.0,37.2,36.8,5940850.0
2019-08-02,36.25,36.25,-2.027,36.45,826290.0,30115293000.0,3427481.0,126220743000.0,36.4,36.85,36.25,4253771.0
2019-08-05,35.0,35.0,-3.4483,35.41,2629870.0,93120110000.0,344250.0,12189548250.0,36.25,36.3,35.0,2974120.0
2019-08-06,34.85,34.85,-0.4286,34.85,1767970.0,61622124500.0,607910.0,21208657190.0,34.5,35.35,34.45,2375880.0
2019-08-07,34.7,34.7,-0.4304,34.72,1539740.0,53464352000.0,31000.0,1151650000.0,35.1,35.3,34.4,1570740.0
2019-08-08,35.5,35.5,2.3055,35.37,1611220.0,56993215000.0,25987691.0,921317445950.0,34.7,35.8,34.7,27598911.0
2019-08-09,35.5,35.5,0.0,35.62,957540.0,34104471000.0,120000.0,4548000000.0,35.8,35.9,35.45,1077540.0
2019-08-12,35.45,35.45,-0.1408,35.45,899890.0,31898737000.0,0.0,0.0,35.4,35.6,35.25,899890.0
2019-08-13,34.9,34.9,-1.5515,35.07,1698060.0,59556712000.0,1600000.0,55922000000.0,35.45,35.45,34.85,3298060.0
2019-08-14,34.7,34.7,-0.5731,35.03,1313810.0,46023513500.0,2711380.0,94982352780.0,35.3,35.5,34.7,4025190.0
2019-08-15,35.4,35.4,2.0173,34.67,1272570.0,44119293000.0,0.0,0.0,34.25,35.4,34.25,1272570.0
2019-08-16,35.15,35.15,-0.7062,35.24,1346070.0,47430377500.0,0.0,0.0,35.4,35.4,35.15,1346070.0
2019-08-19,35.3,35.3,0.4267,35.36,794450.0,28090362000.0,100000.0,3534200000.0,35.5,35.5,35.25,894450.0
2019-08-20,35.6,35.6,0.8499,35.36,1964560.0,69475665000.0,0.0,0.0,35.4,35.85,35.1,1964560.0
2019-08-21,35.9,35.9,0.8427,35.96,2251310.0,80956288000.0,1200000.0,43182000000.0,35.5,36.3,35.5,3451310.0
2019-08-22,35.75,35.75,-0.4178,35.94,1195690.0,42967888500.0,0.0,0.0,36.2,36.25,35.75,1195690.0
2019-08-23,35.05,35.05,-1.958,35.21,2330730.0,82074885000.0,200000.0,7000000000.0,35.75,35.8,34.9,2530730.0
2019-08-26,34.9,34.9,-0.428,34.85,1280630.0,44631404500.0,100000.0,3485100000.0,34.7,35.05,34.55,1380630.0
2019-08-27,34.5,34.5,-1.1461,34.75,1289980.0,44832975000.0,0.0,0.0,35.0,35.2,34.5,1289980.0
2019-08-28,34.7,34.7,0.5797,34.71,783780.0,27203719000.0,1778620.0,61765959040.0,34.55,34.95,34.55,2562400.0
2019-08-29,34.35,34.35,-1.0086,34.36,1254640.0,43106400500.0,208180.0,7140498440.0,34.7,34.7,34.1,1462820.0
2019-08-30,34.45,34.45,0.2911,34.32,2365610.0,81195516000.0,3086330.0,105993535500.0,34.35,34.55,34.2,5451940.0
2019-09-03,34.25,34.25,-0.5806,34.44,769960.0,26514325000.0,476550.0,16410475800.0,34.5,34.8,34.25,1246510.0
2019-09-04,34.0,34.0,-0.7299,33.98,1354920.0,46039919000.0,313170.0,10657266000.0,34.25,34.3,33.85,1668090.0
2019-09-05,34.1,34.1,0.2941,34.14,995180.0,33974859000.0,30000.0,1023000000.0,34.0,34.45,33.9,1025180.0
2019-09-06,34.1,34.1,0.0,34.2,1372420.0,46932102000.0,400000.0,13780000000.0,34.1,34.45,33.95,1772420.0
2019-09-09,34.0,34.0,-0.2933,34.07,473980.0,16149470500.0,127170.0,4323780000.0,34.3,34.3,34.0,601150.0
2019-09-10,33.7,33.7,-0.8824,33.88,1524460.0,51649140000.0,157610.0,5342020400.0,34.0,34.15,33.7,1682070.0
2019-09-11,33.95,33.95,0.7418,33.73,965520.0,32567236500.0,0.0,0.0,33.7,33.95,33.55,965520.0
2019-09-12,33.95,33.95,0.0,34.12,917120.0,31296625500.0,365790.0,12750922750.0,34.2,34.3,33.9,1282910.0
2019-09-13,33.95,33.95,0.0,33.95,1552420.0,52703415500.0,364800.0,12382616400.0,34.1,34.2,33.75,1917220.0
2019-09-16,34.0,34.0,0.1473,34.15,1692510.0,57807220000.0,0.0,0.0,34.25,34.3,33.95,1692510.0
2019-09-17,34.2,34.2,0.5882,34.37,3170730.0,108963395500.0,5729970.0,195964974000.0,34.0,34.7,34.0,8900700.0
2019-09-18,33.95,33.95,-0.731,34.15,2398990.0,81934325500.0,3644840.0,123742318000.0,34.2,34.6,33.95,6043830.0
2019-09-19,34.1,34.1,0.4418,34.07,1320480.0,44993983500.0,648000.0,22077250000.0,34.0,34.2,33.95,1968480.0
2019-09-20,33.95,33.95,-0.4399,34.1,3228690.0,110104178500.0,1067520.0,36401277040.0,34.2,34.4,33.95,4296210.0
2019-09-23,33.7,33.7,-0.7364,33.86,2513680.0,85113477000.0,1321560.0,44680007000.0,34.2,34.2,33.65,3835240.0
2019-09-24,33.8,33.8,0.2967,33.78,1430510.0,48315848500.0,649270.0,21910724750.0,33.8,34.15,33.6,2079780.0
2019-09-25,33.5,33.5,-0.8876,33.7,1712360.0,57701476500.0,233000.0,7836859000.0,33.8,34.0,33.5,1945360.0
2019-09-26,32.75,32.75,-2.2388,33.02,4767290.0,157424130000.0,400000.0,13350400000.0,33.6,33.65,32.75,5167290.0
2019-09-27,33.25,33.25,1.5267,32.94,5894250.0,194147707000.0,1178790.0,38607723000.0,32.8,33.3,32.5,7073040.0
2019-09-30,33.1,33.1,-0.4511,33.26,2156270.0,71725590500.0,300000.0,9968300000.0,33.25,33.55,33.05,2456270.0
2019-10-01,32.7,32.7,-1.2085,32.76,3408490.0,111654929500.0,0.0,0.0,33.15,33.15,32.55,3408490.0
2019-10-02,32.0,32.0,-2.1407,32.26,3438710.0,110919421000.0,588500.0,19360470000.0,32.5,32.55,32.0,4027210.0
2019-10-03,32.0,32.0,0.0,31.5,3700140.0,116562730500.0,200000.0,6360000000.0,31.5,32.0,31.25,3900140.0
2019-10-04,31.9,31.9,-0.3125,32.08,3287400.0,105474759500.0,1228540.0,39275126000.0,32.1,32.45,31.85,4515940.0
2019-10-07,31.5,31.5,-1.2539,31.88,2033630.0,64835696000.0,968110.0,31042468000.0,32.0,32.2,31.5,3001740.0
2019-10-08,31.25,31.25,-0.7937,31.34,2322130.0,72772819000.0,40000.0,1172000000.0,31.7,31.7,31.2,2362130.0
2019-10-09,32.0,32.0,2.4,31.82,3326980.0,105855241000.0,0.0,0.0,31.3,32.0,31.2,3326980.0
2019-10-10,32.4,32.4,1.25,32.33,3104270.0,100371558000.0,0.0,0.0,32.1,32.5,32.1,3104270.0
2019-10-11,32.35,32.35,-0.1543,32.65,5124380.0,167314932500.0,570000.0,18524500000.0,32.5,32.9,32.35,5694380.0
2019-10-14,31.7,31.7,-2.0093,31.83,3171090.0,100930735000.0,360580.0,11664763000.0,32.3,32.35,31.55,3531670.0
2019-10-15,31.85,31.85,0.4732,31.92,2352870.0,75107434000.0,600000.0,19080000000.0,31.7,32.15,31.7,2952870.0
2019-10-16,31.85,31.85,0.0,31.93,1852420.0,59155824000.0,228520.0,7291773920.0,31.85,32.1,31.8,2080940.0
2019-10-17,31.85,31.85,0.0,31.71,2083310.0,66055740500.0,0.0,0.0,31.8,31.9,31.55,2083310.0
2019-10-18,31.9,31.9,0.157,31.92,2102750.0,67120498500.0,128520.0,4102229880.0,31.85,32.05,31.85,2231270.0
2019-10-21,31.9,31.9,0.0,32.05,2854740.0,91508380000.0,515520.0,16507293440.0,31.9,32.4,31.9,3370260.0
2019-10-22,31.9,31.9,0.0,31.96,1498800.0,47903800500.0,1269000.0,40467500000.0,32.0,32.15,31.9,2767800.0
2019-10-23,32.25,32.25,1.0972,32.17,1900330.0,61125975500.0,827920.0,26624130000.0,31.9,32.3,31.9,2728250.0
2019-10-24,32.7,32.7,1.3953,32.58,2453760.0,79942617500.0,0.0,0.0,32.4,32.7,32.3,2453760.0
2019-10-25,32.55,32.55,-0.4587,32.58,1701750.0,55437704500.0,355030.0,11464939310.0,32.8,32.8,32.4,2056780.0
2019-10-28,32.45,32.45,-0.3072,32.49,1598210.0,51919744500.0,0.0,0.0,32.6,32.65,32.2,1598210.0
2019-10-29,32.6,32.6,0.4622,32.65,2276050.0,74303443500.0,320000.0,9984000000.0,32.45,32.8,32.45,2596050.0
2019-10-30,33.25,33.25,1.9939,33.09,3535150.0,116986893000.0,300000.0,9405000000.0,32.7,33.35,32.65,3835150.0
2019-10-31,33.2,33.2,-0.1504,33.18,3552630.0,117881292000.0,540000.0,17649200000.0,33.3,33.45,33.0,4092630.0
2019-11-01,35.05,35.05,5.5723,34.45,9671220.0,333191346000.0,893550.0,30269492800.0,33.2,35.3,33.2,10564770.0
2019-11-04,34.9,34.9,-0.428,34.98,3544600.0,123978391000.0,120000.0,3924000000.0,35.0,35.4,34.6,3664600.0
2019-11-05,35.6,35.6,2.0057,35.46,4236650.0,150232859500.0,383000.0,13359300000.0,35.0,35.8,34.95,4619650.0
2019-11-06,35.15,35.15,-1.264,35.43,3878200.0,137417491000.0,891500.0,31149050000.0,35.3,35.85,35.15,4769700.0
2019-11-07,35.2,35.2,0.1422,35.42,3738230.0,132424017000.0,270000.0,9169200000.0,35.25,35.75,35.0,4008230.0
2019-11-08,34.65,34.65,-1.5625,34.95,4070760.0,142266457000.0,457400.0,16003760400.0,35.5,35.5,34.65,4528160.0
2019-11-11,34.7,34.7,0.1443,34.85,2275720.0,79309468000.0,1687290.0,58798056500.0,34.8,35.2,34.6,3963010.0
2019-11-12,34.7,34.7,0.0,34.79,3146930.0,109481672000.0,1618200.0,56297178000.0,34.9,35.0,34.65,4765130.0
2019-11-13,34.7,34.7,0.0,34.66,5588650.0,193703271000.0,300000.0,10380000000.0,34.7,34.95,34.45,5888650.0
2019-11-14,35.0,35.0,0.8646,34.9,6503100.0,226934133000.0,250000.0,8412500000.0,34.9,35.15,34.75,6753100.0
2019-11-15,35.2,35.2,0.5714,35.17,6260710.0,220164754000.0,586380.0,20687326900.0,35.2,35.45,34.95,6847090.0
2019-11-18,35.2,35.2,0.0,35.19,5992350.0,210848660500.0,0.0,0.0,35.3,35.3,34.9,5992350.0
2019-11-19,35.3,35.3,0.2841,35.37,6523420.0,230708784500.0,2488261.0,86860891590.0,35.2,35.55,35.15,9011681.0
2019-11-20,35.15,35.15,-0.4249,35.11,6273980.0,220303157000.0,0.0,0.0,35.3,35.35,34.7,6273980.0
2019-11-21,35.0,35.0,-0.4267,35.02,4127820.0,144553809000.0,8924293.0,291824381100.0,35.1,35.15,34.8,13052113.0
2019-11-22,34.8,34.8,-0.5714,34.23,7310170.0,250191896500.0,0.0,0.0,35.15,35.15,33.4,7310170.0
2019-11-25,33.8,33.8,-2.8736,34.16,3422460.0,116905899500.0,0.0,0.0,34.5,34.7,33.5,3422460.0
2019-11-26,34.1,34.1,0.8876,34.23,4996070.0,171020241500.0,333000.0,11399748000.0,33.8,34.45,33.8,5329070.0
2019-11-27,33.95,33.95,-0.4399,34.02,3646360.0,124062947000.0,0.0,0.0,34.0,34.2,33.9,3646360.0
2019-11-28,33.5,33.5,-1.3255,33.77,3992930.0,134834711500.0,0.0,0.0,33.95,34.0,33.4,3992930.0
2019-11-29,34.45,34.45,2.8358,33.98,5477090.0,186135719500.0,34630.0,1176865920.0,33.5,34.45,33.4,5511720.0
2019-12-02,34.0,34.0,-1.3062,34.12,3357460.0,114546849000.0,729550.0,24977529750.0,34.3,34.45,34.0,4087010.0
2019-12-03,34.0,34.0,0.0,34.02,4599360.0,156481485000.0,1112720.0,37626358000.0,33.65,34.2,33.5,5712080.0
2019-12-04,34.1,34.1,0.2941,34.06,5914460.0,201449632500.0,871830.0,29699624950.0,33.75,34.2,33.75,6786290.0
2019-12-05,34.5,34.5,1.173,34.6,6087130.0,210611758000.0,42280.0,1464325520.0,34.35,34.75,34.15,6129410.0
2019-12-06,34.6,34.6,0.2899,34.59,4736230.0,163820975000.0,500000.0,17295692500.0,34.5,34.65,34.2,5236230.0
2019-12-09,35.2,35.2,1.7341,35.02,7699110.0,269607111500.0,750000.0,26190350000.0,34.7,35.2,34.6,8449110.0
2019-12-10,34.9,34.9,-0.8523,35.13,4703310.0,165214082000.0,27787.0,975323700.0,35.1,35.35,34.8,4731097.0
2019-12-11,35.0,35.0,0.2865,34.97,5032820.0,175997764000.0,0.0,0.0,34.9,35.1,34.65,5032820.0
2019-12-12,34.75,34.75,-0.7143,34.9,2639590.0,92114263000.0,2011573.0,69902161750.0,35.0,35.15,34.75,4651163.0
2019-12-13,33.55,33.55,-3.4532,34.58,2168220.0,74977464500.0,226000.0,7815080000.0,35.0,35.0,33.55,2394220.0
2019-12-16,33.9,33.9,1.0432,33.93,1612070.0,54690293500.0,1525650.0,51834396750.0,33.55,34.4,33.4,3137720.0
2019-12-17,32.9,32.9,-2.9499,33.43,1271430.0,42498053000.0,1949540.0,64966906000.0,33.9,34.0,32.9,3220970.0
2019-12-18,31.95,31.95,-2.8875,32.33,3833930.0,123947106000.0,881330.0,28313493500.0,32.9,33.05,31.8,4715260.0
2019-12-19,32.4,32.4,1.4085,32.32,1770250.0,57205991500.0,568320.0,18413568000.0,31.95,32.6,31.85,2338570.0
2019-12-20,32.95,32.95,1.6975,32.89,1315280.0,43256902500.0,61000.0,1999275000.0,32.7,33.2,32.4,1376280.0
2019-12-23,32.9,32.9,-0.1517,32.86,1520710.0,49965677500.0,0.0,0.0,33.0,33.0,32.6,1520710.0
2019-12-24,32.9,32.9,0.0,32.83,1443630.0,47393734500.0,1130000.0,37168420000.0,32.8,33.0,32.5,2573630.0
2019-12-25,32.8,32.8,-0.304,32.77,428030.0,14026236500.0,309400.0,10125115000.0,32.7,32.9,32.7,737430.0
2019-12-26,33.3,33.3,1.5244,33.28,872120.0,29023133500.0,2955460.0,97551100000.0,32.75,33.4,32.75,3827580.0
2019-12-27,33.4,33.4,0.3003,33.39,957140.0,31958778000.0,3020500.0,100248221000.0,33.0,33.55,32.9,3977640.0
2019-12-30,34.5,34.5,3.2934,33.93,1120550.0,38025265000.0,0.0,0.0,33.6,34.5,33.1,1120550.0
2019-12-31,34.0,34.0,-1.4493,34.03,413340.0,14065975500.0,268520.0,9263940000.0,34.0,34.4,33.95,681860.0
2020-01-02,34.35,34.35,1.0294,34.19,581190.0,19871885000.0,0.0,0.0,33.8,34.45,33.8,581190.0
2020-01-03,34.6,34.6,0.7278,34.49,1272890.0,43901214500.0,0.0,0.0,34.3,34.65,34.1,1272890.0
2020-01-06,33.65,33.65,-2.7457,33.85,682790.0,23109060500.0,0.0,0.0,34.5,34.5,33.5,682790.0
2020-01-07,33.95,33.95,0.8915,33.68,356780.0,12015511000.0,0.0,0.0,33.65,33.95,33.6,356780.0
2020-01-08,32.7,32.7,-3.6819,33.04,919210.0,30372615000.0,3310200.0,109456289470.0,33.4,33.5,32.6,4229410.0
2020-01-09,34.0,34.0,3.9755,33.75,1054800.0,35600596500.0,100000.0,3355000000.0,33.35,34.0,33.3,1154800.0
2020-01-10,33.95,33.95,-0.1471,33.87,543040.0,18390145000.0,500000.0,16961500000.0,34.0,34.1,33.55,1043040.0
2020-01-13,33.75,33.75,-0.5891,33.79,417280.0,14098057500.0,299040.0,10103066400.0,34.0,34.0,33.6,716320.0
2020-01-14,33.75,33.75,0.0,33.87,562730.0,19060252500.0,0.0,0.0,33.85,34.0,33.75,562730.0
2020-01-15,33.2,33.2,-1.6296,33.46,549700.0,18393658000.0,816000.0,27261950000.0,33.8,33.8,33.2,1365700.0
2020-01-16,32.8,32.8,-1.2048,33.09,979630.0,32418770000.0,420000.0,13934550000.0,33.7,33.7,32.75,1399630.0
2020-01-17,32.6,32.6,-0.6098,32.73,872560.0,28555454000.0,0.0,0.0,33.15,33.15,32.5,872560.0
2020-01-20,32.0,32.0,-1.8405,32.17,1070940.0,34449022000.0,606000.0,19468300000.0,32.4,32.45,31.85,1676940.0
2020-01-21,32.6,32.6,1.875,32.53,908080.0,29537236000.0,522180.0,16998159000.0,32.0,32.7,32.0,1430260.0
2020-01-22,32.6,32.6,0.0,32.58,932500.0,30379409000.0,360000.0,11864400000.0,32.5,32.8,32.3,1292500.0
2020-01-30,30.95,30.95,-5.0613,31.54,2002220.0,63159059500.0,160000.0,5107360000.0,32.0,32.1,30.7,2162220.0
2020-01-31,30.05,30.05,-2.9079,30.46,2322570.0,70750626000.0,716000.0,21718408000.0,30.95,31.3,30.05,3038570.0
2020-02-03,30.2,30.2,0.4992,28.63,1977600.0,56610360000.0,235330.0,7092468500.0,28.0,30.3,27.95,2212930.0
2020-02-04,29.25,29.25,-3.1457,29.51,2239180.0,66072192000.0,90000.0,2655630000.0,29.7,30.15,28.7,2329180.0
2020-02-05,28.95,28.95,-1.0256,29.4,2036300.0,59863026000.0,1278800.0,37225134000.0,30.2,30.2,28.8,3315100.0
2020-02-06,30.95,30.95,6.9085,30.19,3660600.0,110519138000.0,621000.0,18749232000.0,28.8,30.95,28.8,4281600.0
2020-02-07,32.0,32.0,3.3926,31.77,2423940.0,77016833000.0,541030.0,17219792880.0,31.05,32.25,30.8,2964970.0
2020-02-10,31.1,31.1,-2.8125,31.23,611640.0,19103530500.0,400000.0,12468800000.0,31.5,31.5,31.0,1011640.0
2020-02-11,31.4,31.4,0.9646,31.25,2573890.0,80423018500.0,0.0,0.0,31.0,31.65,30.5,2573890.0
2020-02-12,31.25,31.25,-0.4777,31.47,982950.0,30934110500.0,0.0,0.0,31.85,31.85,31.25,982950.0
2020-02-13,31.45,31.45,0.64,31.33,862410.0,27016850000.0,0.0,0.0,31.0,31.45,31.0,862410.0
2020-02-14,31.75,31.75,0.9539,31.84,1388080.0,44190939500.0,573320.0,18300478520.0,31.45,32.2,31.3,1961400.0
2020-02-17,31.4,31.4,-1.1024,31.44,562430.0,17680890500.0,199020.0,6253291740.0,31.8,31.8,31.2,761450.0
2020-02-18,30.55,30.55,-2.707,30.78,1019810.0,31387633500.0,0.0,0.0,31.3,31.5,30.5,1019810.0
2020-02-19,30.15,30.15,-1.3093,30.09,1562980.0,47035734500.0,315000.0,9467640000.0,30.5,30.55,29.8,1877980.0
2020-02-20,30.9,30.9,2.4876,30.6,1626950.0,49781057000.0,445000.0,13646740000.0,30.55,30.9,30.3,2071950.0
2020-02-21,30.7,30.7,-0.6472,30.77,697440.0,21460067000.0,0.0,0.0,30.7,30.9,30.7,697440.0
2020-02-24,29.35,29.35,-4.3974,29.79,1391850.0,41469948500.0,58175.0,1733324125.0,29.1,30.4,29.1,1450025.0
2020-02-25,29.2,29.2,-0.5111,29.12,1014900.0,29558150000.0,0.0,0.0,29.0,29.45,28.8,1014900.0
2020-02-26,29.0,29.0,-0.6849,29.09,1028780.0,29926382000.0,0.0,0.0,29.0,29.5,28.75,1028780.0
2020-02-27,29.0,29.0,0.0,28.92,1254940.0,36287642000.0,20000.0,580300000.0,28.85,29.1,28.75,1274940.0
2020-02-28,28.5,28.5,-1.7241,28.37,1824830.0,51778027000.0,395675.0,10683225000.0,28.5,28.8,28.05,2220505.0
2020-03-02,28.55,28.55,0.1754,28.54,929150.0,26520002000.0,110000.0,3139620000.0,28.5,28.95,28.2,1039150.0
2020-03-03,28.45,28.45,-0.3503,28.59,1767430.0,50534921000.0,730000.0,20851690000.0,29.05,29.05,28.45,2497430.0
2020-03-04,28.45,28.45,0.0,28.4,966120.0,27437917500.0,0.0,0.0,28.3,28.5,28.1,966120.0
2020-03-05,28.6,28.6,0.5272,28.79,859920.0,24757464500.0,206000.0,5931976000.0,28.65,29.0,28.6,1065920.0
2020-03-06,28.5,28.5,-0.3497,28.37,805500.0,22850600000.0,0.0,0.0,28.7,28.7,28.2,805500.0
2020-03-09,26.55,26.55,-6.8421,26.61,2164550.0,57594708000.0,176920.0,4707487360.0,26.75,27.5,26.55,2341470.0
2020-03-10,26.4,26.4,-0.565,26.04,3031510.0,78950102000.0,0.0,0.0,25.3,26.95,25.15,3031510.0
2020-03-11,26.0,26.0,-1.5152,25.38,4211430.0,106901235500.0,0.0,0.0,26.4,26.4,24.6,4211430.0
2020-03-12,24.2,24.2,-6.9231,24.2,2976280.0,72038892500.0,0.0,0.0,24.2,24.95,24.2,2976280.0
2020-03-13,24.2,24.2,0.0,23.01,4742820.0,109145964000.0,0.0,0.0,22.55,24.3,22.55,4742820.0
2020-03-16,23.7,23.7,-2.0661,23.46,1752440.0,41118207000.0,1171030.0,27437656890.0,24.5,24.5,22.55,2923470.0
2020-03-17,22.1,22.1,-6.7511,22.21,2066890.0,45897134000.0,0.0,0.0,22.5,22.7,22.05,2066890.0
2020-03-18,22.1,22.1,0.0,21.69,1935850.0,41994381000.0,1354200.0,27976145050.0,22.0,22.3,21.25,3290050.0
2020-03-19,21.9,21.9,-0.905,21.28,2175340.0,46280722500.0,0.0,0.0,21.0,22.0,20.7,2175340.0
2020-03-20,20.4,20.4,-6.8493,20.6,2758320.0,56816201000.0,0.0,0.0,21.9,21.9,20.4,2758320.0
2020-03-23,19.0,19.0,-6.8627,19.04,401880.0,7651170500.0,0.0,0.0,19.2,19.45,19.0,401880.0
2020-03-24,17.7,17.7,-6.8421,17.71,6890560.0,122003388500.0,0.0,0.0,17.7,18.0,17.7,6890560.0
2020-03-25,18.9,18.9,6.7797,17.97,4747820.0,85338005000.0,600000.0,11005200000.0,18.3,18.9,16.9,5347820.0
2020-03-26,20.0,20.0,5.8201,19.61,4553180.0,89281573500.0,2440000.0,45195640000.0,18.5,20.2,18.0,6993180.0
2020-03-27,20.4,20.4,2.0,19.56,5480540.0,107196751500.0,800000.0,15887100000.0,19.4,20.4,18.6,6280540.0
2020-03-30,19.0,19.0,-6.8627,19.01,2275750.0,43254390500.0,0.0,0.0,19.0,19.25,19.0,2275750.0
2020-03-31,19.15,19.15,0.7895,19.53,3565970.0,69657295500.0,0.0,0.0,18.7,20.3,18.55,3565970.0
2020-04-01,19.25,19.25,0.5222,19.38,930870.0,18036838500.0,1155060.0,22346926560.0,19.0,19.7,18.1,2085930.0
2020-04-03,19.5,19.5,1.2987,19.28,2522290.0,48636218500.0,520310.0,10112449490.0,19.4,19.7,18.9,3042600.0
2020-04-06,20.85,20.85,6.9231,20.52,4515950.0,92667945000.0,0.0,0.0,19.95,20.85,19.85,4515950.0
2020-04-07,22.3,22.3,6.9544,22.09,3715760.0,82080190000.0,94020.0,2076901800.0,21.5,22.3,21.1,3809780.0
2020-04-08,22.5,22.5,0.8969,21.89,3361700.0,73589945500.0,0.0,0.0,21.9,22.5,21.3,3361700.0
2020-04-09,23.7,23.7,5.3333,23.68,4761190.0,112765725500.0,456700.0,10816482800.0,22.3,24.05,22.3,5217890.0
2020-04-10,23.8,23.8,0.4219,23.69,2027970.0,48050507000.0,125000.0,2957375000.0,23.7,24.0,23.0,2152970.0
2020-04-13,25.45,25.45,6.9328,25.09,2382640.0,59778567000.0,0.0,0.0,23.7,25.45,23.7,2382640.0
2020-04-14,26.2,26.2,2.947,25.86,3054710.0,78991099500.0,672700.0,17281565900.0,25.45,27.2,24.8,3727410.0
2020-04-15,26.1,26.1,-0.3817,25.92,2686900.0,69650387000.0,0.0,0.0,26.3,26.7,25.65,2686900.0
2020-04-16,26.5,26.5,1.5326,26.0,2924260.0,76019937000.0,2760000.0,71748960000.0,25.65,26.5,25.35,5684260.0
2020-04-17,26.5,26.5,0.0,26.48,4348970.0,115165306500.0,527980.0,13973278380.0,26.5,27.2,26.2,4876950.0
2020-04-20,26.2,26.2,-1.1321,26.2,2326300.0,60954467000.0,600000.0,15718500000.0,26.5,26.5,25.8,2926300.0
2020-04-21,24.4,24.4,-6.8702,24.81,2804830.0,69594771500.0,634330.0,15752084840.0,25.8,25.9,24.4,3439160.0
2020-04-22,23.55,23.55,-3.4836,23.49,5280770.0,124023115000.0,0.0,0.0,22.8,25.0,22.8,5280770.0
2020-04-23,24.1,24.1,2.3355,23.91,3095130.0,74003237500.0,50000.0,1097500000.0,24.4,24.65,23.6,3145130.0
2020-04-24,24.0,24.0,-0.4149,23.94,1639110.0,39238075500.0,1164000.0,27731324000.0,24.4,24.4,23.5,2803110.0
2020-04-27,23.5,23.5,-2.0833,23.63,3418720.0,80790144000.0,0.0,0.0,24.2,24.2,23.45,3418720.0
2020-04-28,22.75,22.75,-3.1915,22.85,3988030.0,91115234500.0,1259040.0,28695909040.0,23.5,23.75,22.3,5247070.0
2020-04-29,23.1,23.1,1.5385,23.1,2661700.0,61492438500.0,1565450.0,36171986220.0,22.6,23.35,22.6,4227150.0
2020-05-04,23.45,23.45,1.5152,23.34,1757720.0,41016831000.0,1132050.0,26101258750.0,22.8,23.75,22.8,2889770.0
2020-05-05,23.55,23.55,0.4264,23.63,2480820.0,58629230000.0,0.0,0.0,23.5,23.85,23.5,2480820.0
2020-05-06,25.0,25.0,6.1571,24.19,5201410.0,125807522000.0,0.0,0.0,23.8,25.0,23.55,5201410.0
2020-05-07,24.8,24.8,-0.8,24.82,2518450.0,62509380000.0,0.0,0.0,25.1,25.2,24.65,2518450.0
2020-05-08,25.3,25.3,2.0161,25.48,4038610.0,102884216500.0,0.0,0.0,25.0,25.9,25.0,4038610.0
2020-05-11,25.45,25.45,0.5929,25.36,3515430.0,89157901000.0,270003.0,6849825900.0,25.6,25.65,24.8,3785433.0
2020-05-12,25.25,25.25,-0.7859,25.12,3654270.0,91810522000.0,0.0,0.0,25.0,25.4,24.95,3654270.0
2020-05-13,24.5,24.5,-2.9703,24.8,4037060.0,100128232500.0,94310.0,2335492840.0,25.0,25.1,24.5,4131370.0
2020-05-14,24.05,24.05,-1.8367,24.12,3952220.0,95338444000.0,71000.0,1713230000.0,24.2,24.35,23.9,4023220.0
2020-05-15,24.1,24.1,0.2079,24.31,2262600.0,55001991500.0,0.0,0.0,24.4,24.75,24.1,2262600.0
2020-05-18,24.55,24.55,1.8672,24.45,2597120.0,63510324500.0,278250.0,6804325500.0,24.2,24.7,24.05,2875370.0
2020-05-19,24.9,24.9,1.4257,25.25,8313560.0,209884567500.0,569000.0,14323359000.0,25.0,25.8,24.6,8882560.0
2020-05-20,26.55,26.55,6.6265,25.72,6793800.0,174725818500.0,300000.0,7732800000.0,24.8,26.55,24.8,7093800.0
2020-05-21,26.3,26.3,-0.9416,26.41,5046470.0,133268481000.0,860000.0,22685920000.0,26.6,27.25,26.0,5906470.0
2020-05-22,25.8,25.8,-1.9011,25.87,5938130.0,153635553000.0,0.0,0.0,26.0,26.1,25.5,5938130.0
2020-05-25,26.2,26.2,1.5504,26.11,3774990.0,98564188500.0,343660.0,8972962600.0,25.7,26.65,25.3,4118650.0
2020-05-26,26.5,26.5,1.145,26.43,3969390.0,104923623500.0,702000.0,18556868000.0,26.6,26.8,26.25,4671390.0
2020-05-27,25.5,25.5,-3.7736,26.19,7074630.0,185284702500.0,1049000.0,27511156000.0,26.6,26.65,25.5,8123630.0
2020-05-28,26.9,26.9,5.4902,26.36,6481940.0,170850077500.0,20007.0,510178500.0,25.55,27.0,25.5,6501947.0
2020-05-29,27.5,27.5,2.2305,27.6,7822570.0,215881664000.0,691550.0,19091446950.0,26.9,28.2,26.55,8514120.0
2020-06-01,27.8,27.8,1.0909,27.83,3992550.0,111110527000.0,0.0,0.0,28.0,28.05,27.65,3992550.0
2020-06-02,27.6,27.6,-0.7194,27.67,2909480.0,80492937500.0,0.0,0.0,27.55,28.0,27.3,2909480.0
2020-06-03,28.1,28.1,1.8116,27.53,3342330.0,92030350500.0,0.0,0.0,27.4,28.1,27.1,3342330.0
2020-06-04,28.4,28.4,1.0676,28.61,2839030.0,81211249000.0,400000.0,11446000000.0,28.3,28.85,28.3,3239030.0
2020-06-05,28.45,28.45,0.1761,28.42,2162490.0,61459487000.0,0.0,0.0,28.4,28.8,28.0,2162490.0
2020-06-08,28.6,28.6,0.5272,28.57,2826530.0,80752998500.0,0.0,0.0,28.8,28.9,28.25,2826530.0
2020-06-09,27.9,27.9,-2.4476,28.19,2864250.0,80747639000.0,3490000.0,99814000000.0,28.35,28.6,27.8,6354250.0
2020-06-10,27.95,27.95,0.1792,27.65,2119900.0,58621900500.0,0.0,0.0,27.6,28.0,27.2,2119900.0
2020-06-11,26.1,26.1,-6.619,27.3,4725660.0,129020681000.0,100000.0,2701500000.0,27.9,27.95,26.1,4825660.0
2020-06-12,25.9,25.9,-0.7663,25.51,2529890.0,64542113000.0,285230.0,7297894780.0,25.3,25.9,25.0,2815120.0
2020-06-15,25.0,25.0,-3.4749,25.79,2056490.0,53029252500.0,0.0,0.0,26.0,26.4,25.0,2056490.0
2020-06-16,26.75,26.75,7.0,26.3,3097330.0,81447829500.0,370000.0,9729520000.0,25.5,26.75,25.3,3467330.0
2020-06-17,27.5,27.5,2.8037,27.55,3148000.0,86729641500.0,235400.0,6485505400.0,27.35,27.85,27.1,3383400.0
2020-06-18,27.55,27.55,0.1818,27.36,1681240.0,46005320000.0,300000.0,8205000000.0,27.5,27.65,26.35,1981240.0
2020-06-19,27.8,27.8,0.9074,27.25,3677760.0,100216001500.0,0.0,0.0,27.5,27.8,26.7,3677760.0
2020-06-22,27.6,27.6,-0.7194,27.67,1559410.0,43143119500.0,0.0,0.0,27.8,28.0,27.4,1559410.0
2020-06-23,27.2,27.2,-1.4493,27.31,1019600.0,27843776500.0,0.0,0.0,27.6,27.6,27.1,1019600.0
2020-06-24,26.85,26.85,-1.2868,27.17,1391660.0,37813430000.0,0.0,0.0,27.3,27.7,26.85,1391660.0
2020-06-25,26.5,26.5,-1.3035,26.5,2133290.0,56529671000.0,0.0,0.0,26.5,26.8,26.3,2133290.0
2020-06-26,26.2,26.2,-1.1321,26.33,1867820.0,49171725000.0,0.0,0.0,26.6,26.75,26.0,1867820.0
2020-06-29,25.4,25.4,-3.0534,25.46,2156880.0,54908072500.0,0.0,0.0,26.2,26.2,25.0,2156880.0
2020-06-30,24.8,24.8,-2.3622,25.26,1700630.0,42966184500.0,20000.0,538000000.0,25.65,26.15,24.8,1720630.0
2020-07-01,26.45,26.45,6.6532,25.87,1469010.0,38005418500.0,0.0,0.0,24.8,26.5,24.8,1469010.0
2020-07-02,26.2,26.2,-0.9452,26.08,951820.0,24821754500.0,34000.0,901000000.0,26.4,26.4,25.85,985820.0
2020-07-03,26.5,26.5,1.145,26.5,2328550.0,61705460500.0,0.0,0.0,26.2,26.65,26.2,2328550.0
2020-07-06,27.1,27.1,2.2642,26.89,3101080.0,83387284000.0,20002.0,530053000.0,26.5,27.2,26.45,3121082.0
2020-07-07,27.45,27.45,1.2915,27.46,4346450.0,119373489000.0,300000.0,8239500000.0,27.2,27.8,27.05,4646450.0
2020-07-08,27.45,27.45,0.0,27.3,939580.0,25653929000.0,0.0,0.0,27.3,27.5,27.05,939580.0
2020-07-09,27.55,27.55,0.3643,27.54,1903220.0,52418708000.0,159000.0,4360075000.0,27.55,27.75,27.25,2062220.0
2020-07-10,27.05,27.05,-1.8149,27.24,947980.0,25824092500.0,1300000.0,35413300000.0,27.35,27.55,26.95,2247980.0
2020-07-13,26.5,26.5,-2.0333,26.74,2291640.0,61288328500.0,0.0,0.0,27.05,27.35,26.5,2291640.0
2020-07-14,26.4,26.4,-0.3774,26.347,1938730.0,51079525000.0,27000.0,711369000.0,26.4,26.7,26.05,1965730.0
2020-07-15,26.7,26.7,1.1364,26.72,1502410.0,40151111500.0,0.0,0.0,26.5,27.0,26.5,1502410.0
2020-07-16,27.3,27.3,2.2472,27.04,1270920.0,34364758500.0,0.0,0.0,26.95,27.3,26.75,1270920.0
2020-07-17,26.85,26.85,-1.6484,26.99,720820.0,19456294500.0,0.0,0.0,27.0,27.2,26.85,720820.0
2020-07-20,26.2,26.2,-2.4209,26.56,1258900.0,33437596000.0,0.0,0.0,26.7,26.85,26.2,1258900.0
2020-07-21,26.3,26.3,0.3817,26.31,1725630.0,45403594000.0,2092500.0,55055767500.0,26.25,26.55,26.15,3818130.0
2020-07-22,26.95,26.95,2.4715,26.98,2251420.0,60742116500.0,370000.0,9982230000.0,26.6,27.25,26.6,2621420.0
2020-07-23,28.3,28.3,5.0093,27.86,7249850.0,202006043500.0,0.0,0.0,27.0,28.3,27.0,7249850.0
2020-07-24,27.95,27.95,-1.2367,27.84,4730110.0,131669779000.0,0.0,0.0,27.9,28.15,27.0,4730110.0
2020-07-27,26.8,26.8,-4.1145,26.55,3211440.0,85251587500.0,0.0,0.0,26.1,27.5,26.1,3211440.0
2020-07-28,27.2,27.2,1.4925,26.696,4480940.0,119622543000.0,0.0,0.0,27.0,27.3,25.9,4480940.0
2020-07-29,25.55,25.55,-6.0662,25.75,2635930.0,67884966500.0,817650.0,21057758100.0,26.4,26.4,25.3,3453580.0
2020-07-30,25.95,25.95,1.5656,25.96,1069550.0,27766643000.0,286440.0,7436268840.0,25.85,26.15,25.7,1355990.0
2020-07-31,25.1,25.1,-3.2755,25.49,2333650.0,59482815500.0,790750.0,20154247000.0,25.3,26.05,25.1,3124400.0
2020-08-03,25.65,25.65,2.1912,25.65,1872110.0,48026519000.0,0.0,0.0,25.15,25.9,25.15,1872110.0
2020-08-04,26.3,26.3,2.5341,26.1,1602220.0,41825946000.0,817950.0,21343587300.0,26.2,26.35,25.9,2420170.0
2020-08-05,26.35,26.35,0.1901,26.33,2154970.0,56731457500.0,483900.0,12506585000.0,26.05,26.7,25.9,2638870.0
2020-08-06,26.35,26.35,0.0,26.47,2096050.0,55474352000.0,1340000.0,35482940000.0,26.2,26.75,26.1,3436050.0
2020-08-07,26.4,26.4,0.1898,26.33,1257020.0,33095016000.0,900000.0,23695200000.0,26.4,26.55,26.1,2157020.0
2020-08-10,26.65,26.65,0.947,26.66,1680830.0,44814173000.0,900000.0,23995800000.0,26.5,26.95,26.5,2580830.0
2020-08-11,26.3,26.3,-1.3133,26.45,1512750.0,40007367500.0,20000.0,569000000.0,26.7,26.8,26.3,1532750.0
2020-08-12,26.4,26.4,0.3802,26.33,1764760.0,46473777500.0,1917890.0,50500150260.0,26.5,26.55,26.15,3682650.0
2020-08-13,26.85,26.85,1.7045,26.65,2594130.0,69142808500.0,20000.0,563000000.0,26.4,27.0,26.3,2614130.0
2020-08-14,26.85,26.85,0.0,27.0,3089240.0,83424428500.0,142510.0,3848482550.0,26.85,27.3,26.65,3231750.0
2020-08-17,26.5,26.5,-1.3035,26.49,1724700.0,45680439500.0,0.0,0.0,26.65,26.8,26.25,1724700.0
2020-08-18,26.1,26.1,-1.5094,26.31,1947050.0,51223753500.0,350000.0,9207800000.0,26.4,26.7,26.1,2297050.0
2020-08-19,26.35,26.35,0.9579,26.38,1699080.0,44829808000.0,150000.0,3957750000.0,26.2,26.6,26.2,1849080.0
2020-08-20,26.35,26.35,0.0,26.38,2174600.0,57372013000.0,400000.0,10553200000.0,26.35,26.8,26.2,2574600.0
2020-08-21,26.5,26.5,0.5693,26.5,1798160.0,47646050000.0,300000.0,7957200000.0,26.45,26.65,26.3,2098160.0
2020-08-24,26.9,26.9,1.5094,27.03,5011510.0,135472917500.0,600000.0,16219200000.0,26.7,27.3,26.65,5611510.0
2020-08-25,26.95,26.95,0.1859,27.06,2680420.0,72530169000.0,550000.0,14882450000.0,27.0,27.2,26.9,3230420.0
2020-08-26,27.2,27.2,0.9276,27.18,2204070.0,59900963500.0,400000.0,10873800000.0,26.95,27.35,26.85,2604070.0
2020-08-27,27.2,27.2,0.0,27.34,2077020.0,56787656500.0,400000.0,10936400000.0,27.2,27.65,27.1,2477020.0
2020-08-28,27.2,27.2,0.0,27.24,2457850.0,66945410000.0,1125456.0,30651304250.0,27.2,27.4,27.1,3583306.0
2020-08-31,27.0,27.0,-0.7353,27.16,4262760.0,115763211500.0,295700.0,8104624900.0,27.6,27.65,26.7,4558460.0
2020-09-01,27.25,27.25,0.9259,27.17,1944470.0,52836697000.0,0.0,0.0,27.0,27.3,26.8,1944470.0
2020-09-03,28.1,28.1,3.1193,28.01,5266810.0,147532499000.0,530250.0,14906315420.0,27.6,28.5,27.35,5797060.0
2020-09-04,28.5,28.5,1.4235,28.42,6098320.0,173299532000.0,0.0,0.0,27.7,28.7,27.7,6098320.0
2020-09-07,27.7,27.7,-2.807,28.33,3909430.0,110763558500.0,0.0,0.0,28.6,28.6,27.7,3909430.0
2020-09-08,28.3,28.3,2.1661,27.97,3048220.0,85246070500.0,827970.0,23155009020.0,27.7,28.4,27.55,3876190.0
2020-09-09,28.4,28.4,0.3534,28.18,2278700.0,64220020500.0,0.0,0.0,27.9,28.45,27.9,2278700.0
2020-09-10,28.4,28.4,0.0,28.45,1690620.0,48104972500.0,0.0,0.0,28.5,28.75,28.3,1690620.0
2020-09-11,28.4,28.4,0.0,28.35,1804860.0,51162235000.0,100000.0,2840000000.0,28.4,28.45,28.15,1904860.0
2020-09-14,28.6,28.6,0.7042,28.5,2698460.0,76899198000.0,249720.0,7129506000.0,28.5,28.6,28.35,2948180.0
2020-09-15,28.9,28.9,1.049,28.78,3075490.0,88526613000.0,0.0,0.0,28.7,29.1,28.45,3075490.0
2020-09-16,28.9,28.9,0.0,28.93,2160180.0,62488392000.0,368970.0,10673195190.0,28.9,29.05,28.75,2529150.0
2020-09-17,28.3,28.3,-2.0761,28.43,2612410.0,74261211500.0,0.0,0.0,28.7,28.9,28.2,2612410.0
2020-09-18,28.5,28.5,0.7067,28.32,4092340.0,115898190000.0,800000.0,22685400000.0,28.25,28.5,28.2,4892340.0
2020-09-21,28.95,28.95,1.5789,28.86,3737470.0,107879100500.0,0.0,0.0,28.85,29.15,28.6,3737470.0
2020-09-22,28.7,28.7,-0.8636,28.7,1850880.0,53125180000.0,100000.0,2867500000.0,28.6,28.9,28.6,1950880.0
2020-09-23,29.1,29.1,1.3937,28.86,3321440.0,95856018500.0,0.0,0.0,28.7,29.15,28.7,3321440.0
2020-09-24,28.6,28.6,-1.7182,28.87,1520670.0,43901883000.0,104370.0,3024120750.0,29.1,29.15,28.5,1625040.0
2020-09-25,28.4,28.4,-0.6993,28.44,1575590.0,44805067000.0,71170.0,2023861290.0,28.6,28.65,28.1,1646760.0
2020-09-28,27.8,27.8,-2.1127,27.91,5930960.0,165508716000.0,0.0,0.0,28.4,28.45,27.55,5930960.0
2020-09-29,27.45,27.45,-1.259,27.7,2615690.0,72454575000.0,0.0,0.0,27.9,28.1,27.4,2615690.0
2020-09-30,27.6,27.6,0.5464,27.46,1592150.0,43717886500.0,461370.0,12668297460.0,27.45,27.95,27.25,2053520.0
2020-10-01,27.7,27.7,0.3623,27.71,2154130.0,59697134000.0,40000.0,1180000000.0,27.8,27.9,27.6,2194130.0
2020-10-02,27.3,27.3,-1.444,27.35,2548820.0,69716768000.0,0.0,0.0,27.8,27.95,26.5,2548820.0
2020-10-05,27.4,27.4,0.3663,27.48,2015400.0,55390822500.0,0.0,0.0,27.4,27.8,27.35,2015400.0
2020-10-06,27.5,27.5,0.365,27.51,2135800.0,58755506000.0,0.0,0.0,27.4,27.6,27.4,2135800.0
2020-10-07,27.8,27.8,1.0909,27.81,3198050.0,88948757000.0,0.0,0.0,27.5,27.95,27.5,3198050.0
2020-10-08,27.65,27.65,-0.5396,27.71,1434220.0,39744389000.0,0.0,0.0,28.0,28.0,27.55,1434220.0
2020-10-09,27.65,27.65,0.0,27.58,2199660.0,60667442500.0,20002.0,551655160.0,27.65,27.75,26.5,2219662.0
2020-10-12,27.1,27.1,-1.9892,27.64,3884690.0,107366507000.0,0.0,0.0,27.8,28.0,27.1,3884690.0
2020-10-13,27.2,27.2,0.369,27.244,3015800.0,82162463000.0,20000.0,548000000.0,27.3,27.4,27.15,3035800.0
2020-10-14,27.35,27.35,0.5515,27.34,2100870.0,57437568500.0,0.0,0.0,27.2,27.45,27.2,2100870.0
2020-10-15,27.6,27.6,0.9141,27.51,4181580.0,115052903000.0,560000.0,15407840000.0,27.5,27.7,27.35,4741580.0
2020-10-16,27.5,27.5,-0.3623,27.61,3583650.0,98952582000.0,0.0,0.0,27.8,27.9,27.45,3583650.0
2020-10-19,27.35,27.35,-0.5455,27.3,1906100.0,52043912000.0,0.0,0.0,27.5,27.5,27.2,1906100.0
2020-10-20,27.45,27.45,0.3656,27.404,1879310.0,51499719000.0,180000.0,5184000000.0,27.35,27.6,27.25,2059310.0
2020-10-21,27.9,27.9,1.6393,28.03,8229920.0,230666522000.0,4200000.0,117605000000.0,27.45,28.25,27.45,12429920.0
2020-10-22,28.1,28.1,0.7168,27.87,3669560.0,102274755000.0,350000.0,9787400000.0,27.8,28.1,27.55,4019560.0
2020-10-23,28.35,28.35,0.8897,28.22,12351650.0,348565067000.0,453960.0,12805851200.0,28.3,28.35,28.1,12805610.0
2020-10-26,27.75,27.75,-2.1164,28.59,6877050.0,196646904000.0,900000.0,25674500000.0,29.0,29.0,27.75,7777050.0
2020-10-27,27.0,27.0,-2.7027,27.6,3868780.0,106770876000.0,180000.0,4914000000.0,27.7,27.9,27.0,4048780.0
2020-10-28,25.5,25.5,-5.5556,26.28,10448220.0,274555812000.0,317000.0,8306520000.0,26.8,26.95,25.5,10765220.0
2020-10-29,25.6,25.6,0.3922,25.47,6800730.0,173210019500.0,0.0,0.0,25.5,25.9,25.05,6800730.0
2020-10-30,25.3,25.3,-1.1719,25.33,4960340.0,125662347500.0,55900.0,1413766900.0,26.0,26.0,25.05,5016240.0
2020-11-02,25.5,25.5,0.7905,25.44,2991300.0,76089779000.0,200000.0,5087400000.0,25.45,25.6,25.3,3191300.0
2020-11-03,25.55,25.55,0.1961,25.61,3819800.0,97831702000.0,0.0,0.0,25.7,25.8,25.5,3819800.0
2020-11-04,25.95,25.95,1.5656,25.96,6336210.0,164462677000.0,0.0,0.0,25.65,26.3,25.65,6336210.0
2020-11-05,26.1,26.1,0.578,26.27,3486910.0,91594566500.0,470000.0,12365000000.0,26.1,26.5,25.95,3956910.0
2020-11-06,25.6,25.6,-1.9157,25.74,4216020.0,108540255500.0,100000.0,2568800000.0,26.1,26.15,25.55,4316020.0
2020-11-09,26.1,26.1,1.9531,25.95,3348800.0,86895066500.0,0.0,0.0,25.95,26.2,25.6,3348800.0
2020-11-10,26.7,26.7,2.2989,26.8,11450730.0,306926810500.0,0.0,0.0,26.6,27.05,26.4,11450730.0
2020-11-11,26.5,26.5,-0.7491,26.65,6068410.0,161694101500.0,380000.0,10117500000.0,26.7,26.85,26.5,6448410.0
2020-11-12,27.2,27.2,2.6415,26.81,4053560.0,108672257500.0,500000.0,12500000000.0,26.5,27.2,26.5,4553560.0
2020-11-13,27.2,27.2,0.0,27.18,3342520.0,90852950000.0,0.0,0.0,27.05,27.3,27.05,3342520.0
2020-11-16,26.85,26.85,-1.2868,27.0,7499050.0,202441775500.0,20168.0,548569600.0,27.4,27.45,26.7,7519218.0
2020-11-17,27.2,27.2,1.3035,27.0,3123270.0,84340889000.0,0.0,0.0,27.0,27.2,26.85,3123270.0
2020-11-18,27.5,27.5,1.1029,27.33,4157080.0,113615558000.0,0.0,0.0,27.2,27.5,27.1,4157080.0
2020-11-19,27.9,27.9,1.4545,27.68,5850430.0,161922563000.0,0.0,0.0,27.5,27.9,27.4,5850430.0
2020-11-20,27.65,27.65,-0.8961,27.73,4545570.0,126046344000.0,854190.0,23671284250.0,27.9,28.05,27.55,5399760.0
2020-11-23,27.7,27.7,0.1808,27.67,3107690.0,85994995500.0,556370.0,15421076470.0,27.65,27.85,27.5,3664060.0
2020-11-24,27.95,27.95,0.9025,27.89,5644640.0,157427805500.0,0.0,0.0,27.75,28.1,27.7,5644640.0
2020-11-25,28.25,28.25,1.0733,28.39,7359970.0,208917211500.0,2800000.0,79009900000.0,28.2,28.65,28.1,10159970.0
2020-11-26,27.9,27.9,-1.2389,27.92,3159210.0,88201118500.0,500000.0,13525000000.0,28.0,28.1,27.7,3659210.0
2020-11-27,27.75,27.75,-0.5376,27.75,5764680.0,159944191500.0,0.0,0.0,27.9,28.0,27.55,5764680.0
2020-11-30,28.2,28.2,1.6216,27.89,7187400.0,200429015500.0,446334.0,12519202994.0,27.95,28.4,27.4,7633734.0
2020-12-01,28.25,28.25,0.1773,28.08,5323260.0,149473248500.0,225000.0,6318300000.0,27.8,28.3,27.6,5548260.0
2020-12-02,28.5,28.5,0.885,28.4,8746400.0,248424499500.0,731840.0,20800180960.0,28.2,28.65,28.1,9478240.0
2020-12-03,28.4,28.4,-0.3509,28.47,4665780.0,132848097500.0,2026940.0,57692291930.0,28.65,28.7,28.4,6692720.0
2020-12-04,28.0,28.0,-1.4085,28.14,3862410.0,108701304000.0,0.0,0.0,28.4,28.4,28.0,3862410.0
2020-12-07,28.3,28.3,1.0714,28.09,3617660.0,101610790500.0,0.0,0.0,28.1,28.3,27.85,3617660.0
2020-12-08,28.2,28.2,-0.3534,28.21,3897220.0,109950864500.0,812240.0,22949327120.0,28.5,28.5,28.05,4709460.0
2020-12-09,28.4,28.4,0.7092,28.27,6858420.0,193915900500.0,650000.0,17751250000.0,28.25,28.5,28.0,7508420.0
2020-12-10,28.2,28.2,-0.7042,28.57,8047670.0,229914977500.0,550000.0,15320700000.0,28.6,28.85,28.15,8597670.0
2020-12-11,28.6,28.6,1.4184,28.42,4662730.0,132503858500.0,684000.0,18549324000.0,28.2,28.6,28.1,5346730.0
2020-12-14,30.0,30.0,4.8951,29.54,17930230.0,529665523000.0,1000000.0,29734000000.0,29.1,30.0,29.05,18930230.0
2020-12-15,30.1,30.1,0.3333,30.34,13985630.0,424338147000.0,300000.0,9102300000.0,30.2,30.85,29.8,14285630.0
2020-12-16,30.5,30.5,1.3289,30.17,7472860.0,225491387500.0,0.0,0.0,30.1,30.5,29.85,7472860.0
2020-12-17,29.75,29.75,-2.459,29.9,10318500.0,308553867500.0,866660.0,25911108760.0,30.05,30.4,29.3,11185160.0
2020-12-18,30.15,30.15,1.3445,29.99,11949250.0,358407657500.0,171750.0,4757475000.0,29.75,30.35,29.65,12121000.0
2020-12-21,30.4,30.4,0.8292,30.34,9988310.0,303084118000.0,961000.0,28796250000.0,30.35,30.65,29.95,10949310.0
2020-12-22,30.3,30.3,-0.3289,30.19,6311760.0,190561752000.0,960410.0,28998420050.0,30.3,30.35,30.05,7272170.0
2020-12-23,30.6,30.6,0.9901,30.59,11225570.0,343430020000.0,309000.0,9464010000.0,30.35,31.35,30.1,11534570.0
2020-12-24,29.95,29.95,-2.1242,29.74,8896890.0,264587466500.0,0.0,0.0,30.65,30.8,28.6,8896890.0
2020-12-25,30.45,30.45,1.6694,30.14,5682560.0,171270820500.0,30000.0,837000000.0,29.9,30.6,29.55,5712560.0
2020-12-28,30.45,30.45,0.0,30.45,8216210.0,250193786500.0,1320420.0,39577809420.0,30.7,30.85,30.05,9536630.0
2020-12-29,31.65,31.65,3.9409,31.19,11628180.0,362709318000.0,372800.0,11628377600.0,30.45,31.8,30.25,12000980.0
2020-12-30,31.35,31.35,-0.9479,31.68,5264090.0,166777697000.0,0.0,0.0,31.7,32.05,31.1,5264090.0
2020-12-31,31.4,31.4,0.1595,31.36,4650930.0,145834656000.0,0.0,0.0,31.5,31.5,31.2,4650930.0
2021-01-04,31.65,31.65,0.7962,31.88,9299700.0,296432615000.0,20080.0,638544000.0,31.5,32.45,31.4,9319780.0
2021-01-05,33.3,33.3,5.2133,32.7,11968500.0,391320235000.0,200000.0,6539200000.0,31.65,33.5,31.5,12168500.0
2021-01-06,33.2,33.2,-0.3003,33.57,9706700.0,325874735000.0,1350000.0,45579180000.0,33.85,33.9,33.05,11056700.0
2021-01-07,33.9,33.9,2.1084,33.55,8942200.0,299991355000.0,362400.0,12052699200.0,33.2,33.9,33.0,9304600.0
2021-01-08,35.5,35.5,4.7198,35.13,11122400.0,390756915000.0,1080400.0,37893972800.0,34.3,36.25,34.3,12202800.0
2021-01-11,37.15,37.15,4.6479,36.21,8820500.0,319351815000.0,300000.0,10861800000.0,35.5,37.3,35.4,9120500.0
2021-01-12,36.7,36.7,-1.2113,36.62,8633100.0,316110800000.0,0.0,0.0,37.3,37.3,36.2,8633100.0
2021-01-13,36.2,36.2,-1.3624,36.75,7540500.0,277087240000.0,900000.0,33011100000.0,36.7,37.15,35.0,8440500.0
2021-01-14,36.6,36.6,1.105,36.1,7599400.0,274367780000.0,1001600.0,36161766400.0,36.2,37.0,35.3,8601000.0
2021-01-15,36.7,36.7,0.2732,36.77,3366600.0,123798695000.0,330000.0,12129900000.0,36.7,37.0,36.4,3696600.0
2021-01-18,37.35,37.35,1.7711,37.41,5151900.0,192751990000.0,186800.0,6939620000.0,37.0,37.95,36.9,5338700.0
2021-01-19,37.3,37.3,-0.1339,35.74,7316800.0,261505890000.0,1109500.0,41439825000.0,37.05,37.3,34.75,8426300.0
2021-01-20,36.8,36.8,-1.3405,36.34,6873100.0,249763375000.0,52100.0,1901650000.0,36.9,37.35,35.0,6925200.0
2021-01-21,36.6,36.6,-0.5435,36.37,6989100.0,254186540000.0,1805500.0,65607895500.0,36.8,37.0,35.9,8794600.0
2021-01-22,36.9,36.9,0.8197,37.08,7256800.0,269100470000.0,1583200.0,58740465600.0,36.6,37.75,36.35,8840000.0
2021-01-25,37.8,37.8,2.439,37.81,6559800.0,248005040000.0,700000.0,26464900000.0,36.9,38.3,36.6,7259800.0
2021-01-26,37.0,37.0,-2.1164,36.9,3655500.0,134891665000.0,0.0,0.0,37.8,37.9,35.8,3655500.0
2021-01-27,34.45,34.45,-6.8919,35.12,6401900.0,224804280000.0,0.0,0.0,36.0,36.5,34.45,6401900.0
2021-01-28,32.05,32.05,-6.9666,32.05,3181000.0,101955430000.0,0.0,0.0,32.05,32.2,32.05,3181000.0
2021-01-29,32.05,32.05,0.0,31.17,13579200.0,423226715000.0,77500.0,2483875000.0,29.85,33.6,29.85,13656700.0
2021-02-01,30.0,30.0,-6.3963,31.31,7498800.0,234796455000.0,4900900.0,153635382300.0,32.0,32.05,30.0,12399700.0
2021-02-02,31.95,31.95,6.5,30.28,8546600.0,258829825000.0,97300.0,3045490000.0,29.8,32.0,28.7,8643900.0
2021-02-03,33.1,33.1,3.5994,32.69,5472800.0,178895265000.0,547535.0,18039245000.0,32.1,33.85,31.95,6020335.0
2021-02-04,32.6,32.6,-1.5106,33.1,4110300.0,136055315000.0,0.0,0.0,33.1,33.8,32.5,4110300.0
2021-02-05,32.7,32.7,0.3067,32.67,3746700.0,122403490000.0,117392.0,3827481500.0,32.6,33.0,32.45,3864092.0
2021-02-08,30.9,30.9,-5.5046,31.33,10110300.0,316721795000.0,0.0,0.0,32.7,32.7,30.45,10110300.0
2021-02-09,31.55,31.55,2.1036,30.95,6417300.0,198593140000.0,430300.0,13316494100.0,31.2,32.0,30.1,6847600.0
2021-02-17,33.75,33.75,6.9731,33.27,5097100.0,169578950000.0,2100506.0,67851192000.0,31.9,33.75,31.65,7197606.0
2021-02-18,34.85,34.85,3.2593,34.29,7076500.0,242640850000.0,880000.0,30310720000.0,33.9,34.85,33.0,7956500.0
2021-02-19,34.5,34.5,-1.0043,34.67,4599200.0,159450960000.0,0.0,0.0,34.4,35.1,34.1,4599200.0
2021-02-22,34.15,34.15,-1.0145,34.41,4038700.0,138958125000.0,0.0,0.0,34.5,34.9,34.0,4038700.0
2021-02-23,34.4,34.4,0.7321,34.39,4783700.0,164528040000.0,500000.0,17211500000.0,34.2,34.6,34.1,5283700.0
2021-02-24,33.7,33.7,-2.0349,33.95,5262900.0,178700635000.0,0.0,0.0,34.5,34.8,33.0,5262900.0
2021-02-25,33.75,33.75,0.1484,33.77,4225800.0,142701260000.0,0.0,0.0,34.1,34.15,33.35,4225800.0
2021-02-26,33.2,33.2,-1.6296,33.32,5168300.0,172224240000.0,899835.0,29982737400.0,33.2,33.6,33.0,6068135.0
2021-03-01,34.25,34.25,3.1627,34.04,5383600.0,183270495000.0,0.0,0.0,33.7,34.4,33.4,5383600.0
2021-03-02,34.7,34.7,1.3139,34.82,6292000.0,219115070000.0,341020.0,11747649120.0,35.0,35.2,34.3,6633020.0
2021-03-03,35.5,35.5,2.3055,35.05,6916300.0,242442865000.0,132500.0,4652387500.0,34.6,36.0,34.1,7048800.0
2021-03-04,34.55,34.55,-2.6761,34.81,3774600.0,131411130000.0,812000.0,28269780000.0,35.9,35.9,34.0,4586600.0
2021-03-05,34.55,34.55,0.0,33.92,4886800.0,165741915000.0,400000.0,13689600000.0,34.2,34.95,33.1,5286800.0
2021-03-08,34.45,34.45,-0.2894,34.67,4501400.0,156058890000.0,0.0,0.0,35.0,35.2,34.2,4501400.0
2021-03-09,34.1,34.1,-1.016,34.0,3258000.0,110786935000.0,0.0,0.0,34.1,34.5,33.6,3258000.0
2021-03-10,34.15,34.15,0.1466,34.18,3109000.0,106250455000.0,1607000.0,54919225000.0,34.1,34.5,34.0,4716000.0
2021-03-11,34.35,34.35,0.5857,34.41,2683500.0,92349020000.0,0.0,0.0,34.5,34.7,34.25,2683500.0
2021-03-12,34.65,34.65,0.8734,34.55,3713000.0,128302370000.0,0.0,0.0,34.35,34.8,34.35,3713000.0
2021-03-15,34.45,34.45,-0.5772,34.47,3034700.0,104617380000.0,20000.0,692000000.0,34.35,34.65,34.3,3054700.0
2021-03-16,34.8,34.8,1.016,34.79,5860500.0,203892125000.0,0.0,0.0,34.6,35.15,34.5,5860500.0
2021-03-17,34.85,34.85,0.1437,35.06,5558500.0,194897165000.0,0.0,0.0,34.9,35.4,34.8,5558500.0
2021-03-18,35.0,35.0,0.4304,34.93,3154200.0,110188305000.0,20000.0,688000000.0,35.3,35.4,34.8,3174200.0
2021-03-19,34.0,34.0,-2.8571,34.69,9786500.0,339490615000.0,0.0,0.0,34.9,35.45,34.0,9786500.0
2021-03-22,34.6,34.6,1.7647,34.68,4091000.0,141880290000.0,0.0,0.0,34.7,35.0,34.5,4091000.0
2021-03-23,34.15,34.15,-1.3006,34.29,4290000.0,147084095000.0,0.0,0.0,34.6,34.6,34.0,4290000.0
2021-03-24,33.4,33.4,-2.1962,33.48,5717400.0,191394230000.0,918700.0,30776881200.0,33.6,34.0,33.0,6636100.0
2021-03-25,32.85,32.85,-1.6467,33.14,5291700.0,175385565000.0,0.0,0.0,33.4,33.7,32.7,5291700.0
2021-03-26,32.2,32.2,-1.9787,31.97,6718200.0,214806005000.0,294000.0,9408000000.0,32.5,32.75,31.2,7012200.0
2021-03-29,33.05,33.05,2.6398,32.8,4460500.0,146322735000.0,745300.0,24400985000.0,32.5,33.25,32.2,5205800.0
2021-03-30,32.6,32.6,-1.3616,32.79,5262800.0,172572660000.0,0.0,0.0,33.05,33.15,32.5,5262800.0
2021-03-31,32.7,32.7,0.3067,32.73,4520600.0,147955775000.0,541000.0,17706389000.0,32.6,33.0,32.6,5061600.0
2021-04-01,33.85,33.85,3.5168,33.34,5486600.0,182922965000.0,20000.0,688000000.0,32.7,33.9,32.7,5506600.0
2021-04-02,33.85,33.85,0.0,34.14,4192100.0,143106460000.0,115700.0,3949766600.0,34.2,34.5,33.75,4307800.0
2021-04-05,34.5,34.5,1.9202,34.8,6891100.0,239798775000.0,0.0,0.0,35.5,35.5,34.0,6891100.0
2021-04-06,35.0,35.0,1.4493,35.01,8548000.0,299273760000.0,320000.0,11201500000.0,34.5,35.45,34.4,8868000.0
2021-04-07,35.4,35.4,1.1429,35.27,6779600.0,239104180000.0,0.0,0.0,35.1,35.5,34.8,6779600.0
2021-04-08,35.3,35.3,-0.2825,35.38,5971100.0,211247910000.0,463400.0,16409463200.0,35.7,35.7,35.1,6434500.0
2021-04-09,35.0,35.0,-0.8499,35.16,5329800.0,187379940000.0,20000.0,706000000.0,35.2,35.4,35.0,5349800.0
2021-04-12,35.3,35.3,0.8571,35.07,5452100.0,191197560000.0,1250000.0,43344000000.0,35.0,35.4,34.9,6702100.0
2021-04-13,35.3,35.3,0.0,35.85,11697800.0,419372610000.0,0.0,0.0,35.8,36.8,35.3,11697800.0
2021-04-14,35.0,35.0,-0.8499,34.94,5803300.0,202791475000.0,65000.0,2398750000.0,35.1,35.25,34.65,5868300.0
2021-04-15,34.0,34.0,-2.8571,34.57,6016800.0,207973290000.0,274500.0,9416448000.0,35.3,35.3,34.0,6291300.0
2021-04-16,33.95,33.95,-0.1471,33.42,6772000.0,226345930000.0,300000.0,10006200000.0,33.8,34.45,32.8,7072000.0
2021-04-19,33.95,33.95,0.0,33.64,4122400.0,138661465000.0,942590.0,31494263430.0,33.8,34.2,33.0,5064990.0
2021-04-20,34.6,34.6,1.9146,35.16,13595800.0,478005685000.0,1116300.0,38863635100.0,34.2,36.1,34.15,14712100.0
2021-04-22,32.2,32.2,-6.9364,34.07,7978600.0,271843755000.0,0.0,0.0,34.6,35.2,32.2,7978600.0
2021-04-23,32.8,32.8,1.8634,32.64,8772400.0,286310195000.0,20000.0,689000000.0,32.5,33.0,32.2,8792400.0
2021-04-26,31.15,31.15,-5.0305,32.09,11318300.0,363210380000.0,0.0,0.0,33.0,33.0,31.15,11318300.0
2021-04-27,30.6,30.6,-1.7657,30.99,6825200.0,211506440000.0,83100.0,2572111200.0,31.15,31.35,30.55,6908300.0
2021-04-28,31.5,31.5,2.9412,31.3,7556200.0,236536110000.0,0.0,0.0,31.0,31.75,30.8,7556200.0
2021-04-29,32.0,32.0,1.5873,32.03,5847200.0,187306330000.0,0.0,0.0,31.9,32.45,31.55,5847200.0
2021-05-04,31.3,31.3,-2.1875,31.28,7193500.0,225019905000.0,493700.0,15434543100.0,31.5,31.65,30.5,7687200.0
2021-05-05,31.6,31.6,0.9585,31.56,9862900.0,311261385000.0,0.0,0.0,31.3,32.0,31.3,9862900.0
2021-05-06,31.2,31.2,-1.2658,31.76,5084700.0,161488185000.0,0.0,0.0,31.95,32.35,31.2,5084700.0
2021-05-07,31.0,31.0,-0.641,31.26,5678000.0,177484000000.0,20000.0,624000000.0,31.3,31.6,30.8,5698000.0
2021-05-10,31.75,31.75,2.4194,31.07,8658400.0,269054635000.0,0.0,0.0,30.5,31.95,30.4,8658400.0
2021-05-11,31.0,31.0,-2.3622,31.45,5114700.0,160849590000.0,0.0,0.0,31.9,31.9,31.0,5114700.0
2021-05-12,31.2,31.2,0.6452,31.09,3752800.0,116672380000.0,20000.0,618000000.0,31.0,31.5,30.8,3772800.0
2021-05-13,30.9,30.9,-0.9615,31.02,4782600.0,148379915000.0,40000.0,1252000000.0,31.2,31.3,30.9,4822600.0
2021-05-14,30.65,30.65,-0.8091,30.88,4716600.0,145661345000.0,0.0,0.0,31.1,31.2,30.65,4716600.0
2021-05-17,30.7,30.7,0.1631,31.2,5595900.0,174601090000.0,1500000.0,46831500000.0,30.7,31.7,30.7,7095900.0
2021-05-18,30.0,30.0,-2.2801,30.56,6236900.0,190599705000.0,0.0,0.0,30.8,31.1,30.0,6236900.0
2021-05-19,29.35,29.35,-2.1667,29.36,12028000.0,353122445000.0,267900.0,7897413000.0,30.0,30.4,29.0,12295900.0
2021-05-20,29.5,29.5,0.5111,29.16,7526000.0,219453725000.0,0.0,0.0,29.5,29.55,28.8,7526000.0
2021-05-21,30.35,30.35,2.8814,29.73,6579600.0,195605985000.0,1485000.0,44372420000.0,29.5,30.5,29.0,8064600.0
2021-05-24,30.85,30.85,1.6474,30.7,5061400.0,155392865000.0,1000000.0,30724500000.0,30.45,31.15,30.4,6061400.0
2021-05-25,31.2,31.2,1.1345,31.15,7140900.0,222411945000.0,700000.0,21754600000.0,30.95,31.45,30.6,7840900.0
2021-05-26,31.25,31.25,0.1603,31.13,5261200.0,163792390000.0,0.0,0.0,31.0,31.45,30.7,5261200.0
2021-05-27,30.75,30.75,-1.6,30.88,4995200.0,154260515000.0,20000.0,626000000.0,31.2,31.25,30.45,5015200.0
2021-05-28,30.55,30.55,-0.6504,30.36,6456400.0,195994530000.0,91000.0,2762487000.0,30.7,30.7,30.0,6547400.0
2021-05-31,29.4,29.4,-3.7643,29.53,8050500.0,237740465000.0,70000.0,2170000000.0,30.0,30.1,29.3,8120500.0
2021-06-01,30.7,30.7,4.4218,29.91,6032600.0,180426875000.0,40009.0,1222270000.0,29.2,30.9,29.1,6072609.0
2021-06-02,30.1,30.1,-1.9544,30.47,4443800.0,135392170000.0,300000.0,8972700000.0,30.8,30.8,30.0,4743800.0
2021-06-03,30.5,30.5,1.3289,30.11,8184300.0,246462720000.0,0.0,0.0,30.1,30.7,29.7,8184300.0
2021-06-04,32.2,32.2,0.0,31.79,14241700.0,452680340000.0,0.0,0.0,30.5,32.5,30.4,14241700.0
2021-06-07,33.35,33.35,3.5714,33.27,9584700.0,318885350000.0,0.0,0.0,32.6,33.7,32.6,9584700.0
2021-06-08,31.65,31.65,-5.0975,32.85,8044700.0,264307325000.0,170000.0,5577190000.0,33.0,33.5,31.65,8214700.0
2021-06-09,31.7,31.7,0.158,31.47,7480400.0,235391675000.0,0.0,0.0,31.6,32.0,30.9,7480400.0
2021-06-10,30.8,30.8,-2.8391,31.38,5139200.0,161273155000.0,0.0,0.0,31.5,31.9,30.8,5139200.0
2021-06-11,31.5,31.5,2.2727,31.46,4273200.0,134418655000.0,0.0,0.0,31.1,31.8,31.0,4273200.0
2021-06-14,31.95,31.95,1.4286,32.05,6417700.0,205709420000.0,20030.0,644966000.0,31.6,32.5,31.5,6437730.0
2021-06-15,32.85,32.85,2.8169,32.33,5436900.0,175796340000.0,0.0,0.0,31.95,32.9,31.95,5436900.0
2021-06-16,32.8,32.8,-0.1522,32.97,5055400.0,166685875000.0,0.0,0.0,32.85,33.4,32.5,5055400.0
2021-06-17,32.85,32.85,0.1524,32.83,5670600.0,186164165000.0,1018700.0,33577370700.0,32.5,33.15,32.1,6689300.0
2021-06-18,32.5,32.5,-1.0654,32.64,4117900.0,134417215000.0,2232200.0,72546500000.0,33.25,33.25,32.05,6350100.0
2021-06-21,31.8,31.8,-2.1538,31.95,4194500.0,134033455000.0,30000.0,960000000.0,32.05,32.4,31.7,4224500.0
2021-06-22,31.5,31.5,-0.9434,31.79,3411300.0,108441130000.0,0.0,0.0,32.0,32.3,31.5,3411300.0
2021-06-23,31.5,31.5,0.0,31.78,3755900.0,119354290000.0,0.0,0.0,31.45,32.25,31.4,3755900.0
2021-06-24,32.0,32.0,1.5873,31.61,3112800.0,98394920000.0,50049.0,1585543500.0,31.5,32.0,31.45,3162849.0
2021-06-25,31.6,31.6,-1.25,31.76,3583400.0,113805025000.0,0.0,0.0,32.1,32.2,31.6,3583400.0
2021-06-28,31.8,31.8,0.6329,31.73,2856800.0,90649905000.0,20070.0,634212000.0,31.95,31.95,31.5,2876870.0
2021-06-29,31.7,31.7,-0.3145,31.74,2417000.0,76715435000.0,370000.0,11733900000.0,31.95,31.95,31.6,2787000.0
2021-06-30,31.75,31.75,0.1577,32.22,6521500.0,210148790000.0,0.0,0.0,31.85,32.8,31.75,6521500.0
2021-07-01,31.8,31.8,0.1575,31.82,3093100.0,98420970000.0,0.0,0.0,32.0,32.2,31.65,3093100.0
2021-07-02,31.7,31.7,-0.3145,31.77,2781500.0,88357405000.0,0.0,0.0,31.85,31.9,31.7,2781500.0
2021-07-05,29.5,29.5,-6.9401,30.797,6662800.0,205191000000.0,0.0,0.0,31.7,31.7,29.5,6662800.0
2021-07-06,29.5,29.5,0.0,30.04,6092700.0,183001665000.0,0.0,0.0,30.4,30.4,29.5,6092700.0
2021-07-07,30.9,30.9,4.7458,29.83,5457900.0,162827895000.0,0.0,0.0,29.5,30.9,29.15,5457900.0
2021-07-08,29.9,29.9,-3.2362,29.8,3603700.0,107400420000.0,20000.0,650000000.0,30.3,30.5,29.4,3623700.0
2021-07-09,28.0,28.0,-6.3545,28.93,5021600.0,145277045000.0,0.0,0.0,29.45,29.55,28.0,5021600.0
2021-07-12,27.0,27.0,-3.5714,26.98,6542100.0,176528405000.0,40000.0,1196000000.0,28.0,28.7,26.1,6582100.0
2021-07-13,27.85,27.85,3.1481,27.48,2816200.0,77397235000.0,0.0,0.0,27.1,27.85,27.1,2816200.0
2021-07-14,28.25,28.25,1.4363,28.26,4354900.0,123068050000.0,0.0,0.0,27.85,28.85,27.85,4354900.0
2021-07-15,28.0,28.0,-0.885,27.93,3686300.0,102947455000.0,0.0,0.0,28.1,28.25,27.65,3686300.0
2021-07-16,27.7,27.7,-1.0714,27.96,2843200.0,79481885000.0,0.0,0.0,28.15,28.3,27.7,2843200.0
2021-07-19,26.8,26.8,-3.2491,26.43,5381900.0,142232875000.0,0.0,0.0,27.0,27.4,25.85,5381900.0
2021-07-20,26.7,26.7,-0.3731,25.788,6793100.0,175181705000.0,0.0,0.0,26.2,26.9,25.1,6793100.0
2021-07-21,27.4,27.4,2.6217,27.26,5563500.0,151682615000.0,0.0,0.0,26.6,27.75,26.0,5563500.0
2021-07-22,28.2,28.2,2.9197,27.6,4408400.0,121676340000.0,0.0,0.0,27.0,28.25,26.75,4408400.0
2021-07-23,27.0,27.0,-4.2553,27.44,4945800.0,135692395000.0,0.0,0.0,27.8,28.0,27.0,4945800.0
2021-07-26,26.75,26.75,-0.9259,26.773,3122400.0,83595045000.0,180500.0,4844981000.0,26.5,27.2,26.4,3302900.0
2021-07-27,27.65,27.65,3.3645,27.63,6060400.0,167474445000.0,0.0,0.0,27.5,27.95,27.3,6060400.0
2021-07-28,27.2,27.2,-1.6275,27.373,2126900.0,58219000000.0,0.0,0.0,27.6,27.6,27.15,2126900.0
2021-07-29,27.35,27.35,0.5515,27.34,4172300.0,114052615000.0,0.0,0.0,27.3,27.9,27.1,4172300.0
2021-07-30,27.65,27.65,1.0969,27.5,5044600.0,138740545000.0,0.0,0.0,27.5,27.7,27.3,5044600.0
2021-08-02,27.5,27.5,-0.5425,27.62,3210100.0,88653635000.0,0.0,0.0,27.4,27.8,27.3,3210100.0
2021-08-03,28.3,28.3,2.9091,28.06,8860000.0,248583040000.0,60108.0,1671002400.0,27.4,28.45,27.35,8920108.0
2021-08-04,27.9,27.9,-1.4134,28.11,4042900.0,113641510000.0,378907.0,10407211000.0,28.4,28.4,27.9,4421807.0
2021-08-05,27.95,27.95,0.1792,27.89,4302900.0,120009895000.0,487000.0,13575125000.0,27.9,28.05,27.75,4789900.0
2021-08-06,27.95,27.95,0.0,27.997,6698200.0,187532000000.0,0.0,0.0,28.0,28.45,27.75,6698200.0
2021-08-09,28.6,28.6,2.3256,28.47,6773500.0,192821855000.0,0.0,0.0,28.0,28.75,27.95,6773500.0
2021-08-10,28.35,28.35,-0.8741,28.48,4428600.0,126135270000.0,0.0,0.0,28.7,29.0,28.25,4428600.0
2021-08-11,28.0,28.0,-1.2346,28.31,5805700.0,164382805000.0,0.0,0.0,28.4,28.5,28.0,5805700.0
2021-08-12,28.0,28.0,0.0,28.07,5302100.0,148843130000.0,0.0,0.0,27.95,28.4,27.9,5302100.0
2021-08-13,28.0,28.0,0.0,28.02,4774700.0,133791985000.0,600000.0,16803000000.0,28.0,28.25,27.8,5374700.0
2021-08-16,28.5,28.5,1.7857,28.59,5965500.0,170557965000.0,0.0,0.0,28.1,28.9,28.1,5965500.0
2021-08-17,28.05,28.05,-1.5789,28.24,3881200.0,109593330000.0,100000.0,2819000000.0,28.5,28.75,28.0,3981200.0
2021-08-18,27.8,27.8,-0.8913,27.96,4640800.0,129747910000.0,440000.0,12217820000.0,28.0,28.15,27.8,5080800.0
2021-08-19,27.95,27.95,0.5396,27.76,3943600.0,109493480000.0,0.0,0.0,27.8,28.1,27.55,3943600.0
2021-08-20,27.05,27.05,-3.22,27.34,6750800.0,184599980000.0,60000.0,1644000000.0,27.9,27.9,26.7,6810800.0
2021-08-23,26.05,26.05,-3.6969,26.43,5284200.0,139642695000.0,0.0,0.0,26.7,26.85,26.05,5284200.0
2021-08-24,26.15,26.15,0.3839,26.14,4238300.0,110804200000.0,0.0,0.0,25.95,26.35,25.9,4238300.0
2021-08-25,26.3,26.3,0.5736,26.29,2545700.0,66929480000.0,20052.0,527367600.0,26.15,26.6,26.05,2565752.0
2021-08-26,26.45,26.45,0.5703,26.56,2511500.0,66697920000.0,0.0,0.0,26.6,26.85,26.35,2511500.0
2021-08-27,26.8,26.8,1.3233,26.62,2874100.0,76513355000.0,0.0,0.0,26.45,26.8,26.3,2874100.0
2021-08-30,27.2,27.2,1.4925,26.89,2372200.0,63779080000.0,586687.0,15794611600.0,26.9,27.25,26.7,2958887.0
2021-08-31,27.3,27.3,0.3676,27.14,2447900.0,66443970000.0,300000.0,8190000000.0,27.2,27.3,26.85,2747900.0
2021-09-01,27.9,27.9,2.1978,27.53,3582100.0,98632795000.0,487400.0,13469299000.0,27.1,27.9,27.0,4069500.0
2021-09-06,28.1,28.1,0.7168,28.13,2869700.0,80717740000.0,0.0,0.0,28.0,28.2,28.0,2869700.0
2021-09-07,27.2,27.2,-3.2028,27.62,3358200.0,92742575000.0,40000.0,1202000000.0,28.0,28.1,27.2,3398200.0
2021-09-08,27.1,27.1,-0.3676,27.21,2289400.0,62290380000.0,0.0,0.0,27.45,27.45,27.05,2289400.0
2021-09-09,27.45,27.45,1.2915,27.55,3537300.0,97450915000.0,0.0,0.0,27.1,27.95,27.05,3537300.0
2021-09-10,28.0,28.0,2.0036,28.07,5818900.0,163349685000.0,0.0,0.0,27.6,28.35,27.6,5818900.0
2021-09-13,27.9,27.9,-0.3571,28.11,4681800.0,131593585000.0,0.0,0.0,28.1,28.3,27.85,4681800.0
2021-09-14,28.3,28.3,1.4337,28.5,6595600.0,187955775000.0,475000.0,13462450000.0,28.5,28.8,28.2,7070600.0
2021-09-15,28.55,28.55,0.8834,28.43,4857400.0,138103055000.0,0.0,0.0,28.0,28.65,28.0,4857400.0
2021-09-16,30.0,30.0,5.0788,29.7,14831000.0,440457120000.0,0.0,0.0,28.8,30.3,28.7,14831000.0
2021-09-17,29.2,29.2,-2.6667,29.64,11870000.0,351835435000.0,0.0,0.0,30.2,30.45,29.2,11870000.0
