28/12/2017,16.80,23.00,3.00 (15.00 %),,20000,460000000,0,0,20.00,23.0,23.00
29/12/2017,18.26,25.00,2.00 (8.70 %),,30000,750000000,0,0,23.00,25.00,25.00
02/01/2018,18.99,26.00,1.00 (4.00 %),,99000,2574000000,0,0,25.00,26.0,26.00
03/01/2018,18.99,26.00,0.00 (0.00 %),,0,0,0,0,26.00,26.00,26.00
04/01/2018,18.62,25.50,-0.50 (-1.92 %),,50000,1275000000,0,0,26.00,25.5,25.50
05/01/2018,18.62,25.50,0.00 (0.00 %),,100000,2550000000,0,0,25.50,25.50,25.50
08/01/2018,18.40,25.20,-0.30 (-1.18 %),,38800,988950000,0,0,25.50,26.5,26.50
09/01/2018,17.53,24.00,-1.50 (-5.88 %),,73000,1807000000,0,0,25.50,26.00,26.00
10/01/2018,17.89,24.50,-0.30 (-1.21 %),,20000,490000000,0,0,24.80,24.5,24.50
11/01/2018,17.89,24.50,0.00 (0.00 %),,0,0,0,0,24.50,24.50,24.50
12/01/2018,18.26,25.00,0.50 (2.04 %),,50000,1250000000,0,0,24.50,25.0,25.00
15/01/2018,19.43,26.60,1.60 (6.40 %),,30500,812350000,0,0,25.00,28.70,28.70
16/01/2018,17.89,24.50,-2.10 (-7.89 %),,50000,1225000000,0,0,26.60,24.5,24.50
17/01/2018,17.89,24.50,0.00 (0.00 %),,50000,1225000000,0,0,24.50,24.50,24.50
18/01/2018,17.89,24.50,0.00 (0.00 %),,50000,1225000000,0,0,24.50,24.5,24.50
19/01/2018,17.89,24.50,0.00 (0.00 %),,70000,1715000000,0,0,24.50,24.50,24.50
22/01/2018,17.89,24.50,0.00 (0.00 %),,10000,245000000,0,0,24.50,24.5,24.50
23/01/2018,18.26,25.00,0.50 (2.04 %),,150000,3750000000,0,0,24.50,25.00,25.00
24/01/2018,19.28,26.40,1.40 (5.60 %),,28500,731280000,0,0,25.00,25.3,26.40
25/01/2018,19.64,26.90,1.20 (4.67 %),,45400,1207250000,0,0,25.70,26.50,26.90
26/01/2018,18.11,24.80,-1.80 (-6.77 %),,65200,1590630000,0,0,26.60,28.0,28.00
29/01/2018,18.04,24.70,0.30 (1.23 %),,45000,1101600000,0,0,24.40,24.40,24.70
30/01/2018,17.53,24.00,-0.50 (-2.04 %),,42200,1014000000,0,0,24.50,24.1,24.10
31/01/2018,17.96,24.60,0.60 (2.50 %),,58800,1428080000,0,0,24.00,23.80,24.60
01/02/2018,18.04,24.70,0.40 (1.65 %),,45400,1121380000,0,0,24.30,24.7,24.70
02/02/2018,17.60,24.10,-0.60 (-2.43 %),,66800,1609880000,0,0,24.70,24.10,24.10
05/02/2018,17.82,24.40,0.30 (1.24 %),,51000,1240400000,0,0,24.10,24.2,26.00
06/02/2018,16.43,22.50,-1.80 (-7.41 %),,73500,1675900000,0,0,24.30,23.00,23.00
07/02/2018,17.02,23.30,0.50 (2.19 %),,72300,1664990000,0,0,22.80,22.8,23.30
08/02/2018,16.80,23.00,0.00 (0.00 %),,59000,1352000000,0,0,23.00,23.00,23.00
09/02/2018,16.72,22.90,0.00 (0.00 %),,66400,1504470000,0,0,22.90,22.5,22.90
12/02/2018,16.80,23.00,0.30 (1.32 %),,52600,1205450000,0,0,22.70,22.70,23.00
13/02/2018,16.87,23.10,0.20 (0.87 %),,60200,1368800000,0,0,22.90,22.6,23.10
21/02/2018,16.80,23.00,0.30 (1.32 %),,36300,827670000,0,0,22.70,22.70,23.00
22/02/2018,16.87,23.10,0.30 (1.32 %),,49900,1141110000,0,0,22.80,22.5,23.10
23/02/2018,16.87,23.10,0.20 (0.87 %),,59400,1349820000,0,0,22.90,22.60,23.10
26/02/2018,16.94,23.20,0.50 (2.20 %),,52800,1221200000,0,0,22.70,23.1,23.20
27/02/2018,16.94,23.20,0.10 (0.43 %),,54000,1247320000,0,0,23.10,23.00,23.20
28/02/2018,17.02,23.30,0.20 (0.87 %),,30200,701410000,0,0,23.10,23.2,23.30
01/03/2018,17.16,23.50,0.30 (1.29 %),,40400,925960000,0,0,23.20,22.80,23.50
02/03/2018,16.80,23.00,0.10 (0.44 %),,39300,897880000,0,0,22.90,22.9,23.00
05/03/2018,16.80,23.00,0.20 (0.88 %),,46800,1074120000,0,0,22.80,22.80,23.60
06/03/2018,16.87,23.10,0.10 (0.43 %),,54000,1245040000,0,0,23.00,23.0,23.10
07/03/2018,16.65,22.80,-0.30 (-1.30 %),,46900,1078020000,0,0,23.10,23.00,23.10
08/03/2018,16.65,22.80,-0.20 (-0.87 %),,24300,555970000,0,0,23.00,22.9,22.90
09/03/2018,16.72,22.90,0.00 (0.00 %),,49600,1134010000,0,0,22.90,22.80,22.90
12/03/2018,16.80,23.00,0.10 (0.44 %),,36000,825870000,0,0,22.90,22.8,23.00
13/03/2018,16.80,23.00,0.10 (0.44 %),,42900,981020000,0,0,22.90,22.80,23.00
14/03/2018,16.80,23.00,0.10 (0.44 %),,76700,1758730000,0,0,22.90,22.9,23.00
15/03/2018,16.87,23.10,0.20 (0.87 %),,43500,1001460000,0,0,22.90,23.00,23.10
16/03/2018,16.80,23.00,0.00 (0.00 %),,31000,713000000,0,0,23.00,23.0,23.00
19/03/2018,16.87,23.10,0.10 (0.43 %),,30100,695310000,0,0,23.00,23.10,23.10
20/03/2018,16.87,23.10,0.00 (0.00 %),,35800,826980000,0,0,23.10,23.1,23.10
21/03/2018,16.87,23.10,0.00 (0.00 %),,31400,725340000,0,0,23.10,23.10,23.10
22/03/2018,16.87,23.10,0.00 (0.00 %),,37200,859520000,0,0,23.10,23.1,23.60
23/03/2018,16.87,23.10,0.00 (0.00 %),,11600,267960000,0,0,23.10,23.10,23.10
26/03/2018,16.94,23.20,0.10 (0.43 %),,35800,828870000,0,0,23.10,23.1,23.30
27/03/2018,17.02,23.30,0.10 (0.43 %),,18500,427370000,0,0,23.20,23.10,23.30
28/03/2018,16.58,22.70,-0.40 (-1.73 %),,54500,1241970000,0,0,23.10,22.8,22.80
29/03/2018,16.58,22.70,-0.10 (-0.44 %),,39700,903310000,0,0,22.80,22.80,22.80
30/03/2018,16.65,22.80,0.00 (0.00 %),,47600,1083640000,0,0,22.80,22.8,22.80
02/04/2018,17.16,23.50,0.70 (3.07 %),,33800,767420000,0,0,22.80,22.70,23.50
03/04/2018,16.65,22.80,0.10 (0.44 %),,50700,1153020000,0,0,22.70,22.7,22.80
04/04/2018,16.58,22.70,0.00 (0.00 %),,18100,410870000,0,0,22.70,22.70,22.70
05/04/2018,16.65,22.80,0.10 (0.44 %),,17900,406340000,0,0,22.70,22.7,22.80
06/04/2018,16.65,22.80,0.10 (0.44 %),,38500,875420000,0,0,22.70,22.70,22.80
09/04/2018,16.58,22.70,0.00 (0.00 %),,36800,833450000,0,0,22.70,22.6,22.70
10/04/2018,16.58,22.70,0.10 (0.44 %),,39700,897400000,0,0,22.60,22.60,22.70
11/04/2018,16.72,22.90,0.30 (1.33 %),,12900,295410000,0,0,22.60,22.9,22.90
12/04/2018,16.58,22.70,-0.20 (-0.87 %),,32100,730260000,0,0,22.90,22.80,22.80
13/04/2018,16.72,22.90,0.10 (0.44 %),,36700,835320000,0,0,22.80,22.7,22.90
16/04/2018,16.58,22.70,-0.10 (-0.44 %),,12400,281480000,0,0,22.80,22.70,22.70
17/04/2018,16.58,22.70,0.00 (0.00 %),,18400,417680000,0,0,22.70,22.7,22.70
18/04/2018,16.50,22.60,-0.10 (-0.44 %),,34500,781570000,0,0,22.70,22.70,22.70
19/04/2018,16.58,22.70,0.00 (0.00 %),,43900,995030000,0,0,22.70,22.7,22.70
20/04/2018,16.58,22.70,0.00 (0.00 %),,34500,783150000,0,0,22.70,22.70,22.70
23/04/2018,16.50,22.60,-0.10 (-0.44 %),,35100,795170000,0,0,22.70,22.7,22.70
24/04/2018,16.65,22.80,0.10 (0.44 %),,33200,755240000,0,0,22.70,22.70,22.80
26/04/2018,16.50,22.60,-0.10 (-0.44 %),,26600,602920000,0,0,22.70,22.7,22.70
27/04/2018,16.50,22.60,-0.10 (-0.44 %),,15400,348040000,0,0,22.70,22.60,22.60
02/05/2018,16.58,22.70,0.10 (0.44 %),,18600,423220000,0,0,22.60,23.2,23.20
03/05/2018,16.50,22.60,-0.20 (-0.88 %),,26800,605680000,0,0,22.80,22.60,22.60
07/05/2018,16.50,22.60,0.00 (0.00 %),,27500,621500000,0,0,22.60,22.6,22.60
08/05/2018,16.50,22.60,0.00 (0.00 %),,25900,585340000,0,0,22.60,22.60,22.60
09/05/2018,16.58,22.70,0.10 (0.44 %),,9100,206570000,0,0,22.60,22.7,22.70
10/05/2018,16.94,23.20,0.50 (2.20 %),,200,4640000,0,0,22.70,23.20,23.20
11/05/2018,16.43,22.50,-0.70 (-3.02 %),,30400,685410000,0,0,23.20,22.6,22.60
14/05/2018,16.43,22.50,0.00 (0.00 %),,30500,686250000,0,0,22.50,22.50,22.50
15/05/2018,16.36,22.40,-0.10 (-0.44 %),,23600,530170000,0,0,22.50,22.5,22.50
16/05/2018,16.36,22.40,-0.10 (-0.44 %),,31200,700330000,0,0,22.50,22.50,22.50
17/05/2018,16.36,22.40,0.00 (0.00 %),,32200,721280000,0,0,22.40,22.4,22.40
18/05/2018,16.36,22.40,0.00 (0.00 %),,15200,340480000,0,0,22.40,22.40,22.40
21/05/2018,16.36,22.40,0.00 (0.00 %),,22900,512960000,0,0,22.40,22.4,22.40
22/05/2018,16.29,22.30,-0.10 (-0.45 %),,24600,550780000,0,0,22.40,22.40,22.40
23/05/2018,16.36,22.40,0.00 (0.00 %),,11200,250880000,0,0,22.40,22.4,22.40
24/05/2018,16.29,22.30,-0.10 (-0.45 %),,18800,420700000,0,0,22.40,22.40,22.40
25/05/2018,16.29,22.30,-0.10 (-0.45 %),,15700,350110000,0,0,22.40,22.3,22.30
28/05/2018,16.21,22.20,-0.10 (-0.45 %),,18600,414050000,0,0,22.30,22.30,22.30
29/05/2018,16.36,22.40,0.10 (0.45 %),,20700,461780000,0,0,22.30,22.2,22.40
30/05/2018,16.29,22.30,0.00 (0.00 %),,8500,189550000,0,0,22.30,22.30,22.30
31/05/2018,16.36,22.40,0.10 (0.45 %),,32700,730230000,0,0,22.30,22.3,22.40
01/06/2018,16.21,22.20,-0.10 (-0.45 %),,24000,534420000,0,0,22.30,22.30,22.30
04/06/2018,16.36,22.40,0.10 (0.45 %),,21000,468120000,0,0,22.30,22.2,22.40
05/06/2018,16.21,22.20,-0.10 (-0.45 %),,18000,400730000,0,0,22.30,22.30,22.30
06/06/2018,16.29,22.30,0.00 (0.00 %),,15400,343420000,0,0,22.30,22.3,22.30
07/06/2018,16.21,22.20,-0.10 (-0.45 %),,21900,487700000,0,0,22.30,22.30,22.30
08/06/2018,16.21,22.20,-0.10 (-0.45 %),,22800,507420000,0,0,22.30,22.3,22.30
11/06/2018,16.21,22.20,-0.10 (-0.45 %),,21000,467490000,0,0,22.30,22.30,22.30
12/06/2018,16.21,22.20,-0.10 (-0.45 %),,18000,400400000,0,0,22.30,22.3,22.30
13/06/2018,16.14,22.10,-0.10 (-0.45 %),,16000,354830000,0,0,22.20,22.20,22.20
14/06/2018,16.14,22.10,-0.10 (-0.45 %),,27000,597140000,0,0,22.20,22.2,22.20
15/06/2018,16.14,22.10,0.00 (0.00 %),,20100,444210000,0,0,22.10,22.10,22.10
18/06/2018,16.07,22.00,-0.10 (-0.45 %),,21900,483040000,0,0,22.10,22.1,22.10
19/06/2018,16.07,22.00,-0.10 (-0.45 %),,18700,412630000,0,0,22.10,22.10,22.10
20/06/2018,16.14,22.10,0.00 (0.00 %),,11200,247520000,0,0,22.10,22.1,22.10
21/06/2018,16.14,22.10,0.00 (0.00 %),,14100,311610000,0,0,22.10,22.10,22.10
22/06/2018,16.07,22.00,-0.10 (-0.45 %),,18300,403780000,0,0,22.10,22.1,22.10
25/06/2018,16.07,22.00,-0.10 (-0.45 %),,24600,542360000,0,0,22.10,22.10,22.10
26/06/2018,16.07,22.00,0.00 (0.00 %),,21900,481800000,0,0,22.00,22.0,22.00
27/06/2018,16.07,22.00,0.00 (0.00 %),,22400,492800000,0,0,22.00,22.00,22.00
28/06/2018,16.07,22.00,0.00 (0.00 %),,21600,475200000,0,0,22.00,22.0,22.00
29/06/2018,16.07,22.00,0.00 (0.00 %),,21200,466400000,0,0,22.00,22.00,22.00
02/07/2018,16.07,22.00,0.00 (0.00 %),,10400,228800000,0,0,22.00,22.0,22.00
03/07/2018,16.07,22.00,0.00 (0.00 %),,17300,380600000,0,0,22.00,22.00,22.00
04/07/2018,16.07,22.00,0.00 (0.00 %),,13600,299200000,0,0,22.00,22.0,22.00
05/07/2018,15.92,21.80,-0.20 (-0.91 %),,23400,511590000,0,0,22.00,21.90,21.90
06/07/2018,15.48,21.20,-0.70 (-3.20 %),,16900,360270000,0,0,21.90,21.5,21.50
09/07/2018,15.04,20.60,-0.70 (-3.29 %),,18200,379240000,0,0,21.30,21.00,21.00
10/07/2018,14.97,20.50,-0.30 (-1.44 %),,21700,446930000,0,0,20.80,20.8,20.80
11/07/2018,14.97,20.50,-0.10 (-0.49 %),,19700,403850000,0,0,20.60,20.50,20.50
12/07/2018,14.97,20.50,0.00 (0.00 %),,24100,493320000,0,0,20.50,20.5,20.50
13/07/2018,14.97,20.50,0.00 (0.00 %),,17200,352600000,0,0,20.50,20.50,20.50
16/07/2018,14.97,20.50,0.00 (0.00 %),,11900,243950000,0,0,20.50,20.5,20.50
17/07/2018,14.97,20.50,0.00 (0.00 %),,11300,231650000,0,0,20.50,20.50,20.50
18/07/2018,14.90,20.40,-0.10 (-0.49 %),,20300,415340000,0,0,20.50,20.5,20.50
19/07/2018,14.90,20.40,-0.10 (-0.49 %),,20100,411560000,0,0,20.50,20.50,20.50
20/07/2018,14.97,20.50,0.00 (0.00 %),,11800,241900000,0,0,20.50,20.5,20.50
23/07/2018,15.04,20.60,0.10 (0.49 %),,12300,252830000,0,0,20.50,20.50,20.60
24/07/2018,14.97,20.50,-0.10 (-0.49 %),,9900,202950000,0,0,20.60,20.5,20.50
25/07/2018,14.97,20.50,0.00 (0.00 %),,10600,217300000,1000000,20500000000,20.50,20.50,20.50
26/07/2018,14.97,20.50,0.00 (0.00 %),,13200,270600000,1350000,27675000000,20.50,20.5,20.50
27/07/2018,14.97,20.50,0.00 (0.00 %),,12800,262400000,770367,15792523500,20.50,20.50,20.50
30/07/2018,14.97,20.50,0.00 (0.00 %),,14300,293150000,1400000,28700000000,20.50,20.5,20.50
31/07/2018,14.97,20.50,0.00 (0.00 %),,14200,291100000,1403845,28778822500,20.50,20.50,20.50
01/08/2018,14.97,20.50,0.00 (0.00 %),,13800,282900000,0,0,20.50,20.5,20.50
02/08/2018,14.97,20.50,0.00 (0.00 %),,14100,289050000,1400000,28700000000,20.50,20.50,20.50
03/08/2018,14.97,20.50,0.00 (0.00 %),,15100,309550000,1350000,27675000000,20.50,20.5,20.50
06/08/2018,14.97,20.50,0.00 (0.00 %),,8100,166050000,1000000,20500000000,20.50,20.50,20.50
07/08/2018,14.97,20.50,0.00 (0.00 %),,9100,186550000,1076678,22071899000,20.50,20.5,20.50
08/08/2018,14.97,20.50,0.00 (0.00 %),,8400,172200000,850000,17425000000,20.50,20.50,20.50
09/08/2018,14.97,20.50,0.00 (0.00 %),,12300,252150000,750000,15375000000,20.50,20.5,20.50
10/08/2018,14.97,20.50,0.00 (0.00 %),,15400,315700000,1200000,24600000000,20.50,20.50,20.50
13/08/2018,14.97,20.50,0.00 (0.00 %),,11600,237800000,1395000,28597500000,20.50,20.5,20.50
14/08/2018,14.97,20.50,0.00 (0.00 %),,11000,225500000,1380000,28290000000,20.50,20.50,20.50
15/08/2018,14.90,20.40,-0.10 (-0.49 %),,16200,330480000,1300000,26650000000,20.50,20.4,20.40
16/08/2018,14.97,20.50,0.10 (0.49 %),,15800,323900000,1177868,24146294000,20.40,20.50,20.50
17/08/2018,14.97,20.50,0.00 (0.00 %),,9100,186550000,1086173,22266546500,20.50,20.5,20.50
20/08/2018,14.97,20.50,0.00 (0.00 %),,15300,313650000,905510,18562955000,20.50,20.50,20.50
21/08/2018,14.90,20.40,-0.10 (-0.49 %),,13700,280010000,1230000,25215000000,20.50,20.5,20.50
22/08/2018,14.97,20.50,0.10 (0.49 %),,11400,233700000,1200000,24600000000,20.40,20.50,20.50
23/08/2018,14.90,20.40,-0.10 (-0.49 %),,16100,328440000,795640,16310620000,20.50,20.4,20.40
24/08/2018,14.97,20.50,0.10 (0.49 %),,9200,188600000,0,0,20.40,20.50,20.50
27/08/2018,14.90,20.40,-0.10 (-0.49 %),,16300,332520000,0,0,20.50,20.4,20.40
28/08/2018,14.97,20.50,0.10 (0.49 %),,16600,340300000,0,0,20.40,20.50,20.50
29/08/2018,15.04,20.60,0.10 (0.49 %),,10900,224540000,0,0,20.50,20.6,20.60
30/08/2018,14.97,20.50,-0.10 (-0.49 %),,14200,291100000,0,0,20.60,20.50,20.50
31/08/2018,14.97,20.50,0.00 (0.00 %),,13800,282900000,0,0,20.50,20.5,20.50
04/09/2018,14.97,20.50,0.00 (0.00 %),,9600,196800000,1240000,25420000000,20.50,20.50,20.50
05/09/2018,14.97,20.50,0.00 (0.00 %),,7300,149650000,1200000,24600000000,20.50,20.5,20.50
06/09/2018,14.97,20.50,0.00 (0.00 %),,14700,301350000,1200000,24600000000,20.50,20.50,20.50
07/09/2018,14.97,20.50,0.00 (0.00 %),,5900,120950000,1128551,23135295500,20.50,20.5,20.50
10/09/2018,15.04,20.60,0.10 (0.49 %),,11600,238960000,1220000,25010000000,20.50,20.60,20.60
11/09/2018,14.97,20.50,-0.10 (-0.49 %),,13800,282900000,1200000,24600000000,20.60,20.5,20.50
12/09/2018,14.97,20.50,0.00 (0.00 %),,12900,264450000,1200000,24600000000,20.50,20.50,20.50
13/09/2018,15.12,20.70,0.20 (0.98 %),,16700,342630000,1000000,20500000000,20.50,20.5,20.50
14/09/2018,15.04,20.60,0.10 (0.49 %),,5800,119480000,1000000,20500000000,20.50,20.60,20.60
17/09/2018,15.04,20.60,0.00 (0.00 %),,13600,280160000,1180000,24190000000,20.60,20.6,20.60
18/09/2018,15.04,20.60,0.00 (0.00 %),,11200,230720000,1200000,24600000000,20.60,20.60,20.60
19/09/2018,15.04,20.60,0.00 (0.00 %),,11900,245140000,1200000,24600000000,20.60,20.6,20.60
20/09/2018,14.90,20.40,-0.20 (-0.97 %),,12700,260340000,1000000,20500000000,20.60,20.50,20.50
21/09/2018,15.04,20.60,0.10 (0.49 %),,6300,129780000,1123150,23024575000,20.50,20.6,20.60
24/09/2018,15.04,20.60,0.00 (0.00 %),,12100,249260000,0,0,20.60,20.60,20.60
25/09/2018,15.04,20.60,0.00 (0.00 %),,7400,152440000,0,0,20.60,20.6,20.60
26/09/2018,14.97,20.50,-0.10 (-0.49 %),,13900,284950000,475730,9752465000,20.60,20.50,20.50
27/09/2018,14.97,20.50,0.00 (0.00 %),,12300,252150000,0,0,20.50,20.5,20.50
28/09/2018,14.97,20.50,0.00 (0.00 %),,11100,227550000,0,0,20.50,20.50,20.50
01/10/2018,15.04,20.60,0.10 (0.49 %),,7200,148320000,0,0,20.50,20.6,20.60
02/10/2018,15.04,20.60,0.00 (0.00 %),,10900,224540000,0,0,20.60,20.60,20.60
03/10/2018,15.04,20.60,0.00 (0.00 %),,11700,241020000,0,0,20.60,20.6,20.60
04/10/2018,15.04,20.60,0.00 (0.00 %),,11200,230720000,0,0,20.60,20.60,20.60
05/10/2018,15.04,20.60,0.00 (0.00 %),,10900,224540000,0,0,20.60,20.6,20.60
08/10/2018,14.97,20.50,-0.10 (-0.49 %),,8600,176300000,0,0,20.60,20.50,20.50
09/10/2018,14.97,20.50,0.00 (0.00 %),,12700,260350000,0,0,20.50,20.5,20.50
10/10/2018,15.04,20.60,0.10 (0.49 %),,13500,278100000,0,0,20.50,20.60,20.60
11/10/2018,14.97,20.50,-0.10 (-0.49 %),,6900,141450000,0,0,20.60,20.5,20.50
12/10/2018,14.90,20.40,-0.10 (-0.49 %),,14300,291720000,0,0,20.50,20.40,20.40
15/10/2018,14.97,20.50,0.10 (0.49 %),,6800,139400000,0,0,20.40,20.5,20.50
16/10/2018,15.04,20.60,0.10 (0.49 %),,13000,267800000,0,0,20.50,20.60,20.60
17/10/2018,15.04,20.60,0.00 (0.00 %),,14900,306940000,0,0,20.60,20.6,20.60
18/10/2018,14.97,20.50,-0.10 (-0.49 %),,12600,258300000,0,0,20.60,20.50,20.50
19/10/2018,14.97,20.50,0.00 (0.00 %),,12100,248050000,0,0,20.50,20.5,20.50
22/10/2018,15.12,20.70,0.20 (0.98 %),,12600,260820000,0,0,20.50,20.70,20.70
23/10/2018,15.04,20.60,-0.10 (-0.48 %),,11400,234840000,0,0,20.70,20.6,20.60
24/10/2018,15.04,20.60,0.00 (0.00 %),,4400,90640000,0,0,20.60,20.60,20.60
25/10/2018,14.97,20.50,-0.10 (-0.49 %),,6800,139400000,0,0,20.60,20.5,20.50
26/10/2018,15.04,20.60,0.10 (0.49 %),,12000,247200000,0,0,20.50,20.60,20.60
29/10/2018,14.90,20.40,-0.20 (-0.97 %),,8100,165240000,0,0,20.60,20.4,20.40
30/10/2018,14.97,20.50,0.10 (0.49 %),,11700,239850000,0,0,20.40,20.50,20.50
31/10/2018,14.90,20.40,-0.10 (-0.49 %),,7600,155040000,0,0,20.50,20.4,20.40
01/11/2018,14.90,20.40,0.00 (0.00 %),,7500,153000000,0,0,20.40,20.40,20.40
02/11/2018,14.90,20.40,0.00 (0.00 %),,7800,159120000,0,0,20.40,20.4,20.40
05/11/2018,14.90,20.40,0.00 (0.00 %),,5900,120360000,0,0,20.40,20.40,20.40
06/11/2018,14.97,20.50,0.10 (0.49 %),,4800,98400000,0,0,20.40,20.5,20.50
07/11/2018,15.04,20.60,0.10 (0.49 %),,5600,115360000,0,0,20.50,20.60,20.60
08/11/2018,14.97,20.50,-0.10 (-0.49 %),,4600,94300000,0,0,20.60,20.5,20.50
09/11/2018,15.04,20.60,0.10 (0.49 %),,5300,109180000,0,0,20.50,20.60,20.60
12/11/2018,14.97,20.50,-0.10 (-0.49 %),,6100,125050000,0,0,20.60,20.5,20.50
13/11/2018,14.90,20.40,-0.10 (-0.49 %),,6300,128520000,0,0,20.50,20.40,20.40
14/11/2018,14.97,20.50,0.10 (0.49 %),,6700,137350000,0,0,20.40,20.5,20.50
15/11/2018,14.97,20.50,0.00 (0.00 %),,6100,125050000,0,0,20.50,20.50,20.50
16/11/2018,14.97,20.50,0.00 (0.00 %),,6400,131200000,0,0,20.50,20.5,20.50
19/11/2018,14.90,20.40,-0.10 (-0.49 %),,5900,120360000,0,0,20.50,20.40,20.40
20/11/2018,14.90,20.40,0.00 (0.00 %),,7200,146880000,0,0,20.40,20.4,20.40
21/11/2018,14.90,20.40,0.00 (0.00 %),,6700,136680000,0,0,20.40,20.40,20.40
22/11/2018,14.97,20.50,0.10 (0.49 %),,7300,149650000,0,0,20.40,20.5,20.50
23/11/2018,14.97,20.50,0.00 (0.00 %),,7100,145550000,0,0,20.50,20.50,20.50
26/11/2018,14.97,20.50,0.00 (0.00 %),,11200,229600000,1051671,21559255500,20.50,20.5,20.50
27/11/2018,14.97,20.50,0.00 (0.00 %),,4100,84050000,1216525,24938762500,20.50,20.50,20.50
28/11/2018,14.97,20.50,0.00 (0.00 %),,5200,106600000,1101546,22581693000,20.50,20.5,20.50
29/11/2018,14.97,20.50,0.00 (0.00 %),,3100,63550000,1050531,21535885500,20.50,20.50,20.50
30/11/2018,14.90,20.40,-0.10 (-0.49 %),,8100,165240000,0,0,20.50,20.4,20.40
03/12/2018,14.97,20.50,0.10 (0.49 %),,6400,131200000,0,0,20.40,20.50,20.50
04/12/2018,14.97,20.50,0.00 (0.00 %),,4000,82000000,469246,9619543000,20.50,20.5,20.50
05/12/2018,14.90,20.40,-0.10 (-0.49 %),,5900,120360000,0,0,20.50,20.40,20.40
06/12/2018,14.90,20.40,0.00 (0.00 %),,6100,124440000,0,0,20.40,20.4,20.40
07/12/2018,14.97,20.50,0.10 (0.49 %),,6800,139400000,0,0,20.40,20.50,20.50
10/12/2018,14.90,20.40,-0.10 (-0.49 %),,7300,148920000,0,0,20.50,20.4,20.40
11/12/2018,14.90,20.40,0.00 (0.00 %),,6200,126480000,0,0,20.40,20.40,20.40
12/12/2018,14.97,20.50,0.10 (0.49 %),,7400,151700000,0,0,20.40,20.5,20.50
13/12/2018,14.97,20.50,0.00 (0.00 %),,6700,137350000,0,0,20.50,20.50,20.50
14/12/2018,14.97,20.50,0.00 (0.00 %),,8300,170150000,0,0,20.50,20.5,20.50
17/12/2018,14.90,20.40,-0.10 (-0.49 %),,7200,146880000,0,0,20.50,20.40,20.40
18/12/2018,14.90,20.40,0.00 (0.00 %),,7100,144840000,0,0,20.40,20.4,20.40
19/12/2018,14.97,20.50,0.10 (0.49 %),,7300,149650000,0,0,20.40,20.50,20.50
20/12/2018,14.97,20.50,0.00 (0.00 %),,6900,141450000,0,0,20.50,20.5,20.50
21/12/2018,14.97,20.50,0.00 (0.00 %),,7400,151700000,0,0,20.50,20.50,20.50
24/12/2018,14.97,20.50,0.00 (0.00 %),,6300,129150000,0,0,20.50,20.5,20.50
25/12/2018,14.82,20.30,-0.20 (-0.98 %),,7100,144130000,0,0,20.50,20.30,20.30
26/12/2018,14.90,20.40,0.10 (0.49 %),,6800,138720000,0,0,20.30,20.4,20.40
27/12/2018,14.97,20.50,0.10 (0.49 %),,7400,151700000,954019,19557389500,20.40,20.50,20.50
28/12/2018,14.97,20.50,0.00 (0.00 %),,8200,168100000,1125000,23062500000,20.50,20.5,20.50
02/01/2019,15.04,20.60,0.10 (0.49 %),,6800,140080000,0,0,20.50,20.60,20.60
03/01/2019,14.97,20.50,-0.10 (-0.49 %),,7400,151700000,0,0,20.60,20.5,20.50
04/01/2019,14.90,20.40,-0.10 (-0.49 %),,7300,148920000,0,0,20.50,20.40,20.40
07/01/2019,14.97,20.50,0.10 (0.49 %),,11800,241900000,0,0,20.40,20.5,20.50
08/01/2019,14.97,20.50,0.00 (0.00 %),,5800,118900000,0,0,20.50,20.50,20.50
09/01/2019,14.97,20.50,0.00 (0.00 %),,6200,127000000,0,0,20.50,20.5,20.50
10/01/2019,14.97,20.50,0.00 (0.00 %),,7300,150000000,0,0,20.50,20.50,20.50
11/01/2019,14.97,20.50,0.00 (0.00 %),,6100,125050000,0,0,20.50,20.5,20.50
14/01/2019,14.90,20.40,-0.10 (-0.49 %),,6600,134640000,0,0,20.50,20.40,20.40
15/01/2019,14.97,20.50,0.10 (0.49 %),,5800,118900000,0,0,20.40,20.5,20.50
16/01/2019,14.90,20.40,-0.10 (-0.49 %),,6300,128520000,0,0,20.50,20.40,20.40
17/01/2019,14.82,20.30,-0.10 (-0.49 %),,6700,136010000,0,0,20.40,20.3,20.30
18/01/2019,14.90,20.40,0.10 (0.49 %),,7200,146880000,0,0,20.30,20.40,20.40
21/01/2019,14.90,20.40,0.00 (0.00 %),,6700,136680000,0,0,20.40,20.4,20.40
22/01/2019,14.97,20.50,0.10 (0.49 %),,6800,139130000,1100000,22550000000,20.40,20.40,20.50
23/01/2019,14.97,20.50,0.00 (0.00 %),,6400,131200000,1000000,20500000000,20.50,20.5,20.50
24/01/2019,14.97,20.50,0.00 (0.00 %),,6400,131200000,1100000,22550000000,20.50,20.50,20.50
25/01/2019,14.97,20.50,0.00 (0.00 %),,5200,106600000,1000000,20500000000,20.50,20.5,20.50
28/01/2019,14.97,20.50,0.00 (0.00 %),,6700,137350000,1000000,20500000000,20.50,20.50,20.50
29/01/2019,15.04,20.60,0.10 (0.49 %),,4100,84460000,900000,18450000000,20.50,20.6,20.60
30/01/2019,15.12,20.70,0.10 (0.49 %),,5600,115920000,608597,12476238500,20.60,20.70,20.70
31/01/2019,15.12,20.70,0.00 (0.00 %),,5700,117990000,0,0,20.70,20.7,20.70
01/02/2019,15.12,20.70,0.00 (0.00 %),,4100,84870000,0,0,20.70,20.70,20.70
11/02/2019,15.12,20.70,0.00 (0.00 %),,4800,99360000,0,0,20.70,20.7,20.70
12/02/2019,15.19,20.80,0.10 (0.48 %),,6400,133120000,0,0,20.70,20.80,20.80
13/02/2019,15.19,20.80,0.00 (0.00 %),,6400,133120000,0,0,20.80,20.8,20.80
14/02/2019,15.12,20.70,-0.10 (-0.48 %),,5700,117990000,0,0,20.80,20.70,20.70
15/02/2019,15.04,20.60,-0.10 (-0.48 %),,6100,125660000,0,0,20.70,20.6,20.60
18/02/2019,15.04,20.60,0.00 (0.00 %),,5700,117420000,0,0,20.60,20.60,20.60
19/02/2019,15.12,20.70,0.10 (0.49 %),,5300,109710000,0,0,20.60,20.7,20.70
20/02/2019,15.12,20.70,0.00 (0.00 %),,5600,115920000,0,0,20.70,20.70,20.70
21/02/2019,15.04,20.60,-0.10 (-0.48 %),,6300,129780000,0,0,20.70,20.6,20.60
22/02/2019,15.04,20.60,0.00 (0.00 %),,6100,125660000,0,0,20.60,20.60,20.60
25/02/2019,15.12,20.70,0.10 (0.49 %),,5100,105570000,0,0,20.60,20.7,20.70
26/02/2019,15.04,20.60,-0.10 (-0.48 %),,6700,138020000,0,0,20.70,20.60,20.60
27/02/2019,15.04,20.60,0.00 (0.00 %),,5200,107120000,0,0,20.60,20.6,20.60
28/02/2019,15.04,20.60,0.00 (0.00 %),,5900,121540000,0,0,20.60,20.60,20.60
01/03/2019,15.04,20.60,0.00 (0.00 %),,6500,133900000,0,0,20.60,20.6,20.60
04/03/2019,15.12,20.70,0.10 (0.49 %),,5600,115920000,0,0,20.60,20.70,20.70
05/03/2019,15.04,20.60,-0.10 (-0.48 %),,6100,125660000,0,0,20.70,20.6,20.60
06/03/2019,15.04,20.60,0.00 (0.00 %),,5200,107120000,0,0,20.60,20.60,20.60
07/03/2019,15.12,20.70,0.10 (0.49 %),,5700,117990000,0,0,20.60,20.7,20.70
08/03/2019,15.04,20.60,-0.10 (-0.48 %),,6200,127720000,0,0,20.70,20.60,20.60
11/03/2019,15.19,20.80,0.20 (0.97 %),,5400,112300000,0,0,20.60,20.6,20.80
12/03/2019,15.26,20.90,0.10 (0.48 %),,3100,64790000,0,0,20.80,20.90,20.90
13/03/2019,15.26,20.90,0.00 (0.00 %),,6700,140030000,0,0,20.90,20.9,20.90
14/03/2019,15.34,21.00,0.10 (0.48 %),,6300,132300000,0,0,20.90,21.00,21.00
15/03/2019,15.41,21.10,0.10 (0.48 %),,1500,31650000,0,0,21.00,21.1,21.10
18/03/2019,15.41,21.10,0.00 (0.00 %),,1500,31650000,0,0,21.10,21.10,21.10
19/03/2019,15.34,21.00,-0.10 (-0.47 %),,5100,107100000,0,0,21.10,21.0,21.00
20/03/2019,15.34,21.00,0.00 (0.00 %),,6400,134400000,0,0,21.00,21.00,21.00
21/03/2019,15.34,21.00,0.00 (0.00 %),,4800,100800000,0,0,21.00,21.0,21.00
22/03/2019,15.34,21.00,0.00 (0.00 %),,6900,144900000,0,0,21.00,21.00,21.00
25/03/2019,15.26,20.90,-0.10 (-0.48 %),,5800,121220000,0,0,21.00,20.9,20.90
26/03/2019,15.19,20.80,-0.10 (-0.48 %),,5700,118560000,0,0,20.90,20.80,20.80
27/03/2019,15.19,20.80,0.00 (0.00 %),,6100,126880000,0,0,20.80,20.8,20.80
28/03/2019,15.34,21.00,0.20 (0.96 %),,5000,104120000,0,0,20.80,20.80,21.00
29/03/2019,15.26,20.90,0.10 (0.48 %),,6000,125400000,0,0,20.80,20.9,20.90
01/04/2019,15.26,20.90,0.00 (0.00 %),,4800,100320000,0,0,20.90,20.90,20.90
02/04/2019,15.19,20.80,-0.10 (-0.48 %),,5400,112320000,0,0,20.90,20.8,20.80
03/04/2019,15.12,20.70,-0.10 (-0.48 %),,5100,105570000,0,0,20.80,20.70,20.70
04/04/2019,15.12,20.70,0.00 (0.00 %),,6200,128340000,0,0,20.70,20.7,20.70
05/04/2019,15.12,20.70,0.00 (0.00 %),,5600,115920000,0,0,20.70,20.70,20.70
08/04/2019,15.19,20.80,0.10 (0.48 %),,5400,112320000,0,0,20.70,20.8,20.80
09/04/2019,15.19,20.80,0.00 (0.00 %),,6200,128960000,0,0,20.80,20.80,20.80
10/04/2019,15.12,20.70,-0.10 (-0.48 %),,5700,117990000,0,0,20.80,20.7,20.70
11/04/2019,15.12,20.70,0.00 (0.00 %),,6100,126270000,0,0,20.70,20.70,20.70
12/04/2019,15.19,20.80,0.10 (0.48 %),,5200,108160000,0,0,20.70,20.8,20.80
16/04/2019,15.12,20.70,-0.10 (-0.48 %),,5600,115920000,0,0,20.80,20.70,20.70
17/04/2019,15.12,20.70,0.00 (0.00 %),,6100,126270000,0,0,20.70,20.7,20.70
18/04/2019,15.04,20.60,-0.10 (-0.48 %),,5700,117420000,0,0,20.70,20.60,20.60
19/04/2019,15.04,20.60,0.00 (0.00 %),,7400,152440000,0,0,20.60,20.6,20.60
22/04/2019,15.04,20.60,0.00 (0.00 %),,6200,127720000,0,0,20.60,20.60,20.60
23/04/2019,14.97,20.50,-0.10 (-0.49 %),,5300,108650000,0,0,20.60,20.5,20.50
24/04/2019,15.04,20.60,0.10 (0.49 %),,6400,131840000,0,0,20.50,20.60,20.60
25/04/2019,15.04,20.60,0.00 (0.00 %),,5700,117420000,0,0,20.60,20.6,20.60
26/04/2019,14.90,20.40,-0.20 (-0.97 %),,5100,104040000,0,0,20.60,20.40,20.40
02/05/2019,14.97,20.50,0.10 (0.49 %),,5900,120950000,0,0,20.40,20.5,20.50
03/05/2019,14.97,20.50,0.00 (0.00 %),,5400,110700000,0,0,20.50,20.50,20.50
06/05/2019,14.97,20.50,0.00 (0.00 %),,6100,125050000,0,0,20.50,20.5,20.50
07/05/2019,15.04,20.60,0.10 (0.49 %),,4900,100940000,0,0,20.50,20.60,20.60
08/05/2019,14.97,20.50,-0.10 (-0.49 %),,5300,108650000,0,0,20.60,20.5,20.50
09/05/2019,14.97,20.50,0.00 (0.00 %),,4900,100460000,0,0,20.50,20.60,20.60
10/05/2019,14.97,20.50,0.00 (0.00 %),,5100,104430000,0,0,20.50,20.3,20.50
13/05/2019,14.97,20.50,0.00 (0.00 %),,4800,98400000,0,0,20.50,20.50,20.50
14/05/2019,14.90,20.40,-0.10 (-0.49 %),,5100,104040000,0,0,20.50,20.4,20.40
15/05/2019,14.97,20.50,0.10 (0.49 %),,5800,118900000,0,0,20.40,20.50,20.50
16/05/2019,14.97,20.50,0.00 (0.00 %),,4700,96350000,0,0,20.50,20.5,20.50
17/05/2019,14.97,20.50,0.00 (0.00 %),,6200,127100000,0,0,20.50,20.50,20.50
20/05/2019,15.04,20.60,0.10 (0.49 %),,5400,111240000,0,0,20.50,20.6,20.60
21/05/2019,15.04,20.60,0.00 (0.00 %),,4100,84460000,0,0,20.60,20.60,20.60
22/05/2019,14.97,20.50,-0.10 (-0.49 %),,3400,69700000,0,0,20.60,20.5,20.50
23/05/2019,14.90,20.40,-0.10 (-0.49 %),,3800,77520000,0,0,20.50,20.40,20.40
24/05/2019,14.97,20.50,0.10 (0.49 %),,4300,88150000,0,0,20.40,20.5,20.50
27/05/2019,14.97,20.50,0.00 (0.00 %),,4700,96350000,0,0,20.50,20.50,20.50
28/05/2019,15.04,20.60,0.10 (0.49 %),,5200,107120000,0,0,20.50,20.6,20.60
29/05/2019,14.97,20.50,-0.10 (-0.49 %),,4700,96350000,0,0,20.60,20.50,20.50
30/05/2019,14.90,20.40,-0.10 (-0.49 %),,5100,104040000,0,0,20.50,20.4,20.40
31/05/2019,14.97,20.50,0.10 (0.49 %),,5600,114800000,0,0,20.40,20.50,20.50
03/06/2019,14.90,20.40,-0.10 (-0.49 %),,5800,118320000,0,0,20.50,20.4,20.40
04/06/2019,14.97,20.50,0.10 (0.49 %),,4900,100450000,0,0,20.40,20.50,20.50
05/06/2019,14.97,20.50,0.00 (0.00 %),,5200,106600000,0,0,20.50,20.5,20.50
06/06/2019,14.97,20.50,0.00 (0.00 %),,5300,108650000,0,0,20.50,20.50,20.50
07/06/2019,15.04,20.60,0.10 (0.49 %),,5400,111240000,0,0,20.50,20.6,20.60
10/06/2019,14.97,20.50,-0.10 (-0.49 %),,6100,125050000,0,0,20.60,20.50,20.50
11/06/2019,14.97,20.50,0.00 (0.00 %),,5600,114800000,0,0,20.50,20.5,20.50
12/06/2019,14.90,20.40,-0.10 (-0.49 %),,4800,97920000,0,0,20.50,20.40,20.40
13/06/2019,14.90,20.40,0.00 (0.00 %),,5700,116280000,0,0,20.40,20.4,20.40
14/06/2019,14.97,20.50,0.10 (0.49 %),,5300,108650000,0,0,20.40,20.50,20.50
17/06/2019,14.90,20.40,-0.10 (-0.49 %),,5200,106080000,0,0,20.50,20.4,20.40
18/06/2019,14.97,20.50,0.10 (0.49 %),,4800,98400000,0,0,20.40,20.50,20.50
19/06/2019,14.97,20.50,0.00 (0.00 %),,5400,110700000,0,0,20.50,20.5,20.50
20/06/2019,14.97,20.50,0.00 (0.00 %),,5700,116850000,0,0,20.50,20.50,20.50
21/06/2019,14.97,20.50,0.00 (0.00 %),,5800,118900000,0,0,20.50,20.5,20.50
24/06/2019,14.90,20.40,-0.10 (-0.49 %),,4800,97920000,0,0,20.50,20.40,20.40
25/06/2019,14.90,20.40,0.00 (0.00 %),,5400,110160000,0,0,20.40,20.4,20.40
26/06/2019,14.97,20.50,0.10 (0.49 %),,6100,125050000,0,0,20.40,20.50,20.50
27/06/2019,14.97,20.50,0.00 (0.00 %),,5200,106600000,0,0,20.50,20.5,20.50
28/06/2019,14.97,20.50,0.00 (0.00 %),,5400,110700000,0,0,20.50,20.50,20.50
01/07/2019,14.97,20.50,0.00 (0.00 %),,5700,116850000,0,0,20.50,20.5,20.50
02/07/2019,15.04,20.60,0.10 (0.49 %),,5600,115360000,0,0,20.50,20.60,20.60
03/07/2019,14.97,20.50,-0.10 (-0.49 %),,5300,108650000,0,0,20.60,20.5,20.50
04/07/2019,14.97,20.50,0.00 (0.00 %),,4900,100450000,0,0,20.50,20.50,20.50
05/07/2019,14.97,20.50,0.00 (0.00 %),,5100,104550000,0,0,20.50,20.5,20.50
08/07/2019,14.97,20.50,0.00 (0.00 %),,5400,110700000,0,0,20.50,20.50,20.50
09/07/2019,14.97,20.50,0.00 (0.00 %),,5100,104550000,0,0,20.50,20.5,20.50
10/07/2019,14.97,20.50,0.00 (0.00 %),,5200,106600000,0,0,20.50,20.50,20.50
11/07/2019,15.04,20.60,0.10 (0.49 %),,5300,109180000,0,0,20.50,20.6,20.60
12/07/2019,15.04,20.60,0.00 (0.00 %),,6100,125660000,0,0,20.60,20.60,20.60
15/07/2019,15.04,20.60,0.00 (0.00 %),,5400,111240000,0,0,20.60,20.6,20.60
16/07/2019,15.04,20.60,0.00 (0.00 %),,5700,117420000,0,0,20.60,20.60,20.60
17/07/2019,15.12,20.70,0.10 (0.49 %),,5100,105570000,0,0,20.60,20.7,20.70
18/07/2019,15.12,20.70,0.00 (0.00 %),,5400,111780000,0,0,20.70,20.70,20.70
19/07/2019,15.12,20.70,0.00 (0.00 %),,6100,126270000,1000000,20500000000,20.70,20.7,20.70
22/07/2019,15.04,20.60,-0.10 (-0.48 %),,4900,101210000,0,0,20.70,20.70,20.70
23/07/2019,15.04,20.60,-0.10 (-0.48 %),,5200,107120000,0,0,20.70,20.6,20.60
24/07/2019,14.97,20.50,-0.10 (-0.49 %),,5200,106600000,1000000,20500000000,20.60,20.50,20.50
25/07/2019,14.97,20.50,0.00 (0.00 %),,4900,100450000,1200000,24600000000,20.50,20.5,20.50
26/07/2019,14.97,20.50,0.00 (0.00 %),,5600,114800000,0,0,20.50,20.50,20.50
29/07/2019,14.97,20.50,0.00 (0.00 %),,4900,100450000,0,0,20.50,20.5,20.50
30/07/2019,14.97,20.50,0.00 (0.00 %),,4800,98400000,0,0,20.50,20.50,20.50
31/07/2019,14.97,20.50,0.00 (0.00 %),,5100,104550000,2300000,47150000000,20.50,20.5,20.50
01/08/2019,14.97,20.50,0.00 (0.00 %),,5300,108650000,1100000,22550000000,20.50,20.50,20.50
02/08/2019,14.90,20.40,-0.10 (-0.49 %),,5400,110160000,0,0,20.50,20.4,20.40
05/08/2019,14.90,20.40,0.00 (0.00 %),,5200,106080000,0,0,20.40,20.40,20.40
06/08/2019,14.90,20.40,0.00 (0.00 %),,5600,114240000,0,0,20.40,20.4,20.40
07/08/2019,14.90,20.40,0.00 (0.00 %),,4300,87720000,1100000,22550000000,20.40,20.40,20.50
08/08/2019,14.90,20.40,0.00 (0.00 %),,4600,93840000,1100000,22550000000,20.40,20.4,20.50
09/08/2019,14.97,20.50,0.10 (0.49 %),,5200,106600000,0,0,20.40,20.50,20.50
12/08/2019,14.97,20.50,0.00 (0.00 %),,5300,108650000,0,0,20.50,20.5,20.50
13/08/2019,14.90,20.40,-0.10 (-0.49 %),,5100,104040000,1100000,22550000000,20.50,20.40,20.50
14/08/2019,14.97,20.50,0.10 (0.49 %),,4900,100450000,1100000,22550000000,20.40,20.5,20.50
15/08/2019,14.97,20.50,0.00 (0.00 %),,4100,84050000,0,0,20.50,20.50,20.50
16/08/2019,14.97,20.50,0.00 (0.00 %),,5200,106600000,0,0,20.50,20.5,20.50
19/08/2019,14.97,20.50,0.00 (0.00 %),,4917,100747500,0,0,20.50,20.50,20.50
20/08/2019,14.97,20.50,0.00 (0.00 %),,3200,65600000,2074561,42528500500,20.50,20.5,20.50
21/08/2019,14.97,20.50,0.00 (0.00 %),,4600,94300000,0,0,20.50,20.50,20.50
22/08/2019,15.04,20.60,0.10 (0.49 %),,5300,109180000,0,0,20.50,20.6,20.60
23/08/2019,15.04,20.60,0.00 (0.00 %),,5600,115360000,0,0,20.60,20.60,20.60
26/08/2019,14.97,20.50,-0.10 (-0.49 %),,4700,96350000,975183,19991251500,20.60,20.5,20.50
27/08/2019,15.04,20.60,0.10 (0.49 %),,5200,107120000,0,0,20.50,20.60,20.60
28/08/2019,15.04,20.60,0.00 (0.00 %),,5400,111240000,0,0,20.60,20.6,20.60
29/08/2019,15.04,20.60,0.00 (0.00 %),,4811,99136600,429374,8802167000,20.60,20.60,20.60
30/08/2019,15.12,20.70,0.10 (0.49 %),,6100,126270000,0,0,20.60,20.7,20.70
03/09/2019,15.04,20.60,-0.10 (-0.48 %),,3400,70040000,0,0,20.70,20.60,20.60
04/09/2019,15.04,20.60,0.00 (0.00 %),,4300,88580000,0,0,20.60,20.6,20.60
05/09/2019,15.04,20.60,0.00 (0.00 %),,3600,74160000,0,0,20.60,20.60,20.60
06/09/2019,15.04,20.60,0.00 (0.00 %),,5200,107120000,0,0,20.60,20.6,20.60
09/09/2019,15.04,20.60,0.00 (0.00 %),,4700,96820000,0,0,20.60,20.60,20.60
10/09/2019,15.04,20.60,0.00 (0.00 %),,4900,100940000,0,0,20.60,20.6,20.60
11/09/2019,14.97,20.50,-0.10 (-0.49 %),,4200,86100000,0,0,20.60,20.50,20.50
12/09/2019,14.97,20.50,0.00 (0.00 %),,3400,69700000,0,0,20.50,20.5,20.50
13/09/2019,15.04,20.60,0.10 (0.49 %),,5700,117420000,0,0,20.50,20.60,20.60
16/09/2019,15.12,20.70,0.10 (0.49 %),,3700,76590000,0,0,20.60,20.7,20.70
17/09/2019,15.12,20.70,0.00 (0.00 %),,3700,76590000,0,0,20.70,20.70,20.70
18/09/2019,15.12,20.70,0.00 (0.00 %),,4200,86940000,0,0,20.70,20.7,20.70
19/09/2019,15.12,20.70,0.00 (0.00 %),,4604,95290800,0,0,20.70,20.70,20.70
20/09/2019,15.19,20.80,0.10 (0.48 %),,5600,116480000,0,0,20.70,20.8,20.80
23/09/2019,15.19,20.80,0.00 (0.00 %),,3900,81120000,0,0,20.80,20.80,20.80
24/09/2019,15.19,20.80,0.00 (0.00 %),,3400,70720000,0,0,20.80,20.8,20.80
25/09/2019,15.26,20.90,0.10 (0.48 %),,3800,79420000,0,0,20.80,20.90,20.90
26/09/2019,15.36,17.80,0.10 (0.56 %),,3600,64080000,0,0,17.70,17.8,17.80
27/09/2019,15.45,17.90,0.10 (0.56 %),,5406,96766800,0,0,17.80,17.90,17.90
30/09/2019,15.53,18.00,0.10 (0.56 %),,4300,77400000,0,0,17.90,18.0,18.00
01/10/2019,15.53,18.00,0.00 (0.00 %),,3200,57600000,0,0,18.00,18.00,18.00
02/10/2019,15.53,18.00,0.00 (0.00 %),,3600,64800000,0,0,18.00,18.0,18.00
03/10/2019,15.53,18.00,0.00 (0.00 %),,3500,63000000,0,0,18.00,18.00,18.00
04/10/2019,15.62,18.10,0.10 (0.56 %),,5100,92310000,0,0,18.00,18.1,18.10
07/10/2019,15.62,18.10,0.00 (0.00 %),,3200,57920000,0,0,18.10,18.10,18.10
08/10/2019,15.62,18.10,0.00 (0.00 %),,3400,61540000,1250000,22500000000,18.10,18.1,18.10
09/10/2019,15.53,18.00,-0.10 (-0.55 %),,3600,64800000,1250000,22500000000,18.10,18.00,18.00
10/10/2019,15.53,18.00,0.00 (0.00 %),,3100,55800000,0,0,18.00,18.0,18.00
11/10/2019,15.79,18.30,0.30 (1.67 %),,4100,75030000,0,0,18.00,18.30,18.30
14/10/2019,15.71,18.20,-0.10 (-0.55 %),,3200,58240000,0,0,18.30,18.2,18.20
15/10/2019,15.71,18.20,0.00 (0.00 %),,3400,61540000,1250000,22500000000,18.20,18.10,18.20
16/10/2019,15.62,18.10,0.00 (0.00 %),,3500,63350000,0,0,18.10,18.1,18.10
17/10/2019,15.62,18.10,0.00 (0.00 %),,3700,66970000,906332,16313976000,18.10,18.10,18.10
18/10/2019,15.71,18.20,0.10 (0.55 %),,4300,78260000,0,0,18.10,18.2,18.20
21/10/2019,15.71,18.20,0.00 (0.00 %),,3100,56420000,0,0,18.20,18.20,18.20
22/10/2019,15.71,18.20,0.00 (0.00 %),,2400,43680000,522332,9401976000,18.20,18.2,18.20
23/10/2019,15.79,18.30,0.10 (0.55 %),,3700,67710000,0,0,18.20,18.30,18.30
24/10/2019,15.71,18.20,-0.10 (-0.55 %),,3200,58240000,0,0,18.30,18.2,18.20
25/10/2019,15.71,18.20,0.00 (0.00 %),,4300,78260000,0,0,18.20,18.20,18.20
28/10/2019,15.71,18.20,0.00 (0.00 %),,3400,61880000,0,0,18.20,18.2,18.20
29/10/2019,15.62,18.10,-0.10 (-0.55 %),,3400,61540000,0,0,18.20,18.10,18.10
30/10/2019,15.62,18.10,0.00 (0.00 %),,8100,146610000,0,0,18.10,18.1,18.10
31/10/2019,15.62,18.10,0.00 (0.00 %),,2400,43440000,0,0,18.10,18.10,18.10
01/11/2019,15.53,18.00,-0.10 (-0.55 %),,9600,173730000,0,0,18.10,18.1,18.10
04/11/2019,15.71,18.20,0.10 (0.55 %),,3300,60060000,0,0,18.10,18.20,18.20
05/11/2019,15.71,18.20,0.00 (0.00 %),,3400,61880000,0,0,18.20,18.2,18.20
06/11/2019,15.71,18.20,0.00 (0.00 %),,3100,56420000,0,0,18.20,18.20,18.20
07/11/2019,15.71,18.20,0.00 (0.00 %),,3500,63700000,0,0,18.20,18.2,18.20
08/11/2019,15.71,18.20,0.00 (0.00 %),,3200,58240000,0,0,18.20,18.20,18.20
11/11/2019,15.62,18.10,-0.10 (-0.55 %),,2900,52490000,0,0,18.20,18.1,18.10
12/11/2019,15.62,18.10,0.00 (0.00 %),,3300,59730000,0,0,18.10,18.10,18.10
13/11/2019,15.62,18.10,0.00 (0.00 %),,2900,52490000,0,0,18.10,18.1,18.10
14/11/2019,15.71,18.20,0.10 (0.55 %),,3200,58240000,0,0,18.10,18.20,18.20
15/11/2019,15.71,18.20,0.00 (0.00 %),,3600,65520000,0,0,18.20,18.2,18.20
18/11/2019,15.71,18.20,0.00 (0.00 %),,2800,50960000,500000,9000000000,18.20,18.20,18.20
19/11/2019,15.62,18.10,-0.10 (-0.55 %),,3100,56110000,0,0,18.20,18.1,18.10
20/11/2019,15.62,18.10,0.00 (0.00 %),,3200,57920000,500000,9000000000,18.10,18.10,18.10
21/11/2019,15.53,18.00,-0.10 (-0.55 %),,3400,61200000,327277,5890986000,18.10,18.0,18.00
22/11/2019,15.62,18.10,0.10 (0.56 %),,3800,68780000,0,0,18.00,18.10,18.10
25/11/2019,15.62,18.10,0.00 (0.00 %),,2900,52490000,0,0,18.10,18.1,18.10
26/11/2019,15.62,18.10,0.00 (0.00 %),,3300,59730000,0,0,18.10,18.10,18.10
27/11/2019,15.62,18.10,0.00 (0.00 %),,3600,65160000,0,0,18.10,18.1,18.10
28/11/2019,15.53,18.00,-0.10 (-0.55 %),,3500,63000000,0,0,18.10,18.00,18.00
29/11/2019,15.53,18.00,0.00 (0.00 %),,4100,73800000,0,0,18.00,18.0,18.00
02/12/2019,15.53,18.00,0.00 (0.00 %),,2700,48600000,0,0,18.00,18.00,18.00
03/12/2019,15.53,18.00,0.00 (0.00 %),,3100,55800000,0,0,18.00,18.0,18.00
04/12/2019,15.53,18.00,0.00 (0.00 %),,2800,50400000,0,0,18.00,18.00,18.00
05/12/2019,15.53,18.00,0.00 (0.00 %),,3200,57600000,0,0,18.00,18.0,18.00
06/12/2019,15.53,18.00,0.00 (0.00 %),,3700,66600000,0,0,18.00,18.00,18.00
09/12/2019,15.62,18.10,0.10 (0.56 %),,2800,50680000,0,0,18.00,18.1,18.10
10/12/2019,15.62,18.10,0.00 (0.00 %),,2800,50680000,0,0,18.10,18.10,18.10
11/12/2019,15.53,18.00,-0.10 (-0.55 %),,2900,52200000,0,0,18.10,18.0,18.00
12/12/2019,15.53,18.00,0.00 (0.00 %),,3100,55800000,0,0,18.00,18.00,18.00
13/12/2019,15.62,18.10,0.10 (0.56 %),,3600,65160000,0,0,18.00,18.1,18.10
16/12/2019,15.62,18.10,0.00 (0.00 %),,2600,47060000,0,0,18.10,18.10,18.10
17/12/2019,15.62,18.10,0.00 (0.00 %),,2900,52490000,0,0,18.10,18.1,18.10
18/12/2019,15.62,18.10,0.00 (0.00 %),,2700,48870000,0,0,18.10,18.10,18.10
19/12/2019,15.62,18.10,0.00 (0.00 %),,3200,57920000,0,0,18.10,18.1,18.10
20/12/2019,15.62,18.10,0.00 (0.00 %),,3600,65160000,0,0,18.10,18.10,18.10
23/12/2019,15.62,18.10,0.00 (0.00 %),,2500,45250000,0,0,18.10,18.1,18.10
24/12/2019,15.53,18.00,-0.10 (-0.55 %),,2700,48600000,0,0,18.10,18.00,18.00
25/12/2019,15.53,18.00,0.00 (0.00 %),,2900,52200000,0,0,18.00,18.0,18.00
26/12/2019,15.53,18.00,0.00 (0.00 %),,3100,55800000,0,0,18.00,18.00,18.00
27/12/2019,15.53,18.00,0.00 (0.00 %),,3400,61200000,0,0,18.00,18.0,18.00
30/12/2019,15.53,18.00,0.00 (0.00 %),,2800,50400000,0,0,18.00,18.00,18.00
31/12/2019,15.62,18.10,0.10 (0.56 %),,3600,65160000,0,0,18.00,18.1,18.10
02/01/2020,15.62,18.10,0.00 (0.00 %),,3100,56110000,0,0,18.10,18.10,18.10
03/01/2020,15.62,18.10,0.00 (0.00 %),,4700,85070000,0,0,18.10,18.1,18.10
06/01/2020,15.53,18.00,-0.10 (-0.55 %),,2800,50400000,0,0,18.10,18.00,18.00
07/01/2020,15.53,18.00,0.00 (0.00 %),,2900,52200000,0,0,18.00,18.0,18.00
08/01/2020,15.53,18.00,0.00 (0.00 %),,3100,55800000,0,0,18.00,18.00,18.00
09/01/2020,15.62,18.10,0.10 (0.56 %),,3400,61540000,0,0,18.00,18.1,18.10
10/01/2020,15.62,18.10,0.00 (0.00 %),,3200,57920000,0,0,18.10,18.10,18.10
13/01/2020,15.62,18.10,0.00 (0.00 %),,2900,52490000,0,0,18.10,18.1,18.10
14/01/2020,15.62,18.10,0.00 (0.00 %),,3301,59748000,0,0,18.10,18.10,18.10
15/01/2020,15.62,18.10,0.00 (0.00 %),,2800,50680000,0,0,18.10,18.1,18.10
16/01/2020,15.71,18.20,0.10 (0.55 %),,3100,56420000,0,0,18.10,18.20,18.20
17/01/2020,15.71,18.20,0.00 (0.00 %),,3400,61880000,0,0,18.20,18.2,18.20
20/01/2020,15.71,18.20,0.00 (0.00 %),,2900,52780000,0,0,18.20,18.20,18.20
21/01/2020,15.79,18.30,0.10 (0.55 %),,3300,60390000,0,0,18.20,18.3,18.30
22/01/2020,15.79,18.30,0.00 (0.00 %),,4100,75030000,0,0,18.30,18.30,18.30
30/01/2020,15.79,18.30,0.00 (0.00 %),,2800,51240000,0,0,18.30,18.3,18.30
31/01/2020,15.71,18.20,-0.10 (-0.55 %),,2600,47320000,0,0,18.30,18.20,18.20
03/02/2020,15.62,18.10,-0.10 (-0.55 %),,3100,56110000,0,0,18.20,18.1,18.10
04/02/2020,15.71,18.20,0.10 (0.55 %),,2900,52780000,0,0,18.10,18.20,18.20
05/02/2020,15.71,18.20,0.00 (0.00 %),,2700,49140000,0,0,18.20,18.2,18.20
06/02/2020,15.71,18.20,0.00 (0.00 %),,2401,43698200,0,0,18.20,18.20,18.20
07/02/2020,15.71,18.20,0.00 (0.00 %),,3200,58240000,0,0,18.20,18.2,18.20
10/02/2020,15.71,18.20,0.00 (0.00 %),,2900,52780000,0,0,18.20,18.20,18.20
11/02/2020,15.79,18.30,0.10 (0.55 %),,2800,51240000,0,0,18.20,18.3,18.30
12/02/2020,15.88,18.40,0.10 (0.55 %),,3100,57040000,0,0,18.30,18.40,18.40
13/02/2020,15.88,18.40,0.00 (0.00 %),,4300,79120000,0,0,18.40,18.4,18.40
14/02/2020,15.71,18.20,-0.20 (-1.09 %),,4800,87360000,0,0,18.40,18.20,18.20
17/02/2020,15.71,18.20,0.00 (0.00 %),,4900,89180000,0,0,18.20,18.2,18.20
18/02/2020,15.62,18.10,-0.10 (-0.55 %),,2900,52490000,0,0,18.20,18.10,18.10
19/02/2020,15.62,18.10,0.00 (0.00 %),,2700,48870000,0,0,18.10,18.1,18.10
20/02/2020,15.62,18.10,0.00 (0.00 %),,3100,56110000,0,0,18.10,18.10,18.10
21/02/2020,15.71,18.20,0.10 (0.55 %),,3400,61880000,0,0,18.10,18.2,18.20
24/02/2020,15.62,18.10,-0.10 (-0.55 %),,2800,50680000,0,0,18.20,18.10,18.10
25/02/2020,15.53,18.00,-0.10 (-0.55 %),,2400,43200000,550000,9900000000,18.10,18.0,18.00
26/02/2020,15.62,18.10,0.10 (0.56 %),,2600,47060000,550000,9900000000,18.00,18.10,18.10
27/02/2020,15.62,18.10,0.00 (0.00 %),,2700,48870000,0,0,18.10,18.1,18.10
28/02/2020,15.53,18.00,-0.10 (-0.55 %),,3300,59400000,554000,9972000000,18.10,18.00,18.00
02/03/2020,15.53,18.00,0.00 (0.00 %),,2600,46800000,472727,8509086000,18.00,18.0,18.00
03/03/2020,15.62,18.10,0.10 (0.56 %),,2800,50680000,0,0,18.00,18.10,18.10
04/03/2020,15.62,18.10,0.00 (0.00 %),,2900,52490000,551000,9918000000,18.10,18.1,18.10
05/03/2020,15.71,18.20,0.10 (0.55 %),,3100,56420000,0,0,18.10,18.20,18.20
06/03/2020,15.71,18.20,0.00 (0.00 %),,2900,52780000,465000,8370000000,18.20,18.2,18.20
09/03/2020,15.36,17.80,-0.40 (-2.20 %),,2400,42720000,548000,9864000000,18.20,17.80,18.00
10/03/2020,15.36,17.80,0.00 (0.00 %),,2600,46280000,0,0,17.80,17.8,17.80
12/03/2020,15.28,17.70,-0.10 (-0.56 %),,2900,51330000,545000,9810000000,17.80,17.70,17.70
13/03/2020,15.19,17.60,-0.10 (-0.56 %),,3100,54560000,0,0,17.70,17.6,17.60
16/03/2020,15.19,17.60,0.00 (0.00 %),,2300,40480000,465000,8370000000,17.60,17.60,18.00
17/03/2020,15.19,17.60,0.00 (0.00 %),,2800,49280000,496453,8936154000,17.60,17.6,18.00
18/03/2020,15.28,17.70,0.10 (0.57 %),,2500,44250000,490000,8820000000,17.60,17.70,18.00
19/03/2020,15.19,17.60,-0.10 (-0.56 %),,2600,45760000,505000,9090000000,17.70,17.6,18.00
20/03/2020,15.19,17.60,0.00 (0.00 %),,3200,56320000,0,0,17.60,17.60,17.60
23/03/2020,15.10,17.50,-0.10 (-0.57 %),,2300,40250000,488500,8793000000,17.60,17.5,18.00
24/03/2020,15.02,17.40,-0.10 (-0.57 %),,2400,41760000,503100,9055800000,17.50,17.40,18.00
25/03/2020,15.10,17.50,0.10 (0.57 %),,2600,45500000,500000,9000000000,17.40,17.5,18.00
26/03/2020,15.02,17.40,-0.10 (-0.57 %),,2800,48720000,241322,4343796000,17.50,17.40,18.00
27/03/2020,15.02,17.40,0.00 (0.00 %),,3100,53940000,467213,8409834000,17.40,17.4,18.00
30/03/2020,14.93,17.30,-0.10 (-0.57 %),,2300,39790000,0,0,17.40,17.30,17.30
31/03/2020,15.02,17.40,0.10 (0.58 %),,2600,45240000,500000,9000000000,17.30,17.4,18.00
01/04/2020,15.10,17.50,0.10 (0.57 %),,3100,54250000,0,0,17.40,17.50,17.50
03/04/2020,15.19,17.60,0.10 (0.57 %),,3400,59840000,0,0,17.50,17.6,17.60
06/04/2020,15.28,17.70,0.10 (0.57 %),,2400,42480000,0,0,17.60,17.70,17.70
07/04/2020,15.28,17.70,0.00 (0.00 %),,2600,46020000,0,0,17.70,17.7,17.70
08/04/2020,15.28,17.70,0.00 (0.00 %),,2910,51507000,0,0,17.70,17.70,17.70
09/04/2020,15.36,17.80,0.10 (0.56 %),,2500,44500000,0,0,17.70,17.8,17.80
10/04/2020,15.36,17.80,0.00 (0.00 %),,3100,55180000,0,0,17.80,17.80,17.80
13/04/2020,15.36,17.80,0.00 (0.00 %),,2800,49840000,0,0,17.80,17.8,17.80
14/04/2020,15.28,17.70,-0.10 (-0.56 %),,2600,46020000,0,0,17.80,17.70,17.70
15/04/2020,15.36,17.80,0.10 (0.56 %),,2400,42720000,0,0,17.70,17.8,17.80
16/04/2020,15.36,17.80,0.00 (0.00 %),,2700,48060000,0,0,17.80,17.80,17.80
17/04/2020,15.45,17.90,0.10 (0.56 %),,3200,57280000,0,0,17.80,17.9,17.90
20/04/2020,15.45,17.90,0.00 (0.00 %),,2300,41170000,0,0,17.90,17.90,17.90
21/04/2020,15.36,17.80,-0.10 (-0.56 %),,2500,44500000,0,0,17.90,17.8,17.80
22/04/2020,15.36,17.80,0.00 (0.00 %),,2600,46280000,0,0,17.80,17.80,17.80
23/04/2020,15.45,17.90,0.10 (0.56 %),,2800,50120000,0,0,17.80,17.9,17.90
24/04/2020,15.45,17.90,0.00 (0.00 %),,3100,55490000,0,0,17.90,17.90,17.90
27/04/2020,15.45,17.90,0.00 (0.00 %),,2400,42960000,0,0,17.90,17.9,17.90
28/04/2020,15.45,17.90,0.00 (0.00 %),,2700,48330000,0,0,17.90,17.90,17.90
29/04/2020,15.53,18.00,0.10 (0.56 %),,3200,57600000,0,0,17.90,18.0,18.00
04/05/2020,15.53,18.00,0.00 (0.00 %),,2300,41400000,0,0,18.00,18.00,18.00
05/05/2020,15.53,18.00,0.00 (0.00 %),,2500,45000000,0,0,18.00,18.0,18.00
06/05/2020,15.45,17.90,-0.10 (-0.56 %),,2400,42960000,0,0,18.00,17.90,17.90
07/05/2020,15.53,18.00,0.10 (0.56 %),,2700,48600000,0,0,17.90,18.0,18.00
08/05/2020,15.62,18.10,0.10 (0.56 %),,2900,52490000,0,0,18.00,18.10,18.10
11/05/2020,15.62,18.10,0.00 (0.00 %),,2400,43440000,0,0,18.10,18.1,18.10
12/05/2020,15.62,18.10,0.00 (0.00 %),,2600,47060000,0,0,18.10,18.10,18.10
13/05/2020,15.71,18.20,0.10 (0.55 %),,2600,47320000,0,0,18.10,18.2,18.20
14/05/2020,15.71,18.20,0.00 (0.00 %),,2700,49140000,0,0,18.20,18.20,18.20
15/05/2020,15.71,18.20,0.00 (0.00 %),,3100,56420000,0,0,18.20,18.2,18.20
18/05/2020,15.71,18.20,0.00 (0.00 %),,2400,43680000,0,0,18.20,18.20,18.20
19/05/2020,15.79,18.30,0.10 (0.55 %),,2100,38430000,0,0,18.20,18.3,18.30
20/05/2020,15.79,18.30,0.00 (0.00 %),,2300,42090000,0,0,18.30,18.30,18.30
21/05/2020,15.88,18.40,0.10 (0.55 %),,2700,49680000,0,0,18.30,18.4,18.40
22/05/2020,15.88,18.40,0.00 (0.00 %),,3400,62560000,0,0,18.40,18.40,18.40
25/05/2020,15.88,18.40,0.00 (0.00 %),,2300,42320000,550000,9900000000,18.40,18.4,18.40
26/05/2020,15.79,18.30,-0.10 (-0.54 %),,2600,47580000,544000,9792000000,18.40,18.30,18.30
27/05/2020,15.79,18.30,0.00 (0.00 %),,2400,43920000,448000,8064000000,18.30,18.3,18.30
28/05/2020,15.79,18.30,0.00 (0.00 %),,2500,45750000,0,0,18.30,18.30,18.30
29/05/2020,15.79,18.30,0.00 (0.00 %),,3200,58560000,547000,9846000000,18.30,18.3,18.30
01/06/2020,15.79,18.30,0.00 (0.00 %),,2200,40260000,0,0,18.30,18.30,18.30
02/06/2020,15.71,18.20,-0.10 (-0.55 %),,2600,47320000,541000,9738000000,18.30,18.2,18.20
03/06/2020,15.71,18.20,0.00 (0.00 %),,2300,41860000,540000,9720000000,18.20,18.20,18.20
04/06/2020,15.71,18.20,0.00 (0.00 %),,2700,49140000,454000,8172000000,18.20,18.2,18.20
05/06/2020,15.71,18.20,0.00 (0.00 %),,3200,58240000,0,0,18.20,18.20,18.20
08/06/2020,15.79,18.30,0.10 (0.55 %),,2300,42090000,0,0,18.20,18.3,18.30
09/06/2020,15.79,18.30,0.00 (0.00 %),,2600,47580000,0,0,18.30,18.30,18.30
10/06/2020,15.79,18.30,0.00 (0.00 %),,2400,43920000,0,0,18.30,18.3,18.30
11/06/2020,15.79,18.30,0.00 (0.00 %),,2400,43920000,0,0,18.30,18.30,18.30
12/06/2020,15.71,18.20,-0.10 (-0.55 %),,3100,56420000,0,0,18.30,18.2,18.20
15/06/2020,15.71,18.20,0.00 (0.00 %),,2100,38220000,1070000,19260000000,18.20,18.20,18.20
16/06/2020,15.71,18.20,0.00 (0.00 %),,2600,47320000,0,0,18.20,18.2,18.20
17/06/2020,15.71,18.20,0.00 (0.00 %),,2206,40149200,0,0,18.20,18.20,18.20
18/06/2020,15.71,18.20,0.00 (0.00 %),,2500,45500000,0,0,18.20,18.2,18.20
19/06/2020,15.71,18.20,0.00 (0.00 %),,2600,47320000,0,0,18.20,18.20,18.20
22/06/2020,15.79,18.30,0.10 (0.55 %),,2400,43920000,0,0,18.20,18.3,18.30
23/06/2020,15.79,18.30,0.00 (0.00 %),,2700,49410000,0,0,18.30,18.30,18.30
24/06/2020,15.79,18.30,0.00 (0.00 %),,2800,51240000,0,0,18.30,18.3,18.30
25/06/2020,15.79,18.30,0.00 (0.00 %),,2300,42090000,0,0,18.30,18.30,18.30
26/06/2020,15.88,18.40,0.10 (0.55 %),,3300,60720000,0,0,18.30,18.4,18.40
29/06/2020,15.88,18.40,0.00 (0.00 %),,2100,38640000,0,0,18.40,18.40,18.40
30/06/2020,15.79,18.30,-0.10 (-0.54 %),,2600,47580000,1075000,19350000000,18.40,18.3,18.30
01/07/2020,15.79,18.30,0.00 (0.00 %),,2400,43920000,445000,8010000000,18.30,18.30,18.30
02/07/2020,15.79,18.30,0.00 (0.00 %),,2200,40260000,0,0,18.30,18.3,18.30
03/07/2020,15.79,18.30,0.00 (0.00 %),,3400,62220000,1074000,19332000000,18.30,18.30,18.30
06/07/2020,15.79,18.30,0.00 (0.00 %),,2500,45750000,443000,7974000000,18.30,18.3,18.30
07/07/2020,15.88,18.40,0.10 (0.55 %),,2400,44160000,0,0,18.30,18.40,18.40
08/07/2020,15.88,18.40,0.00 (0.00 %),,2600,47840000,0,0,18.40,18.4,18.40
09/07/2020,15.88,18.40,0.00 (0.00 %),,2300,42320000,1058000,19044000000,18.40,18.40,18.40
10/07/2020,15.88,18.40,0.00 (0.00 %),,3100,57040000,0,0,18.40,18.4,18.40
13/07/2020,15.79,18.30,-0.10 (-0.54 %),,2100,38430000,0,0,18.40,18.30,18.30
14/07/2020,15.79,18.30,0.00 (0.00 %),,2500,45750000,965000,17370000000,18.30,18.3,18.30
15/07/2020,15.79,18.30,0.00 (0.00 %),,2400,43920000,500000,9000000000,18.30,18.30,18.30
16/07/2020,15.79,18.30,0.00 (0.00 %),,2200,40260000,0,0,18.30,18.3,18.30
17/07/2020,15.79,18.30,0.00 (0.00 %),,3100,56730000,0,0,18.30,18.30,18.30
20/07/2020,15.79,18.30,0.00 (0.00 %),,2200,40260000,0,0,18.30,18.3,18.30
21/07/2020,15.71,18.20,-0.10 (-0.55 %),,2400,43680000,0,0,18.30,18.20,18.20
22/07/2020,15.71,18.20,0.00 (0.00 %),,2600,47320000,0,0,18.20,18.2,18.20
23/07/2020,15.71,18.20,0.00 (0.00 %),,2100,38220000,1075000,19350000000,18.20,18.20,18.20
24/07/2020,15.62,18.10,-0.10 (-0.55 %),,3200,57920000,0,0,18.20,18.1,18.10
27/07/2020,15.53,18.00,-0.10 (-0.55 %),,2200,39600000,0,0,18.10,18.00,18.00
28/07/2020,15.53,18.00,0.00 (0.00 %),,2400,43200000,0,0,18.00,18.0,18.00
29/07/2020,15.53,18.00,0.00 (0.00 %),,2100,37800000,0,0,18.00,18.00,18.00
30/07/2020,15.62,18.10,0.10 (0.56 %),,2700,48870000,0,0,18.00,18.1,18.10
31/07/2020,15.62,18.10,0.00 (0.00 %),,3100,56110000,952000,17136000000,18.10,18.10,18.10
03/08/2020,15.71,18.20,0.10 (0.55 %),,2300,41860000,495000,8910000000,18.10,18.2,18.20
04/08/2020,15.79,18.30,0.10 (0.55 %),,2400,43920000,0,0,18.20,18.30,18.30
05/08/2020,15.79,18.30,0.00 (0.00 %),,2200,40260000,961711,17310798000,18.30,18.3,18.30
06/08/2020,15.79,18.30,0.00 (0.00 %),,2600,47580000,400000,7200000000,18.30,18.30,18.30
07/08/2020,15.79,18.30,0.00 (0.00 %),,2900,53070000,0,0,18.30,18.3,18.30
10/08/2020,15.88,18.40,0.10 (0.55 %),,2400,44160000,953000,17154000000,18.30,18.40,18.40
11/08/2020,15.88,18.40,0.00 (0.00 %),,2300,42320000,0,0,18.40,18.4,18.40
12/08/2020,15.79,18.30,-0.10 (-0.54 %),,2700,49410000,498000,8964000000,18.40,18.30,18.30
13/08/2020,15.79,18.30,0.00 (0.00 %),,0,0,510000,9180000000,18.30,18.3,18.30
14/08/2020,15.79,18.30,0.00 (0.00 %),,2900,53070000,471000,8478000000,18.30,18.30,18.30
17/08/2020,15.79,18.30,0.00 (0.00 %),,0,0,494000,8892000000,18.30,18.3,18.30
18/08/2020,15.79,18.30,0.00 (0.00 %),,2100,38430000,506000,9108000000,18.30,18.30,18.30
19/08/2020,15.79,18.30,0.00 (0.00 %),,2400,43920000,468000,8424000000,18.30,18.3,18.30
20/08/2020,15.79,18.30,0.00 (0.00 %),,0,0,498000,8964000000,18.30,18.30,18.30
21/08/2020,15.79,18.30,0.00 (0.00 %),,3100,56730000,495000,8910000000,18.30,18.3,18.30
24/08/2020,16.05,18.60,0.30 (1.64 %),,2500,46740000,0,0,18.30,21.00,21.00
25/08/2020,15.97,18.50,-0.20 (-1.07 %),,2201,40721500,0,0,18.70,18.5,18.50
26/08/2020,15.88,18.40,-0.10 (-0.54 %),,2600,47840000,976000,17568000000,18.50,18.40,18.40
27/08/2020,15.88,18.40,0.00 (0.00 %),,2300,42320000,489000,8802000000,18.40,18.4,18.40
28/08/2020,16.05,18.60,0.20 (1.09 %),,2400,44640000,0,0,18.40,18.60,18.60
31/08/2020,16.05,18.60,0.00 (0.00 %),,2100,39060000,0,0,18.60,18.6,18.60
01/09/2020,16.05,18.60,0.00 (0.00 %),,2300,42780000,0,0,18.60,18.60,18.60
03/09/2020,15.97,18.50,-0.10 (-0.54 %),,2400,44400000,482000,8676000000,18.60,18.5,18.50
04/09/2020,15.97,18.50,0.00 (0.00 %),,2605,48206000,493000,8874000000,18.50,18.50,18.50
07/09/2020,15.99,17.00,0.00 (0.00 %),,2200,37400000,510000,8670000000,17.00,17.0,17.00
08/09/2020,15.99,17.00,0.00 (0.00 %),,2500,42500000,508000,8636000000,17.00,17.00,17.00
09/09/2020,15.99,17.00,0.00 (0.00 %),,2300,39100000,519000,8823000000,17.00,17.0,17.00
10/09/2020,16.09,17.10,0.10 (0.59 %),,2700,46170000,507000,8619000000,17.00,17.10,17.10
11/09/2020,16.09,17.10,0.00 (0.00 %),,3100,53010000,504000,8568000000,17.10,17.1,17.10
14/09/2020,16.18,17.20,0.10 (0.58 %),,2100,36120000,0,0,17.10,17.20,17.20
15/09/2020,16.18,17.20,0.00 (0.00 %),,0,0,0,0,17.20,17.2,17.20
16/09/2020,16.18,17.20,0.00 (0.00 %),,0,0,514000,8738000000,17.20,17.20,17.20
17/09/2020,16.18,17.20,0.00 (0.00 %),,0,0,530000,9010000000,17.20,17.2,17.20
18/09/2020,16.27,17.30,0.10 (0.58 %),,2800,48440000,413000,7021000000,17.20,17.30,17.30
21/09/2020,16.27,17.30,0.00 (0.00 %),,0,0,503000,8551000000,17.30,17.3,17.30
22/09/2020,16.18,17.20,-0.10 (-0.58 %),,2400,41280000,0,0,17.30,17.20,17.20
23/09/2020,16.27,17.30,0.10 (0.58 %),,2200,38060000,0,0,17.20,17.3,17.30
24/09/2020,16.37,17.40,0.10 (0.58 %),,2308,40159200,508000,8636000000,17.30,17.40,17.40
25/09/2020,16.37,17.40,0.00 (0.00 %),,0,0,0,0,17.40,17.4,17.40
28/09/2020,16.37,17.40,0.00 (0.00 %),,2100,36540000,511000,8687000000,17.40,17.40,17.40
29/09/2020,16.37,17.40,0.00 (0.00 %),,0,0,590587,10039979000,17.40,17.4,17.40
30/09/2020,16.37,17.40,0.00 (0.00 %),,2600,45240000,0,0,17.40,17.40,17.40
01/10/2020,16.27,17.30,-0.10 (-0.57 %),,2400,41520000,0,0,17.40,17.3,17.30
02/10/2020,16.27,17.30,0.00 (0.00 %),,2700,46710000,489000,8313000000,17.30,17.30,17.30
05/10/2020,16.37,17.40,0.10 (0.58 %),,2200,38280000,0,0,17.30,17.4,17.40
06/10/2020,16.27,17.30,-0.10 (-0.57 %),,2100,36330000,495000,8415000000,17.40,17.30,17.30
07/10/2020,16.27,17.30,0.00 (0.00 %),,0,0,0,0,17.30,17.3,17.30
08/10/2020,16.37,17.40,0.10 (0.58 %),,2300,40020000,340000,5780000000,17.30,17.40,17.40
09/10/2020,16.37,17.40,0.00 (0.00 %),,0,0,0,0,17.40,17.4,17.40
12/10/2020,16.37,17.40,0.00 (0.00 %),,0,0,581628,9887676000,17.40,17.40,17.40
13/10/2020,16.37,17.40,0.00 (0.00 %),,0,0,0,0,17.40,17.4,17.40
14/10/2020,16.37,17.40,0.00 (0.00 %),,0,0,0,0,17.40,17.40,17.40
15/10/2020,16.37,17.40,0.00 (0.00 %),,0,0,0,0,17.40,17.4,17.40
16/10/2020,16.56,17.60,0.20 (1.15 %),,2400,42240000,0,0,17.40,17.60,17.60
19/10/2020,16.56,17.60,0.00 (0.00 %),,2100,36960000,0,0,17.60,17.6,17.60
20/10/2020,16.56,17.60,0.00 (0.00 %),,0,0,0,0,17.60,17.60,17.60
21/10/2020,16.65,17.70,0.10 (0.57 %),,2600,46020000,0,0,17.60,17.7,17.70
22/10/2020,16.65,17.70,0.00 (0.00 %),,2100,37170000,0,0,17.70,17.70,17.70
23/10/2020,16.65,17.70,0.00 (0.00 %),,0,0,0,0,17.70,17.7,17.70
26/10/2020,16.65,17.70,0.00 (0.00 %),,0,0,0,0,17.70,17.70,17.70
27/10/2020,16.65,17.70,0.00 (0.00 %),,0,0,0,0,17.70,17.7,17.70
28/10/2020,16.56,17.60,-0.10 (-0.56 %),,2600,45820000,0,0,17.70,17.80,17.80
29/10/2020,16.56,17.60,0.00 (0.00 %),,2300,40480000,0,0,17.60,17.6,17.60
30/10/2020,16.56,17.60,0.00 (0.00 %),,0,0,0,0,17.60,17.60,17.60
02/11/2020,16.56,17.60,0.00 (0.00 %),,0,0,0,0,17.60,17.6,17.60
03/11/2020,16.56,17.60,0.00 (0.00 %),,2600,46020000,0,0,17.60,17.60,20.20
04/11/2020,16.65,17.70,0.00 (0.00 %),,0,0,0,0,17.70,17.7,17.70
05/11/2020,16.65,17.70,0.00 (0.00 %),,0,0,0,0,17.70,17.70,17.70
06/11/2020,16.65,17.70,0.00 (0.00 %),,2700,47790000,0,0,17.70,17.7,17.70
09/11/2020,16.65,17.70,0.00 (0.00 %),,0,0,0,0,17.70,17.70,17.70
10/11/2020,16.65,17.70,0.00 (0.00 %),,2500,44690000,0,0,17.70,19.9,19.90
11/11/2020,18.72,19.90,2.00 (11.17 %),,2300,41150000,0,0,17.90,17.70,19.90
12/11/2020,16.74,17.80,-0.10 (-0.56 %),,1900,33820000,0,0,17.90,17.8,17.80
13/11/2020,16.74,17.80,0.00 (0.00 %),,0,0,0,0,17.80,17.80,17.80
16/11/2020,16.74,17.80,0.00 (0.00 %),,2400,42720000,0,0,17.80,17.8,17.80
17/11/2020,18.81,20.00,2.20 (12.36 %),,2400,43150000,0,0,17.80,17.80,20.00
18/11/2020,16.84,17.90,-0.10 (-0.56 %),,2600,46540000,0,0,18.00,17.9,17.90
19/11/2020,16.84,17.90,0.00 (0.00 %),,2200,39380000,0,0,17.90,17.90,17.90
20/11/2020,16.93,18.00,0.10 (0.56 %),,2600,46800000,0,0,17.90,18.0,18.00
23/11/2020,16.93,18.00,0.00 (0.00 %),,0,0,0,0,18.00,18.00,18.00
24/11/2020,16.93,18.00,0.00 (0.00 %),,0,0,0,0,18.00,18.0,18.00
25/11/2020,16.74,17.80,-0.20 (-1.11 %),,2300,40940000,0,0,18.00,17.80,17.80
26/11/2020,16.74,17.80,0.00 (0.00 %),,0,0,0,0,17.80,17.8,17.80
27/11/2020,16.93,18.00,0.20 (1.12 %),,100,1800000,0,0,17.80,18.00,18.00
30/11/2020,16.84,17.90,-0.10 (-0.56 %),,2100,37590000,0,0,18.00,17.9,17.90
01/12/2020,18.72,19.90,2.00 (11.17 %),,2600,46820000,0,0,17.90,19.50,19.90
02/12/2020,16.93,18.00,0.00 (0.00 %),,0,0,0,0,18.00,18.0,18.00
03/12/2020,16.93,18.00,0.00 (0.00 %),,0,0,0,0,18.00,18.00,18.00
04/12/2020,16.93,18.00,0.00 (0.00 %),,2300,41400000,0,0,18.00,18.0,18.00
07/12/2020,16.74,17.80,-0.20 (-1.11 %),,100,1780000,0,0,18.00,17.80,17.80
08/12/2020,16.74,17.80,0.00 (0.00 %),,0,0,0,0,17.80,17.8,17.80
09/12/2020,16.93,18.00,0.20 (1.12 %),,100,1800000,0,0,17.80,18.00,18.00
10/12/2020,16.84,17.90,-0.10 (-0.56 %),,2400,42960000,0,0,18.00,17.9,17.90
11/12/2020,16.84,17.90,0.00 (0.00 %),,2600,46540000,0,0,17.90,17.90,17.90
14/12/2020,16.93,18.00,0.10 (0.56 %),,1900,34200000,0,0,17.90,18.0,18.00
15/12/2020,16.93,18.00,0.00 (0.00 %),,0,0,0,0,18.00,18.00,18.00
16/12/2020,16.93,18.00,0.00 (0.00 %),,2300,41400000,0,0,18.00,18.0,18.00
17/12/2020,16.93,18.00,0.00 (0.00 %),,5200,93600000,0,0,18.00,18.00,18.00
18/12/2020,16.93,18.00,0.00 (0.00 %),,2400,43200000,0,0,18.00,18.0,18.00
21/12/2020,16.93,18.00,0.00 (0.00 %),,0,0,0,0,18.00,18.00,18.00
22/12/2020,16.93,18.00,0.00 (0.00 %),,2400,43330000,0,0,18.00,19.3,19.30
23/12/2020,19.57,20.80,2.70 (14.92 %),,2700,49600000,0,0,18.10,18.10,20.80
24/12/2020,17.31,18.40,0.00 (0.00 %),,0,0,0,0,18.40,18.4,18.40
25/12/2020,17.12,18.20,-0.20 (-1.09 %),,2400,43680000,0,0,18.40,18.20,18.20
28/12/2020,17.12,18.20,0.00 (0.00 %),,0,0,0,0,18.20,18.2,18.20
29/12/2020,19.28,20.50,2.30 (12.64 %),,3605,68152500,0,0,18.20,18.20,20.50
30/12/2020,17.87,19.00,0.10 (0.53 %),,2600,49400000,0,0,18.90,19.0,19.00
31/12/2020,20.23,21.50,2.50 (13.16 %),,3400,65420000,0,0,19.00,19.10,21.50
04/01/2021,19.75,21.00,1.80 (9.38 %),,102,2142000,0,0,19.20,21.0,21.00
05/01/2021,19.85,21.10,0.10 (0.48 %),,2400,50640000,0,0,21.00,21.10,21.10
06/01/2021,19.85,21.10,0.00 (0.00 %),,3100,65410000,0,0,21.10,21.1,21.10
07/01/2021,20.23,21.50,0.40 (1.90 %),,108,2317800,0,0,21.10,21.50,21.50
08/01/2021,20.23,21.50,0.00 (0.00 %),,2600,55900000,0,0,21.50,21.5,21.50
11/01/2021,20.23,21.50,0.00 (0.00 %),,0,0,0,0,21.50,21.50,21.50
12/01/2021,20.51,21.80,0.30 (1.40 %),,2908,62834400,0,0,21.50,21.6,21.80
13/01/2021,20.23,21.50,-0.10 (-0.46 %),,2400,51600000,0,0,21.60,21.50,21.50
14/01/2021,20.32,21.60,0.10 (0.47 %),,2100,45360000,0,0,21.50,21.6,21.60
15/01/2021,21.17,22.50,0.90 (4.17 %),,100,2250000,0,0,21.60,22.50,22.50
18/01/2021,20.32,21.60,-0.90 (-4.00 %),,2600,56160000,0,0,22.50,21.6,21.60
19/01/2021,20.32,21.60,0.00 (0.00 %),,2100,45360000,0,0,21.60,21.60,21.60
20/01/2021,19.85,21.10,-0.50 (-2.31 %),,2300,48530000,0,0,21.60,21.1,21.10
21/01/2021,19.94,21.20,0.10 (0.47 %),,2400,50880000,0,0,21.10,21.20,21.20
22/01/2021,20.13,21.40,0.20 (0.94 %),,2300,49220000,0,0,21.20,21.4,21.40
25/01/2021,20.23,21.50,0.10 (0.47 %),,2200,47300000,0,0,21.40,21.50,21.50
26/01/2021,20.32,21.60,0.10 (0.47 %),,1800,38880000,0,0,21.50,21.6,21.60
27/01/2021,20.23,21.50,-0.10 (-0.46 %),,2300,49450000,0,0,21.60,21.50,21.50
28/01/2021,19.75,21.00,-0.50 (-2.33 %),,3700,77700000,0,0,21.50,21.0,21.00
29/01/2021,19.85,21.10,0.10 (0.48 %),,3300,69630000,0,0,21.00,21.10,21.10
01/02/2021,19.94,21.20,0.10 (0.47 %),,2100,44520000,0,0,21.10,21.2,21.20
02/02/2021,19.94,21.20,0.00 (0.00 %),,2400,50880000,0,0,21.20,21.20,21.20
03/02/2021,19.94,21.20,0.00 (0.00 %),,2700,57500000,0,0,21.20,21.3,21.30
04/02/2021,21.92,23.30,2.00 (9.39 %),,2400,51520000,0,0,21.30,21.30,23.30
05/02/2021,20.32,21.60,0.10 (0.47 %),,2400,51840000,0,0,21.50,21.6,21.60
09/02/2021,20.23,21.50,0.50 (2.38 %),,3200,67870000,0,0,21.00,21.20,21.50
17/02/2021,22.76,24.20,3.00 (14.15 %),,2600,55670000,0,0,21.20,21.3,24.20
18/02/2021,20.23,21.50,0.10 (0.47 %),,1700,36550000,0,0,21.40,21.50,21.50
19/02/2021,20.32,21.60,0.10 (0.47 %),,2700,58320000,0,0,21.50,21.6,21.60
22/02/2021,20.70,22.00,0.40 (1.85 %),,1100,23720000,0,0,21.60,21.60,22.00
23/02/2021,20.41,21.70,0.10 (0.46 %),,2400,52080000,0,0,21.60,21.7,21.70
24/02/2021,20.60,21.90,0.20 (0.92 %),,3202,70124000,0,0,21.70,21.90,21.90
03/03/2021,19.57,20.80,4.80 (30.00 %),,3200,66560000,0,0,16.00,20.8,20.80
04/03/2021,21.45,22.80,2.00 (9.62 %),,1100,25080000,0,0,20.80,22.80,22.80
05/03/2021,23.52,25.00,2.20 (9.65 %),,100,2500000,0,0,22.80,25.0,25.00
08/03/2021,25.87,27.50,2.50 (10.00 %),,100,2750000,0,0,25.00,27.50,27.50
09/03/2021,28.41,30.20,2.70 (9.82 %),,4300,129860000,0,0,27.50,30.2,30.20
10/03/2021,28.41,30.20,0.00 (0.00 %),,0,0,0,0,30.20,30.20,30.20
11/03/2021,31.23,33.20,3.00 (9.93 %),,100,3320000,0,0,30.20,33.2,33.20
12/03/2021,31.33,33.30,0.10 (0.30 %),,34300,1228270000,0,0,33.20,36.50,36.50
15/03/2021,31.98,34.00,0.70 (2.10 %),,80708,2863029600,0,0,33.30,33.5,36.60
16/03/2021,31.98,34.00,0.00 (0.00 %),,32100,1098160000,9,275400,34.00,35.60,35.60
17/03/2021,30.95,32.90,-1.10 (-3.24 %),,38400,1275320000,0,0,34.00,34.0,34.00
18/03/2021,30.01,31.90,-1.00 (-3.04 %),,140300,4525110000,0,0,32.90,32.80,32.80
19/03/2021,30.86,32.80,0.90 (2.82 %),,21400,689700000,0,0,31.90,31.3,32.80
22/03/2021,28.69,30.50,-2.30 (-7.01 %),,24000,761230000,0,0,32.80,32.80,32.80
23/03/2021,28.03,29.80,-0.70 (-2.30 %),,52100,1560540000,0,0,30.50,30.5,31.20
24/03/2021,27.94,29.70,-0.10 (-0.34 %),,25700,753170000,0,0,29.80,29.80,29.80
25/03/2021,27.84,29.60,-0.10 (-0.34 %),,22200,658170000,0,0,29.70,29.7,29.90
26/03/2021,27.47,29.20,-0.40 (-1.35 %),,20400,592690000,0,0,29.60,29.60,29.60
29/03/2021,27.56,29.30,0.10 (0.34 %),,37600,1114440000,0,0,29.20,29.2,30.50
30/03/2021,27.37,29.10,-0.20 (-0.68 %),,38400,1116120000,0,0,29.30,29.30,29.40
31/03/2021,27.47,29.20,0.10 (0.34 %),,47900,1398070000,0,0,29.10,29.2,30.00
01/04/2021,27.28,29.00,-0.20 (-0.68 %),,33300,962950000,0,0,29.20,29.20,29.20
02/04/2021,27.37,29.10,0.10 (0.34 %),,46600,1351160000,0,0,29.00,29.0,29.10
05/04/2021,27.47,29.20,0.10 (0.34 %),,44000,1283480000,0,0,29.10,29.10,29.40
06/04/2021,27.37,29.10,-0.10 (-0.34 %),,23287,678928100,0,0,29.20,29.2,29.30
07/04/2021,27.37,29.10,0.00 (0.00 %),,22800,664560000,0,0,29.10,29.10,29.30
08/04/2021,27.37,29.10,0.00 (0.00 %),,90800,2609490000,0,0,29.10,29.1,29.10
09/04/2021,27.28,29.00,-0.10 (-0.34 %),,50702,1468018600,0,0,29.10,29.10,29.20
12/04/2021,27.09,28.80,-0.20 (-0.69 %),,35655,1022688200,0,0,29.00,29.0,29.00
13/04/2021,27.09,28.80,0.00 (0.00 %),,49600,1434120000,0,0,28.80,28.80,29.20
14/04/2021,26.90,28.60,-0.20 (-0.69 %),,33500,959920000,0,0,28.80,28.8,28.90
15/04/2021,26.81,28.50,-0.10 (-0.35 %),,42300,1206530000,0,0,28.60,28.60,28.80
16/04/2021,25.96,27.60,-0.90 (-3.16 %),,50600,1420750000,0,0,28.50,28.5,28.60
19/04/2021,26.34,28.00,0.40 (1.45 %),,32400,898820000,0,0,27.60,27.50,28.00
20/04/2021,26.25,27.90,-0.10 (-0.36 %),,26600,746330000,0,0,28.00,28.0,28.20
22/04/2021,25.30,26.90,-1.00 (-3.58 %),,53800,1476370000,0,0,27.90,27.90,27.90
23/04/2021,24.93,26.50,-0.40 (-1.49 %),,40500,1077060000,0,0,26.90,26.9,26.90
26/04/2021,25.12,26.70,0.20 (0.75 %),,26100,696800000,0,0,26.50,26.50,26.90
27/04/2021,24.93,26.50,-0.20 (-0.75 %),,28000,744720000,0,0,26.70,26.7,26.80
28/04/2021,24.93,26.50,0.00 (0.00 %),,30600,812340000,0,0,26.50,26.50,26.70
29/04/2021,24.74,26.30,-0.20 (-0.75 %),,25700,679070000,0,0,26.50,26.5,26.60
04/05/2021,23.99,25.50,-0.80 (-3.04 %),,29400,752310000,0,0,26.30,26.00,26.00
05/05/2021,23.99,25.50,0.00 (0.00 %),,38100,962400000,0,0,25.50,25.5,25.50
06/05/2021,23.71,25.20,-0.30 (-1.18 %),,32811,832951500,0,0,25.50,25.40,25.60
07/05/2021,23.33,24.80,-0.40 (-1.59 %),,38500,961410000,0,0,25.20,25.2,25.30
10/05/2021,23.33,24.80,0.00 (0.00 %),,51840,1268358100,276000,6900000000,24.80,24.80,24.80
11/05/2021,23.80,25.30,0.50 (2.02 %),,59310,1489712000,0,0,24.80,24.8,25.40
12/05/2021,23.80,25.30,0.00 (0.00 %),,33601,849155400,0,0,25.30,25.30,25.40
13/05/2021,23.89,25.40,0.10 (0.40 %),,50203,1275926600,424000,10600000000,25.30,25.3,25.60
14/05/2021,23.99,25.50,0.10 (0.39 %),,54139,1377598400,0,0,25.40,25.40,25.60
17/05/2021,23.99,25.50,0.00 (0.00 %),,52308,1335644800,0,0,25.50,25.5,25.70
18/05/2021,23.71,25.20,-0.30 (-1.18 %),,29500,747390000,0,0,25.50,25.50,25.60
19/05/2021,23.52,25.00,-0.20 (-0.79 %),,26900,672440000,0,0,25.20,25.2,25.20
20/05/2021,23.33,24.80,-0.20 (-0.80 %),,37309,927303800,0,0,25.00,25.00,25.00
21/05/2021,23.99,25.50,0.70 (2.82 %),,255501,6496995800,0,0,24.80,24.9,25.90
24/05/2021,24.18,25.70,0.20 (0.78 %),,142200,3641680000,0,0,25.50,25.50,25.80
25/05/2021,23.99,25.50,-0.20 (-0.78 %),,83800,2149050000,0,0,25.70,25.7,25.80
26/05/2021,26.34,28.00,2.50 (9.80 %),,889430,24117541900,0,0,25.50,25.50,28.00
27/05/2021,27.37,29.10,1.10 (3.93 %),,454151,13361148800,0,0,28.00,28.6,30.30
28/05/2021,27.94,29.70,0.60 (2.06 %),,306800,9008950000,0,0,29.10,29.20,29.80
31/05/2021,29.82,31.70,2.00 (6.73 %),,881807,26074609200,0,0,29.70,29.9,31.80
01/06/2021,28.60,30.40,-1.30 (-4.10 %),,515340,15975300400,650000,18590000000,31.70,31.70,31.70
02/06/2021,28.32,30.10,-0.30 (-0.99 %),,314070,9363282000,0,0,30.40,30.4,30.40
03/06/2021,29.35,31.20,1.10 (3.65 %),,512500,15617880000,100000,2710000000,30.10,30.00,31.50
04/06/2021,28.50,30.30,-0.90 (-2.88 %),,399959,12264271600,0,0,31.20,31.2,31.30
07/06/2021,26.62,28.30,-2.00 (-6.60 %),,277750,7978735000,0,0,30.30,30.30,30.30
08/06/2021,24.46,26.00,-2.30 (-8.13 %),,325023,8873790900,750000,19125000000,28.30,28.2,28.30
09/06/2021,25.49,27.10,1.10 (4.23 %),,287223,7582635100,0,0,26.00,26.00,27.30
10/06/2021,25.02,26.60,-0.50 (-1.85 %),,90700,2432490000,0,0,27.10,27.1,27.10
11/06/2021,25.40,27.00,0.40 (1.50 %),,139101,3731966700,850000,21250000000,26.60,26.60,27.20
14/06/2021,26.06,27.70,0.70 (2.59 %),,303763,8431318300,0,0,27.00,27.2,28.10
15/06/2021,25.87,27.50,-0.20 (-0.72 %),,126046,3481813600,0,0,27.70,27.80,27.90
16/06/2021,25.02,26.60,-0.90 (-3.27 %),,147711,3969477000,825460,20636500000,27.50,27.5,27.50
17/06/2021,24.93,26.50,-0.10 (-0.38 %),,161914,4256411000,0,0,26.60,26.50,26.50
18/06/2021,25.12,26.70,0.20 (0.75 %),,193410,5132487000,0,0,26.50,26.5,26.90
21/06/2021,24.65,26.20,-0.50 (-1.87 %),,118629,3126724300,0,0,26.70,26.70,26.70
22/06/2021,24.65,26.20,0.00 (0.00 %),,100700,2638330000,0,0,26.20,26.2,26.40
23/06/2021,24.65,26.20,0.00 (0.00 %),,140100,3671150000,0,0,26.20,26.20,26.40
24/06/2021,24.46,26.00,-0.20 (-0.76 %),,109900,2865160000,0,0,26.20,26.2,26.30
25/06/2021,24.36,25.90,-0.10 (-0.38 %),,77910,2013870000,0,0,26.00,26.00,26.10
28/06/2021,25.02,26.60,0.70 (2.70 %),,174247,4568949000,0,0,25.90,25.9,26.60
29/06/2021,25.30,26.90,0.30 (1.13 %),,170860,4581955000,0,0,26.60,26.60,27.00
30/06/2021,24.74,26.30,-0.60 (-2.23 %),,79800,2117720000,0,0,26.90,26.9,26.90
01/07/2021,24.83,26.40,0.10 (0.38 %),,108600,2857540000,0,0,26.30,26.90,26.90
02/07/2021,24.74,26.30,-0.10 (-0.38 %),,129822,3422708400,0,0,26.40,26.4,26.70
05/07/2021,24.46,26.00,-0.30 (-1.14 %),,157579,4121285900,0,0,26.30,26.30,26.40
06/07/2021,24.74,26.30,0.30 (1.15 %),,301473,7941440500,0,0,26.00,26.0,26.50
07/07/2021,24.18,25.70,-0.60 (-2.28 %),,101801,2620845800,0,0,26.30,26.30,26.30
08/07/2021,23.99,25.50,-0.20 (-0.78 %),,81900,2092330000,0,0,25.70,25.7,25.80
09/07/2021,23.24,24.70,-0.80 (-3.14 %),,101610,2549985000,0,0,25.50,25.50,25.60
12/07/2021,21.64,23.00,-1.70 (-6.88 %),,178100,4143650000,0,0,24.70,24.7,24.70
13/07/2021,21.54,22.90,-0.10 (-0.43 %),,48870,1120604600,0,0,23.00,23.00,23.10
14/07/2021,21.45,22.80,-0.10 (-0.44 %),,51200,1170740000,0,0,22.90,22.9,23.10
15/07/2021,21.92,23.30,0.50 (2.19 %),,119100,2736200000,0,0,22.80,22.70,23.50
16/07/2021,21.92,23.30,0.00 (0.00 %),,89337,2081712500,0,0,23.30,23.3,23.60
19/07/2021,20.32,21.60,-1.70 (-7.30 %),,71392,1598499300,0,0,23.30,23.20,23.20
20/07/2021,20.70,22.00,0.40 (1.85 %),,145200,3092760000,0,0,21.60,20.9,22.00
21/07/2021,20.51,21.80,-0.20 (-0.91 %),,90100,1998150000,0,0,22.00,22.00,22.50
22/07/2021,20.70,22.00,0.20 (0.92 %),,78109,1705557800,0,0,21.80,21.8,22.00
23/07/2021,20.51,21.80,-0.20 (-0.91 %),,56300,1235590000,0,0,22.00,22.00,22.20
26/07/2021,20.51,21.80,0.00 (0.00 %),,48042,1033795100,0,0,21.80,21.8,21.80
27/07/2021,20.79,22.10,0.30 (1.38 %),,55002,1212304400,0,0,21.80,21.80,22.30
28/07/2021,20.79,22.10,0.00 (0.00 %),,42418,938869600,0,0,22.10,22.1,22.30
29/07/2021,21.35,22.70,0.60 (2.71 %),,92320,2066440000,0,0,22.10,22.10,22.70
30/07/2021,21.82,23.20,0.50 (2.20 %),,116100,2682370000,0,0,22.70,22.7,23.40
02/08/2021,21.92,23.30,0.10 (0.43 %),,102200,2384930000,0,0,23.20,23.30,23.50
04/08/2021,22.11,23.50,0.20 (0.86 %),,87300,2043600000,450000,9900000000,23.30,23.3,23.50
06/08/2021,22.11,23.50,0.00 (0.00 %),,53100,1243360000,0,0,23.50,23.50,23.50
09/08/2021,22.11,23.50,0.00 (0.00 %),,104000,2438800000,0,0,23.50,23.5,23.60
10/08/2021,23.10,23.10,1.00 (4.52 %),,136700,3108670000,0,0,22.10,23.50,23.50
11/08/2021,23.40,23.40,0.30 (1.30 %),,55920,1300408500,0,0,23.10,23.1,23.40
12/08/2021,23.00,23.00,-0.40 (-1.71 %),,66602,1549572000,450000,9900000000,23.40,23.50,23.50
13/08/2021,22.90,22.90,-0.10 (-0.43 %),,70300,1607360000,0,0,23.00,23.4,23.40
16/08/2021,23.00,23.00,0.10 (0.44 %),,71500,1634720000,0,0,22.90,22.90,23.00
17/08/2021,23.10,23.10,0.10 (0.43 %),,69519,1604018900,0,0,23.00,23.0,23.20
18/08/2021,23.10,23.10,0.00 (0.00 %),,59430,1373436000,0,0,23.10,23.10,23.20
19/08/2021,23.00,23.00,-0.10 (-0.43 %),,36101,829233100,0,0,23.10,23.1,23.10
20/08/2021,22.60,22.60,-0.40 (-1.74 %),,88600,2020220000,450000,9900000000,23.00,23.00,23.10
23/08/2021,21.80,21.80,-0.80 (-3.54 %),,65182,1440562400,0,0,22.60,22.5,22.50
24/08/2021,22.00,22.00,0.20 (0.92 %),,64700,1418370000,0,0,21.80,21.80,22.10
25/08/2021,22.10,22.10,0.10 (0.45 %),,57500,1263530000,0,0,22.00,22.0,22.10
26/08/2021,22.00,22.00,-0.10 (-0.45 %),,61600,1357160000,0,0,22.10,22.10,22.20
30/08/2021,22.10,22.10,0.20 (0.91 %),,37363,822533900,450000,9900000000,21.90,21.8,22.10
31/08/2021,22.00,22.00,-0.10 (-0.45 %),,53500,1182910000,0,0,22.10,22.10,22.20
01/09/2021,22.10,22.10,0.10 (0.45 %),,28725,632298000,0,0,22.00,22.0,22.10
06/09/2021,22.20,22.20,0.10 (0.45 %),,67750,1498305000,0,0,22.10,22.10,22.20
07/09/2021,23.20,23.20,1.00 (4.50 %),,238513,5483884400,450000,9900000000,22.20,22.2,23.70
08/09/2021,23.00,23.00,-0.20 (-0.86 %),,68313,1586792600,0,0,23.20,23.20,23.50
09/09/2021,23.00,23.00,0.00 (0.00 %),,55112,1262710400,0,0,23.00,23.0,23.00
10/09/2021,22.00,22.00,-1.00 (-4.35 %),,175305,3907814200,0,0,23.00,23.00,23.00
