14/07/2017,8.84,9.00,7.85,-5.00 (-35.71 %),,4700,47600000,0,0,14.00,19.6
17/07/2017,8.38,9.60,8.38,-0.50 (-4.95 %),,800,7680000,0,0,10.10,9.60
18/07/2017,8.38,9.60,8.38,0.00 (0.00 %),,0,0,0,0,9.60,9.6
19/07/2017,8.38,9.60,8.38,0.00 (0.00 %),,100,960000,0,0,9.60,9.60
20/07/2017,8.38,9.60,8.38,0.00 (0.00 %),,0,0,0,0,9.60,9.6
21/07/2017,8.49,9.60,8.38,0.00 (0.00 %),,300,2920000,0,0,9.60,10.00
24/07/2017,8.46,9.70,8.46,0.00 (0.00 %),,0,0,0,0,9.70,9.7
25/07/2017,8.46,9.70,8.46,0.00 (0.00 %),,0,0,0,0,9.70,9.70
26/07/2017,8.46,9.70,8.46,0.00 (0.00 %),,0,0,0,0,9.70,9.7
27/07/2017,8.46,9.70,8.46,0.00 (0.00 %),,0,0,0,0,9.70,9.70
28/07/2017,8.46,9.70,8.46,0.00 (0.00 %),,0,0,0,0,9.70,9.7
31/07/2017,8.46,9.70,8.46,0.00 (0.00 %),,0,0,0,0,9.70,9.70
01/08/2017,8.46,9.70,8.46,0.00 (0.00 %),,0,0,0,0,9.70,9.7
02/08/2017,9.60,11.00,9.60,1.30 (13.40 %),,100,1100000,0,0,9.70,11.00
03/08/2017,9.60,11.00,9.60,0.00 (0.00 %),,0,0,0,0,11.00,11.0
04/08/2017,8.20,9.40,8.20,-1.60 (-14.55 %),,3200,30080000,59,554600,11.00,9.40
07/08/2017,8.20,9.40,8.20,0.00 (0.00 %),,10,96000,0,0,9.40,9.4
08/08/2017,8.20,9.40,8.20,0.00 (0.00 %),,0,0,0,0,9.40,9.40
09/08/2017,8.72,10.00,8.72,0.60 (6.38 %),,100,1000000,41,328000,9.40,10.0
10/08/2017,10.03,11.50,10.03,1.50 (15.00 %),,100,1150000,0,0,10.00,11.50
11/08/2017,11.34,13.00,11.34,1.50 (13.04 %),,100,1300000,0,0,11.50,13.0
14/08/2017,11.34,13.00,11.34,0.00 (0.00 %),,0,0,0,0,13.00,13.00
15/08/2017,9.68,11.10,9.68,-1.90 (-14.62 %),,3600,39960000,0,0,13.00,11.1
16/08/2017,9.68,11.10,9.68,0.00 (0.00 %),,0,0,0,0,11.10,11.10
17/08/2017,9.68,11.10,9.68,0.00 (0.00 %),,0,0,0,0,11.10,11.1
18/08/2017,8.81,10.00,8.72,-1.10 (-9.91 %),,5100,51500000,0,0,11.10,10.10
21/08/2017,8.81,10.10,8.81,0.00 (0.00 %),,0,0,0,0,10.10,10.1
22/08/2017,8.81,10.10,8.81,0.00 (0.00 %),,0,0,0,0,10.10,10.10
23/08/2017,8.81,10.10,8.81,0.00 (0.00 %),,0,0,0,0,10.10,10.1
24/08/2017,8.81,10.10,8.81,0.00 (0.00 %),,0,0,0,0,10.10,10.10
25/08/2017,8.81,10.10,8.81,0.00 (0.00 %),,0,0,0,0,10.10,10.1
28/08/2017,8.81,10.10,8.81,0.00 (0.00 %),,0,0,0,0,10.10,10.10
29/08/2017,8.81,10.10,8.81,0.00 (0.00 %),,0,0,0,0,10.10,10.1
30/08/2017,8.81,10.10,8.81,0.00 (0.00 %),,0,0,0,0,10.10,10.10
31/08/2017,8.81,10.10,8.81,0.00 (0.00 %),,0,0,0,0,10.10,10.1
01/09/2017,8.81,10.10,8.81,0.00 (0.00 %),,0,0,0,0,10.10,10.10
05/09/2017,8.81,10.10,8.81,0.00 (0.00 %),,0,0,0,0,10.10,10.1
06/09/2017,8.81,10.10,8.81,0.00 (0.00 %),,0,0,0,0,10.10,10.10
07/09/2017,8.81,10.10,8.81,0.00 (0.00 %),,0,0,0,0,10.10,10.1
08/09/2017,8.81,10.10,8.81,0.00 (0.00 %),,0,0,0,0,10.10,10.10
12/09/2017,8.81,10.10,8.81,0.00 (0.00 %),,0,0,0,0,10.10,10.1
13/09/2017,8.81,10.10,8.81,0.00 (0.00 %),,0,0,0,0,10.10,10.10
14/09/2017,8.81,10.10,8.81,0.00 (0.00 %),,0,0,0,0,10.10,10.1
15/09/2017,8.81,10.10,8.81,0.00 (0.00 %),,0,0,0,0,10.10,10.10
18/09/2017,7.50,8.60,7.50,-1.50 (-14.85 %),,500,4300000,0,0,10.10,8.6
19/09/2017,7.50,8.60,7.50,0.00 (0.00 %),,0,0,0,0,8.60,8.60
20/09/2017,7.50,8.60,7.50,0.00 (0.00 %),,0,0,0,0,8.60,8.6
21/09/2017,7.50,8.60,7.50,0.00 (0.00 %),,0,0,0,0,8.60,8.60
22/09/2017,7.50,8.60,7.50,0.00 (0.00 %),,0,0,0,0,8.60,8.6
25/09/2017,8.55,9.80,8.55,1.20 (13.95 %),,10000,98000000,0,0,8.60,9.80
26/09/2017,8.55,9.80,8.55,0.00 (0.00 %),,0,0,0,0,9.80,9.8
27/09/2017,8.55,9.80,8.55,0.00 (0.00 %),,0,0,0,0,9.80,9.80
28/09/2017,9.77,11.20,9.77,1.40 (14.29 %),,1600,17920000,0,0,9.80,11.2
29/09/2017,9.77,11.20,9.77,0.00 (0.00 %),,3900,43680000,0,0,11.20,11.20
02/10/2017,10.47,12.00,10.47,0.80 (7.14 %),,1000,12000000,0,0,11.20,12.0
03/10/2017,10.47,12.00,10.47,0.00 (0.00 %),,0,0,0,0,12.00,12.00
04/10/2017,10.47,12.00,10.47,0.00 (0.00 %),,0,0,0,0,12.00,12.0
05/10/2017,10.47,12.00,10.47,0.00 (0.00 %),,0,0,0,0,12.00,12.00
06/10/2017,12.04,13.80,12.04,1.80 (15.00 %),,100,1380000,0,0,12.00,13.8
09/10/2017,12.04,13.80,12.04,0.00 (0.00 %),,100,1380000,0,0,13.80,13.80
10/10/2017,12.04,13.80,12.04,0.00 (0.00 %),,0,0,0,0,13.80,13.8
11/10/2017,12.04,13.80,12.04,0.00 (0.00 %),,0,0,0,0,13.80,13.80
12/10/2017,12.04,13.80,12.04,0.00 (0.00 %),,0,0,0,0,13.80,13.8
13/10/2017,12.03,12.10,10.56,-1.70 (-12.32 %),,10000,137830000,0,0,13.80,13.80
16/10/2017,12.04,13.80,12.04,0.00 (0.00 %),,0,0,0,0,13.80,13.8
17/10/2017,12.04,13.80,12.04,0.00 (0.00 %),,0,0,0,0,13.80,13.80
18/10/2017,12.04,13.80,12.04,0.00 (0.00 %),,0,0,0,0,13.80,13.8
19/10/2017,12.04,13.80,12.04,0.00 (0.00 %),,0,0,0,0,13.80,13.80
20/10/2017,12.04,13.80,12.04,0.00 (0.00 %),,100,1380000,0,0,13.80,13.8
23/10/2017,12.04,13.80,12.04,0.00 (0.00 %),,0,0,0,0,13.80,13.80
24/10/2017,12.04,13.80,12.04,0.00 (0.00 %),,0,0,0,0,13.80,13.8
25/10/2017,12.04,13.80,12.04,0.00 (0.00 %),,200,2760000,0,0,13.80,13.80
26/10/2017,12.04,13.80,12.04,0.00 (0.00 %),,0,0,0,0,13.80,13.8
27/10/2017,12.04,13.80,12.04,0.00 (0.00 %),,0,0,0,0,13.80,13.80
30/10/2017,12.04,13.80,12.04,0.00 (0.00 %),,0,0,0,0,13.80,13.8
31/10/2017,12.04,13.80,12.04,0.00 (0.00 %),,0,0,0,0,13.80,13.80
01/11/2017,12.04,13.80,12.04,0.00 (0.00 %),,0,0,0,0,13.80,13.8
02/11/2017,12.04,13.80,12.04,0.00 (0.00 %),,0,0,0,0,13.80,13.80
03/11/2017,12.04,13.80,12.04,0.00 (0.00 %),,0,0,0,0,13.80,13.8
06/11/2017,12.04,13.80,12.04,0.00 (0.00 %),,0,0,0,0,13.80,13.80
07/11/2017,12.04,13.80,12.04,0.00 (0.00 %),,600,8280000,0,0,13.80,13.8
08/11/2017,12.21,14.00,12.21,0.20 (1.45 %),,400,5600000,0,0,13.80,14.00
09/11/2017,12.21,14.00,12.21,0.00 (0.00 %),,0,0,0,0,14.00,14.0
10/11/2017,12.21,14.00,12.21,0.00 (0.00 %),,0,0,0,0,14.00,14.00
13/11/2017,12.21,14.00,12.21,0.00 (0.00 %),,0,0,0,0,14.00,14.0
14/11/2017,11.78,13.50,11.78,-0.50 (-3.57 %),,200,2700000,0,0,14.00,13.50
15/11/2017,11.78,13.50,11.78,0.00 (0.00 %),,0,0,0,0,13.50,13.5
16/11/2017,11.34,13.00,11.34,-0.50 (-3.70 %),,1300,16900000,0,0,13.50,13.00
17/11/2017,11.34,13.00,11.34,0.00 (0.00 %),,0,0,0,0,13.00,13.0
20/11/2017,11.34,13.00,11.34,0.00 (0.00 %),,0,0,0,0,13.00,13.00
21/11/2017,10.47,12.00,10.47,-1.00 (-7.69 %),,200,2400000,0,0,13.00,12.0
22/11/2017,10.03,11.50,10.03,-0.50 (-4.17 %),,4000,46000000,0,0,12.00,11.50
23/11/2017,10.03,11.50,10.03,0.00 (0.00 %),,0,0,0,0,11.50,11.5
24/11/2017,10.03,11.50,10.03,0.00 (0.00 %),,0,0,0,0,11.50,11.50
27/11/2017,10.03,11.50,10.03,0.00 (0.00 %),,1300,14950000,0,0,11.50,11.5
28/11/2017,10.03,11.50,10.03,0.00 (0.00 %),,3000,34500000,0,0,11.50,11.50
29/11/2017,10.03,11.50,10.03,0.00 (0.00 %),,2000,23000000,10000,98000000,11.50,11.5
30/11/2017,10.03,11.50,10.03,0.00 (0.00 %),,2000,23000000,0,0,11.50,11.50
01/12/2017,9.75,11.00,9.60,-0.50 (-4.35 %),,11500,128500000,0,0,11.50,12.0
04/12/2017,9.77,11.20,9.77,0.00 (0.00 %),,0,0,0,0,11.20,11.20
05/12/2017,9.77,11.20,9.77,0.00 (0.00 %),,0,0,0,0,11.20,11.2
06/12/2017,10.03,11.50,10.03,0.30 (2.68 %),,100,1150000,0,0,11.20,11.50
07/12/2017,10.47,12.00,10.47,0.50 (4.35 %),,100,1200000,0,0,11.50,12.0
08/12/2017,10.47,12.00,10.47,0.00 (0.00 %),,0,0,0,0,12.00,12.00
11/12/2017,10.47,12.00,10.47,0.00 (0.00 %),,0,0,0,0,12.00,12.0
12/12/2017,10.47,12.00,10.47,0.00 (0.00 %),,0,0,0,0,12.00,12.00
13/12/2017,10.21,11.70,10.21,-0.30 (-2.50 %),,100,1170000,0,0,12.00,11.7
14/12/2017,10.21,11.70,10.21,0.00 (0.00 %),,400,4680000,0,0,11.70,11.70
15/12/2017,10.21,11.70,10.21,0.00 (0.00 %),,0,0,0,0,11.70,11.7
18/12/2017,10.21,11.70,10.21,0.00 (0.00 %),,0,0,0,0,11.70,11.70
19/12/2017,10.72,12.00,10.47,0.30 (2.56 %),,3500,43000000,0,0,11.70,12.5
20/12/2017,10.73,12.30,10.73,0.00 (0.00 %),,0,0,0,0,12.30,12.30
21/12/2017,10.73,12.30,10.73,0.00 (0.00 %),,0,0,0,0,12.30,12.3
22/12/2017,10.73,12.30,10.73,0.00 (0.00 %),,0,0,0,0,12.30,12.30
25/12/2017,10.73,12.30,10.73,0.00 (0.00 %),,0,0,0,0,12.30,12.3
26/12/2017,10.47,12.00,10.47,-0.30 (-2.44 %),,200,2400000,0,0,12.30,12.00
27/12/2017,10.31,11.50,10.03,-0.50 (-4.17 %),,5100,60250000,0,0,12.00,12.0
28/12/2017,10.30,11.80,10.30,0.00 (0.00 %),,0,0,0,0,11.80,11.80
29/12/2017,10.30,11.80,10.30,0.00 (0.00 %),,0,0,0,0,11.80,11.8
02/01/2018,10.30,11.80,10.30,0.00 (0.00 %),,0,0,0,0,11.80,11.80
03/01/2018,10.30,11.80,10.30,0.00 (0.00 %),,0,0,0,0,11.80,11.8
04/01/2018,10.30,11.80,10.30,0.00 (0.00 %),,0,0,0,0,11.80,11.80
05/01/2018,10.30,11.80,10.30,0.00 (0.00 %),,0,0,0,0,11.80,11.8
08/01/2018,10.30,11.80,10.30,0.00 (0.00 %),,0,0,0,0,11.80,11.80
09/01/2018,10.30,11.80,10.30,0.00 (0.00 %),,0,0,0,0,11.80,11.8
10/01/2018,10.30,11.80,10.30,0.00 (0.00 %),,0,0,0,0,11.80,11.80
11/01/2018,10.30,11.80,10.30,0.00 (0.00 %),,0,0,0,0,11.80,11.8
12/01/2018,10.30,11.80,10.30,0.00 (0.00 %),,0,0,0,0,11.80,11.80
15/01/2018,10.30,11.80,10.30,0.00 (0.00 %),,0,0,0,0,11.80,11.8
16/01/2018,10.30,11.80,10.30,0.00 (0.00 %),,0,0,0,0,11.80,11.80
17/01/2018,10.30,11.80,10.30,0.00 (0.00 %),,0,0,0,0,11.80,11.8
18/01/2018,10.30,11.80,10.30,0.00 (0.00 %),,0,0,0,0,11.80,11.80
19/01/2018,10.30,11.80,10.30,0.00 (0.00 %),,0,0,0,0,11.80,11.8
22/01/2018,10.30,11.80,10.30,0.00 (0.00 %),,0,0,0,0,11.80,11.80
23/01/2018,10.30,11.80,10.30,0.00 (0.00 %),,0,0,0,0,11.80,11.8
24/01/2018,10.30,11.80,10.30,0.00 (0.00 %),,0,0,0,0,11.80,11.80
25/01/2018,10.30,11.80,10.30,0.00 (0.00 %),,0,0,0,0,11.80,11.8
26/01/2018,10.47,12.00,10.47,0.20 (1.69 %),,2000,24000000,0,0,11.80,12.00
29/01/2018,10.91,12.50,10.91,0.50 (4.17 %),,5400,67500000,0,0,12.00,12.5
30/01/2018,10.91,12.50,10.91,0.00 (0.00 %),,0,0,0,0,12.50,12.50
31/01/2018,10.91,12.50,10.91,0.00 (0.00 %),,0,0,0,0,12.50,12.5
01/02/2018,10.91,12.50,10.91,0.00 (0.00 %),,0,0,0,0,12.50,12.50
02/02/2018,10.91,12.50,10.91,0.00 (0.00 %),,0,0,0,0,12.50,12.5
05/02/2018,10.91,12.50,10.91,0.00 (0.00 %),,0,0,0,0,12.50,12.50
06/02/2018,10.91,12.50,10.91,0.00 (0.00 %),,0,0,0,0,12.50,12.5
07/02/2018,10.91,12.50,10.91,0.00 (0.00 %),,0,0,0,0,12.50,12.50
08/02/2018,10.91,12.50,10.91,0.00 (0.00 %),,0,0,0,0,12.50,12.5
09/02/2018,10.91,12.50,10.91,0.00 (0.00 %),,0,0,0,0,12.50,12.50
12/02/2018,10.91,12.50,10.91,0.00 (0.00 %),,0,0,0,0,12.50,12.5
13/02/2018,10.91,12.50,10.91,0.00 (0.00 %),,0,0,0,0,12.50,12.50
21/02/2018,10.91,12.50,10.91,0.00 (0.00 %),,0,0,0,0,12.50,12.5
22/02/2018,10.91,12.50,10.91,0.00 (0.00 %),,0,0,0,0,12.50,12.50
23/02/2018,10.91,12.50,10.91,0.00 (0.00 %),,0,0,0,0,12.50,12.5
26/02/2018,10.91,12.50,10.91,0.00 (0.00 %),,0,0,0,0,12.50,12.50
27/02/2018,10.91,12.50,10.91,0.00 (0.00 %),,0,0,0,0,12.50,12.5
28/02/2018,9.34,10.70,9.34,-1.80 (-14.40 %),,1000,10700000,0,0,12.50,10.70
01/03/2018,10.73,12.30,10.73,1.60 (14.95 %),,100,1230000,0,0,10.70,12.3
02/03/2018,10.73,12.30,10.73,0.00 (0.00 %),,0,0,0,0,12.30,12.30
05/03/2018,10.73,12.30,10.73,0.00 (0.00 %),,0,0,0,0,12.30,12.3
06/03/2018,10.73,12.30,10.73,0.00 (0.00 %),,0,0,0,0,12.30,12.30
07/03/2018,10.73,12.30,10.73,0.00 (0.00 %),,0,0,0,0,12.30,12.3
08/03/2018,10.73,12.30,10.73,0.00 (0.00 %),,0,0,0,0,12.30,12.30
09/03/2018,10.73,12.30,10.73,0.00 (0.00 %),,0,0,0,0,12.30,12.3
12/03/2018,10.73,12.30,10.73,0.00 (0.00 %),,0,0,0,0,12.30,12.30
13/03/2018,10.73,12.30,10.73,0.00 (0.00 %),,0,0,0,0,12.30,12.3
14/03/2018,10.73,12.30,10.73,0.00 (0.00 %),,0,0,0,0,12.30,12.30
15/03/2018,10.73,12.30,10.73,0.00 (0.00 %),,0,0,0,0,12.30,12.3
16/03/2018,10.73,12.30,10.73,0.00 (0.00 %),,0,0,0,0,12.30,12.30
19/03/2018,11.01,12.50,10.91,0.20 (1.63 %),,3600,45450000,0,0,12.30,12.8
20/03/2018,10.99,12.60,10.99,0.00 (0.00 %),,0,0,0,0,12.60,12.60
21/03/2018,11.34,13.00,11.34,0.40 (3.17 %),,800,10400000,0,0,12.60,13.0
22/03/2018,11.34,13.00,11.34,0.00 (0.00 %),,0,0,0,0,13.00,13.00
23/03/2018,11.34,13.00,11.34,0.00 (0.00 %),,0,0,0,0,13.00,13.0
26/03/2018,11.34,13.00,11.34,0.00 (0.00 %),,0,0,0,0,13.00,13.00
27/03/2018,11.34,13.00,11.34,0.00 (0.00 %),,2000,26000000,0,0,13.00,13.0
28/03/2018,11.34,13.00,11.34,0.00 (0.00 %),,2200,28600000,0,0,13.00,13.00
29/03/2018,11.34,13.00,11.34,0.00 (0.00 %),,0,0,0,0,13.00,13.0
30/03/2018,11.34,13.00,11.34,0.00 (0.00 %),,0,0,0,0,13.00,13.00
02/04/2018,12.21,14.00,12.21,1.00 (7.69 %),,1000,14000000,0,0,13.00,14.0
03/04/2018,12.21,14.00,12.21,0.00 (0.00 %),,2000,28000000,0,0,14.00,14.00
04/04/2018,12.21,14.00,12.21,0.00 (0.00 %),,0,0,0,0,14.00,14.0
05/04/2018,12.21,14.00,12.21,0.00 (0.00 %),,0,0,0,0,14.00,14.00
06/04/2018,12.21,14.00,12.21,0.00 (0.00 %),,0,0,0,0,14.00,14.0
09/04/2018,12.21,14.00,12.21,0.00 (0.00 %),,0,0,0,0,14.00,14.00
10/04/2018,12.21,14.00,12.21,0.00 (0.00 %),,0,0,0,0,14.00,14.0
11/04/2018,13.09,15.00,13.09,1.00 (7.14 %),,50000,750000000,0,0,14.00,15.00
12/04/2018,13.09,15.00,13.09,0.00 (0.00 %),,0,0,0,0,15.00,15.0
13/04/2018,11.17,12.80,11.17,-2.20 (-14.67 %),,100,1280000,0,0,15.00,12.80
16/04/2018,11.17,12.80,11.17,0.00 (0.00 %),,0,0,0,0,12.80,12.8
17/04/2018,11.17,12.80,11.17,0.00 (0.00 %),,0,0,0,0,12.80,12.80
18/04/2018,11.17,12.80,11.17,0.00 (0.00 %),,0,0,0,0,12.80,12.8
19/04/2018,12.65,14.50,12.65,1.70 (13.28 %),,100,1450000,0,0,12.80,14.50
20/04/2018,10.99,13.60,11.87,-0.90 (-6.21 %),,18000,226800000,0,0,14.50,12.4
23/04/2018,10.99,12.60,10.99,0.00 (0.00 %),,0,0,0,0,12.60,12.60
24/04/2018,10.99,12.60,10.99,0.00 (0.00 %),,0,0,0,0,12.60,12.6
26/04/2018,12.56,14.40,12.56,1.80 (14.29 %),,2000,28800000,0,0,12.60,14.40
27/04/2018,12.63,15.00,13.09,0.60 (4.17 %),,2300,33300000,0,0,14.40,14.4
02/05/2018,12.65,14.50,12.65,0.00 (0.00 %),,0,0,0,0,14.50,14.50
03/05/2018,12.65,14.50,12.65,0.00 (0.00 %),,0,0,0,0,14.50,14.5
04/05/2018,12.65,14.50,12.65,0.00 (0.00 %),,0,0,0,0,14.50,14.50
07/05/2018,12.65,14.50,12.65,0.00 (0.00 %),,0,0,0,0,14.50,14.5
08/05/2018,12.65,14.50,12.65,0.00 (0.00 %),,0,0,0,0,14.50,14.50
09/05/2018,12.65,14.50,12.65,0.00 (0.00 %),,0,0,0,0,14.50,14.5
10/05/2018,12.65,14.50,12.65,0.00 (0.00 %),,0,0,0,0,14.50,14.50
11/05/2018,12.65,14.50,12.65,0.00 (0.00 %),,0,0,0,0,14.50,14.5
14/05/2018,12.65,14.50,12.65,0.00 (0.00 %),,0,0,0,0,14.50,14.50
15/05/2018,13.09,15.00,13.09,0.50 (3.45 %),,2000,30000000,0,0,14.50,15.0
16/05/2018,13.52,15.50,13.52,0.50 (3.33 %),,2500,38750000,0,0,15.00,15.50
17/05/2018,13.52,15.50,13.52,0.00 (0.00 %),,0,0,0,0,15.50,15.5
18/05/2018,13.52,15.50,13.52,0.00 (0.00 %),,1500,23250000,0,0,15.50,15.50
21/05/2018,13.33,13.30,11.60,-2.20 (-14.19 %),,1010,15413000,0,0,15.50,15.5
22/05/2018,12.16,15.40,13.44,0.10 (0.65 %),,4300,59950000,0,0,15.30,13.50
23/05/2018,11.77,14.60,12.74,0.70 (5.04 %),,7190,96895000,0,0,13.90,11.9
24/05/2018,12.21,14.00,12.21,0.50 (3.70 %),,2000,28000000,0,0,13.50,14.00
25/05/2018,12.21,14.00,12.21,0.00 (0.00 %),,10,130000,0,0,14.00,14.0
28/05/2018,12.21,14.00,12.21,0.00 (0.00 %),,6800,95200000,92000,1094800000,14.00,14.00
29/05/2018,10.47,12.00,10.47,-2.00 (-14.29 %),,3200,38400000,0,0,14.00,12.0
30/05/2018,10.47,12.00,10.47,0.00 (0.00 %),,0,0,0,0,12.00,12.00
31/05/2018,10.47,12.00,10.47,0.00 (0.00 %),,0,0,0,0,12.00,12.0
01/06/2018,10.47,12.00,10.47,0.00 (0.00 %),,0,0,0,0,12.00,12.00
04/06/2018,10.47,12.00,10.47,0.00 (0.00 %),,0,0,0,0,12.00,12.0
05/06/2018,10.47,12.00,10.47,0.00 (0.00 %),,0,0,0,0,12.00,12.00
06/06/2018,10.85,13.80,12.04,1.80 (15.00 %),,3400,42300000,0,0,12.00,10.5
07/06/2018,12.39,14.20,12.39,1.80 (14.52 %),,3000,42600000,0,0,12.40,14.20
08/06/2018,12.39,14.20,12.39,0.00 (0.00 %),,100,1420000,0,0,14.20,14.2
11/06/2018,12.39,14.20,12.39,0.00 (0.00 %),,0,0,0,0,14.20,14.20
12/06/2018,12.21,14.00,12.21,-0.20 (-1.41 %),,2500,35000000,0,0,14.20,14.0
13/06/2018,12.21,14.00,12.21,0.00 (0.00 %),,0,0,0,0,14.00,14.00
14/06/2018,12.39,14.20,12.39,0.20 (1.43 %),,1000,14200000,0,0,14.00,14.2
15/06/2018,12.39,14.20,12.39,0.00 (0.00 %),,0,0,0,0,14.20,14.20
18/06/2018,12.39,14.20,12.39,0.00 (0.00 %),,4000,56800000,0,0,14.20,14.2
19/06/2018,12.39,14.20,12.39,0.00 (0.00 %),,0,0,0,0,14.20,14.20
20/06/2018,13.00,15.00,13.09,0.80 (5.63 %),,2000,29800000,0,0,14.20,14.8
21/06/2018,13.00,14.90,13.00,0.00 (0.00 %),,0,0,0,0,14.90,14.90
22/06/2018,13.00,14.90,13.00,0.00 (0.00 %),,0,0,0,0,14.90,14.9
25/06/2018,13.00,14.90,13.00,0.00 (0.00 %),,0,0,0,0,14.90,14.90
26/06/2018,13.00,14.90,13.00,0.00 (0.00 %),,0,0,0,0,14.90,14.9
27/06/2018,13.00,14.90,13.00,0.00 (0.00 %),,0,0,0,0,14.90,14.90
28/06/2018,13.00,14.90,13.00,0.00 (0.00 %),,0,0,0,0,14.90,14.9
29/06/2018,13.00,14.90,13.00,0.00 (0.00 %),,0,0,0,0,14.90,14.90
02/07/2018,13.00,14.90,13.00,0.00 (0.00 %),,0,0,0,0,14.90,14.9
03/07/2018,13.00,14.90,13.00,0.00 (0.00 %),,0,0,0,0,14.90,14.90
04/07/2018,13.00,14.90,13.00,0.00 (0.00 %),,0,0,0,0,14.90,14.9
05/07/2018,13.00,14.90,13.00,0.00 (0.00 %),,0,0,0,0,14.90,14.90
06/07/2018,13.09,15.00,13.09,0.10 (0.67 %),,4500,67500000,0,0,14.90,15.0
09/07/2018,13.09,15.00,13.09,0.00 (0.00 %),,3400,51000000,0,0,15.00,15.00
10/07/2018,13.09,15.00,13.09,0.00 (0.00 %),,2000,30000000,0,0,15.00,15.0
11/07/2018,13.09,15.00,13.09,0.00 (0.00 %),,5000,75000000,0,0,15.00,15.00
12/07/2018,13.09,15.00,13.09,0.00 (0.00 %),,0,0,0,0,15.00,15.0
13/07/2018,13.09,15.00,13.09,0.00 (0.00 %),,0,0,0,0,15.00,15.00
16/07/2018,13.09,15.00,13.09,0.00 (0.00 %),,3000,45000000,0,0,15.00,15.0
17/07/2018,13.09,15.00,13.09,0.00 (0.00 %),,1000,15000000,0,0,15.00,15.00
18/07/2018,13.09,15.00,13.09,0.00 (0.00 %),,0,0,0,0,15.00,15.0
19/07/2018,13.09,15.00,13.09,0.00 (0.00 %),,0,0,0,0,15.00,15.00
20/07/2018,13.09,15.00,13.09,0.00 (0.00 %),,0,0,0,0,15.00,15.0
23/07/2018,13.09,15.00,13.09,0.00 (0.00 %),,1000,15000000,0,0,15.00,15.00
24/07/2018,13.09,15.00,13.09,0.00 (0.00 %),,0,0,0,0,15.00,15.0
25/07/2018,13.09,15.00,13.09,0.00 (0.00 %),,5000,75000000,0,0,15.00,15.00
26/07/2018,13.17,15.10,13.17,0.10 (0.67 %),,5000,75500000,902,12177000,15.00,15.1
27/07/2018,13.17,15.10,13.17,0.00 (0.00 %),,0,0,0,0,15.10,15.10
30/07/2018,13.17,15.10,13.17,0.00 (0.00 %),,0,0,0,0,15.10,15.1
31/07/2018,13.17,15.10,13.17,0.00 (0.00 %),,0,0,0,0,15.10,15.10
01/08/2018,13.17,15.10,13.17,0.00 (0.00 %),,0,0,0,0,15.10,15.1
02/08/2018,13.17,15.10,13.17,0.00 (0.00 %),,0,0,0,0,15.10,15.10
03/08/2018,13.17,15.10,13.17,0.00 (0.00 %),,0,0,0,0,15.10,15.1
06/08/2018,13.09,15.00,13.09,-0.10 (-0.66 %),,5000,75000000,0,0,15.10,15.00
07/08/2018,13.09,15.00,13.09,0.00 (0.00 %),,0,0,0,0,15.00,15.0
08/08/2018,13.09,15.00,13.09,0.00 (0.00 %),,0,0,0,0,15.00,15.00
09/08/2018,13.09,15.00,13.09,0.00 (0.00 %),,0,0,0,0,15.00,15.0
10/08/2018,13.09,15.00,13.09,0.00 (0.00 %),,0,0,0,0,15.00,15.00
13/08/2018,13.09,15.00,13.09,0.00 (0.00 %),,0,0,0,0,15.00,15.0
14/08/2018,13.09,15.00,13.09,0.00 (0.00 %),,0,0,0,0,15.00,15.00
15/08/2018,13.09,15.00,13.09,0.00 (0.00 %),,0,0,0,0,15.00,15.0
16/08/2018,13.09,15.00,13.09,0.00 (0.00 %),,0,0,0,0,15.00,15.00
17/08/2018,13.09,15.00,13.09,0.00 (0.00 %),,0,0,0,0,15.00,15.0
20/08/2018,13.09,15.00,13.09,0.00 (0.00 %),,0,0,0,0,15.00,15.00
21/08/2018,13.09,15.00,13.09,0.00 (0.00 %),,3000,45000000,0,0,15.00,15.0
22/08/2018,13.09,15.00,13.09,0.00 (0.00 %),,0,0,0,0,15.00,15.00
23/08/2018,13.09,15.00,13.09,0.00 (0.00 %),,0,0,0,0,15.00,15.0
24/08/2018,13.09,15.00,13.09,0.00 (0.00 %),,0,0,0,0,15.00,15.00
27/08/2018,13.09,15.00,13.09,0.00 (0.00 %),,0,0,0,0,15.00,15.0
28/08/2018,13.79,15.80,13.79,0.80 (5.33 %),,1200,18960000,0,0,15.00,15.80
29/08/2018,13.79,15.80,13.79,0.00 (0.00 %),,0,0,0,0,15.80,15.8
30/08/2018,13.79,15.80,13.79,0.00 (0.00 %),,2000,31600000,0,0,15.80,15.80
31/08/2018,13.79,15.80,13.79,0.00 (0.00 %),,0,0,0,0,15.80,15.8
04/09/2018,13.79,15.80,13.79,0.00 (0.00 %),,0,0,0,0,15.80,15.80
05/09/2018,13.79,15.80,13.79,0.00 (0.00 %),,0,0,0,0,15.80,15.8
06/09/2018,13.79,15.80,13.79,0.00 (0.00 %),,0,0,0,0,15.80,15.80
07/09/2018,13.79,15.80,13.79,0.00 (0.00 %),,0,0,0,0,15.80,15.8
10/09/2018,13.79,15.80,13.79,0.00 (0.00 %),,0,0,0,0,15.80,15.80
11/09/2018,13.79,15.80,13.79,0.00 (0.00 %),,0,0,0,0,15.80,15.8
12/09/2018,13.79,15.80,13.79,0.00 (0.00 %),,0,0,0,0,15.80,15.80
13/09/2018,13.79,15.80,13.79,0.00 (0.00 %),,0,0,0,0,15.80,15.8
14/09/2018,13.79,15.80,13.79,0.00 (0.00 %),,0,0,0,0,15.80,15.80
17/09/2018,13.79,15.80,13.79,0.00 (0.00 %),,0,0,0,0,15.80,15.8
18/09/2018,13.79,15.80,13.79,0.00 (0.00 %),,0,0,0,0,15.80,15.80
19/09/2018,13.79,15.80,13.79,0.00 (0.00 %),,0,0,0,0,15.80,15.8
20/09/2018,13.79,15.80,13.79,0.00 (0.00 %),,900,14220000,0,0,15.80,15.80
21/09/2018,13.79,15.80,13.79,0.00 (0.00 %),,2000,31600000,0,0,15.80,15.8
24/09/2018,13.79,15.80,13.79,0.00 (0.00 %),,0,0,0,0,15.80,15.80
25/09/2018,13.79,15.80,13.79,0.00 (0.00 %),,0,0,0,0,15.80,15.8
26/09/2018,13.79,15.80,13.79,0.00 (0.00 %),,0,0,0,0,15.80,15.80
27/09/2018,13.79,15.80,13.79,0.00 (0.00 %),,0,0,0,0,15.80,15.8
28/09/2018,13.79,15.80,13.79,0.00 (0.00 %),,0,0,0,0,15.80,15.80
01/10/2018,13.96,16.00,13.96,0.20 (1.27 %),,1800,28800000,0,0,15.80,16.0
02/10/2018,13.96,16.00,13.96,0.00 (0.00 %),,0,0,0,0,16.00,16.00
03/10/2018,13.96,16.00,13.96,0.00 (0.00 %),,0,0,0,0,16.00,16.0
04/10/2018,13.96,16.00,13.96,0.00 (0.00 %),,0,0,0,0,16.00,16.00
05/10/2018,13.96,16.00,13.96,0.00 (0.00 %),,0,0,0,0,16.00,16.0
08/10/2018,13.96,16.00,13.96,0.00 (0.00 %),,0,0,0,0,16.00,16.00
09/10/2018,13.96,16.00,13.96,0.00 (0.00 %),,0,0,0,0,16.00,16.0
10/10/2018,13.96,16.00,13.96,0.00 (0.00 %),,0,0,0,0,16.00,16.00
11/10/2018,13.96,16.00,13.96,0.00 (0.00 %),,0,0,0,0,16.00,16.0
12/10/2018,13.96,16.00,13.96,0.00 (0.00 %),,0,0,0,0,16.00,16.00
15/10/2018,13.96,16.00,13.96,0.00 (0.00 %),,0,0,0,0,16.00,16.0
16/10/2018,13.96,16.00,13.96,0.00 (0.00 %),,0,0,0,0,16.00,16.00
17/10/2018,13.96,16.00,13.96,0.00 (0.00 %),,0,0,0,0,16.00,16.0
18/10/2018,13.96,16.00,13.96,0.00 (0.00 %),,0,0,0,0,16.00,16.00
19/10/2018,13.96,16.00,13.96,0.00 (0.00 %),,0,0,0,0,16.00,16.0
22/10/2018,14.01,15.30,14.01,0.00 (0.00 %),,0,0,0,0,15.30,15.30
23/10/2018,14.01,15.30,14.01,0.00 (0.00 %),,0,0,0,0,15.30,15.3
24/10/2018,14.01,15.30,14.01,0.00 (0.00 %),,0,0,0,0,15.30,15.30
25/10/2018,14.01,15.30,14.01,0.00 (0.00 %),,0,0,0,0,15.30,15.3
26/10/2018,14.01,15.30,14.01,0.00 (0.00 %),,0,0,0,0,15.30,15.30
29/10/2018,12.82,14.00,12.82,-1.30 (-8.50 %),,3600,50400000,0,0,15.30,14.0
30/10/2018,12.82,14.00,12.82,0.00 (0.00 %),,16500,231000000,0,0,14.00,14.00
31/10/2018,12.82,14.00,12.82,0.00 (0.00 %),,11800,165200000,0,0,14.00,14.0
01/11/2018,12.82,14.00,12.82,0.00 (0.00 %),,0,0,0,0,14.00,14.00
02/11/2018,12.82,14.00,12.82,0.00 (0.00 %),,0,0,0,0,14.00,14.0
05/11/2018,12.82,14.00,12.82,0.00 (0.00 %),,0,0,0,0,14.00,14.00
06/11/2018,12.82,14.00,12.82,0.00 (0.00 %),,0,0,0,0,14.00,14.0
07/11/2018,12.82,14.00,12.82,0.00 (0.00 %),,0,0,0,0,14.00,14.00
08/11/2018,12.82,14.00,12.82,0.00 (0.00 %),,0,0,0,0,14.00,14.0
09/11/2018,12.82,14.00,12.82,0.00 (0.00 %),,0,0,0,0,14.00,14.00
12/11/2018,12.82,14.00,12.82,0.00 (0.00 %),,12000,168000000,0,0,14.00,14.0
13/11/2018,10.89,11.90,10.89,-2.10 (-15.00 %),,8000,95200000,0,0,14.00,11.90
14/11/2018,10.89,11.90,10.89,0.00 (0.00 %),,0,0,0,0,11.90,11.9
15/11/2018,10.89,11.90,10.89,0.00 (0.00 %),,0,0,0,0,11.90,11.90
16/11/2018,12.45,13.60,12.45,1.70 (14.29 %),,100,1360000,0,0,11.90,13.6
19/11/2018,14.28,15.60,14.28,2.00 (14.71 %),,100,1560000,0,0,13.60,15.60
20/11/2018,13.73,15.00,13.73,-0.60 (-3.85 %),,1000,15000000,0,0,15.60,15.0
21/11/2018,13.73,15.00,13.73,0.00 (0.00 %),,0,0,0,0,15.00,15.00
22/11/2018,13.73,15.00,13.73,0.00 (0.00 %),,0,0,0,0,15.00,15.0
23/11/2018,13.73,15.00,13.73,0.00 (0.00 %),,0,0,0,0,15.00,15.00
26/11/2018,13.73,15.00,13.73,0.00 (0.00 %),,0,0,0,0,15.00,15.0
27/11/2018,13.73,15.00,13.73,0.00 (0.00 %),,0,0,0,0,15.00,15.00
28/11/2018,13.73,15.00,13.73,0.00 (0.00 %),,0,0,0,0,15.00,15.0
29/11/2018,13.73,15.00,13.73,0.00 (0.00 %),,0,0,0,0,15.00,15.00
30/11/2018,13.73,15.00,13.73,0.00 (0.00 %),,0,0,0,0,15.00,15.0
03/12/2018,13.73,15.00,13.73,0.00 (0.00 %),,0,0,0,0,15.00,15.00
04/12/2018,13.73,15.00,13.73,0.00 (0.00 %),,0,0,0,0,15.00,15.0
05/12/2018,13.73,15.00,13.73,0.00 (0.00 %),,0,0,0,0,15.00,15.00
06/12/2018,13.73,15.00,13.73,0.00 (0.00 %),,6000,90000000,0,0,15.00,15.0
07/12/2018,13.73,15.00,13.73,0.00 (0.00 %),,0,0,0,0,15.00,15.00
10/12/2018,13.73,15.00,13.73,0.00 (0.00 %),,0,0,0,0,15.00,15.0
11/12/2018,13.73,15.00,13.73,0.00 (0.00 %),,0,0,0,0,15.00,15.00
12/12/2018,13.73,15.00,13.73,0.00 (0.00 %),,0,0,0,0,15.00,15.0
13/12/2018,13.73,15.00,13.73,0.00 (0.00 %),,0,0,0,0,15.00,15.00
14/12/2018,13.73,15.00,13.73,0.00 (0.00 %),,0,0,0,0,15.00,15.0
17/12/2018,13.73,15.00,13.73,0.00 (0.00 %),,0,0,0,0,15.00,15.00
18/12/2018,13.73,15.00,13.73,0.00 (0.00 %),,0,0,0,0,15.00,15.0
19/12/2018,13.73,15.00,13.73,0.00 (0.00 %),,0,0,0,0,15.00,15.00
20/12/2018,13.73,15.00,13.73,0.00 (0.00 %),,0,0,0,0,15.00,15.0
21/12/2018,13.73,15.00,13.73,0.00 (0.00 %),,0,0,0,0,15.00,15.00
24/12/2018,13.73,15.00,13.73,0.00 (0.00 %),,0,0,0,0,15.00,15.0
25/12/2018,13.73,15.00,13.73,0.00 (0.00 %),,0,0,50000,640000000,15.00,15.00
26/12/2018,13.73,15.00,13.73,0.00 (0.00 %),,0,0,0,0,15.00,15.0
27/12/2018,13.73,15.00,13.73,0.00 (0.00 %),,0,0,0,0,15.00,15.00
28/12/2018,13.73,15.00,13.73,0.00 (0.00 %),,0,0,0,0,15.00,15.0
02/01/2019,13.73,15.00,13.73,0.00 (0.00 %),,0,0,0,0,15.00,15.00
03/01/2019,13.73,15.00,13.73,0.00 (0.00 %),,0,0,0,0,15.00,15.0
04/01/2019,13.73,15.00,13.73,0.00 (0.00 %),,0,0,0,0,15.00,15.00
07/01/2019,13.73,15.00,13.73,0.00 (0.00 %),,0,0,0,0,15.00,15.0
08/01/2019,13.73,15.00,13.73,0.00 (0.00 %),,0,0,0,0,15.00,15.00
09/01/2019,13.73,15.00,13.73,0.00 (0.00 %),,0,0,0,0,15.00,15.0
10/01/2019,13.73,15.00,13.73,0.00 (0.00 %),,0,0,0,0,15.00,15.00
11/01/2019,13.73,15.00,13.73,0.00 (0.00 %),,0,0,2635,38000000,15.00,15.0
14/01/2019,13.73,15.00,13.73,0.00 (0.00 %),,0,0,1307,18951500,15.00,15.00
15/01/2019,13.73,15.00,13.73,0.00 (0.00 %),,0,0,0,0,15.00,15.0
16/01/2019,13.73,15.00,13.73,0.00 (0.00 %),,0,0,0,0,15.00,15.00
17/01/2019,15.00,15.00,13.73,0.00 (0.00 %),,0,0,0,0,15.00,15.0
18/01/2019,15.00,15.00,13.73,0.00 (0.00 %),,0,0,0,0,15.00,15.00
21/01/2019,15.00,15.00,13.73,0.00 (0.00 %),,0,0,0,0,15.00,15.0
22/01/2019,15.00,15.00,13.73,0.00 (0.00 %),,0,0,0,0,15.00,15.00
23/01/2019,15.00,15.00,13.73,0.00 (0.00 %),,0,0,0,0,15.00,15.0
24/01/2019,15.00,15.00,13.73,0.00 (0.00 %),,0,0,0,0,15.00,15.00
25/01/2019,15.00,15.00,13.73,0.00 (0.00 %),,0,0,0,0,15.00,15.0
28/01/2019,15.00,15.00,13.73,0.00 (0.00 %),,0,0,0,0,15.00,15.00
29/01/2019,15.00,15.00,13.73,0.00 (0.00 %),,0,0,0,0,15.00,15.0
30/01/2019,15.00,15.00,13.73,0.00 (0.00 %),,0,0,0,0,15.00,15.00
31/01/2019,15.00,15.00,13.73,0.00 (0.00 %),,0,0,0,0,15.00,15.0
01/02/2019,15.00,15.00,13.73,0.00 (0.00 %),,0,0,0,0,15.00,15.00
11/02/2019,15.00,15.00,13.73,0.00 (0.00 %),,0,0,0,0,15.00,15.0
12/02/2019,15.00,15.00,13.73,0.00 (0.00 %),,0,0,0,0,15.00,15.00
13/02/2019,15.00,15.00,13.73,0.00 (0.00 %),,0,0,0,0,15.00,15.0
14/02/2019,15.00,15.00,13.73,0.00 (0.00 %),,0,0,0,0,15.00,15.00
15/02/2019,15.00,15.00,13.73,0.00 (0.00 %),,0,0,0,0,15.00,15.0
18/02/2019,15.00,15.00,13.73,0.00 (0.00 %),,0,0,0,0,15.00,15.00
19/02/2019,15.00,15.00,13.73,0.00 (0.00 %),,0,0,0,0,15.00,15.0
20/02/2019,15.00,15.00,13.73,0.00 (0.00 %),,0,0,0,0,15.00,15.00
21/02/2019,15.00,15.00,13.73,0.00 (0.00 %),,0,0,0,0,15.00,15.0
22/02/2019,15.00,15.00,13.73,0.00 (0.00 %),,0,0,0,0,15.00,15.00
25/02/2019,15.00,15.00,13.73,0.00 (0.00 %),,0,0,0,0,15.00,15.0
26/02/2019,15.00,15.00,13.73,0.00 (0.00 %),,0,0,0,0,15.00,15.00
27/02/2019,15.00,15.00,13.73,0.00 (0.00 %),,0,0,0,0,15.00,15.0
28/02/2019,14.65,16.00,14.65,1.00 (6.67 %),,200,3200000,0,0,15.00,16.00
01/03/2019,16.00,16.00,14.65,0.00 (0.00 %),,0,0,0,0,16.00,16.0
04/03/2019,16.00,16.00,14.65,0.00 (0.00 %),,0,0,0,0,16.00,16.00
05/03/2019,16.00,16.00,14.65,0.00 (0.00 %),,0,0,0,0,16.00,16.0
06/03/2019,16.00,16.00,14.65,0.00 (0.00 %),,0,0,0,0,16.00,16.00
07/03/2019,16.00,16.00,14.65,0.00 (0.00 %),,0,0,0,0,16.00,16.0
08/03/2019,16.00,16.00,14.65,0.00 (0.00 %),,0,0,0,0,16.00,16.00
11/03/2019,12.45,13.60,12.45,-2.40 (-15.00 %),,3600,48960000,0,0,16.00,13.6
12/03/2019,14.28,15.60,14.28,2.00 (14.71 %),,100,1560000,0,0,13.60,15.60
13/03/2019,15.13,16.60,15.20,1.00 (6.41 %),,9000,148800000,0,0,15.60,16.5
14/03/2019,15.39,16.50,15.10,0.00 (0.00 %),,16500,277400000,0,0,16.50,17.00
15/03/2019,16.80,16.80,15.38,0.00 (0.00 %),,0,0,0,0,16.80,16.8
18/03/2019,16.12,18.00,16.48,1.20 (7.14 %),,17000,299300000,0,0,16.80,17.50
19/03/2019,16.54,18.50,16.93,0.90 (5.11 %),,11500,207750000,0,0,17.60,18.0
20/03/2019,18.31,20.00,18.31,1.90 (10.50 %),,500,10000000,0,0,18.10,20.00
21/03/2019,20.00,20.00,18.31,0.00 (0.00 %),,0,0,0,0,20.00,20.0
22/03/2019,20.00,20.00,18.31,0.00 (0.00 %),,0,0,0,0,20.00,20.00
25/03/2019,20.14,22.00,20.14,2.00 (10.00 %),,500,11000000,0,0,20.00,22.0
26/03/2019,21.97,24.00,21.97,2.00 (9.09 %),,3900,93600000,0,0,22.00,24.00
27/03/2019,24.00,24.00,21.97,0.00 (0.00 %),,0,0,0,0,24.00,24.0
28/03/2019,24.00,24.00,21.97,0.00 (0.00 %),,0,0,0,0,24.00,24.00
29/03/2019,24.00,24.00,21.97,0.00 (0.00 %),,0,0,0,0,24.00,24.0
01/04/2019,24.00,24.00,21.97,0.00 (0.00 %),,0,0,0,0,24.00,24.00
02/04/2019,24.00,24.00,21.97,0.00 (0.00 %),,0,0,0,0,24.00,24.0
03/04/2019,24.00,24.00,21.97,0.00 (0.00 %),,0,0,0,0,24.00,24.00
04/04/2019,24.00,24.00,21.97,0.00 (0.00 %),,0,0,0,0,24.00,24.0
05/04/2019,24.00,24.00,21.97,0.00 (0.00 %),,0,0,0,0,24.00,24.00
08/04/2019,24.00,24.00,21.97,0.00 (0.00 %),,0,0,0,0,24.00,24.0
09/04/2019,24.00,24.00,21.97,0.00 (0.00 %),,0,0,0,0,24.00,24.00
10/04/2019,18.67,20.40,18.67,-3.60 (-15.00 %),,1500,30600000,0,0,24.00,20.4
11/04/2019,20.40,20.40,18.67,0.00 (0.00 %),,0,0,0,0,20.40,20.40
12/04/2019,20.40,20.40,18.67,0.00 (0.00 %),,0,0,0,0,20.40,20.4
16/04/2019,20.40,20.40,18.67,0.00 (0.00 %),,0,0,0,0,20.40,20.40
17/04/2019,17.85,19.50,17.85,-0.90 (-4.41 %),,8800,171600000,0,0,20.40,19.5
18/04/2019,19.50,19.50,17.85,0.00 (0.00 %),,0,0,0,0,19.50,19.50
19/04/2019,19.50,19.50,17.85,0.00 (0.00 %),,0,0,0,0,19.50,19.5
22/04/2019,19.50,19.50,17.85,0.00 (0.00 %),,0,0,0,0,19.50,19.50
23/04/2019,19.50,19.50,17.85,0.00 (0.00 %),,0,0,0,0,19.50,19.5
24/04/2019,19.50,19.50,17.85,0.00 (0.00 %),,0,0,0,0,19.50,19.50
25/04/2019,19.50,19.50,17.85,0.00 (0.00 %),,0,0,0,0,19.50,19.5
26/04/2019,19.50,19.50,17.85,0.00 (0.00 %),,0,0,0,0,19.50,19.50
02/05/2019,19.50,19.50,17.85,0.00 (0.00 %),,0,0,0,0,19.50,19.5
03/05/2019,19.50,19.50,17.85,0.00 (0.00 %),,0,0,0,0,19.50,19.50
06/05/2019,19.50,19.50,17.85,0.00 (0.00 %),,0,0,0,0,19.50,19.5
07/05/2019,19.50,19.50,17.85,0.00 (0.00 %),,0,0,0,0,19.50,19.50
08/05/2019,19.50,19.50,17.85,0.00 (0.00 %),,0,0,1200,19920000,19.50,19.5
09/05/2019,19.50,19.50,17.85,0.00 (0.00 %),,0,0,0,0,19.50,19.50
10/05/2019,19.50,19.50,17.85,0.00 (0.00 %),,0,0,0,0,19.50,19.5
13/05/2019,19.50,19.50,17.85,0.00 (0.00 %),,0,0,0,0,19.50,19.50
14/05/2019,19.50,19.50,17.85,0.00 (0.00 %),,0,0,0,0,19.50,19.5
15/05/2019,19.50,19.50,17.85,0.00 (0.00 %),,0,0,0,0,19.50,19.50
16/05/2019,19.50,19.50,17.85,0.00 (0.00 %),,0,0,0,0,19.50,19.5
17/05/2019,19.50,19.50,17.85,0.00 (0.00 %),,0,0,0,0,19.50,19.50
20/05/2019,19.50,19.50,17.85,0.00 (0.00 %),,0,0,0,0,19.50,19.5
21/05/2019,19.50,19.50,17.85,0.00 (0.00 %),,0,0,0,0,19.50,19.50
22/05/2019,19.50,19.50,17.85,0.00 (0.00 %),,0,0,0,0,19.50,19.5
23/05/2019,19.50,19.50,17.85,0.00 (0.00 %),,0,0,0,0,19.50,19.50
24/05/2019,19.50,19.50,17.85,0.00 (0.00 %),,0,0,0,0,19.50,19.5
27/05/2019,19.50,19.50,17.85,0.00 (0.00 %),,0,0,0,0,19.50,19.50
28/05/2019,19.50,19.50,17.85,0.00 (0.00 %),,0,0,0,0,19.50,19.5
29/05/2019,19.50,19.50,17.85,0.00 (0.00 %),,0,0,0,0,19.50,19.50
30/05/2019,19.50,19.50,17.85,0.00 (0.00 %),,0,0,0,0,19.50,19.5
31/05/2019,19.50,19.50,17.85,0.00 (0.00 %),,0,0,0,0,19.50,19.50
03/06/2019,19.50,19.50,17.85,0.00 (0.00 %),,0,0,0,0,19.50,19.5
04/06/2019,15.20,16.60,15.20,-2.90 (-14.87 %),,300,4980000,0,0,19.50,16.60
05/06/2019,16.60,16.60,15.20,0.00 (0.00 %),,0,0,0,0,16.60,16.6
06/06/2019,16.60,16.60,15.20,0.00 (0.00 %),,0,0,0,0,16.60,16.60
07/06/2019,16.60,16.60,15.20,0.00 (0.00 %),,0,0,0,0,16.60,16.6
10/06/2019,16.60,16.60,15.20,0.00 (0.00 %),,0,0,0,0,16.60,16.60
11/06/2019,16.60,16.60,15.20,0.00 (0.00 %),,0,0,0,0,16.60,16.6
12/06/2019,16.60,16.60,15.20,0.00 (0.00 %),,0,0,0,0,16.60,16.60
13/06/2019,16.60,16.60,15.20,0.00 (0.00 %),,0,0,0,0,16.60,16.6
14/06/2019,16.60,16.60,15.20,0.00 (0.00 %),,0,0,0,0,16.60,16.60
17/06/2019,16.60,16.60,15.20,0.00 (0.00 %),,0,0,0,0,16.60,16.6
18/06/2019,16.60,16.60,15.20,0.00 (0.00 %),,0,0,5083,73703500,16.60,16.60
19/06/2019,16.60,16.60,15.20,0.00 (0.00 %),,0,0,0,0,16.60,16.6
20/06/2019,16.60,16.60,15.20,0.00 (0.00 %),,0,0,0,0,16.60,16.60
21/06/2019,16.60,16.60,15.20,0.00 (0.00 %),,0,0,0,0,16.60,16.6
24/06/2019,16.60,16.60,15.20,0.00 (0.00 %),,0,0,0,0,16.60,16.60
25/06/2019,16.60,16.60,15.20,0.00 (0.00 %),,0,0,0,0,16.60,16.6
26/06/2019,16.60,16.60,15.20,0.00 (0.00 %),,0,0,0,0,16.60,16.60
27/06/2019,16.60,16.60,15.20,0.00 (0.00 %),,0,0,0,0,16.60,16.6
28/06/2019,16.60,16.60,15.20,0.00 (0.00 %),,0,0,0,0,16.60,16.60
01/07/2019,16.60,16.60,15.20,0.00 (0.00 %),,0,0,0,0,16.60,16.6
02/07/2019,16.60,16.60,15.20,0.00 (0.00 %),,0,0,0,0,16.60,16.60
03/07/2019,16.60,16.60,15.20,0.00 (0.00 %),,0,0,0,0,16.60,16.6
04/07/2019,16.60,16.60,15.20,0.00 (0.00 %),,0,0,0,0,16.60,16.60
05/07/2019,16.60,16.60,15.20,0.00 (0.00 %),,0,0,0,0,16.60,16.6
08/07/2019,16.60,16.60,15.20,0.00 (0.00 %),,0,0,0,0,16.60,16.60
09/07/2019,16.60,16.60,15.20,0.00 (0.00 %),,0,0,0,0,16.60,16.6
10/07/2019,16.60,16.60,15.20,0.00 (0.00 %),,0,0,0,0,16.60,16.60
11/07/2019,16.60,16.60,15.20,0.00 (0.00 %),,0,0,0,0,16.60,16.6
12/07/2019,16.60,16.60,15.20,0.00 (0.00 %),,0,0,0,0,16.60,16.60
15/07/2019,16.60,16.60,15.20,0.00 (0.00 %),,0,0,1100,15620000,16.60,16.6
16/07/2019,16.60,16.60,15.20,0.00 (0.00 %),,0,0,0,0,16.60,16.60
17/07/2019,16.60,16.60,15.20,0.00 (0.00 %),,0,0,0,0,16.60,16.6
18/07/2019,15.56,17.00,15.56,0.40 (2.41 %),,10000,170000000,0,0,16.60,17.00
19/07/2019,15.56,17.00,15.56,0.00 (0.00 %),,700,11900000,2781,40324500,17.00,17.0
22/07/2019,17.00,17.00,15.56,0.00 (0.00 %),,0,0,0,0,17.00,17.00
23/07/2019,17.00,17.00,15.56,0.00 (0.00 %),,0,0,0,0,17.00,17.0
24/07/2019,17.00,17.00,15.56,0.00 (0.00 %),,0,0,0,0,17.00,17.00
25/07/2019,17.00,17.00,15.56,0.00 (0.00 %),,0,0,0,0,17.00,17.0
26/07/2019,17.00,17.00,15.56,0.00 (0.00 %),,0,0,0,0,17.00,17.00
29/07/2019,17.00,17.00,15.56,0.00 (0.00 %),,0,0,0,0,17.00,17.0
30/07/2019,17.00,17.00,15.56,0.00 (0.00 %),,0,0,0,0,17.00,17.00
31/07/2019,17.00,17.00,15.56,0.00 (0.00 %),,0,0,0,0,17.00,17.0
01/08/2019,17.00,17.00,15.56,0.00 (0.00 %),,0,0,0,0,17.00,17.00
02/08/2019,17.00,17.00,15.56,0.00 (0.00 %),,0,0,0,0,17.00,17.0
05/08/2019,17.00,17.00,15.56,0.00 (0.00 %),,0,0,0,0,17.00,17.00
06/08/2019,17.00,17.00,15.56,0.00 (0.00 %),,0,0,0,0,17.00,17.0
07/08/2019,17.00,17.00,15.56,0.00 (0.00 %),,0,0,0,0,17.00,17.00
08/08/2019,17.00,17.00,15.56,0.00 (0.00 %),,0,0,0,0,17.00,17.0
09/08/2019,17.00,17.00,15.56,0.00 (0.00 %),,0,0,0,0,17.00,17.00
12/08/2019,17.00,17.00,15.56,0.00 (0.00 %),,0,0,0,0,17.00,17.0
13/08/2019,17.00,17.00,15.56,0.00 (0.00 %),,0,0,0,0,17.00,17.00
14/08/2019,15.54,16.50,15.10,-0.50 (-2.94 %),,6800,115450000,0,0,17.00,17.0
15/08/2019,17.00,17.00,15.56,0.00 (0.00 %),,0,0,0,0,17.00,17.00
16/08/2019,17.00,17.00,15.56,0.00 (0.00 %),,0,0,0,0,17.00,17.0
19/08/2019,17.00,17.00,15.56,0.00 (0.00 %),,0,0,0,0,17.00,17.00
20/08/2019,17.00,17.00,15.56,0.00 (0.00 %),,0,0,0,0,17.00,17.0
21/08/2019,17.00,17.00,15.56,0.00 (0.00 %),,0,0,0,0,17.00,17.00
22/08/2019,17.00,17.00,15.56,0.00 (0.00 %),,0,0,0,0,17.00,17.0
23/08/2019,17.00,17.00,15.56,0.00 (0.00 %),,0,0,0,0,17.00,17.00
26/08/2019,17.00,17.00,15.56,0.00 (0.00 %),,0,0,0,0,17.00,17.0
27/08/2019,17.00,17.00,15.56,0.00 (0.00 %),,0,0,0,0,17.00,17.00
28/08/2019,17.00,17.00,15.56,0.00 (0.00 %),,0,0,0,0,17.00,17.0
29/08/2019,17.00,17.00,15.56,0.00 (0.00 %),,0,0,0,0,17.00,17.00
30/08/2019,17.00,17.00,15.56,0.00 (0.00 %),,0,0,0,0,17.00,17.0
03/09/2019,15.24,17.00,15.56,0.00 (0.00 %),,400,6660000,0,0,17.00,15.60
04/09/2019,13.73,15.00,13.73,-1.70 (-10.18 %),,100,1500000,0,0,16.70,15.0
05/09/2019,12.82,14.00,12.82,-1.00 (-6.67 %),,100,1400000,0,0,15.00,14.00
06/09/2019,14.00,14.00,12.82,0.00 (0.00 %),,0,0,0,0,14.00,14.0
09/09/2019,14.00,14.00,12.82,0.00 (0.00 %),,0,0,0,0,14.00,14.00
10/09/2019,14.00,14.00,12.82,0.00 (0.00 %),,0,0,0,0,14.00,14.0
11/09/2019,14.00,14.00,12.82,0.00 (0.00 %),,0,0,0,0,14.00,14.00
12/09/2019,14.00,14.00,12.82,0.00 (0.00 %),,0,0,0,0,14.00,14.0
13/09/2019,14.00,14.00,12.82,0.00 (0.00 %),,0,0,0,0,14.00,14.00
16/09/2019,14.00,14.00,12.82,0.00 (0.00 %),,0,0,0,0,14.00,14.0
17/09/2019,14.74,16.10,14.74,2.10 (15.00 %),,100,1610000,0,0,14.00,16.10
18/09/2019,14.92,14.60,13.36,-1.50 (-9.32 %),,200,3260000,0,0,16.10,18.0
19/09/2019,16.30,16.30,14.92,0.00 (0.00 %),,0,0,0,0,16.30,16.30
20/09/2019,17.12,18.70,17.12,2.40 (14.72 %),,800,14960000,0,0,16.30,18.7
23/09/2019,19.68,21.50,19.68,2.80 (14.97 %),,400,8600000,0,0,18.70,21.50
24/09/2019,21.50,21.50,19.68,0.00 (0.00 %),,0,0,0,0,21.50,21.5
25/09/2019,21.50,21.50,19.68,0.00 (0.00 %),,0,0,0,0,21.50,21.50
26/09/2019,21.09,24.00,21.97,2.50 (11.63 %),,1600,36870000,0,0,21.50,23.0
27/09/2019,21.79,19.00,19.00,-2.10 (-9.95 %),,4000,87160000,0,0,21.10,24.00
30/09/2019,18.70,18.70,18.70,-3.10 (-14.22 %),,600,11220000,0,0,21.80,18.7
01/10/2019,18.33,17.20,17.20,-1.50 (-8.02 %),,2500,45820000,0,0,18.70,16.00
02/10/2019,20.08,21.00,21.00,2.70 (14.75 %),,5000,100400000,0,0,18.30,20.0
03/10/2019,19.00,19.00,19.00,-1.10 (-5.47 %),,100,1900000,0,0,20.10,19.00
04/10/2019,21.31,21.80,21.80,2.80 (14.74 %),,5500,117200000,0,0,19.00,16.4
07/10/2019,18.40,18.40,18.40,-2.90 (-13.62 %),,1000,18400000,0,0,21.30,18.40
08/10/2019,20.20,20.20,20.20,1.80 (9.78 %),,500,10100000,0,0,18.40,20.2
09/10/2019,20.00,20.50,20.50,0.30 (1.49 %),,2828,56532000,0,0,20.20,17.70
10/10/2019,18.60,18.60,18.60,-1.40 (-7.00 %),,800,14880000,0,0,20.00,18.6
11/10/2019,16.90,16.90,16.90,-1.70 (-9.14 %),,400,6760000,0,0,18.60,16.90
14/10/2019,16.90,16.90,16.90,0.00 (0.00 %),,0,0,0,0,16.90,16.9
15/10/2019,16.90,16.90,16.90,0.00 (0.00 %),,0,0,0,0,16.90,16.90
16/10/2019,16.90,16.90,16.90,0.00 (0.00 %),,0,0,0,0,16.90,16.9
17/10/2019,17.50,17.50,17.50,0.60 (3.55 %),,200,3500000,0,0,16.90,17.50
18/10/2019,20.10,20.10,20.10,2.60 (14.86 %),,2000,40200000,0,0,17.50,20.1
21/10/2019,20.10,20.10,20.10,0.00 (0.00 %),,0,0,0,0,20.10,20.10
22/10/2019,20.10,20.10,20.10,0.00 (0.00 %),,0,0,0,0,20.10,20.1
23/10/2019,20.10,20.10,20.10,0.00 (0.00 %),,0,0,0,0,20.10,20.10
24/10/2019,20.10,20.10,20.10,0.00 (0.00 %),,0,0,0,0,20.10,20.1
25/10/2019,20.10,20.10,20.10,0.00 (0.00 %),,0,0,0,0,20.10,20.10
28/10/2019,18.30,18.30,18.30,-1.80 (-8.96 %),,500,9150000,0,0,20.10,18.3
29/10/2019,18.30,18.30,18.30,0.00 (0.00 %),,0,0,0,0,18.30,18.30
30/10/2019,17.50,17.50,17.50,-0.80 (-4.37 %),,500,8750000,0,0,18.30,17.5
31/10/2019,17.50,17.50,17.50,0.00 (0.00 %),,0,0,0,0,17.50,17.50
01/11/2019,19.90,20.10,20.10,2.60 (14.86 %),,6000,119400000,0,0,17.50,18.0
04/11/2019,18.20,18.20,18.20,-1.70 (-8.54 %),,600,10920000,0,0,19.90,18.20
05/11/2019,18.20,18.20,18.20,0.00 (0.00 %),,0,0,0,0,18.20,18.2
06/11/2019,18.20,18.20,18.20,0.00 (0.00 %),,0,0,0,0,18.20,18.20
07/11/2019,18.20,18.20,18.20,0.00 (0.00 %),,0,0,0,0,18.20,18.2
08/11/2019,18.20,18.20,18.20,0.00 (0.00 %),,0,0,0,0,18.20,18.20
11/11/2019,18.20,18.20,18.20,0.00 (0.00 %),,0,0,0,0,18.20,18.2
12/11/2019,18.20,18.20,18.20,0.00 (0.00 %),,0,0,0,0,18.20,18.20
13/11/2019,17.50,17.50,17.50,-0.70 (-3.85 %),,200,3500000,0,0,18.20,17.5
14/11/2019,17.50,17.50,17.50,0.00 (0.00 %),,0,0,0,0,17.50,17.50
15/11/2019,20.03,20.10,20.10,2.60 (14.86 %),,1600,32050000,0,0,17.50,20.0
18/11/2019,17.80,17.80,17.80,-2.20 (-11.00 %),,400,7120000,0,0,20.00,17.80
19/11/2019,17.80,17.80,17.80,0.00 (0.00 %),,0,0,0,0,17.80,17.8
20/11/2019,17.80,17.80,17.80,0.00 (0.00 %),,0,0,0,0,17.80,17.80
21/11/2019,20.31,20.00,20.00,2.20 (12.36 %),,5600,113740000,0,0,17.80,20.3
22/11/2019,20.30,20.30,20.30,0.00 (0.00 %),,0,0,20000,380000000,20.30,20.30
25/11/2019,19.57,18.10,18.10,-2.20 (-10.84 %),,300,5870000,0,0,20.30,22.5
26/11/2019,18.24,18.20,18.20,-1.40 (-7.14 %),,2500,45600000,0,0,19.60,18.30
27/11/2019,18.20,18.20,18.20,0.00 (0.00 %),,0,0,0,0,18.20,18.2
28/11/2019,18.20,18.20,18.20,0.00 (0.00 %),,0,0,0,0,18.20,18.20
29/11/2019,20.88,20.90,20.90,2.70 (14.84 %),,4200,87680000,0,0,18.20,20.8
02/12/2019,20.90,20.90,20.90,0.00 (0.00 %),,3000,63300000,0,0,20.90,20.90
03/12/2019,22.00,22.00,22.00,0.90 (4.27 %),,4500,99000000,0,0,21.10,22.0
04/12/2019,22.00,22.00,22.00,0.00 (0.00 %),,0,0,0,0,22.00,22.00
05/12/2019,22.00,22.00,22.00,0.00 (0.00 %),,2000,44000000,0,0,22.00,22.0
06/12/2019,22.00,22.00,22.00,0.00 (0.00 %),,0,0,0,0,22.00,22.00
09/12/2019,22.00,22.00,22.00,0.00 (0.00 %),,0,0,0,0,22.00,22.0
10/12/2019,22.00,22.00,22.00,0.00 (0.00 %),,4500,99000000,0,0,22.00,22.00
11/12/2019,22.00,22.00,22.00,0.00 (0.00 %),,5000,110000000,0,0,22.00,22.0
12/12/2019,22.00,22.00,22.00,0.00 (0.00 %),,0,0,0,0,22.00,22.00
13/12/2019,19.10,19.10,19.10,-2.90 (-13.18 %),,500,9550000,0,0,22.00,19.1
16/12/2019,20.00,20.00,20.00,0.90 (4.71 %),,500,10000000,0,0,19.10,20.00
17/12/2019,20.00,20.00,20.00,0.00 (0.00 %),,0,0,0,0,20.00,20.0
18/12/2019,21.78,22.00,22.00,2.00 (10.00 %),,14900,324540000,0,0,20.00,21.00
19/12/2019,22.00,22.00,22.00,0.20 (0.92 %),,7000,154000000,0,0,21.80,22.0
20/12/2019,22.19,22.30,22.30,0.30 (1.36 %),,19172,425451900,2800,56000000,22.00,22.00
23/12/2019,22.24,23.00,23.00,0.80 (3.60 %),,2100,46700000,0,0,22.20,22.2
24/12/2019,22.06,22.10,22.10,-0.10 (-0.45 %),,18000,397050000,39,737100,22.20,22.00
25/12/2019,22.10,22.10,22.10,0.00 (0.00 %),,4600,101650000,0,0,22.10,22.0
26/12/2019,20.78,20.00,20.00,-2.10 (-9.50 %),,6600,137120000,0,0,22.10,22.10
27/12/2019,22.00,22.00,22.00,1.20 (5.77 %),,8900,195800000,0,0,20.80,22.0
30/12/2019,21.80,21.80,21.80,-0.20 (-0.91 %),,1000,21800000,0,0,22.00,21.80
31/12/2019,21.80,21.80,21.80,0.00 (0.00 %),,0,0,0,0,21.80,21.8
02/01/2020,19.75,19.50,19.50,-2.30 (-10.55 %),,1000,19750000,0,0,21.80,20.00
03/01/2020,19.66,19.50,19.50,-0.30 (-1.52 %),,2500,49150000,0,0,19.80,19.7
06/01/2020,18.88,19.00,19.00,-0.70 (-3.55 %),,3200,60400000,0,0,19.70,18.20
07/01/2020,19.06,19.00,19.00,0.10 (0.53 %),,8600,163900000,0,0,18.90,19.5
08/01/2020,19.10,19.10,19.10,0.00 (0.00 %),,63,1026900,0,0,19.10,19.10
09/01/2020,20.70,21.90,21.90,2.80 (14.66 %),,34035,704475000,0,0,19.10,19.0
10/01/2020,22.64,23.00,23.00,2.30 (11.11 %),,25000,566060000,0,0,20.70,22.00
13/01/2020,23.36,23.50,23.50,0.90 (3.98 %),,46800,1093227500,0,0,22.60,22.6
14/01/2020,24.62,26.90,26.90,3.50 (14.96 %),,55100,1356390000,0,0,23.40,23.50
15/01/2020,28.07,28.00,28.00,3.40 (13.82 %),,14657,410628700,0,0,24.60,27.8
16/01/2020,27.97,27.90,27.90,-0.20 (-0.71 %),,300,8390000,0,0,28.10,28.00
17/01/2020,24.75,31.00,31.00,3.00 (10.71 %),,4700,116300000,0,0,28.00,24.0
20/01/2020,22.93,23.00,23.00,-1.70 (-6.88 %),,2300,52730000,0,0,24.70,21.50
21/01/2020,22.90,22.90,22.90,0.00 (0.00 %),,0,0,0,0,22.90,22.9
22/01/2020,22.90,22.90,22.90,0.00 (0.00 %),,0,0,0,0,22.90,22.90
30/01/2020,22.90,22.90,22.90,0.00 (0.00 %),,0,0,0,0,22.90,22.9
31/01/2020,22.90,22.90,22.90,0.00 (0.00 %),,0,0,0,0,22.90,22.90
03/02/2020,20.00,20.00,20.00,-2.90 (-12.66 %),,108,2160000,0,0,22.90,20.0
04/02/2020,20.00,20.00,20.00,0.00 (0.00 %),,0,0,0,0,20.00,20.00
05/02/2020,17.80,17.80,17.80,-2.20 (-11.00 %),,100,1780000,0,0,20.00,17.8
06/02/2020,20.40,20.40,20.40,2.60 (14.61 %),,3000,61200000,0,0,17.80,20.40
07/02/2020,20.34,19.20,19.20,-1.20 (-5.88 %),,2100,42720000,0,0,20.40,20.4
10/02/2020,22.00,22.00,22.00,1.70 (8.37 %),,1039,22702000,0,0,20.30,22.00
11/02/2020,19.43,19.40,19.40,-2.60 (-11.82 %),,2000,38850000,0,0,22.00,19.5
12/02/2020,19.40,19.40,19.40,0.00 (0.00 %),,0,0,0,0,19.40,19.40
13/02/2020,20.00,20.00,20.00,0.60 (3.09 %),,1100,22000000,0,0,19.40,20.0
14/02/2020,17.80,17.80,17.80,-2.20 (-11.00 %),,100,1780000,0,0,20.00,17.80
17/02/2020,20.37,20.40,20.40,2.60 (14.61 %),,10200,207740000,0,0,17.80,19.9
18/02/2020,20.40,20.40,20.40,0.00 (0.00 %),,0,0,0,0,20.40,20.40
19/02/2020,21.90,21.90,21.90,1.50 (7.35 %),,161,3349000,0,0,20.40,21.9
20/02/2020,21.90,21.90,21.90,0.00 (0.00 %),,0,0,0,0,21.90,21.90
21/02/2020,19.14,19.50,19.50,-2.40 (-10.96 %),,1100,21050000,0,0,21.90,19.1
24/02/2020,19.10,19.10,19.10,0.00 (0.00 %),,0,0,0,0,19.10,19.10
25/02/2020,19.10,19.10,19.10,0.00 (0.00 %),,0,0,0,0,19.10,19.1
26/02/2020,19.43,19.50,19.50,0.40 (2.09 %),,2600,50520000,0,0,19.10,19.40
27/02/2020,19.40,19.40,19.40,0.00 (0.00 %),,0,0,0,0,19.40,19.4
28/02/2020,19.40,19.40,19.40,0.00 (0.00 %),,0,0,0,0,19.40,19.40
02/03/2020,19.40,19.40,19.40,0.00 (0.00 %),,0,0,0,0,19.40,19.4
03/03/2020,19.50,19.50,19.50,0.10 (0.52 %),,4900,95550000,0,0,19.40,19.50
04/03/2020,19.50,19.50,19.50,0.00 (0.00 %),,500,9750000,0,0,19.50,19.5
05/03/2020,19.50,19.50,19.50,0.00 (0.00 %),,0,0,0,0,19.50,19.50
06/03/2020,20.40,20.40,20.40,0.90 (4.62 %),,100,2040000,0,0,19.50,20.4
09/03/2020,17.62,17.60,17.60,-2.80 (-13.73 %),,2000,35240000,0,0,20.40,17.60
10/03/2020,19.30,19.30,19.30,1.70 (9.66 %),,100,1930000,0,0,17.60,19.3
12/03/2020,20.30,20.30,20.30,0.00 (0.00 %),,0,0,0,0,20.30,20.30
13/03/2020,19.40,19.40,19.40,-0.90 (-4.43 %),,3900,75660000,0,0,20.30,19.4
16/03/2020,19.40,19.40,19.40,0.00 (0.00 %),,5000,97000000,0,0,19.40,19.40
17/03/2020,19.40,19.40,19.40,0.00 (0.00 %),,0,0,0,0,19.40,19.4
18/03/2020,19.40,19.40,19.40,0.00 (0.00 %),,0,0,0,0,19.40,19.40
19/03/2020,16.80,16.80,16.80,-2.60 (-13.40 %),,100,1680000,0,0,19.40,16.8
20/03/2020,14.60,14.60,14.60,-2.20 (-13.10 %),,100,1460000,0,0,16.80,14.60
23/03/2020,14.60,14.60,14.60,0.00 (0.00 %),,0,0,0,0,14.60,14.6
24/03/2020,14.60,14.60,14.60,0.00 (0.00 %),,0,0,0,0,14.60,14.60
25/03/2020,16.70,16.70,16.70,2.10 (14.38 %),,1000,16700000,0,0,14.60,16.7
26/03/2020,19.20,19.20,19.20,2.50 (14.97 %),,100,1920000,0,0,16.70,19.20
27/03/2020,21.40,21.40,21.40,2.20 (11.46 %),,100,2140000,0,0,19.20,21.4
30/03/2020,21.40,21.40,21.40,0.00 (0.00 %),,0,0,0,0,21.40,21.40
31/03/2020,21.40,21.40,21.40,0.00 (0.00 %),,0,0,0,0,21.40,21.4
01/04/2020,21.40,21.40,21.40,0.00 (0.00 %),,0,0,0,0,21.40,21.40
03/04/2020,19.00,19.00,19.00,-2.40 (-11.21 %),,500,9500000,0,0,21.40,19.0
06/04/2020,19.00,19.00,19.00,0.00 (0.00 %),,500,9500000,0,0,19.00,19.00
07/04/2020,20.35,19.00,19.00,0.00 (0.00 %),,200,4070000,0,0,19.00,21.7
08/04/2020,20.40,20.40,20.40,0.00 (0.00 %),,0,0,0,0,20.40,20.40
09/04/2020,19.45,19.50,19.50,-0.90 (-4.41 %),,1300,25290000,0,0,20.40,19.4
10/04/2020,17.75,17.50,17.50,-2.00 (-10.26 %),,2000,35500000,0,0,19.50,18.00
13/04/2020,17.50,17.50,17.50,-0.30 (-1.69 %),,1030,18025000,0,0,17.80,17.5
14/04/2020,17.50,17.50,17.50,0.00 (0.00 %),,0,0,0,0,17.50,17.50
15/04/2020,19.30,19.40,19.40,1.90 (10.86 %),,200,3860000,0,0,17.50,19.2
16/04/2020,21.40,21.40,21.40,2.10 (10.88 %),,100,2140000,0,0,19.30,21.40
17/04/2020,20.00,20.00,20.00,-1.40 (-6.54 %),,6000,120000000,0,0,21.40,20.0
20/04/2020,20.00,20.00,20.00,0.00 (0.00 %),,0,0,0,0,20.00,20.00
21/04/2020,22.00,22.00,22.00,2.00 (10.00 %),,100,2200000,0,0,20.00,22.0
22/04/2020,22.00,22.00,22.00,0.00 (0.00 %),,0,0,0,0,22.00,22.00
23/04/2020,19.49,19.50,19.50,-2.50 (-11.36 %),,6000,116950000,0,0,22.00,19.5
24/04/2020,19.50,19.50,19.50,0.00 (0.00 %),,0,0,0,0,19.50,19.50
27/04/2020,17.70,17.70,17.70,-1.80 (-9.23 %),,100,1770000,0,0,19.50,17.7
28/04/2020,17.70,17.70,17.70,0.00 (0.00 %),,0,0,0,0,17.70,17.70
29/04/2020,18.96,18.00,18.00,0.30 (1.69 %),,900,17060000,0,0,17.70,20.3
04/05/2020,19.00,19.00,19.00,0.00 (0.00 %),,0,0,0,0,19.00,19.00
05/05/2020,17.20,17.20,17.20,-1.80 (-9.47 %),,100,1720000,0,0,19.00,17.2
06/05/2020,17.20,17.20,17.20,0.00 (0.00 %),,0,0,0,0,17.20,17.20
07/05/2020,18.00,18.00,18.00,0.80 (4.65 %),,700,12600000,0,0,17.20,18.0
08/05/2020,19.14,18.50,18.50,0.50 (2.78 %),,2300,44020000,0,0,18.00,19.30
11/05/2020,19.10,19.10,19.10,0.00 (0.00 %),,1000,19100000,0,0,19.10,19.1
12/05/2020,19.10,19.10,19.10,0.00 (0.00 %),,0,0,0,0,19.10,19.10
13/05/2020,19.16,19.20,19.20,0.10 (0.52 %),,2700,51720000,0,0,19.10,19.1
14/05/2020,19.20,19.20,19.20,0.00 (0.00 %),,0,0,0,0,19.20,19.20
15/05/2020,19.20,19.20,19.20,0.00 (0.00 %),,0,0,0,0,19.20,19.2
18/05/2020,19.20,19.20,19.20,0.00 (0.00 %),,0,0,0,0,19.20,19.20
19/05/2020,19.20,19.20,19.20,0.00 (0.00 %),,0,0,0,0,19.20,19.2
20/05/2020,19.20,19.20,19.20,0.00 (0.00 %),,0,0,0,0,19.20,19.20
21/05/2020,21.77,19.50,19.50,0.30 (1.56 %),,2200,47900000,0,0,19.20,22.0
22/05/2020,21.50,21.50,21.50,-0.30 (-1.38 %),,100,2150000,0,0,21.80,21.50
25/05/2020,20.00,20.00,20.00,-1.50 (-6.98 %),,500,10000000,0,0,21.50,20.0
26/05/2020,20.00,20.00,20.00,0.00 (0.00 %),,0,0,0,0,20.00,20.00
27/05/2020,20.00,20.00,20.00,0.00 (0.00 %),,1300,26000000,0,0,20.00,20.0
28/05/2020,20.00,20.00,20.00,0.00 (0.00 %),,0,0,0,0,20.00,20.00
29/05/2020,20.00,20.00,20.00,0.00 (0.00 %),,0,0,0,0,20.00,20.0
01/06/2020,20.00,20.00,20.00,0.00 (0.00 %),,0,0,0,0,20.00,20.00
02/06/2020,17.66,17.70,17.70,-2.30 (-11.50 %),,5000,88300000,0,0,20.00,17.6
03/06/2020,17.70,17.70,17.70,0.00 (0.00 %),,0,0,0,0,17.70,17.70
04/06/2020,20.30,20.30,20.30,2.60 (14.69 %),,4400,89320000,0,0,17.70,20.3
05/06/2020,20.30,20.30,20.30,0.00 (0.00 %),,0,0,0,0,20.30,20.30
08/06/2020,19.67,19.50,19.50,-0.80 (-3.94 %),,4500,88500000,0,0,20.30,19.8
09/06/2020,19.70,19.70,19.70,0.00 (0.00 %),,0,0,0,0,19.70,19.70
10/06/2020,19.70,19.70,19.70,0.00 (0.00 %),,0,0,0,0,19.70,19.7
11/06/2020,19.70,19.70,19.70,0.00 (0.00 %),,1600,31520000,0,0,19.70,19.70
12/06/2020,19.70,19.70,19.70,0.00 (0.00 %),,0,0,0,0,19.70,19.7
15/06/2020,19.70,19.70,19.70,0.00 (0.00 %),,0,0,0,0,19.70,19.70
16/06/2020,19.00,19.00,19.00,-0.70 (-3.55 %),,3000,57000000,0,0,19.70,19.0
17/06/2020,19.00,19.00,19.00,0.00 (0.00 %),,0,0,0,0,19.00,19.00
18/06/2020,19.00,19.00,19.00,0.00 (0.00 %),,3000,57000000,0,0,19.00,19.0
19/06/2020,19.50,19.50,19.50,0.50 (2.63 %),,2000,39000000,0,0,19.00,19.50
22/06/2020,19.50,19.50,19.50,0.00 (0.00 %),,0,0,0,0,19.50,19.5
23/06/2020,19.50,19.50,19.50,0.00 (0.00 %),,0,0,0,0,19.50,19.50
24/06/2020,19.50,19.50,19.50,0.00 (0.00 %),,0,0,0,0,19.50,19.5
25/06/2020,19.50,19.50,19.50,0.00 (0.00 %),,0,0,0,0,19.50,19.50
26/06/2020,19.50,19.50,19.50,0.00 (0.00 %),,0,0,0,0,19.50,19.5
29/06/2020,19.50,19.50,19.50,0.00 (0.00 %),,0,0,0,0,19.50,19.50
30/06/2020,19.50,19.50,19.50,0.00 (0.00 %),,0,0,0,0,19.50,19.5
01/07/2020,19.50,19.50,19.50,0.00 (0.00 %),,0,0,0,0,19.50,19.50
02/07/2020,19.50,19.50,19.50,0.00 (0.00 %),,0,0,0,0,19.50,19.5
03/07/2020,19.50,19.50,19.50,0.00 (0.00 %),,0,0,0,0,19.50,19.50
06/07/2020,19.22,19.50,19.50,0.00 (0.00 %),,4500,86500000,0,0,19.50,19.0
07/07/2020,19.20,19.20,19.20,0.00 (0.00 %),,0,0,0,0,19.20,19.20
08/07/2020,20.00,20.00,20.00,0.80 (4.17 %),,900,18000000,0,0,19.20,20.0
09/07/2020,20.00,20.00,20.00,0.00 (0.00 %),,1100,22000000,0,0,20.00,20.00
10/07/2020,20.00,20.00,20.00,0.00 (0.00 %),,1000,20000000,0,0,20.00,20.0
13/07/2020,20.00,20.00,20.00,0.00 (0.00 %),,0,0,0,0,20.00,20.00
14/07/2020,20.00,20.00,20.00,0.00 (0.00 %),,0,0,0,0,20.00,20.0
15/07/2020,20.00,20.00,20.00,0.00 (0.00 %),,0,0,0,0,20.00,20.00
16/07/2020,20.00,20.00,20.00,0.00 (0.00 %),,0,0,0,0,20.00,20.0
17/07/2020,20.00,20.00,20.00,0.00 (0.00 %),,0,0,0,0,20.00,20.00
20/07/2020,20.00,20.00,20.00,0.00 (0.00 %),,0,0,0,0,20.00,20.0
21/07/2020,20.00,20.00,20.00,0.00 (0.00 %),,0,0,0,0,20.00,20.00
22/07/2020,20.00,20.00,20.00,0.00 (0.00 %),,0,0,0,0,20.00,20.0
23/07/2020,20.00,20.00,20.00,0.00 (0.00 %),,0,0,0,0,20.00,20.00
24/07/2020,20.00,20.00,20.00,0.00 (0.00 %),,0,0,0,0,20.00,20.0
27/07/2020,20.00,20.00,20.00,0.00 (0.00 %),,0,0,0,0,20.00,20.00
28/07/2020,20.00,20.00,20.00,0.00 (0.00 %),,0,0,0,0,20.00,20.0
29/07/2020,20.00,20.00,20.00,0.00 (0.00 %),,0,0,0,0,20.00,20.00
30/07/2020,20.00,20.00,20.00,0.00 (0.00 %),,0,0,0,0,20.00,20.0
31/07/2020,20.00,20.00,20.00,0.00 (0.00 %),,0,0,0,0,20.00,20.00
03/08/2020,20.00,20.00,20.00,0.00 (0.00 %),,0,0,0,0,20.00,20.0
04/08/2020,19.00,19.00,19.00,-1.00 (-5.00 %),,3000,57000000,0,0,20.00,19.00
05/08/2020,19.00,19.00,19.00,0.00 (0.00 %),,300,5700000,0,0,19.00,19.0
06/08/2020,19.00,19.00,19.00,0.00 (0.00 %),,0,0,0,0,19.00,19.00
07/08/2020,19.00,19.00,19.00,0.00 (0.00 %),,0,0,0,0,19.00,19.0
10/08/2020,19.00,19.00,19.00,0.00 (0.00 %),,0,0,0,0,19.00,19.00
11/08/2020,19.00,19.00,19.00,0.00 (0.00 %),,1800,34200000,0,0,19.00,19.0
12/08/2020,19.00,19.00,19.00,0.00 (0.00 %),,200,3800000,0,0,19.00,19.00
13/08/2020,19.00,19.00,19.00,0.00 (0.00 %),,1000,19000000,0,0,19.00,19.0
14/08/2020,20.00,20.00,20.00,1.00 (5.26 %),,2900,58000000,0,0,19.00,20.00
17/08/2020,20.00,20.00,20.00,0.00 (0.00 %),,0,0,0,0,20.00,20.0
18/08/2020,20.10,20.10,20.10,0.10 (0.50 %),,10030,201570000,0,0,20.00,20.10
19/08/2020,20.80,22.00,22.00,1.90 (9.45 %),,97300,2023850000,0,0,20.10,20.3
20/08/2020,21.51,21.50,21.50,0.70 (3.37 %),,22300,479600000,0,0,20.80,22.00
21/08/2020,22.26,22.00,22.00,0.50 (2.33 %),,5200,115730000,0,0,21.50,22.5
24/08/2020,23.16,24.00,24.00,1.70 (7.62 %),,26880,622270000,0,0,22.30,22.30
25/08/2020,24.79,25.00,25.00,1.80 (7.76 %),,56430,1399040000,0,0,23.20,24.3
26/08/2020,24.33,24.00,24.00,-0.80 (-3.23 %),,3000,73000000,0,0,24.80,25.00
27/08/2020,22.50,22.50,22.50,-1.80 (-7.41 %),,1500,33750000,0,0,24.30,22.5
28/08/2020,23.17,23.50,23.50,1.00 (4.44 %),,5610,130000000,0,0,22.50,25.00
31/08/2020,22.15,22.00,22.00,-1.20 (-5.17 %),,3400,75300000,0,0,23.20,23.0
01/09/2020,23.50,23.50,23.50,1.40 (6.33 %),,2015,47331500,0,0,22.10,23.50
03/09/2020,23.00,23.00,23.00,-0.50 (-2.13 %),,3400,78200000,0,0,23.50,23.0
04/09/2020,23.00,23.00,23.00,0.00 (0.00 %),,5500,126500000,0,0,23.00,23.00
07/09/2020,23.59,24.00,24.00,1.00 (4.35 %),,11493,270873000,0,0,23.00,23.0
08/09/2020,23.50,23.50,23.50,-0.10 (-0.42 %),,200,4700000,0,0,23.60,23.50
09/09/2020,23.94,24.00,24.00,0.50 (2.13 %),,10800,258600000,0,0,23.50,23.5
10/09/2020,25.54,25.40,25.40,1.50 (6.28 %),,23193,592307000,0,0,23.90,25.50
11/09/2020,25.09,25.00,25.00,-0.50 (-1.96 %),,2000,50180000,0,0,25.50,25.4
14/09/2020,26.60,26.60,26.60,1.50 (5.98 %),,100,2660000,0,0,25.10,26.60
15/09/2020,25.00,25.00,25.00,-1.60 (-6.02 %),,2001,50025500,0,0,26.60,25.0
16/09/2020,25.20,25.30,25.30,0.30 (1.20 %),,2400,60480000,0,0,25.00,25.00
17/09/2020,25.00,25.00,25.00,-0.20 (-0.79 %),,500,12500000,0,0,25.20,25.0
18/09/2020,25.00,25.00,25.00,0.00 (0.00 %),,1392,34708000,0,0,25.00,25.00
21/09/2020,25.00,25.00,25.00,0.00 (0.00 %),,4400,110000000,0,0,25.00,25.0
22/09/2020,25.00,25.00,25.00,0.00 (0.00 %),,0,0,0,0,25.00,25.00
23/09/2020,25.00,25.00,25.00,0.00 (0.00 %),,0,0,0,0,25.00,25.0
24/09/2020,25.00,25.00,25.00,0.00 (0.00 %),,0,0,0,0,25.00,25.00
25/09/2020,26.50,26.50,26.50,1.50 (6.00 %),,110,2900000,0,0,25.00,26.5
28/09/2020,23.23,24.00,24.00,-2.50 (-9.43 %),,700,16260000,0,0,26.50,23.10
29/09/2020,25.00,25.00,25.00,1.80 (7.76 %),,100,2500000,0,0,23.20,25.0
30/09/2020,23.06,23.50,23.50,-1.50 (-6.00 %),,3900,89950000,0,0,25.00,23.00
01/10/2020,24.40,24.40,24.40,1.30 (5.63 %),,100,2440000,0,0,23.10,24.4
02/10/2020,24.00,24.00,24.00,-0.40 (-1.64 %),,100,2400000,0,0,24.40,24.00
05/10/2020,24.90,24.90,24.90,0.90 (3.75 %),,100,2490000,0,0,24.00,24.9
06/10/2020,26.50,26.50,26.50,1.60 (6.43 %),,100,2650000,0,0,24.90,26.50
07/10/2020,24.00,24.00,24.00,-2.50 (-9.43 %),,700,16800000,0,0,26.50,24.0
08/10/2020,25.00,25.00,25.00,1.00 (4.17 %),,100,2500000,0,0,24.00,25.00
09/10/2020,25.01,25.00,25.00,0.00 (0.00 %),,2600,65020000,0,0,25.00,25.2
12/10/2020,24.00,24.00,24.00,-1.00 (-4.00 %),,1300,31200000,0,0,25.00,24.00
13/10/2020,24.90,24.90,24.90,0.90 (3.75 %),,100,2490000,0,0,24.00,24.9
14/10/2020,25.00,25.00,25.00,0.10 (0.40 %),,100,2500000,0,0,24.90,25.00
15/10/2020,25.00,25.00,25.00,0.00 (0.00 %),,10,240000,0,0,25.00,25.0
16/10/2020,23.00,23.00,23.00,-2.00 (-8.00 %),,5000,115000000,0,0,25.00,23.00
19/10/2020,23.81,23.80,23.80,0.80 (3.48 %),,1400,33330000,0,0,23.00,23.9
20/10/2020,24.50,24.50,24.50,0.70 (2.94 %),,100,2450000,0,0,23.80,24.50
21/10/2020,24.50,24.50,24.50,0.00 (0.00 %),,0,0,0,0,24.50,24.5
22/10/2020,24.50,24.50,24.50,0.00 (0.00 %),,0,0,0,0,24.50,24.50
23/10/2020,21.98,24.40,24.40,-0.10 (-0.41 %),,6400,140680000,0,0,24.50,21.6
26/10/2020,22.00,22.00,22.00,0.00 (0.00 %),,1000,22000000,0,0,22.00,22.00
27/10/2020,22.96,23.00,23.00,1.00 (4.55 %),,1100,25250000,0,0,22.00,22.5
28/10/2020,23.00,23.00,23.00,0.00 (0.00 %),,3300,75900000,0,0,23.00,23.00
29/10/2020,23.00,23.00,23.00,0.00 (0.00 %),,0,0,0,0,23.00,23.0
30/10/2020,23.04,23.00,23.00,0.00 (0.00 %),,3700,85230000,0,0,23.00,24.30
02/11/2020,23.00,23.00,23.00,0.00 (0.00 %),,0,0,0,0,23.00,23.0
03/11/2020,24.40,24.40,24.40,1.40 (6.09 %),,100,2440000,0,0,23.00,24.40
04/11/2020,24.40,24.40,24.40,0.00 (0.00 %),,28,647000,0,0,24.40,24.4
05/11/2020,24.40,24.40,24.40,0.00 (0.00 %),,0,0,0,0,24.40,24.40
06/11/2020,24.40,24.40,24.40,0.00 (0.00 %),,0,0,0,0,24.40,24.4
09/11/2020,25.30,25.30,25.30,0.90 (3.69 %),,100,2530000,0,0,24.40,25.30
10/11/2020,25.30,25.30,25.30,0.00 (0.00 %),,0,0,0,0,25.30,25.3
11/11/2020,25.30,25.30,25.30,0.00 (0.00 %),,0,0,0,0,25.30,25.30
12/11/2020,25.30,25.30,25.30,0.00 (0.00 %),,0,0,0,0,25.30,25.3
13/11/2020,28.90,28.90,28.90,3.60 (14.23 %),,100,2890000,0,0,25.30,28.90
16/11/2020,28.90,28.90,28.90,0.00 (0.00 %),,0,0,0,0,28.90,28.9
17/11/2020,24.60,24.60,24.60,-4.30 (-14.88 %),,300,7380000,0,0,28.90,24.60
18/11/2020,22.33,22.00,22.00,-2.60 (-10.57 %),,300,6700000,0,0,24.60,23.0
19/11/2020,23.13,24.00,24.00,1.70 (7.62 %),,2800,64750000,0,0,22.30,25.50
20/11/2020,22.47,22.30,22.30,-0.80 (-3.46 %),,326,7338000,0,0,23.10,22.0
24/11/2020,22.00,22.00,22.00,-0.70 (-3.08 %),,900,19800000,0,0,22.70,22.00
25/11/2020,24.00,23.00,23.00,1.00 (4.55 %),,300,7200000,0,0,22.00,24.0
26/11/2020,24.00,24.00,24.00,0.00 (0.00 %),,0,0,0,0,24.00,24.00
30/11/2020,23.10,23.10,23.10,0.00 (0.00 %),,0,0,0,0,23.10,23.1
01/12/2020,20.80,20.80,20.80,-2.30 (-9.96 %),,100,2080000,0,0,23.10,20.80
02/12/2020,20.80,20.80,20.80,0.00 (0.00 %),,0,0,0,0,20.80,20.8
03/12/2020,23.20,23.20,23.20,2.40 (11.54 %),,3000,69600000,0,0,20.80,23.20
04/12/2020,23.20,23.20,23.20,0.00 (0.00 %),,0,0,0,0,23.20,23.2
07/12/2020,23.20,23.20,23.20,0.00 (0.00 %),,0,0,0,0,23.20,23.20
08/12/2020,23.20,23.20,23.20,0.00 (0.00 %),,0,0,0,0,23.20,23.2
09/12/2020,23.20,23.20,23.20,0.00 (0.00 %),,1100,25210000,0,0,23.20,20.10
10/12/2020,22.90,22.90,22.90,0.00 (0.00 %),,3000,68700000,0,0,22.90,22.9
11/12/2020,22.90,22.90,22.90,0.00 (0.00 %),,0,0,0,0,22.90,22.90
14/12/2020,22.90,22.90,22.90,0.00 (0.00 %),,0,0,0,0,22.90,22.9
15/12/2020,22.90,22.90,22.90,0.00 (0.00 %),,0,0,0,0,22.90,22.90
16/12/2020,22.90,22.90,22.90,0.00 (0.00 %),,0,0,0,0,22.90,22.9
17/12/2020,22.50,22.50,22.50,-0.40 (-1.75 %),,3600,81840000,0,0,22.90,23.90
18/12/2020,26.10,26.10,26.10,3.40 (14.98 %),,100,2610000,0,0,22.70,26.1
21/12/2020,29.80,29.80,29.80,3.70 (14.18 %),,100,2980000,0,0,26.10,29.80
22/12/2020,29.80,29.80,29.80,0.00 (0.00 %),,0,0,0,0,29.80,29.8
23/12/2020,29.80,29.80,29.80,0.00 (0.00 %),,0,0,0,0,29.80,29.80
24/12/2020,29.80,29.80,29.80,0.00 (0.00 %),,0,0,0,0,29.80,29.8
25/12/2020,29.80,29.80,29.80,0.00 (0.00 %),,0,0,0,0,29.80,29.80
28/12/2020,29.80,29.80,29.80,0.00 (0.00 %),,0,0,0,0,29.80,29.8
29/12/2020,25.40,25.40,25.40,-4.40 (-14.77 %),,200,5930000,0,0,29.80,33.90
30/12/2020,29.70,29.70,29.70,0.00 (0.00 %),,0,0,0,0,29.70,29.7
31/12/2020,25.30,25.30,25.30,-4.40 (-14.81 %),,100,2530000,0,0,29.70,25.30
04/01/2021,21.70,21.70,21.70,-3.60 (-14.23 %),,11900,259410000,0,0,25.30,21.8
05/01/2021,21.70,21.70,21.70,-0.10 (-0.46 %),,7000,152000000,0,0,21.80,21.80
06/01/2021,24.90,24.90,24.90,3.20 (14.75 %),,100,2490000,0,0,21.70,24.9
07/01/2021,22.10,22.10,22.10,-2.80 (-11.24 %),,1026,22651200,0,0,24.90,22.10
08/01/2021,22.10,22.10,22.10,0.00 (0.00 %),,4200,92700000,0,0,22.10,22.1
11/01/2021,22.10,22.10,22.10,0.00 (0.00 %),,0,0,0,0,22.10,22.10
12/01/2021,22.10,22.10,22.10,0.00 (0.00 %),,1500,33150000,0,0,22.10,22.1
13/01/2021,22.10,22.10,22.10,0.00 (0.00 %),,300,6630000,0,0,22.10,22.10
14/01/2021,22.10,22.10,22.10,0.00 (0.00 %),,1000,22100000,0,0,22.10,22.1
15/01/2021,22.50,22.50,22.50,0.40 (1.81 %),,500,11250000,0,0,22.10,22.50
18/01/2021,23.00,23.00,23.00,0.50 (2.22 %),,2400,54930000,0,0,22.50,22.8
19/01/2021,22.90,22.90,22.90,0.00 (0.00 %),,0,0,0,0,22.90,22.90
20/01/2021,22.90,22.90,22.90,0.00 (0.00 %),,0,0,0,0,22.90,22.9
21/01/2021,24.00,24.00,24.00,1.10 (4.80 %),,100,2400000,0,0,22.90,24.00
22/01/2021,24.00,24.00,24.00,0.00 (0.00 %),,0,0,0,0,24.00,24.0
25/01/2021,23.90,23.90,23.90,-0.10 (-0.42 %),,3000,71700000,0,0,24.00,23.90
26/01/2021,23.90,23.90,23.90,0.00 (0.00 %),,0,0,0,0,23.90,23.9
27/01/2021,23.90,23.90,23.90,0.00 (0.00 %),,0,0,0,0,23.90,23.90
28/01/2021,23.90,23.90,23.90,0.00 (0.00 %),,0,0,0,0,23.90,23.9
29/01/2021,23.80,23.80,23.80,-0.10 (-0.42 %),,1000,23530000,0,0,23.90,23.50
01/02/2021,23.50,23.50,23.50,0.00 (0.00 %),,0,0,0,0,23.50,23.5
02/02/2021,21.10,21.10,21.10,-2.40 (-10.21 %),,1300,27340000,0,0,23.50,21.00
03/02/2021,22.00,22.00,22.00,1.00 (4.76 %),,1700,37400000,0,0,21.00,22.0
04/02/2021,22.00,22.00,22.00,0.00 (0.00 %),,0,0,0,0,22.00,22.00
05/02/2021,22.00,22.00,22.00,0.00 (0.00 %),,0,0,0,0,22.00,22.0
17/02/2021,22.00,22.00,22.00,0.00 (0.00 %),,0,0,0,0,22.00,22.00
18/02/2021,22.00,22.00,22.00,0.00 (0.00 %),,0,0,0,0,22.00,22.0
19/02/2021,22.00,22.00,22.00,0.00 (0.00 %),,0,0,0,0,22.00,22.00
22/02/2021,23.00,23.00,23.00,1.00 (4.55 %),,400,9200000,0,0,22.00,23.0
23/02/2021,23.00,23.00,23.00,0.00 (0.00 %),,0,0,0,0,23.00,23.00
24/02/2021,23.00,23.00,23.00,0.00 (0.00 %),,0,0,0,0,23.00,23.0
25/02/2021,23.00,23.00,23.00,0.00 (0.00 %),,0,0,0,0,23.00,23.00
26/02/2021,23.00,23.00,23.00,0.00 (0.00 %),,0,0,0,0,23.00,23.0
01/03/2021,23.00,23.00,23.00,0.00 (0.00 %),,0,0,0,0,23.00,23.00
02/03/2021,23.00,23.00,23.00,0.00 (0.00 %),,0,0,0,0,23.00,23.0
03/03/2021,23.00,23.00,23.00,0.00 (0.00 %),,0,0,0,0,23.00,23.00
04/03/2021,23.00,23.00,23.00,0.00 (0.00 %),,0,0,0,0,23.00,23.0
05/03/2021,23.00,23.00,23.00,0.00 (0.00 %),,0,0,0,0,23.00,23.00
09/03/2021,21.00,21.00,21.00,-2.00 (-8.70 %),,2000,41000000,0,0,23.00,20.0
10/03/2021,22.00,22.00,22.00,1.50 (7.32 %),,1000,22000000,0,0,20.50,22.00
11/03/2021,22.50,22.50,22.50,0.50 (2.27 %),,100,2250000,0,0,22.00,22.5
12/03/2021,22.50,22.50,22.50,0.00 (0.00 %),,0,0,0,0,22.50,22.50
15/03/2021,22.50,22.50,22.50,0.00 (0.00 %),,0,0,0,0,22.50,22.5
16/03/2021,22.00,22.00,22.00,-0.50 (-2.22 %),,1800,39600000,0,0,22.50,22.00
17/03/2021,21.50,21.50,21.50,-0.50 (-2.27 %),,2100,44150000,0,0,22.00,21.0
18/03/2021,21.50,21.50,21.50,0.50 (2.38 %),,1000,21500000,0,0,21.00,21.50
19/03/2021,21.50,21.50,21.50,0.00 (0.00 %),,0,0,0,0,21.50,21.5
22/03/2021,21.50,21.50,21.50,0.00 (0.00 %),,0,0,0,0,21.50,21.50
23/03/2021,22.00,22.00,22.00,0.50 (2.33 %),,6100,134500000,0,0,21.50,22.0
24/03/2021,22.10,22.10,22.10,0.10 (0.45 %),,7300,160710000,0,0,22.00,22.00
25/03/2021,22.00,22.00,22.00,0.00 (0.00 %),,0,0,0,0,22.00,22.0
26/03/2021,22.00,22.00,22.00,0.00 (0.00 %),,0,0,0,0,22.00,22.00
29/03/2021,22.10,22.10,22.10,0.10 (0.45 %),,1300,28700000,0,0,22.00,22.0
30/03/2021,23.00,23.00,23.00,0.90 (4.07 %),,2000,46000000,0,0,22.10,23.00
31/03/2021,22.50,22.50,22.50,-0.50 (-2.17 %),,100,2250000,0,0,23.00,22.5
01/04/2021,22.90,22.90,22.90,0.40 (1.78 %),,5500,122370000,0,0,22.50,22.10
02/04/2021,22.20,22.20,22.20,0.00 (0.00 %),,10,229000,0,0,22.20,22.2
05/04/2021,22.50,22.50,22.50,0.30 (1.35 %),,116,2605200,0,0,22.20,22.50
06/04/2021,22.80,22.80,22.80,0.30 (1.33 %),,200,4560000,0,0,22.50,22.8
07/04/2021,25.00,25.00,25.00,2.20 (9.65 %),,3500,85200000,0,0,22.80,23.40
08/04/2021,22.30,22.30,22.30,-2.00 (-8.23 %),,11400,284540000,0,0,24.30,24.8
12/04/2021,25.00,25.00,25.00,0.00 (0.00 %),,0,0,0,0,25.00,25.00
13/04/2021,25.00,25.00,25.00,0.00 (0.00 %),,0,0,0,0,25.00,25.0
14/04/2021,25.00,25.00,25.00,0.00 (0.00 %),,15200,379830000,0,0,25.00,25.00
15/04/2021,25.00,25.00,25.00,0.00 (0.00 %),,7000,174800000,0,0,25.00,24.9
16/04/2021,25.00,25.00,25.00,0.00 (0.00 %),,0,0,0,0,25.00,25.00
19/04/2021,25.00,25.00,25.00,0.00 (0.00 %),,0,0,0,0,25.00,25.0
20/04/2021,22.10,22.10,22.10,-2.90 (-11.60 %),,100,2210000,0,0,25.00,22.10
22/04/2021,23.90,23.90,23.90,1.80 (8.14 %),,500,11950000,0,0,22.10,23.9
23/04/2021,23.90,23.90,23.90,0.00 (0.00 %),,0,0,0,0,23.90,23.90
26/04/2021,23.90,23.90,23.90,0.00 (0.00 %),,0,0,0,0,23.90,23.9
27/04/2021,23.90,23.90,23.90,0.00 (0.00 %),,0,0,0,0,23.90,23.90
28/04/2021,25.30,25.30,25.30,1.40 (5.86 %),,200,4600000,0,0,23.90,20.7
29/04/2021,23.00,23.00,23.00,0.00 (0.00 %),,200,4510000,0,0,23.00,22.10
04/05/2021,22.60,22.60,22.60,0.00 (0.00 %),,0,0,0,0,22.60,22.6
05/05/2021,21.80,21.80,21.80,-0.80 (-3.54 %),,300,6830000,0,0,22.60,21.20
06/05/2021,20.30,20.30,20.30,-2.50 (-10.96 %),,100,2030000,0,0,22.80,20.3
07/05/2021,20.30,20.30,20.30,0.00 (0.00 %),,0,0,0,0,20.30,20.30
10/05/2021,20.30,20.30,20.30,0.00 (0.00 %),,0,0,0,0,20.30,20.3
11/05/2021,20.30,20.30,20.30,0.00 (0.00 %),,0,0,0,0,20.30,20.30
12/05/2021,20.30,20.30,20.30,0.00 (0.00 %),,0,0,0,0,20.30,20.3
13/05/2021,20.30,20.30,20.30,0.00 (0.00 %),,0,0,0,0,20.30,20.30
14/05/2021,20.30,20.30,20.30,0.00 (0.00 %),,0,0,0,0,20.30,20.3
17/05/2021,20.30,20.30,20.30,0.00 (0.00 %),,0,0,0,0,20.30,20.30
18/05/2021,23.00,23.00,23.00,2.70 (13.30 %),,100,2300000,0,0,20.30,23.0
19/05/2021,23.00,23.00,23.00,0.00 (0.00 %),,0,0,0,0,23.00,23.00
20/05/2021,23.00,23.00,23.00,0.00 (0.00 %),,0,0,0,0,23.00,23.0
21/05/2021,23.00,23.00,23.00,0.00 (0.00 %),,0,0,0,0,23.00,23.00
24/05/2021,23.00,23.00,23.00,0.00 (0.00 %),,0,0,0,0,23.00,23.0
25/05/2021,23.00,23.00,23.00,0.00 (0.00 %),,0,0,0,0,23.00,23.00
26/05/2021,23.00,23.00,23.00,0.00 (0.00 %),,0,0,0,0,23.00,23.0
27/05/2021,23.00,23.00,23.00,0.00 (0.00 %),,0,0,0,0,23.00,23.00
28/05/2021,23.00,23.00,23.00,0.00 (0.00 %),,0,0,0,0,23.00,23.0
31/05/2021,23.00,23.00,23.00,0.00 (0.00 %),,0,0,0,0,23.00,23.00
01/06/2021,23.00,23.00,23.00,0.00 (0.00 %),,0,0,0,0,23.00,23.0
02/06/2021,23.00,23.00,23.00,0.00 (0.00 %),,0,0,0,0,23.00,23.00
03/06/2021,23.00,23.00,23.00,0.00 (0.00 %),,0,0,0,0,23.00,23.0
04/06/2021,23.00,23.00,23.00,0.00 (0.00 %),,0,0,0,0,23.00,23.00
07/06/2021,23.00,23.00,23.00,0.00 (0.00 %),,0,0,0,0,23.00,23.0
08/06/2021,23.00,23.00,23.00,0.00 (0.00 %),,0,0,0,0,23.00,23.00
09/06/2021,23.00,23.00,23.00,0.00 (0.00 %),,100,2300000,0,0,23.00,23.0
10/06/2021,22.50,22.50,22.50,-0.50 (-2.17 %),,1000,22500000,0,0,23.00,22.50
11/06/2021,22.50,22.50,22.50,0.00 (0.00 %),,0,0,0,0,22.50,22.5
14/06/2021,24.00,24.00,24.00,1.50 (6.67 %),,500,12000000,0,0,22.50,24.00
15/06/2021,24.00,24.00,24.00,0.00 (0.00 %),,0,0,0,0,24.00,24.0
16/06/2021,24.00,24.00,24.00,0.00 (0.00 %),,0,0,0,0,24.00,24.00
17/06/2021,24.00,24.00,24.00,0.00 (0.00 %),,0,0,0,0,24.00,24.0
18/06/2021,24.00,24.00,24.00,0.00 (0.00 %),,0,0,0,0,24.00,24.00
21/06/2021,24.00,24.00,24.00,0.00 (0.00 %),,0,0,0,0,24.00,24.0
22/06/2021,24.00,24.00,24.00,0.00 (0.00 %),,0,0,0,0,24.00,24.00
23/06/2021,24.00,24.00,24.00,0.00 (0.00 %),,0,0,0,0,24.00,24.0
24/06/2021,24.00,24.00,24.00,0.00 (0.00 %),,0,0,0,0,24.00,24.00
25/06/2021,23.00,23.00,23.00,-1.00 (-4.17 %),,100,2300000,0,0,24.00,23.0
28/06/2021,20.10,20.10,20.10,-2.90 (-12.61 %),,100,2010000,0,0,23.00,20.10
29/06/2021,20.40,20.40,20.40,0.30 (1.49 %),,6000,122960000,0,0,20.10,20.6
30/06/2021,20.50,20.50,20.50,0.00 (0.00 %),,0,0,0,0,20.50,20.50
01/07/2021,20.50,20.50,20.50,0.00 (0.00 %),,0,0,0,0,20.50,20.5
02/07/2021,20.50,20.50,20.50,0.00 (0.00 %),,0,0,0,0,20.50,20.50
05/07/2021,20.10,20.10,20.10,-0.40 (-1.95 %),,3800,76380000,0,0,20.50,20.1
06/07/2021,20.80,20.80,20.80,0.70 (3.48 %),,3700,81610000,0,0,20.10,22.00
07/07/2021,25.00,25.00,25.00,2.90 (13.12 %),,100,2500000,0,0,22.10,25.0
08/07/2021,25.00,25.00,25.00,0.00 (0.00 %),,0,0,0,0,25.00,25.00
09/07/2021,25.00,25.00,25.00,0.00 (0.00 %),,0,0,0,0,25.00,25.0
12/07/2021,22.50,22.50,22.50,-2.50 (-10.00 %),,1000,22500000,0,0,25.00,22.50
13/07/2021,22.40,22.40,22.40,-0.10 (-0.44 %),,200,4480000,0,0,22.50,22.4
14/07/2021,22.40,22.40,22.40,0.00 (0.00 %),,0,0,0,0,22.40,22.40
15/07/2021,22.40,22.40,22.40,0.00 (0.00 %),,0,0,0,0,22.40,22.4
16/07/2021,22.40,22.40,22.40,0.00 (0.00 %),,0,0,0,0,22.40,22.40
19/07/2021,22.40,22.40,22.40,0.00 (0.00 %),,0,0,0,0,22.40,22.4
20/07/2021,22.40,22.40,22.40,0.00 (0.00 %),,0,0,0,0,22.40,22.40
21/07/2021,22.40,22.40,22.40,0.00 (0.00 %),,0,0,0,0,22.40,22.4
22/07/2021,22.40,22.40,22.40,0.00 (0.00 %),,0,0,0,0,22.40,22.40
23/07/2021,22.00,22.00,22.00,-0.40 (-1.79 %),,2100,46200000,0,0,22.40,22.0
26/07/2021,22.00,22.00,22.00,0.00 (0.00 %),,100,2200000,0,0,22.00,22.00
27/07/2021,22.00,22.00,22.00,0.00 (0.00 %),,2100,46200000,0,0,22.00,22.0
28/07/2021,22.00,22.00,22.00,0.00 (0.00 %),,0,0,0,0,22.00,22.00
29/07/2021,22.00,22.00,22.00,0.00 (0.00 %),,1000,22000000,0,0,22.00,22.0
30/07/2021,22.00,22.00,22.00,0.00 (0.00 %),,1000,22000000,0,0,22.00,22.00
02/08/2021,22.00,22.00,22.00,0.00 (0.00 %),,0,0,0,0,22.00,22.0
03/08/2021,22.00,22.00,22.00,0.00 (0.00 %),,0,0,0,0,22.00,22.00
04/08/2021,22.00,22.00,22.00,0.00 (0.00 %),,0,0,0,0,22.00,22.0
05/08/2021,22.00,22.00,22.00,0.00 (0.00 %),,0,0,0,0,22.00,22.00
06/08/2021,23.10,23.10,23.10,1.10 (5.00 %),,7200,165800000,0,0,22.00,23.0
09/08/2021,24.90,24.90,24.90,1.90 (8.26 %),,17800,444110000,0,0,23.00,24.00
10/08/2021,24.50,24.50,24.50,-0.50 (-2.00 %),,1900,47110000,0,0,25.00,24.9
11/08/2021,24.80,24.80,24.80,0.00 (0.00 %),,0,0,0,0,24.80,24.80
12/08/2021,24.80,24.80,24.80,0.00 (0.00 %),,9800,242940000,0,0,24.80,25.0
13/08/2021,25.00,25.00,25.00,0.20 (0.81 %),,19600,489970000,0,0,24.80,24.80
16/08/2021,25.00,25.00,25.00,0.00 (0.00 %),,32727,818048000,0,0,25.00,25.0
17/08/2021,25.00,25.00,25.00,0.00 (0.00 %),,3500,87500000,0,0,25.00,25.00
18/08/2021,27.50,27.50,27.50,2.50 (10.00 %),,91382,2326935000,0,0,25.00,25.0
19/08/2021,27.50,27.50,27.50,2.00 (7.84 %),,63200,1737780000,0,0,25.50,27.80
20/08/2021,27.50,27.50,27.50,0.00 (0.00 %),,12000,328610000,0,0,27.50,27.1
23/08/2021,25.80,25.80,25.80,-1.60 (-5.84 %),,6700,177230000,0,0,27.40,27.30
24/08/2021,26.50,26.50,26.50,0.00 (0.00 %),,5400,143300000,0,0,26.50,26.6
25/08/2021,26.50,26.50,26.50,0.00 (0.00 %),,2100,55530000,0,0,26.50,25.30
26/08/2021,26.90,26.90,26.90,0.50 (1.89 %),,3800,100370000,0,0,26.40,26.5
27/08/2021,27.00,27.00,27.00,0.60 (2.27 %),,13300,353060000,0,0,26.40,26.40
30/08/2021,26.60,26.60,26.60,0.10 (0.38 %),,17300,462690000,0,0,26.50,26.6
31/08/2021,26.70,26.70,26.70,0.00 (0.00 %),,11700,314150000,0,0,26.70,22.70
01/09/2021,26.10,26.10,26.10,-0.80 (-2.97 %),,20700,541920000,0,0,26.90,23.1
06/09/2021,27.30,27.30,27.30,1.10 (4.20 %),,7500,201230000,0,0,26.20,27.00
07/09/2021,26.80,26.80,26.80,0.00 (0.00 %),,25300,676200000,0,0,26.80,27.5
08/09/2021,26.10,26.10,26.10,-0.60 (-2.25 %),,35500,922260000,0,0,26.70,26.00
09/09/2021,26.70,26.70,26.70,0.70 (2.69 %),,5600,149820000,0,0,26.00,26.8
10/09/2021,26.60,26.60,26.60,-0.20 (-0.75 %),,76400,2054850000,0,0,26.80,26.90
